# NASA POWER daily point,lat=-0.79355,lon=100.28917,grid_elev_m=81.29,period=19960101-20260131
DATE,PRECTOTCORR,ALLSKY_SFC_SW_DWN,ALLSKY_SFC_SW_DNI,ALLSKY_SFC_SW_DIFF,ALLSKY_KT,T2M,T2M_MAX,T2M_MIN,RH2M,WS10M,WS10M_MAX,WS2M,PS
19960101,7.25,4.163,-999.0,3.744,-999.0,26.73,27.48,26.06,78.76,2.21,4.81,1.99,100.22
19960102,4.11,4.3171,-999.0,3.9672,-999.0,25.96,26.99,25.55,77.81,1.73,3.76,1.51,100.27
19960103,6.45,4.325,-999.0,3.5448,-999.0,26.36,27.16,25.62,79.84,1.64,2.97,1.5,100.21
19960104,6.65,3.5765,-999.0,3.2208,-999.0,25.29,26.16,24.96,83.27,1.88,3.69,1.68,100.09
19960105,21.62,4.0464,-999.0,3.6576,-999.0,26.15,27.14,25.08,80.04,2.09,3.77,1.83,100.0
19960106,4.65,3.7222,-999.0,3.4944,-999.0,26.15,26.82,25.81,82.41,2.35,3.75,2.08,100.01
19960107,7.75,4.3985,-999.0,4.1256,-999.0,26.4,27.08,25.71,81.58,1.72,2.94,1.55,100.06
19960108,1.83,4.3356,-999.0,3.6936,-999.0,26.65,27.66,25.29,78.72,1.77,2.86,1.62,100.12
19960109,22.98,4.2425,-999.0,3.348,-999.0,27.26,28.22,26.51,75.44,1.76,3.89,1.58,100.07
19960110,50.69,3.2599,-999.0,2.8776,-999.0,25.85,26.71,25.22,87.44,3.77,5.45,3.33,100.09
19960111,3.87,4.2456,-999.0,4.092,-999.0,25.99,26.84,24.97,77.37,2.16,4.31,1.95,100.1
19960112,0.96,4.5118,-999.0,4.0896,-999.0,27.33,27.87,26.5,77.57,2.31,3.21,2.11,99.96
19960113,0.76,4.2914,-999.0,4.1112,-999.0,27.12,27.96,25.97,81.16,1.63,2.7,1.53,99.97
19960114,0.33,5.2795,-999.0,4.6176,-999.0,27.54,28.87,26.24,74.16,1.78,2.78,1.64,99.91
19960115,1.0,5.2898,-999.0,4.0872,-999.0,27.32,28.36,26.37,76.28,2.12,3.83,1.92,99.95
19960116,2.8,5.9354,-999.0,3.9072,-999.0,27.42,28.78,25.85,74.98,2.53,3.61,2.25,100.01
19960117,9.74,6.5606,-999.0,2.8752,-999.0,27.46,28.56,26.26,71.54,1.43,2.52,1.33,100.03
19960118,30.35,5.5255,-999.0,4.5072,-999.0,26.5,27.3,25.84,78.55,1.89,2.96,1.69,100.06
19960119,42.28,4.6433,-999.0,4.4232,-999.0,26.03,26.51,25.51,86.2,3.31,4.81,2.94,99.93
19960120,55.41,3.6197,-999.0,3.3024,-999.0,25.5,26.21,24.97,88.01,2.74,6.53,2.38,99.87
19960121,37.03,3.1987,-999.0,2.7,-999.0,26.22,26.65,25.63,85.6,5.21,6.29,4.46,99.91
19960122,7.84,4.3735,-999.0,3.504,-999.0,25.58,26.02,24.88,87.17,4.37,5.89,3.79,100.0
19960123,1.42,5.1497,-999.0,4.5576,-999.0,25.87,27.22,24.39,80.6,2.26,3.3,2.01,100.04
19960124,1.71,5.8481,-999.0,3.216,-999.0,26.77,27.78,25.57,75.32,1.77,3.3,1.57,99.93
19960125,0.29,5.9587,-999.0,3.6528,-999.0,26.84,27.37,26.44,76.35,2.01,2.93,1.8,99.89
19960126,2.87,5.9114,-999.0,3.2064,-999.0,26.57,27.14,26.02,82.78,3.65,5.09,3.19,99.87
19960127,3.92,4.6459,-999.0,3.7704,-999.0,26.77,27.44,25.95,79.39,2.11,2.96,1.88,99.91
19960128,0.63,4.8494,-999.0,3.828,-999.0,27.58,28.43,26.74,73.54,1.74,3.18,1.56,99.95
19960129,4.54,4.494,-999.0,4.3248,-999.0,26.91,27.66,25.93,82.03,3.35,4.47,2.94,99.93
19960130,5.63,4.0116,-999.0,3.5784,-999.0,26.08,26.75,25.37,85.12,3.06,3.96,2.71,99.92
19960131,4.74,4.3598,-999.0,4.4304,-999.0,26.98,27.75,26.34,79.75,2.51,3.32,2.26,99.86
19960201,5.42,4.0901,-999.0,4.0992,-999.0,26.87,27.56,26.16,83.46,3.31,5.25,2.92,99.79
19960202,15.16,3.5066,-999.0,3.2784,-999.0,25.89,26.41,25.52,86.39,1.74,4.75,1.57,99.85
19960203,20.0,3.9986,-999.0,3.8952,-999.0,26.41,26.84,25.87,87.06,3.27,4.88,2.9,99.79
19960204,16.41,4.0709,-999.0,4.1448,-999.0,26.6,27.16,26.06,84.16,3.41,5.25,3.01,99.82
19960205,8.16,3.8388,-999.0,3.6648,-999.0,26.77,27.62,25.98,85.14,3.91,6.98,3.44,99.82
19960206,10.12,3.1963,-999.0,2.856,-999.0,27.17,27.9,26.57,83.11,4.24,7.75,3.66,99.9
19960207,4.94,3.6108,-999.0,3.3912,-999.0,26.94,27.64,26.55,82.16,2.17,4.16,1.93,99.95
19960208,4.51,3.7469,-999.0,3.3384,-999.0,27.17,28.06,26.28,79.11,1.28,2.48,1.13,99.99
19960209,3.77,4.9812,-999.0,3.624,-999.0,28.11,28.98,26.91,73.65,1.58,3.55,1.33,99.98
19960210,1.57,5.1665,-999.0,3.5112,-999.0,28.38,29.9,27.24,73.4,4.12,6.37,3.49,99.96
19960211,4.42,5.3556,-999.0,5.1816,-999.0,27.87,29.32,26.93,75.17,3.96,5.22,3.46,100.01
19960212,3.29,5.3681,-999.0,4.752,-999.0,26.97,27.77,26.14,84.05,3.33,5.75,2.94,99.95
19960213,3.05,4.141,-999.0,4.0104,-999.0,27.02,27.33,26.53,84.62,3.87,5.59,3.41,99.88
19960214,0.56,5.6825,-999.0,4.6992,-999.0,27.1,27.6,26.68,76.87,1.44,2.81,1.26,99.88
19960215,0.62,5.4202,-999.0,4.3344,-999.0,27.21,27.76,26.83,76.63,1.59,2.21,1.4,99.87
19960216,1.66,5.4886,-999.0,4.2144,-999.0,26.77,27.13,26.52,82.16,2.58,4.03,2.27,99.79
19960217,15.21,5.4864,-999.0,3.9432,-999.0,27.18,28.1,26.58,85.03,4.31,5.29,3.71,99.79
19960218,15.66,3.8563,-999.0,3.1776,-999.0,25.87,26.62,24.88,83.73,3.35,6.77,2.92,100.04
19960219,4.16,4.8113,-999.0,4.464,-999.0,26.87,27.63,26.36,79.77,1.69,2.9,1.56,99.99
19960220,13.56,3.6924,-999.0,3.636,-999.0,26.56,27.64,25.8,83.86,1.7,2.36,1.55,100.03
19960221,10.91,3.5957,-999.0,3.3552,-999.0,27.07,28.54,26.0,82.73,1.76,3.42,1.57,99.97
19960222,4.01,4.5432,-999.0,4.2024,-999.0,26.56,27.47,25.92,82.17,3.4,5.45,2.99,100.06
19960223,15.33,4.165,-999.0,4.0824,-999.0,26.76,28.36,25.56,82.24,3.02,5.73,2.68,100.08
19960224,41.84,3.2371,-999.0,3.2184,-999.0,25.81,26.11,25.56,88.97,3.51,6.18,3.13,100.1
19960225,9.97,5.7797,-999.0,4.1688,-999.0,26.69,27.73,25.65,78.19,2.72,6.09,2.43,100.12
19960226,1.84,4.9128,-999.0,4.5768,-999.0,27.26,28.11,26.22,77.18,2.49,4.34,2.21,100.07
19960227,2.12,4.2305,-999.0,4.1016,-999.0,26.21,27.12,25.85,87.43,3.0,4.89,2.68,100.08
19960228,1.84,3.8177,-999.0,3.9072,-999.0,26.47,27.38,25.7,79.84,1.63,2.64,1.49,100.12
19960229,1.68,5.3323,-999.0,4.716,-999.0,26.67,27.93,25.45,79.15,1.86,3.0,1.72,100.1
19960301,0.81,5.412,-999.0,3.9432,-999.0,27.42,28.68,26.39,78.8,2.92,5.01,2.56,100.06
19960302,0.84,6.0274,-999.0,4.3536,-999.0,27.33,28.38,26.54,79.07,3.69,5.97,3.22,100.0
19960303,0.53,5.7492,-999.0,4.1376,-999.0,27.53,28.35,26.73,75.64,1.65,3.03,1.49,100.04
19960304,6.74,6.2251,-999.0,3.8736,-999.0,27.87,28.63,27.03,75.52,2.07,3.39,1.85,100.06
19960305,10.46,5.1089,-999.0,4.1832,-999.0,27.44,27.99,27.15,80.81,3.3,4.51,2.9,100.08
19960306,3.91,5.4377,-999.0,4.284,-999.0,26.9,27.18,26.53,82.98,2.19,3.75,1.9,100.02
19960307,9.46,4.2564,-999.0,4.1568,-999.0,27.08,27.59,26.47,86.02,3.89,4.94,3.37,100.03
19960308,7.54,5.705,-999.0,3.6072,-999.0,27.38,28.04,26.73,81.22,2.24,3.46,1.97,100.06
19960309,10.18,4.5641,-999.0,4.3608,-999.0,27.21,28.1,26.26,78.28,2.3,3.29,2.08,100.11
19960310,4.75,5.7598,-999.0,4.1928,-999.0,27.58,28.74,26.63,77.99,2.43,3.75,2.16,100.0
19960311,2.32,5.5723,-999.0,5.436,-999.0,27.26,27.61,26.68,78.35,1.32,2.04,1.2,100.01
19960312,2.55,5.6263,-999.0,5.4576,-999.0,27.47,28.16,26.9,81.73,1.62,2.56,1.51,100.05
19960313,2.51,6.0535,-999.0,4.2408,-999.0,27.95,29.12,26.83,77.95,1.61,2.67,1.46,99.94
19960314,2.65,5.7202,-999.0,5.0784,-999.0,27.22,27.95,26.64,83.94,2.28,3.84,2.03,99.95
19960315,1.48,6.2297,-999.0,4.1112,-999.0,27.84,29.36,26.28,81.05,1.99,3.56,1.77,99.82
19960316,9.26,5.3198,-999.0,5.016,-999.0,27.59,28.68,26.78,82.59,3.1,6.75,2.67,99.8
19960317,8.97,5.8877,-999.0,4.752,-999.0,27.07,28.4,25.89,81.3,3.3,4.58,2.92,99.87
19960318,9.07,5.3369,-999.0,4.7064,-999.0,26.9,27.5,26.37,85.28,3.09,4.27,2.74,99.85
19960319,25.24,4.5746,-999.0,4.2888,-999.0,26.98,27.33,26.54,86.65,4.05,5.29,3.54,99.76
19960320,17.35,5.2666,-999.0,3.8328,-999.0,26.94,27.8,26.27,85.36,4.42,5.06,3.84,99.74
19960321,15.39,3.8114,-999.0,3.7632,-999.0,26.62,27.23,26.09,88.87,3.62,5.15,3.21,99.85
19960322,14.03,6.2911,-999.0,2.6736,-999.0,27.71,29.13,26.26,79.63,2.71,4.51,2.4,99.89
19960323,6.14,5.7254,-999.0,3.9312,-999.0,28.0,29.09,26.86,78.51,2.76,3.56,2.49,99.88
19960324,5.63,5.3321,-999.0,4.548,-999.0,28.0,28.9,27.02,81.27,2.1,3.64,1.95,99.84
19960325,7.33,4.1851,-999.0,3.5616,-999.0,28.47,29.51,27.38,79.64,1.7,2.93,1.58,99.74
19960326,34.24,3.6953,-999.0,3.492,-999.0,28.07,28.95,27.17,85.1,3.04,6.0,2.71,99.64
19960327,21.18,5.431,-999.0,4.9368,-999.0,27.03,27.36,26.77,85.72,4.25,6.06,3.71,99.83
19960328,6.07,4.8545,-999.0,4.0944,-999.0,27.55,28.46,26.65,80.08,2.37,4.66,2.08,99.86
19960329,4.37,5.0815,-999.0,4.4784,-999.0,27.16,27.61,26.7,87.13,3.88,5.23,3.37,99.78
19960330,7.72,3.3696,-999.0,3.0168,-999.0,26.55,26.92,26.3,86.22,2.56,4.03,2.27,99.82
19960331,34.62,5.0042,-999.0,4.7208,-999.0,26.94,27.68,25.81,87.83,5.5,7.26,4.66,99.79
19960401,30.77,2.6064,-999.0,2.1576,-999.0,26.44,27.24,25.75,90.0,5.16,6.28,4.41,99.9
19960402,6.63,4.7258,-999.0,4.6392,-999.0,26.78,27.43,25.78,85.29,3.91,4.92,3.4,99.93
19960403,2.4,6.2009,-999.0,3.8736,-999.0,27.6,28.14,27.0,80.24,2.21,3.11,1.99,99.9
19960404,4.16,5.2421,-999.0,5.0328,-999.0,27.68,28.24,27.39,82.02,2.73,4.13,2.43,99.93
19960405,4.07,4.627,-999.0,4.3728,-999.0,28.2,29.3,27.07,75.45,2.98,3.9,2.66,99.94
19960406,3.43,4.3414,-999.0,3.7728,-999.0,27.79,28.78,26.87,81.7,1.87,3.04,1.69,99.96
19960407,5.55,5.4158,-999.0,4.1568,-999.0,27.29,27.78,26.82,84.65,3.44,5.43,3.04,100.06
19960408,14.58,3.6154,-999.0,3.1824,-999.0,26.82,27.13,26.29,84.17,3.94,7.12,3.43,100.15
19960409,4.84,6.1452,-999.0,2.748,-999.0,26.76,27.24,26.28,82.15,2.51,4.56,2.22,100.04
19960410,0.54,5.2522,-999.0,4.0344,-999.0,27.57,28.39,26.76,77.72,2.66,4.05,2.35,99.96
19960411,3.33,5.953,-999.0,3.9744,-999.0,27.19,27.91,26.04,84.12,3.02,4.18,2.67,100.02
19960412,2.83,4.0334,-999.0,3.84,-999.0,27.19,28.54,25.59,74.99,2.04,3.68,1.8,100.06
19960413,9.44,4.6495,-999.0,3.8712,-999.0,27.33,27.85,26.85,84.4,3.34,4.33,2.89,100.06
19960414,9.93,5.3664,-999.0,4.7208,-999.0,27.18,27.71,26.78,86.78,3.65,4.77,3.16,100.08
19960415,52.15,3.4589,-999.0,3.0792,-999.0,26.51,26.95,26.13,90.85,4.7,6.4,4.03,100.05
19960416,4.11,5.4425,-999.0,3.4296,-999.0,25.84,26.25,25.46,86.15,2.48,4.67,2.18,100.02
19960417,8.25,5.395,-999.0,3.3984,-999.0,26.21,26.76,25.85,84.19,1.91,3.0,1.68,100.01
19960418,41.39,5.8906,-999.0,3.8688,-999.0,26.97,27.89,25.83,83.5,2.08,3.52,1.84,99.99
19960419,12.17,4.6325,-999.0,4.0824,-999.0,26.96,27.25,26.35,87.46,4.08,5.21,3.53,99.94
19960420,5.04,5.8181,-999.0,3.876,-999.0,26.22,26.67,25.88,87.83,2.92,3.48,2.57,100.02
19960421,17.4,3.9876,-999.0,3.5664,-999.0,26.24,26.84,25.79,86.63,2.39,2.9,2.13,100.08
19960422,10.35,5.2214,-999.0,3.948,-999.0,26.23,26.71,25.81,85.8,1.92,2.2,1.69,100.12
19960423,18.18,5.562,-999.0,3.372,-999.0,26.75,27.2,26.32,84.27,2.27,3.69,2.0,100.07
19960424,10.32,4.6937,-999.0,4.6176,-999.0,26.78,27.33,26.18,84.32,3.15,4.08,2.78,100.05
19960425,2.73,5.4074,-999.0,2.6208,-999.0,26.99,27.77,25.8,81.81,1.6,2.31,1.43,99.93
19960426,7.45,4.3447,-999.0,3.5808,-999.0,27.18,27.51,26.79,86.17,3.24,4.57,2.81,99.86
19960427,33.55,5.0282,-999.0,4.452,-999.0,26.85,27.17,26.42,85.95,2.56,4.43,2.28,99.85
19960428,50.96,3.3934,-999.0,2.9568,-999.0,27.03,27.69,26.51,87.44,3.27,4.63,2.87,99.78
19960429,14.9,4.5252,-999.0,3.324,-999.0,26.63,26.87,26.33,87.53,2.77,3.82,2.42,99.78
19960430,20.77,3.7133,-999.0,3.3504,-999.0,26.83,27.4,26.11,88.52,3.92,5.56,3.4,99.81
19960501,6.43,3.6134,-999.0,3.5256,-999.0,27.71,28.9,26.41,83.27,4.69,5.73,4.02,99.81
19960502,1.47,4.8706,-999.0,4.236,-999.0,28.26,29.64,27.5,81.45,4.99,6.46,4.24,99.82
19960503,1.35,5.173,-999.0,4.3008,-999.0,27.85,28.5,27.17,79.58,3.39,5.63,2.97,100.02
19960504,1.03,5.9422,-999.0,3.2856,-999.0,28.44,29.4,27.69,74.75,3.65,5.95,3.19,100.03
19960505,0.28,5.5848,-999.0,4.104,-999.0,28.63,29.62,27.69,70.54,2.4,3.63,2.14,99.94
19960506,0.42,5.4074,-999.0,3.2208,-999.0,28.16,28.85,27.48,80.21,2.15,3.3,1.92,100.02
19960507,0.89,5.5366,-999.0,3.552,-999.0,27.96,28.46,27.23,78.27,1.74,2.39,1.53,100.15
19960508,0.17,5.5217,-999.0,4.2192,-999.0,28.06,28.91,27.38,73.73,2.91,3.86,2.57,100.13
19960509,1.2,5.3724,-999.0,3.7152,-999.0,28.1,28.9,27.38,81.05,4.41,5.91,3.81,100.06
19960510,0.68,4.4676,-999.0,4.1592,-999.0,27.84,28.17,27.3,79.32,3.38,4.47,2.96,100.15
19960511,2.94,4.675,-999.0,3.552,-999.0,28.02,28.56,27.51,76.78,3.49,4.84,3.03,100.26
19960512,2.2,5.2145,-999.0,3.8952,-999.0,27.66,28.12,27.3,79.17,1.87,2.58,1.65,100.24
19960513,0.43,5.5673,-999.0,3.6072,-999.0,27.51,28.08,27.03,78.74,2.45,3.87,2.16,100.21
19960514,0.1,5.5435,-999.0,3.6984,-999.0,27.18,27.7,26.54,78.58,1.91,2.51,1.68,100.12
19960515,0.17,4.2334,-999.0,3.7992,-999.0,28.08,28.84,27.3,71.44,2.48,3.18,2.16,100.2
19960516,0.04,5.0539,-999.0,3.3672,-999.0,28.02,28.56,27.68,72.1,2.01,3.11,1.77,100.28
19960517,0.01,6.3094,-999.0,1.524,-999.0,28.17,28.98,27.49,73.21,2.39,3.8,2.12,100.14
19960518,0.02,5.9947,-999.0,2.7096,-999.0,28.44,29.38,27.73,74.11,2.9,3.76,2.56,99.97
19960519,0.03,6.0223,-999.0,2.772,-999.0,28.47,29.14,27.92,70.33,1.73,2.86,1.53,99.95
19960520,0.1,5.6779,-999.0,2.6856,-999.0,28.13,28.73,27.72,76.07,2.31,2.98,2.04,100.06
19960521,1.41,5.2195,-999.0,3.5208,-999.0,28.15,28.84,27.24,79.32,2.93,3.78,2.56,100.07
19960522,2.74,4.1023,-999.0,3.0312,-999.0,27.57,28.16,26.87,80.97,2.07,3.33,1.83,100.06
19960523,2.94,5.1209,-999.0,3.7992,-999.0,27.26,28.05,26.33,81.3,2.09,3.13,1.87,100.03
19960524,3.2,5.1974,-999.0,4.0176,-999.0,27.59,28.21,27.27,81.12,2.71,4.12,2.4,100.08
19960525,9.82,5.033,-999.0,3.9432,-999.0,27.75,28.58,27.06,76.07,1.81,2.85,1.63,100.09
19960526,5.46,5.4504,-999.0,3.6192,-999.0,27.13,27.69,26.66,85.25,3.12,4.1,2.77,100.07
19960527,1.86,2.9021,-999.0,2.4384,-999.0,27.03,27.44,26.64,80.92,2.09,3.15,1.83,99.99
19960528,5.33,4.4198,-999.0,3.8568,-999.0,26.87,27.49,26.27,83.7,2.16,3.28,1.91,99.85
19960529,3.14,5.1922,-999.0,4.1064,-999.0,26.7,27.4,25.8,82.99,2.07,4.34,1.83,99.87
19960530,1.82,5.2452,-999.0,3.672,-999.0,27.74,28.87,26.63,82.3,2.48,3.78,2.23,99.91
19960531,5.38,4.6428,-999.0,3.8328,-999.0,28.05,28.88,27.43,81.37,1.77,2.77,1.6,99.92
19960601,6.28,4.7362,-999.0,3.6312,-999.0,27.65,28.32,26.94,83.13,1.52,2.73,1.35,99.82
19960602,49.86,4.6877,-999.0,3.8328,-999.0,27.27,27.5,27.03,87.75,3.06,4.22,2.74,99.81
19960603,17.84,5.3614,-999.0,3.852,-999.0,27.9,28.69,26.8,82.88,2.06,2.85,1.86,99.78
19960604,6.5,5.1041,-999.0,3.6504,-999.0,28.5,29.41,27.63,78.94,1.86,3.31,1.72,99.76
19960605,5.26,4.2926,-999.0,3.8424,-999.0,27.52,28.1,26.89,86.45,2.62,4.29,2.39,99.85
19960606,14.96,4.9478,-999.0,3.204,-999.0,27.25,27.82,26.91,87.25,3.53,4.51,3.14,99.84
19960607,26.65,4.2686,-999.0,4.0704,-999.0,27.25,27.59,26.83,89.16,4.82,6.72,4.18,99.81
19960608,16.11,3.8266,-999.0,3.6432,-999.0,27.38,27.74,27.12,87.57,6.01,8.61,5.1,99.75
19960609,8.73,3.467,-999.0,3.2832,-999.0,27.02,27.47,26.24,82.11,2.31,4.52,2.06,99.75
19960610,9.09,4.1794,-999.0,3.192,-999.0,27.45,28.18,26.82,83.92,4.96,6.5,4.29,99.79
19960611,2.52,6.1426,-999.0,1.6584,-999.0,27.72,28.27,27.18,80.19,3.93,6.71,3.43,99.79
19960612,2.42,4.5358,-999.0,3.9936,-999.0,27.85,28.92,27.22,77.63,2.2,4.17,1.95,99.74
19960613,82.74,5.1547,-999.0,3.468,-999.0,27.33,27.96,26.84,85.76,4.21,6.5,3.62,99.72
19960614,32.24,4.4234,-999.0,3.8832,-999.0,27.29,28.11,26.17,77.62,4.48,6.33,3.87,99.9
19960615,0.01,5.4319,-999.0,3.3384,-999.0,28.23,29.27,27.55,67.49,1.76,2.63,1.6,99.85
19960616,3.78,5.4497,-999.0,3.4464,-999.0,27.77,28.26,27.25,81.29,2.26,5.35,1.99,99.86
19960617,4.28,1.6409,-999.0,1.0728,-999.0,27.0,27.87,26.04,87.05,5.42,7.73,4.6,100.03
19960618,0.99,4.4566,-999.0,4.4928,-999.0,27.97,29.75,26.16,80.04,4.3,5.46,3.71,99.94
19960619,2.3,5.556,-999.0,2.04,-999.0,27.97,28.82,27.48,77.91,2.66,4.3,2.33,100.01
19960620,1.19,5.5529,-999.0,2.9328,-999.0,27.63,28.34,27.04,78.56,2.8,3.63,2.47,100.15
19960621,0.33,5.353,-999.0,3.1296,-999.0,27.91,28.69,27.24,77.37,3.19,4.52,2.8,100.14
19960622,0.17,5.5032,-999.0,3.1656,-999.0,27.85,28.21,27.52,78.86,2.3,3.51,2.06,100.04
19960623,0.14,4.9294,-999.0,3.9312,-999.0,27.72,28.12,27.37,78.38,2.39,3.55,2.1,100.07
19960624,0.57,4.8998,-999.0,2.508,-999.0,27.28,27.76,26.88,81.62,2.07,2.5,1.83,100.1
19960625,0.88,5.4262,-999.0,3.3888,-999.0,27.08,27.5,26.61,82.37,1.85,2.53,1.65,100.09
19960626,2.74,4.3046,-999.0,3.876,-999.0,26.76,27.13,26.14,81.32,1.32,2.51,1.18,100.12
19960627,5.35,4.8756,-999.0,3.84,-999.0,26.65,27.09,26.0,83.38,3.15,4.2,2.82,100.2
19960628,9.7,4.2295,-999.0,3.9384,-999.0,27.65,28.56,26.83,81.6,2.05,3.22,1.85,100.14
19960629,5.83,4.2782,-999.0,4.188,-999.0,26.57,26.95,26.18,86.92,2.43,3.87,2.18,100.18
19960630,5.71,4.829,-999.0,3.4032,-999.0,26.91,27.66,26.01,82.08,2.33,3.85,2.11,100.18
19960701,8.42,3.5254,-999.0,3.3336,-999.0,27.28,27.89,26.55,80.48,1.87,2.27,1.73,100.04
19960702,9.68,5.0681,-999.0,3.48,-999.0,26.85,27.29,26.31,89.58,4.19,5.15,3.69,99.98
19960703,8.55,3.9,-999.0,3.648,-999.0,27.47,28.52,26.47,81.79,2.4,5.01,2.15,100.05
19960704,23.77,4.6176,-999.0,4.3488,-999.0,27.09,28.02,26.27,83.43,2.34,3.7,2.13,100.0
19960705,45.56,3.3341,-999.0,3.2736,-999.0,26.9,27.57,26.19,87.75,4.03,6.04,3.51,99.78
19960706,57.51,4.1993,-999.0,3.8952,-999.0,26.05,26.64,25.7,86.4,3.26,4.76,2.87,99.77
19960707,16.69,3.0626,-999.0,2.7432,-999.0,26.42,27.0,25.45,85.49,5.34,6.53,4.6,99.86
19960708,5.47,5.1682,-999.0,3.468,-999.0,27.66,28.88,26.42,78.6,4.65,6.04,4.01,99.81
19960709,2.49,3.4416,-999.0,3.264,-999.0,27.75,28.5,27.03,77.68,2.15,3.08,1.95,99.88
19960710,3.16,5.0681,-999.0,3.4464,-999.0,27.67,28.24,26.92,76.16,2.37,3.74,2.12,99.82
19960711,14.41,3.4042,-999.0,3.3576,-999.0,26.92,27.62,26.42,86.02,5.62,6.59,4.82,99.82
19960712,6.12,4.6198,-999.0,4.1136,-999.0,27.17,28.13,26.36,83.89,3.43,4.43,3.01,99.8
19960713,1.56,4.2442,-999.0,3.756,-999.0,28.39,29.15,27.24,71.91,2.46,3.99,2.2,99.96
19960714,3.07,5.3712,-999.0,3.7344,-999.0,28.8,29.62,27.96,70.32,2.91,4.51,2.58,100.01
19960715,18.07,2.9801,-999.0,2.676,-999.0,26.5,27.72,25.96,84.77,3.69,4.8,3.24,100.16
19960716,2.23,5.3784,-999.0,2.4384,-999.0,27.37,28.6,26.0,75.81,2.3,3.01,2.06,100.01
19960717,0.0,6.2436,-999.0,1.6992,-999.0,27.59,28.2,27.09,72.54,1.15,2.66,1.0,100.04
19960718,0.32,6.2482,-999.0,1.6224,-999.0,27.98,28.76,27.24,70.07,1.45,2.85,1.29,100.12
19960719,0.85,6.233,-999.0,1.9368,-999.0,27.49,28.18,26.82,76.63,1.94,3.15,1.69,100.09
19960720,0.09,5.9062,-999.0,2.1864,-999.0,27.5,28.41,26.51,73.38,1.68,2.13,1.48,100.08
19960721,0.1,6.229,-999.0,1.3632,-999.0,27.53,28.29,26.84,74.13,2.1,2.92,1.84,100.09
19960722,0.17,5.8836,-999.0,2.8848,-999.0,27.54,28.35,26.47,71.55,1.59,2.9,1.4,100.06
19960723,0.04,5.7552,-999.0,2.2224,-999.0,27.61,28.37,26.93,69.07,1.46,2.4,1.28,99.98
19960724,0.16,5.8207,-999.0,2.8128,-999.0,27.09,27.52,26.35,75.41,2.12,3.14,1.88,100.01
19960725,0.87,5.2891,-999.0,3.06,-999.0,26.33,26.99,25.77,81.77,1.93,2.88,1.69,100.03
19960726,1.9,4.6903,-999.0,4.1952,-999.0,25.97,26.48,25.44,79.28,1.71,2.86,1.51,100.19
19960727,4.4,4.9574,-999.0,3.9168,-999.0,26.18,26.4,25.92,81.47,1.58,2.34,1.4,100.14
19960728,2.93,5.1506,-999.0,4.4664,-999.0,26.6,27.31,25.74,82.77,2.68,4.7,2.35,99.99
19960729,1.29,5.3498,-999.0,3.7344,-999.0,26.77,27.18,26.38,83.87,3.22,4.7,2.81,100.0
19960730,5.19,4.7575,-999.0,3.6576,-999.0,26.75,26.93,26.49,83.6,3.73,4.26,3.24,100.08
19960731,9.21,4.103,-999.0,3.7368,-999.0,26.96,27.26,26.62,82.09,4.81,5.26,4.15,100.13
19960801,0.1,5.3482,-999.0,3.4416,-999.0,27.28,27.72,26.61,77.58,4.46,5.11,3.85,100.21
19960802,0.46,4.9769,-999.0,3.708,-999.0,27.43,28.23,26.46,78.2,3.75,4.59,3.26,100.15
19960803,2.87,2.5517,-999.0,2.016,-999.0,26.67,27.19,26.06,81.54,3.03,4.33,2.65,100.19
19960804,0.86,5.742,-999.0,3.1824,-999.0,27.22,27.97,26.4,75.95,1.79,2.53,1.56,100.12
19960805,2.92,4.8576,-999.0,3.444,-999.0,27.41,28.01,26.71,79.49,3.18,3.96,2.8,100.06
19960806,6.76,5.0374,-999.0,4.3608,-999.0,27.36,27.74,26.97,79.54,2.7,4.1,2.37,100.13
19960807,8.17,4.3682,-999.0,3.2136,-999.0,27.01,27.31,26.72,82.44,3.98,5.46,3.45,100.1
19960808,6.57,2.9851,-999.0,3.1368,-999.0,26.98,27.58,26.33,79.96,3.05,4.67,2.64,100.07
19960809,14.39,3.2179,-999.0,2.7288,-999.0,26.28,26.7,25.74,83.01,2.23,3.35,1.95,100.04
19960810,4.44,4.2271,-999.0,3.7632,-999.0,26.39,27.11,25.88,84.9,3.95,5.05,3.45,100.02
19960811,1.92,3.8105,-999.0,3.384,-999.0,26.19,27.07,25.29,84.74,2.77,3.57,2.46,100.09
19960812,29.56,5.0419,-999.0,3.696,-999.0,26.22,26.66,25.46,82.23,2.54,3.55,2.24,100.07
19960813,3.09,6.0516,-999.0,2.7576,-999.0,26.53,27.12,26.02,81.95,2.58,3.2,2.28,99.92
19960814,2.76,4.1412,-999.0,3.5472,-999.0,26.48,27.7,25.38,82.36,1.85,2.39,1.66,99.86
19960815,4.33,4.3236,-999.0,3.8616,-999.0,25.68,26.4,24.9,86.25,2.47,3.16,2.22,100.0
19960816,9.16,4.3594,-999.0,3.6336,-999.0,25.75,26.29,25.33,86.76,2.04,3.05,1.82,100.09
19960817,28.29,3.8424,-999.0,3.6168,-999.0,25.91,26.33,25.22,85.95,3.21,6.81,2.78,100.03
19960818,16.79,4.5823,-999.0,3.5856,-999.0,26.01,26.11,25.82,86.79,6.08,7.55,5.18,100.09
19960819,0.91,6.409,-999.0,1.524,-999.0,27.13,27.97,25.98,73.09,1.84,4.36,1.62,100.0
19960820,0.52,6.2813,-999.0,2.0952,-999.0,27.97,28.54,27.06,66.8,0.83,1.45,0.75,100.0
19960821,0.79,3.8254,-999.0,3.384,-999.0,28.71,29.59,28.1,65.54,1.34,2.31,1.21,100.02
19960822,3.02,3.9958,-999.0,3.5136,-999.0,27.24,28.1,26.9,79.3,2.37,3.16,2.1,100.08
19960823,1.47,5.6477,-999.0,3.7128,-999.0,27.62,28.54,27.04,81.62,4.68,6.19,4.04,99.96
19960824,1.67,5.089,-999.0,4.5984,-999.0,26.98,27.44,26.44,82.9,3.55,4.21,3.11,99.93
19960825,9.87,4.2922,-999.0,4.7496,-999.0,26.78,27.55,25.97,83.55,3.27,4.32,2.89,99.97
19960826,8.18,4.301,-999.0,4.1424,-999.0,26.5,26.99,25.99,87.52,3.54,4.78,3.16,100.02
19960827,11.9,3.9756,-999.0,4.2048,-999.0,26.61,27.63,25.96,81.75,2.03,3.26,1.87,100.09
19960828,36.53,3.6636,-999.0,3.5928,-999.0,26.47,27.05,25.7,84.31,4.14,5.32,3.6,100.03
19960829,47.03,3.6084,-999.0,3.8712,-999.0,25.53,25.88,25.16,87.63,4.26,5.54,3.7,100.1
19960830,1.98,4.9262,-999.0,5.22,-999.0,25.41,26.06,24.64,86.16,1.68,2.54,1.49,100.1
19960831,3.05,4.8924,-999.0,3.7968,-999.0,25.34,25.83,24.61,86.24,2.16,3.26,1.92,100.14
19960901,9.15,4.4191,-999.0,4.0536,-999.0,26.01,26.84,25.21,85.58,4.44,6.55,3.85,100.09
19960902,10.14,3.6533,-999.0,3.84,-999.0,25.87,26.32,25.3,86.2,4.38,4.94,3.83,100.09
19960903,2.04,5.2663,-999.0,4.704,-999.0,26.39,26.92,25.9,81.4,2.34,3.14,2.06,100.02
19960904,2.33,5.9342,-999.0,3.7104,-999.0,26.84,27.56,25.82,82.49,3.3,4.05,2.91,99.95
19960905,2.01,4.8569,-999.0,4.9704,-999.0,26.62,27.14,26.21,78.05,2.15,3.06,1.89,100.02
19960906,5.47,4.4141,-999.0,4.4112,-999.0,26.5,27.06,25.85,80.46,2.08,3.93,1.83,99.93
19960907,8.51,5.3657,-999.0,4.3512,-999.0,26.43,27.61,25.73,86.78,4.14,5.22,3.63,99.88
19960908,10.62,4.7822,-999.0,3.5424,-999.0,26.4,27.09,25.93,85.86,3.84,5.2,3.38,99.84
19960909,2.12,5.8397,-999.0,3.4344,-999.0,26.49,27.0,26.14,84.23,3.4,4.62,2.99,99.82
19960910,4.04,3.1932,-999.0,3.0792,-999.0,26.69,27.36,25.98,83.83,4.96,5.58,4.27,99.8
19960911,2.04,5.7288,-999.0,4.344,-999.0,26.84,27.68,26.24,81.56,4.03,5.18,3.52,99.83
19960912,1.63,4.7652,-999.0,4.5528,-999.0,26.79,27.39,26.03,85.13,4.02,4.51,3.53,99.83
19960913,4.36,4.3426,-999.0,4.6776,-999.0,27.32,28.05,26.74,85.36,3.96,5.26,3.41,99.81
19960914,5.71,5.9054,-999.0,3.5376,-999.0,27.31,28.25,26.2,80.47,1.99,4.14,1.75,99.75
19960915,10.11,1.9766,-999.0,2.1768,-999.0,26.83,27.22,26.29,86.96,4.66,6.26,4.02,99.88
19960916,10.08,2.6551,-999.0,2.9232,-999.0,26.53,26.92,26.09,87.19,3.77,5.16,3.29,100.03
19960917,6.36,5.6011,-999.0,3.1776,-999.0,27.29,27.79,26.65,81.09,3.16,4.57,2.75,100.01
19960918,25.28,3.9986,-999.0,4.4664,-999.0,26.75,27.28,26.37,87.6,4.96,5.52,4.25,100.08
19960919,1.8,3.5638,-999.0,3.6768,-999.0,26.34,27.03,25.43,81.77,3.52,6.66,3.09,100.13
19960920,0.05,5.7043,-999.0,4.5024,-999.0,27.65,28.64,26.83,74.72,1.8,2.95,1.61,100.14
19960921,0.56,6.408,-999.0,2.6424,-999.0,27.73,28.22,27.32,76.81,2.13,2.79,1.86,100.15
19960922,0.45,4.1592,-999.0,4.2696,-999.0,27.12,27.88,26.14,74.55,2.93,4.87,2.57,100.12
19960923,4.1,5.4931,-999.0,4.2144,-999.0,26.48,26.99,25.88,85.76,3.01,3.44,2.62,100.04
19960924,15.89,2.3712,-999.0,2.916,-999.0,25.98,26.51,25.17,87.52,3.63,4.49,3.13,100.07
19960925,3.69,5.6021,-999.0,3.4296,-999.0,25.91,26.49,25.0,85.05,2.01,2.36,1.77,100.1
19960926,1.95,5.6357,-999.0,4.3992,-999.0,26.38,26.83,25.83,85.05,3.51,3.94,3.05,99.99
19960927,17.27,3.6108,-999.0,3.636,-999.0,26.26,26.84,25.5,85.81,3.38,5.22,2.94,99.96
19960928,4.52,4.8924,-999.0,4.7472,-999.0,25.79,26.3,25.38,87.68,2.29,3.67,2.0,100.03
19960929,3.91,5.3086,-999.0,4.0032,-999.0,26.62,27.46,25.7,83.77,3.65,5.02,3.16,99.92
19960930,13.04,2.7996,-999.0,2.5176,-999.0,25.73,26.63,25.42,85.53,2.79,5.72,2.42,100.0
19961001,7.02,4.9699,-999.0,4.8048,-999.0,26.27,26.95,25.21,86.05,3.8,5.08,3.3,100.05
19961002,11.87,2.9076,-999.0,2.6424,-999.0,26.88,27.36,26.49,79.17,2.4,4.8,2.12,100.13
19961003,7.7,4.8206,-999.0,5.2368,-999.0,27.49,28.5,26.82,75.6,1.69,2.98,1.52,100.11
19961004,21.04,4.2082,-999.0,3.8664,-999.0,27.07,27.75,26.37,84.77,3.45,6.11,3.02,100.04
19961005,40.12,4.7635,-999.0,4.6752,-999.0,26.52,26.83,26.12,88.57,5.78,7.82,4.92,100.0
19961006,20.51,3.5338,-999.0,3.3744,-999.0,25.62,26.28,25.11,84.22,2.38,4.64,2.1,100.1
19961007,9.28,4.8809,-999.0,3.672,-999.0,26.67,27.43,26.08,77.0,1.49,2.67,1.34,100.12
19961008,6.25,4.2919,-999.0,4.512,-999.0,26.05,26.41,25.72,83.83,1.64,2.68,1.49,100.2
19961009,6.79,4.3178,-999.0,4.6752,-999.0,26.69,27.79,26.15,81.65,2.19,3.53,1.97,100.09
19961010,28.26,4.0423,-999.0,3.9864,-999.0,26.34,27.1,25.71,87.74,3.4,5.23,2.94,100.01
19961011,60.1,4.2566,-999.0,3.216,-999.0,26.26,26.78,25.66,87.96,3.35,4.04,2.92,99.94
19961012,33.47,4.5202,-999.0,4.236,-999.0,26.14,26.65,25.66,88.39,3.86,4.38,3.35,100.03
19961013,11.79,4.0901,-999.0,4.4808,-999.0,26.05,26.41,25.8,88.35,3.5,4.39,3.05,100.06
19961014,16.43,4.4868,-999.0,4.1736,-999.0,26.28,26.58,26.09,89.65,4.27,5.76,3.68,100.0
19961015,35.58,4.487,-999.0,4.3944,-999.0,26.04,26.68,25.1,84.13,1.98,3.22,1.79,99.94
19961016,11.21,4.5518,-999.0,4.752,-999.0,26.65,27.68,25.88,82.58,3.73,5.27,3.25,100.0
19961017,0.68,3.9317,-999.0,3.8088,-999.0,26.94,28.44,25.92,70.99,1.54,3.06,1.38,100.04
19961018,0.22,6.1157,-999.0,2.7624,-999.0,27.39,28.27,26.48,74.86,2.52,3.95,2.21,99.97
19961019,10.82,6.1217,-999.0,3.0096,-999.0,27.16,27.73,26.63,80.46,3.58,5.25,3.1,100.0
19961020,34.9,3.3408,-999.0,3.2232,-999.0,26.47,26.76,26.16,84.7,3.32,5.09,2.87,99.99
19961021,9.41,4.1222,-999.0,4.4376,-999.0,26.65,27.04,26.33,85.22,4.96,5.58,4.27,99.98
19961022,17.93,4.7438,-999.0,5.0928,-999.0,26.77,27.57,26.31,84.51,4.07,5.33,3.54,100.05
19961023,3.77,4.6968,-999.0,4.5,-999.0,26.76,27.35,26.24,86.13,3.67,4.65,3.2,100.06
19961024,9.77,4.2761,-999.0,4.2048,-999.0,26.67,27.22,26.24,87.44,4.53,5.68,3.93,100.11
19961025,63.16,5.0138,-999.0,4.6368,-999.0,26.76,27.45,26.15,87.29,4.88,6.53,4.2,100.11
19961026,12.67,4.3255,-999.0,3.864,-999.0,26.83,27.36,26.11,86.32,6.03,7.68,5.15,100.01
19961027,1.87,3.9614,-999.0,4.08,-999.0,27.15,27.7,26.56,82.39,7.73,8.81,6.46,99.95
19961028,2.63,5.0582,-999.0,4.7784,-999.0,26.73,27.33,26.13,81.61,5.81,6.77,4.94,100.08
19961029,8.87,5.5759,-999.0,4.38,-999.0,26.95,27.55,26.49,83.77,5.53,6.43,4.7,100.0
19961030,24.29,3.4848,-999.0,2.4648,-999.0,26.02,26.94,25.13,85.3,5.56,6.86,4.75,100.07
19961031,20.75,4.0255,-999.0,4.1496,-999.0,26.05,26.61,25.27,83.89,5.98,6.95,5.09,100.07
19961101,10.72,4.7318,-999.0,3.8952,-999.0,26.9,27.69,26.34,76.41,5.56,6.51,4.72,100.01
19961102,5.35,5.9191,-999.0,3.5304,-999.0,26.9,27.79,26.21,80.21,4.12,5.47,3.53,99.92
19961103,1.01,6.0701,-999.0,3.5616,-999.0,26.73,27.31,25.98,79.3,2.36,3.12,2.06,99.94
19961104,1.31,5.0808,-999.0,4.068,-999.0,26.59,27.08,26.17,81.34,1.89,3.01,1.65,99.98
19961105,5.0,3.5858,-999.0,3.4752,-999.0,26.51,27.06,25.76,81.82,2.67,4.0,2.36,100.03
19961106,7.06,6.0353,-999.0,3.2376,-999.0,26.63,27.47,25.91,81.29,1.69,3.09,1.49,100.03
19961107,1.99,4.8437,-999.0,4.464,-999.0,25.91,26.27,25.41,83.84,2.06,2.96,1.81,100.15
19961108,0.44,4.1441,-999.0,4.008,-999.0,26.48,27.13,25.98,79.25,2.88,3.71,2.51,100.22
19961109,0.99,6.2201,-999.0,3.6864,-999.0,26.74,27.7,25.77,81.19,3.28,4.5,2.86,100.17
19961110,0.66,4.9042,-999.0,4.104,-999.0,26.62,27.46,26.06,81.2,2.9,4.23,2.56,100.16
19961111,3.19,4.4695,-999.0,4.3056,-999.0,26.12,26.62,25.6,85.67,2.82,4.44,2.47,100.19
19961112,3.45,4.2871,-999.0,4.3104,-999.0,26.12,26.67,25.34,84.88,3.42,5.3,2.97,100.14
19961113,12.79,4.5914,-999.0,3.6624,-999.0,25.79,26.56,25.14,87.61,2.87,4.13,2.51,100.08
19961114,11.14,4.1357,-999.0,3.696,-999.0,25.62,25.97,25.0,85.43,2.59,3.98,2.28,100.17
19961115,7.66,4.9867,-999.0,4.6488,-999.0,25.21,25.78,24.36,87.08,2.47,4.4,2.17,100.2
19961116,3.83,4.5043,-999.0,4.176,-999.0,25.11,26.0,23.83,84.58,2.59,3.46,2.27,100.14
19961117,7.46,4.4983,-999.0,2.8872,-999.0,25.6,26.12,25.09,86.64,2.79,3.71,2.45,100.06
19961118,5.05,4.6687,-999.0,4.1184,-999.0,25.95,26.37,25.33,88.79,4.23,5.29,3.66,100.04
19961119,3.02,4.5168,-999.0,3.7344,-999.0,25.74,25.94,25.52,89.06,3.78,4.84,3.29,100.03
19961120,9.7,4.4002,-999.0,3.7824,-999.0,25.79,26.24,25.35,88.83,3.7,4.83,3.23,100.04
19961121,6.27,4.5979,-999.0,3.4848,-999.0,25.6,25.87,25.42,88.3,3.57,4.43,3.14,99.95
19961122,5.78,4.7153,-999.0,3.8688,-999.0,25.81,26.39,25.15,86.04,2.37,3.58,2.09,99.92
19961123,12.4,4.4122,-999.0,3.9552,-999.0,25.87,26.37,25.35,87.06,2.34,3.89,2.05,99.9
19961124,2.28,4.7496,-999.0,4.3056,-999.0,26.08,27.16,25.05,84.27,1.53,2.69,1.36,99.91
19961125,12.3,3.5947,-999.0,3.144,-999.0,26.02,26.52,25.59,89.14,3.43,4.52,2.97,99.92
19961126,6.15,4.2494,-999.0,4.1808,-999.0,26.08,26.69,25.58,85.84,3.56,5.17,3.11,99.93
19961127,0.45,5.0678,-999.0,4.3296,-999.0,26.37,26.83,25.61,81.26,1.75,3.33,1.54,99.89
19961128,0.17,5.7439,-999.0,4.0536,-999.0,27.33,28.13,26.5,76.25,1.72,3.03,1.51,99.82
19961129,4.13,4.3219,-999.0,3.9288,-999.0,27.7,28.38,27.14,76.83,2.71,3.55,2.36,99.84
19961130,27.06,3.9137,-999.0,3.4224,-999.0,26.9,27.39,26.28,85.17,3.68,5.15,3.21,99.94
19961201,3.13,5.3921,-999.0,3.1656,-999.0,27.45,28.54,26.34,73.86,1.41,2.45,1.24,99.97
19961202,2.72,4.1443,-999.0,3.6384,-999.0,27.57,28.51,26.48,76.23,2.11,3.42,1.88,99.93
19961203,17.48,4.7614,-999.0,4.1856,-999.0,27.3,28.22,26.16,84.84,4.11,6.69,3.57,99.89
19961204,33.41,4.0171,-999.0,3.6984,-999.0,27.28,27.63,26.96,87.94,7.14,9.56,6.01,99.85
19961205,28.39,3.6398,-999.0,3.1584,-999.0,27.01,27.46,26.63,85.43,6.02,6.78,5.14,99.84
19961206,15.17,3.5611,-999.0,3.1416,-999.0,26.36,26.81,25.91,86.18,3.91,5.69,3.4,99.94
19961207,5.88,3.1718,-999.0,2.5896,-999.0,26.31,27.27,25.21,85.43,2.28,3.5,2.02,99.96
19961208,2.0,4.0723,-999.0,3.5904,-999.0,26.05,26.43,25.73,82.81,2.44,3.73,2.18,99.99
19961209,1.6,5.2855,-999.0,4.992,-999.0,26.2,26.74,25.68,82.13,2.45,3.3,2.22,99.96
19961210,6.09,4.8847,-999.0,4.4184,-999.0,26.65,27.4,25.86,80.93,2.63,3.28,2.36,99.99
19961211,8.61,4.3627,-999.0,3.4176,-999.0,26.0,26.3,25.75,84.08,3.13,4.31,2.77,100.09
19961212,8.84,4.6426,-999.0,4.2816,-999.0,26.39,27.28,25.96,81.53,3.47,4.04,3.07,100.13
19961213,4.07,4.77,-999.0,4.0104,-999.0,26.58,27.57,25.63,79.51,2.71,3.54,2.39,100.15
19961214,4.13,4.3706,-999.0,3.9816,-999.0,26.06,26.4,25.48,83.11,3.47,4.37,3.03,100.13
19961215,5.13,4.3418,-999.0,4.1448,-999.0,26.38,27.0,25.89,81.97,3.37,3.75,2.96,100.05
19961216,6.28,5.8404,-999.0,3.3096,-999.0,26.19,26.68,25.91,85.91,3.73,4.5,3.27,100.08
19961217,6.51,4.3927,-999.0,3.5352,-999.0,26.65,27.33,26.05,85.54,5.37,7.08,4.62,100.07
19961218,11.82,3.2333,-999.0,2.6256,-999.0,26.18,26.69,25.54,86.61,5.03,6.6,4.32,100.12
19961219,24.83,4.0049,-999.0,3.7464,-999.0,26.18,26.73,25.71,86.15,3.43,4.76,2.99,100.13
19961220,7.5,4.5569,-999.0,3.4608,-999.0,26.24,26.84,25.58,82.95,3.41,5.16,2.98,100.16
19961221,10.84,5.3158,-999.0,4.5384,-999.0,26.68,27.27,26.18,81.82,3.8,4.53,3.29,100.19
19961222,3.92,5.8498,-999.0,3.1296,-999.0,26.45,27.19,25.84,82.32,3.35,4.27,2.92,100.28
19961223,4.24,4.1928,-999.0,4.0104,-999.0,26.46,27.29,25.92,80.93,3.35,4.48,2.92,100.31
19961224,3.05,5.0688,-999.0,4.5672,-999.0,26.17,26.99,25.6,82.69,3.18,4.0,2.8,100.3
19961225,2.73,5.4079,-999.0,4.2144,-999.0,26.49,27.4,25.62,80.63,3.79,4.95,3.31,100.3
19961226,23.51,4.2617,-999.0,3.9888,-999.0,26.25,27.4,25.38,84.65,5.87,8.49,4.98,100.25
19961227,6.93,4.1153,-999.0,3.984,-999.0,26.16,27.2,25.28,82.8,3.35,4.44,2.94,100.2
19961228,2.56,5.508,-999.0,4.8312,-999.0,26.2,26.87,25.82,81.71,2.64,3.63,2.33,100.22
19961229,1.95,5.0755,-999.0,4.3464,-999.0,26.5,27.4,25.6,79.63,2.27,3.04,2.0,100.19
19961230,0.97,5.1384,-999.0,4.6776,-999.0,26.89,27.89,26.09,78.27,2.35,3.74,2.07,100.14
19961231,8.49,4.4962,-999.0,4.0152,-999.0,26.71,27.64,25.92,79.21,2.07,3.52,1.83,100.19
19970101,10.43,4.4618,-999.0,4.0248,-999.0,27.05,27.94,26.2,81.07,2.99,4.26,2.65,100.13
19970102,2.04,4.2677,-999.0,4.2,-999.0,26.41,27.03,25.95,80.14,2.19,3.43,1.94,100.14
19970103,1.91,5.0657,-999.0,4.2024,-999.0,27.13,28.54,25.86,72.36,2.11,3.62,1.86,100.14
19970104,1.11,4.368,-999.0,4.428,-999.0,27.66,28.78,26.85,74.33,1.3,2.31,1.23,100.07
19970105,2.33,4.5204,-999.0,4.5072,-999.0,27.43,28.8,26.26,76.06,1.9,3.28,1.69,100.11
19970106,3.02,4.2857,-999.0,4.0896,-999.0,27.89,29.35,26.66,75.29,2.12,3.28,1.9,100.09
19970107,3.25,3.9646,-999.0,3.5736,-999.0,27.3,28.31,26.59,79.89,2.49,3.64,2.2,100.09
19970108,3.94,3.8822,-999.0,2.988,-999.0,27.97,29.61,26.71,72.99,2.88,4.72,2.45,100.15
19970109,1.11,5.167,-999.0,4.176,-999.0,28.07,29.89,26.4,72.25,3.68,5.07,3.11,100.09
19970110,0.24,4.0946,-999.0,3.9576,-999.0,28.08,29.68,26.81,71.11,3.77,4.68,3.21,100.14
19970111,0.82,4.7582,-999.0,4.6944,-999.0,27.27,28.39,26.26,74.93,3.28,4.74,2.86,100.25
19970112,6.3,4.7309,-999.0,4.4088,-999.0,26.24,27.21,25.29,82.86,3.06,4.13,2.7,100.28
19970113,7.27,4.1232,-999.0,3.7968,-999.0,26.86,27.68,26.06,77.71,2.82,4.04,2.47,100.18
19970114,20.5,5.0309,-999.0,4.7112,-999.0,26.65,27.47,26.16,84.29,4.83,7.13,4.16,100.11
19970115,7.68,4.403,-999.0,4.5432,-999.0,26.4,27.16,25.58,83.02,4.41,6.42,3.82,100.16
19970116,2.52,4.1587,-999.0,3.8832,-999.0,26.65,27.15,26.2,79.27,1.79,3.57,1.61,100.12
19970117,1.42,4.6891,-999.0,4.4784,-999.0,26.83,27.54,26.01,78.48,1.24,2.31,1.13,100.09
19970118,3.66,3.9802,-999.0,3.7968,-999.0,26.81,27.27,26.37,83.23,3.1,4.21,2.73,100.08
19970119,4.77,3.5086,-999.0,3.2016,-999.0,26.14,26.63,25.69,88.15,3.37,5.57,2.97,100.1
19970120,3.22,3.9665,-999.0,3.5928,-999.0,26.38,27.32,25.74,84.6,3.41,4.09,3.0,100.05
19970121,7.27,4.2881,-999.0,4.1352,-999.0,26.75,27.08,26.14,84.93,3.26,4.21,2.83,100.05
19970122,2.46,5.1607,-999.0,5.2248,-999.0,26.47,26.9,26.07,79.97,1.99,4.47,1.74,100.04
19970123,2.53,5.1365,-999.0,5.04,-999.0,26.91,27.64,26.25,80.52,2.63,3.26,2.31,100.0
19970124,2.09,6.0739,-999.0,3.756,-999.0,27.17,27.98,26.22,81.16,4.02,5.24,3.48,99.95
19970125,0.48,6.037,-999.0,2.6136,-999.0,27.71,28.67,26.91,73.03,3.61,4.25,3.15,99.91
19970126,0.25,4.9927,-999.0,4.2696,-999.0,27.86,29.04,26.95,71.68,2.79,4.02,2.46,99.97
19970127,0.93,5.2637,-999.0,4.668,-999.0,27.66,28.63,26.83,75.62,2.51,4.15,2.25,99.99
19970128,2.02,4.877,-999.0,3.9648,-999.0,28.25,30.01,26.41,73.3,3.89,6.25,3.35,99.92
19970129,1.2,5.4958,-999.0,4.5144,-999.0,28.33,30.11,26.6,70.98,3.01,5.79,2.59,99.87
19970130,3.67,5.4259,-999.0,4.4568,-999.0,28.33,29.45,27.44,72.94,2.02,3.4,1.76,99.84
19970131,3.94,4.6073,-999.0,4.7976,-999.0,27.56,27.87,27.28,82.48,2.74,3.64,2.42,99.88
19970201,6.6,4.5667,-999.0,3.6624,-999.0,27.59,28.61,26.7,76.11,2.06,3.1,1.83,99.86
19970202,1.0,6.0598,-999.0,3.7656,-999.0,27.34,27.94,26.93,77.67,2.46,4.67,2.15,99.89
19970203,4.85,4.6997,-999.0,4.6848,-999.0,26.0,26.75,25.52,77.92,2.73,4.71,2.39,100.07
19970204,1.16,5.2325,-999.0,4.932,-999.0,27.3,28.34,26.33,71.54,1.57,2.23,1.41,100.01
19970205,1.47,5.4161,-999.0,4.944,-999.0,27.52,28.03,27.02,74.19,1.44,2.12,1.3,100.02
19970206,0.59,6.0965,-999.0,4.0008,-999.0,27.97,28.82,27.14,75.21,2.06,3.32,1.82,99.98
19970207,1.9,4.5689,-999.0,3.5688,-999.0,27.5,28.09,26.52,78.82,3.05,4.24,2.67,100.05
19970208,6.28,5.1074,-999.0,3.5688,-999.0,26.45,26.92,26.02,80.82,3.57,4.46,3.14,100.03
19970209,3.72,4.7873,-999.0,3.8952,-999.0,27.15,27.99,26.24,77.67,3.56,4.58,3.11,99.89
19970210,3.6,5.3587,-999.0,4.3944,-999.0,27.07,27.98,25.98,77.6,2.39,4.15,2.09,99.86
19970211,11.02,4.5494,-999.0,4.8816,-999.0,26.59,26.93,25.93,85.34,4.29,8.12,3.71,99.92
19970212,7.61,5.04,-999.0,4.932,-999.0,26.28,26.91,25.94,83.55,2.27,4.94,1.98,100.03
19970213,3.3,3.7603,-999.0,3.5856,-999.0,26.31,27.1,25.45,82.8,2.46,3.55,2.17,99.99
19970214,5.48,3.9845,-999.0,3.6552,-999.0,26.17,26.74,25.65,84.29,2.85,3.87,2.51,99.9
19970215,2.11,5.8066,-999.0,3.7944,-999.0,26.91,28.25,25.33,67.78,1.78,3.11,1.62,99.99
19970216,0.37,6.0106,-999.0,3.4248,-999.0,27.64,28.32,27.04,72.03,2.39,3.47,2.11,100.02
19970217,0.04,5.6201,-999.0,4.3512,-999.0,27.93,28.92,26.9,68.94,1.31,2.03,1.15,100.12
19970218,2.92,6.0086,-999.0,3.0744,-999.0,27.35,27.83,26.76,73.95,1.93,2.93,1.7,100.17
19970219,3.07,5.4187,-999.0,3.5184,-999.0,28.04,29.2,26.77,72.3,3.7,4.97,3.21,100.17
19970220,6.76,4.4784,-999.0,4.1976,-999.0,26.87,27.43,26.38,81.01,3.87,4.44,3.39,100.29
19970221,9.62,4.7006,-999.0,4.2528,-999.0,26.54,27.21,26.09,83.75,4.16,4.86,3.65,100.31
19970222,11.77,5.5279,-999.0,5.4552,-999.0,27.25,28.9,26.42,81.44,4.81,7.03,4.14,100.16
19970223,3.0,4.9308,-999.0,4.548,-999.0,26.76,27.25,26.15,83.19,3.39,4.64,2.97,100.15
19970224,1.49,5.7348,-999.0,5.4144,-999.0,26.16,26.82,25.59,76.53,1.71,3.12,1.51,100.29
19970225,0.8,6.1279,-999.0,4.0776,-999.0,27.4,28.56,26.14,67.9,1.74,3.59,1.55,100.2
19970226,0.34,5.7756,-999.0,4.8216,-999.0,27.9,28.78,27.23,71.36,1.89,2.7,1.69,100.11
19970227,0.0,5.4142,-999.0,4.92,-999.0,27.94,28.98,27.33,73.59,2.04,3.82,1.82,100.12
19970228,0.5,5.2394,-999.0,5.0424,-999.0,27.88,28.54,27.4,77.74,2.26,3.61,1.99,100.13
19970301,0.34,6.6401,-999.0,2.628,-999.0,27.99,29.02,27.05,74.64,2.74,3.67,2.41,100.11
19970302,1.2,4.9106,-999.0,4.8192,-999.0,27.67,28.35,27.01,74.64,2.26,3.01,2.01,100.18
19970303,2.21,5.0798,-999.0,5.34,-999.0,26.81,27.52,26.19,78.22,1.98,2.71,1.75,100.29
19970304,2.36,4.5535,-999.0,4.5096,-999.0,26.56,27.62,25.55,79.65,2.86,4.3,2.52,100.34
19970305,2.27,4.8084,-999.0,4.5912,-999.0,27.12,27.95,26.27,78.29,3.01,4.99,2.67,100.3
19970306,30.29,5.2109,-999.0,4.5168,-999.0,27.46,28.61,26.66,80.11,3.51,4.51,3.09,100.27
19970307,20.3,3.7222,-999.0,3.408,-999.0,27.35,28.42,26.76,81.56,2.81,3.98,2.48,100.32
19970308,16.46,3.185,-999.0,2.7192,-999.0,27.19,28.17,26.67,84.52,4.43,5.15,3.84,100.25
19970309,5.06,3.738,-999.0,3.6768,-999.0,27.1,27.61,26.55,81.53,3.38,4.07,2.95,100.24
19970310,3.14,6.8654,-999.0,1.812,-999.0,27.07,27.71,26.45,79.61,2.15,2.45,1.89,100.33
19970311,0.92,5.982,-999.0,4.5384,-999.0,27.06,27.8,26.32,80.04,2.46,3.38,2.17,100.35
19970312,1.67,5.3018,-999.0,4.7688,-999.0,27.36,28.14,26.58,78.86,2.83,3.75,2.48,100.27
19970313,1.51,5.9138,-999.0,4.4184,-999.0,27.26,27.85,26.54,80.62,3.45,4.54,3.02,100.17
19970314,1.12,5.4737,-999.0,4.8864,-999.0,27.46,28.0,26.79,81.28,3.26,4.12,2.86,100.12
19970315,0.38,5.767,-999.0,4.9416,-999.0,27.69,28.2,27.02,80.93,3.01,3.84,2.64,100.15
19970316,3.86,5.3237,-999.0,4.0032,-999.0,27.6,28.04,27.18,82.0,3.22,3.65,2.81,100.21
19970317,3.75,4.6109,-999.0,3.8904,-999.0,27.54,27.99,26.93,80.51,2.91,4.32,2.55,100.25
19970318,2.55,4.3349,-999.0,4.5144,-999.0,27.88,28.21,27.58,77.22,2.92,4.09,2.56,100.26
19970319,2.25,5.9371,-999.0,4.116,-999.0,27.66,28.26,26.97,80.38,3.24,4.26,2.84,100.23
19970320,1.39,5.8692,-999.0,4.98,-999.0,27.97,29.11,26.99,76.69,2.17,2.9,1.93,100.12
19970321,15.03,4.5763,-999.0,3.972,-999.0,27.91,28.75,27.17,79.96,2.48,3.91,2.19,100.14
19970322,10.15,3.9902,-999.0,3.804,-999.0,27.97,28.41,27.52,80.36,2.66,3.91,2.35,100.13
19970323,3.54,5.1386,-999.0,4.1256,-999.0,27.58,28.01,27.22,81.43,1.58,2.74,1.45,100.06
19970324,4.26,3.5813,-999.0,3.3456,-999.0,28.05,29.28,26.82,79.02,1.45,2.69,1.31,99.98
19970325,1.91,5.2092,-999.0,4.5024,-999.0,28.74,29.95,27.53,72.92,1.75,2.89,1.56,99.95
19970326,4.22,3.5762,-999.0,3.312,-999.0,28.78,29.76,27.76,76.34,2.2,2.96,1.96,99.97
19970327,3.29,5.0225,-999.0,4.632,-999.0,28.58,29.44,27.83,75.63,1.62,3.19,1.43,99.95
19970328,5.88,3.7258,-999.0,3.7416,-999.0,27.96,28.44,27.22,81.64,1.21,2.68,1.09,99.88
19970329,6.88,4.8583,-999.0,4.6992,-999.0,27.67,28.07,27.22,82.03,1.38,2.16,1.22,99.85
19970330,4.25,5.2154,-999.0,5.0616,-999.0,27.49,28.81,26.34,81.05,1.85,2.88,1.66,99.91
19970331,6.55,3.4291,-999.0,3.2232,-999.0,27.42,28.6,26.2,82.62,2.04,2.79,1.85,99.9
19970401,42.81,3.3089,-999.0,3.1608,-999.0,27.0,27.71,26.36,85.35,2.91,4.47,2.63,99.94
19970402,56.57,3.3178,-999.0,3.0408,-999.0,26.16,26.92,25.56,83.14,2.09,3.89,1.88,100.01
19970403,0.23,4.5744,-999.0,3.9,-999.0,28.37,29.79,26.77,71.48,2.05,3.37,1.81,99.89
19970404,9.97,3.306,-999.0,2.6712,-999.0,26.66,28.05,25.15,81.66,3.27,4.29,2.88,100.0
19970405,12.24,5.491,-999.0,4.4904,-999.0,26.6,27.82,24.56,81.15,1.05,2.24,0.97,100.04
19970406,7.84,5.8094,-999.0,4.2936,-999.0,28.05,28.5,27.42,80.31,2.17,2.99,1.97,99.94
19970407,13.29,5.1403,-999.0,4.716,-999.0,26.87,27.97,26.35,86.86,2.38,4.46,2.14,99.96
19970408,8.72,4.4208,-999.0,3.3192,-999.0,26.99,27.65,26.57,85.31,3.81,4.83,3.33,100.07
19970409,15.39,5.3088,-999.0,3.456,-999.0,26.73,27.32,26.08,86.0,3.22,4.0,2.85,100.14
19970410,11.91,4.6111,-999.0,4.0368,-999.0,26.97,27.51,26.51,83.14,3.68,4.63,3.23,100.22
19970411,3.27,6.0305,-999.0,3.0888,-999.0,27.25,28.19,26.15,79.31,2.03,3.24,1.79,100.2
19970412,13.25,4.9555,-999.0,4.284,-999.0,27.01,27.54,26.52,84.59,3.31,4.36,2.88,100.14
19970413,24.02,2.1734,-999.0,1.7352,-999.0,27.33,27.89,26.71,85.42,6.37,8.71,5.37,100.18
19970414,3.01,6.6079,-999.0,2.1,-999.0,27.7,28.36,27.22,77.62,2.47,5.19,2.17,100.28
19970415,2.15,5.2843,-999.0,2.7,-999.0,28.01,28.71,27.4,77.97,2.52,3.29,2.25,100.17
19970416,3.25,4.8158,-999.0,4.008,-999.0,27.75,28.11,27.33,81.26,2.96,3.97,2.64,100.12
19970417,1.44,5.2877,-999.0,4.4688,-999.0,27.14,27.9,26.71,79.09,2.61,4.23,2.32,100.25
19970418,1.56,5.6371,-999.0,3.648,-999.0,27.4,28.11,26.51,79.56,2.44,3.58,2.2,100.22
19970419,1.47,5.6122,-999.0,4.0368,-999.0,27.86,28.87,26.84,82.46,2.81,3.82,2.5,100.13
19970420,2.04,5.2939,-999.0,4.7712,-999.0,27.6,27.86,27.16,82.03,3.09,7.76,2.7,100.07
19970421,4.98,5.4708,-999.0,4.212,-999.0,28.73,29.96,27.75,75.54,1.23,2.07,1.15,99.97
19970422,21.42,3.7589,-999.0,3.4752,-999.0,27.79,28.38,27.06,82.2,2.19,3.68,1.98,100.06
19970423,10.26,5.4888,-999.0,3.7776,-999.0,28.54,29.98,26.77,75.05,2.58,3.9,2.32,100.03
19970424,5.68,1.9478,-999.0,1.6536,-999.0,27.92,28.56,27.74,82.49,2.63,3.54,2.33,99.92
19970425,5.81,5.4014,-999.0,3.9408,-999.0,28.01,28.72,27.28,81.86,1.98,3.13,1.81,99.88
19970426,16.22,4.1587,-999.0,3.6816,-999.0,27.11,27.52,26.56,87.85,2.36,4.09,2.11,99.93
19970427,8.47,5.5078,-999.0,4.8216,-999.0,27.18,27.77,26.37,85.17,1.67,2.75,1.53,100.0
19970428,9.39,4.7789,-999.0,3.6816,-999.0,27.1,27.81,26.58,87.78,3.12,4.5,2.77,99.97
19970429,7.17,4.6769,-999.0,4.2024,-999.0,27.64,28.78,26.57,80.75,1.63,3.38,1.49,99.95
19970430,11.72,5.6974,-999.0,3.8016,-999.0,27.73,28.17,27.21,84.61,3.03,5.64,2.7,99.94
19970501,32.35,4.7472,-999.0,4.4736,-999.0,27.15,27.44,26.74,89.72,4.49,6.51,3.91,100.0
19970502,16.06,5.1994,-999.0,4.9416,-999.0,27.77,28.58,26.71,81.32,2.87,4.67,2.57,99.98
19970503,11.24,4.0865,-999.0,3.7368,-999.0,28.15,28.88,27.34,78.3,1.5,2.4,1.41,99.88
19970504,4.03,5.4238,-999.0,4.08,-999.0,28.04,28.68,27.51,78.48,1.75,2.97,1.59,99.83
19970505,2.07,5.3388,-999.0,4.3008,-999.0,27.78,28.21,27.41,80.56,2.16,3.21,1.91,99.85
19970506,6.84,4.4558,-999.0,4.3368,-999.0,27.39,27.79,26.87,84.29,2.42,3.3,2.14,99.86
19970507,4.94,5.142,-999.0,3.8424,-999.0,27.64,28.2,26.95,83.99,2.68,4.26,2.35,99.91
19970508,11.0,4.6954,-999.0,4.1016,-999.0,27.37,27.71,27.05,84.97,2.19,3.44,1.94,99.91
19970509,9.52,4.709,-999.0,4.1136,-999.0,27.32,27.96,26.63,83.94,2.93,3.43,2.59,99.88
19970510,35.79,3.7836,-999.0,3.4944,-999.0,27.41,27.6,27.02,86.77,4.89,6.87,4.2,99.79
19970511,46.15,4.2314,-999.0,3.6528,-999.0,27.05,27.83,26.07,86.41,4.42,6.74,3.77,99.9
19970512,1.34,5.7199,-999.0,4.0584,-999.0,27.3,28.43,26.26,77.79,1.81,2.98,1.64,99.89
19970513,12.17,4.1143,-999.0,3.3648,-999.0,27.55,28.02,27.25,87.4,3.3,4.8,2.89,99.79
19970514,30.22,5.2097,-999.0,4.1304,-999.0,26.87,27.21,26.37,89.37,3.6,6.06,3.17,99.9
19970515,17.76,3.708,-999.0,3.2616,-999.0,26.85,27.47,26.1,86.5,4.35,5.94,3.8,99.96
19970516,2.6,4.7174,-999.0,3.6696,-999.0,27.27,28.05,26.52,86.27,4.73,5.7,4.1,100.01
19970517,1.49,5.0803,-999.0,3.8088,-999.0,27.3,27.97,26.58,82.92,2.49,3.4,2.22,100.11
19970518,0.5,5.2109,-999.0,4.2552,-999.0,27.27,27.88,26.83,81.43,2.72,4.27,2.4,100.21
19970519,3.27,5.111,-999.0,4.224,-999.0,27.88,29.37,26.65,80.06,3.56,5.43,3.09,100.2
19970520,4.76,4.9584,-999.0,2.3736,-999.0,27.16,27.5,26.78,81.98,1.7,2.46,1.51,100.22
19970521,1.28,6.3391,-999.0,1.656,-999.0,27.46,27.99,26.92,79.18,2.11,2.76,1.88,100.22
19970522,0.45,6.487,-999.0,1.5024,-999.0,27.99,28.77,27.31,77.84,3.5,4.32,3.04,100.18
19970523,2.63,5.9297,-999.0,3.1272,-999.0,27.71,28.12,27.16,79.91,2.69,3.54,2.35,100.2
19970524,4.39,3.7589,-999.0,2.6856,-999.0,27.16,27.57,26.83,83.87,2.63,3.35,2.29,100.2
19970525,2.09,5.7744,-999.0,3.1944,-999.0,26.67,27.31,26.18,82.14,1.25,2.65,1.11,100.25
19970526,1.07,5.5286,-999.0,3.732,-999.0,27.21,27.51,26.82,81.96,2.17,3.51,1.92,100.24
19970527,0.31,5.4062,-999.0,4.1712,-999.0,27.29,27.71,26.81,81.86,2.43,3.34,2.12,100.18
19970528,0.95,4.8749,-999.0,3.192,-999.0,27.34,27.75,26.86,80.44,2.93,3.74,2.56,100.2
19970529,0.97,5.3062,-999.0,4.608,-999.0,27.36,28.0,26.89,81.42,2.7,3.54,2.36,100.23
19970530,0.08,5.4602,-999.0,3.7056,-999.0,27.43,28.0,27.0,78.15,1.83,2.39,1.64,100.26
19970531,0.24,5.959,-999.0,2.6856,-999.0,28.2,29.1,27.16,76.46,2.15,2.88,1.92,100.18
19970601,0.32,5.8236,-999.0,3.048,-999.0,28.5,29.02,28.02,73.89,3.0,3.81,2.62,100.2
19970602,0.58,4.9279,-999.0,4.2768,-999.0,27.9,28.34,27.53,76.94,2.99,3.58,2.6,100.24
19970603,1.08,5.2906,-999.0,3.9744,-999.0,27.6,28.54,26.92,79.78,2.52,3.99,2.21,100.34
19970604,0.77,5.2898,-999.0,3.9552,-999.0,27.43,27.9,26.93,80.39,1.91,2.59,1.68,100.34
19970605,1.85,5.1876,-999.0,4.0296,-999.0,27.64,28.37,27.06,80.11,2.94,4.45,2.54,100.24
19970606,4.98,5.124,-999.0,4.0008,-999.0,27.2,27.61,26.48,81.29,2.05,3.36,1.83,100.18
19970607,3.93,4.044,-999.0,3.3696,-999.0,26.68,27.28,25.91,86.37,3.66,4.72,3.21,100.28
19970608,4.98,4.9927,-999.0,3.8712,-999.0,26.67,27.38,25.78,82.27,1.89,3.39,1.66,100.34
19970609,5.2,5.3261,-999.0,3.8712,-999.0,27.31,27.76,26.98,81.89,1.86,3.39,1.68,100.2
19970610,23.86,5.7674,-999.0,2.5872,-999.0,26.6,26.98,26.22,84.89,2.55,3.47,2.31,100.15
19970611,15.35,4.5101,-999.0,3.8304,-999.0,27.22,27.91,26.61,79.6,1.76,3.11,1.6,100.1
19970612,2.43,5.3942,-999.0,3.1824,-999.0,27.29,27.79,26.55,80.83,1.42,2.38,1.33,100.05
19970613,2.65,5.3237,-999.0,3.6024,-999.0,28.06,29.13,27.06,77.67,1.73,2.84,1.57,100.0
19970614,2.2,5.2164,-999.0,3.7536,-999.0,27.96,28.55,27.11,77.17,1.49,3.12,1.37,99.97
19970615,2.01,5.3366,-999.0,3.7032,-999.0,28.37,28.98,27.9,76.19,2.05,2.95,1.86,99.94
19970616,1.1,5.4454,-999.0,3.42,-999.0,28.31,28.75,27.89,76.56,2.2,3.18,1.96,99.99
19970617,0.43,5.3278,-999.0,3.6456,-999.0,28.59,29.32,27.95,73.03,2.46,3.15,2.2,100.02
19970618,0.53,5.4785,-999.0,3.5568,-999.0,27.91,28.77,27.12,77.43,2.92,4.12,2.6,100.1
19970619,1.07,5.1574,-999.0,3.8544,-999.0,27.77,28.44,26.99,76.47,2.58,3.42,2.3,100.13
19970620,1.3,5.1293,-999.0,3.816,-999.0,28.15,28.75,27.68,77.93,2.58,3.29,2.3,100.15
19970621,0.93,5.341,-999.0,3.4344,-999.0,27.52,27.95,27.27,81.4,2.79,3.53,2.49,100.15
19970622,0.91,4.3142,-999.0,2.7816,-999.0,27.46,27.81,27.02,80.6,3.06,5.05,2.68,100.05
19970623,0.45,5.2922,-999.0,3.5856,-999.0,26.36,27.24,25.61,77.25,1.82,4.5,1.61,100.01
19970624,1.12,5.137,-999.0,3.4392,-999.0,27.56,28.11,26.98,75.78,2.05,3.35,1.82,99.86
19970625,0.99,4.7069,-999.0,3.5064,-999.0,27.49,28.0,26.88,80.09,3.62,4.69,3.17,99.78
19970626,1.51,4.4657,-999.0,3.2616,-999.0,27.78,28.27,27.37,80.3,2.79,3.47,2.46,99.85
19970627,2.16,5.0681,-999.0,3.6912,-999.0,27.9,28.6,27.17,79.6,3.09,3.45,2.74,99.75
19970628,1.91,4.8768,-999.0,3.2448,-999.0,28.1,28.92,27.13,73.78,2.93,4.67,2.56,99.75
19970629,0.93,5.3854,-999.0,3.3768,-999.0,28.28,29.2,27.48,77.14,4.7,5.72,4.06,99.69
19970630,3.94,4.0951,-999.0,3.3624,-999.0,28.0,28.94,27.15,81.05,5.85,6.7,5.01,99.73
19970701,7.23,4.6754,-999.0,3.7992,-999.0,27.67,28.61,26.96,82.48,5.69,7.65,4.88,99.8
19970702,86.56,4.1806,-999.0,3.5016,-999.0,27.12,27.93,26.56,85.97,4.43,6.45,3.84,99.88
19970703,16.82,4.2276,-999.0,4.2504,-999.0,26.91,27.23,26.5,83.87,2.69,4.98,2.39,99.96
19970704,7.05,4.4342,-999.0,4.02,-999.0,26.75,27.3,26.19,86.01,4.08,5.04,3.56,100.01
19970705,7.71,3.9595,-999.0,3.7824,-999.0,26.19,26.6,25.97,88.21,4.19,5.13,3.65,100.16
19970706,2.06,3.9732,-999.0,2.8104,-999.0,26.24,26.56,26.05,83.94,2.77,3.91,2.45,100.12
19970707,2.81,4.7383,-999.0,4.2552,-999.0,27.0,28.08,25.74,84.26,3.0,4.01,2.68,100.07
19970708,1.41,5.5646,-999.0,2.9856,-999.0,27.65,28.35,26.97,79.12,2.87,4.78,2.55,100.13
19970709,3.1,5.8999,-999.0,2.3736,-999.0,27.27,27.91,26.62,82.01,4.88,5.51,4.22,100.19
19970710,0.8,5.6424,-999.0,3.0288,-999.0,26.85,27.21,26.42,83.0,4.52,5.01,3.95,100.14
19970711,0.9,4.8965,-999.0,4.4976,-999.0,27.32,28.21,26.55,79.01,4.57,5.39,3.97,100.15
19970712,0.07,4.6879,-999.0,4.4184,-999.0,26.92,27.41,26.51,77.55,2.52,3.12,2.22,100.19
19970713,0.37,5.269,-999.0,3.8712,-999.0,26.5,27.04,25.87,81.86,3.46,4.22,3.04,100.25
19970714,0.14,4.9474,-999.0,3.4032,-999.0,26.6,27.23,25.94,82.9,4.44,5.26,3.86,100.17
19970715,0.11,5.1658,-999.0,4.1784,-999.0,26.8,27.46,26.1,79.64,4.27,5.49,3.71,100.04
19970716,0.09,5.4919,-999.0,3.5784,-999.0,26.84,27.57,25.98,80.16,3.45,4.0,3.02,99.97
19970717,0.15,4.9399,-999.0,4.0992,-999.0,26.67,27.03,26.11,82.41,3.32,4.15,2.9,100.07
19970718,0.53,5.1204,-999.0,4.2696,-999.0,27.36,28.29,26.4,82.61,3.26,4.3,2.87,100.06
19970719,3.08,4.4614,-999.0,3.8496,-999.0,27.36,28.08,26.85,86.23,4.77,5.37,4.09,99.99
19970720,8.79,4.5936,-999.0,4.3128,-999.0,26.91,27.74,26.39,87.54,5.77,7.38,4.91,99.93
19970721,12.9,4.8178,-999.0,4.4712,-999.0,26.2,26.59,25.59,87.02,5.9,7.71,5.04,100.04
19970722,2.44,3.8738,-999.0,3.5208,-999.0,26.43,27.1,25.87,83.95,5.37,6.44,4.61,100.11
19970723,0.45,4.8696,-999.0,4.9152,-999.0,26.22,26.84,25.75,82.13,5.6,6.09,4.79,100.16
19970724,0.21,4.7604,-999.0,4.5552,-999.0,26.22,27.07,25.47,79.56,4.71,5.75,4.07,100.19
19970725,1.08,4.8718,-999.0,4.1496,-999.0,26.17,26.57,25.46,82.92,4.14,4.78,3.6,100.23
19970726,2.35,4.1386,-999.0,4.2768,-999.0,26.64,27.4,25.97,84.17,4.77,5.62,4.11,100.22
19970727,3.91,5.196,-999.0,4.1808,-999.0,26.64,27.18,25.94,85.28,5.49,7.12,4.69,100.19
19970728,23.01,4.1184,-999.0,3.9696,-999.0,26.29,26.99,25.42,87.5,4.59,7.34,3.96,100.26
19970729,13.95,6.1342,-999.0,2.1624,-999.0,26.94,27.71,26.14,83.45,3.57,4.91,3.12,100.18
19970730,1.52,6.2357,-999.0,2.0352,-999.0,27.23,27.97,26.28,81.18,3.21,3.84,2.83,100.13
19970731,0.47,5.2848,-999.0,4.0272,-999.0,27.31,28.17,26.48,81.06,3.54,3.94,3.1,100.06
19970801,0.19,4.6529,-999.0,4.0536,-999.0,27.15,27.93,26.45,82.59,4.37,4.93,3.79,100.05
19970802,0.07,5.0364,-999.0,3.4368,-999.0,26.58,27.27,26.06,80.59,4.53,5.83,3.92,100.21
19970803,0.03,4.9826,-999.0,3.3864,-999.0,26.61,27.55,25.65,80.55,4.01,4.56,3.5,100.24
19970804,0.78,5.3354,-999.0,4.0632,-999.0,26.68,27.32,26.1,80.38,4.27,5.0,3.69,100.28
19970805,3.01,3.5736,-999.0,3.6096,-999.0,26.42,27.05,25.9,83.74,3.43,4.05,3.02,100.3
19970806,4.11,3.4668,-999.0,3.5112,-999.0,26.17,26.6,25.67,87.22,2.72,3.79,2.41,100.34
19970807,1.89,6.0247,-999.0,2.8416,-999.0,26.71,27.55,26.04,82.98,2.73,4.56,2.41,100.25
19970808,0.77,5.5862,-999.0,3.54,-999.0,27.15,27.84,26.47,80.53,3.13,4.84,2.73,100.28
19970809,1.02,4.0397,-999.0,3.5256,-999.0,26.68,27.53,26.16,83.2,2.06,3.14,1.85,100.4
19970810,0.66,5.6616,-999.0,3.5208,-999.0,27.08,27.97,25.97,82.39,2.54,4.04,2.26,100.4
19970811,0.84,3.373,-999.0,2.6832,-999.0,27.05,27.82,26.39,82.5,4.5,5.42,3.91,100.42
19970812,0.81,5.2493,-999.0,4.4904,-999.0,26.69,27.3,25.86,82.54,2.11,4.38,1.88,100.41
19970813,1.63,5.0923,-999.0,4.3416,-999.0,26.81,27.36,26.33,86.79,4.64,5.85,4.0,100.35
19970814,3.94,4.0946,-999.0,3.9864,-999.0,26.94,27.39,26.58,85.19,3.57,4.04,3.12,100.31
19970815,3.69,5.1931,-999.0,4.38,-999.0,26.79,27.01,26.47,84.14,5.54,6.99,4.72,100.24
19970816,2.29,3.6115,-999.0,3.3048,-999.0,26.69,27.23,25.97,80.03,5.78,7.0,4.93,100.25
19970817,0.23,4.895,-999.0,3.9528,-999.0,26.73,27.31,26.11,77.67,5.32,6.2,4.54,100.16
19970818,0.03,5.2253,-999.0,3.816,-999.0,26.78,27.56,26.11,76.41,5.52,6.57,4.71,100.09
19970819,0.13,5.0993,-999.0,4.74,-999.0,26.69,27.37,26.04,76.53,5.06,5.92,4.33,100.07
19970820,0.85,5.3047,-999.0,5.064,-999.0,26.7,27.43,26.08,78.29,5.31,5.87,4.54,100.17
19970821,5.68,5.0302,-999.0,5.0136,-999.0,26.58,27.27,26.06,78.25,5.25,5.79,4.48,100.22
19970822,10.08,4.3536,-999.0,4.2648,-999.0,26.23,26.56,25.6,80.28,4.55,5.48,3.93,100.18
19970823,5.31,3.3024,-999.0,2.9832,-999.0,26.44,27.08,25.88,80.36,4.72,5.7,4.05,100.2
19970824,0.53,4.1064,-999.0,4.4736,-999.0,26.61,27.29,25.9,78.6,3.12,4.39,2.72,100.18
19970825,0.03,5.0237,-999.0,3.828,-999.0,26.86,27.77,25.8,79.46,4.13,5.35,3.59,100.1
19970826,0.0,6.2016,-999.0,3.1944,-999.0,27.1,27.8,26.37,78.65,3.69,4.07,3.22,100.15
19970827,0.0,5.4833,-999.0,3.8952,-999.0,27.3,28.21,26.45,79.39,3.67,4.51,3.21,100.13
19970828,0.25,5.7257,-999.0,3.8088,-999.0,27.2,27.78,26.42,79.76,2.85,3.75,2.5,100.18
19970829,0.5,4.0207,-999.0,4.0368,-999.0,27.15,27.67,26.68,80.01,3.29,4.02,2.87,100.2
19970830,1.21,3.4363,-999.0,3.0024,-999.0,26.74,27.59,25.81,83.27,4.38,4.78,3.8,100.25
19970831,1.52,5.1154,-999.0,4.7688,-999.0,26.24,27.13,25.27,84.57,5.11,5.91,4.4,100.22
19970901,2.16,5.551,-999.0,3.6264,-999.0,26.6,27.57,25.72,83.09,5.83,7.05,4.96,100.13
19970902,0.59,5.9462,-999.0,3.4752,-999.0,26.46,27.14,25.95,84.16,4.55,6.84,3.92,100.06
19970903,5.23,4.9378,-999.0,4.188,-999.0,25.48,25.84,25.07,84.89,2.66,5.83,2.3,100.13
19970904,6.11,4.6339,-999.0,4.7568,-999.0,25.93,27.05,25.3,82.33,2.16,4.05,1.89,100.19
19970905,2.95,5.4756,-999.0,5.0688,-999.0,26.39,27.27,25.33,86.93,3.97,5.37,3.4,100.19
19970906,1.49,5.6244,-999.0,4.2,-999.0,26.91,27.99,25.89,83.51,4.57,5.88,3.91,100.15
19970907,0.64,6.0247,-999.0,4.0248,-999.0,26.53,27.3,25.9,82.83,3.72,5.12,3.23,100.2
19970908,0.63,5.8536,-999.0,4.7904,-999.0,26.31,27.3,25.25,86.36,4.57,5.63,3.92,100.14
19970909,0.98,4.7186,-999.0,4.7112,-999.0,26.54,27.34,26.0,84.0,4.2,5.21,3.63,100.13
19970910,0.38,6.144,-999.0,3.4704,-999.0,26.46,27.44,25.67,83.81,3.93,4.95,3.39,100.06
19970911,0.27,5.8186,-999.0,4.2504,-999.0,26.2,27.16,25.6,86.12,4.4,5.42,3.8,100.06
19970912,0.18,5.431,-999.0,4.1496,-999.0,26.07,26.81,25.21,84.71,3.97,5.12,3.44,100.06
19970913,1.36,5.3359,-999.0,5.4576,-999.0,25.78,26.52,25.01,86.11,3.81,4.66,3.28,100.15
19970914,0.43,5.7274,-999.0,5.0448,-999.0,25.57,26.43,24.93,85.93,3.56,5.53,3.05,100.18
19970915,1.0,5.7881,-999.0,4.9992,-999.0,25.6,26.58,24.7,83.72,3.63,4.8,3.14,100.11
19970916,0.29,5.753,-999.0,4.8816,-999.0,25.88,26.76,25.0,82.33,4.37,5.13,3.77,100.2
19970917,0.02,5.5344,-999.0,5.0736,-999.0,26.3,27.43,25.3,80.92,4.13,4.87,3.57,100.22
19970918,0.67,5.4218,-999.0,5.1912,-999.0,26.12,27.07,25.34,82.19,3.87,4.46,3.35,100.33
19970919,0.78,5.5226,-999.0,5.1504,-999.0,25.89,26.62,25.14,83.74,4.3,4.76,3.71,100.3
19970920,0.02,5.1192,-999.0,4.2528,-999.0,25.57,26.03,25.11,81.64,3.37,4.42,2.95,100.27
19970921,0.01,6.2119,-999.0,2.7096,-999.0,25.87,26.27,25.31,80.02,4.37,5.37,3.78,100.21
19970922,0.02,5.7118,-999.0,4.2696,-999.0,26.08,26.68,25.68,79.72,3.22,3.84,2.85,100.21
19970923,0.0,6.101,-999.0,4.1784,-999.0,26.5,27.57,25.67,80.07,3.56,4.16,3.12,100.28
19970924,0.01,5.5294,-999.0,5.3424,-999.0,26.57,27.29,25.82,82.92,4.61,5.32,3.98,100.27
19970925,0.03,4.0234,-999.0,4.536,-999.0,26.42,27.08,25.92,82.89,4.15,4.41,3.62,100.24
19970926,0.02,5.507,-999.0,5.3736,-999.0,26.46,27.21,25.68,83.14,5.17,5.98,4.43,100.21
19970927,0.01,5.0417,-999.0,5.4888,-999.0,26.29,27.06,25.68,83.75,4.87,6.18,4.17,100.23
19970928,0.07,5.154,-999.0,5.2872,-999.0,25.98,26.51,25.49,85.75,4.4,5.55,3.79,100.31
19970929,0.07,3.0175,-999.0,3.3192,-999.0,25.29,26.0,24.93,87.99,4.25,5.23,3.69,100.39
19970930,1.98,3.8021,-999.0,4.1448,-999.0,25.36,25.96,24.52,86.31,4.11,4.62,3.57,100.39
19971001,0.62,5.9489,-999.0,4.2168,-999.0,25.18,26.15,24.33,86.43,4.32,5.27,3.73,100.37
19971002,0.11,5.4204,-999.0,5.58,-999.0,25.18,26.07,24.62,83.47,3.59,4.36,3.12,100.45
19971003,0.05,5.4602,-999.0,4.8096,-999.0,25.07,25.77,24.58,83.83,4.37,4.75,3.76,100.5
19971004,0.12,2.8654,-999.0,2.4576,-999.0,24.42,24.81,23.94,85.52,3.63,4.66,3.15,100.45
19971005,0.22,4.5504,-999.0,4.908,-999.0,24.04,24.77,23.37,85.6,3.91,4.43,3.4,100.37
19971006,0.49,3.7178,-999.0,3.6312,-999.0,24.59,25.34,23.91,84.56,3.18,3.78,2.78,100.31
19971007,1.15,3.983,-999.0,3.984,-999.0,24.7,25.56,23.87,87.22,3.25,4.04,2.85,100.37
19971008,2.9,4.2866,-999.0,4.6272,-999.0,24.73,25.49,24.14,91.04,3.74,4.34,3.24,100.38
19971009,12.15,3.0228,-999.0,3.0264,-999.0,24.86,25.57,24.31,90.8,4.22,5.38,3.62,100.33
19971010,0.41,5.6215,-999.0,3.9288,-999.0,25.07,26.11,24.28,85.64,4.04,5.26,3.46,100.27
19971011,0.05,5.6798,-999.0,2.7768,-999.0,24.99,25.55,24.44,85.56,4.17,4.95,3.57,100.23
19971012,0.05,5.3909,-999.0,4.3056,-999.0,25.3,26.49,24.31,86.29,2.73,3.63,2.4,100.19
19971013,0.03,5.7665,-999.0,4.4424,-999.0,25.24,26.21,24.35,87.26,2.57,3.46,2.26,100.19
19971014,0.11,5.3755,-999.0,4.5408,-999.0,25.42,26.61,24.59,86.83,3.68,4.36,3.18,100.1
19971015,0.09,5.0918,-999.0,4.884,-999.0,25.1,26.27,23.94,86.59,3.37,4.46,2.94,100.08
19971016,0.05,4.5998,-999.0,5.1072,-999.0,25.05,26.36,24.18,87.69,3.51,4.76,3.03,100.14
19971017,0.11,3.7337,-999.0,3.7776,-999.0,24.29,24.77,23.87,92.12,3.62,4.07,3.14,100.21
19971018,0.02,5.5411,-999.0,5.3328,-999.0,24.8,25.54,24.13,89.18,3.29,4.08,2.84,100.17
19971019,0.04,6.4394,-999.0,3.4152,-999.0,24.7,25.38,24.09,88.28,3.1,4.04,2.7,100.09
19971020,0.06,5.4142,-999.0,5.1672,-999.0,24.82,25.7,24.08,87.71,2.83,4.06,2.46,100.15
19971021,0.04,5.003,-999.0,5.1312,-999.0,24.81,25.59,24.25,88.92,2.82,4.18,2.46,100.2
19971022,0.05,4.8936,-999.0,5.2896,-999.0,24.63,25.22,24.22,89.71,2.23,2.75,1.97,100.18
19971023,0.02,4.3846,-999.0,4.7328,-999.0,24.99,26.02,24.27,87.94,2.45,3.09,2.14,100.18
19971024,0.03,4.5446,-999.0,4.644,-999.0,25.02,26.01,24.33,87.42,2.29,3.07,1.98,100.31
19971025,0.11,5.2186,-999.0,5.076,-999.0,24.72,25.59,24.29,89.9,2.1,2.87,1.84,100.31
19971026,0.02,4.3018,-999.0,4.5816,-999.0,25.45,26.41,24.54,87.02,2.77,4.26,2.41,100.27
19971027,0.06,7.0354,-999.0,1.8168,-999.0,25.43,25.79,25.06,86.93,2.43,3.07,2.16,100.27
19971028,0.94,5.5932,-999.0,3.5328,-999.0,25.63,26.14,25.1,89.51,3.01,3.37,2.62,100.2
19971029,1.73,4.7578,-999.0,3.7368,-999.0,25.36,26.16,24.98,90.64,3.08,3.96,2.68,100.22
19971030,0.89,4.5142,-999.0,4.6392,-999.0,25.38,25.93,24.91,90.97,3.54,4.12,3.06,100.23
19971031,0.34,6.1334,-999.0,3.432,-999.0,25.41,26.21,24.8,86.72,3.38,4.71,2.92,100.24
19971101,0.85,4.1861,-999.0,4.1592,-999.0,25.26,26.05,24.5,86.85,2.9,4.12,2.51,100.28
19971102,0.26,4.9891,-999.0,5.2872,-999.0,25.41,26.49,24.61,85.38,3.09,3.56,2.67,100.24
19971103,0.01,4.5038,-999.0,4.716,-999.0,25.44,26.8,24.46,84.23,3.03,4.51,2.58,100.22
19971104,0.02,4.3944,-999.0,4.344,-999.0,25.25,26.25,24.5,84.0,2.05,3.54,1.82,100.32
19971105,0.02,4.2286,-999.0,4.0464,-999.0,25.39,26.52,24.48,86.34,2.43,3.74,2.13,100.3
19971106,0.18,4.4371,-999.0,4.512,-999.0,25.72,27.04,24.68,86.6,2.92,4.1,2.5,100.33
19971107,0.32,4.332,-999.0,4.2672,-999.0,25.64,26.97,24.6,84.54,4.06,5.03,3.46,100.41
19971108,0.02,4.4026,-999.0,4.5576,-999.0,25.41,26.54,24.46,87.28,2.29,2.98,2.0,100.34
19971109,0.28,4.9255,-999.0,4.92,-999.0,25.58,26.55,24.73,86.87,2.63,3.38,2.26,100.26
19971110,0.18,3.7291,-999.0,3.4704,-999.0,25.37,26.32,24.89,88.54,3.76,4.65,3.23,100.24
19971111,4.0,3.4214,-999.0,3.3504,-999.0,25.04,25.73,24.65,91.04,3.55,4.3,3.07,100.2
19971112,3.8,4.4446,-999.0,4.14,-999.0,24.91,25.82,24.17,89.77,3.39,4.57,2.94,100.18
19971113,1.74,4.8905,-999.0,4.6536,-999.0,25.45,26.57,24.62,89.12,2.62,3.38,2.28,100.1
19971114,4.22,4.931,-999.0,4.38,-999.0,25.75,26.86,24.77,87.28,2.87,3.48,2.49,100.07
19971115,1.9,5.3062,-999.0,4.5192,-999.0,25.81,27.22,24.83,89.13,3.07,4.36,2.67,100.02
19971116,4.18,4.3368,-999.0,4.3152,-999.0,25.64,26.37,24.95,89.72,3.08,4.07,2.67,100.01
19971117,6.92,4.3757,-999.0,3.972,-999.0,25.8,26.96,25.03,89.57,2.16,3.03,1.93,99.98
19971118,2.21,4.5252,-999.0,4.1112,-999.0,25.61,26.7,24.73,89.27,2.3,3.55,2.04,100.02
19971119,5.53,4.1333,-999.0,4.0416,-999.0,24.94,25.62,24.56,90.04,2.92,3.52,2.58,100.12
19971120,1.54,4.3882,-999.0,3.8112,-999.0,25.69,27.0,24.51,88.43,2.55,3.92,2.21,100.12
19971121,6.91,3.264,-999.0,3.0168,-999.0,25.24,25.91,24.69,92.18,2.69,3.86,2.35,100.21
19971122,9.4,4.4153,-999.0,3.7992,-999.0,25.52,26.88,24.45,88.63,1.84,3.38,1.6,100.19
19971123,1.57,4.8828,-999.0,4.6176,-999.0,25.68,26.74,24.68,87.32,1.86,3.63,1.66,100.06
19971124,18.34,4.3447,-999.0,4.056,-999.0,25.54,26.65,24.65,87.5,3.38,4.67,2.91,100.0
19971125,6.99,4.4964,-999.0,4.1664,-999.0,25.85,27.07,25.02,88.14,2.32,3.3,2.03,100.05
19971126,1.92,5.695,-999.0,3.4512,-999.0,26.08,27.05,25.04,87.42,2.05,2.77,1.83,100.13
19971127,4.07,4.8982,-999.0,4.7472,-999.0,26.21,26.69,25.56,88.0,2.96,3.74,2.6,100.14
19971128,1.61,4.0195,-999.0,3.3,-999.0,26.29,27.04,25.68,87.34,2.42,3.41,2.12,100.16
19971129,1.59,5.3657,-999.0,4.4112,-999.0,26.13,27.22,25.27,87.32,2.31,4.08,2.05,100.13
19971130,0.92,4.7594,-999.0,4.1472,-999.0,26.05,27.08,25.02,86.19,2.76,3.4,2.45,100.12
19971201,3.7,4.3495,-999.0,3.6792,-999.0,25.92,26.85,25.1,87.92,3.46,3.96,3.01,100.12
19971202,7.23,4.7438,-999.0,3.7176,-999.0,25.51,26.25,24.87,90.82,3.49,4.56,3.04,100.1
19971203,3.22,4.6994,-999.0,4.2336,-999.0,25.49,26.53,24.48,88.86,3.12,4.59,2.71,100.03
19971204,4.6,4.7904,-999.0,4.1184,-999.0,25.97,26.81,25.24,88.45,2.93,4.14,2.56,100.03
19971205,7.04,3.2393,-999.0,3.096,-999.0,25.74,26.48,25.09,89.5,2.42,3.67,2.17,100.16
19971206,2.15,4.723,-999.0,4.6992,-999.0,26.18,27.24,25.4,87.93,1.84,4.18,1.68,100.12
19971207,3.04,4.5427,-999.0,4.3296,-999.0,26.36,27.18,25.71,86.08,2.66,4.52,2.38,100.0
19971208,26.97,3.3665,-999.0,2.928,-999.0,26.23,27.0,25.54,86.42,2.48,3.63,2.23,100.02
19971209,1.7,4.8065,-999.0,4.0344,-999.0,26.75,27.94,25.86,83.8,1.3,3.18,1.2,100.1
19971210,19.88,3.1961,-999.0,2.6112,-999.0,26.34,27.27,25.53,87.58,3.13,4.35,2.75,100.11
19971211,9.64,3.7464,-999.0,3.3432,-999.0,25.64,26.02,25.26,88.87,3.28,4.7,2.89,100.21
19971212,0.88,5.2762,-999.0,4.116,-999.0,26.93,27.93,25.77,83.1,3.54,4.62,3.1,100.19
19971213,0.5,4.3435,-999.0,3.768,-999.0,27.0,27.94,26.21,85.12,2.53,4.03,2.27,100.16
19971214,1.8,4.3939,-999.0,3.8808,-999.0,26.76,27.42,26.15,87.65,3.05,4.52,2.68,100.09
19971215,2.83,3.571,-999.0,3.0552,-999.0,26.72,28.14,25.66,85.12,2.18,3.65,1.92,100.14
19971216,8.21,3.5657,-999.0,3.0336,-999.0,26.39,27.29,25.72,87.27,3.38,5.2,2.98,100.26
19971217,18.17,4.6817,-999.0,4.4352,-999.0,26.5,27.23,25.88,82.29,1.85,2.96,1.66,100.17
19971218,5.04,4.9109,-999.0,4.2696,-999.0,26.6,27.28,25.86,85.82,2.81,4.87,2.44,100.08
19971219,1.79,4.6512,-999.0,4.1184,-999.0,26.27,26.71,25.99,85.57,3.53,5.97,3.03,100.15
19971220,1.6,4.1196,-999.0,3.6312,-999.0,25.41,25.93,24.99,87.32,2.08,3.07,1.85,100.23
19971221,1.05,3.3254,-999.0,2.8848,-999.0,26.03,27.01,25.06,78.14,2.26,2.93,2.01,100.28
19971222,0.39,4.3238,-999.0,3.4056,-999.0,26.33,26.58,25.94,80.78,1.86,2.87,1.64,100.32
19971223,1.02,4.8048,-999.0,3.9864,-999.0,26.93,27.39,26.4,81.58,3.57,4.44,3.09,100.33
19971224,0.15,6.331,-999.0,1.8504,-999.0,26.75,27.22,26.18,79.93,2.09,2.79,1.86,100.24
19971225,0.05,6.4075,-999.0,1.764,-999.0,27.08,27.88,26.34,77.31,2.88,4.2,2.54,100.26
19971226,4.12,4.7822,-999.0,4.6368,-999.0,26.7,27.15,26.02,80.78,2.65,5.18,2.36,100.26
19971227,3.04,5.5913,-999.0,3.9408,-999.0,26.63,27.68,25.78,79.2,1.8,3.81,1.62,100.2
19971228,0.47,5.9647,-999.0,3.0816,-999.0,26.31,27.13,25.63,81.98,2.24,3.39,2.0,100.23
19971229,5.34,5.5164,-999.0,4.1592,-999.0,26.44,27.03,26.02,82.67,2.31,3.11,2.08,100.22
19971230,8.5,4.7604,-999.0,4.404,-999.0,25.65,25.99,25.38,88.81,3.32,4.27,2.9,100.22
19971231,11.25,3.2983,-999.0,2.7096,-999.0,25.38,25.57,25.04,86.55,2.25,3.27,2.0,100.21
19980101,8.13,4.903,-999.0,4.5792,-999.0,26.07,27.3,24.63,80.51,1.77,2.68,1.58,100.16
19980102,3.19,4.5413,-999.0,3.6576,-999.0,26.74,27.33,26.17,83.72,2.46,3.7,2.2,100.11
19980103,6.81,3.7963,-999.0,3.4224,-999.0,26.92,27.65,26.06,85.74,2.15,3.65,1.94,100.21
19980104,4.88,3.7414,-999.0,2.9496,-999.0,26.8,27.47,26.31,85.7,2.07,3.29,1.79,100.29
19980105,9.69,5.587,-999.0,3.864,-999.0,26.7,27.21,26.05,85.18,2.33,3.21,2.08,100.22
19980106,12.08,4.9433,-999.0,4.5792,-999.0,26.94,27.92,25.88,83.65,2.23,3.03,2.05,100.17
19980107,1.99,4.9222,-999.0,3.7296,-999.0,27.23,28.27,26.25,81.96,1.91,4.12,1.7,100.16
19980108,1.15,4.7818,-999.0,4.5408,-999.0,27.11,28.02,26.27,83.2,1.38,2.27,1.27,100.05
19980109,6.84,5.1348,-999.0,3.6648,-999.0,27.24,28.24,26.25,82.15,1.65,2.86,1.51,99.93
19980110,5.87,4.4702,-999.0,4.308,-999.0,27.34,28.28,26.46,83.84,2.06,3.66,1.88,99.92
19980111,5.28,4.4597,-999.0,4.0296,-999.0,26.92,27.23,26.46,90.19,3.13,3.78,2.76,99.96
19980112,4.63,4.1112,-999.0,4.0488,-999.0,27.33,27.81,26.6,86.64,2.43,3.47,2.18,99.83
19980113,5.12,3.9264,-999.0,3.3864,-999.0,27.31,27.76,26.93,86.24,1.56,2.95,1.46,99.8
19980114,16.18,4.6637,-999.0,4.5048,-999.0,27.71,28.56,27.22,84.86,3.4,4.84,2.95,99.93
19980115,18.14,5.383,-999.0,4.2552,-999.0,27.1,27.49,26.78,89.75,4.01,4.82,3.49,99.93
19980116,88.19,4.1568,-999.0,3.8976,-999.0,26.75,27.11,26.23,89.74,4.11,5.81,3.56,99.96
19980117,45.58,4.5218,-999.0,4.7592,-999.0,26.94,27.68,26.14,89.28,4.07,6.66,3.48,100.12
19980118,4.94,5.9472,-999.0,3.3312,-999.0,26.89,27.77,25.88,82.51,1.82,5.58,1.61,100.15
19980119,7.42,3.5273,-999.0,3.2448,-999.0,27.53,28.12,26.99,80.05,1.48,2.57,1.37,100.15
19980120,17.05,4.2648,-999.0,3.7656,-999.0,27.68,28.82,26.39,81.66,1.39,1.89,1.25,100.22
19980121,3.87,5.1691,-999.0,3.72,-999.0,27.89,29.26,26.86,79.42,2.17,3.53,1.94,100.17
19980122,0.36,6.7282,-999.0,1.7832,-999.0,27.83,29.15,26.62,75.03,2.04,2.54,1.82,100.08
19980123,1.64,5.8464,-999.0,3.528,-999.0,27.86,28.37,27.45,77.75,2.3,3.48,2.08,100.04
19980124,3.31,4.5173,-999.0,3.9456,-999.0,27.5,28.09,27.16,81.94,2.76,3.55,2.48,100.13
19980125,4.89,5.3052,-999.0,4.1232,-999.0,27.75,29.23,26.67,79.69,2.09,3.66,1.9,100.2
19980126,1.29,4.9978,-999.0,3.8472,-999.0,28.08,29.22,26.58,76.19,1.86,2.67,1.65,100.17
19980127,1.39,5.4317,-999.0,4.1472,-999.0,27.78,28.55,26.99,79.21,2.2,3.11,2.0,100.22
19980128,1.81,5.1902,-999.0,4.6752,-999.0,27.75,29.04,26.84,81.03,2.14,4.54,1.91,100.26
19980129,5.26,3.3478,-999.0,3.0816,-999.0,27.85,29.43,26.57,81.33,1.74,3.06,1.53,100.28
19980130,1.86,3.7608,-999.0,3.4056,-999.0,28.3,29.58,27.19,75.78,1.82,2.95,1.62,100.27
19980131,0.32,3.9655,-999.0,3.7704,-999.0,28.16,29.23,27.23,80.2,2.44,4.59,2.19,100.29
19980201,1.13,4.3644,-999.0,4.0872,-999.0,28.42,29.71,27.28,79.9,2.32,3.53,2.09,100.2
19980202,3.27,3.8371,-999.0,3.7704,-999.0,28.27,28.99,27.52,83.64,3.14,4.08,2.79,100.14
19980203,2.85,4.0418,-999.0,3.564,-999.0,27.59,28.47,26.84,84.33,2.23,3.71,2.02,100.22
19980204,7.67,4.1998,-999.0,4.008,-999.0,27.25,28.18,26.35,84.78,1.72,2.93,1.56,100.22
19980205,30.47,4.8406,-999.0,4.584,-999.0,27.39,28.8,26.43,86.25,2.05,3.15,1.81,100.17
19980206,16.66,4.7071,-999.0,4.2744,-999.0,27.46,28.51,26.5,83.26,2.57,4.1,2.24,100.12
19980207,3.78,4.865,-999.0,4.8744,-999.0,28.04,29.05,26.97,80.74,2.32,3.73,2.08,100.15
19980208,4.11,6.1087,-999.0,3.5976,-999.0,28.61,29.96,27.48,74.53,1.73,2.71,1.55,100.19
19980209,2.16,6.4536,-999.0,2.7288,-999.0,28.32,29.32,27.27,73.94,1.97,2.68,1.8,100.27
19980210,1.72,5.7127,-999.0,4.6992,-999.0,28.01,29.17,27.05,78.51,1.77,3.44,1.6,100.26
19980211,0.59,5.9064,-999.0,3.8688,-999.0,28.15,29.61,26.84,75.53,1.9,3.77,1.72,100.22
19980212,0.43,5.9165,-999.0,4.0104,-999.0,28.39,29.68,27.12,73.77,1.38,3.51,1.24,100.17
19980213,0.75,5.0371,-999.0,4.4352,-999.0,28.46,29.37,27.56,78.05,2.16,3.85,1.93,100.19
19980214,4.03,3.8777,-999.0,3.4632,-999.0,27.11,27.8,26.54,84.25,3.8,4.93,3.35,100.29
19980215,13.17,3.8753,-999.0,3.8472,-999.0,27.01,27.96,26.08,79.77,2.38,3.96,2.09,100.24
19980216,10.63,4.5254,-999.0,4.7592,-999.0,26.23,27.3,25.1,84.89,2.3,4.78,2.03,100.2
19980217,11.99,4.0286,-999.0,3.9624,-999.0,26.7,27.12,26.14,89.61,4.24,5.87,3.65,100.12
19980218,13.82,4.512,-999.0,4.1184,-999.0,27.11,28.17,26.18,87.57,3.18,4.59,2.78,100.11
19980219,22.0,4.6834,-999.0,4.3104,-999.0,27.22,27.71,26.53,87.08,4.88,6.13,4.17,100.17
19980220,1.12,5.3801,-999.0,3.2904,-999.0,26.4,27.52,25.86,79.07,1.81,3.68,1.61,100.24
19980221,2.03,6.143,-999.0,3.972,-999.0,27.02,28.21,26.07,75.25,1.54,2.85,1.38,100.31
19980222,0.18,4.5235,-999.0,4.1688,-999.0,27.67,28.38,26.97,78.24,1.39,2.16,1.25,100.26
19980223,0.48,2.2183,-999.0,1.7928,-999.0,28.1,28.58,27.45,81.67,2.42,3.66,2.18,100.17
19980224,2.44,5.3364,-999.0,4.5696,-999.0,28.77,29.6,27.98,81.58,3.2,4.6,2.85,100.12
19980225,2.77,5.748,-999.0,4.476,-999.0,28.57,29.05,28.24,81.76,3.06,4.95,2.74,100.14
19980226,4.64,4.5497,-999.0,4.308,-999.0,28.42,29.19,27.88,83.51,4.17,6.77,3.63,100.01
19980227,24.32,5.6345,-999.0,4.7496,-999.0,27.78,28.27,27.23,85.24,2.92,5.66,2.57,100.08
19980228,4.95,6.1685,-999.0,3.8328,-999.0,28.61,29.83,27.18,78.23,2.19,3.5,1.96,100.1
19980301,2.48,6.3842,-999.0,3.42,-999.0,28.72,30.12,27.64,78.19,1.92,3.46,1.77,100.06
19980302,3.94,6.2765,-999.0,3.4536,-999.0,28.96,30.53,27.72,73.39,2.45,4.06,2.17,100.03
19980303,2.1,5.3683,-999.0,5.0808,-999.0,27.78,28.3,27.39,80.71,1.89,3.23,1.74,100.16
19980304,15.38,4.5334,-999.0,4.728,-999.0,27.53,28.08,27.2,82.9,1.86,2.81,1.68,100.16
19980305,9.68,5.4178,-999.0,4.992,-999.0,28.19,28.91,27.39,84.0,2.25,3.97,2.02,100.01
19980306,5.18,4.5799,-999.0,3.6696,-999.0,27.98,28.49,27.33,84.33,2.64,3.92,2.38,99.99
19980307,8.21,3.7853,-999.0,3.6624,-999.0,27.57,27.87,27.32,88.04,3.11,5.26,2.71,99.97
19980308,2.16,3.6775,-999.0,3.5328,-999.0,27.58,28.26,26.67,83.63,2.28,3.59,1.98,100.01
19980309,1.73,5.287,-999.0,5.1696,-999.0,27.91,28.58,27.05,81.98,3.25,4.78,2.83,100.02
19980310,2.33,4.1393,-999.0,4.1448,-999.0,27.31,28.15,26.95,86.49,3.1,5.06,2.71,100.15
19980311,2.86,5.9292,-999.0,3.9576,-999.0,27.72,28.38,26.95,81.44,2.47,4.61,2.16,100.19
19980312,7.71,4.5377,-999.0,4.1688,-999.0,27.3,27.71,27.03,82.29,1.2,2.28,1.05,100.25
19980313,36.39,3.6372,-999.0,3.4056,-999.0,27.42,27.97,26.73,83.73,2.78,6.27,2.42,100.2
19980314,64.33,5.2894,-999.0,5.1024,-999.0,27.67,28.03,27.15,85.44,4.75,6.95,4.12,100.13
19980315,17.32,6.0636,-999.0,3.7296,-999.0,27.88,28.13,27.3,84.24,3.63,6.18,3.19,100.07
19980316,9.68,5.394,-999.0,4.62,-999.0,27.92,28.79,27.04,81.03,2.59,3.65,2.36,100.17
19980317,5.64,4.5574,-999.0,4.3032,-999.0,28.35,29.31,27.35,80.3,2.37,3.55,2.17,100.13
19980318,21.96,5.3124,-999.0,5.424,-999.0,27.47,28.19,26.1,87.74,3.21,5.19,2.85,100.06
19980319,16.54,5.3129,-999.0,5.136,-999.0,27.32,28.12,26.1,85.13,2.6,3.51,2.33,100.14
19980320,3.88,5.2577,-999.0,4.9032,-999.0,27.52,28.24,26.95,82.95,3.73,5.33,3.28,100.16
19980321,4.89,4.2974,-999.0,4.1352,-999.0,27.34,27.97,26.65,83.77,3.43,5.4,3.01,100.15
19980322,5.21,4.2547,-999.0,3.8664,-999.0,26.92,27.66,26.22,84.88,2.22,3.79,1.98,100.13
19980323,7.8,5.4883,-999.0,5.1888,-999.0,27.69,28.48,26.76,81.99,3.07,4.34,2.76,100.1
19980324,7.95,3.1692,-999.0,2.832,-999.0,27.25,27.86,26.44,85.3,2.09,3.27,1.94,100.08
19980325,3.04,4.6579,-999.0,3.6576,-999.0,28.76,29.94,27.48,78.4,1.71,2.53,1.56,99.93
19980326,1.94,5.5056,-999.0,4.5792,-999.0,29.34,30.49,28.29,74.53,1.77,2.67,1.59,99.98
19980327,3.34,5.1413,-999.0,3.8184,-999.0,29.47,30.63,28.55,75.42,1.85,3.86,1.67,99.97
19980328,4.85,3.288,-999.0,2.9064,-999.0,28.85,29.47,28.29,81.87,1.76,2.94,1.66,99.97
19980329,2.49,3.9826,-999.0,3.8184,-999.0,29.09,30.2,28.23,79.23,2.52,3.23,2.26,100.0
19980330,3.78,4.9454,-999.0,4.476,-999.0,28.24,29.19,27.49,84.27,2.36,4.21,2.12,100.07
19980331,8.08,5.3681,-999.0,4.6392,-999.0,27.87,28.7,27.16,86.47,3.66,4.5,3.24,100.04
19980401,3.2,5.2397,-999.0,3.9816,-999.0,28.09,28.76,27.45,86.29,3.89,5.32,3.42,100.03
19980402,4.17,2.9806,-999.0,2.628,-999.0,27.73,28.08,27.35,84.94,3.13,5.52,2.76,100.08
19980403,5.6,4.313,-999.0,4.104,-999.0,28.69,29.94,27.83,81.39,2.13,3.68,1.9,99.98
19980404,3.9,4.3238,-999.0,4.0512,-999.0,28.5,29.03,28.14,83.03,1.59,2.15,1.43,100.04
19980405,4.58,4.873,-999.0,4.2144,-999.0,28.67,29.43,28.18,83.06,1.45,2.71,1.33,100.06
19980406,5.39,4.319,-999.0,4.0368,-999.0,28.85,30.06,28.03,83.39,2.67,3.63,2.4,100.02
19980407,5.13,4.8338,-999.0,4.1304,-999.0,28.31,29.0,27.77,86.44,3.35,4.87,2.96,99.96
19980408,5.53,5.4192,-999.0,4.1448,-999.0,28.13,28.6,27.84,84.25,2.71,4.77,2.41,99.87
19980409,4.69,5.5802,-999.0,4.416,-999.0,28.26,28.95,27.62,83.09,1.71,2.85,1.59,99.77
19980410,10.08,4.5348,-999.0,3.9216,-999.0,28.24,28.84,27.93,86.89,3.08,4.97,2.76,99.81
19980411,13.45,4.71,-999.0,4.1928,-999.0,28.31,29.02,27.78,87.6,3.33,5.07,2.95,99.93
19980412,19.49,5.6446,-999.0,3.8784,-999.0,27.79,28.1,27.44,90.17,4.43,5.66,3.85,99.87
19980413,27.09,5.2334,-999.0,4.6848,-999.0,27.74,28.03,27.48,88.46,4.35,5.47,3.79,99.8
19980414,17.37,5.9592,-999.0,3.1632,-999.0,28.47,29.36,27.33,82.54,3.36,4.13,3.0,99.91
19980415,15.41,6.4639,-999.0,2.412,-999.0,28.6,29.1,28.13,83.48,3.54,4.62,3.14,100.01
19980416,6.02,5.5361,-999.0,4.5672,-999.0,28.21,28.9,27.45,85.67,3.77,4.39,3.36,100.01
19980417,8.79,5.4458,-999.0,4.4256,-999.0,27.86,28.65,27.25,85.56,3.39,4.39,3.01,100.0
19980418,5.64,5.4799,-999.0,4.164,-999.0,27.78,28.51,27.3,86.77,3.94,5.09,3.44,100.0
19980419,10.34,3.4738,-999.0,3.048,-999.0,27.57,28.5,26.9,88.29,5.12,5.55,4.41,99.98
19980420,4.4,5.7173,-999.0,4.3128,-999.0,28.31,28.71,27.58,82.33,3.12,4.33,2.75,100.06
19980421,3.74,5.2939,-999.0,4.4736,-999.0,29.18,30.1,28.26,76.83,2.24,3.32,2.03,100.07
19980422,5.72,5.8315,-999.0,3.8112,-999.0,29.76,31.19,28.21,75.35,2.04,3.02,1.84,100.02
19980423,10.47,6.1157,-999.0,3.3864,-999.0,28.69,29.72,27.86,84.21,2.87,5.0,2.56,100.05
19980424,9.36,5.2217,-999.0,5.1336,-999.0,28.19,28.55,27.79,86.68,3.28,4.76,2.88,100.1
19980425,3.38,5.6522,-999.0,3.8184,-999.0,28.95,30.13,27.91,81.63,3.8,5.6,3.32,100.06
19980426,4.13,5.3954,-999.0,4.08,-999.0,28.84,29.45,28.17,81.73,2.47,3.23,2.2,99.99
19980427,20.56,4.836,-999.0,3.4272,-999.0,28.52,28.78,28.17,83.56,3.6,5.41,3.16,100.01
19980428,12.31,3.6106,-999.0,2.94,-999.0,27.22,27.95,26.82,86.87,3.83,5.43,3.36,100.09
19980429,7.65,5.2999,-999.0,4.7016,-999.0,27.32,27.67,27.0,83.66,1.86,3.05,1.66,100.07
19980430,27.07,5.0837,-999.0,4.6392,-999.0,27.74,28.34,27.12,84.56,2.86,3.42,2.55,100.02
19980501,11.81,5.1353,-999.0,4.8864,-999.0,28.46,29.34,27.31,79.97,1.6,3.31,1.5,99.97
19980502,6.13,4.6819,-999.0,4.2816,-999.0,28.74,29.63,28.15,81.61,1.5,3.03,1.39,99.95
19980503,13.45,5.2229,-999.0,4.9344,-999.0,28.14,28.86,27.66,86.47,2.65,4.16,2.41,99.93
19980504,6.05,4.6248,-999.0,4.5096,-999.0,27.81,28.72,26.86,84.35,3.43,4.41,3.05,99.82
19980505,7.99,3.4063,-999.0,3.012,-999.0,28.54,29.34,27.8,80.11,2.59,3.69,2.34,99.72
19980506,6.31,5.1007,-999.0,4.3104,-999.0,28.29,28.75,27.71,83.64,1.3,1.89,1.26,99.78
19980507,3.96,3.5486,-999.0,3.0024,-999.0,29.23,30.7,28.08,80.05,1.39,3.05,1.27,99.81
19980508,8.6,4.4374,-999.0,4.0368,-999.0,28.75,29.2,28.44,84.94,1.89,4.28,1.7,99.8
19980509,10.25,2.8421,-999.0,2.5584,-999.0,28.08,28.41,27.68,85.44,3.33,4.98,2.89,99.71
19980510,6.09,5.4737,-999.0,3.408,-999.0,28.28,28.83,27.91,83.82,2.94,5.25,2.58,99.62
19980511,28.28,4.4045,-999.0,3.744,-999.0,28.24,28.66,27.91,89.28,4.94,6.47,4.25,99.62
19980512,38.26,3.9881,-999.0,3.9528,-999.0,28.18,28.88,27.7,87.48,3.45,4.77,3.08,99.62
19980513,21.07,4.7537,-999.0,4.0704,-999.0,28.13,28.58,27.8,89.45,3.6,6.2,3.16,99.64
19980514,27.25,3.1961,-999.0,2.8944,-999.0,28.11,28.39,27.56,88.62,4.82,7.53,4.16,99.76
19980515,3.37,6.005,-999.0,2.5632,-999.0,28.63,29.56,27.73,79.66,3.15,7.28,2.76,99.8
19980516,11.29,4.7064,-999.0,3.7128,-999.0,28.54,28.99,27.97,83.49,3.6,4.78,3.16,99.85
19980517,12.5,4.1275,-999.0,3.0696,-999.0,28.26,28.8,27.82,84.74,4.25,6.08,3.69,100.07
19980518,5.15,5.7377,-999.0,3.5736,-999.0,28.55,29.47,27.68,82.08,3.51,4.62,3.11,100.08
19980519,2.98,1.8936,-999.0,1.836,-999.0,29.15,29.99,28.11,79.83,5.01,6.9,4.33,99.97
19980520,1.58,6.1406,-999.0,2.3904,-999.0,29.68,30.33,29.08,73.48,2.02,3.38,1.78,100.0
19980521,1.59,5.3964,-999.0,3.732,-999.0,28.91,29.68,28.22,79.23,2.16,3.74,1.9,100.13
19980522,1.97,4.613,-999.0,3.7728,-999.0,29.23,30.09,28.42,71.45,1.82,3.73,1.6,100.05
19980523,1.81,5.8202,-999.0,2.8656,-999.0,28.64,29.02,28.31,83.5,3.25,5.19,2.83,99.97
19980524,2.63,4.656,-999.0,3.78,-999.0,27.99,28.29,27.72,84.78,4.46,5.99,3.84,100.04
19980525,2.71,4.5818,-999.0,3.7416,-999.0,27.99,28.33,27.4,84.53,3.43,4.39,3.01,100.03
19980526,2.88,5.3378,-999.0,4.176,-999.0,28.4,28.95,27.68,83.34,3.46,4.08,3.03,100.06
19980527,0.47,5.7833,-999.0,3.0696,-999.0,29.25,30.23,28.45,75.99,1.78,2.8,1.56,100.13
19980528,0.59,5.4552,-999.0,3.3816,-999.0,28.71,29.19,28.23,78.14,2.6,4.83,2.27,100.13
19980529,0.6,5.8757,-999.0,2.1048,-999.0,28.58,29.15,27.82,77.51,2.23,3.71,1.94,99.99
19980530,0.28,5.3945,-999.0,3.0528,-999.0,28.92,29.47,28.35,72.97,2.26,3.7,2.0,99.92
19980531,0.57,5.7144,-999.0,2.9544,-999.0,28.76,29.55,27.76,69.01,1.87,4.28,1.67,100.08
19980601,27.11,4.4333,-999.0,3.2544,-999.0,28.24,29.32,27.48,80.51,2.53,3.49,2.24,100.04
19980602,11.98,4.9968,-999.0,3.396,-999.0,27.59,27.99,27.03,84.07,2.92,4.69,2.58,99.94
19980603,4.49,5.1444,-999.0,3.6888,-999.0,27.65,28.25,27.15,83.98,3.58,4.25,3.11,99.94
19980604,72.67,4.5103,-999.0,4.452,-999.0,26.87,27.39,26.28,88.11,3.24,3.9,2.84,100.05
19980605,29.83,4.176,-999.0,3.264,-999.0,26.73,27.55,25.82,85.87,1.51,2.8,1.34,100.07
19980606,3.92,4.5288,-999.0,3.2184,-999.0,27.19,28.0,26.61,84.33,1.71,2.74,1.52,99.99
19980607,8.99,4.2782,-999.0,3.708,-999.0,26.73,27.16,26.04,86.01,2.58,3.86,2.27,100.07
19980608,9.94,4.2545,-999.0,4.2528,-999.0,25.97,26.63,25.18,87.2,2.31,3.24,2.06,100.13
19980609,2.74,5.4684,-999.0,3.2568,-999.0,26.79,27.5,26.14,82.75,2.12,3.17,1.84,100.12
19980610,6.98,5.7641,-999.0,2.0424,-999.0,27.2,27.9,26.46,81.34,2.22,3.19,1.95,100.18
19980611,46.43,4.9666,-999.0,4.2312,-999.0,27.22,27.76,26.81,84.31,3.65,4.93,3.19,100.15
19980612,15.75,4.6867,-999.0,3.8016,-999.0,27.87,28.57,26.91,82.47,5.63,6.9,4.78,100.0
19980613,5.2,4.8778,-999.0,3.2184,-999.0,28.0,28.59,27.45,83.46,4.25,5.25,3.68,99.97
19980614,5.03,5.729,-999.0,2.4096,-999.0,27.67,27.91,27.43,83.66,4.05,5.02,3.52,100.07
19980615,3.54,3.4558,-999.0,3.3,-999.0,27.71,28.72,26.76,81.41,3.25,3.91,2.85,100.19
19980616,2.06,4.2893,-999.0,3.6456,-999.0,27.37,27.84,26.78,82.8,3.24,4.41,2.84,100.17
19980617,7.38,5.4749,-999.0,3.2136,-999.0,27.24,27.69,26.7,82.69,2.56,3.05,2.25,100.08
19980618,3.59,4.1134,-999.0,3.3648,-999.0,26.89,27.39,26.58,86.51,3.95,4.66,3.46,100.04
19980619,4.65,5.4538,-999.0,2.5872,-999.0,26.87,27.3,26.35,86.95,3.27,4.15,2.87,100.07
19980620,52.93,4.8919,-999.0,3.1248,-999.0,26.92,27.43,26.57,90.31,5.38,9.83,4.59,100.05
19980621,27.57,4.1131,-999.0,3.1848,-999.0,27.09,28.08,25.84,79.6,2.81,6.31,2.47,100.06
19980622,2.13,4.2631,-999.0,4.0872,-999.0,27.5,28.11,26.7,75.71,1.31,2.33,1.14,100.03
19980623,0.63,5.6412,-999.0,2.6472,-999.0,27.61,28.51,26.91,77.15,1.62,2.05,1.43,100.0
19980624,2.02,4.853,-999.0,3.6792,-999.0,27.2,27.69,26.69,82.96,2.41,3.59,2.13,99.98
19980625,4.38,5.0398,-999.0,3.9888,-999.0,27.18,28.08,26.36,83.66,3.19,6.47,2.77,99.97
19980626,0.93,4.1988,-999.0,3.6792,-999.0,26.68,27.09,26.06,84.36,2.45,3.84,2.16,100.01
19980627,0.41,5.5279,-999.0,2.52,-999.0,27.59,28.11,26.73,79.21,1.9,2.33,1.68,99.97
19980628,0.63,4.4911,-999.0,3.5352,-999.0,27.94,28.48,27.43,79.01,2.3,3.23,2.05,99.98
19980629,0.99,5.2368,-999.0,3.3288,-999.0,28.32,29.46,27.4,78.09,3.14,4.79,2.78,99.86
19980630,0.47,5.2742,-999.0,3.6624,-999.0,28.64,29.59,27.73,78.08,3.29,4.17,2.91,99.79
19980701,0.04,4.3106,-999.0,3.624,-999.0,29.25,30.04,28.36,75.25,3.29,4.3,2.89,99.86
19980702,0.06,5.5942,-999.0,2.9784,-999.0,29.31,29.81,28.95,69.07,1.47,2.49,1.32,99.96
19980703,0.13,3.4963,-999.0,3.0816,-999.0,28.85,29.21,28.49,71.24,1.77,2.93,1.58,100.07
19980704,0.5,5.0909,-999.0,3.648,-999.0,27.96,28.43,27.26,78.45,2.37,3.34,2.07,100.18
19980705,2.8,5.4017,-999.0,2.7384,-999.0,26.7,27.34,26.09,82.77,1.9,3.12,1.67,100.25
19980706,1.14,5.0443,-999.0,2.7936,-999.0,26.95,27.6,26.37,79.01,1.49,2.47,1.32,100.24
19980707,0.82,5.5836,-999.0,2.328,-999.0,26.8,27.5,26.06,80.95,1.75,3.85,1.54,100.19
19980708,19.75,5.0383,-999.0,2.9616,-999.0,27.25,27.89,26.55,83.42,3.88,4.77,3.4,100.07
19980709,11.51,5.214,-999.0,3.2784,-999.0,27.59,28.42,26.74,79.79,2.23,3.08,2.0,100.05
19980710,4.95,4.9654,-999.0,3.4968,-999.0,26.77,27.12,26.21,85.81,3.3,4.02,2.9,100.08
19980711,9.39,5.2171,-999.0,3.0168,-999.0,26.46,26.85,25.97,82.76,2.23,2.62,1.97,100.07
19980712,13.87,4.95,-999.0,3.3984,-999.0,26.61,27.26,25.87,81.98,1.76,2.83,1.57,100.08
19980713,2.2,6.0422,-999.0,1.6464,-999.0,27.91,28.75,26.9,70.45,1.16,2.16,1.05,100.11
19980714,0.43,5.0347,-999.0,3.8256,-999.0,28.64,29.66,27.96,70.64,1.71,3.17,1.53,100.05
19980715,9.17,4.9418,-999.0,3.4584,-999.0,27.2,28.26,26.62,83.86,2.83,3.56,2.47,100.06
19980716,5.38,4.2511,-999.0,3.7896,-999.0,26.86,27.43,25.95,84.9,2.6,4.01,2.26,99.97
19980717,7.31,4.5943,-999.0,3.7512,-999.0,26.77,27.09,26.08,88.25,4.05,8.44,3.45,99.9
19980718,19.5,4.2648,-999.0,3.6648,-999.0,27.31,27.96,26.66,85.29,4.55,6.6,3.93,100.0
19980719,59.64,3.5525,-999.0,3.5688,-999.0,27.13,27.94,26.66,87.8,4.3,5.12,3.74,99.99
19980720,45.61,4.8408,-999.0,3.4488,-999.0,26.69,27.14,26.36,87.97,5.09,6.11,4.39,99.94
19980721,21.75,3.7075,-999.0,3.6144,-999.0,26.01,26.51,25.71,88.29,4.46,5.27,3.88,100.0
19980722,13.92,5.5358,-999.0,3.2496,-999.0,25.82,26.48,25.01,87.05,3.12,3.86,2.76,100.0
19980723,2.27,3.7884,-999.0,3.024,-999.0,26.72,27.54,25.72,85.11,3.65,3.99,3.21,99.93
19980724,2.87,4.7971,-999.0,3.0864,-999.0,27.54,28.42,26.54,83.25,4.36,4.9,3.79,99.91
19980725,4.96,4.2305,-999.0,3.108,-999.0,27.79,28.75,27.04,83.29,4.94,5.52,4.28,99.91
19980726,18.47,3.5402,-999.0,3.2136,-999.0,27.42,28.12,26.45,84.8,6.24,8.37,5.3,100.0
19980727,6.36,6.0262,-999.0,1.3536,-999.0,27.4,28.38,26.48,79.41,4.04,5.7,3.53,100.06
19980728,1.61,4.1285,-999.0,4.0704,-999.0,28.52,29.76,27.55,72.64,4.26,5.99,3.72,99.97
19980729,0.8,4.7815,-999.0,4.2504,-999.0,29.13,30.06,28.56,70.48,3.95,6.73,3.45,99.83
19980730,8.29,5.3246,-999.0,3.2856,-999.0,28.39,29.07,27.91,79.9,5.26,6.42,4.53,99.96
19980731,20.34,5.1307,-999.0,3.6744,-999.0,27.92,28.83,26.9,78.89,4.59,5.17,3.98,100.1
19980801,5.54,5.2116,-999.0,3.6648,-999.0,27.22,28.0,25.85,77.64,2.92,3.66,2.62,100.15
19980802,5.67,4.1861,-999.0,4.1616,-999.0,27.92,28.39,27.45,77.84,3.18,4.41,2.81,100.09
19980803,7.43,4.765,-999.0,4.5576,-999.0,27.36,27.69,27.02,80.71,2.17,2.86,1.94,100.16
19980804,9.87,4.1935,-999.0,3.6408,-999.0,26.8,27.29,26.48,85.67,3.73,5.11,3.28,100.14
19980805,11.22,5.1612,-999.0,3.8544,-999.0,26.82,27.21,26.54,83.81,3.89,5.46,3.39,100.1
19980806,15.0,5.2762,-999.0,3.9192,-999.0,27.28,28.0,26.63,81.52,2.56,4.63,2.27,99.99
19980807,13.55,4.7134,-999.0,4.2048,-999.0,26.63,27.15,26.2,88.33,3.56,5.15,3.13,100.01
19980808,9.51,3.8203,-999.0,3.7032,-999.0,26.89,28.11,25.68,83.86,2.22,3.9,2.03,100.0
19980809,23.84,4.4218,-999.0,4.1784,-999.0,26.93,27.43,26.65,87.09,3.38,4.31,3.04,100.02
19980810,8.38,6.035,-999.0,2.6664,-999.0,27.41,28.07,26.49,81.92,2.87,3.38,2.57,100.12
19980811,0.58,5.7631,-999.0,3.2064,-999.0,28.94,30.09,27.72,74.53,3.28,4.04,2.89,100.02
19980812,3.32,5.2795,-999.0,3.816,-999.0,28.3,28.64,27.98,82.49,3.44,4.74,3.03,99.95
19980813,3.75,4.3771,-999.0,4.608,-999.0,27.7,28.3,26.99,81.39,2.96,4.57,2.61,99.92
19980814,13.62,2.7833,-999.0,2.2704,-999.0,27.28,27.64,27.0,82.88,2.39,3.9,2.17,99.97
19980815,66.5,4.943,-999.0,3.6456,-999.0,27.91,28.65,27.44,81.32,3.33,6.98,2.97,99.98
19980816,87.34,4.009,-999.0,3.9024,-999.0,27.24,27.39,27.11,86.05,5.45,8.38,4.65,100.02
19980817,6.99,4.1702,-999.0,3.3888,-999.0,26.92,27.48,26.31,82.39,2.17,3.33,1.91,99.92
19980818,62.7,4.0075,-999.0,2.868,-999.0,27.25,27.97,26.71,85.84,3.61,6.3,3.14,99.9
19980819,37.9,4.1532,-999.0,3.8808,-999.0,26.54,27.11,26.0,86.29,4.24,6.49,3.69,99.95
19980820,40.52,5.2697,-999.0,3.8928,-999.0,27.01,27.88,25.88,81.88,2.09,2.87,1.9,99.85
19980821,22.91,4.6433,-999.0,2.8584,-999.0,26.74,27.42,25.72,83.35,1.5,2.53,1.37,99.88
19980822,23.05,5.0832,-999.0,3.5856,-999.0,26.93,28.15,25.68,80.45,1.73,2.42,1.56,99.95
19980823,8.98,4.1494,-999.0,3.8064,-999.0,26.93,27.71,26.37,86.07,3.44,5.95,3.02,100.03
19980824,10.09,3.5731,-999.0,3.4272,-999.0,26.82,27.19,26.36,84.95,3.55,5.59,3.13,100.1
19980825,9.24,4.6246,-999.0,3.7656,-999.0,27.21,27.63,26.72,80.1,1.61,2.22,1.49,100.05
19980826,12.64,3.3922,-999.0,3.1752,-999.0,26.91,27.42,26.4,84.62,3.53,4.8,3.09,100.07
19980827,3.76,4.4182,-999.0,3.5208,-999.0,26.64,26.99,26.21,89.8,5.05,6.59,4.33,100.1
19980828,4.83,3.8894,-999.0,4.1184,-999.0,26.6,27.21,26.19,84.08,3.29,4.19,2.88,100.18
19980829,39.16,5.4804,-999.0,3.0312,-999.0,26.87,27.63,26.19,87.08,6.22,8.77,5.26,100.03
19980830,66.34,3.727,-999.0,3.576,-999.0,26.42,27.04,25.3,85.08,4.61,6.85,3.94,100.1
19980831,7.35,5.6472,-999.0,3.9672,-999.0,26.33,27.33,25.22,79.72,1.63,2.91,1.43,100.15
19980901,3.76,5.8834,-999.0,3.5184,-999.0,26.77,27.68,26.04,81.86,2.97,4.02,2.63,100.17
19980902,1.34,4.7642,-999.0,4.0824,-999.0,27.56,28.51,26.36,75.45,1.95,2.99,1.73,100.19
19980903,8.24,4.0562,-999.0,3.6912,-999.0,26.08,27.31,25.72,86.79,3.16,4.4,2.79,100.33
19980904,3.05,4.4498,-999.0,4.668,-999.0,26.58,27.18,25.83,84.18,3.63,4.23,3.18,100.32
19980905,2.98,5.7389,-999.0,2.9064,-999.0,27.53,28.05,26.88,80.94,2.7,3.74,2.41,100.09
19980906,29.03,4.7318,-999.0,4.5888,-999.0,27.17,27.69,26.77,87.1,5.16,6.81,4.45,100.01
19980907,38.81,4.2696,-999.0,4.5984,-999.0,27.17,27.55,26.84,87.14,4.82,7.08,4.15,100.04
19980908,21.32,3.4709,-999.0,3.7512,-999.0,27.48,28.08,26.73,82.26,2.5,4.01,2.22,100.1
19980909,6.98,5.0854,-999.0,3.7296,-999.0,27.46,28.0,26.94,82.2,2.94,4.77,2.57,100.12
19980910,4.54,6.0715,-999.0,3.5952,-999.0,27.64,28.75,26.68,82.01,3.19,5.12,2.81,99.99
19980911,3.33,4.4417,-999.0,3.7464,-999.0,27.17,27.48,26.58,85.49,3.42,4.42,2.98,99.9
19980912,3.8,3.9931,-999.0,3.9432,-999.0,26.91,27.69,26.31,87.52,2.85,3.78,2.52,99.95
19980913,5.51,3.9974,-999.0,4.0944,-999.0,26.98,27.33,26.7,86.88,2.64,3.77,2.25,99.94
19980914,8.04,4.4266,-999.0,4.176,-999.0,27.19,27.89,26.68,84.25,2.76,4.45,2.43,99.89
19980915,22.23,3.9509,-999.0,4.3752,-999.0,26.96,27.32,26.64,90.68,5.28,6.8,4.51,99.78
19980916,8.17,3.9895,-999.0,3.3216,-999.0,26.41,26.95,25.74,86.2,4.34,7.15,3.73,100.0
19980917,0.77,4.4201,-999.0,4.044,-999.0,27.03,28.08,25.75,79.47,1.83,3.21,1.63,99.96
19980918,2.95,5.7398,-999.0,2.8704,-999.0,27.75,28.94,27.0,76.9,2.39,4.63,2.1,99.89
19980919,31.94,4.2878,-999.0,3.9096,-999.0,26.76,27.45,25.88,85.48,3.9,5.16,3.41,99.96
19980920,15.53,5.2498,-999.0,4.3512,-999.0,27.18,27.52,26.74,83.48,3.0,5.1,2.65,99.96
19980921,7.92,4.583,-999.0,3.3144,-999.0,27.0,27.52,26.63,85.21,2.48,3.42,2.18,100.01
19980922,11.63,4.9694,-999.0,4.3968,-999.0,27.09,27.92,26.03,84.44,3.64,5.83,3.15,100.05
19980923,11.9,4.8686,-999.0,3.9744,-999.0,26.71,27.17,26.01,84.45,3.83,6.77,3.33,100.16
19980924,14.16,4.981,-999.0,3.6312,-999.0,26.62,27.65,25.87,84.33,2.66,3.4,2.35,100.12
19980925,18.58,3.1646,-999.0,3.3456,-999.0,26.9,27.43,26.08,85.29,4.52,6.47,3.89,100.08
19980926,18.48,3.7502,-999.0,4.0728,-999.0,27.04,27.59,26.62,84.3,4.53,7.3,3.9,100.03
19980927,8.33,4.9061,-999.0,4.0392,-999.0,26.64,27.13,25.98,83.62,2.78,4.2,2.46,100.01
19980928,4.5,4.8082,-999.0,4.512,-999.0,26.75,27.15,26.14,83.17,2.48,4.12,2.19,99.99
19980929,14.54,5.3405,-999.0,3.7296,-999.0,27.01,27.77,26.4,80.95,2.27,4.31,2.0,100.02
19980930,9.6,5.1715,-999.0,4.1112,-999.0,26.41,27.02,26.04,86.57,3.7,4.41,3.26,100.05
19981001,2.64,4.7546,-999.0,4.8288,-999.0,26.33,26.8,25.72,86.02,4.21,4.59,3.67,100.04
19981002,9.98,4.764,-999.0,3.5952,-999.0,26.35,26.78,26.0,85.25,2.31,3.99,2.02,99.99
19981003,5.68,4.8763,-999.0,4.9584,-999.0,26.94,27.56,26.21,86.56,4.89,5.83,4.23,99.9
19981004,4.31,3.2508,-999.0,3.0888,-999.0,27.15,28.31,26.41,85.53,3.62,4.76,3.17,99.89
19981005,19.51,4.9817,-999.0,3.0264,-999.0,26.61,27.79,25.6,85.94,4.91,6.27,4.24,99.97
19981006,2.08,6.0866,-999.0,4.0008,-999.0,26.69,27.34,25.87,83.31,3.92,5.48,3.41,99.97
19981007,1.04,4.4323,-999.0,3.5424,-999.0,26.63,27.3,25.84,81.73,2.33,3.54,2.07,100.0
19981008,8.4,5.1902,-999.0,3.1608,-999.0,27.06,27.59,26.56,81.76,1.91,2.53,1.72,99.97
19981009,2.1,5.9825,-999.0,3.036,-999.0,27.34,27.73,26.87,77.19,1.07,1.82,0.96,99.98
19981010,1.07,5.3645,-999.0,3.024,-999.0,27.57,28.32,26.72,80.23,2.21,3.12,1.95,99.96
19981011,4.89,5.0302,-999.0,4.1496,-999.0,27.23,27.77,26.81,83.33,2.41,3.31,2.13,100.02
19981012,9.25,4.2706,-999.0,4.32,-999.0,27.73,28.79,26.84,77.8,2.22,3.26,1.95,100.01
19981013,19.56,4.4345,-999.0,4.3104,-999.0,26.48,27.22,25.79,86.62,3.55,4.24,3.11,100.07
19981014,23.96,4.2175,-999.0,4.3632,-999.0,26.16,26.91,25.36,84.38,3.88,4.63,3.42,100.05
19981015,6.52,5.4401,-999.0,3.0504,-999.0,26.4,26.86,25.92,82.31,3.57,4.41,3.13,100.11
19981016,4.57,3.2837,-999.0,3.3744,-999.0,26.15,26.44,25.74,82.9,1.91,2.85,1.69,100.24
19981017,6.09,5.0232,-999.0,3.5232,-999.0,26.66,27.24,26.0,82.87,3.49,5.03,3.03,100.27
19981018,24.91,3.8158,-999.0,4.0584,-999.0,26.36,26.78,25.97,85.39,4.86,5.8,4.18,100.19
19981019,17.04,5.0647,-999.0,4.14,-999.0,26.61,27.12,26.1,85.12,4.99,6.12,4.28,100.08
19981020,15.46,5.712,-999.0,2.9136,-999.0,27.3,28.09,26.54,85.26,5.14,6.05,4.4,100.04
19981021,42.41,4.26,-999.0,3.5904,-999.0,26.74,27.18,26.31,87.37,4.83,5.79,4.13,100.07
19981022,27.23,3.2309,-999.0,2.9928,-999.0,26.36,26.84,25.95,86.1,5.11,5.86,4.38,100.04
19981023,24.5,4.837,-999.0,3.1248,-999.0,26.77,27.29,25.9,84.72,3.9,4.86,3.38,99.93
19981024,25.03,4.6886,-999.0,4.332,-999.0,26.63,27.33,25.91,85.64,4.0,6.44,3.44,100.03
19981025,23.14,4.4779,-999.0,4.2048,-999.0,26.8,27.55,26.05,86.76,5.25,7.8,4.48,100.01
19981026,48.0,3.6062,-999.0,3.1752,-999.0,26.16,26.34,26.01,86.93,5.96,7.92,5.07,100.17
19981027,20.36,3.7118,-999.0,3.5232,-999.0,25.9,26.19,25.53,87.62,3.01,3.85,2.67,100.15
19981028,4.88,4.0332,-999.0,3.984,-999.0,26.97,27.93,25.91,83.46,3.88,4.97,3.4,100.12
19981029,7.61,4.5821,-999.0,4.3008,-999.0,26.73,27.37,26.32,87.14,4.39,5.29,3.83,100.05
19981030,26.77,4.5691,-999.0,4.4976,-999.0,26.35,26.65,26.03,88.43,3.0,5.74,2.61,99.98
19981031,15.37,3.6559,-999.0,3.5088,-999.0,26.62,27.25,25.78,87.46,4.41,5.91,3.84,100.06
19981101,7.93,3.9355,-999.0,3.4176,-999.0,26.93,27.38,26.38,87.04,5.23,6.63,4.47,100.0
19981102,16.0,5.0458,-999.0,3.8616,-999.0,26.66,27.44,26.09,88.18,5.35,6.13,4.6,100.06
19981103,8.82,5.1403,-999.0,3.7896,-999.0,26.77,27.58,26.13,85.97,5.18,6.59,4.47,100.03
19981104,67.28,4.746,-999.0,3.0744,-999.0,27.06,27.95,26.38,86.52,6.57,8.37,5.55,99.96
19981105,44.02,3.7433,-999.0,3.4008,-999.0,27.03,27.52,26.69,86.45,7.24,7.9,6.08,99.93
19981106,12.04,4.5811,-999.0,4.7616,-999.0,26.87,27.2,26.61,86.41,5.95,6.47,5.07,99.92
19981107,4.99,6.4699,-999.0,2.22,-999.0,27.36,28.0,26.75,81.65,5.26,5.74,4.51,99.95
19981108,1.17,5.6947,-999.0,3.1992,-999.0,27.28,27.76,26.91,79.09,4.58,5.82,3.94,99.99
19981109,0.96,5.3966,-999.0,3.5304,-999.0,27.07,27.78,26.08,77.54,4.25,7.17,3.65,100.08
19981110,14.45,4.7846,-999.0,3.0168,-999.0,26.89,27.46,26.28,82.59,3.51,5.13,3.08,100.08
19981111,32.03,3.4123,-999.0,3.2784,-999.0,26.66,27.02,26.24,86.49,4.94,5.98,4.25,100.08
19981112,13.41,3.8026,-999.0,3.4128,-999.0,26.68,27.51,25.9,83.39,4.92,6.17,4.24,100.04
19981113,3.62,4.9061,-999.0,4.8264,-999.0,26.25,26.68,25.73,82.15,3.53,4.57,3.09,100.0
19981114,5.03,5.1041,-999.0,3.5784,-999.0,26.56,27.58,25.94,84.58,3.67,4.49,3.2,99.99
19981115,18.18,4.3764,-999.0,3.5856,-999.0,26.72,27.74,25.93,78.02,4.86,6.36,4.17,100.16
19981116,26.36,3.1783,-999.0,2.7504,-999.0,26.21,26.97,25.5,85.84,6.42,7.46,5.43,100.09
19981117,19.07,3.559,-999.0,3.2448,-999.0,26.74,27.32,26.22,80.98,6.45,8.05,5.47,99.96
19981118,27.79,3.2206,-999.0,2.5608,-999.0,27.25,27.88,26.43,82.02,5.88,7.42,4.98,99.96
19981119,19.32,4.3994,-999.0,3.9456,-999.0,27.66,28.14,27.09,80.79,4.58,5.53,3.91,100.0
19981120,9.67,4.8278,-999.0,4.1688,-999.0,27.38,27.63,27.1,82.47,4.27,5.8,3.66,100.04
19981121,4.83,4.1136,-999.0,3.7104,-999.0,26.87,27.31,26.08,83.76,3.54,4.92,3.07,100.14
19981122,4.29,4.5199,-999.0,3.7392,-999.0,26.23,27.04,25.59,83.74,1.96,2.5,1.75,100.17
19981123,4.28,5.2646,-999.0,3.4152,-999.0,26.76,27.68,25.78,79.43,1.62,2.75,1.45,100.13
19981124,8.05,5.5546,-999.0,3.2424,-999.0,26.66,26.97,26.18,83.05,2.56,3.19,2.26,100.11
19981125,3.76,5.1408,-999.0,4.2072,-999.0,26.7,27.15,26.32,83.32,3.27,3.88,2.86,100.03
19981126,3.22,5.8632,-999.0,2.9928,-999.0,26.89,27.51,26.15,81.75,4.05,5.36,3.53,100.03
19981127,8.68,3.991,-999.0,3.6096,-999.0,27.32,27.8,26.86,81.52,4.54,5.71,3.89,100.07
19981128,0.96,4.9135,-999.0,3.5808,-999.0,26.79,27.26,26.41,80.46,2.37,3.04,2.08,100.01
19981129,7.12,5.3758,-999.0,2.7192,-999.0,26.74,27.44,26.08,82.32,2.72,4.38,2.39,100.06
19981130,7.5,3.4205,-999.0,3.0456,-999.0,25.66,26.53,25.19,87.97,2.46,4.1,2.18,100.22
19981201,8.77,4.2574,-999.0,3.5832,-999.0,25.36,26.42,24.46,85.8,2.36,3.68,2.07,100.22
19981202,2.87,5.0746,-999.0,3.2568,-999.0,25.64,26.85,24.32,82.74,1.55,3.0,1.36,100.12
19981203,4.5,4.7316,-999.0,3.3048,-999.0,25.96,26.26,25.63,87.3,2.82,3.37,2.5,100.1
19981204,3.49,5.4043,-999.0,3.432,-999.0,26.47,27.22,25.99,85.11,2.56,3.38,2.25,100.04
19981205,6.29,4.0457,-999.0,3.6048,-999.0,26.16,27.0,25.52,86.89,2.66,6.21,2.34,100.0
19981206,8.08,3.6444,-999.0,3.2616,-999.0,26.66,27.15,26.29,87.12,5.37,6.67,4.6,100.07
19981207,6.79,5.4444,-999.0,3.3648,-999.0,26.64,27.07,25.87,85.1,3.21,4.35,2.82,100.05
19981208,7.11,4.2199,-999.0,3.7296,-999.0,27.0,27.68,26.46,83.75,4.93,6.27,4.25,100.05
19981209,18.32,5.7233,-999.0,2.3928,-999.0,27.43,28.49,26.57,82.79,3.21,4.01,2.88,100.02
19981210,37.3,4.3651,-999.0,4.272,-999.0,26.84,27.5,26.02,88.77,4.17,5.46,3.63,100.05
19981211,7.49,4.1018,-999.0,3.552,-999.0,26.49,26.85,25.91,87.52,3.76,5.43,3.25,100.06
19981212,9.4,3.4262,-999.0,2.8584,-999.0,26.6,27.21,26.03,87.15,4.08,5.47,3.5,100.06
19981213,5.16,4.381,-999.0,4.0824,-999.0,26.48,27.0,26.05,85.47,3.63,4.74,3.14,100.07
19981214,21.85,3.8618,-999.0,3.3312,-999.0,26.09,26.62,25.49,88.65,4.28,6.34,3.7,100.11
19981215,21.57,3.9326,-999.0,3.4272,-999.0,26.4,26.82,26.08,88.11,5.57,6.79,4.72,100.07
19981216,8.18,3.3223,-999.0,2.8728,-999.0,26.13,26.36,25.7,86.57,3.88,5.87,3.36,100.07
19981217,23.04,3.5635,-999.0,3.0816,-999.0,26.38,26.69,25.9,88.42,4.48,5.38,3.87,100.07
19981218,35.82,3.2518,-999.0,2.544,-999.0,26.36,26.86,25.8,88.73,5.51,7.46,4.7,100.02
19981219,83.89,3.0418,-999.0,2.4984,-999.0,26.76,27.21,26.13,86.45,7.58,8.22,6.32,99.94
19981220,18.69,4.219,-999.0,3.9648,-999.0,26.43,27.01,25.81,86.1,7.1,9.24,5.95,99.89
19981221,10.54,5.0753,-999.0,4.2312,-999.0,26.32,26.69,25.92,86.31,5.03,5.5,4.33,99.89
19981222,7.81,4.1498,-999.0,3.3216,-999.0,26.63,27.6,25.72,85.44,5.31,6.43,4.56,99.92
19981223,11.37,4.1225,-999.0,3.9456,-999.0,26.64,27.63,25.99,86.75,4.54,4.94,3.93,99.93
19981224,10.54,3.8386,-999.0,2.8032,-999.0,25.66,26.16,25.22,86.72,2.14,4.67,1.9,100.03
19981225,13.31,4.5547,-999.0,4.0416,-999.0,25.76,26.14,25.2,86.21,2.0,3.96,1.76,100.06
19981226,4.31,3.5122,-999.0,3.1008,-999.0,25.43,25.8,25.15,88.35,2.86,3.87,2.54,100.05
19981227,5.3,3.9007,-999.0,3.4632,-999.0,25.5,25.92,24.94,87.32,2.54,3.99,2.24,100.09
19981228,3.11,4.9726,-999.0,3.912,-999.0,25.99,26.32,25.78,85.84,3.32,4.38,2.94,100.15
19981229,8.74,3.3055,-999.0,2.6352,-999.0,25.89,26.59,25.45,86.69,2.83,3.69,2.52,100.07
19981230,28.45,4.4938,-999.0,3.2832,-999.0,26.47,27.09,25.77,87.11,4.61,6.08,4.01,99.96
19981231,37.87,4.2403,-999.0,4.1568,-999.0,26.57,26.77,26.39,87.71,6.01,7.2,5.13,99.97
19990101,48.24,3.8702,-999.0,3.2808,-999.0,26.96,27.39,26.59,87.77,7.31,8.5,6.14,99.96
19990102,33.21,4.1753,-999.0,3.4848,-999.0,27.19,27.75,26.89,86.3,6.59,7.84,5.56,99.94
19990103,9.04,4.0894,-999.0,3.8808,-999.0,26.4,26.84,25.7,86.09,4.55,5.81,3.95,99.94
19990104,6.06,5.3453,-999.0,4.9176,-999.0,25.61,26.06,25.34,85.58,2.88,3.5,2.57,99.94
19990105,8.56,5.185,-999.0,3.8904,-999.0,25.89,26.61,25.16,87.56,3.52,4.03,3.09,99.85
19990106,2.76,4.9013,-999.0,3.5856,-999.0,25.86,26.2,25.66,85.87,3.6,4.6,3.16,99.84
19990107,3.62,5.1638,-999.0,3.1992,-999.0,26.3,27.16,25.53,85.16,3.53,4.44,3.08,99.84
19990108,8.17,4.8991,-999.0,4.2216,-999.0,26.19,26.91,25.77,88.23,3.16,4.11,2.8,99.82
19990109,32.02,4.4268,-999.0,3.8712,-999.0,25.67,26.16,25.07,87.94,2.58,3.87,2.3,99.92
19990110,11.03,4.1335,-999.0,3.6768,-999.0,26.12,26.43,25.71,89.01,4.94,6.24,4.25,100.01
19990111,5.36,4.7105,-999.0,4.5696,-999.0,26.04,26.36,25.39,88.58,3.66,4.73,3.21,100.01
19990112,2.34,4.2977,-999.0,4.1352,-999.0,26.3,26.98,25.41,84.33,1.92,3.01,1.71,100.0
19990113,5.53,4.1299,-999.0,3.6864,-999.0,26.58,26.86,26.1,84.02,1.45,3.24,1.29,99.99
19990114,5.33,4.1839,-999.0,4.0104,-999.0,27.39,28.44,26.35,77.4,1.41,2.33,1.24,100.0
19990115,5.9,3.7097,-999.0,3.1992,-999.0,27.52,28.54,26.8,78.47,1.28,3.02,1.15,100.01
19990116,14.71,4.2737,-999.0,3.7296,-999.0,27.28,28.16,26.59,81.54,1.79,3.32,1.61,100.03
19990117,6.43,4.3798,-999.0,4.3392,-999.0,27.11,28.14,26.34,82.89,2.37,3.71,2.15,99.95
19990118,11.31,2.958,-999.0,2.2536,-999.0,26.98,28.45,26.16,82.44,2.3,3.99,2.08,99.83
19990119,9.72,5.4583,-999.0,4.3824,-999.0,26.68,27.27,26.01,84.4,2.86,4.06,2.56,99.84
19990120,7.12,5.7293,-999.0,3.5664,-999.0,26.79,27.64,25.94,81.95,1.98,4.24,1.81,99.88
19990121,14.42,4.2689,-999.0,4.164,-999.0,26.55,27.28,25.72,87.75,5.03,6.54,4.35,99.85
19990122,18.42,5.0662,-999.0,5.1168,-999.0,26.67,27.18,26.33,87.32,4.31,5.27,3.76,99.76
19990123,22.97,4.4376,-999.0,3.6168,-999.0,26.79,27.47,26.14,88.07,6.02,7.88,5.11,99.74
19990124,51.16,4.0315,-999.0,3.9072,-999.0,26.78,27.42,26.37,86.6,7.58,9.14,6.34,99.86
19990125,38.97,3.3216,-999.0,3.0024,-999.0,26.63,27.31,26.14,86.62,6.74,7.56,5.7,99.89
19990126,19.42,4.6188,-999.0,3.432,-999.0,26.46,27.15,25.84,85.5,4.2,6.77,3.63,99.82
19990127,23.22,3.7764,-999.0,3.444,-999.0,26.23,26.71,25.66,86.67,4.02,4.94,3.5,99.8
19990128,14.27,3.2993,-999.0,3.0144,-999.0,26.7,27.44,26.03,83.53,2.98,5.28,2.6,99.89
19990129,7.01,4.488,-999.0,4.2552,-999.0,26.14,26.8,25.66,86.94,3.52,4.5,3.1,99.91
19990130,11.65,5.7074,-999.0,4.0848,-999.0,26.0,26.47,25.62,84.84,2.89,3.92,2.56,99.91
19990131,14.8,4.2506,-999.0,4.1976,-999.0,25.95,26.49,25.48,85.58,2.65,3.41,2.32,99.96
19990201,3.5,4.8154,-999.0,4.6656,-999.0,25.7,26.37,24.93,85.11,1.95,3.25,1.73,100.05
19990202,3.54,4.9274,-999.0,3.7656,-999.0,26.43,27.12,25.64,85.43,3.23,3.96,2.82,100.04
19990203,9.6,4.8005,-999.0,4.1424,-999.0,26.2,26.67,25.82,87.34,4.86,6.19,4.17,100.1
19990204,7.77,4.8218,-999.0,4.7136,-999.0,26.56,27.64,25.75,82.03,3.34,4.88,2.93,100.14
19990205,12.63,4.7508,-999.0,4.4904,-999.0,26.15,26.78,25.51,84.47,1.83,2.98,1.64,100.18
19990206,13.01,4.7057,-999.0,3.9288,-999.0,26.09,26.68,25.47,82.46,1.61,3.3,1.41,100.21
19990207,3.59,5.3136,-999.0,3.8016,-999.0,27.28,28.32,26.31,76.41,3.53,4.66,3.09,100.11
19990208,2.89,4.7426,-999.0,3.9024,-999.0,26.8,27.35,26.31,84.21,3.82,4.28,3.34,100.15
19990209,2.6,5.1463,-999.0,3.972,-999.0,27.04,27.66,26.25,79.18,3.12,4.62,2.74,100.1
19990210,0.86,4.9188,-999.0,4.3344,-999.0,27.38,28.42,26.78,76.48,1.78,3.53,1.58,100.04
19990211,29.11,6.2465,-999.0,2.4048,-999.0,26.74,27.57,25.98,83.62,2.35,4.34,2.09,100.14
19990212,18.0,4.9423,-999.0,4.5456,-999.0,26.53,27.2,25.97,83.87,4.04,5.28,3.52,100.26
19990213,9.76,4.7057,-999.0,3.9,-999.0,26.56,26.99,26.19,85.14,4.8,5.88,4.14,100.15
19990214,3.31,5.5526,-999.0,4.1856,-999.0,26.81,27.31,26.14,83.2,3.31,4.91,2.9,100.1
19990215,0.77,4.9368,-999.0,4.2264,-999.0,27.4,28.4,26.38,78.29,1.96,3.44,1.75,100.15
19990216,3.17,2.9638,-999.0,2.5248,-999.0,28.28,29.59,27.19,75.84,2.39,4.15,2.1,100.11
19990217,2.23,4.2125,-999.0,4.1304,-999.0,27.29,28.32,26.5,80.81,1.94,2.57,1.73,100.13
19990218,2.63,5.083,-999.0,4.08,-999.0,26.72,27.49,25.89,85.62,2.45,3.97,2.19,100.16
19990219,4.07,3.1507,-999.0,2.9016,-999.0,26.81,27.16,26.29,83.01,1.03,2.21,0.92,100.06
19990220,20.72,4.7275,-999.0,4.0656,-999.0,27.04,27.89,26.58,81.81,1.63,3.18,1.48,100.0
19990221,11.57,4.0502,-999.0,4.1016,-999.0,26.7,27.72,26.22,82.03,3.07,4.7,2.66,100.07
19990222,6.06,4.045,-999.0,3.696,-999.0,26.94,28.03,25.86,77.9,2.85,4.43,2.49,100.17
19990223,4.46,5.2162,-999.0,3.9696,-999.0,26.22,26.87,25.17,80.63,1.95,3.59,1.73,100.21
19990224,2.58,4.5082,-999.0,3.708,-999.0,26.72,27.41,26.09,81.03,2.53,3.48,2.28,100.07
19990225,23.74,3.9154,-999.0,3.8472,-999.0,26.23,26.86,25.54,88.42,3.61,4.11,3.16,100.02
19990226,71.23,2.905,-999.0,2.4168,-999.0,25.71,25.97,25.27,87.39,3.2,4.38,2.83,100.0
19990227,17.14,5.2339,-999.0,4.2024,-999.0,26.51,27.25,25.65,83.74,2.74,4.55,2.43,99.93
19990228,1.45,5.7396,-999.0,3.9216,-999.0,27.26,28.11,26.42,80.99,3.29,4.62,2.92,99.94
19990301,18.93,4.3694,-999.0,4.3512,-999.0,27.26,28.16,26.42,79.24,3.09,4.29,2.74,99.87
19990302,9.82,4.111,-999.0,4.128,-999.0,26.8,27.42,26.09,82.46,2.97,3.72,2.61,99.75
19990303,23.96,4.973,-999.0,4.6968,-999.0,27.09,27.43,26.53,82.22,3.5,5.81,3.04,99.77
19990304,12.38,3.7123,-999.0,3.4824,-999.0,26.54,27.32,25.82,85.3,3.46,3.86,3.05,99.79
19990305,5.67,5.377,-999.0,5.1072,-999.0,26.81,27.49,26.23,83.61,2.9,3.66,2.56,99.68
19990306,10.11,4.8526,-999.0,4.2192,-999.0,26.81,27.12,26.49,83.41,3.98,5.52,3.46,99.64
19990307,3.99,4.8233,-999.0,3.9096,-999.0,27.31,28.1,26.74,80.31,4.24,5.73,3.68,99.66
19990308,4.36,5.3746,-999.0,4.2912,-999.0,27.46,28.23,26.42,84.69,4.59,6.59,3.97,99.58
19990309,4.98,4.7642,-999.0,3.9216,-999.0,27.14,27.67,26.64,87.65,5.2,6.47,4.46,99.65
19990310,15.94,3.2938,-999.0,2.6496,-999.0,26.95,27.71,26.13,86.21,3.57,4.38,3.13,99.76
19990311,6.89,5.2822,-999.0,4.7784,-999.0,26.52,27.21,25.56,87.25,3.77,5.71,3.29,99.76
19990312,20.12,4.4369,-999.0,4.3224,-999.0,27.2,27.79,26.65,86.93,6.55,7.84,5.54,99.73
19990313,16.14,5.1012,-999.0,3.8256,-999.0,26.64,27.07,26.18,86.65,4.62,7.13,4.01,99.83
19990314,35.89,4.5214,-999.0,4.5432,-999.0,26.13,26.72,25.52,85.54,2.3,3.17,2.07,99.88
19990315,23.62,4.5101,-999.0,3.9408,-999.0,26.23,26.83,25.8,86.31,2.87,4.44,2.56,99.85
19990316,0.48,4.6608,-999.0,4.1784,-999.0,26.45,26.86,25.93,82.55,1.86,2.72,1.66,99.76
19990317,1.89,4.9716,-999.0,4.7616,-999.0,26.99,27.53,26.2,82.39,2.48,3.55,2.19,99.69
19990318,6.7,5.4828,-999.0,5.2056,-999.0,26.7,27.39,26.22,85.92,4.22,5.04,3.68,99.77
19990319,24.83,4.7398,-999.0,3.984,-999.0,26.52,27.18,26.11,86.4,4.15,5.48,3.62,99.78
19990320,22.39,3.7793,-999.0,3.7464,-999.0,26.34,26.66,26.05,88.2,5.69,7.3,4.87,99.82
19990321,6.03,5.1269,-999.0,4.3032,-999.0,26.59,27.22,25.95,85.15,3.84,5.17,3.35,99.83
19990322,4.3,6.0082,-999.0,4.3968,-999.0,26.91,27.64,26.01,80.99,2.23,3.36,1.98,99.92
19990323,6.73,4.8446,-999.0,4.9416,-999.0,26.91,27.54,26.18,83.34,1.91,2.47,1.67,100.0
19990324,2.15,3.6689,-999.0,3.4104,-999.0,26.93,27.17,26.78,82.31,2.18,3.36,1.92,100.07
19990325,1.28,6.5426,-999.0,2.8392,-999.0,27.22,28.08,26.58,77.79,1.39,2.41,1.21,100.07
19990326,6.2,5.1482,-999.0,4.2312,-999.0,26.51,26.93,26.03,84.39,2.79,3.73,2.48,100.09
19990327,2.93,5.219,-999.0,4.92,-999.0,26.82,27.49,25.86,84.34,2.74,3.58,2.42,100.03
19990328,3.33,4.9966,-999.0,3.6768,-999.0,27.81,28.57,26.71,77.84,3.66,4.48,3.21,99.98
19990329,6.19,4.6822,-999.0,4.14,-999.0,26.89,27.43,26.43,86.57,5.09,5.47,4.4,99.97
19990330,5.24,5.3362,-999.0,4.632,-999.0,27.27,27.83,26.38,82.27,5.22,6.81,4.5,99.95
19990331,2.97,6.5198,-999.0,2.136,-999.0,27.35,27.98,26.59,83.84,3.54,4.61,3.1,99.92
19990401,1.68,4.9214,-999.0,3.5784,-999.0,27.35,27.82,27.01,81.75,2.61,4.41,2.32,99.97
19990402,0.61,6.5407,-999.0,2.1528,-999.0,27.55,28.54,26.69,78.08,1.52,2.48,1.36,99.99
19990403,1.01,5.6863,-999.0,3.2112,-999.0,27.52,27.92,27.0,77.14,1.62,2.48,1.43,100.01
19990404,2.0,6.5347,-999.0,3.0072,-999.0,28.07,28.76,27.42,73.08,1.45,2.45,1.28,100.0
19990405,4.7,5.2997,-999.0,3.4584,-999.0,27.76,28.19,27.41,75.8,2.28,2.93,2.01,100.01
19990406,6.02,6.0742,-999.0,2.5056,-999.0,27.41,28.08,26.93,82.24,3.67,4.27,3.21,99.93
19990407,21.12,5.1854,-999.0,3.9696,-999.0,26.68,26.96,26.3,90.05,4.8,5.59,4.14,99.85
19990408,13.54,4.2149,-999.0,3.7056,-999.0,26.25,26.87,25.57,87.94,4.02,5.25,3.52,99.9
19990409,14.82,6.6154,-999.0,2.9928,-999.0,26.71,27.43,26.15,85.95,4.88,6.31,4.21,99.99
19990410,21.67,4.627,-999.0,3.7704,-999.0,26.76,27.25,26.41,81.88,3.33,4.74,2.92,100.06
19990411,36.01,5.1588,-999.0,3.5304,-999.0,26.68,27.17,26.4,85.3,3.84,5.67,3.33,100.07
19990412,11.59,6.0919,-999.0,3.0504,-999.0,26.81,27.51,26.23,86.04,4.31,5.25,3.75,100.01
19990413,9.54,5.274,-999.0,5.2872,-999.0,26.59,26.92,26.24,87.09,5.26,6.23,4.51,100.04
19990414,7.03,5.3726,-999.0,3.1848,-999.0,26.84,27.57,26.05,85.07,5.12,5.79,4.41,100.08
19990415,8.15,4.5458,-999.0,3.7032,-999.0,26.82,27.46,26.43,85.07,3.88,4.81,3.4,100.06
19990416,3.73,4.8521,-999.0,3.804,-999.0,27.23,27.73,26.68,81.51,4.04,5.39,3.51,100.07
19990417,3.51,4.6318,-999.0,3.876,-999.0,27.19,28.05,26.48,82.09,4.17,4.75,3.62,100.03
19990418,3.68,5.2056,-999.0,3.7968,-999.0,27.09,27.97,26.23,82.84,4.34,4.82,3.78,99.97
19990419,1.25,5.7526,-999.0,3.372,-999.0,27.45,28.36,26.6,81.88,3.56,4.49,3.14,99.93
19990420,1.44,5.6878,-999.0,3.8256,-999.0,27.58,28.51,26.57,81.43,2.65,3.36,2.37,99.99
19990421,0.87,5.5303,-999.0,3.2208,-999.0,27.86,28.58,27.22,76.43,2.12,2.72,1.88,100.08
19990422,1.24,6.2561,-999.0,3.096,-999.0,27.72,28.17,27.33,77.72,2.13,2.82,1.88,100.09
19990423,1.96,5.9242,-999.0,4.224,-999.0,27.4,28.1,26.92,79.11,2.31,3.12,2.05,100.02
19990424,0.99,6.5801,-999.0,1.236,-999.0,27.4,27.94,26.63,77.77,1.74,2.52,1.53,99.91
19990425,1.62,3.9096,-999.0,3.4992,-999.0,27.87,28.24,27.28,76.36,2.36,2.85,2.06,99.9
19990426,4.38,5.67,-999.0,3.4584,-999.0,27.89,28.15,27.49,78.52,3.0,3.98,2.63,99.88
19990427,4.95,3.3814,-999.0,2.8392,-999.0,27.71,28.03,27.34,80.0,2.58,4.09,2.26,99.88
19990428,5.55,5.1158,-999.0,3.2184,-999.0,27.52,27.95,27.06,84.09,3.03,3.86,2.66,99.94
19990429,3.9,4.6778,-999.0,3.3264,-999.0,27.08,27.51,26.51,81.54,1.56,2.61,1.37,100.0
19990430,3.19,3.1606,-999.0,2.7792,-999.0,27.29,27.59,26.95,80.65,1.65,2.68,1.47,100.03
19990501,10.76,4.7426,-999.0,4.68,-999.0,27.83,28.75,27.08,81.56,2.41,3.36,2.18,100.02
19990502,8.0,4.4597,-999.0,3.768,-999.0,27.39,27.87,26.95,84.49,3.24,5.04,2.87,99.99
19990503,3.94,5.1242,-999.0,4.4232,-999.0,27.61,28.34,27.13,84.18,3.04,4.35,2.7,99.92
19990504,17.53,2.3258,-999.0,2.0352,-999.0,26.91,27.14,26.62,86.04,5.03,7.59,4.32,100.01
19990505,5.67,5.0722,-999.0,4.0296,-999.0,27.2,27.82,26.53,79.97,2.65,3.61,2.33,100.07
19990506,4.69,4.5103,-999.0,4.4712,-999.0,26.34,26.89,26.06,84.51,2.5,4.22,2.21,100.02
19990507,4.31,5.1958,-999.0,4.464,-999.0,26.3,26.79,25.63,84.6,1.92,3.1,1.68,99.98
19990508,14.24,4.3188,-999.0,4.0608,-999.0,26.69,27.22,26.32,83.86,2.23,3.22,1.98,99.95
19990509,3.41,4.789,-999.0,3.6456,-999.0,26.65,27.03,26.1,85.85,3.0,3.95,2.63,99.97
19990510,9.07,3.312,-999.0,2.9424,-999.0,26.09,26.6,25.54,89.12,3.71,5.11,3.24,100.05
19990511,2.16,5.7814,-999.0,2.9808,-999.0,26.22,26.98,25.23,84.53,1.81,2.35,1.61,100.01
19990512,2.59,4.956,-999.0,3.516,-999.0,26.65,27.23,25.84,81.63,1.75,3.03,1.55,99.97
19990513,6.73,5.1703,-999.0,3.7056,-999.0,27.03,27.87,26.07,82.64,2.26,3.1,2.0,99.93
19990514,13.55,4.5583,-999.0,3.8664,-999.0,26.44,27.11,25.83,85.32,2.2,2.84,1.95,99.91
19990515,2.38,4.548,-999.0,3.5976,-999.0,27.2,27.62,26.65,80.77,2.66,3.19,2.33,99.83
19990516,5.22,5.1185,-999.0,3.2952,-999.0,26.91,27.18,26.76,85.17,2.72,3.4,2.43,99.82
19990517,5.55,3.4291,-999.0,2.6856,-999.0,27.93,29.01,26.76,80.89,1.87,2.79,1.7,99.81
19990518,19.28,4.9385,-999.0,3.8472,-999.0,27.24,27.77,26.35,87.4,3.97,7.11,3.46,99.83
19990519,9.67,5.1043,-999.0,4.368,-999.0,26.54,27.23,26.01,83.14,3.28,7.21,2.85,99.97
19990520,2.2,5.2351,-999.0,3.276,-999.0,26.87,27.48,26.14,84.14,3.11,3.75,2.74,99.96
19990521,2.47,5.2195,-999.0,3.0552,-999.0,26.9,27.44,26.61,83.98,2.57,4.25,2.27,99.97
19990522,8.67,5.1281,-999.0,2.796,-999.0,26.53,27.07,25.89,84.27,2.11,3.18,1.87,99.97
19990523,9.92,5.2618,-999.0,3.4944,-999.0,26.19,26.62,25.84,87.17,3.29,4.04,2.89,100.07
19990524,8.53,5.1511,-999.0,3.3432,-999.0,26.19,26.92,25.74,84.82,1.93,3.64,1.7,99.99
19990525,7.95,4.0049,-999.0,3.8136,-999.0,26.51,27.25,25.99,85.16,4.83,5.88,4.18,100.0
19990526,1.53,5.88,-999.0,2.6064,-999.0,27.44,27.92,26.61,78.07,2.82,3.98,2.52,100.11
19990527,0.11,6.4752,-999.0,0.8808,-999.0,28.18,28.85,27.6,74.14,2.39,2.96,2.15,100.19
19990528,0.08,6.2455,-999.0,1.4616,-999.0,28.05,28.58,27.74,76.51,2.82,3.18,2.51,100.16
19990529,0.06,6.2484,-999.0,1.5192,-999.0,27.74,28.15,27.1,76.52,2.75,3.07,2.44,100.03
19990530,0.03,5.9258,-999.0,2.8896,-999.0,28.31,29.27,27.5,70.9,2.97,3.58,2.62,100.05
19990531,0.1,5.9791,-999.0,2.2224,-999.0,28.18,29.1,27.49,72.38,2.43,3.77,2.12,100.17
19990601,0.16,5.9978,-999.0,2.76,-999.0,28.04,28.91,27.37,73.26,2.1,2.7,1.85,100.14
19990602,1.38,5.4442,-999.0,3.3072,-999.0,27.68,27.94,27.26,77.1,3.1,3.86,2.72,100.13
19990603,2.44,5.3258,-999.0,3.588,-999.0,27.23,27.74,26.53,73.81,3.34,5.25,2.89,100.16
19990604,0.4,5.4312,-999.0,2.7984,-999.0,26.88,27.46,26.34,74.65,2.58,3.23,2.25,100.17
19990605,0.7,4.5454,-999.0,2.5992,-999.0,26.85,27.36,26.31,77.63,2.87,3.27,2.51,100.08
19990606,0.53,5.3162,-999.0,3.036,-999.0,26.99,27.36,26.64,77.3,2.29,3.02,2.0,100.0
19990607,0.88,4.7671,-999.0,4.3704,-999.0,27.17,27.85,26.5,79.29,2.4,2.97,2.1,99.99
19990608,3.19,4.7347,-999.0,4.1664,-999.0,27.02,27.54,26.61,81.4,1.57,2.64,1.42,99.98
19990609,12.88,4.0123,-999.0,3.2328,-999.0,26.74,27.34,26.34,84.86,2.39,4.75,2.12,100.01
19990610,6.48,5.1667,-999.0,4.0488,-999.0,26.56,26.9,26.06,83.2,2.34,3.4,2.06,100.05
19990611,44.02,3.9132,-999.0,3.5544,-999.0,26.55,27.08,25.63,87.04,5.52,7.03,4.72,100.13
19990612,24.32,2.7079,-999.0,2.4936,-999.0,26.63,27.05,25.94,82.18,4.06,7.14,3.51,100.14
19990613,0.5,5.6635,-999.0,2.6976,-999.0,27.23,27.73,26.78,75.14,1.48,2.3,1.29,100.1
19990614,0.82,5.3616,-999.0,2.9376,-999.0,27.4,28.01,26.84,73.49,2.02,2.9,1.76,100.12
19990615,1.38,3.9686,-999.0,3.216,-999.0,27.12,27.48,26.57,76.46,2.57,2.95,2.25,100.16
19990616,0.43,5.49,-999.0,2.5512,-999.0,27.23,28.14,26.15,74.3,1.4,2.16,1.25,100.09
19990617,10.02,5.1178,-999.0,3.6264,-999.0,27.63,28.29,26.97,76.45,1.78,2.31,1.61,100.04
19990618,20.68,5.3551,-999.0,3.4248,-999.0,27.64,28.41,27.12,81.59,3.12,4.55,2.73,100.02
19990619,3.17,5.4473,-999.0,2.8584,-999.0,27.55,27.8,27.25,84.05,4.62,5.6,3.98,100.06
19990620,1.72,4.9534,-999.0,3.6552,-999.0,27.03,27.53,25.75,79.22,2.33,5.09,2.05,100.12
19990621,3.17,4.8504,-999.0,3.6456,-999.0,27.41,28.02,26.8,80.18,2.77,3.77,2.42,100.07
19990622,3.69,4.5048,-999.0,4.1904,-999.0,27.35,28.2,26.18,82.5,3.34,4.31,2.92,100.11
19990623,1.98,4.841,-999.0,2.9328,-999.0,26.13,26.69,25.43,81.05,1.68,3.74,1.48,100.21
19990624,8.56,4.8912,-999.0,3.5832,-999.0,26.93,27.51,26.48,79.37,2.54,5.29,2.23,100.1
19990625,23.95,4.0481,-999.0,3.564,-999.0,26.1,26.75,25.51,87.27,4.12,6.04,3.59,100.1
19990626,10.91,4.8089,-999.0,3.0672,-999.0,26.39,26.97,25.54,84.91,3.91,4.84,3.41,100.05
19990627,5.81,5.417,-999.0,2.3352,-999.0,26.86,27.47,26.11,81.1,2.61,4.09,2.29,100.02
19990628,5.08,5.087,-999.0,2.7384,-999.0,27.03,27.63,26.48,81.56,2.93,4.39,2.6,100.08
19990629,9.87,3.1332,-999.0,2.9856,-999.0,26.87,27.36,26.42,82.6,2.96,3.47,2.61,100.07
19990630,1.6,5.0801,-999.0,2.4,-999.0,26.63,27.16,25.89,80.43,2.41,4.11,2.12,100.08
19990701,2.08,4.9414,-999.0,3.4344,-999.0,26.25,26.62,25.64,81.08,2.61,4.87,2.3,100.02
19990702,3.49,4.4304,-999.0,3.2112,-999.0,26.67,27.35,26.1,82.37,4.17,5.69,3.64,99.87
19990703,1.95,4.5038,-999.0,3.5688,-999.0,26.92,27.37,26.24,81.31,3.58,4.47,3.14,99.9
19990704,9.39,3.737,-999.0,3.2976,-999.0,26.59,27.14,26.22,82.43,3.15,4.94,2.76,99.99
19990705,1.41,5.309,-999.0,3.0624,-999.0,26.69,27.26,26.08,84.57,4.18,5.9,3.64,100.01
19990706,1.95,4.6649,-999.0,4.1856,-999.0,26.54,27.23,25.9,84.73,3.35,4.67,2.94,100.04
19990707,13.5,5.0014,-999.0,3.3168,-999.0,25.92,26.43,25.28,86.42,2.48,3.52,2.19,100.11
19990708,4.69,3.8767,-999.0,3.4992,-999.0,26.57,27.13,25.93,81.15,2.22,3.62,1.95,100.08
19990709,1.49,4.8814,-999.0,2.9976,-999.0,26.6,27.1,26.17,82.7,2.31,3.43,2.03,100.02
19990710,7.62,3.4452,-999.0,3.2472,-999.0,26.58,27.11,25.91,83.43,2.86,4.38,2.52,100.01
19990711,5.02,4.8403,-999.0,3.3576,-999.0,26.36,26.72,25.85,82.43,3.3,4.32,2.88,100.06
19990712,1.45,3.9019,-999.0,3.1536,-999.0,25.7,26.32,25.16,83.18,2.26,3.2,1.99,100.05
19990713,1.09,4.9858,-999.0,3.996,-999.0,26.75,27.53,25.6,79.51,2.7,3.41,2.39,99.96
19990714,8.45,4.0298,-999.0,2.6904,-999.0,27.13,27.47,26.7,81.73,3.78,5.1,3.33,99.96
19990715,14.03,2.9738,-999.0,2.6088,-999.0,26.71,27.18,26.26,86.28,6.05,8.55,5.13,99.99
19990716,3.76,3.5438,-999.0,3.2568,-999.0,26.76,27.38,25.89,78.34,3.88,6.9,3.36,100.04
19990717,7.52,4.8451,-999.0,4.3536,-999.0,26.59,27.17,25.99,80.74,2.04,3.19,1.84,100.1
19990718,2.45,5.8675,-999.0,2.4024,-999.0,27.42,28.39,26.08,72.11,1.48,2.65,1.33,100.1
19990719,0.04,6.2441,-999.0,1.3512,-999.0,27.98,28.81,27.39,69.12,1.49,2.1,1.31,100.07
19990720,0.21,6.2263,-999.0,1.608,-999.0,27.74,28.35,26.91,71.9,2.08,2.97,1.85,100.1
19990721,0.53,6.2016,-999.0,1.9176,-999.0,27.85,28.52,27.05,71.93,3.16,3.85,2.74,100.13
19990722,1.67,6.0746,-999.0,2.3592,-999.0,27.11,27.66,26.68,74.93,2.1,3.22,1.84,100.13
19990723,0.5,5.3234,-999.0,3.396,-999.0,27.38,28.06,26.71,72.68,2.2,2.84,1.92,100.07
19990724,13.79,4.2809,-999.0,3.3888,-999.0,26.87,27.4,26.5,79.85,3.19,4.25,2.79,100.1
19990725,10.32,4.2266,-999.0,4.068,-999.0,27.01,27.68,26.43,82.61,4.2,5.85,3.6,100.11
19990726,3.01,3.5729,-999.0,3.7896,-999.0,26.62,27.05,26.13,78.55,2.37,3.65,2.09,100.16
19990727,0.6,5.723,-999.0,2.6904,-999.0,26.97,27.57,26.48,73.24,2.18,2.7,1.92,100.16
19990728,12.38,5.9299,-999.0,2.1864,-999.0,27.05,27.73,26.53,78.85,2.62,3.32,2.3,100.07
19990729,15.13,4.2506,-999.0,3.8832,-999.0,26.58,27.16,26.06,83.36,3.62,4.14,3.17,100.03
19990730,4.74,3.762,-999.0,3.708,-999.0,26.21,26.78,25.77,81.91,3.06,3.97,2.68,99.98
19990731,1.93,4.3176,-999.0,3.6192,-999.0,26.08,26.56,25.78,80.95,3.59,5.14,3.13,100.06
19990801,0.05,6.0034,-999.0,2.5032,-999.0,26.49,27.29,25.73,74.49,2.04,2.47,1.83,100.12
19990802,3.09,5.0664,-999.0,3.4632,-999.0,26.53,26.87,26.01,77.83,2.85,3.97,2.52,100.08
19990803,3.27,4.9046,-999.0,3.8112,-999.0,27.07,27.98,26.36,78.16,3.49,4.81,3.06,100.0
19990804,3.92,4.079,-999.0,3.5976,-999.0,26.51,26.99,25.85,83.1,2.26,4.31,1.98,100.06
19990805,14.54,3.8222,-999.0,3.3096,-999.0,26.53,27.2,26.03,81.95,2.46,3.39,2.19,100.12
19990806,15.93,4.2986,-999.0,3.6408,-999.0,26.68,27.38,26.19,83.9,3.67,4.2,3.2,100.07
19990807,6.27,2.3321,-999.0,2.1888,-999.0,26.36,27.1,25.98,85.89,4.1,5.29,3.59,100.1
19990808,4.87,5.0938,-999.0,4.8024,-999.0,26.35,26.77,25.78,77.99,1.25,2.2,1.13,100.17
19990809,1.85,5.309,-999.0,4.1712,-999.0,27.23,28.14,26.6,76.52,1.98,3.17,1.79,100.11
19990810,4.19,5.0074,-999.0,3.7176,-999.0,26.24,26.74,25.96,83.15,3.94,5.21,3.45,100.28
19990811,1.4,6.0226,-999.0,2.964,-999.0,26.49,27.04,26.1,74.24,1.62,2.69,1.45,100.29
19990812,2.13,4.3838,-999.0,3.4848,-999.0,27.49,28.45,26.51,76.44,3.8,4.65,3.34,100.13
19990813,3.95,3.5657,-999.0,3.4968,-999.0,27.46,28.31,26.98,77.3,2.45,3.47,2.18,100.05
19990814,6.35,2.9676,-999.0,2.844,-999.0,26.28,26.9,26.02,85.15,3.15,4.1,2.75,100.11
19990815,4.79,4.5914,-999.0,4.0632,-999.0,26.41,27.55,24.95,79.72,1.73,2.4,1.55,100.17
19990816,7.24,5.0282,-999.0,2.8968,-999.0,27.13,27.76,26.56,81.79,2.78,3.37,2.43,100.06
19990817,7.53,3.3118,-999.0,3.2304,-999.0,27.03,27.53,26.64,84.97,3.71,5.88,3.21,100.06
19990818,1.41,6.0374,-999.0,2.3952,-999.0,26.93,27.45,26.33,80.71,1.79,3.07,1.61,100.13
19990819,4.95,3.5827,-999.0,3.4104,-999.0,26.88,27.16,26.51,85.69,4.76,5.63,4.13,100.14
19990820,6.04,4.6918,-999.0,3.4776,-999.0,27.09,27.61,26.71,81.05,5.06,6.59,4.37,100.03
19990821,3.95,4.3301,-999.0,4.3296,-999.0,27.23,27.96,26.48,80.11,4.98,6.08,4.3,99.88
19990822,5.93,3.5909,-999.0,3.6792,-999.0,26.49,27.11,25.72,84.81,3.25,4.79,2.87,99.89
19990823,5.0,3.7032,-999.0,3.8904,-999.0,26.77,27.41,26.11,82.3,2.79,4.35,2.44,100.08
19990824,11.17,3.0514,-999.0,3.0768,-999.0,26.16,26.85,24.96,85.64,2.24,3.43,2.01,100.16
19990825,9.22,3.5652,-999.0,3.7632,-999.0,27.44,28.06,26.74,80.3,1.94,2.94,1.78,100.04
19990826,3.39,4.8691,-999.0,3.9552,-999.0,28.04,29.27,26.78,74.44,1.49,2.05,1.36,100.05
19990827,29.33,3.9077,-999.0,3.4008,-999.0,27.96,29.44,27.15,79.56,2.49,4.04,2.19,100.1
19990828,13.49,5.2999,-999.0,3.3888,-999.0,27.3,27.89,26.88,81.08,2.76,4.27,2.43,100.15
19990829,8.8,4.009,-999.0,3.5976,-999.0,26.55,26.83,26.22,84.74,2.74,4.86,2.4,100.19
19990830,1.83,5.2812,-999.0,4.7832,-999.0,26.84,27.55,26.19,83.48,2.62,3.39,2.32,100.11
19990831,2.15,4.7719,-999.0,3.2568,-999.0,26.44,27.15,25.76,83.16,4.18,7.23,3.58,100.13
19990901,0.46,5.6074,-999.0,3.6672,-999.0,27.16,28.31,25.9,74.55,2.1,3.62,1.88,100.15
19990902,2.64,4.2953,-999.0,4.2912,-999.0,26.63,27.47,26.02,82.75,2.77,3.86,2.46,100.14
19990903,12.81,3.9749,-999.0,3.8544,-999.0,25.96,26.41,25.68,86.19,3.68,5.74,3.22,100.15
19990904,15.31,4.0738,-999.0,4.104,-999.0,26.77,27.58,25.79,81.37,5.33,6.35,4.58,100.11
19990905,3.08,5.4706,-999.0,3.6,-999.0,26.25,26.67,25.91,80.89,3.17,4.51,2.78,100.15
19990906,2.51,5.3638,-999.0,3.2448,-999.0,26.75,27.63,25.74,78.42,2.6,3.59,2.31,100.04
19990907,1.93,5.563,-999.0,2.7216,-999.0,27.5,28.49,26.51,76.06,3.81,4.8,3.33,99.97
19990908,8.63,4.6997,-999.0,4.08,-999.0,27.22,27.53,26.93,82.69,3.72,4.62,3.28,99.94
19990909,17.78,3.9703,-999.0,4.2312,-999.0,27.05,28.34,25.98,79.27,1.65,3.24,1.48,99.98
19990910,3.14,4.5022,-999.0,4.7568,-999.0,27.42,28.65,25.99,78.99,2.88,3.4,2.56,100.0
19990911,3.3,6.4229,-999.0,2.1816,-999.0,27.75,28.48,27.16,79.28,2.06,3.33,1.85,99.97
19990912,1.43,5.7734,-999.0,3.7872,-999.0,27.31,28.41,26.29,77.71,1.55,3.02,1.39,99.93
19990913,10.69,3.9175,-999.0,3.7896,-999.0,27.55,28.32,26.69,81.33,4.54,5.77,3.93,99.97
19990914,9.43,4.2456,-999.0,4.5936,-999.0,27.1,27.6,26.61,84.74,2.92,5.62,2.51,99.93
19990915,5.43,4.8811,-999.0,4.2456,-999.0,27.71,29.15,26.83,76.92,3.07,4.28,2.7,99.95
19990916,5.08,5.1317,-999.0,4.092,-999.0,27.15,28.16,26.47,82.72,3.28,4.43,2.87,99.91
19990917,35.36,4.3406,-999.0,3.6168,-999.0,27.31,28.16,26.29,83.21,2.65,3.76,2.34,99.92
19990918,28.51,3.769,-999.0,3.8856,-999.0,26.45,27.09,25.64,85.91,2.87,4.48,2.51,99.97
19990919,6.35,3.5544,-999.0,3.6816,-999.0,26.58,27.11,26.1,82.09,2.61,4.47,2.35,100.14
19990920,5.78,5.6976,-999.0,3.768,-999.0,27.0,27.91,26.02,83.69,2.66,3.66,2.38,100.1
19990921,10.78,4.7993,-999.0,3.8904,-999.0,26.99,27.94,26.12,84.15,2.61,3.09,2.34,100.04
19990922,5.48,5.3594,-999.0,4.1016,-999.0,27.2,28.18,25.94,83.0,2.85,3.94,2.55,100.01
19990923,5.09,5.0714,-999.0,4.0224,-999.0,28.29,29.64,26.98,75.29,1.95,2.93,1.75,99.98
19990924,14.41,4.8888,-999.0,4.1352,-999.0,27.84,28.83,27.1,79.54,1.93,3.93,1.81,100.01
19990925,16.18,5.7074,-999.0,3.5976,-999.0,27.98,29.38,26.61,78.84,2.0,3.63,1.78,99.9
19990926,38.9,4.2547,-999.0,3.9504,-999.0,27.47,28.92,26.49,81.52,3.34,4.47,2.97,99.91
19990927,21.54,4.7155,-999.0,4.0248,-999.0,26.44,26.76,26.14,89.62,3.46,5.46,3.05,99.83
19990928,16.48,4.7578,-999.0,4.0584,-999.0,26.7,27.42,26.14,81.95,2.82,4.04,2.51,99.82
19990929,41.19,4.9831,-999.0,4.1184,-999.0,26.39,26.92,25.9,88.26,5.44,6.77,4.69,99.79
19990930,25.35,3.2165,-999.0,3.1368,-999.0,26.58,27.39,25.96,83.61,4.32,6.38,3.78,99.9
19991001,15.45,6.0804,-999.0,3.444,-999.0,26.31,27.08,25.61,85.92,3.27,4.29,2.91,99.88
19991002,22.34,5.2282,-999.0,4.5888,-999.0,26.75,27.59,25.61,85.91,3.83,4.92,3.34,99.91
19991003,9.65,3.6134,-999.0,3.7344,-999.0,27.02,27.83,26.49,82.48,2.3,4.13,2.06,99.88
19991004,6.43,5.7739,-999.0,3.3096,-999.0,27.13,28.15,26.25,81.14,3.47,5.07,3.08,99.91
19991005,8.46,5.2241,-999.0,4.4832,-999.0,26.94,27.79,26.12,84.65,2.6,3.46,2.37,99.9
19991006,6.79,4.0267,-999.0,3.8352,-999.0,26.95,27.83,26.31,85.05,2.83,6.12,2.51,99.98
19991007,5.24,6.109,-999.0,2.9304,-999.0,27.56,28.76,26.37,80.58,2.87,4.16,2.55,99.95
19991008,64.08,4.0358,-999.0,3.5856,-999.0,27.34,28.12,26.66,81.65,2.07,4.09,1.86,99.93
19991009,24.93,4.4414,-999.0,4.5384,-999.0,27.64,29.08,26.64,78.69,2.73,4.27,2.38,99.99
19991010,2.73,3.8969,-999.0,3.8328,-999.0,26.7,27.23,25.77,84.4,3.4,4.23,2.93,100.09
19991011,51.05,4.476,-999.0,4.5144,-999.0,26.18,26.6,25.75,88.46,4.4,5.7,3.78,100.06
19991012,54.64,3.5316,-999.0,3.6528,-999.0,26.11,26.42,25.65,87.35,5.05,6.78,4.35,100.0
19991013,5.78,3.5791,-999.0,3.4368,-999.0,25.99,26.39,25.62,87.66,5.46,6.95,4.69,99.99
19991014,0.65,6.1039,-999.0,2.9256,-999.0,26.07,26.62,25.42,83.99,2.49,3.67,2.2,100.0
19991015,4.22,3.863,-999.0,3.7488,-999.0,25.92,26.54,25.28,86.59,3.25,3.72,2.86,99.99
19991016,9.18,3.6019,-999.0,3.4488,-999.0,26.15,26.81,25.56,87.25,3.32,4.26,2.95,100.01
19991017,1.76,5.4518,-999.0,4.1208,-999.0,26.36,27.26,25.58,84.71,3.68,5.04,3.22,99.99
19991018,21.37,5.4175,-999.0,4.092,-999.0,26.5,27.15,25.75,84.23,2.54,3.13,2.23,99.97
19991019,14.47,2.8944,-999.0,2.5944,-999.0,25.8,26.37,25.03,88.17,3.47,4.74,3.01,100.09
19991020,5.51,5.0602,-999.0,3.7368,-999.0,25.85,26.58,24.94,85.55,2.37,3.14,2.08,100.07
19991021,3.4,4.2638,-999.0,3.9264,-999.0,25.77,26.3,25.41,87.03,4.01,4.91,3.51,100.12
19991022,3.75,5.0998,-999.0,4.9296,-999.0,26.17,26.74,25.3,87.25,5.1,6.6,4.39,100.15
19991023,12.93,3.8162,-999.0,3.0672,-999.0,26.21,26.78,25.43,87.88,6.39,8.31,5.4,100.09
19991024,8.11,3.6655,-999.0,3.7224,-999.0,25.68,26.04,25.05,87.67,3.9,5.1,3.4,100.03
19991025,3.45,3.6972,-999.0,3.3576,-999.0,25.57,26.56,24.93,85.72,1.83,2.69,1.63,99.91
19991026,14.99,4.9706,-999.0,3.0096,-999.0,25.65,25.87,25.41,89.65,3.79,6.11,3.28,99.96
19991027,21.08,3.8806,-999.0,3.7368,-999.0,25.53,25.79,25.21,90.14,3.48,3.98,3.02,99.97
19991028,9.76,4.2511,-999.0,4.3704,-999.0,25.59,26.1,24.97,88.45,3.8,4.52,3.31,100.06
19991029,10.78,5.0755,-999.0,3.3864,-999.0,25.58,26.18,24.96,86.01,3.23,6.21,2.83,100.08
19991030,15.31,4.3577,-999.0,3.2544,-999.0,25.27,26.09,24.46,87.57,4.43,7.18,3.86,100.11
19991031,3.76,3.4738,-999.0,3.3696,-999.0,25.05,25.63,24.65,81.99,1.96,3.75,1.73,100.18
19991101,3.07,5.1072,-999.0,2.7456,-999.0,25.97,26.69,25.46,80.03,1.87,2.78,1.64,100.15
19991102,5.42,3.6168,-999.0,3.468,-999.0,26.14,26.93,25.48,81.52,3.4,4.23,2.97,100.17
19991103,1.44,6.043,-999.0,2.4192,-999.0,26.86,27.5,25.97,77.02,4.76,5.1,4.1,100.19
19991104,7.76,4.6474,-999.0,3.372,-999.0,27.37,28.18,26.72,77.96,5.44,6.04,4.64,100.06
19991105,21.76,3.012,-999.0,2.5776,-999.0,26.62,27.02,26.37,84.98,4.89,5.46,4.21,100.04
19991106,28.57,4.2403,-999.0,3.4872,-999.0,26.53,26.88,26.19,86.87,4.4,6.68,3.81,100.06
19991107,16.72,3.4337,-999.0,3.3288,-999.0,26.38,26.78,26.12,86.55,5.97,7.35,5.08,100.1
19991108,32.82,3.763,-999.0,3.5592,-999.0,26.58,27.01,26.25,85.8,4.72,6.42,4.07,100.06
19991109,7.47,4.6138,-999.0,4.6416,-999.0,25.95,26.4,25.66,84.19,2.67,6.3,2.34,100.1
19991110,2.55,5.6287,-999.0,3.1848,-999.0,26.2,26.92,25.44,83.2,2.01,3.24,1.78,100.1
19991111,10.42,4.128,-999.0,3.4344,-999.0,26.37,27.14,25.68,84.51,2.44,3.82,2.13,100.16
19991112,50.72,3.9504,-999.0,3.516,-999.0,26.55,27.08,26.21,87.26,4.72,5.89,4.04,100.12
19991113,25.33,4.0037,-999.0,3.2376,-999.0,26.51,26.98,26.17,88.25,6.2,7.05,5.25,100.08
19991114,85.61,4.5038,-999.0,4.1736,-999.0,26.41,26.83,25.78,87.58,6.25,6.63,5.29,100.14
19991115,66.8,3.4375,-999.0,3.1512,-999.0,25.7,26.48,25.26,84.89,3.64,6.09,3.16,100.17
19991116,18.0,4.501,-999.0,4.3488,-999.0,25.74,26.55,24.82,88.19,4.54,6.15,3.92,100.21
19991117,5.75,4.3354,-999.0,4.3008,-999.0,25.49,25.99,24.85,84.71,1.95,3.38,1.73,100.26
19991118,10.54,4.3932,-999.0,3.1824,-999.0,25.51,25.82,25.01,86.61,2.32,3.71,2.06,100.15
19991119,8.89,4.6841,-999.0,4.3368,-999.0,25.78,26.48,25.41,88.29,4.6,5.7,3.96,100.02
19991120,7.8,3.0204,-999.0,2.3736,-999.0,25.67,26.29,24.98,86.8,3.09,3.93,2.73,100.0
19991121,4.83,5.3546,-999.0,3.3456,-999.0,25.69,26.18,25.14,87.0,2.83,3.48,2.48,100.03
19991122,2.63,4.5912,-999.0,4.272,-999.0,25.37,25.79,25.04,86.88,2.21,3.32,1.95,100.0
19991123,4.59,4.776,-999.0,3.5736,-999.0,26.18,26.61,25.53,85.93,3.02,4.77,2.64,99.88
19991124,4.71,5.1794,-999.0,2.8392,-999.0,25.94,26.3,25.58,85.12,2.58,3.83,2.28,99.86
19991125,5.13,4.8432,-999.0,4.2984,-999.0,25.92,26.46,25.56,88.81,4.04,5.03,3.53,99.83
19991126,21.26,5.3453,-999.0,3.2136,-999.0,26.04,26.67,25.27,90.11,3.72,5.06,3.24,99.81
19991127,137.5,4.1086,-999.0,3.6192,-999.0,26.21,26.7,25.94,88.94,3.13,5.32,2.76,99.86
19991128,37.24,4.2835,-999.0,4.1832,-999.0,26.26,26.65,25.71,88.68,3.04,4.21,2.67,99.86
19991129,6.86,5.0842,-999.0,3.9744,-999.0,26.0,26.38,25.71,90.65,5.02,6.4,4.3,99.83
19991130,17.49,4.6925,-999.0,4.1328,-999.0,25.91,26.36,25.5,89.81,3.56,5.7,3.08,99.9
19991201,16.77,3.8251,-999.0,3.6576,-999.0,26.04,26.67,25.64,88.71,4.7,6.03,4.04,99.97
19991202,24.52,5.2706,-999.0,3.528,-999.0,26.0,26.77,25.48,87.06,2.91,3.82,2.55,99.99
19991203,20.71,3.8678,-999.0,3.6144,-999.0,25.53,25.98,24.88,90.64,3.82,6.49,3.28,100.0
19991204,19.97,4.0985,-999.0,4.0176,-999.0,25.76,26.11,25.26,87.45,3.24,4.44,2.82,100.05
19991205,40.76,3.6242,-999.0,3.3576,-999.0,26.11,26.79,25.4,86.98,5.08,7.31,4.33,100.06
19991206,51.58,3.0638,-999.0,2.5056,-999.0,25.8,26.11,25.33,87.51,4.19,6.97,3.62,100.06
19991207,22.02,3.8767,-999.0,3.4128,-999.0,25.41,25.97,25.0,87.28,3.49,6.22,3.02,100.12
19991208,4.62,5.0962,-999.0,4.4904,-999.0,25.58,26.36,25.05,83.5,1.64,2.85,1.45,100.15
19991209,5.32,4.8727,-999.0,3.5544,-999.0,26.0,27.3,24.85,80.65,1.72,3.49,1.53,100.1
19991210,5.12,4.4095,-999.0,3.6816,-999.0,26.18,27.39,24.92,82.22,4.84,7.03,4.15,100.04
19991211,1.92,5.9014,-999.0,2.4432,-999.0,26.6,27.39,25.97,82.27,5.47,6.41,4.68,100.07
19991212,3.85,4.8168,-999.0,3.5616,-999.0,26.38,26.96,25.58,85.54,4.72,5.37,4.07,100.03
19991213,3.26,5.3014,-999.0,3.0624,-999.0,27.02,27.53,26.39,83.93,4.4,4.68,3.81,99.95
19991214,0.64,4.1222,-999.0,3.5496,-999.0,26.85,27.35,26.34,82.05,3.51,4.9,3.04,99.89
19991215,0.3,6.0154,-999.0,2.1744,-999.0,26.69,27.3,26.19,81.64,2.78,4.26,2.43,99.91
19991216,4.42,4.8283,-999.0,3.66,-999.0,27.39,28.05,26.7,77.25,3.2,4.6,2.78,99.97
19991217,31.86,4.1422,-999.0,3.1872,-999.0,26.87,27.25,26.26,86.26,5.1,6.24,4.37,99.98
19991218,37.67,3.582,-999.0,3.1632,-999.0,26.35,26.79,25.98,85.8,4.31,7.39,3.7,99.96
19991219,7.06,4.8094,-999.0,4.3608,-999.0,26.17,26.53,25.77,85.9,4.57,5.85,3.96,99.97
19991220,5.45,4.0474,-999.0,3.4944,-999.0,26.16,26.56,25.64,84.33,2.86,3.68,2.56,99.97
19991221,3.55,3.0274,-999.0,2.436,-999.0,27.41,28.95,26.09,76.8,3.15,3.9,2.74,99.94
19991222,26.77,1.9584,-999.0,0.9432,-999.0,26.4,27.34,25.73,85.22,3.06,4.08,2.72,100.01
19991223,41.51,2.5774,-999.0,1.9512,-999.0,25.63,26.03,25.24,85.46,2.26,3.23,2.03,100.11
19991224,9.51,4.4417,-999.0,3.5472,-999.0,26.74,28.01,25.45,80.39,3.06,4.37,2.7,100.06
19991225,3.52,4.5269,-999.0,3.1032,-999.0,27.31,28.39,26.43,76.85,3.24,4.39,2.84,99.99
19991226,2.26,4.6958,-999.0,3.9072,-999.0,27.23,28.34,26.0,78.57,3.22,4.49,2.85,99.91
19991227,1.99,4.59,-999.0,3.4104,-999.0,27.58,28.56,26.66,74.97,2.11,4.09,1.88,99.99
19991228,9.78,5.0654,-999.0,3.8448,-999.0,27.1,28.67,25.57,77.62,2.32,3.7,2.06,100.03
19991229,8.74,5.1295,-999.0,3.9672,-999.0,27.05,28.25,26.38,80.38,1.64,3.36,1.49,99.93
19991230,4.23,4.6788,-999.0,3.0096,-999.0,26.29,26.48,25.87,86.9,2.86,4.98,2.57,99.75
19991231,4.69,4.1414,-999.0,4.0824,-999.0,26.03,26.45,25.65,89.07,3.61,4.71,3.23,99.78
20000101,7.19,3.1265,-999.0,2.5056,-999.0,25.87,26.18,25.5,90.33,3.76,4.53,3.27,99.78
20000102,10.65,3.1651,-999.0,2.5608,-999.0,25.92,26.32,25.44,89.12,3.67,5.42,3.2,99.76
20000103,29.38,3.3547,-999.0,2.928,-999.0,26.28,26.76,25.65,88.96,5.96,6.88,5.11,99.71
20000104,30.31,3.42,-999.0,2.9832,-999.0,26.27,26.54,25.87,89.51,5.52,6.96,4.74,99.82
20000105,5.65,2.7982,-999.0,2.0136,-999.0,25.68,26.2,24.86,80.95,2.46,6.49,2.14,100.0
20000106,0.22,4.1148,-999.0,3.9792,-999.0,26.09,26.81,25.47,78.77,1.68,2.3,1.51,99.97
20000107,0.93,5.0249,-999.0,3.636,-999.0,26.75,27.31,26.2,80.35,2.47,2.91,2.2,99.88
20000108,1.84,5.5361,-999.0,3.7464,-999.0,26.04,26.66,25.33,85.88,2.76,3.92,2.5,99.88
20000109,4.87,3.9521,-999.0,3.7656,-999.0,26.67,27.68,25.71,84.01,2.69,3.62,2.4,99.85
20000110,2.33,4.3267,-999.0,3.0192,-999.0,26.76,27.84,26.01,81.11,2.1,3.23,1.91,99.88
20000111,3.63,4.6762,-999.0,3.636,-999.0,26.4,27.23,25.82,85.13,2.77,3.8,2.47,99.87
20000112,4.67,4.3008,-999.0,3.7392,-999.0,26.31,27.01,25.86,88.19,2.85,3.9,2.49,99.8
20000113,7.39,4.5914,-999.0,4.08,-999.0,25.93,26.21,25.58,89.8,4.28,5.39,3.67,99.83
20000114,8.48,4.087,-999.0,3.7488,-999.0,26.12,26.97,25.68,86.87,3.41,4.6,2.96,99.77
20000115,3.22,4.3642,-999.0,4.3248,-999.0,25.74,26.45,24.7,84.98,3.2,4.7,2.82,99.88
20000116,19.12,5.0402,-999.0,4.7616,-999.0,25.93,26.2,25.54,88.42,5.85,7.79,5.0,99.9
20000117,1.74,4.1952,-999.0,3.7224,-999.0,24.93,25.82,24.56,84.72,1.65,4.0,1.45,100.09
20000118,1.78,4.7791,-999.0,2.6112,-999.0,25.93,26.89,24.66,76.11,1.33,2.39,1.21,100.17
20000119,1.35,4.6414,-999.0,3.6072,-999.0,26.83,27.35,26.38,76.77,2.24,3.56,2.01,100.09
20000120,15.19,3.1764,-999.0,2.8344,-999.0,26.5,26.79,26.17,83.03,3.18,4.77,2.76,100.01
20000121,1.33,4.0812,-999.0,3.9336,-999.0,26.98,27.95,25.76,77.71,2.1,3.26,1.87,100.08
20000122,1.85,5.7538,-999.0,3.4872,-999.0,27.85,29.01,26.79,68.26,1.95,3.81,1.74,100.05
20000123,1.92,5.2942,-999.0,4.3104,-999.0,28.31,29.52,26.99,68.49,3.36,5.52,2.93,99.91
20000124,16.65,4.5986,-999.0,4.2864,-999.0,27.8,28.74,27.01,80.21,5.18,5.99,4.48,99.96
20000125,7.91,4.9003,-999.0,4.3848,-999.0,27.42,27.97,27.11,82.5,4.48,6.9,3.88,99.99
20000126,5.5,3.5666,-999.0,3.3528,-999.0,27.35,28.32,26.8,77.91,2.43,4.12,2.19,99.94
20000127,7.24,4.3466,-999.0,4.2768,-999.0,27.26,28.36,26.27,76.45,2.17,5.1,1.92,99.97
20000128,0.59,5.7487,-999.0,3.9144,-999.0,28.39,30.15,26.76,70.14,4.49,6.56,3.83,99.93
20000129,0.6,4.2403,-999.0,4.236,-999.0,28.89,30.67,27.1,70.47,3.32,4.82,2.87,100.0
20000130,3.89,3.4265,-999.0,3.1176,-999.0,28.53,29.85,27.21,73.47,3.06,5.09,2.67,100.07
20000131,4.91,3.7428,-999.0,3.4608,-999.0,28.69,30.4,27.35,73.53,3.62,5.88,3.12,100.03
20000201,6.08,3.7392,-999.0,3.1704,-999.0,27.65,28.31,26.82,78.09,3.89,5.78,3.38,100.04
20000202,2.18,4.1071,-999.0,3.8232,-999.0,28.17,29.85,26.92,75.39,3.76,5.61,3.26,100.04
20000203,6.05,5.3414,-999.0,4.752,-999.0,27.67,28.85,26.73,77.07,4.13,4.89,3.56,100.08
20000204,6.39,5.5279,-999.0,3.8712,-999.0,26.37,26.62,26.15,86.79,4.24,5.11,3.73,100.02
20000205,1.88,5.3448,-999.0,3.78,-999.0,26.81,27.67,25.98,81.52,3.34,4.8,2.94,99.95
20000206,5.52,4.4081,-999.0,4.3176,-999.0,26.86,27.55,26.19,80.98,2.39,4.02,2.11,99.94
20000207,1.87,6.311,-999.0,2.0976,-999.0,27.12,28.03,26.08,78.72,3.34,4.41,2.92,99.95
20000208,0.42,5.5867,-999.0,3.5088,-999.0,27.51,27.86,26.96,77.55,3.14,4.41,2.77,99.92
20000209,1.79,5.6342,-999.0,3.348,-999.0,27.65,27.85,27.38,72.88,1.9,2.66,1.71,100.0
20000210,0.11,6.2748,-999.0,2.7984,-999.0,27.95,28.69,27.44,70.99,2.83,3.92,2.53,100.02
20000211,0.42,6.485,-999.0,2.1336,-999.0,28.28,29.27,27.47,68.61,2.41,3.08,2.15,99.97
20000212,21.6,5.1914,-999.0,4.7184,-999.0,27.74,28.43,27.08,79.22,3.95,4.58,3.44,99.87
20000213,13.32,5.4794,-999.0,3.9384,-999.0,26.96,27.61,25.98,80.03,3.32,4.27,2.92,99.9
20000214,1.63,4.722,-999.0,3.6936,-999.0,27.69,28.61,26.69,76.07,2.75,3.14,2.46,99.83
20000215,2.94,4.4347,-999.0,3.8232,-999.0,27.5,27.9,27.03,79.66,2.79,3.35,2.49,99.85
20000216,4.33,4.135,-999.0,4.3632,-999.0,26.98,27.7,26.69,81.6,1.92,2.7,1.76,99.86
20000217,1.67,5.7206,-999.0,4.5336,-999.0,27.73,28.68,26.54,74.61,2.75,3.64,2.39,99.91
20000218,1.43,5.9791,-999.0,4.1976,-999.0,26.96,27.79,25.98,76.06,1.92,2.72,1.68,99.96
20000219,2.0,4.519,-999.0,4.32,-999.0,27.39,28.41,26.66,73.65,1.89,2.88,1.67,99.92
20000220,1.3,5.2848,-999.0,4.5336,-999.0,27.42,28.52,26.58,74.48,1.79,2.62,1.58,99.96
20000221,4.43,5.6112,-999.0,3.9816,-999.0,26.79,27.7,25.88,77.46,2.7,3.87,2.38,100.01
20000222,15.51,4.5862,-999.0,3.5352,-999.0,26.52,27.07,26.08,84.95,4.23,5.61,3.69,99.99
20000223,6.07,5.6633,-999.0,3.5904,-999.0,26.97,27.69,26.29,84.79,5.55,6.55,4.77,99.99
20000224,6.65,4.2146,-999.0,3.6096,-999.0,27.11,27.47,26.68,81.62,4.82,5.91,4.15,100.07
20000225,10.03,4.2386,-999.0,3.8712,-999.0,27.41,28.18,26.52,76.2,3.11,3.99,2.75,100.0
20000226,7.04,6.3,-999.0,2.5872,-999.0,28.3,29.25,27.49,71.19,2.46,3.62,2.21,99.86
20000227,0.84,5.9916,-999.0,3.2952,-999.0,28.09,28.99,27.34,70.65,2.02,3.2,1.81,99.85
20000228,0.35,5.6194,-999.0,4.3296,-999.0,28.19,29.0,27.68,67.22,2.03,2.73,1.81,99.95
20000229,0.0,6.3876,-999.0,2.8728,-999.0,27.74,28.77,27.08,70.23,1.83,2.77,1.6,99.98
20000301,0.01,5.6549,-999.0,3.4848,-999.0,27.27,28.0,26.63,74.59,1.8,3.17,1.63,99.96
20000302,0.02,6.7193,-999.0,1.8696,-999.0,27.27,28.54,26.29,73.28,1.79,2.81,1.62,99.98
20000303,0.47,6.7651,-999.0,1.7448,-999.0,27.54,28.56,26.68,76.61,2.54,4.12,2.26,100.04
20000304,2.77,6.1308,-999.0,2.7672,-999.0,27.97,28.82,27.22,75.94,4.16,4.8,3.58,100.08
20000305,5.39,6.1423,-999.0,3.0384,-999.0,27.23,27.81,26.56,77.81,1.87,3.9,1.62,100.03
20000306,0.38,6.7829,-999.0,1.9536,-999.0,27.19,28.27,26.06,70.98,1.07,1.79,0.96,99.98
20000307,0.05,6.5983,-999.0,2.5128,-999.0,27.55,28.58,26.79,74.46,1.95,2.84,1.75,100.04
20000308,0.54,6.6862,-999.0,2.3544,-999.0,27.56,28.41,26.82,77.53,2.39,3.06,2.11,100.05
20000309,1.2,6.5402,-999.0,2.736,-999.0,27.37,28.3,26.57,79.04,2.6,3.81,2.31,100.03
20000310,1.58,4.9728,-999.0,4.2048,-999.0,27.76,28.6,26.91,74.57,2.41,3.19,2.12,100.06
20000311,1.8,5.5999,-999.0,3.7152,-999.0,28.07,28.59,27.57,76.67,4.35,4.98,3.73,100.02
20000312,3.84,4.5461,-999.0,3.8064,-999.0,27.09,27.57,26.41,80.33,4.16,4.8,3.61,100.04
20000313,4.18,6.2839,-999.0,1.6488,-999.0,26.83,27.53,26.21,79.85,4.84,5.73,4.16,100.04
20000314,3.1,5.7202,-999.0,3.6168,-999.0,27.27,28.14,26.38,78.19,4.0,5.52,3.48,100.03
20000315,0.07,6.193,-999.0,3.3144,-999.0,27.8,28.29,27.18,75.72,3.26,3.74,2.86,99.97
20000316,0.3,6.1687,-999.0,3.1704,-999.0,28.22,28.96,27.55,72.69,3.87,4.38,3.37,99.9
20000317,9.64,6.2122,-999.0,3.1488,-999.0,27.58,28.15,26.99,80.49,4.74,5.26,4.1,99.84
20000318,32.87,4.2847,-999.0,3.8664,-999.0,26.74,26.91,26.44,88.12,4.82,5.67,4.18,99.89
20000319,4.86,5.9131,-999.0,2.8152,-999.0,27.39,27.82,26.82,84.69,5.24,5.82,4.51,99.85
20000320,3.61,4.2091,-999.0,3.7848,-999.0,27.09,27.54,26.67,85.47,4.58,6.96,3.97,99.85
20000321,7.57,5.2961,-999.0,3.8184,-999.0,26.82,27.47,26.32,84.07,3.66,4.97,3.21,99.93
20000322,5.0,4.993,-999.0,3.8304,-999.0,25.98,26.51,25.55,87.24,3.49,4.39,3.05,99.99
20000323,10.56,4.5355,-999.0,4.5432,-999.0,26.28,27.01,25.48,85.14,3.7,5.59,3.22,100.01
20000324,10.15,4.8509,-999.0,4.5168,-999.0,25.94,26.54,25.33,85.79,4.37,5.4,3.83,100.0
20000325,4.82,5.6275,-999.0,4.7928,-999.0,26.2,26.81,25.6,86.85,2.97,3.41,2.63,99.93
20000326,5.36,3.63,-999.0,3.576,-999.0,25.94,26.78,24.73,78.58,1.53,2.12,1.33,100.04
20000327,4.08,5.6306,-999.0,4.8552,-999.0,25.69,26.59,24.45,80.18,0.76,1.6,0.69,100.01
20000328,7.58,3.5064,-999.0,3.2208,-999.0,26.83,27.35,26.48,79.38,1.72,3.54,1.54,99.95
20000329,5.08,5.7401,-999.0,4.4976,-999.0,27.74,28.77,26.7,76.62,1.77,3.14,1.62,99.97
20000330,11.34,4.309,-999.0,3.7416,-999.0,27.23,27.8,26.45,82.23,3.06,4.68,2.72,99.87
20000331,8.82,5.664,-999.0,3.2592,-999.0,26.38,26.76,25.9,86.58,3.95,5.07,3.44,99.82
20000401,39.67,4.5302,-999.0,4.0176,-999.0,26.65,27.08,26.4,88.84,4.42,5.77,3.81,99.82
20000402,16.33,4.6694,-999.0,3.708,-999.0,26.54,26.66,26.33,87.68,5.6,6.13,4.8,99.92
20000403,4.45,5.6314,-999.0,5.0016,-999.0,26.71,27.3,25.92,83.11,4.01,5.01,3.51,99.98
20000404,1.46,6.5234,-999.0,2.5632,-999.0,26.96,27.34,26.6,80.21,2.42,3.3,2.12,99.9
20000405,2.51,4.3147,-999.0,3.7248,-999.0,26.54,26.83,26.2,81.72,1.87,2.76,1.64,99.9
20000406,3.84,3.5832,-999.0,3.3816,-999.0,26.89,27.59,26.29,80.64,2.19,2.88,1.94,99.93
20000407,5.9,5.2394,-999.0,3.5592,-999.0,25.86,26.15,25.47,85.22,2.11,2.79,1.88,100.08
20000408,21.09,4.7657,-999.0,4.0536,-999.0,25.72,26.5,24.96,86.52,2.63,4.64,2.33,100.01
20000409,12.69,5.3597,-999.0,3.0456,-999.0,25.96,26.22,25.64,88.03,4.05,4.72,3.54,99.89
20000410,27.3,4.6166,-999.0,4.596,-999.0,25.88,26.59,25.37,88.34,4.0,4.99,3.48,99.99
20000411,6.44,4.775,-999.0,3.828,-999.0,26.37,27.34,25.16,82.7,1.88,3.03,1.67,99.94
20000412,0.98,6.2232,-999.0,3.1656,-999.0,27.47,28.41,26.84,79.15,3.17,4.04,2.81,99.89
20000413,1.96,6.325,-999.0,2.568,-999.0,27.09,27.49,26.69,80.89,2.01,4.26,1.76,99.81
20000414,0.97,6.1078,-999.0,2.8536,-999.0,27.45,27.99,26.66,82.12,3.03,3.48,2.64,99.8
20000415,0.73,6.8918,-999.0,1.6656,-999.0,27.48,28.02,26.95,80.11,1.71,3.63,1.52,99.91
20000416,3.21,5.285,-999.0,4.6272,-999.0,27.57,28.61,26.58,76.01,1.86,3.49,1.65,99.95
20000417,13.45,5.3316,-999.0,3.8928,-999.0,26.8,27.01,26.44,83.63,2.98,4.57,2.62,99.98
20000418,7.24,5.5963,-999.0,3.8304,-999.0,27.27,27.79,26.92,84.72,4.49,5.86,3.87,99.97
20000419,9.21,5.4206,-999.0,3.3264,-999.0,26.62,26.94,26.26,88.08,4.26,6.58,3.69,99.99
20000420,8.86,5.1134,-999.0,4.416,-999.0,26.72,27.32,25.94,86.79,3.34,4.43,2.94,99.92
20000421,29.16,4.2578,-999.0,3.696,-999.0,26.69,27.03,26.3,89.72,5.42,7.75,4.6,99.91
20000422,12.14,5.491,-999.0,2.9424,-999.0,26.64,27.34,25.85,87.0,2.67,4.09,2.34,99.99
20000423,7.71,5.0885,-999.0,4.0488,-999.0,26.46,26.93,26.08,87.64,3.55,5.37,3.07,99.97
20000424,15.57,4.8324,-999.0,3.6192,-999.0,26.34,26.67,26.12,88.44,4.76,6.48,4.1,99.95
20000425,23.85,3.8537,-999.0,3.1464,-999.0,26.44,26.84,26.1,88.77,4.68,5.11,4.02,99.94
20000426,5.2,6.2664,-999.0,2.2776,-999.0,26.21,26.51,25.94,87.41,2.44,4.11,2.13,99.97
20000427,2.94,6.0425,-999.0,2.4288,-999.0,26.53,27.64,25.25,86.01,3.08,3.42,2.72,99.94
20000428,2.93,3.4687,-999.0,2.8128,-999.0,27.22,28.23,26.3,83.55,3.61,5.34,3.12,99.98
20000429,1.09,5.8231,-999.0,2.9376,-999.0,26.97,27.89,25.7,76.92,1.68,3.22,1.48,100.11
20000430,4.85,3.4346,-999.0,3.1416,-999.0,25.88,27.11,25.12,85.61,1.76,2.72,1.54,100.18
20000501,1.32,6.1198,-999.0,3.18,-999.0,26.0,26.79,24.89,79.4,1.46,2.43,1.32,100.13
20000502,1.69,4.8408,-999.0,4.2648,-999.0,26.94,27.73,26.0,78.08,1.11,1.73,0.95,100.13
20000503,0.98,6.1416,-999.0,1.668,-999.0,27.41,27.93,26.62,75.81,0.85,1.16,0.75,100.11
20000504,1.39,5.3045,-999.0,4.236,-999.0,27.58,27.98,27.27,77.1,1.21,2.31,1.12,100.11
20000505,0.64,5.5757,-999.0,3.0648,-999.0,27.18,27.55,26.72,78.6,1.4,2.35,1.26,100.16
20000506,0.32,6.1757,-999.0,2.2632,-999.0,27.61,28.01,27.17,77.18,2.37,3.06,2.12,100.2
20000507,0.03,6.479,-999.0,1.4904,-999.0,27.49,28.32,26.88,78.3,2.65,3.11,2.34,100.2
20000508,0.01,6.0794,-999.0,2.496,-999.0,26.98,27.6,26.41,79.42,1.77,2.14,1.58,100.14
20000509,0.11,5.9722,-999.0,2.6232,-999.0,27.11,27.79,26.4,79.17,1.49,2.22,1.31,100.08
20000510,0.12,6.565,-999.0,1.4496,-999.0,27.47,28.28,26.57,74.24,1.74,2.45,1.55,100.01
20000511,0.67,4.6718,-999.0,3.552,-999.0,28.01,28.8,27.39,73.17,2.65,3.6,2.32,99.99
20000512,0.76,5.616,-999.0,3.0168,-999.0,27.65,28.25,27.0,76.32,2.31,3.92,2.02,100.01
20000513,0.31,4.6404,-999.0,3.4824,-999.0,27.81,28.24,27.14,78.48,3.43,4.18,3.0,99.98
20000514,1.46,6.1594,-999.0,1.8456,-999.0,28.08,28.8,27.39,77.75,2.5,4.07,2.2,100.01
20000515,1.9,5.9234,-999.0,2.6256,-999.0,28.01,28.66,27.48,79.35,2.43,3.33,2.15,100.03
20000516,2.1,3.4495,-999.0,3.0672,-999.0,27.58,28.15,27.19,81.67,2.38,3.45,2.11,100.07
20000517,0.4,5.1941,-999.0,3.7584,-999.0,27.87,28.5,27.37,77.04,1.88,2.39,1.67,99.99
20000518,0.22,5.2601,-999.0,3.4344,-999.0,27.73,28.29,27.2,78.99,1.83,2.9,1.63,100.02
20000519,1.65,5.1562,-999.0,3.2568,-999.0,27.68,28.35,27.19,81.03,2.35,3.43,2.08,100.0
20000520,1.63,5.574,-999.0,3.3264,-999.0,27.66,28.03,27.28,79.39,1.67,2.03,1.46,99.99
20000521,0.81,6.1092,-999.0,1.6032,-999.0,27.86,28.56,27.01,78.27,1.66,2.73,1.45,99.97
20000522,0.31,5.1154,-999.0,3.1776,-999.0,28.3,28.96,27.61,74.29,1.38,1.81,1.21,100.0
20000523,1.38,4.7095,-999.0,3.732,-999.0,28.32,28.78,27.85,75.62,1.82,2.99,1.58,99.97
20000524,5.57,5.0254,-999.0,3.6552,-999.0,27.43,28.15,27.16,83.5,3.27,3.85,2.87,99.94
20000525,9.39,5.0218,-999.0,3.9816,-999.0,27.09,27.66,26.73,83.97,2.48,4.17,2.18,99.96
20000526,14.11,5.3642,-999.0,3.0696,-999.0,27.25,28.19,26.65,79.25,1.45,2.8,1.31,99.91
20000527,28.64,4.8322,-999.0,3.5568,-999.0,27.45,28.28,26.84,81.11,1.49,2.59,1.34,99.85
20000528,8.26,5.1403,-999.0,3.6144,-999.0,26.99,27.25,26.55,82.64,2.06,3.28,1.85,99.93
20000529,14.26,4.5598,-999.0,4.3608,-999.0,26.86,27.42,26.38,85.29,2.74,3.84,2.42,99.96
20000530,75.39,4.693,-999.0,3.9192,-999.0,26.36,26.75,25.97,87.9,4.02,5.6,3.47,99.96
20000531,10.48,4.6786,-999.0,3.3144,-999.0,25.87,26.04,25.53,88.37,3.56,5.42,3.1,99.9
20000601,8.41,4.9308,-999.0,2.904,-999.0,26.23,27.01,25.57,86.8,2.99,4.04,2.64,99.78
20000602,11.23,3.3178,-999.0,2.9688,-999.0,26.52,26.91,26.01,87.31,4.9,8.87,4.16,99.75
20000603,7.49,4.7359,-999.0,3.3432,-999.0,27.49,28.56,26.55,81.23,3.63,4.76,3.18,99.69
20000604,5.63,4.2823,-999.0,4.1016,-999.0,27.43,27.9,27.14,85.58,5.11,6.65,4.39,99.69
20000605,3.29,2.3314,-999.0,1.9608,-999.0,27.24,28.03,26.31,75.98,2.95,6.62,2.58,99.87
20000606,5.37,3.8251,-999.0,3.6504,-999.0,28.21,29.38,27.2,71.88,1.51,2.92,1.37,99.88
20000607,3.53,3.4762,-999.0,3.2352,-999.0,26.68,27.03,26.4,88.76,5.13,7.01,4.42,100.04
20000608,1.18,3.7855,-999.0,3.5976,-999.0,27.23,28.08,25.97,75.71,2.98,3.69,2.61,100.25
20000609,1.58,4.909,-999.0,3.2784,-999.0,27.85,28.77,26.98,76.07,2.73,4.0,2.43,100.17
20000610,1.8,5.5022,-999.0,2.8608,-999.0,28.62,28.91,28.11,73.19,2.13,2.96,1.89,100.06
20000611,3.61,2.9746,-999.0,2.0328,-999.0,27.46,27.96,27.27,78.13,1.67,2.15,1.47,100.1
20000612,3.46,5.053,-999.0,2.5488,-999.0,27.58,27.98,27.01,77.5,2.56,3.88,2.26,100.14
20000613,11.52,4.2341,-999.0,3.1848,-999.0,26.53,27.76,25.68,82.72,2.37,4.11,2.06,100.19
20000614,7.24,5.3606,-999.0,2.6904,-999.0,26.48,27.15,25.51,83.37,2.08,3.36,1.83,100.2
20000615,6.96,4.9351,-999.0,3.576,-999.0,27.07,27.57,26.66,82.17,3.04,4.2,2.62,100.12
20000616,3.15,4.3726,-999.0,3.3168,-999.0,26.91,27.23,26.45,82.84,2.22,3.09,1.94,100.01
20000617,2.38,4.5535,-999.0,3.8376,-999.0,26.78,27.4,26.03,83.04,2.42,3.17,2.13,99.99
20000618,6.47,3.4397,-999.0,3.1584,-999.0,25.78,26.17,25.34,87.94,3.59,4.98,3.14,100.03
20000619,2.34,4.1854,-999.0,4.1688,-999.0,26.77,27.33,26.31,84.63,5.96,8.17,5.06,100.02
20000620,2.21,5.4031,-999.0,2.6352,-999.0,27.1,28.16,26.0,81.23,2.19,3.16,1.97,99.96
20000621,1.65,2.2973,-999.0,1.7088,-999.0,27.54,28.16,26.85,75.64,1.96,3.0,1.75,100.07
20000622,0.25,4.4815,-999.0,3.1848,-999.0,27.23,27.76,26.72,80.92,2.24,2.82,1.98,100.17
20000623,0.93,5.442,-999.0,2.6688,-999.0,27.11,27.7,26.34,77.88,1.85,2.31,1.65,100.13
20000624,0.91,5.1389,-999.0,2.8152,-999.0,27.51,27.98,27.15,76.27,2.4,2.79,2.12,100.02
20000625,0.37,5.3424,-999.0,2.376,-999.0,27.05,27.53,26.55,77.16,1.91,2.54,1.69,99.96
20000626,3.79,4.8948,-999.0,2.9472,-999.0,26.97,27.63,26.28,78.43,2.42,4.02,2.14,99.98
20000627,19.43,4.7518,-999.0,4.0776,-999.0,26.59,27.13,26.0,85.08,3.57,4.13,3.13,99.96
20000628,17.03,4.3279,-999.0,3.4944,-999.0,26.38,26.73,25.98,88.52,4.96,7.31,4.26,99.93
20000629,28.76,3.5119,-999.0,3.3456,-999.0,26.39,26.61,25.96,86.26,5.96,6.91,5.09,99.96
20000630,13.37,4.3862,-999.0,3.7056,-999.0,26.76,27.21,26.16,83.31,5.45,6.54,4.67,99.82
20000701,10.6,4.6094,-999.0,3.6192,-999.0,26.71,27.27,26.24,84.81,5.08,5.7,4.37,99.79
20000702,8.93,5.0988,-999.0,3.3048,-999.0,25.96,26.79,25.37,86.54,3.95,6.14,3.46,99.8
20000703,11.24,3.5772,-999.0,3.5088,-999.0,25.93,26.31,25.32,86.86,4.48,5.46,3.88,99.79
20000704,24.14,3.9086,-999.0,3.912,-999.0,26.2,26.97,25.69,85.01,4.32,6.16,3.75,99.87
20000705,3.4,3.7507,-999.0,3.7464,-999.0,26.87,27.76,25.8,81.24,2.98,4.84,2.62,99.91
20000706,0.88,5.6489,-999.0,2.1768,-999.0,26.58,27.07,25.84,81.08,0.92,1.78,0.82,100.04
20000707,0.62,5.784,-999.0,2.076,-999.0,26.52,27.03,26.01,80.03,1.32,1.89,1.15,100.05
20000708,1.09,5.8022,-999.0,1.8192,-999.0,26.96,27.77,26.38,76.59,0.94,1.65,0.84,99.95
20000709,0.35,5.8262,-999.0,1.7976,-999.0,26.82,27.18,26.4,79.59,1.73,2.23,1.53,99.92
20000710,0.57,5.7041,-999.0,2.5992,-999.0,27.23,27.82,26.59,76.58,2.01,2.75,1.76,100.01
20000711,0.28,6.1637,-999.0,1.3872,-999.0,26.92,27.41,26.28,76.7,1.29,2.21,1.12,100.05
20000712,0.8,4.9603,-999.0,3.096,-999.0,27.71,28.4,27.03,74.84,2.54,4.06,2.25,100.06
20000713,1.79,4.6594,-999.0,3.8448,-999.0,27.53,28.1,27.13,77.18,1.72,2.62,1.54,100.06
20000714,0.28,6.0211,-999.0,1.8984,-999.0,27.11,27.64,26.53,80.97,2.29,2.88,2.01,100.05
20000715,0.72,5.7823,-999.0,2.0304,-999.0,26.86,27.26,26.47,81.15,2.7,3.08,2.38,100.03
20000716,0.28,6.0281,-999.0,1.6032,-999.0,27.02,27.78,26.2,77.64,1.89,3.76,1.66,100.1
20000717,0.12,6.2916,-999.0,1.0944,-999.0,27.44,28.4,26.67,74.16,1.82,3.19,1.62,100.07
20000718,0.35,4.1328,-999.0,3.9408,-999.0,27.14,27.54,26.8,77.68,1.7,2.37,1.52,100.06
20000719,3.99,4.6402,-999.0,4.1952,-999.0,26.59,26.98,26.23,84.1,2.62,4.47,2.32,99.96
20000720,3.18,4.1527,-999.0,4.14,-999.0,26.38,26.96,25.84,81.9,2.54,5.1,2.23,100.0
20000721,5.95,4.2283,-999.0,3.5208,-999.0,26.49,26.87,25.94,84.65,2.57,3.29,2.29,99.98
20000722,6.41,3.5645,-999.0,3.1152,-999.0,27.4,28.2,26.76,81.81,4.18,5.59,3.64,99.92
20000723,11.53,4.2146,-999.0,3.4944,-999.0,27.02,27.76,26.48,83.1,3.48,6.25,3.04,99.91
20000724,25.74,4.1282,-999.0,3.8304,-999.0,26.39,26.87,25.72,87.9,4.87,5.9,4.22,99.97
20000725,9.48,4.207,-999.0,3.5064,-999.0,26.2,26.82,25.44,82.33,2.97,4.43,2.61,100.07
20000726,0.23,4.7422,-999.0,2.9544,-999.0,26.72,27.36,25.87,77.95,2.01,2.71,1.81,100.03
20000727,4.0,5.0446,-999.0,3.9408,-999.0,26.68,27.17,26.07,77.65,1.1,2.54,0.99,99.96
20000728,8.61,4.8578,-999.0,3.9408,-999.0,26.31,27.01,25.86,82.15,2.51,3.48,2.21,99.94
20000729,7.37,5.263,-999.0,3.8328,-999.0,25.78,26.23,25.39,84.84,2.78,3.5,2.44,100.01
20000730,31.66,4.7491,-999.0,4.4088,-999.0,26.22,26.89,25.53,87.33,4.74,7.19,4.07,100.05
20000731,20.44,3.2935,-999.0,3.4368,-999.0,26.36,26.88,25.92,82.76,5.57,8.29,4.76,100.07
20000801,7.94,4.2228,-999.0,4.4472,-999.0,26.29,26.71,25.84,83.01,3.4,5.64,2.99,100.03
20000802,15.82,4.2113,-999.0,3.948,-999.0,25.92,26.17,25.54,82.22,2.11,3.82,1.89,100.05
20000803,13.45,4.884,-999.0,4.5096,-999.0,25.86,26.57,24.8,78.98,1.24,2.76,1.12,100.06
20000804,2.2,4.0483,-999.0,3.4056,-999.0,26.35,27.1,25.69,78.3,1.69,2.55,1.48,100.01
20000805,4.97,4.7748,-999.0,4.3344,-999.0,26.26,26.85,25.71,83.07,2.66,4.79,2.35,99.97
20000806,6.85,4.9762,-999.0,3.6528,-999.0,27.19,28.09,26.31,77.52,2.46,3.47,2.2,99.93
20000807,7.91,5.0237,-999.0,3.792,-999.0,27.01,27.79,26.09,79.04,1.43,2.3,1.31,99.92
20000808,8.92,4.2103,-999.0,4.02,-999.0,27.37,28.37,26.55,78.03,2.04,4.11,1.83,99.9
20000809,13.0,5.1334,-999.0,3.9216,-999.0,27.28,28.24,26.59,79.98,1.98,3.98,1.74,99.89
20000810,16.12,3.03,-999.0,2.6736,-999.0,27.0,27.83,26.22,84.11,2.67,3.95,2.41,99.89
20000811,38.51,3.4738,-999.0,3.48,-999.0,26.61,27.12,26.15,87.67,6.34,9.09,5.37,99.94
20000812,6.93,4.7275,-999.0,5.0064,-999.0,25.63,26.36,25.09,85.85,3.85,7.59,3.34,100.15
20000813,2.51,4.9742,-999.0,3.3888,-999.0,26.81,27.37,26.17,83.24,4.31,6.34,3.72,100.18
20000814,6.49,4.7638,-999.0,4.1064,-999.0,26.72,27.25,26.02,75.66,3.3,5.04,2.88,100.22
20000815,7.7,4.0066,-999.0,3.9144,-999.0,26.57,27.55,25.6,76.77,3.98,6.56,3.44,100.22
20000816,2.23,3.8923,-999.0,3.2688,-999.0,25.86,26.69,24.9,79.8,2.84,6.36,2.49,100.18
20000817,3.87,6.019,-999.0,1.5408,-999.0,26.34,27.22,25.54,82.3,3.48,4.12,3.04,100.1
20000818,3.7,4.5427,-999.0,4.104,-999.0,26.47,27.11,25.61,82.7,3.54,6.53,3.06,100.09
20000819,1.07,5.7982,-999.0,2.5512,-999.0,26.79,27.44,26.08,78.05,3.16,4.03,2.75,100.1
20000820,11.65,4.6193,-999.0,3.5448,-999.0,26.62,27.43,26.04,79.01,3.25,3.94,2.83,100.04
20000821,16.37,3.3355,-999.0,3.336,-999.0,25.77,26.34,25.33,83.8,3.0,3.7,2.63,99.98
20000822,1.48,4.1206,-999.0,3.6648,-999.0,25.58,26.18,25.06,83.01,2.32,3.52,2.04,100.04
20000823,3.41,4.2523,-999.0,4.1592,-999.0,25.43,26.02,24.99,81.9,1.86,3.25,1.64,100.14
20000824,0.51,6.077,-999.0,2.736,-999.0,27.01,27.87,25.74,74.85,1.86,2.88,1.7,100.02
20000825,0.42,5.5466,-999.0,3.252,-999.0,27.91,28.4,27.48,75.55,2.05,2.5,1.84,100.0
20000826,1.39,5.0222,-999.0,3.3264,-999.0,27.38,27.9,26.9,83.44,3.46,4.91,3.02,100.07
20000827,3.59,3.4802,-999.0,3.312,-999.0,26.13,27.18,25.5,85.57,3.21,5.8,2.78,100.19
20000828,2.11,5.7427,-999.0,3.2448,-999.0,26.01,26.43,25.42,80.65,2.02,2.81,1.81,100.24
20000829,1.33,4.3447,-999.0,3.9624,-999.0,26.65,27.3,25.97,81.52,3.29,4.38,2.92,100.1
20000830,0.38,4.9118,-999.0,3.9552,-999.0,27.19,27.94,26.29,78.18,3.82,4.27,3.34,100.04
20000831,0.07,5.5927,-999.0,3.1344,-999.0,27.33,27.97,26.56,76.21,3.36,4.15,2.94,100.08
20000901,0.04,5.7946,-999.0,3.2952,-999.0,27.7,28.25,27.0,73.23,2.3,2.96,2.04,100.06
20000902,2.71,4.0706,-999.0,3.8808,-999.0,27.95,28.55,27.35,74.05,2.17,3.14,1.95,100.04
20000903,11.96,4.2442,-999.0,3.0072,-999.0,27.61,28.06,27.16,81.89,3.98,5.51,3.46,100.08
20000904,6.11,3.6893,-999.0,3.2136,-999.0,26.7,27.57,25.87,83.71,5.47,7.17,4.66,100.21
20000905,2.22,6.4296,-999.0,1.9416,-999.0,26.53,26.95,26.01,82.91,2.96,3.99,2.59,100.19
20000906,6.01,6.005,-999.0,3.432,-999.0,27.56,28.34,26.75,81.23,4.27,4.89,3.71,100.01
20000907,2.35,6.8842,-999.0,0.8904,-999.0,27.99,29.39,26.6,74.92,3.06,4.49,2.69,99.98
20000908,2.2,5.5111,-999.0,3.852,-999.0,27.94,28.73,27.15,76.69,2.88,4.32,2.57,100.04
20000909,4.05,5.7691,-999.0,2.9088,-999.0,27.91,28.98,27.08,79.54,3.54,5.03,3.1,100.02
20000910,13.6,3.5419,-999.0,3.8184,-999.0,26.96,27.72,26.05,84.82,3.5,5.0,3.1,100.0
20000911,3.08,4.4986,-999.0,4.2336,-999.0,26.39,27.5,24.92,80.82,2.13,3.55,1.9,99.97
20000912,2.99,5.9364,-999.0,3.324,-999.0,27.73,29.2,26.22,76.86,2.66,3.69,2.37,99.94
20000913,4.01,5.3971,-999.0,4.7784,-999.0,28.01,29.39,26.84,76.7,2.79,4.29,2.45,99.92
20000914,7.05,5.1451,-999.0,5.0568,-999.0,27.59,28.84,26.73,81.72,3.84,5.11,3.34,99.88
20000915,14.8,3.8633,-999.0,3.8208,-999.0,27.73,28.94,26.68,81.43,4.88,5.59,4.16,99.78
20000916,9.25,4.7491,-999.0,4.4496,-999.0,27.46,28.78,26.58,81.21,3.4,5.7,2.97,99.87
20000917,7.2,4.5566,-999.0,4.14,-999.0,27.25,28.59,26.5,80.87,2.89,5.65,2.55,99.97
20000918,12.47,3.972,-999.0,3.576,-999.0,26.54,27.67,25.59,85.41,2.47,3.53,2.21,99.97
20000919,38.15,2.8481,-999.0,2.868,-999.0,26.03,26.7,25.37,85.92,1.77,3.42,1.6,99.93
20000920,29.16,4.1081,-999.0,4.068,-999.0,26.46,27.65,25.62,86.34,2.57,3.71,2.27,99.88
20000921,10.9,3.9312,-999.0,4.3392,-999.0,25.8,25.97,25.66,87.92,4.65,6.79,4.0,100.04
20000922,7.46,4.0104,-999.0,3.996,-999.0,25.39,25.73,25.13,87.74,2.12,2.74,1.87,100.06
20000923,9.83,4.013,-999.0,4.5384,-999.0,25.61,26.2,25.12,90.29,3.99,6.04,3.48,100.04
20000924,7.47,5.2327,-999.0,3.7656,-999.0,26.99,28.39,25.42,82.59,2.73,4.13,2.43,99.97
20000925,5.41,5.6681,-999.0,3.36,-999.0,27.37,28.24,26.27,81.87,2.46,3.13,2.26,99.96
20000926,21.88,3.6142,-999.0,3.4824,-999.0,27.49,28.66,26.31,80.1,1.84,3.76,1.69,100.04
20000927,14.85,5.6626,-999.0,4.6176,-999.0,27.72,29.38,26.16,79.6,2.68,3.5,2.36,99.98
20000928,22.97,5.1905,-999.0,4.9296,-999.0,26.69,27.18,26.47,88.21,3.25,4.22,2.85,99.93
20000929,18.56,4.891,-999.0,4.3704,-999.0,27.36,28.82,26.16,79.57,2.63,4.73,2.28,100.0
20000930,23.74,1.4988,-999.0,0.9696,-999.0,27.13,28.47,26.13,83.9,2.89,4.28,2.56,100.03
20001001,28.94,4.1964,-999.0,3.7104,-999.0,26.84,27.92,26.07,81.17,1.81,3.15,1.62,100.07
20001002,10.18,4.099,-999.0,4.2336,-999.0,26.79,27.7,25.94,82.76,2.73,4.7,2.42,100.05
20001003,9.23,4.9462,-999.0,3.876,-999.0,26.33,27.03,25.84,87.98,3.88,4.97,3.39,100.02
20001004,23.1,4.0721,-999.0,2.832,-999.0,26.29,26.87,25.73,86.69,4.13,5.6,3.58,100.03
20001005,6.76,4.1191,-999.0,3.804,-999.0,26.4,26.8,25.94,79.11,2.38,3.17,2.08,100.1
20001006,0.44,6.4349,-999.0,2.6376,-999.0,27.17,27.78,26.65,72.25,1.71,2.58,1.48,100.13
20001007,4.91,4.5115,-999.0,4.2768,-999.0,26.97,27.62,26.23,76.8,1.52,2.36,1.33,100.1
20001008,4.61,5.7478,-999.0,2.832,-999.0,26.4,26.75,26.02,82.1,2.15,3.08,1.89,100.04
20001009,25.81,4.4114,-999.0,3.8592,-999.0,27.19,27.56,26.84,82.76,4.5,7.61,3.85,99.89
20001010,18.19,3.996,-999.0,3.8088,-999.0,26.65,27.0,26.24,83.52,2.92,3.79,2.56,99.97
20001011,9.48,4.7045,-999.0,3.8808,-999.0,26.89,27.13,26.65,85.7,4.08,6.09,3.52,100.06
20001012,5.41,4.6853,-999.0,3.5136,-999.0,26.4,27.12,25.84,85.02,3.1,5.88,2.73,100.06
20001013,11.75,5.5632,-999.0,3.312,-999.0,26.13,26.83,25.6,87.67,3.32,4.13,2.93,99.9
20001014,17.2,3.192,-999.0,2.844,-999.0,26.19,27.16,25.13,86.56,3.9,5.39,3.37,99.91
20001015,1.09,5.017,-999.0,3.4632,-999.0,26.44,26.84,25.91,83.5,2.76,4.0,2.41,100.0
20001016,1.54,5.7874,-999.0,3.552,-999.0,26.78,27.38,26.06,81.99,2.24,2.88,1.96,100.01
20001017,9.39,5.2195,-999.0,4.6464,-999.0,26.7,27.03,26.37,84.62,3.57,5.16,3.08,99.94
20001018,15.85,3.6415,-999.0,3.3744,-999.0,26.13,26.61,25.68,86.59,2.91,4.71,2.51,99.92
20001019,25.03,2.9436,-999.0,2.7672,-999.0,25.95,26.65,25.43,87.49,2.65,3.64,2.35,100.01
20001020,22.87,3.2275,-999.0,3.2952,-999.0,26.2,26.75,25.47,88.55,5.51,7.0,4.67,100.12
20001021,11.34,4.6649,-999.0,3.8832,-999.0,27.22,28.12,26.47,83.58,6.12,7.28,5.18,100.04
20001022,9.86,4.7539,-999.0,3.7968,-999.0,26.7,27.29,26.25,85.4,5.22,6.55,4.49,100.0
20001023,12.75,4.4496,-999.0,4.1808,-999.0,26.45,27.16,25.92,86.89,4.92,5.65,4.25,99.97
20001024,12.58,4.4484,-999.0,3.5568,-999.0,26.77,27.76,25.47,84.84,6.58,8.55,5.54,100.0
20001025,7.0,4.4683,-999.0,3.4704,-999.0,26.68,27.47,26.23,83.35,5.32,7.18,4.53,100.07
20001026,3.24,4.9433,-999.0,3.8592,-999.0,26.25,26.99,25.65,84.91,4.28,5.58,3.7,100.01
20001027,7.2,4.4863,-999.0,2.904,-999.0,26.23,26.91,25.74,85.92,4.11,6.87,3.54,100.02
20001028,7.94,4.4974,-999.0,3.564,-999.0,25.91,26.79,25.11,86.32,3.36,5.11,2.94,100.1
20001029,11.25,4.08,-999.0,3.8736,-999.0,26.37,26.98,25.84,87.54,5.84,6.3,4.94,100.07
20001030,40.79,3.6962,-999.0,3.2544,-999.0,26.19,26.55,25.64,89.6,5.17,6.63,4.36,100.08
20001031,14.56,4.3022,-999.0,3.9216,-999.0,26.32,26.83,25.86,87.41,4.25,5.71,3.63,99.99
20001101,2.03,5.5157,-999.0,3.624,-999.0,26.7,27.44,26.07,83.43,3.14,5.87,2.72,99.97
20001102,1.39,3.9338,-999.0,3.4032,-999.0,26.43,26.91,25.96,82.03,1.8,2.88,1.57,100.06
20001103,1.83,3.8033,-999.0,3.6576,-999.0,26.7,27.47,25.87,79.41,1.65,2.12,1.45,100.12
20001104,8.77,5.1278,-999.0,4.0896,-999.0,26.5,27.18,25.82,82.02,1.88,3.06,1.65,100.19
20001105,2.92,3.4512,-999.0,3.2736,-999.0,26.24,26.76,25.67,80.1,1.37,2.07,1.21,100.11
20001106,0.54,5.6575,-999.0,2.7384,-999.0,27.26,28.29,26.17,75.99,1.61,2.89,1.43,99.91
20001107,3.89,3.1579,-999.0,2.772,-999.0,27.17,27.7,26.69,78.5,1.45,2.12,1.3,99.93
20001108,5.35,5.1718,-999.0,3.8088,-999.0,26.67,27.27,25.76,81.91,2.58,3.64,2.29,99.93
20001109,7.92,4.5518,-999.0,3.7896,-999.0,26.54,27.21,25.96,86.43,4.38,5.21,3.83,99.85
20001110,2.67,5.7142,-999.0,3.588,-999.0,26.77,27.52,25.82,81.85,2.21,3.86,1.97,99.97
20001111,3.22,4.771,-999.0,3.804,-999.0,27.3,28.35,26.36,81.17,2.73,4.46,2.45,99.94
20001112,9.36,4.8665,-999.0,4.752,-999.0,27.05,27.87,26.57,84.39,3.28,5.01,2.88,99.77
20001113,18.5,4.655,-999.0,4.0104,-999.0,26.79,27.29,26.33,87.32,4.21,5.14,3.69,99.63
20001114,16.68,5.0357,-999.0,3.78,-999.0,26.91,27.84,26.07,86.52,2.93,4.37,2.62,99.63
20001115,19.08,3.5506,-999.0,3.0432,-999.0,26.96,28.05,26.17,86.06,3.98,5.02,3.48,99.69
20001116,7.89,4.3267,-999.0,3.6576,-999.0,26.62,27.15,26.18,88.16,3.27,4.46,2.89,99.68
20001117,12.6,4.9486,-999.0,4.3896,-999.0,26.45,26.99,25.81,85.93,2.04,4.17,1.8,99.69
20001118,14.36,4.3872,-999.0,3.9936,-999.0,27.27,27.9,26.85,82.3,2.3,3.69,2.09,99.63
20001119,35.84,3.498,-999.0,3.2904,-999.0,26.76,27.29,26.23,88.06,3.01,4.11,2.71,99.7
20001120,54.38,3.7812,-999.0,3.4296,-999.0,27.07,27.59,26.48,88.06,5.26,7.65,4.49,99.73
20001121,70.32,3.9941,-999.0,3.3288,-999.0,27.09,27.26,26.75,87.35,6.11,7.67,5.18,99.79
20001122,109.09,2.9431,-999.0,2.4696,-999.0,26.9,27.3,26.55,85.37,6.46,8.09,5.44,99.92
20001123,31.62,2.5445,-999.0,2.1432,-999.0,27.11,27.44,26.7,85.44,6.65,7.5,5.59,99.94
20001124,31.89,2.4101,-999.0,2.2776,-999.0,27.17,27.65,26.54,83.67,6.43,8.71,5.4,99.94
20001125,53.19,3.0295,-999.0,2.5128,-999.0,27.09,27.36,26.53,85.26,6.93,8.27,5.78,99.95
20001126,29.52,2.6352,-999.0,2.2632,-999.0,27.18,27.55,26.54,83.84,5.3,6.66,4.49,100.02
20001127,10.5,3.0646,-999.0,2.52,-999.0,26.71,27.46,26.01,85.25,5.2,7.56,4.43,100.02
20001128,3.06,4.7789,-999.0,4.2384,-999.0,27.17,28.4,26.33,83.66,5.9,6.98,5.02,99.97
20001129,5.25,3.8616,-999.0,3.3864,-999.0,26.95,27.33,26.45,86.68,5.43,7.88,4.63,100.01
20001130,9.36,5.3369,-999.0,3.2568,-999.0,26.7,27.22,26.11,87.14,3.71,4.62,3.25,100.09
20001201,3.34,4.6985,-999.0,4.3872,-999.0,26.29,26.7,25.79,85.62,2.63,3.63,2.31,100.16
20001202,0.91,5.4094,-999.0,3.0456,-999.0,26.2,26.66,25.92,83.25,2.48,4.12,2.18,100.22
20001203,1.06,5.0443,-999.0,3.2472,-999.0,26.24,26.71,25.75,81.94,2.49,3.12,2.19,100.16
20001204,1.4,4.9327,-999.0,4.008,-999.0,26.49,27.01,25.96,85.12,3.62,4.41,3.15,100.07
20001205,1.42,4.7892,-999.0,3.5544,-999.0,26.67,27.36,25.91,85.94,4.7,5.29,4.05,99.96
20001206,6.66,5.7041,-999.0,3.204,-999.0,26.79,27.44,26.21,85.58,4.42,5.54,3.81,100.03
20001207,20.14,3.3031,-999.0,2.7072,-999.0,26.91,27.42,26.37,85.34,4.7,6.69,4.04,99.98
20001208,5.36,5.7677,-999.0,3.3048,-999.0,26.88,27.53,26.23,83.5,4.56,5.41,3.91,99.95
20001209,3.59,5.1804,-999.0,3.336,-999.0,26.55,27.11,26.02,82.27,2.99,4.1,2.6,99.9
20001210,2.64,5.4622,-999.0,3.4992,-999.0,26.51,27.22,25.64,83.54,3.38,4.83,2.91,99.99
20001211,7.74,3.0358,-999.0,2.3256,-999.0,26.15,26.61,25.77,87.05,4.16,5.34,3.61,100.07
20001212,85.97,4.8869,-999.0,3.0504,-999.0,26.03,26.61,25.48,90.62,5.03,6.22,4.3,100.01
20001213,28.87,4.7614,-999.0,3.54,-999.0,25.77,26.09,25.41,90.47,4.37,6.1,3.77,99.95
20001214,4.51,5.1422,-999.0,3.3672,-999.0,25.92,26.61,25.19,90.12,4.58,5.69,3.94,99.99
20001215,6.56,4.8247,-999.0,4.2384,-999.0,25.84,26.4,25.02,88.14,3.89,5.96,3.38,100.01
20001216,10.93,4.7544,-999.0,3.9864,-999.0,25.94,26.38,25.45,88.22,3.55,5.94,3.09,100.05
20001217,13.67,4.6884,-999.0,4.5336,-999.0,25.49,26.03,25.19,90.55,2.96,4.29,2.61,100.03
20001218,12.8,4.429,-999.0,3.8808,-999.0,25.19,25.51,24.95,90.56,2.84,3.94,2.5,99.93
20001219,45.6,2.7473,-999.0,1.8576,-999.0,26.0,26.76,25.25,89.68,4.94,6.76,4.21,99.87
20001220,11.39,4.7803,-999.0,4.5696,-999.0,25.84,26.67,25.0,88.77,3.68,4.93,3.19,99.95
20001221,7.69,4.7359,-999.0,4.1232,-999.0,26.19,26.88,25.48,89.44,4.07,5.94,3.48,99.85
20001222,9.2,3.6082,-999.0,3.0312,-999.0,26.38,26.96,26.08,90.18,6.15,7.05,5.16,99.82
20001223,5.47,3.3734,-999.0,2.7912,-999.0,26.06,26.67,25.52,88.48,3.53,4.36,3.09,99.9
20001224,2.61,4.0778,-999.0,3.792,-999.0,26.39,27.28,25.33,86.35,3.66,4.74,3.21,99.89
20001225,2.47,4.4844,-999.0,4.092,-999.0,26.5,27.18,26.04,85.68,2.54,2.99,2.27,99.95
20001226,2.62,5.065,-999.0,3.8112,-999.0,26.47,26.96,26.14,86.45,3.01,4.37,2.63,99.98
20001227,5.56,4.974,-999.0,4.1976,-999.0,26.52,27.01,25.95,86.17,2.88,3.91,2.55,99.99
20001228,46.49,4.5134,-999.0,4.368,-999.0,26.31,26.64,25.85,86.69,2.32,4.29,2.05,99.93
20001229,37.32,4.555,-999.0,4.5384,-999.0,25.64,26.17,25.25,87.59,3.13,4.48,2.72,99.95
20001230,16.41,4.4849,-999.0,4.2696,-999.0,25.74,26.2,25.35,87.63,3.38,4.2,2.92,99.98
20001231,8.15,4.067,-999.0,3.9024,-999.0,25.63,26.22,25.08,83.71,1.54,3.0,1.38,99.94
20010101,5.74,5.557,3.3173,2.927,0.56,26.42,27.66,25.32,84.31,3.0,4.8,2.6,99.82
20010102,18.03,2.885,0.599,1.9634,0.29,26.11,26.83,25.35,88.72,4.95,6.89,4.23,99.93
20010103,6.79,4.1585,0.7279,2.8435,0.42,25.27,25.67,24.99,87.89,3.94,4.58,3.45,100.06
20010104,3.65,4.8163,1.2053,3.217,0.48,25.93,27.01,25.09,85.46,3.63,4.58,3.17,100.03
20010105,4.28,5.2366,2.7907,2.622,0.52,25.92,26.64,24.93,84.44,2.14,2.88,1.92,100.05
20010106,2.79,5.0249,1.0942,3.2376,0.5,26.09,26.75,25.41,81.73,2.65,3.87,2.32,100.05
20010107,0.05,6.0228,3.8208,2.9978,0.6,26.22,27.42,24.62,76.11,1.91,2.8,1.71,100.03
20010108,0.19,6.6074,5.5296,2.4636,0.66,27.25,28.07,26.52,77.11,2.92,3.92,2.58,99.89
20010109,0.77,6.2885,4.6997,3.0149,0.63,27.24,28.02,26.66,80.71,4.22,5.42,3.66,99.96
20010110,6.96,4.789,0.8858,3.3096,0.48,26.59,27.08,26.15,81.49,5.63,7.0,4.83,100.07
20010111,5.53,4.6567,2.5714,2.3141,0.46,26.48,27.21,25.74,80.59,6.12,6.82,5.22,100.0
20010112,4.59,5.7878,3.8201,2.6294,0.58,26.81,27.59,26.06,79.93,4.93,6.37,4.24,100.01
20010113,11.35,3.5882,0.1589,2.7079,0.36,26.16,26.59,25.7,83.64,4.05,4.68,3.53,100.07
20010114,1.89,6.0677,3.9048,2.7785,0.6,27.11,28.39,25.61,76.22,3.33,4.31,2.94,99.97
20010115,5.99,2.2594,0.205,1.5386,0.22,27.62,28.34,26.57,76.03,3.38,4.0,3.0,100.01
20010116,4.06,3.4536,0.5724,2.2788,0.34,27.08,27.92,26.02,75.92,3.02,4.04,2.71,100.11
20010117,8.86,4.1513,0.6065,2.9321,0.41,26.62,27.5,25.81,83.63,3.12,4.27,2.78,100.02
20010118,1.98,5.1146,1.9476,3.1495,0.51,26.85,27.29,26.48,83.38,3.38,5.29,2.96,99.9
20010119,1.37,5.291,1.8228,3.3173,0.52,26.72,27.66,25.33,81.41,2.88,4.24,2.52,99.92
20010120,1.36,5.7734,3.1226,2.8718,0.57,25.13,26.05,24.2,73.49,1.85,3.56,1.68,100.07
20010121,0.65,5.6335,2.1794,3.0713,0.55,26.56,27.69,24.98,75.5,1.87,3.45,1.63,99.91
20010122,1.69,5.0246,1.1366,3.1759,0.49,27.35,28.22,26.53,79.74,4.82,5.51,4.14,99.8
20010123,14.41,5.3714,1.7306,3.2911,0.53,27.3,27.79,26.81,81.28,3.22,4.55,2.83,99.84
20010124,10.8,4.9678,2.2894,2.9885,0.49,26.61,27.23,26.2,84.95,2.89,3.66,2.58,99.85
20010125,19.17,4.692,0.5136,3.3557,0.46,26.23,27.0,25.28,85.88,2.2,3.51,1.94,99.87
20010126,16.85,4.2264,0.6979,2.9292,0.41,26.65,27.09,26.34,85.86,4.83,7.53,4.15,99.89
20010127,24.65,4.0838,0.2748,2.9035,0.4,25.97,26.4,25.31,87.81,2.88,5.05,2.52,99.93
20010128,24.01,3.7512,0.8854,2.395,0.37,25.84,26.29,25.19,88.64,2.84,3.77,2.53,99.95
20010129,31.98,3.8438,0.2446,2.7312,0.37,26.16,26.9,25.32,87.67,3.98,6.76,3.46,100.04
20010130,5.45,3.367,0.3038,2.3059,0.33,26.5,27.29,25.86,85.23,5.02,6.95,4.35,99.98
20010131,4.8,2.639,0.1858,1.8751,0.26,25.8,26.19,25.51,86.96,3.67,4.67,3.24,99.97
20010201,0.93,3.1387,0.3454,2.2572,0.31,26.93,27.76,25.68,76.71,2.46,3.29,2.2,99.89
20010202,0.12,6.4298,4.9294,2.6196,0.62,28.42,29.35,27.37,68.37,3.14,3.85,2.77,99.76
20010203,3.03,5.0285,0.6763,3.5059,0.49,28.37,29.01,27.73,74.29,3.3,4.49,2.9,99.84
20010204,7.13,5.975,4.2204,2.8807,0.58,27.69,28.08,27.26,78.03,2.65,3.79,2.39,99.91
20010205,5.34,4.5451,1.4093,2.7684,0.44,26.8,27.01,26.54,83.62,3.09,3.85,2.73,99.88
20010206,28.56,4.8938,0.9895,3.3211,0.47,26.67,27.12,26.02,86.63,4.23,4.68,3.71,99.85
20010207,90.49,3.8906,0.2117,2.9035,0.38,26.49,26.92,25.8,87.29,3.88,6.86,3.37,99.8
20010208,24.91,3.1958,0.1126,2.3834,0.31,26.66,26.87,26.46,85.81,5.59,8.41,4.8,99.9
20010209,5.15,3.9295,0.2105,2.8598,0.38,26.16,26.57,25.73,85.31,4.22,5.19,3.7,99.99
20010210,6.13,4.9248,1.5698,3.2112,0.47,26.0,26.42,25.5,88.04,4.51,5.4,3.94,99.9
20010211,3.33,5.7122,2.5488,3.7106,0.55,26.74,27.34,26.02,83.93,3.38,4.84,2.97,99.86
20010212,6.61,5.371,1.7419,3.3535,0.52,26.77,27.59,25.9,82.14,2.96,4.8,2.62,99.93
20010213,11.05,4.9342,0.7529,3.4246,0.47,26.58,27.27,25.7,80.99,4.14,5.9,3.61,99.95
20010214,2.28,6.4822,4.8871,2.8534,0.62,27.61,28.41,26.87,76.35,2.85,3.26,2.53,99.9
20010215,0.43,5.3194,1.3949,3.7315,0.51,27.88,29.1,26.59,74.97,2.64,4.18,2.35,100.0
20010216,0.91,5.436,1.661,3.2954,0.52,27.9,28.77,26.96,74.5,2.14,3.24,1.94,100.08
20010217,3.8,5.3345,3.228,2.5344,0.51,27.24,27.8,26.67,81.22,2.23,3.16,2.01,100.08
20010218,4.85,5.0537,1.8677,3.0718,0.48,27.0,27.43,26.59,83.62,3.5,4.63,3.05,100.12
20010219,3.45,5.6414,3.071,3.2242,0.54,26.97,27.61,26.13,82.84,3.65,4.3,3.18,100.13
20010220,8.85,6.2275,3.5258,3.3648,0.59,27.0,27.5,26.49,82.26,3.69,4.37,3.23,100.09
20010221,18.3,5.9959,3.847,2.7348,0.57,26.74,27.4,26.21,84.51,3.28,4.14,2.88,100.01
20010222,5.9,4.9918,1.272,3.1699,0.48,26.78,27.25,26.11,84.12,3.03,4.22,2.67,100.01
20010223,16.34,6.0048,4.0944,2.5476,0.57,26.49,26.73,26.14,86.28,3.07,4.6,2.7,100.08
20010224,14.27,4.5734,1.1498,2.7754,0.44,26.91,27.5,26.34,83.86,2.93,4.08,2.58,100.03
20010225,3.38,5.9678,3.9384,2.5104,0.57,26.99,27.54,26.06,82.59,2.72,3.7,2.38,99.97
20010226,57.71,4.9291,2.8147,2.4751,0.47,27.33,27.61,27.02,84.21,3.92,4.75,3.38,100.01
20010227,48.3,2.5032,0.2093,1.8012,0.24,26.46,27.21,25.43,87.67,5.53,8.42,4.68,100.16
20010228,7.49,4.5192,1.9051,2.6244,0.43,26.02,26.9,25.04,85.54,2.53,3.45,2.27,100.2
20010301,4.49,5.7826,3.0194,2.9419,0.55,26.84,27.82,25.83,83.92,2.99,3.82,2.65,100.13
20010302,7.23,5.7665,3.8993,2.9995,0.55,27.27,28.59,26.11,77.94,2.51,3.98,2.24,100.15
20010303,2.36,5.335,1.961,2.861,0.51,27.15,27.89,26.37,82.08,2.95,3.51,2.63,100.13
20010304,40.72,5.6076,2.7346,2.7098,0.53,26.95,27.15,26.64,84.83,3.13,4.45,2.77,100.06
20010305,31.61,5.2766,1.8754,2.9837,0.5,26.49,26.73,26.32,87.43,4.28,4.96,3.76,100.06
20010306,15.04,3.8938,0.4464,2.6465,0.37,26.8,27.39,26.25,87.97,4.62,5.57,4.01,100.01
20010307,17.21,4.5041,0.8472,3.0521,0.43,26.1,26.46,25.87,86.57,2.46,5.08,2.17,100.06
20010308,6.14,4.3049,0.7922,2.7694,0.41,26.49,26.95,25.88,87.11,4.21,6.78,3.63,100.04
20010309,10.95,4.2576,1.0543,2.8637,0.4,26.09,26.71,25.61,85.9,3.14,4.26,2.75,100.06
20010310,6.4,5.316,2.8267,2.6004,0.5,26.54,27.35,25.95,85.52,4.7,5.95,4.06,100.1
20010311,2.66,5.7571,2.2884,3.2933,0.55,26.3,26.99,25.64,82.89,3.25,4.72,2.83,100.22
20010312,5.31,4.5624,0.9787,2.8678,0.43,27.4,28.3,25.97,76.77,2.52,3.58,2.22,100.11
20010313,2.08,6.6233,5.1715,2.701,0.63,27.77,28.27,26.98,76.92,3.42,6.08,2.98,100.09
20010314,0.64,5.9561,3.3346,2.8195,0.57,28.4,29.08,27.96,73.15,2.32,3.16,2.08,100.14
20010315,0.16,6.2038,4.2833,2.531,0.59,28.29,28.8,27.92,73.67,2.24,3.25,2.0,100.15
20010316,1.31,7.1647,5.467,2.6004,0.68,27.74,28.44,26.97,80.21,3.68,5.08,3.22,100.06
20010317,2.07,6.6586,4.999,2.7475,0.63,27.38,27.81,26.94,80.52,2.71,4.25,2.4,100.04
20010318,1.24,7.0133,6.4346,2.0746,0.67,27.76,28.41,26.95,77.05,3.28,3.96,2.87,100.03
20010319,1.02,7.3526,6.5875,2.1187,0.7,28.14,28.92,27.38,76.48,3.8,4.52,3.3,99.99
20010320,5.94,5.8207,3.4514,2.9438,0.56,27.7,28.66,26.47,78.31,3.59,4.46,3.14,99.97
20010321,8.44,4.5271,0.6288,3.0094,0.43,26.31,26.54,26.02,81.72,2.48,5.06,2.17,99.96
20010322,16.22,3.6108,0.3326,2.4715,0.34,26.41,26.89,25.75,84.77,4.35,5.38,3.8,99.97
20010323,10.11,5.1886,1.3118,3.3182,0.5,26.53,27.22,25.62,86.21,4.38,6.09,3.79,99.96
20010324,4.12,5.6405,1.9718,3.3914,0.54,26.19,26.77,25.64,83.42,2.02,3.81,1.8,99.99
20010325,2.32,4.2965,0.5369,3.0086,0.41,26.53,27.47,25.75,82.97,3.24,4.6,2.84,100.0
20010326,6.15,3.9586,0.6571,2.6942,0.38,26.2,26.51,25.99,85.7,4.12,5.59,3.59,99.98
20010327,3.65,5.339,1.9452,3.0509,0.51,26.81,27.74,25.99,83.41,5.31,6.27,4.57,99.96
20010328,4.25,6.2131,4.0356,2.8788,0.6,26.54,26.76,26.14,79.27,3.5,4.96,3.07,100.06
20010329,4.81,6.0149,3.1546,3.2342,0.58,27.23,28.35,26.16,80.37,3.25,4.39,2.84,99.9
20010330,2.12,5.761,2.8013,3.233,0.56,27.26,27.91,26.5,85.26,3.87,5.28,3.38,99.87
20010331,1.54,4.3166,0.7507,2.9064,0.42,27.59,28.12,27.05,82.02,2.48,4.1,2.21,99.98
20010401,3.27,5.155,1.6397,2.9318,0.5,27.39,27.81,26.82,83.35,1.92,3.5,1.73,99.94
20010402,6.0,5.347,3.0156,2.5214,0.52,26.96,27.61,26.34,82.68,2.85,4.93,2.49,99.9
20010403,5.98,4.1203,1.619,2.3522,0.4,26.29,26.79,25.97,85.38,2.61,3.44,2.32,99.95
20010404,3.65,5.4826,2.9753,2.8517,0.53,26.44,27.0,25.71,87.09,2.78,3.44,2.44,99.94
20010405,6.22,4.9315,1.1554,3.0862,0.48,26.3,26.55,26.0,86.17,2.47,3.81,2.18,99.96
20010406,4.96,5.1826,1.6807,2.8819,0.5,25.95,26.42,25.54,82.47,1.01,1.62,0.92,100.04
20010407,4.27,4.4594,0.6108,2.8438,0.43,26.24,26.71,25.92,87.68,3.1,5.0,2.71,100.06
20010408,6.72,5.1617,3.1423,2.2774,0.5,26.76,27.51,26.09,85.06,4.38,5.65,3.82,100.03
20010409,4.31,5.0062,1.9574,2.7598,0.49,26.86,27.35,26.27,83.14,2.67,3.67,2.37,99.99
20010410,11.67,5.5699,3.7181,2.3678,0.54,27.03,27.8,26.22,81.04,1.65,3.24,1.49,100.11
20010411,9.23,5.3962,3.0835,3.0535,0.53,26.43,27.11,26.02,86.62,3.17,3.86,2.81,100.11
20010412,6.39,5.3191,3.5654,2.2807,0.52,26.16,27.11,25.16,88.92,3.15,5.02,2.74,100.02
20010413,5.18,4.5305,1.627,2.5714,0.44,26.41,26.72,26.25,87.56,4.32,6.31,3.73,100.11
20010414,3.61,5.4754,2.8414,2.8687,0.54,26.72,27.35,25.94,82.91,2.04,2.8,1.83,100.19
20010415,6.75,5.431,3.1171,2.6494,0.53,26.95,27.67,26.13,84.51,2.61,3.32,2.31,100.17
20010416,10.73,5.2778,2.508,2.6311,0.52,26.99,27.47,26.34,86.04,3.14,3.69,2.75,100.08
20010417,4.08,4.6507,2.9448,2.063,0.46,27.03,27.26,26.65,84.23,2.07,2.7,1.81,99.96
20010418,5.19,5.6237,3.6374,2.3796,0.56,27.18,27.53,26.76,81.81,1.85,2.44,1.62,99.95
20010419,4.1,4.842,1.183,3.1068,0.48,27.51,28.08,26.79,80.16,1.54,2.36,1.35,99.89
20010420,10.52,5.2937,3.2208,2.6342,0.53,27.67,28.12,27.3,84.08,2.92,3.88,2.54,99.82
20010421,9.66,5.1641,2.7204,2.5426,0.51,27.62,28.2,27.14,85.04,3.49,4.25,3.04,99.79
20010422,10.05,5.5051,3.2508,2.5606,0.55,27.9,28.67,27.47,83.23,3.3,5.12,2.91,99.72
20010423,10.55,4.3387,1.3433,2.4391,0.43,27.84,28.37,27.47,84.0,4.33,6.98,3.75,99.78
20010424,2.66,5.2769,1.7292,3.2575,0.53,27.49,27.95,27.0,84.74,3.08,4.85,2.72,99.83
20010425,19.5,5.1062,2.3258,2.7122,0.51,26.85,27.62,25.87,84.36,4.28,7.47,3.73,99.88
20010426,31.83,3.3986,0.2035,2.3846,0.34,27.43,28.38,26.56,84.33,3.48,5.41,3.05,99.88
20010427,4.47,5.359,3.0749,2.7146,0.54,27.27,27.83,26.66,86.25,3.86,5.14,3.36,99.89
20010428,8.56,4.9891,2.3635,3.1205,0.5,27.03,27.41,26.53,86.05,2.67,3.09,2.33,99.83
20010429,8.29,3.5966,0.168,2.6023,0.36,27.45,28.03,26.83,85.24,1.67,2.81,1.46,99.85
20010430,5.54,5.189,3.5448,2.4132,0.53,28.25,29.03,27.8,80.83,3.86,6.22,3.38,99.92
20010501,3.59,4.6346,2.2994,2.4785,0.47,26.93,27.54,26.62,89.06,4.0,5.59,3.47,100.02
20010502,1.3,5.2829,3.2234,2.4156,0.54,26.78,27.04,26.43,85.81,3.27,4.12,2.85,99.9
20010503,0.47,5.7763,3.8263,2.9074,0.59,26.95,27.42,26.18,81.85,2.47,2.84,2.17,99.85
20010504,0.06,5.9198,4.0428,2.5999,0.6,27.65,28.41,27.09,79.64,3.6,4.56,3.13,99.93
20010505,1.58,5.5178,3.2806,2.4902,0.56,26.68,27.31,25.94,84.92,2.44,3.83,2.18,100.05
20010506,4.42,5.5493,3.4373,2.5702,0.57,27.67,28.43,26.85,84.63,3.05,4.33,2.67,99.98
20010507,8.07,2.8903,1.4227,1.626,0.3,27.78,28.29,26.73,89.19,5.47,7.52,4.68,99.92
20010508,2.89,5.533,3.1766,3.2803,0.57,27.28,28.19,26.4,82.74,3.35,4.46,2.94,99.98
20010509,4.08,5.6506,3.7889,2.6666,0.58,26.64,27.12,26.02,86.94,3.4,5.86,2.93,100.02
20010510,3.58,4.1047,0.5472,2.7624,0.42,26.72,27.1,26.22,86.27,2.18,2.89,1.91,100.09
20010511,12.25,5.3798,3.503,2.3602,0.56,27.03,27.5,26.34,84.16,2.03,3.43,1.78,100.1
20010512,19.06,3.5098,0.2724,2.4773,0.36,27.12,27.5,26.89,85.45,3.2,4.57,2.78,100.04
20010513,0.97,6.1274,5.2764,2.1516,0.64,27.34,27.92,26.62,80.29,1.53,2.3,1.35,99.95
20010514,0.3,5.821,3.882,2.5517,0.61,28.01,28.9,27.3,74.54,1.29,2.42,1.15,99.96
20010515,0.81,5.5536,4.135,2.7732,0.58,28.28,28.89,27.75,76.57,1.98,2.76,1.76,100.02
20010516,2.05,5.821,4.1167,2.6273,0.61,28.41,29.1,27.66,79.05,2.29,3.35,2.04,100.03
20010517,3.74,5.5462,3.7349,2.4977,0.58,28.5,29.22,27.99,78.22,1.57,2.53,1.39,100.07
20010518,6.95,5.1158,2.3645,3.12,0.54,27.63,28.1,27.19,81.44,1.67,2.75,1.49,100.12
20010519,0.67,5.5301,3.6158,2.4259,0.58,27.76,28.22,27.14,80.87,1.96,3.25,1.74,100.03
20010520,6.95,5.771,4.0846,2.5666,0.61,27.89,28.45,27.44,81.1,2.62,3.15,2.31,99.93
20010521,5.94,5.4758,4.2329,2.1665,0.58,28.07,28.69,27.3,82.04,3.92,4.41,3.42,99.95
20010522,2.09,5.0654,3.0662,2.4857,0.54,27.47,27.96,27.28,82.12,2.37,4.45,2.06,100.02
20010523,2.38,5.1996,2.7854,2.6232,0.55,27.79,28.32,27.07,79.11,1.87,2.73,1.63,99.99
20010524,0.96,6.1555,5.2181,2.1314,0.65,28.18,28.99,27.51,74.02,1.37,2.64,1.21,99.89
20010525,5.22,5.3772,2.8457,2.7857,0.57,27.93,28.44,27.46,79.53,2.19,3.76,1.92,99.81
20010526,6.52,4.7078,2.9153,2.5272,0.5,27.65,28.02,26.94,84.23,3.19,4.42,2.79,99.88
20010527,9.94,3.9919,0.2563,2.8834,0.43,26.79,27.07,26.42,88.15,3.91,6.71,3.43,99.93
20010528,10.31,2.2906,0.0979,1.7066,0.24,27.39,27.94,26.81,83.01,5.57,7.34,4.78,99.99
20010529,0.5,4.1054,0.5587,2.8068,0.44,28.13,28.56,27.37,72.95,2.56,4.26,2.27,99.94
20010530,0.52,5.6863,4.3217,2.3508,0.61,28.35,28.78,27.81,74.57,2.64,2.94,2.35,99.91
20010531,2.9,5.4118,4.139,2.1869,0.58,27.95,28.4,27.62,78.8,2.67,3.17,2.34,99.89
20010601,8.7,4.8986,2.0258,2.7391,0.53,26.94,27.51,26.69,86.35,3.75,5.08,3.26,99.9
20010602,5.43,5.4689,3.3072,2.6995,0.59,26.93,27.42,26.05,82.6,2.39,3.39,2.16,99.99
20010603,4.82,4.9546,2.6242,2.6184,0.53,26.25,27.25,25.66,84.09,1.29,2.41,1.15,100.03
20010604,7.15,3.6605,0.283,2.5334,0.39,26.59,27.14,25.88,89.24,5.08,6.58,4.37,99.95
20010605,18.17,4.2413,0.9425,2.6741,0.46,26.97,27.6,26.35,86.2,4.97,5.66,4.28,99.88
20010606,24.79,4.7503,2.4331,2.8872,0.51,27.03,27.64,26.58,87.55,5.0,5.96,4.29,99.81
20010607,41.32,3.7915,1.3966,2.142,0.41,26.23,26.51,25.56,89.52,3.06,5.46,2.66,99.87
20010608,7.05,4.3534,1.4594,2.64,0.47,26.47,27.19,25.67,80.69,2.9,4.58,2.56,99.96
20010609,0.06,6.1198,5.5786,2.0724,0.66,27.36,28.29,26.19,75.5,2.17,2.67,1.93,99.99
20010610,0.28,6.198,5.7545,2.023,0.67,27.84,28.54,27.27,73.24,1.68,2.26,1.5,99.96
20010611,0.06,5.8284,4.4496,2.5001,0.63,27.5,28.12,26.89,75.37,1.58,1.99,1.38,99.99
20010612,0.58,5.1254,3.0509,2.441,0.56,27.5,28.03,27.03,76.25,1.52,2.63,1.35,100.01
20010613,10.44,4.8185,3.4937,2.315,0.52,27.38,27.9,26.82,82.77,4.45,6.55,3.85,100.08
20010614,1.43,5.9484,5.1326,2.1235,0.65,26.83,27.44,26.24,85.44,3.52,4.96,3.09,100.16
20010615,1.19,5.5481,3.9226,2.3746,0.6,27.54,28.87,26.4,74.21,2.07,3.42,1.84,100.08
20010616,1.23,3.3475,0.5621,2.2795,0.36,25.91,26.76,25.23,80.28,2.33,3.07,2.06,100.22
20010617,0.59,5.5812,4.3258,2.5752,0.61,26.7,27.34,25.96,77.67,1.64,3.41,1.46,100.14
20010618,2.81,5.0237,2.1098,3.1003,0.55,26.64,26.97,26.1,84.93,3.09,4.28,2.72,100.09
20010619,8.33,4.4887,2.0299,2.8157,0.49,27.2,27.87,26.13,79.28,2.85,4.83,2.48,100.01
20010620,20.28,3.0816,0.5736,2.1137,0.34,27.25,27.85,26.5,80.16,4.02,5.33,3.46,100.05
20010621,5.2,5.9724,5.3863,2.1694,0.65,26.72,27.33,26.11,79.23,1.8,2.57,1.6,100.08
20010622,2.95,4.2996,0.5376,3.0257,0.47,26.68,27.34,25.46,81.33,2.37,3.32,2.1,100.07
20010623,2.64,5.5051,4.3366,2.3465,0.6,26.63,27.74,25.24,79.66,2.22,2.77,1.99,100.09
20010624,0.59,5.3762,3.0211,3.2974,0.59,26.97,27.39,26.44,79.35,1.18,1.74,1.03,100.11
20010625,4.04,5.6189,4.6519,2.4031,0.61,27.35,28.32,26.63,79.1,2.67,4.56,2.36,100.11
20010626,6.56,3.4078,0.3636,2.454,0.37,26.17,26.62,25.92,81.33,4.11,5.04,3.6,100.2
20010627,15.49,5.8944,5.2087,2.2178,0.64,26.53,26.94,26.24,83.41,3.9,4.93,3.42,100.11
20010628,14.91,4.4887,1.0759,2.67,0.49,26.21,26.57,25.83,86.99,4.4,5.66,3.82,100.22
20010629,9.68,4.1239,0.9106,2.6474,0.45,25.78,26.09,25.27,86.16,4.03,5.01,3.53,100.31
20010630,0.04,5.7458,4.8679,2.395,0.62,26.73,27.42,25.87,80.18,2.45,4.53,2.16,100.22
20010701,0.08,6.227,5.9897,2.1862,0.68,27.26,28.03,26.58,77.24,1.45,2.3,1.29,100.18
20010702,0.24,6.4193,6.9154,1.7225,0.7,27.32,28.01,26.8,75.39,2.6,3.44,2.28,100.21
20010703,0.25,6.0079,5.2214,2.207,0.65,27.12,27.78,26.6,75.49,2.48,3.34,2.16,100.07
20010704,1.48,4.6061,2.0062,2.8574,0.5,26.79,27.25,26.25,79.05,3.1,3.88,2.7,100.03
20010705,1.16,5.867,5.3863,2.4046,0.64,27.2,27.89,26.57,76.43,3.36,4.55,2.92,99.98
20010706,0.61,4.9831,3.2467,2.3357,0.54,27.14,27.49,26.86,76.22,3.55,4.53,3.07,100.05
20010707,0.07,5.5438,3.9418,2.3832,0.6,27.6,28.3,27.16,75.1,3.01,3.65,2.61,100.06
20010708,0.37,5.2649,4.3903,2.2534,0.57,27.36,27.8,26.95,76.63,2.18,3.31,1.91,100.08
20010709,0.01,5.773,4.573,2.2514,0.62,27.94,28.83,27.18,73.64,1.99,3.34,1.76,99.99
20010710,0.16,5.3131,3.0538,2.6376,0.57,27.85,28.52,27.14,75.09,1.86,3.68,1.63,100.08
20010711,0.55,5.196,3.8503,2.279,0.56,27.45,28.13,26.96,79.73,2.25,3.51,1.98,100.08
20010712,0.56,5.6256,4.4602,2.3191,0.61,27.06,27.56,26.71,80.71,2.25,2.72,1.97,100.04
20010713,0.25,5.6686,4.5437,2.465,0.61,27.52,28.43,26.54,77.91,2.35,3.09,2.09,100.01
20010714,0.45,5.7768,4.6488,2.3186,0.62,27.63,28.23,26.92,78.59,2.4,3.54,2.13,100.07
20010715,3.82,4.8953,2.9796,2.3345,0.53,27.57,28.29,27.11,79.08,2.21,3.57,1.97,100.18
20010716,3.86,4.7707,1.9094,2.7002,0.51,27.29,27.9,26.62,78.7,2.09,4.1,1.85,100.2
20010717,4.84,4.4383,1.085,2.7161,0.48,27.22,27.67,26.86,83.08,2.96,4.16,2.6,100.11
20010718,4.25,4.6838,2.8481,2.2178,0.5,26.91,27.3,26.5,82.53,3.1,4.13,2.72,100.07
20010719,4.19,5.0698,3.3835,2.3602,0.54,27.2,27.47,26.75,82.48,3.4,5.08,2.96,100.03
20010720,1.87,4.302,1.1837,2.6894,0.46,27.28,28.03,26.58,83.04,3.29,3.97,2.89,99.96
20010721,6.01,4.3944,1.9651,2.6023,0.47,26.56,26.98,26.07,85.89,2.96,3.75,2.62,99.87
20010722,5.44,4.9601,2.5087,2.6563,0.53,26.81,27.65,25.94,84.81,3.53,4.43,3.12,99.89
20010723,23.23,4.0896,1.4726,2.4182,0.43,26.75,27.11,26.52,85.58,3.72,4.2,3.28,99.87
20010724,20.02,4.4729,1.2742,2.82,0.47,26.42,27.02,25.87,89.2,5.87,8.08,4.99,99.88
20010725,6.98,4.6006,1.4059,2.7103,0.49,26.07,26.46,25.25,79.5,2.64,7.3,2.3,100.04
20010726,2.44,5.6354,3.6907,2.5058,0.6,27.25,28.12,26.29,79.31,3.8,4.36,3.33,99.98
20010727,2.81,5.1317,2.7612,2.5822,0.54,26.62,27.46,25.76,82.53,2.56,3.89,2.26,100.02
20010728,2.32,4.6344,1.1957,2.7602,0.49,26.79,27.51,26.24,81.36,2.57,3.61,2.3,100.01
20010729,15.0,4.8341,3.144,2.2217,0.51,26.41,26.97,25.74,86.65,2.91,3.91,2.56,100.11
20010730,22.0,4.2458,2.3009,2.2579,0.45,25.86,26.13,25.62,87.86,2.97,4.58,2.6,100.16
20010731,32.99,3.8947,1.1431,2.4382,0.41,26.35,27.12,25.82,85.9,6.28,6.9,5.33,100.19
20010801,5.98,4.5984,1.668,2.7775,0.48,26.47,27.08,26.07,85.52,4.48,6.52,3.86,100.03
20010802,5.66,5.3486,2.9093,2.7048,0.56,26.21,26.74,25.83,87.12,4.66,6.26,4.02,99.97
20010803,3.26,4.6099,1.5089,2.7391,0.48,26.2,26.46,25.79,84.57,4.65,6.74,4.02,100.05
20010804,4.48,4.836,1.8283,2.5438,0.5,26.91,27.84,25.98,83.35,4.43,4.99,3.84,100.12
20010805,5.29,4.4162,1.6891,2.5814,0.46,26.36,26.9,25.83,83.92,2.49,4.28,2.19,100.19
20010806,4.11,4.3529,1.2641,2.7982,0.45,25.91,26.56,25.05,83.23,1.57,2.41,1.38,100.14
20010807,15.51,5.538,3.3113,3.0276,0.57,26.2,26.96,25.38,84.42,2.21,4.49,1.91,100.09
20010808,20.94,4.3987,0.8479,3.0072,0.45,25.84,26.27,25.24,85.96,3.52,5.14,3.08,100.21
20010809,0.18,5.2034,2.6698,2.8404,0.54,26.44,26.84,25.82,80.71,2.54,4.29,2.22,100.26
20010810,0.31,5.9431,3.9895,2.6921,0.61,27.45,28.17,26.51,74.39,2.28,3.42,1.99,100.2
20010811,0.19,5.82,3.5659,2.6887,0.6,28.09,28.55,27.6,72.35,2.03,2.95,1.79,100.16
20010812,0.16,5.9657,3.8011,2.4276,0.61,28.1,28.74,27.32,71.62,1.95,2.8,1.73,100.14
20010813,0.2,5.664,3.6965,2.3981,0.58,28.11,28.46,27.61,72.3,1.76,2.62,1.57,100.17
20010814,1.09,5.6302,3.6002,2.8068,0.58,27.94,28.88,27.17,76.13,1.96,2.69,1.72,100.3
20010815,3.0,4.8398,2.1946,2.8726,0.49,27.32,27.6,27.04,82.6,2.58,3.27,2.27,100.34
20010816,1.55,4.3718,0.8909,2.771,0.45,27.41,28.01,27.02,82.56,3.56,4.35,3.11,100.23
20010817,0.82,5.1898,1.9603,2.9988,0.53,27.3,27.6,26.89,81.11,3.22,4.89,2.81,100.14
20010818,0.19,5.9071,4.1414,2.6004,0.6,27.37,28.04,26.87,76.44,2.17,3.26,1.89,100.14
20010819,2.16,5.3254,3.5537,3.1176,0.54,27.5,28.22,26.77,80.05,2.76,3.88,2.41,100.08
20010820,7.24,4.3238,0.6482,3.0394,0.44,26.95,27.35,26.51,84.01,3.44,4.84,3.0,100.15
20010821,5.9,2.8094,0.083,2.0575,0.28,26.31,26.86,25.98,86.49,3.02,4.23,2.64,100.17
20010822,2.99,4.8516,1.0553,3.1826,0.49,26.29,27.01,25.41,86.35,3.8,5.32,3.3,100.16
20010823,2.85,5.969,5.2776,2.795,0.6,26.31,26.76,25.95,84.19,3.79,6.32,3.29,100.17
20010824,2.69,5.4427,2.8699,2.5922,0.55,26.29,26.61,25.86,83.64,2.46,3.29,2.18,100.16
20010825,4.31,4.3778,1.123,2.6429,0.44,26.96,27.71,26.4,80.78,2.3,3.18,2.04,100.11
20010826,22.76,3.4673,1.3392,2.1866,0.35,26.85,27.64,26.24,84.49,1.91,2.89,1.65,100.05
20010827,17.64,1.8612,0.1968,1.2989,0.19,26.14,26.7,25.83,86.36,2.87,4.52,2.46,99.95
20010828,0.11,5.9158,4.482,2.495,0.59,27.04,27.9,26.36,78.77,3.37,3.76,2.93,99.89
20010829,22.88,3.5292,1.7698,1.9493,0.35,26.94,27.63,26.15,82.59,4.54,5.72,3.9,99.83
20010830,18.93,3.4596,0.1301,2.5162,0.34,25.56,26.28,25.3,85.16,2.75,5.72,2.38,99.95
20010831,0.24,4.5185,0.9329,2.8778,0.45,26.08,26.95,25.69,78.98,1.88,2.77,1.69,100.02
20010901,18.69,4.8907,1.9543,2.6734,0.49,26.98,27.76,25.91,77.37,1.88,3.98,1.67,100.03
20010902,34.81,2.9969,0.8885,2.0707,0.3,26.92,27.56,26.23,85.62,4.46,6.14,3.85,100.0
20010903,18.9,4.6291,2.1228,2.5663,0.46,26.46,26.77,26.07,86.96,3.21,3.96,2.8,100.11
20010904,6.72,4.968,1.261,3.1757,0.49,26.72,27.1,26.07,83.99,4.16,5.16,3.6,100.1
20010905,5.99,4.9462,2.7521,2.5171,0.49,26.18,26.42,25.73,86.67,3.7,4.5,3.21,100.12
20010906,12.31,5.8121,3.7039,2.8625,0.57,26.11,26.67,25.16,82.05,2.76,3.9,2.43,100.25
20010907,24.62,4.2233,1.2283,2.8075,0.42,26.11,26.72,25.59,84.38,2.16,3.79,1.94,100.27
20010908,11.68,4.8074,1.297,2.9489,0.47,26.16,26.42,25.83,89.25,4.7,5.06,4.07,100.22
20010909,3.03,5.449,4.3296,2.2754,0.53,26.66,27.25,25.91,82.31,3.69,5.2,3.22,100.17
20010910,2.12,4.9094,2.5891,2.4115,0.48,26.66,27.11,26.08,82.65,3.14,3.75,2.75,100.1
20010911,1.28,5.2104,2.8375,2.4672,0.51,26.66,27.24,25.61,85.21,4.06,5.27,3.53,100.06
20010912,3.82,5.4319,2.6102,2.8198,0.53,26.96,28.31,25.38,81.38,2.38,3.88,2.17,100.1
20010913,4.33,5.9093,3.9228,2.6714,0.58,27.78,28.7,26.81,81.05,3.41,4.53,3.04,99.97
20010914,10.96,5.61,3.203,2.6856,0.55,27.75,28.48,26.97,81.48,2.73,3.97,2.48,100.0
20010915,20.4,5.0743,2.7362,3.2386,0.49,27.34,28.1,26.55,85.35,2.68,3.56,2.38,99.97
20010916,29.13,4.7316,1.9032,2.5937,0.46,27.75,28.92,26.94,83.13,4.41,7.59,3.78,99.99
20010917,45.08,4.3205,1.8629,2.429,0.42,27.4,28.18,26.9,84.69,5.47,7.35,4.7,100.03
20010918,14.09,6.1918,4.5938,2.4134,0.6,26.63,27.08,26.11,83.52,3.18,5.15,2.78,100.12
20010919,14.45,6.1445,4.2518,2.5541,0.6,26.79,27.4,26.14,81.91,2.79,3.63,2.48,100.07
20010920,10.12,5.5541,2.4521,3.0252,0.54,26.37,26.53,26.19,86.43,3.53,4.51,3.11,100.05
20010921,6.25,5.2123,2.9551,2.773,0.51,27.32,28.48,26.26,81.8,2.94,4.97,2.62,100.05
20010922,26.96,3.2273,0.9826,1.9735,0.31,27.59,28.4,26.85,82.54,3.62,4.7,3.2,99.99
20010923,6.98,5.0585,2.2498,2.5536,0.49,27.31,27.73,26.67,86.94,4.77,8.31,4.1,99.94
20010924,6.1,4.6034,1.0102,2.8694,0.45,27.29,28.09,26.59,83.61,1.97,3.3,1.77,100.0
20010925,6.82,4.6212,2.1182,2.8433,0.45,27.69,28.6,27.03,80.84,3.55,4.62,3.17,99.97
20010926,3.5,4.7606,0.8794,2.9304,0.46,26.47,27.28,26.02,86.69,3.16,4.93,2.74,99.94
20010927,2.17,3.919,0.222,2.7372,0.38,27.01,27.83,26.11,83.81,3.05,3.92,2.71,99.92
20010928,6.64,3.8664,2.0477,1.8346,0.37,26.64,27.09,26.26,84.72,2.57,3.62,2.28,99.98
20010929,6.41,4.7774,1.0908,3.2131,0.46,26.16,26.51,25.74,87.44,3.62,4.48,3.17,100.05
20010930,7.73,5.4946,3.1738,2.6782,0.53,26.46,27.14,25.7,84.83,2.54,3.66,2.26,100.08
20011001,3.51,3.125,0.1817,2.2123,0.3,25.87,26.4,25.1,85.68,2.85,3.35,2.53,100.14
20011002,11.28,3.2669,0.4788,2.1492,0.31,26.19,26.83,25.66,84.88,2.87,3.71,2.53,100.15
20011003,5.14,5.8248,2.8447,3.2784,0.56,26.93,27.58,26.11,82.69,4.08,5.45,3.54,100.09
20011004,5.6,4.9224,3.643,1.789,0.47,26.7,27.16,26.13,83.69,3.35,5.76,2.93,100.1
20011005,12.81,4.4057,2.5102,2.5699,0.42,27.38,27.9,26.74,83.77,5.62,6.03,4.82,100.05
20011006,28.58,4.2634,0.7687,2.6729,0.41,27.18,27.49,26.67,85.58,5.75,6.82,4.9,100.12
20011007,8.47,4.1674,0.5777,2.8642,0.4,26.66,27.72,25.74,83.13,4.27,6.71,3.72,100.26
20011008,1.09,5.7149,3.8246,2.6894,0.55,25.95,26.58,25.54,83.51,2.53,3.79,2.23,100.32
20011009,0.28,5.1833,2.5502,2.5397,0.5,26.09,26.88,25.29,80.03,1.49,3.4,1.31,100.28
20011010,2.86,6.2602,4.8564,2.503,0.6,26.73,27.36,26.2,83.84,3.92,5.26,3.41,100.24
20011011,1.76,6.4313,5.1132,2.7132,0.62,27.59,28.19,26.72,78.47,4.68,6.01,4.02,100.18
20011012,1.71,6.5167,5.125,2.4103,0.63,27.63,28.13,27.06,79.99,4.9,5.23,4.19,100.13
20011013,4.88,6.0019,4.1273,2.5541,0.58,27.06,27.57,26.61,84.05,3.82,4.54,3.34,100.02
20011014,4.16,6.4445,4.9274,2.6021,0.62,26.94,27.78,26.29,84.63,3.48,4.48,3.05,99.91
20011015,2.26,6.1296,4.2374,3.035,0.59,27.05,27.76,26.5,82.21,3.69,4.46,3.21,100.01
20011016,8.06,5.5022,2.4605,3.0142,0.53,25.99,26.45,25.63,84.32,2.34,4.52,2.06,100.12
20011017,18.39,5.3506,1.5449,3.4198,0.52,26.33,26.9,25.75,83.58,2.4,3.06,2.11,100.07
20011018,23.44,4.0721,0.7277,2.8174,0.39,26.08,26.59,25.58,86.07,2.69,3.97,2.34,100.13
20011019,4.52,5.4036,2.9186,3.1142,0.52,26.56,27.37,25.61,81.08,2.83,4.38,2.48,100.16
20011020,5.72,4.7045,0.6466,3.1987,0.45,26.3,26.76,25.83,85.26,2.98,4.02,2.6,100.11
20011021,15.84,4.2427,1.315,2.7833,0.41,26.42,26.86,26.06,87.09,4.27,7.82,3.66,99.92
20011022,10.86,3.6646,0.2717,2.5694,0.35,26.25,26.89,25.66,85.73,2.96,5.7,2.59,99.86
20011023,10.52,4.2722,0.8148,2.8954,0.41,26.67,27.12,26.18,88.89,4.67,6.79,4.03,99.86
20011024,3.48,4.459,0.479,3.0862,0.43,26.94,27.59,26.14,86.9,3.87,4.66,3.38,99.76
20011025,4.98,4.6867,1.9486,2.4658,0.45,27.13,27.48,26.73,89.72,5.9,7.21,5.01,99.69
20011026,7.9,4.2972,0.4435,3.0072,0.42,27.03,27.65,26.16,83.01,3.61,7.03,3.13,99.8
20011027,13.92,5.5997,3.2158,2.6532,0.54,26.52,26.74,26.26,89.26,3.99,6.39,3.45,99.88
20011028,19.23,4.7076,0.9595,3.3288,0.46,26.96,27.89,26.01,87.57,4.71,6.73,4.04,99.94
20011029,13.09,3.4087,0.169,2.551,0.33,26.64,26.99,26.15,87.73,5.1,6.69,4.34,100.04
20011030,6.07,4.7554,0.8714,3.3653,0.46,26.26,26.99,25.82,83.12,2.22,4.12,1.95,100.11
20011031,2.39,4.5696,0.4858,3.289,0.45,26.79,27.44,26.0,83.99,3.05,4.13,2.69,100.11
20011101,2.08,5.0669,3.9019,2.1298,0.49,27.03,28.02,26.22,76.68,1.61,3.12,1.41,100.21
20011102,3.92,4.6978,0.7231,2.9914,0.46,26.47,27.33,25.81,79.11,2.33,2.99,2.06,100.22
20011103,4.53,4.6094,2.4413,2.0971,0.45,26.38,27.27,25.41,79.44,1.91,4.19,1.67,100.08
20011104,6.95,5.131,2.5687,2.7449,0.5,26.12,26.44,25.75,89.33,4.1,4.8,3.55,100.01
20011105,13.66,3.7154,0.5258,2.5562,0.36,26.43,26.97,25.67,87.76,4.06,5.19,3.53,100.06
20011106,9.83,5.2961,2.1062,3.0629,0.52,26.31,26.76,25.89,84.17,2.17,4.38,1.9,100.04
20011107,1.56,5.2174,3.024,2.6837,0.51,26.3,27.22,25.59,84.26,2.35,3.96,2.08,99.97
20011108,10.92,5.9683,3.9062,3.1418,0.59,26.25,27.12,25.53,86.44,3.0,4.11,2.66,99.97
20011109,6.39,5.0983,1.5708,3.0348,0.5,26.09,26.92,25.52,86.12,2.38,3.13,2.08,100.08
20011110,1.6,6.1022,5.0674,3.3934,0.6,25.71,26.2,25.09,83.74,1.18,2.12,1.08,100.08
20011111,2.08,5.5198,3.0674,3.095,0.54,26.43,27.13,25.76,84.04,1.99,2.67,1.78,99.97
20011112,9.43,4.5077,0.7577,2.9225,0.44,26.16,26.56,25.79,84.56,1.36,2.83,1.17,99.97
20011113,51.61,5.1874,3.0276,2.9179,0.51,26.07,26.66,25.59,87.68,3.52,5.61,3.06,100.07
20011114,39.41,3.2938,0.1982,2.3338,0.32,25.66,25.85,25.46,87.42,4.05,5.38,3.51,100.18
20011115,4.19,4.6915,1.7333,3.1306,0.46,26.03,26.57,25.5,83.35,3.24,4.18,2.85,100.12
20011116,26.99,3.9744,0.4913,2.8039,0.39,26.33,27.17,25.63,86.18,4.11,5.41,3.58,100.07
20011117,16.03,4.3116,0.8746,3.0739,0.43,26.1,26.51,25.67,87.57,4.34,6.34,3.74,100.17
20011118,13.31,4.3087,0.5681,2.9856,0.43,26.24,26.79,25.63,87.88,4.06,5.82,3.51,100.17
20011119,7.43,4.338,0.527,2.9654,0.43,25.99,26.24,25.66,88.11,3.87,5.7,3.36,100.14
20011120,4.59,3.563,0.3206,2.5733,0.35,25.5,25.67,25.21,88.55,3.26,3.82,2.88,100.18
20011121,2.72,4.9726,2.3993,2.7144,0.49,25.85,26.44,25.2,86.02,3.32,4.36,2.9,100.17
20011122,6.12,4.44,0.3907,3.2945,0.44,25.6,26.14,25.1,85.95,2.14,3.52,1.89,100.19
20011123,6.14,4.8679,0.9341,3.2357,0.48,25.42,26.16,24.89,88.39,2.39,3.68,2.06,100.11
20011124,11.05,3.8822,0.2618,2.8922,0.39,25.59,26.25,25.09,88.62,4.61,5.54,3.89,100.0
20011125,22.17,3.5923,0.3626,2.5322,0.36,25.86,26.61,25.27,90.7,4.98,5.87,4.22,99.91
20011126,11.72,3.6437,0.498,2.6052,0.36,26.08,26.86,25.28,89.51,5.64,8.42,4.78,99.97
20011127,4.77,4.0505,1.3997,2.5162,0.4,25.84,27.1,24.87,86.9,4.46,6.33,3.85,100.05
20011128,4.43,3.9979,0.8158,2.7401,0.4,25.85,26.4,25.38,85.56,3.23,5.07,2.82,100.0
20011129,2.19,4.9034,3.1061,2.4775,0.49,25.78,26.32,24.9,85.48,1.48,2.25,1.35,100.04
20011130,3.48,4.8578,1.4398,2.8898,0.49,25.96,26.3,25.32,87.2,2.49,3.33,2.23,100.05
20011201,2.73,4.6416,1.589,2.779,0.46,25.71,26.5,25.03,89.25,3.34,3.98,2.93,100.11
20011202,2.77,4.7993,2.0995,2.5421,0.48,26.12,27.14,24.93,84.02,3.05,4.71,2.7,100.12
20011203,0.77,5.6983,3.0446,2.9136,0.57,26.37,26.78,25.87,80.25,1.62,2.27,1.45,100.1
20011204,0.95,5.7125,3.4058,2.8277,0.57,26.82,27.46,26.03,76.7,1.9,3.82,1.68,100.04
20011205,1.05,5.3594,1.5737,3.384,0.54,26.92,27.37,26.5,77.13,1.9,2.61,1.67,100.06
20011206,2.03,5.1446,1.7323,3.2078,0.52,26.37,26.85,26.03,81.54,2.15,2.82,1.9,100.06
20011207,2.48,5.119,1.2778,3.4769,0.51,26.31,26.78,25.69,81.5,1.96,2.38,1.73,100.06
20011208,4.32,4.3625,0.2803,3.3017,0.44,26.68,27.12,26.12,83.26,3.25,3.9,2.83,100.01
20011209,8.45,5.7377,3.8268,3.0065,0.58,26.68,26.95,26.32,85.0,3.66,4.62,3.18,100.16
20011210,5.88,4.825,1.6836,3.1121,0.49,25.9,26.28,25.43,85.0,2.32,4.32,2.05,100.18
20011211,3.54,4.6798,1.4753,2.7036,0.47,26.09,26.72,25.21,82.28,1.43,2.07,1.27,100.08
20011212,5.18,5.4365,3.0264,2.801,0.55,27.04,27.6,26.13,81.86,2.84,5.64,2.48,100.04
20011213,13.93,3.4397,1.3884,2.0705,0.35,27.34,27.87,26.72,86.28,6.42,7.22,5.41,100.12
20011214,7.55,4.4434,1.3517,2.6674,0.45,26.58,26.87,26.32,85.69,3.11,5.9,2.73,100.21
20011215,2.42,6.0012,4.577,2.3954,0.6,26.76,27.45,26.07,87.19,3.94,4.8,3.44,100.2
20011216,0.89,5.9604,4.4602,2.5642,0.6,26.85,27.22,26.48,81.13,2.44,4.78,2.13,100.2
20011217,1.44,5.4173,3.3358,2.7101,0.55,26.43,26.96,25.69,81.39,1.59,2.24,1.4,100.2
20011218,2.2,5.3342,3.7068,2.4372,0.54,26.88,27.4,26.28,78.33,1.15,2.18,1.02,100.22
20011219,4.73,4.9932,2.6335,2.4965,0.5,26.66,27.19,26.16,83.08,2.03,3.22,1.82,100.16
20011220,10.21,5.1286,2.7115,2.6786,0.52,26.03,26.79,25.27,88.0,2.32,4.46,2.06,100.13
20011221,8.53,4.7803,2.9854,2.3443,0.48,26.45,27.61,25.17,84.12,3.39,5.44,3.01,100.2
20011222,3.36,5.0724,2.0993,2.9345,0.51,26.4,26.67,26.02,83.15,3.1,4.24,2.72,100.26
20011223,2.04,5.2985,3.7214,2.3326,0.53,26.5,27.21,25.74,83.83,2.97,4.58,2.62,100.28
20011224,2.54,5.3386,3.1039,2.7605,0.54,27.0,27.76,26.34,80.82,2.76,3.8,2.43,100.24
20011225,2.89,4.9214,2.6304,2.675,0.5,26.8,27.38,26.17,81.98,2.47,4.12,2.15,100.23
20011226,16.63,4.3774,2.1574,2.4382,0.44,25.89,26.45,25.34,89.59,4.65,5.38,4.0,100.32
20011227,13.94,4.8876,1.7268,3.1174,0.49,25.63,26.41,24.69,88.36,3.3,5.46,2.88,100.43
20011228,4.6,2.7809,0.0485,2.1478,0.28,26.04,27.02,25.18,83.5,2.78,4.44,2.44,100.4
20011229,1.93,4.8792,3.1685,2.317,0.49,25.56,26.35,24.86,86.11,2.53,3.37,2.25,100.27
20011230,11.49,3.7654,1.1441,2.3491,0.38,25.53,25.9,24.97,89.72,3.68,4.47,3.22,100.21
20011231,10.05,4.0236,2.5649,2.4154,0.4,25.79,26.84,24.71,84.93,2.77,3.63,2.49,100.22
20020101,0.97,5.1302,3.3401,2.4134,0.51,27.02,28.3,25.53,80.56,1.84,3.41,1.64,100.21
20020102,0.1,5.753,3.8498,2.8102,0.58,27.49,28.66,26.25,77.92,1.4,2.57,1.3,100.26
20020103,0.0,5.6021,3.8887,2.5999,0.56,28.46,30.4,26.71,67.78,2.8,5.02,2.42,100.2
20020104,0.0,5.2325,2.9004,2.615,0.52,28.28,30.2,26.61,69.4,3.42,5.34,2.9,100.12
20020105,0.07,5.1199,3.1219,2.5975,0.51,28.17,29.96,26.37,71.69,2.82,4.84,2.45,100.07
20020106,0.62,5.1814,3.744,2.7797,0.52,28.35,29.64,27.34,73.36,1.96,3.95,1.72,100.02
20020107,0.99,4.3706,2.1206,2.4437,0.44,27.21,28.22,26.49,80.9,3.58,5.2,3.19,100.13
20020108,0.99,4.254,1.0942,2.5654,0.42,27.0,28.26,25.82,79.89,1.75,3.15,1.63,100.11
20020109,0.17,3.8592,2.1329,2.0753,0.38,28.41,29.71,27.17,71.45,2.04,3.28,1.82,100.06
20020110,0.61,4.0615,2.5452,2.0002,0.4,28.36,29.93,26.97,75.63,3.18,5.42,2.78,100.08
20020111,0.94,4.1618,1.98,2.3894,0.41,27.86,29.03,26.82,78.88,2.6,4.98,2.35,100.04
20020112,2.75,4.0438,1.5137,2.6357,0.4,27.29,27.71,26.69,84.99,3.05,3.99,2.69,99.91
20020113,2.38,4.0054,0.2326,2.9736,0.4,27.27,28.11,26.25,82.58,1.96,2.67,1.75,99.83
20020114,4.07,4.1652,1.6606,2.4706,0.41,26.93,27.25,26.51,84.13,2.83,3.46,2.5,99.78
20020115,6.41,3.7889,1.9766,2.1048,0.38,26.89,27.55,26.21,82.92,2.0,3.24,1.8,99.9
20020116,12.78,4.5953,4.3896,2.7343,0.46,26.7,27.01,26.33,86.91,3.21,4.27,2.87,99.93
20020117,5.03,4.4465,0.8486,2.7338,0.44,26.61,27.17,26.15,87.3,3.38,4.93,3.01,99.8
20020118,22.93,4.4004,0.8758,2.6947,0.43,26.55,26.83,26.27,90.32,4.74,6.32,4.13,99.76
20020119,30.79,3.9866,1.1772,2.6489,0.39,26.76,26.96,26.54,89.42,4.03,6.01,3.55,99.86
20020120,37.69,2.6904,0.181,1.9073,0.27,26.8,27.48,26.32,89.61,6.97,8.28,5.89,99.9
20020121,13.93,3.2266,0.2604,2.2205,0.32,26.64,27.04,26.4,89.3,7.23,8.78,6.11,99.88
20020122,6.73,3.373,0.246,2.3126,0.33,26.14,26.43,25.72,89.03,4.74,6.91,4.12,99.95
20020123,6.31,2.9093,0.3845,1.9546,0.29,26.24,26.76,25.68,85.26,2.25,3.71,2.04,100.05
20020124,4.99,4.4266,1.4203,2.8591,0.43,26.92,27.78,26.07,81.77,2.84,3.78,2.56,99.97
20020125,15.59,4.2173,0.3329,2.9546,0.41,26.35,27.07,25.76,88.43,4.14,5.45,3.64,99.93
20020126,7.4,3.9451,0.3062,2.73,0.39,26.54,27.01,25.85,87.57,3.85,5.33,3.35,99.96
20020127,10.24,3.7344,0.558,2.5267,0.37,26.12,26.67,25.56,85.63,3.24,4.23,2.84,100.05
20020128,35.29,4.2936,0.4644,3.0528,0.42,26.32,26.97,25.59,83.33,1.52,2.12,1.34,100.06
20020129,6.56,3.5897,1.608,2.1737,0.35,26.22,27.08,25.57,83.17,1.62,2.55,1.49,100.12
20020130,0.75,3.6238,2.5526,1.921,0.35,27.8,28.93,26.66,71.84,2.04,4.29,1.8,100.11
20020131,0.45,4.6186,1.9474,2.6455,0.45,28.15,29.56,26.97,72.1,2.78,5.35,2.41,100.1
20020201,0.25,6.0749,3.5784,2.8214,0.59,28.55,30.4,26.79,68.74,4.12,5.84,3.49,100.11
20020202,0.0,5.5332,3.9209,2.5039,0.54,28.45,29.74,27.13,70.68,2.4,3.9,2.11,100.14
20020203,1.06,5.1696,2.7715,2.6138,0.5,28.22,29.22,27.41,72.72,2.11,2.88,1.85,100.15
20020204,1.32,4.8972,1.0956,3.0494,0.47,28.03,28.5,27.44,73.76,2.44,2.97,2.15,100.11
20020205,0.05,5.627,3.167,3.1195,0.54,27.81,28.79,26.25,64.39,1.95,3.37,1.72,100.19
20020206,0.06,5.459,2.7562,2.988,0.53,28.45,29.57,27.48,66.1,2.33,4.08,2.06,100.15
20020207,0.06,5.9208,3.168,3.073,0.57,28.13,28.74,27.08,70.45,1.82,3.76,1.62,100.2
20020208,0.38,5.6045,2.8538,2.8274,0.54,27.07,27.81,26.34,80.79,3.78,5.32,3.27,100.25
20020209,3.51,5.7926,3.1411,2.8877,0.56,27.67,28.58,26.68,73.2,1.82,3.64,1.61,100.15
20020210,4.27,4.3944,1.3226,2.7938,0.42,27.54,28.32,27.09,77.13,2.8,4.58,2.44,100.08
20020211,2.79,4.667,1.0872,3.1243,0.45,27.11,27.6,26.39,79.24,1.16,1.97,1.05,100.09
20020212,37.41,4.2158,1.3644,2.4372,0.41,26.68,27.41,26.33,85.34,2.41,6.06,2.14,100.14
20020213,9.83,4.1962,0.7601,2.8001,0.4,26.37,26.81,25.96,82.98,3.43,6.24,3.02,100.22
20020214,3.97,5.1958,1.8161,2.9551,0.5,26.72,27.62,26.21,82.27,2.65,4.02,2.39,100.19
20020215,7.57,4.4842,1.8994,2.4151,0.43,26.42,27.18,25.74,83.89,2.4,4.76,2.16,100.12
20020216,5.61,4.5302,1.7098,2.4312,0.43,25.76,26.28,24.8,86.04,2.75,4.48,2.43,100.14
20020217,6.67,4.2554,1.7357,2.5555,0.41,26.74,27.77,26.25,82.88,2.58,3.48,2.28,100.18
20020218,11.44,3.5354,1.2019,2.2908,0.34,26.45,27.17,25.84,86.75,3.12,5.12,2.75,100.28
20020219,46.75,2.8282,0.1788,2.069,0.27,26.71,27.02,26.19,88.33,5.45,7.74,4.67,100.29
20020220,18.11,1.6507,0.055,1.1669,0.16,26.43,27.07,25.8,84.25,6.06,9.21,5.14,100.43
20020221,0.69,5.2462,2.0153,3.2112,0.5,26.09,26.47,25.49,81.59,2.15,3.54,1.89,100.43
20020222,0.36,5.13,2.371,2.6311,0.49,26.49,27.18,25.67,77.69,1.34,2.19,1.19,100.52
20020223,1.64,4.8406,2.0789,2.663,0.46,26.98,27.3,26.55,75.25,1.83,2.82,1.64,100.39
20020224,5.15,5.7247,2.6993,2.9119,0.55,26.98,27.21,26.65,76.54,1.78,2.56,1.62,100.25
20020225,4.37,5.4096,2.8085,2.7238,0.51,27.18,27.79,26.6,77.97,1.86,2.69,1.7,100.2
20020226,4.56,4.2463,2.0618,2.2538,0.4,27.11,27.32,26.83,83.85,2.55,5.37,2.26,100.11
20020227,2.62,4.1813,0.5057,2.7768,0.4,27.31,28.13,26.76,83.77,3.11,5.78,2.73,100.02
20020228,6.51,4.4016,1.9481,2.489,0.42,27.38,28.41,26.75,82.24,1.97,3.14,1.77,100.01
20020301,21.32,2.6815,0.3012,1.848,0.25,26.54,27.04,25.93,84.63,3.38,6.26,2.95,100.02
20020302,5.14,5.0066,2.9748,2.3443,0.48,27.15,27.99,26.46,77.02,2.0,3.28,1.78,99.94
20020303,4.3,5.0976,2.1607,2.7314,0.48,26.51,26.96,25.96,88.73,3.81,5.81,3.32,99.87
20020304,8.95,3.9482,0.5549,2.6508,0.37,26.64,26.99,26.17,88.65,3.88,5.74,3.37,99.89
20020305,9.78,4.2744,1.9608,2.3117,0.41,26.76,27.39,26.17,87.19,2.98,4.8,2.61,100.03
20020306,12.64,4.6267,1.7734,2.617,0.44,26.9,27.75,25.81,84.51,2.01,2.77,1.81,100.09
20020307,5.94,4.6114,1.5653,2.7118,0.44,26.93,27.28,26.64,84.31,2.0,2.64,1.77,100.11
20020308,1.96,4.8679,2.0782,2.4787,0.46,27.38,28.13,26.62,80.81,2.05,3.27,1.87,100.11
20020309,1.96,4.6375,2.1938,2.5339,0.44,28.08,29.31,26.77,74.43,1.7,3.27,1.5,100.08
20020310,0.96,5.3899,2.201,2.8553,0.51,28.7,30.04,27.53,71.33,2.58,4.3,2.28,100.03
20020311,2.05,4.6154,1.3634,2.803,0.44,28.12,29.34,27.1,76.14,1.54,3.26,1.41,100.03
20020312,2.35,4.787,1.595,2.5265,0.45,28.08,29.6,27.02,75.9,2.23,4.02,1.95,100.03
20020313,5.22,4.6207,1.1885,2.6856,0.44,27.33,27.7,26.87,88.24,4.37,5.43,3.8,100.07
20020314,4.68,4.9498,1.5974,2.807,0.47,26.89,27.53,26.23,83.25,2.85,4.19,2.51,100.14
20020315,13.6,5.2582,2.0803,2.7701,0.5,26.91,28.03,25.83,84.32,3.24,4.38,2.87,100.04
20020316,18.03,5.2399,2.0129,2.809,0.5,26.8,27.19,26.24,87.42,3.19,5.36,2.83,99.97
20020317,7.21,3.5554,0.2806,2.3755,0.34,26.56,26.88,26.29,89.51,4.76,6.78,4.11,99.97
20020318,4.98,4.4921,0.9305,2.7218,0.43,26.56,27.07,25.85,86.58,2.93,3.6,2.62,100.04
20020319,8.09,4.2377,1.5077,2.2939,0.4,26.67,27.33,25.55,84.69,1.95,3.07,1.79,100.06
20020320,8.76,4.9366,2.5466,2.6947,0.47,26.95,27.56,26.61,83.59,2.33,4.19,2.09,100.01
20020321,4.51,4.746,1.9123,2.6729,0.45,26.46,26.71,26.16,87.12,3.48,4.9,3.06,99.97
20020322,3.32,5.1238,2.1756,2.6671,0.49,27.32,27.93,26.71,81.05,2.21,3.25,1.95,99.88
20020323,9.98,4.5967,0.786,3.2138,0.44,27.48,28.16,26.9,85.68,4.18,6.2,3.6,99.82
20020324,20.93,5.9345,3.8119,2.5824,0.57,27.15,27.59,26.29,84.55,2.45,3.94,2.17,99.72
20020325,20.77,4.549,1.6733,2.7516,0.44,27.65,28.42,27.16,85.91,4.16,4.84,3.61,99.74
20020326,6.15,4.0296,0.39,2.6983,0.39,27.13,27.47,26.73,88.29,4.85,5.66,4.15,99.8
20020327,1.35,5.7269,2.3839,3.2501,0.55,27.85,28.63,27.05,80.41,2.4,2.98,2.14,99.89
20020328,2.88,5.2716,1.806,3.0718,0.51,27.95,28.6,27.36,81.52,2.37,3.31,2.1,99.93
20020329,6.56,3.864,1.5821,2.0083,0.37,26.84,27.67,26.09,84.54,1.81,2.61,1.59,100.07
20020330,4.2,5.921,3.0811,3.1267,0.57,26.35,27.1,25.73,86.03,2.33,3.1,2.05,100.14
20020331,9.1,5.7358,3.24,2.5637,0.55,26.4,26.73,25.94,87.5,3.78,5.98,3.27,100.09
20020401,15.0,5.0942,1.9183,2.7571,0.49,26.75,27.07,26.53,86.33,4.72,7.01,4.05,100.19
20020402,17.71,6.7762,5.5265,2.3566,0.65,27.28,28.07,26.54,83.6,3.24,4.55,2.85,100.12
20020403,27.83,5.3287,2.3174,2.7449,0.52,27.37,27.83,27.02,86.31,4.91,5.89,4.25,99.98
20020404,2.41,5.8596,3.4397,2.5946,0.57,27.23,27.52,26.85,82.06,2.73,5.92,2.39,99.93
20020405,3.17,5.4667,2.9402,2.5073,0.53,27.64,28.0,26.91,82.27,2.78,3.87,2.45,99.94
20020406,2.44,4.9438,1.2518,3.1255,0.48,27.73,28.23,27.35,80.98,2.05,2.7,1.83,100.07
20020407,4.12,4.003,1.349,2.2054,0.39,28.16,28.75,27.64,78.97,2.2,3.03,1.98,100.02
20020408,9.59,3.8328,0.9583,2.2958,0.37,27.62,28.14,26.87,82.31,3.21,3.98,2.82,100.07
20020409,23.81,4.6618,2.5858,2.2872,0.45,27.21,27.73,26.56,84.69,2.95,4.49,2.57,100.03
20020410,45.52,3.3689,0.5657,2.1298,0.33,28.19,28.92,27.39,74.58,2.47,4.54,2.2,99.93
20020411,0.34,4.9118,3.2921,2.2488,0.48,28.54,29.17,27.78,76.06,2.03,2.81,1.83,99.83
20020412,2.85,4.9205,2.9117,2.297,0.48,28.13,28.93,27.11,79.59,2.4,3.53,2.19,99.96
20020413,3.6,5.1967,3.2033,2.5361,0.51,28.21,29.6,27.41,79.37,2.84,5.34,2.5,99.95
20020414,3.08,4.543,2.2387,2.3258,0.45,27.28,28.2,26.82,79.97,2.64,3.82,2.34,99.98
20020415,0.43,5.73,3.2426,2.6911,0.56,28.21,29.12,27.01,74.56,1.54,2.4,1.41,99.98
20020416,3.65,3.2602,0.9494,1.9099,0.32,27.16,27.94,26.39,83.18,2.36,3.39,2.14,100.01
20020417,2.32,5.7835,3.7678,2.4175,0.57,26.83,27.33,26.05,85.13,2.14,3.07,1.91,99.92
20020418,5.02,3.9866,1.0577,2.3393,0.39,27.41,27.95,26.71,80.54,1.59,3.6,1.43,99.88
20020419,4.84,5.4072,2.6515,2.8406,0.54,28.32,29.27,27.6,76.75,1.22,2.27,1.15,99.9
20020420,4.9,5.2692,2.6189,2.7197,0.52,28.52,29.56,27.65,77.97,1.97,3.26,1.77,99.87
20020421,7.11,4.5948,1.0579,2.9762,0.46,28.0,28.6,27.49,81.69,2.27,3.29,2.05,99.8
20020422,4.7,5.2546,2.191,2.7614,0.52,28.16,29.12,27.19,81.03,2.31,3.51,2.08,99.73
20020423,5.71,5.5229,3.2402,2.6011,0.55,28.53,29.39,27.73,78.31,1.63,3.01,1.51,99.78
20020424,24.45,4.4026,0.7274,2.8368,0.44,27.8,28.22,27.42,84.13,1.81,3.39,1.61,99.74
20020425,14.07,5.9215,5.1408,3.1397,0.59,28.04,29.23,26.72,78.38,2.66,4.29,2.38,99.73
20020426,3.74,3.2599,0.3079,2.167,0.33,29.02,30.12,28.09,74.26,1.61,2.64,1.46,99.7
20020427,8.23,4.331,1.2,2.7665,0.44,28.64,29.2,28.02,78.04,2.04,3.61,1.88,99.76
20020428,8.62,5.5918,3.5249,2.8738,0.56,28.4,29.11,27.52,81.84,2.86,4.65,2.57,99.75
20020429,67.31,4.3872,1.9099,2.2519,0.44,27.68,28.15,27.3,87.74,3.05,4.38,2.72,99.66
20020430,26.88,5.0129,2.5109,2.4271,0.51,27.59,28.0,27.13,87.53,4.58,5.42,3.99,99.64
20020501,4.05,4.5578,2.4804,2.1874,0.46,27.45,27.95,26.92,87.49,3.71,4.43,3.26,99.62
20020502,4.83,5.4362,4.5142,2.1269,0.55,28.7,29.8,27.12,78.19,2.26,4.4,2.02,99.62
20020503,14.27,4.811,2.1528,2.7998,0.49,28.89,29.78,28.14,80.53,1.72,2.77,1.57,99.62
20020504,34.08,3.5266,0.4142,2.4134,0.36,28.91,29.95,28.13,81.94,3.54,4.21,3.13,99.59
20020505,39.16,3.9696,1.4825,2.291,0.41,27.65,28.19,26.88,87.14,2.2,3.51,2.02,99.61
20020506,47.61,4.7798,2.6647,2.6681,0.49,27.39,27.72,27.11,88.38,3.58,5.88,3.11,99.65
20020507,39.15,3.6674,0.3487,2.5603,0.38,27.9,28.31,27.57,86.26,5.79,7.32,4.95,99.73
20020508,29.42,4.1938,0.5148,2.7794,0.43,28.35,28.79,27.87,84.84,7.3,9.18,6.13,99.81
20020509,7.36,3.775,0.3682,2.5414,0.39,27.8,28.24,27.22,85.51,5.4,6.5,4.6,99.94
20020510,14.32,5.3942,4.0075,2.3825,0.56,27.4,27.96,26.85,87.02,3.96,4.63,3.41,100.0
20020511,15.75,5.1252,4.2598,1.9848,0.53,27.3,27.96,26.58,84.37,4.38,5.29,3.77,100.03
20020512,1.91,5.5865,3.7423,2.5793,0.58,27.83,28.58,26.75,85.31,4.21,4.98,3.66,99.99
20020513,0.52,6.3156,5.407,2.2358,0.66,28.77,29.71,27.85,81.08,3.12,3.87,2.78,100.09
20020514,0.79,5.8327,3.7954,2.6026,0.61,28.92,29.62,28.28,79.87,3.38,4.37,2.99,100.17
20020515,0.69,6.301,5.5502,2.105,0.66,28.81,29.62,28.07,77.95,3.21,4.53,2.82,100.14
20020516,0.3,6.7188,6.9185,1.627,0.7,28.04,28.6,27.52,78.01,1.19,2.67,1.05,100.11
20020517,0.08,6.2587,5.6138,2.0069,0.66,28.3,29.2,27.63,75.87,1.46,2.35,1.3,100.06
20020518,0.85,5.959,4.7431,2.3933,0.63,28.38,29.03,27.55,78.4,2.44,4.99,2.14,100.07
20020519,3.26,5.8226,4.3476,2.4089,0.61,28.2,28.98,27.48,77.74,1.31,2.25,1.15,100.06
20020520,7.49,4.1393,0.8227,2.6292,0.44,27.35,27.83,27.03,84.81,2.54,4.06,2.23,100.09
20020521,2.68,5.3719,3.1774,2.5745,0.57,26.59,26.97,26.07,85.84,2.95,4.83,2.57,100.18
20020522,3.29,4.5326,1.6666,2.5862,0.48,27.12,27.49,26.09,84.8,2.79,4.84,2.44,100.22
20020523,3.88,4.7362,1.7453,2.7007,0.5,27.3,27.94,26.54,84.59,3.32,5.03,2.89,100.19
20020524,3.56,3.5477,0.3835,2.5034,0.38,27.21,27.65,26.43,83.92,3.04,4.21,2.66,100.18
20020525,3.65,4.7242,3.0701,2.0446,0.5,26.69,27.15,26.42,85.12,1.84,2.89,1.63,100.21
20020526,3.06,3.606,0.2064,2.5644,0.38,26.61,27.15,25.87,79.61,2.32,3.83,2.06,100.24
20020527,7.06,2.2478,0.6012,1.3435,0.24,26.91,27.23,26.58,77.63,1.34,2.38,1.21,100.22
20020528,0.43,4.7088,2.082,2.597,0.5,27.69,28.25,27.02,81.03,2.78,4.42,2.48,100.11
20020529,1.49,5.6018,3.8602,2.4338,0.6,27.96,28.4,27.53,80.76,1.57,3.01,1.42,100.03
20020530,11.73,5.22,3.2902,2.4257,0.56,28.17,28.46,27.93,78.75,1.79,2.68,1.62,100.03
20020531,7.47,5.471,4.129,2.2966,0.59,28.11,28.3,27.75,80.93,2.06,3.1,1.87,100.08
20020601,8.79,5.0323,3.1322,2.4031,0.54,28.29,28.8,27.74,78.14,1.62,3.28,1.48,100.03
20020602,5.18,5.3424,3.9449,2.2392,0.57,28.05,28.59,27.47,79.83,2.04,3.22,1.84,99.96
20020603,2.99,4.8072,1.7854,3.0017,0.52,27.92,28.27,27.55,81.25,3.38,4.12,2.97,99.93
20020604,1.89,5.2253,3.7752,2.545,0.56,27.15,27.57,26.62,82.33,2.08,4.02,1.82,99.96
20020605,3.06,5.3266,3.397,2.2915,0.57,27.74,28.3,27.15,78.59,1.95,2.93,1.76,99.94
20020606,7.49,4.8631,2.7941,2.5255,0.52,27.22,27.6,26.7,83.09,2.03,3.0,1.84,99.92
20020607,5.48,4.5482,2.8817,2.2157,0.49,27.43,27.98,26.97,85.76,3.64,5.3,3.19,99.87
20020608,4.72,4.4098,2.5039,2.6436,0.48,27.12,27.44,26.95,85.24,3.38,4.76,2.95,99.83
20020609,13.87,4.8612,3.6101,2.3551,0.53,27.13,27.56,26.83,83.68,2.57,3.51,2.29,99.8
20020610,24.23,4.4549,2.8834,2.1994,0.48,26.53,26.93,26.15,87.81,2.93,4.01,2.58,99.82
20020611,27.56,3.287,1.0286,1.9728,0.36,26.35,26.89,25.95,89.49,3.79,4.45,3.3,99.9
20020612,22.39,2.9671,0.5021,2.0009,0.32,26.21,27.38,25.48,86.35,5.19,10.12,4.39,99.95
20020613,0.95,4.5593,1.3872,3.0864,0.49,26.82,27.88,25.88,79.3,3.77,5.88,3.28,99.87
20020614,1.02,4.4086,1.284,2.7866,0.48,26.48,26.77,25.99,86.47,3.8,4.94,3.27,99.92
20020615,3.76,5.1578,3.7042,2.4122,0.56,26.94,27.62,25.91,79.1,2.03,2.77,1.84,99.96
20020616,15.5,4.2941,2.0717,2.233,0.47,26.76,27.12,26.41,86.07,3.75,5.05,3.28,100.04
20020617,0.15,4.8197,1.6042,2.9429,0.52,26.69,27.34,25.5,79.72,1.73,4.26,1.51,100.15
20020618,0.01,5.5332,4.0934,2.5402,0.6,27.68,28.35,26.99,77.48,2.26,3.32,2.01,100.07
20020619,0.3,5.609,4.2713,2.441,0.61,27.67,28.25,27.2,80.35,2.45,3.38,2.19,100.05
20020620,0.72,5.4216,4.2667,2.2675,0.59,27.49,27.82,27.07,80.39,2.65,3.45,2.36,100.08
20020621,0.96,5.1972,3.847,2.2913,0.57,27.36,27.69,26.98,81.59,2.81,3.7,2.47,100.07
20020622,0.64,5.1732,3.1577,2.6088,0.56,27.1,27.48,26.74,80.84,2.24,4.13,1.96,100.15
20020623,0.13,5.4206,3.7241,2.5411,0.59,27.59,28.25,26.86,76.97,1.5,1.97,1.32,100.21
20020624,0.07,5.1931,3.2921,2.5747,0.57,27.58,28.05,27.15,76.86,1.56,1.97,1.39,100.26
20020625,0.09,5.1437,3.6343,2.3635,0.56,27.96,28.72,27.2,76.12,1.76,2.25,1.57,100.28
20020626,0.32,5.6549,4.6584,2.1593,0.62,28.05,28.37,27.82,77.68,2.22,3.04,1.97,100.24
20020627,0.75,5.3141,3.5986,2.3251,0.58,28.14,28.7,27.68,80.19,3.13,3.92,2.75,100.21
20020628,0.99,5.2846,3.0746,2.4605,0.57,27.82,28.14,27.36,82.44,2.46,4.0,2.17,100.27
20020629,1.8,5.0983,3.6497,2.191,0.55,28.24,28.73,27.59,81.16,4.12,4.9,3.58,100.22
20020630,17.73,3.8885,0.8047,2.4874,0.42,27.67,27.99,27.21,83.29,4.33,6.1,3.76,100.04
20020701,35.13,2.0582,0.0902,1.5437,0.22,26.77,27.14,26.25,86.73,4.57,6.35,3.95,100.1
20020702,2.14,3.684,0.9439,2.4362,0.4,26.66,27.55,25.79,82.67,2.17,3.04,1.92,100.24
20020703,4.4,4.753,3.8086,2.0054,0.52,26.6,27.17,26.02,81.66,1.7,3.14,1.5,100.27
20020704,9.63,4.2406,3.4961,1.7407,0.46,26.87,27.58,26.2,82.51,2.3,3.82,2.0,100.22
20020705,5.94,4.9802,2.4564,2.875,0.54,27.16,27.76,26.28,82.38,2.12,3.41,1.86,100.19
20020706,3.07,4.8631,3.6682,2.2332,0.53,27.17,27.75,26.38,85.37,3.44,3.9,3.0,100.17
20020707,1.51,4.4966,0.7529,3.1594,0.49,27.15,27.71,26.56,86.36,3.03,3.79,2.67,100.04
20020708,2.35,5.339,3.317,3.1003,0.58,28.37,29.37,27.27,81.28,3.96,4.84,3.44,99.99
20020709,0.47,5.55,4.0829,2.4187,0.6,28.92,29.59,28.29,77.34,3.43,4.52,3.01,100.0
20020710,32.1,3.9826,0.373,2.879,0.43,28.23,29.02,27.26,83.02,3.11,6.11,2.76,100.0
20020711,12.61,4.2646,0.6962,3.0439,0.46,26.72,27.16,26.34,85.45,3.27,5.02,2.89,100.09
20020712,4.84,5.238,4.3726,2.8738,0.56,26.78,27.49,26.06,86.62,2.75,6.79,2.36,100.13
20020713,3.69,4.751,3.0425,2.5358,0.51,26.39,27.41,26.01,86.08,3.23,6.72,2.84,100.14
20020714,24.56,4.4798,1.0788,2.9251,0.48,26.46,26.65,26.2,82.04,2.44,3.36,2.16,100.13
20020715,8.21,4.349,0.7562,3.1202,0.47,27.24,28.16,26.35,81.47,3.06,3.53,2.7,100.08
20020716,0.44,5.4996,4.8684,2.9986,0.59,27.23,27.96,26.17,81.36,2.1,3.58,1.88,100.06
20020717,11.64,4.8362,2.634,2.6813,0.52,27.37,28.16,26.6,83.06,3.42,4.68,3.02,100.13
20020718,3.94,5.3786,3.8174,2.3232,0.58,26.88,27.8,26.23,80.87,2.43,3.67,2.15,100.18
20020719,0.54,4.3399,2.6165,1.9092,0.46,27.8,28.36,27.34,79.84,2.52,3.56,2.24,100.18
20020720,1.61,4.2686,2.089,2.1734,0.46,27.19,27.6,26.98,81.34,2.03,3.01,1.77,100.27
20020721,3.23,4.326,2.2865,2.3482,0.46,26.67,26.89,26.46,85.37,2.9,3.6,2.54,100.27
20020722,3.8,4.6123,2.0018,2.6654,0.49,26.74,27.22,26.43,82.01,2.56,3.44,2.23,100.3
20020723,1.18,4.2163,1.8307,2.4504,0.45,26.39,26.76,26.07,84.15,2.15,3.35,1.89,100.33
20020724,0.83,4.8569,2.79,2.5186,0.52,26.35,26.8,25.91,84.04,2.04,3.09,1.81,100.34
20020725,2.92,3.713,1.1942,2.2193,0.39,26.97,27.51,26.53,80.58,2.47,3.36,2.2,100.19
20020726,4.36,4.9584,3.2489,2.3126,0.52,27.0,27.33,26.45,82.48,3.19,3.85,2.8,100.12
20020727,15.76,3.8587,0.9062,2.4552,0.41,27.52,27.92,26.99,81.23,3.41,5.67,2.97,100.09
20020728,18.05,3.9406,1.837,2.0374,0.42,26.84,27.34,26.31,84.14,3.0,5.77,2.63,100.15
20020729,22.02,3.8491,0.3782,2.5207,0.41,26.61,26.96,26.12,83.05,2.51,5.63,2.21,100.11
20020730,0.36,5.142,3.1531,2.6494,0.54,27.08,27.75,26.23,81.36,2.65,5.13,2.35,100.0
20020731,0.71,5.1958,3.1493,2.7115,0.54,27.61,28.13,27.04,77.51,1.92,4.27,1.72,99.91
20020801,16.12,4.1383,1.9637,2.3342,0.43,27.21,28.22,26.48,84.82,3.66,6.09,3.21,99.95
20020802,6.05,5.028,3.0238,2.381,0.53,26.58,27.08,25.99,86.87,4.57,6.26,3.96,100.03
20020803,1.74,5.8939,4.2854,2.3527,0.61,27.39,28.23,26.45,82.2,4.03,4.65,3.51,99.97
20020804,2.18,5.249,3.5273,2.7468,0.55,27.01,27.6,26.43,82.5,3.85,6.14,3.31,100.09
20020805,1.17,5.6446,5.3045,3.1498,0.59,26.87,27.62,26.36,79.47,2.41,3.47,2.1,100.15
20020806,1.59,4.9428,1.7573,3.0254,0.51,26.69,27.65,25.54,78.48,1.92,3.18,1.69,100.16
20020807,3.0,5.2819,3.3089,2.333,0.55,26.25,26.69,25.99,84.8,3.19,4.22,2.8,100.19
20020808,32.31,4.7978,2.2994,2.5824,0.5,26.61,27.1,26.15,81.95,3.24,4.49,2.85,100.16
20020809,27.81,4.0469,1.8079,2.0808,0.42,26.2,26.67,25.54,85.88,4.88,5.43,4.21,100.22
20020810,5.98,4.3164,0.7207,2.9302,0.44,26.03,26.73,24.94,82.25,2.38,3.11,2.12,100.31
20020811,1.85,5.929,4.4834,2.2337,0.61,26.96,27.66,26.28,79.41,2.04,2.97,1.82,100.38
20020812,2.45,5.6791,3.7776,2.6662,0.58,27.4,28.15,26.79,82.95,3.44,4.35,3.01,100.36
20020813,2.76,5.9878,4.3942,2.5361,0.61,27.16,27.58,26.85,83.15,3.81,4.59,3.32,100.33
20020814,1.82,5.3052,3.641,2.3196,0.54,27.71,28.25,27.16,81.03,5.22,6.27,4.47,100.32
20020815,0.2,6.366,5.5591,2.1007,0.65,27.28,27.89,26.9,78.6,5.15,6.54,4.42,100.18
20020816,0.16,5.2306,4.0231,2.2488,0.53,27.27,27.92,26.52,76.15,3.84,5.07,3.32,100.13
20020817,0.08,5.639,3.371,3.2275,0.57,27.02,27.58,26.38,76.3,3.34,4.08,2.92,100.11
20020818,0.98,5.1797,2.214,3.3631,0.53,27.0,27.56,26.4,77.84,3.15,3.83,2.75,100.21
20020819,0.56,5.5642,2.7631,2.8829,0.56,27.06,27.72,26.56,79.8,3.48,4.42,3.04,100.22
20020820,0.06,5.6302,2.7703,3.3912,0.57,27.22,28.06,26.37,76.37,2.94,3.6,2.59,100.17
20020821,0.05,5.6472,3.8102,2.9861,0.57,27.61,28.72,26.47,75.54,3.12,3.57,2.75,100.08
20020822,0.77,4.6714,1.9246,2.5313,0.47,27.83,28.65,26.95,78.81,2.65,3.69,2.38,100.06
20020823,17.0,4.3543,1.6346,2.4439,0.44,27.78,28.68,26.62,81.82,2.93,6.5,2.6,100.14
20020824,10.7,4.5017,1.9066,2.5195,0.45,26.41,27.44,24.91,82.23,3.29,7.89,2.87,100.3
20020825,6.98,4.1378,1.5758,2.2094,0.42,27.27,28.06,26.78,82.85,3.0,3.72,2.65,100.16
20020826,12.61,4.8235,2.364,2.4552,0.48,27.07,27.27,26.77,84.75,4.96,5.68,4.25,100.17
20020827,6.14,5.1319,2.6966,2.5601,0.51,27.05,27.55,26.7,80.69,4.21,5.73,3.63,100.12
20020828,0.94,4.0654,1.2538,2.3678,0.41,26.61,27.01,26.25,79.84,3.0,3.67,2.61,100.18
20020829,1.21,3.6355,0.415,2.4444,0.36,25.96,26.38,25.36,83.46,2.15,3.09,1.89,100.24
20020830,10.06,4.087,0.8326,2.8783,0.41,25.96,26.74,25.23,85.44,3.71,4.3,3.2,100.18
20020831,12.53,3.5878,0.2117,2.5709,0.36,25.56,26.07,24.95,87.7,2.74,4.38,2.39,100.09
20020901,13.36,4.5494,2.3892,2.3544,0.45,25.45,26.09,25.08,87.22,2.08,2.77,1.86,100.22
20020902,14.31,3.7831,0.4346,2.5426,0.37,24.98,25.19,24.76,88.53,2.7,4.0,2.39,100.33
20020903,35.35,3.8386,1.194,2.1857,0.38,25.78,26.73,24.73,85.96,2.68,3.84,2.37,100.24
20020904,18.87,3.5292,0.3804,2.5608,0.35,25.53,25.94,25.3,90.07,3.08,4.23,2.65,100.15
20020905,1.48,5.7614,3.9665,2.6311,0.57,25.37,26.04,24.53,85.38,1.28,2.72,1.11,100.14
20020906,23.67,4.3452,1.3183,2.7737,0.43,26.35,26.95,25.79,85.9,4.48,5.93,3.84,100.05
20020907,30.11,3.5333,0.6564,2.2488,0.35,26.2,26.59,25.82,86.83,3.71,5.27,3.22,100.05
20020908,5.14,3.7627,0.2618,2.6738,0.37,25.67,26.28,25.1,85.61,3.1,5.87,2.69,100.14
20020909,6.24,3.5938,0.9502,2.2505,0.35,25.07,25.42,24.84,88.03,3.36,4.89,2.93,100.22
20020910,3.79,4.0985,0.311,2.8334,0.4,24.98,25.44,24.25,84.97,2.5,4.8,2.17,100.26
20020911,5.01,3.9288,0.3218,2.8764,0.38,25.02,25.93,24.17,82.46,2.06,3.5,1.8,100.31
20020912,1.01,5.4163,2.2332,2.9534,0.53,26.01,27.4,24.26,79.2,1.61,2.71,1.42,100.32
20020913,4.67,1.2437,0.0859,0.9127,0.12,26.28,26.64,25.89,79.44,1.89,2.74,1.65,100.41
20020914,4.35,5.5385,2.8978,2.6436,0.54,27.26,28.35,26.27,73.36,1.69,3.51,1.5,100.38
20020915,4.56,4.2984,1.625,2.3566,0.42,26.77,27.2,26.53,84.65,3.3,4.49,2.89,100.39
20020916,3.74,4.5425,1.8768,2.3136,0.44,26.47,27.32,25.47,82.6,2.52,4.35,2.23,100.41
20020917,7.82,4.1054,1.0289,2.4206,0.4,26.57,27.16,26.0,81.97,3.55,4.3,3.12,100.3
20020918,3.55,4.3267,0.9989,2.7638,0.42,26.36,27.26,25.33,82.09,2.71,4.23,2.39,100.28
20020919,3.72,4.4522,1.6644,2.4653,0.43,26.61,27.21,26.29,85.26,4.16,6.74,3.59,100.24
20020920,8.6,3.5806,0.3245,2.4797,0.35,26.36,27.2,25.37,83.93,3.59,4.51,3.15,100.29
20020921,18.28,2.2975,0.1301,1.6406,0.22,26.93,27.64,26.27,81.79,3.1,4.37,2.73,100.18
20020922,17.84,3.7534,1.0488,2.2313,0.36,26.65,26.93,26.31,83.92,4.18,4.87,3.61,100.17
20020923,7.96,2.4703,0.145,1.7186,0.24,27.38,28.06,26.67,82.89,5.23,6.08,4.47,100.13
20020924,4.45,4.2922,1.2504,2.539,0.42,27.36,28.04,26.75,80.34,2.43,4.1,2.18,100.12
20020925,5.27,4.007,0.6754,2.6935,0.39,27.68,28.62,26.9,83.05,2.66,3.72,2.4,100.03
20020926,6.94,2.7742,0.1162,1.9949,0.27,28.0,29.27,27.14,80.35,2.81,4.94,2.48,100.03
20020927,11.39,2.0892,0.0358,1.5326,0.2,27.29,27.86,27.0,85.75,5.82,6.48,4.99,100.15
20020928,32.77,4.135,0.773,2.5673,0.4,27.03,27.57,26.55,83.74,3.52,4.85,3.12,100.18
20020929,10.8,4.1878,0.5422,2.6878,0.4,26.33,26.67,26.05,86.14,4.53,6.98,3.91,100.18
20020930,4.96,5.0484,2.285,2.8872,0.49,26.69,27.05,26.25,83.97,3.78,5.52,3.3,100.1
20021001,1.58,4.4676,1.597,2.4804,0.43,27.74,28.65,26.7,80.1,3.47,6.3,3.03,99.99
20021002,3.92,4.8842,2.5159,2.381,0.47,28.08,29.25,27.11,76.12,2.95,4.35,2.61,99.98
20021003,5.34,4.7218,1.3994,2.9882,0.46,27.73,28.73,26.79,80.21,3.27,4.14,2.89,99.96
20021004,56.96,4.0886,0.8849,2.5056,0.39,27.22,27.84,26.34,85.73,4.62,5.47,4.01,99.93
20021005,24.49,4.4462,1.6992,2.6066,0.43,26.58,27.11,25.75,83.83,2.17,3.4,1.96,99.99
20021006,48.79,3.5726,0.468,2.345,0.34,27.26,28.03,26.4,83.52,1.9,4.51,1.7,99.98
20021007,24.85,3.5801,0.5186,2.3906,0.35,27.21,27.64,26.91,86.35,5.04,6.81,4.35,99.98
20021008,38.53,3.6274,0.5878,2.4614,0.35,26.53,26.78,26.11,86.59,2.65,3.59,2.37,100.05
20021009,18.42,4.2425,2.1149,2.1552,0.41,26.77,27.29,25.99,87.12,3.8,4.92,3.33,100.07
20021010,27.91,4.0534,0.8938,2.3765,0.39,26.99,27.57,26.33,87.61,6.67,8.4,5.63,100.11
20021011,36.05,3.5023,0.299,2.5356,0.34,27.02,27.7,26.42,84.7,4.71,7.09,4.07,100.08
20021012,18.49,3.6653,0.2902,2.6328,0.35,26.59,26.88,26.22,81.23,3.56,5.98,3.11,100.08
20021013,1.55,5.0038,2.1247,2.5778,0.48,26.73,27.35,26.08,81.28,2.27,3.67,2.05,100.07
20021014,1.13,4.8254,1.9438,2.5435,0.47,27.29,28.3,26.42,80.7,1.83,2.68,1.68,100.08
20021015,2.58,3.7793,0.8054,2.2553,0.36,27.9,28.97,27.04,78.05,2.14,2.94,1.95,100.13
20021016,2.2,4.2982,1.1234,2.5531,0.41,28.01,29.0,27.12,76.88,1.09,1.56,0.97,100.09
20021017,3.64,1.9615,0.0528,1.4294,0.19,27.17,27.6,26.75,85.98,2.5,4.49,2.16,100.07
20021018,1.33,5.2462,2.6126,2.6023,0.51,27.08,27.93,26.55,83.15,3.25,4.62,2.85,100.1
20021019,2.03,5.9875,3.7685,2.5526,0.58,27.19,28.26,26.18,78.89,1.84,3.29,1.66,100.04
20021020,3.97,5.0189,2.4096,2.5226,0.49,27.52,28.44,26.8,77.98,2.01,2.99,1.83,100.07
20021021,3.58,4.0094,1.0985,2.3398,0.39,27.25,27.88,26.64,83.09,1.58,2.85,1.43,100.07
20021022,2.14,2.8296,0.0706,2.0563,0.27,26.71,27.29,26.26,86.21,2.86,4.53,2.52,100.1
20021023,3.05,4.2914,1.3613,2.3609,0.42,26.75,27.29,26.04,82.05,2.64,3.16,2.34,100.1
20021024,5.51,4.183,1.5629,2.2296,0.41,27.08,27.73,26.53,82.19,3.28,4.43,2.84,100.01
20021025,7.32,4.0932,0.6406,2.6059,0.4,26.59,26.89,26.29,81.56,1.92,2.75,1.66,100.08
20021026,7.83,3.9019,0.6319,2.4895,0.38,26.41,26.72,25.99,87.16,3.5,4.63,3.07,100.05
20021027,18.49,3.6216,0.5798,2.2226,0.35,26.47,26.73,26.02,86.79,3.22,4.85,2.83,100.01
20021028,24.33,3.48,0.9122,2.1288,0.34,26.9,27.46,26.36,84.81,2.91,3.84,2.59,99.95
20021029,7.3,3.3163,0.215,2.418,0.32,27.06,27.76,26.41,83.59,3.5,5.22,3.1,99.94
20021030,9.98,3.9427,0.5309,2.6578,0.38,26.98,27.46,26.44,79.63,2.17,3.04,1.96,100.01
20021031,5.23,4.8518,2.2054,2.3882,0.47,27.63,28.4,27.03,79.42,2.64,4.05,2.37,100.0
20021101,15.29,2.9861,0.2383,2.0088,0.29,27.98,28.98,27.24,81.06,3.0,5.01,2.65,99.98
20021102,9.75,3.7531,0.1855,2.6741,0.37,27.54,28.26,26.79,80.83,1.95,2.76,1.8,100.02
20021103,11.5,5.2241,2.6342,2.759,0.51,27.14,28.0,26.4,83.35,2.03,3.94,1.81,100.04
20021104,19.84,4.8194,2.281,2.4809,0.47,27.32,28.25,26.43,83.24,3.06,3.96,2.73,99.98
20021105,34.91,4.2389,0.7394,2.7686,0.41,26.96,27.63,26.16,85.62,3.86,5.05,3.39,99.91
20021106,9.67,4.4378,0.7315,2.8896,0.43,26.84,27.6,26.33,86.57,3.29,4.39,2.88,99.94
20021107,22.55,4.1383,0.4553,2.945,0.41,26.28,27.19,25.75,87.91,3.44,4.94,3.04,100.01
20021108,7.22,4.6752,0.8011,3.2186,0.46,26.47,27.38,25.41,82.86,2.07,3.27,1.86,100.02
20021109,13.45,4.068,1.4002,2.4307,0.4,26.85,27.49,26.35,84.47,3.08,4.08,2.73,100.0
20021110,16.63,3.931,1.0786,2.67,0.39,26.53,27.03,26.0,84.72,2.36,3.84,2.12,100.02
20021111,2.97,5.0623,2.279,2.6078,0.5,27.81,28.97,26.72,76.35,1.72,3.9,1.56,99.96
20021112,19.4,4.8425,2.3328,2.5603,0.48,28.06,29.11,26.78,80.04,2.22,4.1,2.02,99.9
20021113,89.77,4.1441,0.6434,2.8042,0.41,27.82,28.73,26.98,85.82,5.02,8.12,4.29,99.88
20021114,31.73,5.8414,4.8365,2.9335,0.58,27.33,27.77,26.83,83.56,3.51,4.02,3.12,99.9
20021115,29.46,4.4899,0.6701,3.1814,0.44,26.55,26.91,26.28,88.06,3.53,4.71,3.09,99.95
20021116,6.98,5.491,2.8771,3.4699,0.54,27.26,28.11,26.4,81.86,2.34,3.44,2.09,99.95
20021117,46.89,3.8323,0.5364,2.5152,0.38,26.21,27.06,25.85,88.92,3.54,4.49,3.08,100.0
20021118,47.97,4.5734,1.6733,2.5678,0.45,25.72,26.02,25.36,90.99,4.08,4.48,3.54,99.98
20021119,41.51,3.9458,0.3108,2.898,0.39,25.42,25.76,24.96,91.46,3.54,5.16,3.04,99.98
20021120,41.34,2.8685,0.3725,1.9795,0.28,25.29,26.34,24.74,87.09,1.6,2.67,1.43,100.03
20021121,16.48,3.6314,0.2412,2.6081,0.36,25.24,25.76,24.79,88.26,2.86,3.71,2.51,100.08
20021122,1.4,4.5012,0.6137,3.0264,0.45,25.4,26.1,24.58,84.73,1.33,2.87,1.15,100.07
20021123,14.95,4.9488,2.0374,2.8829,0.49,25.9,26.83,24.88,88.13,3.54,5.39,3.09,100.05
20021124,10.14,3.7992,0.4337,2.7038,0.38,26.52,27.3,25.55,81.07,3.01,5.2,2.64,100.13
20021125,15.35,5.0414,2.6386,2.6146,0.5,26.53,26.9,26.01,86.6,4.99,5.63,4.27,100.17
20021126,5.73,5.2421,2.4617,2.6626,0.52,26.01,26.48,25.46,85.92,2.08,3.68,1.85,100.28
20021127,16.87,4.8314,2.2438,2.5174,0.48,26.51,26.83,26.22,84.11,2.32,3.91,2.02,100.27
20021128,8.63,4.5506,1.7062,2.5901,0.45,26.14,26.83,25.4,78.35,2.01,3.91,1.78,100.42
20021129,0.47,5.3309,2.0304,3.0118,0.53,26.73,27.69,25.9,79.05,2.02,3.03,1.81,100.39
20021130,1.23,5.4859,3.8966,2.3342,0.55,26.17,26.56,25.87,83.66,1.77,2.81,1.57,100.29
20021201,1.62,5.7314,4.5912,2.3638,0.57,26.66,27.24,26.04,81.95,1.79,2.87,1.6,100.16
20021202,0.78,5.3575,3.7781,2.4046,0.54,26.71,26.97,26.25,81.34,1.89,2.59,1.66,100.16
20021203,2.0,4.7935,2.3004,2.4125,0.48,27.14,27.95,26.4,82.59,2.94,4.3,2.57,100.14
20021204,1.57,4.5355,2.9786,2.1818,0.45,26.3,26.6,26.06,85.8,2.7,4.85,2.36,100.11
20021205,4.29,4.703,1.7316,2.8238,0.47,26.22,26.59,25.4,88.67,2.9,3.61,2.55,100.08
20021206,10.47,4.1988,1.5516,2.3786,0.42,26.24,26.64,25.67,86.56,2.73,3.54,2.39,100.08
20021207,7.27,5.3122,3.2772,2.5781,0.53,26.74,27.48,25.66,82.41,1.85,3.31,1.71,100.1
20021208,4.47,4.9214,2.4094,2.5538,0.49,27.07,27.72,26.05,83.02,1.9,3.58,1.77,100.12
20021209,14.1,4.6106,2.5001,2.4514,0.46,27.89,29.04,26.65,77.94,1.52,3.81,1.4,100.11
20021210,14.82,4.5293,2.2286,2.5243,0.46,27.8,29.25,26.1,77.89,2.18,3.87,1.92,100.09
20021211,26.38,4.1688,1.669,2.3326,0.42,26.75,27.72,26.33,83.68,2.2,4.0,2.0,100.25
20021212,37.4,4.0366,1.6757,2.4082,0.41,27.0,27.58,26.34,82.55,2.27,3.61,2.07,100.38
20021213,40.24,4.9778,2.3738,2.6278,0.5,27.04,28.08,25.61,81.01,2.16,3.24,1.91,100.35
20021214,27.05,4.601,2.7456,2.304,0.46,26.52,27.07,26.21,87.65,2.56,4.27,2.29,100.28
20021215,21.7,4.4225,1.5732,2.538,0.45,26.9,27.39,26.14,81.25,2.07,3.55,1.85,100.21
20021216,27.57,4.5463,2.4665,2.3791,0.46,27.92,29.25,26.48,79.33,2.04,4.64,1.8,100.09
20021217,8.96,4.3639,1.2264,2.9196,0.44,27.68,28.5,26.89,80.98,1.15,2.33,1.07,100.04
20021218,6.33,4.2958,2.5284,2.4622,0.43,27.19,27.91,26.68,85.78,2.44,4.0,2.22,99.94
20021219,6.25,4.667,1.3973,3.0288,0.47,27.52,28.38,26.77,82.3,2.0,2.97,1.81,99.83
20021220,5.8,3.9965,0.9173,2.6422,0.4,27.17,27.84,26.72,85.57,2.27,3.74,2.04,99.83
20021221,11.02,4.11,0.906,2.6172,0.41,27.0,27.67,26.48,84.64,1.93,3.05,1.72,99.84
20021222,24.92,4.4933,0.8131,3.2153,0.45,26.61,26.95,26.23,90.77,4.29,5.61,3.74,99.83
20021223,23.6,3.7831,1.0752,2.3868,0.38,26.56,26.89,26.18,90.97,4.26,4.96,3.72,99.86
20021224,7.53,3.1786,0.2412,2.2874,0.32,26.81,27.36,26.46,88.04,4.0,5.13,3.49,99.92
20021225,12.21,4.3001,0.9965,2.7101,0.43,26.67,27.47,25.77,84.87,2.21,5.08,1.98,99.98
20021226,40.66,3.4879,0.5906,2.1912,0.35,25.94,26.53,25.38,88.81,4.65,7.7,4.01,100.12
20021227,32.5,4.2941,0.6804,2.9976,0.43,25.46,25.85,25.06,87.33,2.71,4.33,2.38,100.2
20021228,7.39,4.8437,0.9972,3.1272,0.49,25.79,26.68,25.09,84.74,2.12,3.49,1.85,100.2
20021229,9.13,4.9692,0.887,3.4063,0.5,25.97,26.7,25.51,86.88,2.57,3.54,2.26,100.24
20021230,4.22,4.7213,2.6191,2.5087,0.47,26.2,27.29,25.31,86.21,3.9,5.01,3.42,100.25
20021231,1.75,5.5291,3.8762,2.4518,0.56,26.48,27.17,25.63,82.34,3.37,5.12,2.95,100.17
20030101,0.09,6.4838,6.2894,2.5291,0.65,27.07,27.94,26.16,79.43,2.2,2.88,1.97,100.15
20030102,0.14,5.8949,4.614,2.7396,0.59,27.47,28.41,26.97,75.83,1.59,2.89,1.43,100.22
20030103,1.79,3.6331,0.1402,2.6978,0.36,27.29,27.46,27.05,76.8,1.36,2.11,1.24,100.29
20030104,0.42,5.159,3.8825,2.2049,0.52,27.57,28.19,27.03,77.43,1.69,2.77,1.53,100.23
20030105,6.33,5.5541,3.0173,3.2143,0.56,26.65,27.14,26.06,82.23,1.76,2.79,1.58,100.32
20030106,7.63,4.65,2.2661,2.7026,0.47,26.86,27.33,26.34,83.97,1.89,3.31,1.67,100.32
20030107,5.27,4.6577,2.0357,2.5997,0.47,27.09,27.76,26.38,82.95,2.37,5.07,2.08,100.26
20030108,47.09,3.5306,0.5182,2.3393,0.35,26.75,27.19,26.43,87.01,3.44,5.7,3.0,100.28
20030109,25.01,4.6073,2.4624,2.5154,0.46,25.89,26.26,25.56,84.67,3.17,6.43,2.77,100.33
20030110,7.36,4.6534,1.6968,2.6194,0.46,25.68,26.39,24.9,84.59,1.86,3.24,1.64,100.35
20030111,3.16,3.5513,0.6418,2.3314,0.35,26.09,26.98,25.27,82.39,2.31,3.41,2.07,100.36
20030112,0.9,5.9119,4.2017,2.5634,0.59,27.36,28.15,26.56,79.28,2.77,4.09,2.47,100.28
20030113,0.71,5.0374,3.1349,2.2994,0.5,27.14,27.58,26.6,82.4,2.46,3.26,2.2,100.22
20030114,5.9,5.3146,3.4049,2.5327,0.53,26.51,27.06,26.04,82.1,1.36,2.15,1.2,100.29
20030115,5.96,4.7021,1.9786,2.5284,0.47,26.96,27.44,26.25,82.74,2.62,5.43,2.28,100.24
20030116,4.82,4.009,1.3385,2.5169,0.4,27.32,27.9,26.45,81.99,3.02,5.73,2.69,100.18
20030117,4.14,4.6217,2.7372,2.4084,0.46,27.76,29.4,26.25,77.34,2.46,3.72,2.18,100.17
20030118,5.12,3.0626,0.3276,2.0086,0.3,27.57,28.28,26.99,83.44,4.24,5.01,3.71,100.21
20030119,3.03,4.5101,1.1376,2.6974,0.45,27.47,28.69,26.53,78.31,2.04,2.81,1.85,100.18
20030120,2.02,4.2559,1.0291,2.6045,0.42,26.37,26.62,26.06,83.6,2.29,2.93,2.06,100.15
20030121,2.7,4.2787,1.3598,2.4646,0.42,26.71,27.43,25.96,80.12,1.07,1.95,0.94,100.18
20030122,2.25,5.6513,3.1027,2.7878,0.56,27.08,27.6,26.59,81.31,2.22,3.11,1.99,100.16
20030123,0.5,5.7403,3.8282,2.5798,0.56,27.52,28.17,26.73,77.29,1.75,3.1,1.55,100.01
20030124,1.26,4.7714,0.9278,3.0307,0.47,27.96,28.47,27.52,76.67,1.71,3.13,1.54,99.93
20030125,2.08,2.1497,0.2052,1.5552,0.21,27.8,28.07,27.47,81.64,2.7,3.32,2.42,99.94
20030126,34.49,3.0557,0.7826,2.0102,0.3,27.54,28.01,26.94,83.42,3.13,5.35,2.79,99.97
20030127,8.43,5.4857,1.7969,3.2498,0.54,27.82,28.7,27.1,81.58,3.43,4.52,3.03,100.06
20030128,7.1,5.0234,1.2552,3.4039,0.49,28.59,30.1,27.14,71.52,1.69,2.83,1.48,100.05
20030129,2.83,4.2259,0.4229,2.8884,0.41,28.41,29.62,27.21,69.33,2.44,3.82,2.18,100.04
20030130,30.81,3.7154,1.0591,2.261,0.36,27.67,28.97,26.43,77.14,1.72,2.7,1.55,100.14
20030131,47.54,2.6182,0.1001,1.883,0.26,27.05,27.6,26.51,84.32,2.96,3.97,2.66,100.21
20030201,8.57,3.7306,0.4094,2.5591,0.36,27.11,28.09,26.34,78.2,2.65,3.76,2.38,100.24
20030202,25.21,3.5676,0.431,2.5087,0.35,27.18,28.04,26.6,83.27,3.91,4.66,3.45,100.13
20030203,16.17,3.9017,0.1517,2.9246,0.38,26.95,28.07,26.19,79.05,2.15,3.57,1.93,100.12
20030204,3.67,3.1531,0.1819,2.2426,0.31,27.16,28.21,26.13,77.56,1.21,2.62,1.14,100.09
20030205,3.19,4.5518,1.1626,2.8886,0.44,27.55,28.67,26.65,76.11,1.56,2.02,1.41,100.13
20030206,1.32,4.4978,2.8087,2.1228,0.44,28.28,29.88,26.74,75.88,2.79,4.87,2.42,100.0
20030207,1.62,4.8941,2.9801,2.2942,0.47,28.44,29.82,27.31,73.54,2.72,3.94,2.39,99.86
20030208,7.06,4.4681,1.7177,2.9726,0.43,28.34,29.72,27.45,75.92,2.84,4.11,2.5,99.81
20030209,2.57,4.6841,2.3849,2.4732,0.45,27.7,28.74,26.52,78.05,2.65,5.09,2.37,99.9
20030210,0.47,4.3709,2.0662,2.2978,0.42,28.83,29.54,28.16,74.91,2.56,3.4,2.27,99.86
20030211,3.65,3.391,1.1779,1.9949,0.33,27.81,28.49,26.8,81.86,1.65,2.73,1.47,99.87
20030212,9.9,2.5836,0.3427,1.7762,0.25,28.2,29.23,27.32,80.71,2.75,4.75,2.42,99.82
20030213,53.79,4.5322,1.5871,2.6311,0.44,27.48,28.06,26.84,82.74,2.43,4.09,2.2,99.9
20030214,38.79,4.1304,1.3289,2.5826,0.4,26.59,26.83,26.23,86.76,3.64,4.66,3.21,100.03
20030215,15.25,3.8671,1.4705,2.149,0.37,26.3,26.64,26.02,82.81,1.69,2.71,1.51,100.08
20030216,18.13,4.9855,2.3899,2.5637,0.48,26.28,26.67,25.66,86.57,3.73,5.92,3.27,100.15
20030217,38.42,3.8614,0.9996,2.383,0.37,26.79,27.35,26.33,86.88,5.39,6.36,4.64,100.22
20030218,7.46,5.1898,2.5022,2.7799,0.5,26.44,26.79,26.16,86.14,3.64,4.61,3.2,100.19
20030219,9.89,5.3136,2.1247,2.9822,0.51,27.2,27.79,26.21,84.99,4.19,6.35,3.62,100.11
20030220,16.16,3.0876,0.21,2.1883,0.3,26.62,27.05,26.15,84.51,4.1,5.45,3.56,100.19
20030221,12.15,3.7162,0.8969,2.2822,0.35,26.35,26.93,25.95,85.45,3.23,5.5,2.83,100.24
20030222,4.09,3.8182,0.4114,2.6556,0.36,26.13,26.75,25.58,85.6,2.38,4.23,2.11,100.28
20030223,2.71,5.0582,2.5104,2.4799,0.48,26.48,27.14,25.6,83.67,1.89,3.79,1.69,100.12
20030224,9.16,4.2192,1.6555,2.2114,0.4,26.77,27.4,26.3,84.67,2.15,3.84,1.9,100.03
20030225,7.22,5.1197,1.5065,3.0624,0.49,26.28,26.78,25.79,83.58,1.28,2.29,1.14,100.07
20030226,3.64,4.9872,1.8324,2.8145,0.47,27.4,28.21,26.58,82.42,3.47,4.9,3.06,100.0
20030227,1.74,4.944,0.8496,3.3127,0.47,27.54,28.04,27.19,81.74,4.14,5.74,3.59,100.07
20030228,0.01,6.2234,4.1909,2.797,0.59,27.67,28.72,26.68,77.28,2.75,3.43,2.45,100.0
20030301,0.08,6.3636,3.7205,3.0754,0.61,27.9,28.64,27.21,78.41,3.05,3.44,2.7,99.96
20030302,0.17,4.584,0.6374,3.2009,0.44,27.81,28.42,27.32,74.15,2.31,3.26,2.03,100.02
20030303,0.14,6.4034,4.3646,2.844,0.61,27.75,28.42,27.33,75.16,2.32,3.31,2.05,100.01
20030304,0.0,7.0889,7.4062,2.3117,0.67,27.97,28.63,27.35,73.06,2.06,3.87,1.8,99.96
20030305,0.02,6.613,4.6649,3.0281,0.63,28.53,29.25,27.79,66.21,1.88,2.52,1.66,99.97
20030306,0.28,5.5438,1.5797,3.385,0.53,29.37,30.41,28.56,62.44,2.15,3.33,1.9,99.98
20030307,0.0,6.912,5.5428,2.4624,0.66,28.99,29.89,28.49,64.78,1.93,2.98,1.72,99.96
20030308,0.19,5.9261,3.1198,2.862,0.56,28.32,29.21,27.53,72.46,2.47,3.31,2.21,100.0
20030309,0.09,5.9074,2.8498,2.855,0.56,28.79,30.35,27.18,73.25,2.67,3.55,2.4,100.04
20030310,0.86,4.261,1.0771,2.5294,0.4,28.15,28.85,27.01,77.6,2.06,2.73,1.87,100.07
20030311,4.26,3.4279,0.319,2.3904,0.33,27.9,28.91,26.62,79.19,2.46,5.25,2.2,100.04
20030312,11.31,3.8136,0.767,2.5469,0.36,26.32,27.28,24.97,84.35,2.55,4.64,2.23,100.17
20030313,9.58,2.976,0.3583,2.0333,0.28,26.66,27.47,25.31,80.56,1.52,2.62,1.38,100.26
20030314,4.52,4.7038,1.8607,2.7221,0.45,27.42,28.3,26.62,75.23,1.46,2.65,1.31,100.21
20030315,10.52,5.5682,2.6938,2.712,0.53,27.18,28.41,25.92,80.03,1.92,3.44,1.71,100.14
20030316,19.03,4.427,2.19,2.2558,0.42,27.06,27.51,26.41,82.49,2.29,3.81,2.05,100.14
20030317,3.2,4.1758,1.4023,2.3086,0.4,27.09,27.87,26.31,78.77,2.54,4.33,2.28,100.22
20030318,5.93,4.5257,1.6985,2.3983,0.43,26.67,27.2,25.98,86.26,3.48,4.82,3.07,100.23
20030319,4.8,5.3083,1.9049,2.9093,0.51,26.55,27.36,25.48,85.08,2.19,4.11,1.98,100.21
20030320,38.75,4.5794,0.6905,2.9875,0.44,27.06,27.63,26.72,88.34,3.63,4.55,3.2,100.04
20030321,9.07,5.6422,2.4552,3.005,0.54,26.95,27.85,25.85,79.42,1.19,2.84,1.05,100.06
20030322,2.5,5.4204,3.462,2.3594,0.52,27.31,27.59,26.91,79.32,1.76,2.93,1.59,100.06
20030323,3.41,4.6378,2.106,2.2805,0.44,27.61,28.4,26.67,83.5,2.87,3.65,2.58,100.02
20030324,6.65,4.5502,1.9159,2.4876,0.44,27.83,28.48,27.27,87.24,4.09,6.65,3.62,99.92
20030325,9.94,6.001,3.283,2.7578,0.57,27.45,28.36,26.85,83.3,4.12,6.37,3.61,99.95
20030326,20.82,6.0461,2.7096,2.9995,0.58,27.11,27.53,26.63,88.14,5.02,6.36,4.37,100.02
20030327,14.53,5.0736,2.2488,2.6851,0.49,27.29,27.94,26.86,86.48,4.04,5.67,3.56,100.05
20030328,20.17,5.1132,1.9675,2.851,0.49,27.12,27.51,26.69,86.73,4.18,6.11,3.68,99.97
20030329,12.45,4.7971,0.9571,3.3523,0.46,27.14,27.41,26.91,86.1,3.68,5.97,3.22,99.89
20030330,2.61,5.7067,3.546,2.7967,0.55,27.62,28.76,26.54,82.13,3.11,4.82,2.74,99.95
20030331,2.75,4.4686,1.525,2.4288,0.43,26.7,27.3,26.21,83.79,1.54,1.78,1.34,100.02
20030401,4.79,4.392,0.864,2.7756,0.42,26.71,27.21,25.7,86.18,2.63,4.12,2.32,100.01
20030402,32.02,4.2835,2.112,2.4341,0.41,27.2,27.91,26.7,87.84,4.87,6.57,4.17,99.92
20030403,13.02,5.4106,3.3384,2.4722,0.52,27.52,28.14,26.78,84.17,3.65,4.19,3.2,99.96
20030404,22.27,5.1262,2.8008,2.617,0.5,27.29,27.77,26.94,87.47,5.31,6.29,4.58,99.95
20030405,5.81,5.3381,2.0035,2.8634,0.52,26.73,27.64,25.89,85.3,3.29,6.69,2.86,100.04
20030406,2.42,5.5454,3.2904,2.5159,0.54,27.1,28.2,25.79,81.27,1.55,3.08,1.39,100.09
20030407,2.03,5.6736,4.1654,2.2666,0.55,27.27,27.7,26.78,83.34,2.09,2.92,1.86,100.09
20030408,12.7,4.7993,2.1137,2.4478,0.47,26.85,27.53,26.0,84.21,3.12,5.02,2.77,100.05
20030409,10.15,5.6878,3.6713,2.5051,0.55,26.78,27.78,25.82,87.26,1.77,4.02,1.57,100.07
20030410,5.74,5.0083,2.263,2.7036,0.49,27.5,28.44,26.69,83.96,2.82,4.49,2.55,100.06
20030411,42.09,3.6384,1.0997,2.3897,0.36,26.88,27.43,26.44,86.72,2.98,4.2,2.69,100.13
20030412,10.24,4.8185,1.4172,2.946,0.47,27.0,27.59,26.2,81.76,1.61,2.53,1.52,100.08
20030413,9.09,5.2826,3.1111,2.4226,0.52,27.93,28.9,27.15,79.5,1.57,2.75,1.46,99.95
20030414,5.78,5.7307,3.8969,2.3126,0.56,28.07,28.92,27.25,79.95,1.83,3.09,1.68,99.94
20030415,11.17,4.6337,1.6366,2.659,0.46,27.49,27.88,26.96,84.69,2.32,3.42,2.11,100.0
20030416,47.69,5.6513,3.4877,2.5668,0.56,27.21,27.69,26.82,82.53,1.76,3.23,1.58,100.17
20030417,10.7,5.2315,1.9358,3.1464,0.52,27.89,29.33,26.3,78.59,1.82,4.2,1.65,100.03
20030418,25.66,4.7856,2.4893,2.6033,0.47,27.57,27.98,27.22,82.98,2.52,4.41,2.26,99.97
20030419,10.5,4.3279,0.8726,2.7043,0.43,26.89,27.21,26.72,85.02,2.96,5.31,2.57,99.9
20030420,3.43,5.4098,3.5561,2.2694,0.54,27.62,28.39,27.01,80.03,1.52,2.54,1.37,99.85
20030421,8.82,4.793,1.7198,2.8123,0.48,27.33,27.93,26.82,83.52,2.55,3.67,2.25,99.88
20030422,20.73,4.9514,3.0391,2.2606,0.49,27.67,28.84,26.62,80.67,1.98,3.09,1.77,99.94
20030423,9.6,4.6598,2.6383,2.1355,0.47,26.76,27.33,26.46,88.89,2.69,3.39,2.41,100.01
20030424,18.0,6.0398,4.8286,2.2795,0.6,27.11,28.22,26.18,79.56,1.28,2.92,1.16,99.97
20030425,37.47,3.4788,0.5738,2.3993,0.35,27.69,27.95,27.04,80.57,2.01,3.61,1.78,99.85
20030426,9.95,4.049,1.1388,2.5524,0.41,26.9,27.37,26.58,86.13,2.96,4.07,2.64,99.77
20030427,2.43,4.8137,1.1174,2.8512,0.48,28.24,29.23,27.41,80.88,2.71,3.46,2.42,99.65
20030428,4.76,4.5029,0.6727,3.0238,0.45,28.11,28.96,27.34,81.25,1.88,2.96,1.73,99.73
20030429,14.71,4.5658,1.3589,2.5363,0.46,27.93,28.95,27.32,83.95,2.47,5.69,2.17,99.81
20030430,10.12,3.2076,0.2354,2.3086,0.32,27.66,28.23,27.16,84.74,3.82,6.67,3.32,99.92
20030501,3.08,5.19,3.0662,2.291,0.53,27.63,28.23,27.11,78.43,1.46,2.22,1.31,99.8
20030502,17.96,4.7626,1.9246,2.5205,0.48,27.25,27.99,26.48,85.26,1.88,2.79,1.66,99.79
20030503,9.07,3.715,0.3062,2.604,0.38,27.03,27.61,26.54,87.23,2.53,3.63,2.21,99.92
20030504,1.81,6.1565,4.8094,2.437,0.63,27.44,27.89,26.74,82.8,1.69,3.15,1.51,99.84
20030505,2.34,5.3846,2.9268,2.801,0.55,27.59,27.97,27.03,83.4,2.1,3.25,1.84,99.81
20030506,25.76,5.0402,2.55,2.359,0.52,27.53,28.06,27.16,84.07,1.94,3.0,1.72,99.8
20030507,69.41,3.863,0.2486,2.7406,0.4,27.56,28.22,27.07,86.21,3.8,5.67,3.31,99.85
20030508,26.3,5.046,4.3625,2.9038,0.52,27.92,28.33,27.39,85.34,4.76,5.56,4.11,99.83
20030509,10.58,5.0724,2.9803,2.837,0.52,27.37,28.18,26.8,85.24,3.25,4.18,2.88,99.88
20030510,13.78,4.0778,0.3134,2.9755,0.42,27.27,27.54,26.89,86.41,3.84,5.05,3.37,99.93
20030511,9.32,4.6622,2.07,2.5178,0.48,27.02,27.62,26.58,88.11,4.75,5.55,4.11,99.88
20030512,2.85,4.1071,0.5021,2.627,0.43,27.4,28.35,26.75,87.46,4.41,5.39,3.83,99.86
20030513,0.55,5.3345,2.7941,2.8519,0.55,27.84,28.71,26.71,78.33,3.75,5.33,3.25,99.92
20030514,2.17,5.189,2.682,2.6484,0.54,27.89,28.88,26.71,77.71,2.58,5.08,2.25,99.98
20030515,0.59,5.417,3.325,2.5553,0.56,27.59,28.28,26.62,78.51,3.33,5.06,2.91,100.1
20030516,0.45,5.2889,2.3227,2.6822,0.55,28.33,29.0,27.66,76.66,2.84,4.83,2.5,100.12
20030517,0.0,6.5798,6.1819,1.9795,0.69,28.27,29.04,27.54,75.47,1.28,2.31,1.11,100.08
20030518,0.28,6.0502,5.0527,2.7053,0.63,28.13,28.79,27.34,77.2,2.45,3.82,2.16,100.11
20030519,0.01,6.5155,6.8702,1.7866,0.68,28.58,29.35,27.92,70.83,2.34,3.3,2.06,100.2
20030520,0.03,6.0634,4.6627,2.3894,0.64,28.57,29.16,28.16,70.28,1.49,2.39,1.31,100.26
20030521,0.05,5.6748,4.8545,2.1463,0.6,28.34,28.81,27.86,73.95,1.89,2.29,1.64,100.23
20030522,0.0,5.9033,4.103,2.4862,0.62,28.42,28.95,27.83,71.2,2.06,2.66,1.79,100.14
20030523,0.0,6.4958,6.2268,1.8936,0.69,28.45,29.12,28.01,69.24,1.85,2.68,1.61,100.11
20030524,0.02,6.0665,5.6813,2.0273,0.64,28.3,29.07,27.61,75.37,2.08,2.57,1.83,100.17
20030525,0.15,5.3798,2.8706,3.245,0.57,28.06,28.95,27.13,78.42,4.2,5.47,3.64,100.27
20030526,0.0,6.0245,6.0991,1.8072,0.64,28.03,28.92,27.44,73.76,3.08,4.72,2.71,100.21
20030527,0.0,5.7437,4.7794,2.184,0.61,27.74,28.39,27.25,73.24,2.17,3.04,1.91,100.07
20030528,0.02,6.1639,5.9304,2.0098,0.66,27.78,28.65,26.89,73.68,2.63,4.64,2.3,100.01
20030529,0.31,5.2313,3.5628,2.7173,0.56,27.51,27.97,27.12,81.37,3.12,4.46,2.71,100.08
20030530,0.5,5.6131,4.5305,2.7696,0.6,27.57,28.3,26.88,78.82,2.5,3.86,2.18,100.1
20030531,0.05,4.9169,1.1681,3.3643,0.53,27.66,28.44,26.93,74.55,1.73,2.39,1.52,100.08
20030601,0.01,5.3316,3.7068,3.1102,0.57,27.62,28.39,26.89,74.2,2.0,2.44,1.77,100.04
20030602,0.0,5.5157,3.2839,2.6578,0.59,28.01,28.72,27.27,71.75,1.48,2.03,1.35,99.97
20030603,0.24,4.9078,2.994,2.4905,0.53,28.18,28.63,27.62,75.0,2.27,2.56,2.04,99.97
20030604,2.34,5.0225,3.3185,2.9426,0.54,28.3,28.91,27.59,77.19,2.02,2.72,1.85,99.98
20030605,0.75,5.2534,3.1798,2.472,0.57,29.12,30.38,27.82,72.76,2.27,2.61,2.02,99.97
20030606,0.26,5.1713,3.4764,2.2865,0.56,29.06,29.73,28.19,76.02,2.28,3.05,2.04,99.89
20030607,0.83,5.3602,3.3523,2.4768,0.58,28.92,29.5,28.41,78.39,2.57,3.27,2.32,99.93
20030608,0.46,6.2549,5.6827,2.0218,0.68,28.79,29.43,28.15,76.94,2.72,4.22,2.42,99.94
20030609,0.44,6.119,5.9455,1.7678,0.66,28.92,29.61,28.15,72.89,2.93,4.89,2.57,99.93
20030610,2.21,5.7816,4.6546,2.243,0.63,28.52,29.05,27.98,74.58,2.37,2.69,2.1,99.98
20030611,2.76,4.6387,2.7893,2.5334,0.5,27.87,28.49,26.93,80.83,2.89,3.87,2.55,99.98
20030612,17.78,4.1429,1.8415,2.1931,0.45,27.53,28.78,26.17,80.45,1.85,3.14,1.66,100.05
20030613,9.15,4.5782,2.2615,2.3885,0.5,27.89,28.4,27.35,79.69,2.0,2.75,1.81,100.06
20030614,2.58,4.8934,2.5258,2.5231,0.53,28.26,29.08,27.76,78.55,2.59,3.43,2.29,99.98
20030615,4.02,3.8069,1.9157,1.9526,0.41,26.97,27.76,26.45,83.53,2.48,4.4,2.17,99.94
20030616,2.11,4.5883,2.5073,2.3172,0.5,26.76,27.47,26.15,80.77,1.72,2.89,1.47,99.92
20030617,2.14,4.4683,2.1926,2.4852,0.49,26.86,27.37,26.27,82.03,1.18,2.13,1.09,99.96
20030618,1.22,4.6942,3.2354,2.1886,0.51,27.4,28.48,26.31,79.22,1.95,3.35,1.77,99.97
20030619,1.76,5.3266,4.0063,2.2577,0.58,27.52,28.09,26.9,79.22,2.51,3.38,2.24,99.98
20030620,5.75,5.0942,3.4334,2.2339,0.55,27.67,28.58,26.9,77.45,1.53,3.24,1.4,99.94
20030621,9.98,4.3394,1.9145,2.4886,0.47,27.45,27.91,26.77,78.45,1.38,1.92,1.27,99.87
20030622,7.72,4.3476,2.3347,2.2085,0.47,27.75,28.38,27.04,77.44,1.11,2.32,1.02,99.82
20030623,4.91,4.3534,1.6102,2.5198,0.47,27.87,28.54,26.96,76.87,0.99,1.61,0.93,99.89
20030624,5.12,4.9805,3.1344,2.3227,0.54,28.27,29.14,27.51,75.93,1.09,1.85,0.98,99.9
20030625,43.28,3.4332,1.248,2.0525,0.37,26.94,27.62,26.44,85.12,3.05,4.62,2.72,99.98
20030626,30.95,3.2501,0.5983,2.07,0.35,26.71,27.19,26.16,84.3,2.85,3.91,2.56,100.04
20030627,3.55,4.9445,3.9605,1.9308,0.54,27.22,27.95,26.48,79.74,1.61,2.73,1.5,100.04
20030628,4.87,4.8343,3.2628,2.1672,0.53,27.37,27.97,26.74,77.88,1.92,2.84,1.75,100.02
20030629,2.39,4.2382,1.5187,2.3818,0.46,27.0,27.38,26.6,80.87,2.04,2.67,1.82,100.0
20030630,6.22,4.782,3.2599,2.2404,0.52,26.98,27.51,26.38,81.64,2.25,3.5,1.95,99.9
20030701,10.95,3.7918,0.4536,2.5445,0.41,26.32,26.93,25.93,83.14,2.97,5.61,2.59,99.98
20030702,5.3,4.7854,2.0786,2.6026,0.52,27.16,28.2,26.19,76.51,2.41,4.06,2.15,100.08
20030703,9.08,3.8854,1.897,2.0786,0.42,26.37,26.93,25.52,87.72,5.13,6.11,4.42,100.13
20030704,31.21,2.1214,0.1322,1.4897,0.23,25.08,25.64,24.6,87.65,1.96,4.15,1.74,100.12
20030705,0.77,5.9393,5.0688,2.07,0.64,26.6,27.92,24.84,77.37,1.99,2.61,1.78,100.05
20030706,0.43,5.0038,3.2921,2.3558,0.54,27.49,28.58,26.67,74.59,2.09,2.89,1.83,100.03
20030707,0.83,4.9951,3.1073,2.3832,0.54,26.78,27.18,26.47,80.38,2.36,3.78,2.12,100.08
20030708,1.25,4.6548,2.0578,2.6381,0.5,27.44,28.23,26.65,79.93,1.85,2.23,1.69,99.97
20030709,1.32,4.5314,3.0185,2.1756,0.49,27.22,27.85,26.51,80.73,1.1,1.91,1.04,99.95
20030710,3.62,4.4342,2.5354,2.232,0.48,27.69,28.22,27.19,77.33,1.88,2.86,1.73,99.99
20030711,10.33,5.017,3.6655,2.1473,0.54,27.03,27.51,26.45,83.98,2.54,4.02,2.31,99.95
20030712,9.79,2.6292,0.7027,1.5931,0.28,26.21,26.59,25.64,88.93,5.46,7.08,4.67,100.01
20030713,0.45,4.2319,1.3272,2.7348,0.46,26.31,26.95,25.77,84.81,3.18,5.13,2.8,100.06
20030714,1.44,4.8463,3.4627,2.1859,0.52,27.22,28.26,26.2,80.17,1.93,2.83,1.74,99.99
20030715,9.02,4.1717,3.0211,1.8802,0.45,27.01,27.36,26.32,87.16,3.25,6.07,2.86,99.99
20030716,22.78,3.457,0.4166,2.2817,0.37,26.81,27.13,26.54,87.07,3.31,7.28,2.89,100.08
20030717,11.82,4.0517,0.9761,2.5992,0.43,26.83,27.09,26.49,84.95,4.16,6.25,3.62,100.13
20030718,3.41,5.0196,3.3938,2.3443,0.54,26.99,27.48,26.56,85.61,4.14,4.7,3.62,100.1
20030719,2.9,5.6695,4.9838,2.3882,0.61,27.22,27.9,26.42,81.83,5.01,5.82,4.32,100.01
20030720,0.09,4.7575,1.0994,3.2623,0.51,27.04,27.52,26.48,76.55,4.51,5.55,3.89,100.04
20030721,0.04,5.365,3.732,2.7048,0.57,26.92,27.52,26.22,77.55,3.82,4.62,3.32,100.07
20030722,1.04,5.3498,3.3542,2.598,0.57,26.63,27.17,26.06,80.93,3.67,4.93,3.2,100.02
20030723,3.23,4.1662,1.2394,2.5927,0.44,26.68,27.38,26.1,81.72,3.35,3.97,2.95,100.04
20030724,3.58,4.9913,2.9539,2.4818,0.53,27.03,27.78,26.16,82.26,3.05,4.29,2.7,100.02
20030725,1.65,4.6044,1.889,2.7026,0.49,27.27,27.99,26.64,80.85,1.52,2.18,1.44,100.07
20030726,1.16,4.9224,2.6866,2.465,0.52,27.39,28.05,26.66,80.04,2.18,3.89,2.01,100.11
20030727,11.17,5.0285,3.1066,2.3134,0.53,27.92,28.79,27.24,80.0,2.02,3.03,1.82,100.09
20030728,8.96,5.1374,3.1728,2.545,0.54,27.19,27.5,26.96,85.03,2.28,3.38,1.99,100.18
20030729,0.9,5.6724,4.3759,2.532,0.6,27.48,27.92,27.0,80.92,2.3,2.92,2.05,100.13
20030730,0.73,5.2346,3.8066,2.2387,0.55,27.74,28.47,26.97,78.55,2.11,3.66,1.91,100.07
20030731,1.46,5.2901,3.9607,2.1967,0.55,27.84,28.93,26.98,79.6,4.75,5.95,4.11,100.06
20030801,9.28,5.388,4.1563,2.0333,0.56,27.67,28.77,26.8,80.14,4.43,5.61,3.85,100.04
20030802,35.74,4.3121,2.0376,2.3359,0.45,26.87,27.33,26.2,85.08,5.2,5.57,4.49,100.06
20030803,6.44,4.3462,0.877,2.7389,0.45,26.07,26.4,25.52,85.95,3.86,5.76,3.39,100.13
20030804,7.29,4.1263,2.4545,2.016,0.43,26.79,27.5,26.07,84.11,5.23,6.05,4.51,100.14
20030805,5.08,1.8838,0.0847,1.4292,0.2,26.53,27.03,26.13,84.23,6.01,7.15,5.13,100.11
20030806,1.53,3.7457,1.249,2.1758,0.39,26.91,27.49,26.05,82.72,4.75,6.18,4.11,100.01
20030807,1.9,4.285,2.275,2.4792,0.44,27.47,28.09,26.88,82.66,4.43,5.66,3.83,99.93
20030808,3.04,4.5946,2.243,2.2584,0.48,27.33,28.11,26.74,84.57,3.93,4.87,3.42,99.95
20030809,5.25,4.5089,2.3472,2.3114,0.47,27.08,27.33,26.67,84.82,3.07,4.54,2.69,99.93
20030810,7.52,4.6358,1.7455,2.5361,0.48,27.6,28.18,27.13,85.72,4.63,6.34,3.98,99.93
20030811,5.89,4.5552,1.53,3.0053,0.47,27.11,27.42,26.95,85.55,4.5,7.29,3.87,100.08
20030812,13.86,3.5866,0.887,2.196,0.37,26.51,26.88,26.19,89.33,5.59,6.46,4.82,100.07
20030813,13.9,2.4322,0.3847,1.6358,0.25,26.42,26.71,25.98,86.66,5.11,6.37,4.42,100.05
20030814,8.05,3.8309,0.8938,2.2162,0.39,26.13,26.43,25.72,89.55,4.11,5.87,3.59,99.98
20030815,47.44,3.4738,0.3446,2.2654,0.35,26.34,26.85,25.88,87.99,3.48,5.49,3.04,99.91
20030816,127.65,2.2171,0.0442,1.6704,0.23,26.52,27.07,26.14,88.48,6.65,9.23,5.58,100.03
20030817,43.46,4.0094,0.2304,2.9645,0.41,26.39,26.99,25.95,84.56,4.13,5.79,3.58,100.14
20030818,4.62,5.1101,3.8239,2.1751,0.52,26.92,27.4,26.31,82.26,3.78,4.82,3.31,100.09
20030819,1.81,5.3021,4.602,1.9176,0.54,26.88,27.52,26.32,82.99,2.88,4.05,2.53,100.04
20030820,3.3,4.7662,2.027,2.5334,0.48,27.15,28.04,26.18,79.55,6.13,7.8,5.22,99.96
20030821,1.35,5.1638,2.5596,2.6196,0.52,26.96,27.27,26.45,80.79,2.98,6.49,2.58,100.04
20030822,0.97,4.6961,2.8109,2.1216,0.47,26.95,27.54,26.36,83.76,2.54,5.83,2.23,100.14
20030823,1.27,4.129,1.3224,2.4401,0.42,26.25,26.8,25.46,82.21,2.9,7.07,2.5,100.23
20030824,2.12,4.3663,1.4429,2.4514,0.44,26.25,27.02,25.59,85.47,2.54,3.14,2.26,100.15
20030825,3.83,4.5319,2.5858,2.1708,0.45,26.15,26.66,25.54,84.11,2.2,3.45,1.91,100.12
20030826,2.08,4.8638,2.8745,2.4636,0.49,26.75,27.51,25.68,80.24,2.4,3.23,2.11,100.1
20030827,17.48,4.6738,2.2553,2.4919,0.47,26.29,26.84,25.99,84.1,2.65,3.28,2.3,100.14
20030828,15.12,3.7553,1.0406,2.5498,0.37,25.97,26.48,25.54,89.57,3.73,4.44,3.26,100.21
20030829,74.11,3.8801,1.8509,2.0818,0.39,26.35,26.91,25.71,84.54,4.12,5.43,3.6,100.27
20030830,70.03,3.2023,0.425,2.273,0.32,25.76,26.09,25.17,88.83,4.32,6.19,3.74,100.37
20030831,0.31,5.4521,2.125,3.1349,0.54,26.12,27.02,25.11,79.26,1.68,2.58,1.51,100.31
20030901,5.17,5.8262,5.1598,2.0114,0.58,26.58,27.01,26.29,79.8,2.56,3.51,2.27,100.26
20030902,10.98,2.8872,0.5407,1.9447,0.29,25.91,26.45,25.19,84.99,2.37,4.01,2.1,100.28
20030903,1.17,5.7274,4.5941,2.2577,0.57,26.15,26.72,25.79,81.07,1.63,2.38,1.45,100.22
20030904,4.99,5.9486,4.5427,2.2601,0.59,26.54,27.42,25.59,80.1,1.58,1.97,1.42,100.21
20030905,17.34,4.8715,2.2596,2.5536,0.48,26.78,27.34,26.29,81.11,1.54,3.12,1.39,100.18
20030906,2.31,5.7266,3.9706,2.4835,0.56,27.56,28.34,26.75,77.44,1.71,3.43,1.52,100.18
20030907,8.01,4.675,1.8595,2.4998,0.46,27.68,28.07,27.17,82.43,3.9,5.36,3.39,100.08
20030908,28.78,4.2173,1.3159,2.7696,0.41,26.94,27.59,26.09,83.83,4.45,7.24,3.79,100.12
20030909,16.41,3.3043,0.2393,2.4038,0.32,26.91,27.52,26.01,83.42,5.52,7.88,4.72,100.14
20030910,4.32,4.3402,0.815,2.946,0.43,27.31,27.89,26.91,79.37,4.11,5.52,3.58,100.1
20030911,24.22,4.1978,0.684,2.9246,0.41,26.77,27.1,26.28,85.0,4.52,6.34,3.92,100.11
20030912,6.54,4.0087,0.4555,2.7768,0.39,26.26,26.56,26.03,88.87,3.72,4.87,3.24,100.15
20030913,6.29,5.1518,2.3112,2.8279,0.5,26.46,26.86,26.0,85.85,2.61,3.17,2.3,100.08
20030914,32.2,3.6442,0.9372,2.207,0.36,25.93,26.48,25.35,85.64,2.17,3.06,1.92,100.17
20030915,25.89,3.8489,1.7676,2.075,0.38,26.04,26.38,25.5,84.74,3.43,4.8,3.02,100.22
20030916,1.91,5.2325,1.5905,3.1421,0.51,26.88,27.65,25.9,77.13,3.47,4.48,3.05,100.24
20030917,0.52,6.1229,4.6786,2.3923,0.6,27.56,27.9,27.27,74.56,1.95,3.57,1.68,100.19
20030918,2.8,6.061,3.5258,2.7466,0.59,27.34,27.69,26.91,78.26,1.6,2.5,1.4,100.21
20030919,2.02,6.0934,3.8628,2.61,0.59,27.06,27.76,26.39,79.31,1.37,2.13,1.23,100.27
20030920,1.23,5.777,3.2556,3.091,0.56,27.33,28.12,26.66,76.73,2.13,2.87,1.88,100.27
20030921,2.09,5.3662,2.9114,2.6683,0.52,26.35,27.1,25.88,81.34,2.07,3.12,1.82,100.28
20030922,2.18,5.2198,3.1471,2.4247,0.51,26.79,27.84,25.69,81.5,2.5,3.64,2.22,100.17
20030923,7.12,4.2437,1.1866,2.4967,0.41,26.8,27.69,26.02,83.49,2.76,3.98,2.45,100.03
20030924,12.95,4.4822,1.543,2.4617,0.43,26.91,27.2,26.41,84.04,2.94,4.46,2.57,100.01
20030925,11.35,3.7721,0.7152,2.3266,0.37,26.92,27.33,26.63,84.98,3.21,5.25,2.81,100.05
20030926,1.53,5.7898,3.8299,2.5253,0.56,27.38,27.95,26.82,76.46,1.97,2.86,1.72,100.02
20030927,50.77,3.9804,0.2491,2.9016,0.38,26.89,27.5,26.26,83.93,3.73,4.64,3.27,99.98
20030928,21.46,5.0923,2.6825,2.5214,0.49,26.64,27.33,25.68,85.25,3.46,4.23,3.06,99.92
20030929,5.31,4.3464,0.5938,2.9458,0.42,26.61,26.88,26.25,87.8,3.75,4.64,3.27,99.91
20030930,3.34,4.8504,1.8835,2.4674,0.47,26.91,27.62,26.02,83.61,2.77,3.5,2.43,99.91
20031001,2.22,5.2615,2.1194,2.8903,0.51,26.76,26.94,26.47,87.42,3.31,4.18,2.87,99.84
20031002,6.97,4.3198,0.5057,3.03,0.42,27.05,27.44,26.63,87.68,4.69,6.11,4.05,99.84
20031003,15.05,4.1986,1.0154,2.5668,0.4,27.37,27.64,27.13,86.97,4.69,5.71,4.04,99.92
20031004,31.31,4.231,1.0985,2.507,0.41,27.15,27.68,26.54,88.09,5.08,6.34,4.38,99.94
20031005,16.04,4.4774,1.0018,2.7475,0.43,26.42,26.6,26.22,84.42,1.44,4.02,1.26,100.05
20031006,9.62,4.5511,1.0066,2.8236,0.44,26.48,27.1,25.79,84.26,1.85,3.16,1.68,100.07
20031007,22.6,4.1016,0.6101,2.5735,0.4,26.23,26.98,25.18,87.15,2.18,3.99,1.91,100.13
20031008,15.79,4.2067,0.3694,2.952,0.41,26.27,26.51,26.07,87.23,3.17,3.91,2.77,100.17
20031009,24.71,4.3663,0.8042,2.9443,0.42,26.84,27.49,26.31,87.24,3.87,5.24,3.38,100.11
20031010,10.74,3.7697,0.3434,2.5308,0.36,25.91,26.58,25.56,85.83,3.33,5.12,2.93,100.18
20031011,17.95,4.6116,2.1062,2.3585,0.44,26.25,26.84,25.46,86.96,4.34,5.85,3.76,100.12
20031012,15.34,4.6159,0.5098,3.0449,0.44,26.28,26.72,25.88,86.94,4.53,5.32,3.93,100.14
20031013,5.99,4.4628,0.3991,3.0506,0.43,26.17,26.66,25.55,84.1,3.14,3.99,2.78,100.18
20031014,15.0,6.0518,4.3207,2.503,0.58,26.1,26.56,25.79,85.1,2.84,4.0,2.49,100.21
20031015,15.11,3.4824,0.564,2.3434,0.34,26.17,26.63,25.92,84.87,3.01,4.91,2.64,100.21
20031016,4.85,5.6441,2.8332,3.0214,0.54,26.46,27.17,26.02,85.62,4.62,5.69,4.0,100.22
20031017,4.71,5.3628,1.7335,3.2957,0.52,26.93,27.94,26.05,82.82,4.8,5.71,4.13,100.18
20031018,2.22,5.9052,3.5587,2.6945,0.57,26.99,27.86,26.23,85.23,4.29,5.19,3.72,100.12
20031019,5.86,6.3566,5.25,2.3294,0.61,26.45,26.94,25.79,85.59,3.77,4.2,3.29,100.21
20031020,7.55,5.0779,1.0382,3.4001,0.49,26.31,27.29,25.55,80.03,3.19,4.85,2.81,100.23
20031021,6.2,4.8166,0.7459,3.2304,0.47,26.12,26.34,25.78,87.84,4.14,5.53,3.6,100.21
20031022,2.65,5.7379,2.7146,3.2683,0.56,26.64,27.3,25.92,84.47,2.91,4.54,2.55,100.28
20031023,0.07,6.0235,4.0327,2.5212,0.58,27.21,27.81,26.64,82.06,3.29,3.75,2.89,100.32
20031024,1.27,5.0796,2.1679,2.82,0.49,27.1,27.62,26.67,83.28,3.08,4.53,2.68,100.2
20031025,1.63,4.3961,0.6014,3.1572,0.43,26.64,27.16,26.06,83.4,2.78,3.28,2.43,100.18
20031026,0.61,5.3494,3.0319,2.4365,0.52,26.33,26.78,25.74,82.24,2.12,4.25,1.85,100.16
20031027,2.02,4.7719,2.1091,2.5687,0.46,27.23,28.08,26.41,85.28,4.31,5.43,3.75,100.06
20031028,29.26,4.7602,1.9128,2.526,0.46,26.97,28.06,26.3,87.96,2.91,4.5,2.56,100.01
20031029,101.23,4.0284,0.6403,2.4538,0.39,26.56,26.76,26.38,90.11,5.15,7.16,4.39,100.02
20031030,30.52,4.3464,0.4255,3.1138,0.42,25.93,26.45,25.19,85.95,2.34,6.05,2.02,100.0
20031031,8.01,4.6534,1.8917,2.6978,0.45,26.91,27.71,26.22,85.24,5.96,7.11,5.05,99.89
20031101,4.29,4.9872,3.119,2.1852,0.49,26.31,26.68,26.06,85.3,3.23,5.57,2.78,99.99
20031102,2.59,5.2164,1.9332,3.0041,0.51,26.61,27.28,25.88,81.99,1.54,3.17,1.36,100.05
20031103,17.46,5.0028,2.2409,2.7139,0.49,26.24,26.7,25.71,89.05,3.07,3.95,2.66,100.1
20031104,6.41,5.2706,2.9158,2.7019,0.51,26.63,27.61,25.54,84.19,2.21,3.63,1.94,100.01
20031105,50.05,4.0841,0.5107,2.7806,0.4,26.68,27.29,26.2,89.55,4.04,5.4,3.53,99.94
20031106,6.91,4.6234,2.557,2.2889,0.45,26.97,27.66,26.12,83.18,1.65,4.01,1.5,99.91
20031107,16.03,4.903,2.7538,2.4305,0.48,27.19,28.24,26.48,82.64,2.13,3.54,1.91,99.88
20031108,28.7,4.5086,1.7306,2.5049,0.44,27.1,28.17,26.35,85.13,2.47,3.6,2.19,99.82
20031109,35.09,4.3498,0.3602,3.1457,0.43,26.59,27.43,26.11,86.79,3.21,4.74,2.8,99.87
20031110,19.19,5.2243,2.3618,3.1476,0.51,26.31,27.04,25.55,84.25,1.93,2.44,1.7,99.9
20031111,21.27,4.6169,0.9528,2.9748,0.45,26.57,27.2,26.08,84.84,3.06,4.26,2.69,99.89
20031112,19.66,4.4654,0.6202,3.1402,0.44,26.24,26.4,26.07,89.48,4.05,4.78,3.52,99.92
20031113,2.16,5.5337,2.8716,3.0439,0.55,26.74,27.61,25.94,83.35,2.93,3.81,2.57,99.92
20031114,4.98,5.329,2.2236,3.347,0.53,26.61,26.96,26.33,85.16,2.64,3.73,2.3,100.08
20031115,3.99,4.9301,2.1797,2.597,0.49,26.54,26.87,25.97,87.06,3.07,3.89,2.67,100.05
20031116,15.89,4.4054,1.1705,2.9566,0.44,26.3,26.56,26.04,91.66,4.84,6.29,4.16,100.01
20031117,21.52,3.989,0.7445,2.7696,0.39,26.18,26.35,25.87,91.71,3.68,4.97,3.18,100.03
20031118,101.43,3.2251,0.2527,2.2759,0.32,26.31,26.61,25.9,91.22,5.76,8.46,4.87,99.99
20031119,6.31,3.7531,0.2374,2.8462,0.37,25.53,26.02,25.16,88.25,3.71,5.93,3.22,100.18
20031120,0.27,4.9898,1.6092,3.107,0.49,26.55,27.65,25.22,78.13,1.82,2.45,1.6,100.14
20031121,1.33,5.0918,1.361,3.1015,0.51,26.78,27.35,26.23,79.92,1.73,2.37,1.52,100.17
20031122,5.46,4.5636,1.7911,2.5358,0.45,26.17,26.49,25.82,85.02,2.72,3.39,2.39,100.19
20031123,7.59,5.3587,3.157,2.6981,0.53,26.38,26.75,25.67,87.71,3.49,4.52,3.09,100.15
20031124,34.37,4.3195,0.4267,3.1421,0.43,26.41,26.84,25.89,88.11,4.93,6.16,4.24,100.12
20031125,21.5,5.274,2.6645,2.9902,0.53,25.48,25.75,25.05,87.51,3.04,4.52,2.67,100.2
20031126,0.88,5.2598,1.9994,3.1747,0.52,26.15,26.76,25.19,83.54,2.32,3.7,2.04,100.08
20031127,18.17,5.0028,2.8152,2.5303,0.5,26.6,26.97,26.17,83.79,3.0,3.78,2.66,99.95
20031128,29.93,4.6666,2.1989,2.4631,0.47,26.33,27.34,25.39,83.96,1.93,3.48,1.74,99.97
20031129,14.24,4.8569,1.3445,2.9798,0.49,26.41,26.84,25.84,87.37,2.76,3.42,2.45,99.99
20031130,11.56,4.578,0.8501,3.2285,0.46,26.09,26.65,25.51,85.49,1.83,2.37,1.66,100.04
20031201,23.57,4.1974,0.803,2.8958,0.42,26.2,26.91,25.65,85.01,2.23,3.14,1.97,100.05
20031202,8.19,4.8391,0.8784,3.4195,0.48,25.95,26.49,25.48,88.38,2.64,3.8,2.33,100.05
20031203,3.71,4.9896,2.1814,2.7593,0.5,26.32,27.1,25.5,86.96,2.89,3.61,2.57,99.91
20031204,4.3,4.3493,1.248,2.7422,0.44,26.5,26.75,25.94,88.23,4.87,5.59,4.19,99.87
20031205,2.04,4.265,0.7829,2.929,0.43,26.46,26.96,25.75,84.04,2.76,4.37,2.41,99.94
20031206,11.55,3.5789,1.1813,2.2591,0.36,26.17,26.82,25.4,85.74,2.51,3.4,2.22,99.96
20031207,27.0,4.1628,1.2797,2.6705,0.42,26.16,26.76,25.32,87.45,2.11,4.05,1.86,99.93
20031208,80.85,1.7947,0.0394,1.3541,0.18,26.39,26.69,26.09,87.72,4.11,4.58,3.58,99.95
20031209,42.76,3.8254,0.2683,2.8927,0.38,25.94,26.56,25.54,88.76,3.8,5.33,3.32,100.01
20031210,12.73,3.6199,0.3377,2.7509,0.36,25.76,26.42,25.07,87.32,2.53,3.25,2.25,100.04
20031211,19.19,4.3764,1.4323,2.9306,0.44,26.01,26.79,25.33,87.72,2.98,3.57,2.63,99.99
20031212,41.37,3.2081,0.2333,2.2901,0.32,25.48,25.88,24.87,84.22,1.9,2.68,1.69,100.09
20031213,2.01,3.8525,0.2059,2.8649,0.39,26.89,28.01,25.71,76.13,2.55,3.61,2.27,100.08
20031214,3.07,5.3906,3.2774,3.324,0.54,26.39,27.04,25.84,82.99,1.98,3.25,1.8,100.12
20031215,27.79,4.0298,1.8953,2.201,0.41,25.92,26.29,25.45,87.61,2.78,4.06,2.45,100.12
20031216,26.14,4.3577,1.625,2.7216,0.44,25.58,25.94,25.23,88.18,2.14,3.35,1.89,100.15
20031217,14.36,4.2919,1.0368,2.9674,0.43,25.62,25.77,25.45,87.6,3.34,4.26,2.94,100.19
20031218,4.08,5.0047,2.593,2.6306,0.5,25.96,26.48,25.25,86.98,3.15,3.88,2.77,100.19
20031219,7.88,3.7675,0.269,2.8231,0.38,25.76,26.04,25.51,89.76,3.73,4.9,3.24,100.27
20031220,5.28,4.4306,2.0844,2.4643,0.45,25.8,26.58,25.03,85.73,3.49,5.29,3.04,100.35
20031221,1.62,4.8163,1.2667,3.0192,0.49,25.31,25.8,24.57,84.02,2.03,2.76,1.81,100.34
20031222,0.62,5.0616,2.2738,2.8858,0.51,26.1,26.79,25.43,81.52,1.84,2.78,1.65,100.27
20031223,0.57,4.8098,2.443,2.5217,0.48,27.07,28.04,26.4,80.26,2.77,3.61,2.44,100.21
20031224,0.18,5.4334,2.2896,3.0511,0.55,27.21,27.8,26.54,77.76,2.19,2.93,1.93,100.22
20031225,2.15,4.5396,3.1874,2.123,0.46,27.22,27.69,26.7,79.37,2.93,3.87,2.59,100.17
20031226,0.7,4.9063,2.9938,2.4526,0.49,26.88,27.51,26.36,78.57,2.08,3.12,1.82,100.1
20031227,0.09,4.1347,1.0567,2.5272,0.42,26.88,27.63,25.21,74.04,1.99,4.82,1.77,100.15
20031228,0.18,5.0854,3.1207,2.4367,0.51,27.32,29.07,25.06,69.71,2.23,4.44,1.91,100.22
20031229,0.08,5.0107,3.27,2.412,0.5,27.92,29.4,26.4,71.96,2.71,4.31,2.38,100.26
20031230,0.68,5.1163,2.3957,2.7674,0.51,27.78,28.98,26.88,75.76,2.12,3.83,1.85,100.22
20031231,1.19,4.7479,3.1274,2.2536,0.48,26.41,27.21,26.14,85.58,1.81,2.51,1.67,100.17
20040101,1.69,5.1655,3.7226,2.1336,0.52,26.9,27.75,26.26,83.95,2.63,5.48,2.33,100.14
20040102,2.26,4.8708,2.9705,2.4583,0.49,26.67,27.37,25.98,83.48,3.36,6.38,2.93,100.18
20040103,4.93,4.3742,2.5097,2.3568,0.44,27.22,28.15,26.83,80.84,2.28,3.86,2.02,100.14
20040104,7.75,3.9898,1.3627,2.3762,0.4,26.83,27.38,26.54,84.49,3.49,4.72,3.01,100.23
20040105,18.05,4.2535,2.0138,2.2838,0.43,27.81,29.36,26.86,71.92,2.38,4.01,2.1,100.21
20040106,20.33,3.9934,1.5818,2.4247,0.4,26.92,27.68,26.16,77.07,1.84,2.31,1.65,100.2
20040107,4.18,4.5787,3.557,1.9543,0.46,27.83,28.86,26.99,72.09,1.68,2.51,1.53,100.2
20040108,21.14,3.9938,1.5149,2.2692,0.4,27.08,27.33,26.89,79.59,0.98,1.89,0.87,100.18
20040109,7.53,5.1077,3.2179,2.46,0.51,26.82,27.05,26.42,84.05,1.28,2.66,1.18,100.17
20040110,4.75,4.2994,1.1234,2.5586,0.43,25.97,26.66,25.42,87.02,2.49,4.26,2.23,100.18
20040111,4.19,4.1321,0.9811,2.6162,0.41,26.47,26.86,25.9,89.42,3.03,4.61,2.68,100.13
20040112,2.5,4.637,2.6299,2.309,0.46,27.51,28.64,26.12,79.07,1.59,2.6,1.41,100.1
20040113,7.98,3.9377,1.9174,2.2018,0.39,27.08,27.42,26.78,82.12,1.36,1.82,1.21,100.07
20040114,2.55,3.5993,1.0805,2.3971,0.36,27.36,28.43,26.62,80.45,1.59,2.5,1.43,99.99
20040115,2.32,3.972,0.5618,2.7022,0.39,26.57,27.01,26.15,86.05,1.82,3.49,1.64,100.08
20040116,4.44,4.4479,1.7414,2.568,0.44,26.49,26.73,26.18,88.22,2.99,4.83,2.67,100.12
20040117,9.27,4.3661,0.815,2.7734,0.43,26.92,27.52,26.31,86.24,2.87,5.72,2.54,100.01
20040118,28.75,4.1218,0.9245,2.5428,0.41,26.79,27.1,26.3,88.34,4.65,5.86,4.03,100.07
20040119,9.5,4.8271,1.6442,2.9338,0.48,26.39,26.78,26.08,84.51,3.93,4.47,3.44,100.13
20040120,17.88,4.5437,3.1159,2.124,0.45,27.06,27.82,26.16,82.45,2.84,5.42,2.5,99.97
20040121,15.15,4.8415,2.4254,2.6134,0.48,26.43,26.95,25.7,88.98,3.55,6.11,3.09,100.0
20040122,0.96,5.381,2.8056,2.8414,0.53,27.99,29.92,25.71,76.52,2.21,3.26,1.9,99.89
20040123,0.86,5.1636,3.8657,2.4698,0.51,28.3,29.76,27.13,73.95,2.59,5.53,2.26,99.92
20040124,1.88,3.0302,0.1745,2.082,0.3,27.53,28.16,26.86,77.96,1.81,2.49,1.66,99.95
20040125,0.7,3.6449,2.4281,1.7227,0.36,27.96,29.63,26.71,76.79,2.62,4.11,2.2,99.88
20040126,1.4,4.6738,2.6359,2.3482,0.46,27.73,29.37,26.72,77.64,2.4,3.63,2.1,99.84
20040127,10.63,4.387,1.3536,2.9374,0.43,27.04,28.06,26.42,81.83,1.52,2.91,1.38,99.87
20040128,14.15,3.323,0.127,2.351,0.33,26.11,26.28,25.86,86.67,2.59,3.59,2.34,99.85
20040129,2.47,3.9245,1.1921,2.2104,0.38,26.46,27.22,25.65,79.81,1.99,2.5,1.8,99.88
20040130,7.32,4.4549,1.3044,2.7442,0.43,26.8,27.78,26.12,83.0,2.11,3.21,1.91,99.88
20040131,14.12,4.3548,1.4861,2.5133,0.42,26.06,26.75,25.74,90.14,3.5,5.09,3.09,99.92
20040201,36.76,3.4903,0.1342,2.4958,0.34,25.35,25.74,24.96,89.63,3.98,5.83,3.46,99.98
20040202,9.51,3.8292,0.5383,2.5963,0.37,25.68,26.06,25.23,87.35,3.88,4.79,3.37,100.01
20040203,1.6,4.0502,0.3173,2.9244,0.39,26.62,26.96,26.09,80.57,2.21,4.72,1.94,100.04
20040204,2.47,5.485,2.9971,2.6959,0.53,27.2,27.74,26.72,77.16,1.05,2.11,0.95,100.0
20040205,8.82,5.4439,2.094,3.0874,0.53,26.7,27.34,26.07,81.76,1.54,2.78,1.4,100.16
20040206,4.7,3.9084,0.9686,2.6479,0.38,26.81,27.78,25.81,75.78,2.37,4.11,2.08,100.37
20040207,0.16,5.5301,2.5738,3.1505,0.53,27.62,28.96,26.62,75.1,3.95,5.42,3.42,100.33
20040208,4.4,5.2968,2.261,2.7814,0.51,27.09,27.83,26.24,78.6,4.12,7.04,3.57,100.38
20040209,2.72,4.951,0.9274,3.3149,0.48,27.26,28.25,26.45,76.76,2.46,4.17,2.18,100.31
20040210,0.44,4.5425,1.26,3.0266,0.44,27.09,27.72,26.63,78.63,2.16,2.85,1.93,100.31
20040211,1.01,5.4821,3.3144,2.5174,0.53,27.63,28.96,26.32,71.86,2.16,4.19,1.91,100.29
20040212,1.58,4.6738,3.5762,2.2157,0.45,27.32,27.91,26.85,80.22,1.64,3.52,1.47,100.18
20040213,2.26,5.0177,3.0888,2.5966,0.48,26.95,27.39,26.34,77.94,1.91,2.93,1.71,100.17
20040214,0.89,4.6812,2.537,2.6076,0.45,27.7,28.87,26.78,76.77,2.5,3.92,2.19,100.0
20040215,2.26,4.776,1.6884,2.9263,0.46,27.15,27.58,26.64,82.02,2.37,3.31,2.09,100.0
20040216,1.29,4.8802,1.177,2.9753,0.47,27.73,28.88,26.48,76.5,1.77,3.25,1.59,100.02
20040217,6.08,4.7191,1.171,2.9839,0.45,27.44,27.89,27.01,81.48,2.78,3.47,2.45,99.94
20040218,18.41,4.865,1.4143,2.9666,0.47,27.05,27.75,26.6,87.08,3.94,4.65,3.44,99.85
20040219,22.07,3.7337,0.2285,2.6491,0.36,26.85,27.3,26.5,86.57,3.83,6.17,3.34,99.99
20040220,3.61,4.867,1.717,2.9088,0.47,27.33,28.0,26.44,82.17,2.69,3.09,2.39,100.07
20040221,6.45,4.9411,2.6191,2.5126,0.47,27.88,28.45,27.45,78.64,2.35,4.7,2.06,100.06
20040222,12.15,4.3404,1.2377,2.4439,0.41,27.2,27.58,26.62,84.85,4.2,6.19,3.63,100.04
20040223,0.66,5.0287,1.9889,2.6794,0.48,27.57,28.39,26.65,80.8,3.01,4.78,2.67,100.06
20040224,9.06,5.4197,2.1317,2.9292,0.52,27.76,28.25,27.3,82.73,3.44,4.13,3.03,100.15
20040225,8.35,4.2509,0.6487,2.7276,0.41,26.85,27.4,26.16,85.65,3.15,4.15,2.78,100.17
20040226,4.36,5.0904,2.3988,2.4857,0.49,27.22,28.03,26.17,85.71,4.31,6.08,3.75,100.04
20040227,5.73,5.0738,1.2439,3.0391,0.48,27.54,28.36,26.69,83.9,3.33,5.01,2.95,99.98
20040228,2.39,4.1998,0.3912,2.9894,0.4,27.15,27.36,26.76,87.1,5.25,7.48,4.5,99.98
20040229,2.72,4.4522,0.7937,2.9374,0.42,26.59,27.21,24.97,87.7,4.59,6.35,3.97,99.99
20040301,8.79,4.5946,0.4562,3.2066,0.44,25.77,26.85,24.77,79.89,1.88,3.41,1.68,100.03
20040302,62.44,5.0988,1.8048,3.1906,0.48,26.93,27.76,25.91,86.91,4.7,8.72,3.98,99.85
20040303,63.03,4.7443,0.522,3.4447,0.45,26.43,26.87,25.76,89.72,4.88,8.97,4.13,99.94
20040304,9.38,5.3558,2.5663,2.9808,0.51,26.81,27.57,26.05,86.9,5.76,6.8,4.88,100.0
20040305,3.53,3.8405,0.3082,2.7247,0.36,26.25,26.89,25.43,84.84,2.45,4.45,2.2,100.01
20040306,9.24,4.6378,1.7393,2.6364,0.44,26.7,27.88,25.94,83.29,1.32,2.95,1.28,99.95
20040307,10.94,4.889,1.9174,2.6729,0.46,27.08,28.28,26.07,78.7,2.55,3.61,2.25,100.08
20040308,5.75,3.6799,0.1975,2.6827,0.35,26.9,27.97,26.21,79.81,3.12,3.86,2.75,100.17
20040309,1.47,4.0872,0.8866,2.8138,0.39,26.44,27.08,25.56,84.47,2.1,3.77,1.85,100.12
20040310,1.14,5.6839,3.0816,2.6926,0.54,26.8,27.44,25.98,82.68,1.86,3.17,1.64,100.03
20040311,2.57,4.1537,1.5619,2.7521,0.4,26.54,26.8,26.14,87.63,2.49,3.33,2.19,100.06
20040312,1.23,6.1205,3.4858,2.8913,0.58,27.22,27.66,26.42,80.8,3.03,3.74,2.66,100.15
20040313,0.4,5.4922,2.3825,2.881,0.52,28.73,29.69,27.55,68.62,2.48,3.23,2.22,100.09
20040314,28.61,5.5294,2.9894,2.6386,0.53,28.58,29.18,27.61,77.41,4.09,5.45,3.59,100.1
20040315,18.36,5.3167,2.7084,2.4706,0.51,26.72,27.41,26.19,84.08,2.98,4.28,2.63,100.17
20040316,15.66,4.3646,0.7277,2.8457,0.42,26.77,27.25,26.12,84.62,3.62,5.1,3.17,100.07
20040317,7.57,4.4222,0.4145,2.9767,0.42,27.12,27.78,26.51,82.66,4.41,5.74,3.83,100.1
20040318,3.32,5.153,0.9334,3.4867,0.49,26.97,27.75,26.09,76.18,2.0,3.26,1.77,100.13
20040319,1.81,4.8895,2.9969,2.6858,0.47,27.87,28.84,26.88,76.8,4.33,5.4,3.75,99.97
20040320,1.82,6.083,3.8983,2.6791,0.58,27.54,28.54,26.58,81.91,3.55,4.59,3.11,99.87
20040321,5.78,6.1157,3.9742,3.5714,0.58,27.56,28.24,26.76,83.67,4.0,4.95,3.49,99.94
20040322,4.08,5.3136,2.3136,2.8039,0.51,28.02,28.45,27.54,81.0,3.81,4.3,3.31,99.99
20040323,2.19,5.7002,3.0538,3.2129,0.55,27.49,27.92,27.16,81.49,2.77,3.39,2.44,100.08
20040324,1.2,5.7223,2.2807,3.7152,0.55,28.14,28.86,27.29,72.22,2.27,3.46,2.03,100.07
20040325,2.88,5.6011,3.7584,2.9119,0.54,28.12,28.89,27.64,74.59,1.76,3.36,1.56,99.96
20040326,5.0,4.7777,1.248,2.8807,0.46,27.18,27.94,25.61,83.74,3.0,3.95,2.63,100.04
20040327,1.47,5.8171,3.749,2.3436,0.56,27.85,29.37,25.47,73.34,2.4,3.77,2.15,100.19
20040328,8.98,4.3586,1.3176,2.501,0.42,27.9,28.62,27.15,77.29,2.98,4.72,2.62,100.18
20040329,10.37,5.3527,2.2766,2.819,0.51,27.52,27.99,27.02,83.07,2.61,3.41,2.32,100.16
20040330,8.88,5.1905,3.6883,2.2378,0.5,27.05,27.61,26.67,83.72,2.38,4.18,2.12,100.25
20040331,2.47,5.0443,2.4646,2.5579,0.49,27.84,28.7,27.02,77.01,1.72,3.01,1.57,100.12
20040401,3.81,3.7452,0.8556,2.4259,0.36,27.43,28.02,26.44,81.15,1.52,2.13,1.41,100.17
20040402,7.38,4.2994,1.1472,2.609,0.42,28.06,29.12,27.34,79.69,2.45,3.67,2.23,100.15
20040403,23.78,4.865,2.1254,2.5411,0.47,27.38,28.36,26.87,82.57,2.04,3.4,1.86,100.21
20040404,5.45,5.6124,3.2986,2.5774,0.54,26.8,27.12,26.23,85.92,4.48,7.76,3.84,100.27
20040405,1.1,5.5769,3.7536,2.3054,0.54,27.08,27.96,25.77,77.59,1.34,1.95,1.22,100.11
20040406,19.69,5.3354,2.5682,2.509,0.52,27.84,28.68,26.9,77.87,1.38,2.87,1.25,100.01
20040407,58.08,4.499,2.711,2.039,0.44,27.47,27.79,27.11,83.31,3.08,5.48,2.72,100.12
20040408,17.61,4.7064,1.5276,2.6407,0.46,26.86,27.37,26.29,85.59,2.46,4.36,2.16,100.18
20040409,8.12,5.8822,4.5533,2.1533,0.57,27.84,28.54,26.87,79.14,2.14,3.48,1.91,100.07
20040410,6.58,5.544,3.3154,2.4984,0.54,28.47,29.31,27.65,78.16,2.28,3.36,2.06,100.02
20040411,6.33,4.8646,2.0662,2.5944,0.48,28.69,29.19,28.3,77.45,2.14,3.66,1.94,100.05
20040412,1.63,4.8953,2.7202,2.3534,0.48,29.07,29.81,28.61,76.48,1.96,3.28,1.74,99.93
20040413,6.77,5.1883,3.2986,2.1977,0.51,28.52,28.8,28.11,82.58,2.62,3.47,2.33,99.84
20040414,12.51,5.6042,3.3931,2.6659,0.55,28.24,28.53,27.81,82.78,1.84,2.5,1.64,99.92
20040415,36.31,5.0906,2.6306,2.9885,0.5,27.78,28.12,27.49,83.68,2.35,3.33,2.07,100.0
20040416,18.29,5.2034,2.9474,2.8903,0.51,28.22,28.89,27.45,81.35,3.07,4.04,2.73,100.0
20040417,4.19,5.6611,3.2086,2.7118,0.56,28.07,28.37,27.73,83.29,2.94,4.21,2.59,99.93
20040418,6.34,3.4795,0.264,2.395,0.34,28.42,28.87,27.81,81.03,3.45,6.94,3.01,99.89
20040419,2.89,5.6225,3.7997,2.4732,0.56,28.58,28.89,28.3,77.88,1.7,2.79,1.56,99.94
20040420,3.94,4.9426,2.2464,2.6102,0.49,29.22,30.58,27.99,75.47,1.72,2.53,1.58,100.0
20040421,5.76,5.0882,2.8133,2.9522,0.51,28.72,29.45,28.06,77.7,1.5,3.07,1.36,99.96
20040422,5.46,5.0438,1.6346,2.9081,0.5,28.03,28.3,27.77,83.11,2.49,3.59,2.26,99.84
20040423,7.61,3.9072,0.3684,2.7518,0.39,27.65,28.06,26.91,83.27,3.27,4.96,2.89,99.88
20040424,4.71,5.7194,3.3238,2.9942,0.57,27.48,28.24,26.57,80.75,1.66,2.5,1.5,99.95
20040425,4.71,5.6779,4.1282,2.1504,0.57,28.5,29.34,27.79,77.41,1.68,2.65,1.56,99.82
20040426,8.27,4.8278,3.1313,2.3911,0.49,28.94,30.33,27.84,77.09,1.9,3.67,1.7,99.81
20040427,6.51,4.6488,1.8264,2.85,0.47,28.45,29.35,27.92,83.45,2.67,3.79,2.4,99.82
20040428,17.12,3.6302,0.3233,2.5512,0.37,27.74,27.9,27.39,82.03,2.98,3.86,2.62,99.77
20040429,27.08,1.5346,0.1018,1.1407,0.16,27.57,28.54,26.53,86.68,2.88,4.62,2.49,99.7
20040430,7.21,5.7482,4.1508,2.5234,0.58,27.64,28.36,26.71,78.03,0.96,2.29,0.86,99.66
20040501,5.49,5.0981,1.7438,3.4039,0.52,27.51,27.96,27.07,83.72,2.62,3.62,2.32,99.73
20040502,2.11,5.0798,2.4439,2.9467,0.52,27.09,27.31,26.84,82.79,1.93,4.16,1.69,99.78
20040503,24.62,4.5667,1.7534,3.0773,0.47,26.83,27.08,26.27,87.03,2.5,3.29,2.22,99.77
20040504,11.64,5.3897,3.6084,2.3928,0.55,26.55,27.03,25.87,88.02,2.57,3.08,2.28,99.83
20040505,67.96,2.8279,0.3638,2.0602,0.29,27.27,27.65,26.64,86.43,2.68,3.2,2.37,99.82
20040506,22.5,3.5719,0.6389,2.4948,0.37,27.2,27.74,26.83,86.1,3.35,4.08,2.93,100.01
20040507,7.38,4.3685,1.2504,2.8243,0.45,26.93,27.41,26.57,86.38,3.87,4.76,3.39,100.08
20040508,0.98,5.9254,4.7441,2.4065,0.61,26.83,27.28,26.42,84.12,3.43,4.43,3.01,100.12
20040509,0.67,6.5609,6.3826,1.7926,0.68,27.75,28.9,26.39,77.02,1.4,2.1,1.26,100.02
20040510,1.32,5.9693,5.1996,2.0054,0.62,28.18,28.94,27.37,79.0,1.8,2.7,1.62,100.05
20040511,4.2,5.7446,4.3601,2.2037,0.6,28.33,28.99,27.8,82.73,3.94,4.98,3.42,100.02
20040512,3.37,5.5858,4.177,2.2714,0.58,28.05,28.64,27.47,83.84,3.96,4.68,3.44,99.94
20040513,0.47,5.9726,4.8067,2.5006,0.62,28.0,28.37,27.44,82.7,3.82,4.73,3.33,99.86
20040514,0.14,6.161,5.5793,2.0364,0.64,28.6,29.52,27.85,77.9,3.9,4.53,3.39,99.92
20040515,1.37,5.1686,3.2851,2.3825,0.54,28.57,29.26,27.98,80.37,3.43,4.69,3.02,99.92
20040516,0.64,6.0564,4.7563,2.4938,0.63,28.46,28.85,28.05,81.28,3.94,4.97,3.43,99.99
20040517,0.23,6.5801,6.901,1.6133,0.69,28.57,29.36,28.01,77.92,3.46,3.67,3.04,100.02
20040518,0.18,5.9266,4.4366,2.5164,0.62,28.81,29.87,27.92,74.2,3.05,4.08,2.69,100.05
20040519,0.17,5.6724,3.9449,2.3352,0.6,28.54,28.96,28.14,74.82,2.82,3.68,2.46,100.09
20040520,0.1,5.9616,4.9918,2.2054,0.63,28.35,28.93,27.87,75.84,2.52,2.99,2.2,100.17
20040521,2.81,5.2709,3.007,2.5013,0.56,27.52,28.01,27.11,83.16,2.44,3.17,2.15,100.16
20040522,4.34,3.7066,0.2755,2.6182,0.39,27.52,28.49,26.85,82.33,2.16,2.63,1.9,100.08
20040523,11.61,5.0477,2.771,2.8001,0.53,26.62,27.02,26.27,88.04,4.09,6.94,3.56,100.16
20040524,4.54,4.0553,0.6113,2.8894,0.43,25.85,26.53,25.15,86.59,2.95,7.2,2.56,100.24
20040525,7.8,5.1151,2.903,2.7768,0.54,26.55,27.08,25.86,86.01,4.71,5.61,4.08,100.19
20040526,10.93,3.8314,0.9662,2.37,0.41,26.84,27.67,26.24,85.56,5.16,5.81,4.45,100.19
20040527,1.81,5.5488,4.5163,2.6194,0.59,27.32,28.45,25.97,74.44,2.09,3.92,1.88,100.21
20040528,7.69,5.615,4.6315,2.112,0.6,27.45,28.1,27.0,77.21,1.97,3.69,1.75,100.17
20040529,29.29,3.1942,0.6019,2.1689,0.34,26.07,27.07,25.43,86.82,3.22,3.74,2.83,100.17
20040530,3.93,4.657,3.1646,2.1905,0.5,26.32,26.74,25.73,85.44,3.15,4.3,2.76,100.17
20040531,2.96,4.2005,1.9464,2.3165,0.45,26.58,26.83,26.33,83.96,3.41,4.49,2.98,100.22
20040601,1.24,5.9342,5.4295,2.0875,0.64,26.95,27.38,26.59,81.25,3.51,4.54,3.08,100.26
20040602,0.47,4.9006,1.5742,2.8522,0.53,27.57,28.24,26.89,75.68,2.79,3.58,2.45,100.22
20040603,2.89,4.9142,3.0031,2.6616,0.53,27.46,27.93,26.94,77.2,2.77,3.16,2.42,100.15
20040604,3.43,4.4962,1.649,2.8601,0.48,27.46,28.15,26.79,81.83,3.76,4.42,3.28,100.05
20040605,3.17,4.6694,2.0407,2.928,0.5,27.0,27.23,26.85,83.6,2.24,4.15,1.96,100.01
20040606,14.38,4.3164,2.1362,2.2462,0.47,27.01,27.6,26.29,82.93,1.84,3.0,1.61,100.05
20040607,4.74,3.0998,0.6526,2.0875,0.33,26.91,27.37,26.59,85.36,3.99,5.58,3.47,100.1
20040608,7.62,5.6801,4.5055,2.1749,0.61,27.47,28.57,26.67,83.38,4.37,5.66,3.79,100.03
20040609,3.78,3.8693,0.7817,2.6069,0.42,26.81,27.6,26.15,87.57,3.55,4.98,3.14,100.03
20040610,1.23,5.634,5.495,2.3498,0.61,27.06,27.93,26.07,78.91,2.7,5.85,2.36,100.06
20040611,0.86,6.2035,6.5652,1.6752,0.67,27.53,28.4,26.6,78.71,1.25,2.25,1.11,99.99
20040612,0.1,6.4171,6.6394,1.6642,0.7,28.05,28.76,27.43,74.46,1.85,2.16,1.65,100.06
20040613,0.0,6.2278,6.7207,1.9932,0.68,28.66,29.41,27.98,66.42,1.41,2.24,1.25,100.1
20040614,0.01,6.0782,5.195,2.1672,0.66,28.44,29.03,27.88,67.74,1.18,1.85,1.04,100.15
20040615,0.03,6.2028,5.4324,2.1372,0.67,28.2,28.72,27.64,70.6,1.4,2.08,1.25,100.25
20040616,0.05,5.9858,5.215,2.1017,0.65,28.32,28.86,27.95,70.18,1.49,1.83,1.33,100.22
20040617,0.12,6.2179,5.7134,1.949,0.68,27.98,28.5,27.47,73.77,1.92,2.45,1.69,100.22
20040618,0.05,5.9666,5.6352,1.873,0.65,27.65,28.44,27.18,71.71,1.0,2.2,0.89,100.25
20040619,0.03,5.4113,3.6254,2.4202,0.59,27.41,28.04,26.93,75.74,2.03,2.22,1.81,100.28
20040620,0.22,5.8003,5.0419,2.3503,0.63,27.26,27.77,26.64,77.99,2.07,2.64,1.83,100.36
20040621,0.23,5.7336,4.4059,2.4,0.62,27.26,27.96,26.82,79.15,2.19,3.56,1.91,100.41
20040622,1.47,4.5206,2.3158,2.4324,0.49,26.81,27.2,26.18,81.96,2.34,3.64,2.06,100.49
20040623,2.96,4.8166,3.2496,2.2615,0.52,27.27,27.65,27.01,81.28,4.58,5.77,3.95,100.31
20040624,0.15,5.155,3.5618,2.659,0.56,27.37,28.01,26.79,76.8,3.61,5.11,3.13,100.18
20040625,1.77,4.4933,2.808,2.1557,0.49,27.26,27.89,26.84,80.2,2.59,5.87,2.27,100.19
20040626,63.03,1.0284,0.0485,0.781,0.11,26.31,26.97,25.75,87.21,6.67,10.11,5.6,100.23
20040627,4.84,3.761,0.4656,2.7089,0.41,26.53,27.39,26.14,79.4,2.52,4.67,2.2,100.29
20040628,4.0,5.3266,5.219,1.8684,0.58,26.67,27.59,25.69,79.0,1.73,2.6,1.54,100.21
20040629,3.52,4.5958,1.4239,2.8378,0.5,26.65,27.2,26.31,84.56,2.43,3.19,2.12,100.13
20040630,19.17,4.1009,0.5945,2.7677,0.45,26.96,27.93,26.26,85.07,3.62,4.25,3.13,100.05
20040701,24.5,2.9899,0.2206,2.1425,0.32,25.83,26.56,25.25,84.14,1.89,3.76,1.69,100.1
20040702,4.82,5.3275,3.9497,2.5298,0.58,26.91,28.13,25.91,83.49,3.99,4.84,3.46,100.02
20040703,6.59,4.6106,1.8454,2.9705,0.5,26.68,27.4,25.95,84.8,3.61,5.55,3.15,99.95
20040704,6.83,5.1895,4.2835,2.5574,0.56,27.14,28.21,26.43,83.25,4.15,6.02,3.57,99.99
20040705,16.21,4.2677,2.1317,2.3333,0.46,25.58,26.22,25.28,89.8,3.12,4.71,2.73,100.05
20040706,16.8,4.0356,1.2974,2.2382,0.44,25.97,26.41,25.6,89.31,4.98,5.46,4.29,100.07
20040707,53.15,3.9509,1.302,2.6033,0.43,25.49,25.93,25.13,88.72,4.29,5.3,3.72,100.18
20040708,12.01,5.0213,2.9388,2.6998,0.54,26.1,26.94,25.09,83.48,3.61,5.38,3.16,100.19
20040709,0.7,4.9385,2.6328,2.4886,0.53,26.57,27.34,25.92,78.78,1.66,2.63,1.49,100.19
20040710,0.83,4.7376,2.5332,2.2591,0.51,26.41,26.82,26.05,78.96,1.22,2.48,1.09,100.14
20040711,0.8,4.8449,3.0725,2.1494,0.52,26.37,26.89,25.73,80.66,1.49,2.58,1.33,100.06
20040712,0.4,4.141,2.2466,2.1554,0.45,26.37,26.76,25.86,83.35,2.7,3.33,2.38,100.07
20040713,1.55,5.2642,3.9437,2.2056,0.57,26.29,26.92,25.82,83.19,1.97,3.54,1.75,100.04
20040714,4.9,4.1923,1.8713,2.2882,0.45,26.8,27.51,26.17,83.81,2.5,4.13,2.24,99.93
20040715,8.16,4.3956,2.3246,2.2505,0.47,26.29,26.84,25.96,82.77,2.19,3.39,1.93,100.0
20040716,40.95,3.8494,1.4052,2.2507,0.41,25.79,26.25,25.4,87.34,3.44,4.14,3.0,100.14
20040717,15.15,4.398,1.7383,2.8277,0.47,26.13,26.76,25.32,82.98,2.76,4.25,2.43,100.13
20040718,0.03,6.043,4.9548,2.251,0.65,27.15,27.89,26.56,75.16,1.6,2.45,1.43,100.01
20040719,0.72,5.6921,4.6416,2.2709,0.61,27.7,28.31,26.72,73.38,1.6,2.49,1.45,100.0
20040720,2.32,5.4974,4.4501,2.107,0.59,27.54,28.06,26.83,76.43,2.04,2.95,1.83,100.03
20040721,0.43,3.6358,0.4838,2.4821,0.39,27.02,27.9,26.44,76.46,1.33,2.37,1.18,100.04
20040722,0.23,5.9309,5.1094,2.1552,0.63,27.88,28.39,27.4,73.53,1.52,2.72,1.36,100.01
20040723,1.14,5.4989,4.1234,2.2572,0.58,27.03,27.61,26.47,79.79,1.7,2.84,1.5,100.1
20040724,1.7,4.2677,1.489,2.5786,0.45,26.34,26.81,25.76,79.68,2.53,3.57,2.26,100.11
20040725,9.3,4.4038,2.1494,2.4427,0.47,26.22,26.78,25.5,85.14,3.9,5.15,3.4,100.07
20040726,11.1,4.8958,3.2892,2.4655,0.52,26.86,27.74,25.99,77.75,2.35,4.14,2.06,100.0
20040727,2.31,3.8069,0.3974,2.5999,0.4,26.25,26.79,25.65,82.28,2.87,3.76,2.54,100.08
20040728,4.01,3.5023,1.3246,2.0959,0.37,26.07,26.66,25.32,81.68,1.83,2.79,1.62,100.1
20040729,1.21,3.913,0.5386,2.6141,0.41,26.27,26.83,25.57,79.75,1.72,2.02,1.52,100.12
20040730,2.1,4.6884,1.3152,2.7485,0.49,26.55,26.87,26.2,78.75,1.5,2.32,1.35,100.09
20040731,1.81,3.955,0.5323,2.64,0.41,26.39,26.73,26.04,81.87,2.61,3.35,2.3,100.12
20040801,9.97,4.1904,2.1737,2.117,0.44,26.14,26.5,25.87,82.3,2.0,2.87,1.78,100.15
20040802,0.81,5.4713,3.9706,2.28,0.57,26.5,27.11,25.82,78.94,2.15,3.24,1.92,100.11
20040803,0.13,6.3384,5.4026,2.1338,0.66,27.64,28.58,26.61,75.53,1.98,2.84,1.78,100.04
20040804,0.19,6.1601,4.8518,2.341,0.64,27.73,28.57,27.22,77.39,2.36,3.5,2.09,100.07
20040805,0.04,6.3934,5.5373,2.0983,0.66,28.33,29.59,27.34,71.48,2.24,3.73,1.96,100.04
20040806,0.06,6.5462,5.7329,2.0921,0.68,27.59,28.08,27.03,75.76,1.6,2.63,1.44,100.12
20040807,0.25,5.4943,3.0362,2.67,0.57,27.25,28.23,26.48,80.79,2.46,3.62,2.18,100.17
20040808,0.58,5.3784,3.5508,2.761,0.56,27.51,28.14,26.97,81.48,3.5,4.0,3.06,100.2
20040809,1.4,4.9277,1.6514,2.9086,0.51,27.39,28.08,26.98,80.34,3.98,4.65,3.45,100.27
20040810,1.23,5.0515,1.3522,3.2839,0.52,27.01,27.61,26.3,80.02,4.16,4.47,3.57,100.23
20040811,0.86,5.2997,3.5465,2.6472,0.54,26.99,27.58,26.42,79.87,5.32,5.75,4.5,100.24
20040812,1.86,4.9224,2.2577,3.1862,0.51,26.82,27.42,26.25,80.61,5.36,6.83,4.56,100.27
20040813,0.12,4.3457,0.7135,2.8284,0.45,27.26,27.76,26.45,76.7,4.34,5.32,3.74,100.3
20040814,1.09,4.987,2.1614,3.0504,0.51,27.22,27.69,26.67,79.6,3.9,4.87,3.38,100.25
20040815,2.17,5.1622,2.7622,2.6028,0.53,27.23,28.09,26.5,79.84,3.27,4.14,2.85,100.16
20040816,1.04,4.0034,0.8021,2.4122,0.41,27.26,27.7,26.73,80.08,3.63,4.68,3.17,100.16
20040817,0.41,5.5459,3.6156,2.6251,0.56,27.47,28.09,26.86,79.04,3.96,4.93,3.44,100.18
20040818,16.29,5.4002,3.8414,2.3758,0.55,27.35,27.97,26.66,79.57,2.54,3.45,2.23,100.19
20040819,10.06,5.5574,4.0622,2.4065,0.56,27.07,27.85,26.2,80.87,2.23,3.0,1.97,100.07
20040820,2.68,4.6939,1.6219,2.7967,0.47,27.38,27.97,26.72,82.36,3.03,4.12,2.67,99.98
20040821,2.65,5.0623,2.7286,2.5476,0.51,27.7,28.25,27.11,82.76,4.48,5.12,3.88,99.96
20040822,3.15,4.8581,2.899,2.3726,0.49,26.92,27.63,26.54,84.12,3.25,5.8,2.87,100.09
20040823,17.15,4.7117,2.5622,2.3722,0.47,27.38,28.15,26.71,82.05,3.6,4.76,3.14,100.13
20040824,43.9,3.9473,1.0577,2.3825,0.4,27.1,27.3,26.85,87.86,4.7,5.74,4.0,100.15
20040825,36.57,3.6691,0.5419,2.4768,0.37,27.01,27.21,26.86,85.34,5.94,7.93,5.03,100.19
20040826,6.4,4.9574,3.4882,2.5332,0.5,27.24,27.96,26.31,81.26,3.99,6.15,3.4,100.07
20040827,2.68,5.2265,1.813,2.9582,0.52,27.43,28.09,26.7,80.27,3.74,5.65,3.25,100.02
20040828,4.7,3.9919,0.5575,2.6537,0.4,27.29,27.86,26.89,83.13,3.12,4.95,2.7,100.08
20040829,6.39,4.7398,1.3404,3.0103,0.47,26.89,27.18,26.5,82.47,2.77,5.55,2.4,100.11
20040830,6.97,4.9092,2.8231,2.2339,0.49,27.13,28.02,26.05,79.72,2.03,2.96,1.78,100.08
20040831,21.08,4.1515,1.8516,2.1014,0.41,27.5,28.2,26.67,83.13,4.55,5.36,3.94,100.01
20040901,23.1,4.6555,2.5142,2.2711,0.46,27.15,27.57,26.84,84.39,4.8,5.25,4.16,99.97
20040902,20.4,3.9943,0.715,2.5013,0.4,27.18,27.82,26.89,83.9,4.8,5.84,4.14,100.04
20040903,5.69,3.9386,0.3552,2.8968,0.39,27.05,27.61,26.57,84.45,5.01,6.51,4.31,100.14
20040904,1.75,4.5926,1.621,2.5982,0.45,27.46,28.33,26.69,81.42,5.04,6.3,4.34,100.07
20040905,0.94,5.273,2.4341,2.9854,0.52,27.7,28.57,27.19,80.08,4.07,5.17,3.58,100.04
20040906,1.03,5.5582,2.3832,2.9659,0.55,26.75,27.21,26.44,84.17,2.89,5.52,2.57,100.12
20040907,3.0,5.137,2.5567,2.531,0.51,26.42,26.75,26.01,81.81,2.31,3.98,2.08,100.18
20040908,2.48,4.7714,1.4618,2.6782,0.47,27.11,27.6,26.57,78.88,2.29,3.38,2.02,100.14
20040909,2.37,4.6651,1.8761,2.4792,0.46,27.54,28.53,26.44,77.16,1.55,2.28,1.41,100.08
20040910,4.17,4.7155,1.589,2.6285,0.46,28.08,29.24,27.09,75.84,1.26,2.24,1.17,100.07
20040911,6.15,4.5593,0.8237,2.9438,0.45,27.96,28.9,27.06,76.92,1.55,3.03,1.4,100.07
20040912,23.52,4.4424,1.039,2.7461,0.43,27.81,28.43,27.27,79.51,2.44,3.12,2.23,100.16
20040913,16.08,5.4629,3.8249,2.3734,0.53,28.1,29.13,27.25,76.99,1.93,3.2,1.75,100.2
20040914,10.62,5.411,2.8207,2.6215,0.53,27.41,28.34,26.43,83.06,3.99,6.78,3.45,100.19
20040915,22.86,3.9578,1.3694,2.2668,0.39,26.39,26.99,25.75,86.12,4.29,6.24,3.72,100.15
20040916,6.93,3.3259,0.3264,2.3774,0.32,26.7,27.44,25.91,81.7,2.11,2.77,1.9,100.19
20040917,3.53,4.5161,1.2809,2.6851,0.44,26.82,27.41,26.43,84.13,2.06,3.58,1.83,100.16
20040918,6.0,4.3044,1.2418,2.694,0.42,26.13,26.6,25.71,88.74,3.28,4.8,2.87,100.06
20040919,5.16,4.1863,1.165,2.5118,0.41,26.46,27.31,25.31,79.14,1.36,3.08,1.2,100.04
20040920,4.3,4.9217,1.8842,2.6177,0.48,27.06,27.74,26.04,82.52,2.43,3.39,2.23,100.07
20040921,4.68,4.8221,1.9613,2.6935,0.47,27.33,27.96,26.67,81.82,1.46,3.11,1.36,100.07
20040922,4.89,4.5804,2.2812,2.5236,0.44,27.96,28.99,27.05,79.08,1.86,3.33,1.67,99.96
20040923,21.93,4.4174,0.4836,2.9314,0.43,27.4,27.82,27.12,84.94,3.82,5.59,3.32,99.94
20040924,8.84,4.9445,1.0769,3.1951,0.48,27.04,27.24,26.73,84.51,3.51,4.89,3.08,99.92
20040925,16.31,4.4225,1.0078,2.7722,0.43,26.92,27.22,26.39,87.1,3.53,4.11,3.09,99.94
20040926,19.94,4.5869,1.1467,2.7545,0.44,26.78,26.95,26.49,89.97,4.11,5.44,3.58,99.95
20040927,14.97,4.7174,1.1678,3.0804,0.46,26.61,27.01,26.16,89.55,3.28,4.27,2.87,99.93
20040928,5.62,3.6806,0.3914,2.5159,0.36,26.7,27.31,26.12,85.05,3.36,4.47,2.93,99.94
20040929,12.02,3.4639,0.1411,2.556,0.33,26.33,26.73,26.01,89.15,4.39,6.1,3.77,100.06
20040930,4.5,3.7346,0.2134,2.5142,0.36,26.99,28.15,26.05,77.45,3.76,6.15,3.25,100.23
20041001,24.67,5.388,3.264,2.4043,0.52,26.43,27.27,25.46,80.44,1.57,2.19,1.38,100.24
20041002,27.45,5.1914,3.1267,2.376,0.5,26.37,27.02,25.56,82.72,1.86,3.2,1.62,100.14
20041003,6.76,5.5488,3.7975,2.2224,0.54,26.14,27.19,24.75,81.48,3.26,5.11,2.86,100.25
20041004,0.48,6.4826,5.9724,2.4835,0.62,26.86,27.57,26.23,76.18,2.41,4.11,2.1,100.34
20041005,0.15,7.1412,6.5244,2.0587,0.69,26.96,27.77,26.27,77.26,2.44,2.85,2.18,100.34
20041006,0.46,6.8429,5.9328,2.3275,0.66,26.94,27.37,26.37,79.91,2.63,3.33,2.33,100.37
20041007,1.57,6.1932,4.4234,2.3309,0.6,26.96,27.44,26.06,81.4,4.06,4.76,3.54,100.3
20041008,4.34,4.0714,0.6034,2.6659,0.39,26.92,27.36,25.58,81.41,3.78,4.67,3.28,100.24
20041009,7.17,3.9566,0.2654,2.9018,0.38,25.72,26.34,24.86,84.09,1.2,2.12,1.04,100.34
20041010,3.02,5.2085,3.0463,2.209,0.5,26.72,27.29,25.85,80.64,1.95,3.19,1.72,100.32
20041011,4.65,5.1194,2.1797,2.5147,0.49,26.96,27.26,26.41,83.69,3.17,4.43,2.77,100.29
20041012,12.6,3.8491,0.7104,2.4204,0.37,26.45,26.74,26.3,86.31,2.94,4.38,2.57,100.33
20041013,5.24,4.8401,1.5792,2.7158,0.47,26.63,27.22,25.99,85.16,2.54,3.52,2.27,100.34
20041014,3.14,5.7317,3.4231,2.6652,0.55,26.94,27.72,26.43,82.48,3.08,4.05,2.71,100.38
20041015,4.26,4.4422,1.2264,2.5963,0.43,26.91,27.42,26.13,83.25,2.4,3.81,2.08,100.32
20041016,2.42,4.4364,1.3783,2.5277,0.43,26.61,26.94,26.29,83.07,2.01,2.63,1.76,100.26
20041017,19.28,3.7126,0.8515,2.1859,0.36,26.61,27.01,26.17,85.51,3.11,3.69,2.73,100.14
20041018,42.18,3.6259,0.5902,2.1624,0.35,26.73,27.17,26.25,85.03,5.28,7.06,4.52,100.13
20041019,32.85,4.0922,0.9706,2.6969,0.4,26.7,27.46,26.02,83.9,3.95,4.87,3.46,100.06
20041020,12.29,4.0114,0.9742,2.6359,0.39,26.38,26.7,25.89,87.34,3.39,4.96,2.98,99.96
20041021,13.43,3.9396,0.851,2.407,0.38,26.72,27.16,26.27,89.34,5.23,7.4,4.49,99.9
20041022,17.16,2.5819,0.0458,1.9416,0.25,26.5,26.83,26.23,90.58,3.03,4.83,2.7,99.97
20041023,5.39,3.4992,0.2112,2.3856,0.34,26.51,26.84,25.99,88.49,2.55,4.22,2.17,100.0
20041024,4.77,4.884,1.7707,2.6371,0.47,27.27,28.33,26.02,76.85,1.67,2.77,1.49,100.04
20041025,5.28,4.1465,0.883,2.934,0.4,28.09,29.69,26.63,74.75,1.87,2.87,1.67,100.02
20041026,7.3,4.621,2.1254,2.4648,0.45,28.06,29.02,27.24,80.87,1.79,3.96,1.65,99.96
20041027,16.35,4.0246,0.3905,2.8728,0.39,28.06,28.53,27.06,78.3,2.73,3.9,2.37,99.92
20041028,18.96,4.0457,0.4337,2.6854,0.39,27.7,28.41,27.23,77.52,1.4,3.11,1.29,99.94
20041029,12.14,3.847,0.865,2.543,0.37,27.19,28.57,26.41,81.12,2.48,4.79,2.18,99.98
20041030,9.57,4.6166,2.3064,2.4046,0.45,26.66,27.54,26.02,84.8,2.63,3.37,2.35,99.94
20041031,19.55,4.4438,1.9894,2.359,0.43,26.74,27.64,25.84,84.11,2.61,3.99,2.31,99.87
20041101,24.04,4.163,0.3989,2.9158,0.41,26.46,27.39,25.39,85.34,1.83,3.86,1.68,99.86
20041102,8.86,4.5953,1.7724,2.5349,0.45,26.51,27.36,25.39,80.09,1.61,2.68,1.44,99.95
20041103,12.88,4.0877,0.4529,2.9014,0.4,27.41,28.27,26.48,83.87,2.91,4.03,2.63,99.94
20041104,40.02,4.4071,1.9289,2.3189,0.43,27.4,28.19,26.84,83.1,2.83,3.82,2.52,99.95
20041105,13.59,3.78,0.2796,2.6105,0.37,26.57,27.1,25.31,90.11,3.87,5.82,3.41,99.95
20041106,7.53,4.1081,1.0747,2.4305,0.4,25.92,26.7,24.64,81.77,1.84,4.14,1.6,100.05
20041107,4.22,5.0561,2.6674,2.772,0.5,26.41,26.67,26.0,86.34,3.37,4.42,2.94,100.02
20041108,9.53,4.8346,2.4907,2.5738,0.47,25.92,26.31,25.32,88.97,3.67,5.19,3.18,100.03
20041109,2.35,4.9332,2.3366,2.5874,0.48,26.42,27.39,25.19,83.43,1.6,3.1,1.44,100.02
20041110,23.09,4.831,2.6196,2.3683,0.47,27.35,28.46,26.39,82.18,2.01,2.96,1.85,100.01
20041111,8.52,5.2781,3.03,2.4854,0.52,27.74,28.66,26.9,81.83,2.08,3.45,1.91,99.99
20041112,14.54,4.6217,1.7652,2.647,0.46,27.74,28.46,26.91,81.83,1.7,2.33,1.57,100.05
20041113,41.81,4.9601,1.8259,2.7418,0.49,27.44,28.08,26.63,86.39,2.96,4.33,2.66,100.04
20041114,28.0,4.5163,1.3106,2.8238,0.45,27.1,27.69,26.45,85.09,2.77,3.43,2.47,100.08
20041115,5.9,5.1595,2.8178,2.9582,0.51,26.84,27.21,26.55,83.82,2.2,2.83,1.96,100.02
20041116,13.05,4.0603,0.5141,2.8889,0.4,27.21,27.82,26.67,82.24,1.58,2.26,1.49,100.0
20041117,6.04,4.345,2.514,2.653,0.43,27.46,28.55,26.61,83.92,3.21,4.48,2.84,100.02
20041118,9.14,3.755,0.7949,2.5094,0.37,27.3,27.82,26.71,82.63,3.09,3.97,2.75,100.04
20041119,4.21,5.7288,4.2216,2.477,0.57,27.82,29.16,26.14,74.11,2.18,3.5,1.96,100.06
20041120,4.95,4.5634,0.9091,3.0595,0.45,27.75,28.93,26.95,77.43,1.87,3.31,1.67,100.04
20041121,13.46,3.2479,0.1961,2.395,0.32,26.47,26.96,25.82,88.61,4.99,6.67,4.32,100.1
20041122,4.74,4.8238,2.4881,2.5186,0.48,26.79,27.91,25.72,79.98,2.62,3.95,2.34,100.04
20041123,10.94,4.5331,1.9241,2.5202,0.45,26.56,26.93,26.1,86.08,3.53,3.94,3.11,99.99
20041124,13.32,3.4966,0.3602,2.4718,0.35,26.34,26.47,26.2,86.25,2.93,4.18,2.56,99.98
20041125,1.39,5.574,3.8251,2.5109,0.56,26.27,26.68,25.89,86.7,2.25,3.35,1.98,100.0
20041126,1.91,4.7038,1.3666,2.8973,0.47,26.84,27.64,25.8,80.44,1.58,3.57,1.41,100.04
20041127,10.54,5.2716,3.6034,2.2291,0.53,27.4,28.14,26.7,82.46,2.79,5.74,2.46,100.05
20041128,11.97,3.6677,0.2414,2.5934,0.37,26.5,26.75,26.24,88.14,3.71,5.4,3.24,100.19
20041129,1.94,4.8557,1.7474,2.8421,0.49,26.98,27.71,26.14,83.22,2.89,4.68,2.57,100.1
20041130,2.52,4.8622,1.9906,2.8848,0.49,26.96,27.39,26.64,84.22,2.78,3.22,2.44,100.02
20041201,5.37,4.8178,1.8026,2.7269,0.48,26.64,27.05,25.95,82.18,2.02,3.05,1.8,100.06
20041202,4.92,4.0586,0.6689,2.6551,0.41,26.51,26.93,26.0,85.31,2.58,4.15,2.27,100.17
20041203,2.57,5.1062,3.4073,2.4514,0.51,26.34,26.92,25.6,85.93,2.41,3.52,2.13,100.13
20041204,16.97,4.9726,2.2678,2.5939,0.5,26.43,26.82,26.01,85.33,2.43,3.89,2.13,100.13
20041205,11.01,4.5864,0.6086,3.1591,0.46,26.48,26.96,26.08,84.45,2.62,4.87,2.28,100.07
20041206,7.8,4.7386,1.2504,2.8601,0.48,26.51,26.94,26.09,84.75,3.71,4.73,3.24,100.19
20041207,0.83,4.0481,0.2897,3.0686,0.41,26.27,26.64,25.77,86.84,2.97,4.21,2.63,100.23
20041208,18.03,4.7873,3.0043,2.3623,0.48,26.68,27.65,25.52,82.01,2.43,3.69,2.16,100.13
20041209,10.66,4.9217,2.557,2.4542,0.5,26.29,26.68,25.92,86.05,2.04,2.98,1.78,100.1
20041210,5.13,4.7107,2.7096,2.3698,0.47,26.83,27.38,26.0,84.23,1.43,3.41,1.27,100.0
20041211,3.81,4.6493,2.1878,2.4895,0.47,26.97,27.19,26.57,87.18,4.43,5.04,3.79,100.01
20041212,6.57,4.1434,0.7656,2.7763,0.42,26.49,27.13,26.07,86.79,1.84,4.41,1.65,100.11
20041213,6.21,4.0104,1.1959,2.4799,0.4,26.73,28.12,25.87,82.79,1.55,3.92,1.39,100.03
20041214,24.91,3.3134,1.1405,2.2829,0.33,26.92,28.39,25.73,82.3,2.43,3.08,2.15,99.92
20041215,3.53,4.8331,3.289,2.2476,0.49,26.97,28.25,25.5,78.67,1.88,2.73,1.68,99.89
20041216,2.78,4.6788,2.8886,2.3935,0.47,27.73,28.94,27.11,79.56,2.64,4.39,2.29,99.93
20041217,12.15,5.0136,3.1822,2.4091,0.51,27.13,27.56,26.62,87.06,2.34,3.59,2.12,100.0
20041218,33.27,2.9467,0.3336,2.1271,0.3,26.65,26.97,26.14,88.92,3.88,5.21,3.41,99.98
20041219,39.1,4.1285,0.9343,2.7211,0.42,26.42,26.74,26.18,86.86,3.9,5.74,3.44,99.96
20041220,20.3,3.3439,0.0902,2.5507,0.34,26.62,27.28,26.18,82.3,3.41,5.77,2.99,99.95
20041221,2.88,4.6042,0.7594,3.145,0.46,26.78,27.3,25.98,80.05,1.99,2.8,1.79,99.91
20041222,8.16,3.8098,0.7346,2.7074,0.38,26.54,27.0,25.69,86.34,3.66,4.59,3.22,99.87
20041223,7.07,4.5845,1.4719,2.6594,0.46,26.5,27.12,25.49,87.45,4.46,6.65,3.88,99.89
20041224,10.13,4.5511,1.1258,2.8656,0.46,27.19,27.75,26.5,86.68,4.75,6.68,4.13,99.84
20041225,25.75,3.6929,0.971,2.381,0.37,26.49,27.32,25.91,88.44,2.69,5.1,2.43,99.9
20041226,23.64,3.9732,0.3036,2.8836,0.4,26.76,27.42,26.13,84.22,3.08,5.31,2.73,99.92
20041227,9.91,4.8816,2.4266,2.515,0.49,26.61,27.56,25.91,84.29,3.38,5.64,2.97,99.92
20041228,18.24,4.7582,2.0148,2.8214,0.48,26.16,26.82,25.65,88.63,2.79,4.78,2.5,99.97
20041229,14.86,4.649,1.6219,2.711,0.47,25.94,26.14,25.76,87.35,2.41,3.9,2.16,99.99
20041230,9.56,3.4954,0.1229,2.633,0.35,26.85,28.27,25.56,80.8,2.1,3.74,1.88,99.98
20041231,4.11,3.1877,0.2134,2.2514,0.32,26.98,28.16,26.28,81.53,1.95,2.62,1.75,100.04
20050101,7.84,3.0283,0.2899,2.0791,0.3,26.54,27.23,25.65,85.34,2.4,3.67,2.16,100.14
20050102,5.58,3.0977,0.227,2.1166,0.31,26.35,26.58,26.03,85.67,2.42,3.39,2.21,100.03
20050103,5.5,4.3591,1.6018,2.803,0.44,26.97,28.65,26.0,80.3,3.2,4.45,2.79,99.99
20050104,29.56,3.5494,1.7825,1.9517,0.36,26.68,27.29,26.16,86.31,3.41,4.64,3.01,100.05
20050105,55.11,2.5817,0.1382,1.9008,0.26,26.51,27.34,25.8,86.83,3.91,6.69,3.44,100.05
20050106,22.26,3.631,0.2484,2.683,0.36,26.3,27.04,25.81,87.48,4.14,5.07,3.62,100.11
20050107,19.19,4.8691,2.8342,2.7766,0.49,26.39,27.33,25.6,85.65,3.13,3.94,2.78,100.09
20050108,10.7,4.7537,0.8381,3.0684,0.47,26.4,26.95,25.61,86.13,3.61,4.0,3.17,100.05
20050109,11.48,3.5726,0.4214,2.4526,0.36,26.38,27.0,25.8,85.51,3.63,4.87,3.2,100.04
20050110,6.61,4.8302,2.2049,3.0391,0.48,26.77,27.54,25.76,86.56,4.08,5.58,3.57,100.05
20050111,1.54,5.7278,4.4395,2.2846,0.57,27.72,28.65,26.49,81.21,3.02,4.23,2.7,100.06
20050112,1.26,5.2646,3.7274,2.261,0.52,28.11,28.82,27.53,80.61,3.91,4.92,3.42,100.08
20050113,1.72,5.0453,3.205,2.375,0.5,27.93,28.71,27.34,83.47,4.77,5.22,4.13,99.99
20050114,1.77,4.5358,2.3016,2.3489,0.45,27.73,29.12,26.9,83.9,3.29,5.53,2.87,99.96
20050115,3.83,3.0679,0.799,2.0854,0.3,27.18,27.72,26.29,79.06,1.7,2.49,1.56,100.04
20050116,3.24,4.2732,3.0262,1.9512,0.42,28.06,29.31,27.17,74.57,1.81,3.36,1.6,100.01
20050117,0.74,4.4174,1.8384,2.3988,0.44,27.84,29.12,26.87,75.1,2.17,3.46,1.92,100.09
20050118,0.84,4.4621,2.5037,2.2344,0.44,26.82,27.55,25.9,78.44,2.34,4.53,2.06,100.17
20050119,0.46,4.6591,3.2542,2.1295,0.46,28.06,29.42,26.77,75.18,2.36,3.49,2.1,100.16
20050120,0.71,4.9586,2.772,2.4482,0.49,27.17,28.15,25.76,80.79,1.7,3.51,1.51,100.26
20050121,1.14,5.4547,3.0518,2.7562,0.54,28.46,29.67,27.43,71.96,2.41,4.65,2.11,100.28
20050122,0.17,5.4629,3.0698,2.6465,0.54,28.04,29.26,26.58,67.48,1.91,2.94,1.71,100.28
20050123,14.83,4.2862,1.9008,2.3686,0.42,28.0,29.02,27.01,73.38,2.45,3.23,2.17,100.19
20050124,5.9,5.143,2.4626,2.8368,0.5,27.63,28.71,26.8,79.21,2.62,3.93,2.33,100.15
20050125,0.31,4.6498,1.5252,2.7619,0.46,26.89,27.44,26.61,80.4,1.32,2.36,1.22,100.04
20050126,2.41,3.835,0.4282,2.6431,0.38,26.97,27.66,26.25,79.23,2.16,3.51,1.91,99.92
20050127,4.27,4.4285,1.2192,2.598,0.43,27.4,28.17,26.78,82.2,2.64,3.21,2.33,99.85
20050128,16.58,4.4546,1.7657,2.3218,0.44,26.88,27.15,26.44,86.87,3.13,4.75,2.71,99.85
20050129,19.7,3.816,0.5088,2.531,0.37,26.82,27.06,26.44,89.1,5.43,7.63,4.6,99.81
20050130,3.85,5.7758,4.8427,2.9002,0.56,26.97,28.09,26.03,85.44,5.28,6.63,4.51,100.02
20050131,0.89,5.0558,1.475,3.3106,0.49,27.29,28.16,26.39,78.85,2.52,3.05,2.25,100.07
20050201,2.69,4.6346,1.6133,2.4722,0.45,27.24,27.7,26.77,80.65,2.83,5.14,2.47,100.05
20050202,12.55,3.2174,0.1994,2.1854,0.31,26.58,26.85,26.12,87.01,3.95,5.75,3.44,100.12
20050203,0.76,5.526,3.9132,2.2817,0.54,27.08,28.2,25.98,81.98,2.07,2.82,1.85,100.13
20050204,2.76,3.2578,0.3264,2.2258,0.32,27.31,27.74,26.99,80.79,1.16,1.99,1.07,100.1
20050205,13.12,4.9188,1.6286,2.7382,0.48,27.7,28.41,26.94,79.58,1.9,3.76,1.71,100.09
20050206,17.12,3.7687,0.3629,2.6333,0.36,27.17,27.56,26.88,85.44,2.74,3.72,2.42,100.18
20050207,1.55,5.0676,2.9911,2.4576,0.49,27.52,28.08,26.75,82.34,1.41,2.59,1.3,100.17
20050208,1.25,5.359,2.4103,2.7862,0.52,28.99,30.64,27.54,70.59,2.13,4.05,1.89,100.11
20050209,2.0,4.8139,2.0462,2.6544,0.46,28.26,29.34,27.15,75.72,1.83,3.75,1.64,100.17
20050210,1.55,3.7918,0.745,2.4077,0.37,28.17,28.74,27.6,78.93,1.89,3.3,1.71,100.15
20050211,2.4,3.1382,0.355,2.3009,0.3,27.84,28.06,27.63,81.61,2.53,4.7,2.22,100.15
20050212,12.37,2.7559,0.1742,1.9814,0.27,26.8,27.72,26.38,86.22,2.58,3.71,2.33,100.18
20050213,4.38,2.5397,0.0754,1.8833,0.24,26.81,27.2,26.24,83.59,2.97,3.63,2.63,100.08
20050214,0.6,3.8412,0.7337,2.2798,0.37,26.93,27.57,26.29,86.92,3.12,4.52,2.8,100.03
20050215,2.99,4.2134,1.4146,2.4098,0.4,27.87,28.57,27.16,80.92,2.19,3.8,1.95,100.0
20050216,6.87,3.7354,0.6643,2.472,0.36,27.21,27.54,27.05,89.17,3.51,4.13,3.08,100.03
20050217,5.9,4.1885,0.7541,2.8582,0.4,27.42,27.73,26.94,84.11,3.08,3.58,2.7,100.05
20050218,2.4,5.1722,2.0052,3.1903,0.49,26.94,27.53,25.75,85.11,2.47,3.83,2.19,100.04
20050219,2.47,5.1806,2.0585,2.831,0.5,27.93,29.29,25.74,80.34,2.08,3.25,1.91,100.05
20050220,1.86,5.6846,2.6626,2.9246,0.54,29.19,30.69,27.86,72.44,1.43,2.16,1.31,100.1
20050221,12.24,4.8886,1.3627,2.7797,0.47,28.81,30.23,27.28,74.7,2.16,4.24,1.9,100.1
20050222,9.09,4.2797,1.0368,2.7566,0.41,28.46,30.47,26.76,74.74,1.82,2.87,1.66,100.18
20050223,0.83,4.4849,0.7582,2.9894,0.43,28.25,29.39,27.09,75.55,2.09,3.72,1.88,100.15
20050224,0.84,4.0243,0.727,2.5313,0.38,28.04,28.45,27.32,82.11,3.07,4.17,2.71,100.04
20050225,1.61,3.839,0.6857,2.1842,0.37,28.29,29.27,27.81,80.99,3.09,5.17,2.7,100.04
20050226,4.73,4.3226,1.1868,2.5078,0.41,28.27,29.04,27.63,81.75,3.07,5.06,2.69,100.11
20050227,9.67,5.1667,2.0414,2.676,0.49,27.44,27.92,26.67,86.91,4.74,6.55,4.12,100.12
20050228,1.97,4.7184,0.9763,2.8327,0.45,28.03,28.54,27.54,83.11,5.0,6.73,4.29,100.06
20050301,6.36,4.8523,1.8012,2.5738,0.46,28.35,29.63,27.23,78.19,2.04,3.41,1.78,100.13
20050302,4.93,4.8938,1.1938,3.054,0.47,27.37,28.02,26.77,84.32,3.25,8.33,2.82,100.37
20050303,1.99,4.2893,0.605,2.7516,0.41,27.18,27.77,26.58,81.39,3.13,8.52,2.7,100.42
20050304,3.74,4.7251,1.567,2.6954,0.45,27.82,28.65,27.08,78.82,1.51,2.59,1.35,100.4
20050305,3.35,4.9944,1.338,2.7998,0.47,28.19,29.12,27.36,75.81,1.79,2.46,1.6,100.49
20050306,1.09,5.3947,2.1686,2.8322,0.51,29.12,30.76,27.82,71.43,2.49,4.45,2.17,100.46
20050307,2.26,5.0431,2.399,2.5164,0.48,28.27,29.15,27.48,76.93,2.84,5.08,2.5,100.38
20050308,2.75,5.1245,1.9522,2.9261,0.49,28.19,29.79,27.19,74.57,2.88,4.69,2.52,100.41
20050309,3.34,5.7518,2.689,2.9182,0.55,28.47,29.69,27.59,74.68,2.23,3.92,1.97,100.29
20050310,33.94,5.0873,1.5545,2.7091,0.48,27.47,27.89,27.01,82.89,2.95,5.12,2.58,100.25
20050311,7.87,4.133,0.5513,2.6184,0.39,27.28,27.86,26.68,81.71,2.93,4.52,2.59,100.21
20050312,0.11,5.471,2.6551,2.6683,0.52,28.18,29.31,27.14,71.87,2.91,4.18,2.57,100.12
20050313,1.38,4.879,1.9037,2.5284,0.46,28.15,28.95,27.57,78.76,2.06,3.66,1.84,100.09
20050314,2.1,2.9616,0.5218,1.8662,0.28,27.66,28.5,26.53,78.44,2.78,4.22,2.46,100.12
20050315,2.09,4.6214,1.1542,2.6746,0.44,26.86,27.39,26.43,84.82,3.06,3.97,2.69,100.09
20050316,3.09,4.3908,1.2804,2.3796,0.42,26.96,27.78,26.24,83.91,2.46,3.88,2.19,100.04
20050317,6.5,3.0857,0.4085,2.0844,0.29,27.32,27.93,26.26,82.85,2.6,5.0,2.32,99.98
20050318,5.44,2.9606,0.2993,2.0347,0.28,27.72,28.49,27.12,83.75,2.4,4.44,2.15,99.84
20050319,5.98,1.938,0.0432,1.441,0.18,26.93,27.35,26.51,88.05,4.11,5.21,3.62,99.9
20050320,3.72,3.5652,0.3826,2.435,0.34,26.27,26.83,25.52,85.12,2.94,4.32,2.61,100.03
20050321,5.76,3.5388,0.3526,2.3777,0.34,26.47,27.06,26.01,87.76,3.22,4.68,2.81,99.95
20050322,19.88,3.0744,0.1697,2.1614,0.29,26.3,26.85,25.78,89.5,3.12,4.0,2.76,99.95
20050323,8.13,4.0735,0.6314,2.7055,0.39,26.58,27.36,25.87,86.96,3.66,4.71,3.2,100.0
20050324,0.3,3.9031,0.1428,2.8534,0.37,27.48,28.72,25.71,74.15,1.7,2.79,1.53,99.97
20050325,17.17,5.0184,1.9402,2.4979,0.48,27.86,28.45,27.35,80.02,3.0,5.52,2.63,99.96
20050326,18.36,3.0204,0.9744,2.0174,0.29,26.61,27.6,26.06,83.48,3.11,5.02,2.74,100.09
20050327,6.3,5.3388,2.495,3.0758,0.51,27.08,27.76,26.42,84.49,4.41,5.43,3.82,100.08
20050328,11.18,5.4077,3.1769,2.7043,0.52,26.08,27.04,25.65,87.96,3.42,6.14,2.96,100.11
20050329,11.12,4.9219,1.1501,2.9177,0.47,25.78,26.39,25.12,89.2,2.82,4.22,2.49,100.05
20050330,41.02,2.9683,0.1488,2.1847,0.29,26.07,26.7,25.67,85.81,2.15,3.0,1.9,100.02
20050331,22.34,3.2474,0.1001,2.4211,0.31,26.16,26.77,25.7,86.68,2.87,3.39,2.53,99.95
20050401,3.47,4.7014,1.7472,2.5915,0.45,26.71,27.41,25.95,82.25,2.64,3.43,2.32,99.95
20050402,1.26,4.9872,0.8177,3.1442,0.48,26.52,27.02,25.81,84.36,2.54,3.95,2.25,100.0
20050403,0.06,6.347,4.3109,2.8099,0.61,28.23,29.33,27.01,71.37,1.99,3.32,1.79,100.0
20050404,1.84,4.8089,1.2475,2.8781,0.47,29.11,29.74,28.24,70.78,2.62,3.16,2.35,100.05
20050405,0.12,6.0086,3.7049,2.5759,0.58,29.75,30.5,29.18,65.49,2.92,3.56,2.61,100.08
20050406,2.87,5.0789,3.0677,2.2241,0.49,28.23,29.18,26.69,79.49,3.7,4.62,3.23,100.09
20050407,3.79,4.8552,2.5138,2.5764,0.47,26.29,27.43,24.76,76.29,1.74,3.46,1.56,100.25
20050408,2.96,5.6126,3.7586,2.3597,0.55,27.49,28.21,27.0,78.71,3.11,4.36,2.72,100.27
20050409,0.25,6.0492,3.6209,2.8673,0.59,27.61,28.48,26.95,75.14,2.06,3.4,1.81,100.26
20050410,0.12,6.8688,5.8238,2.2766,0.67,27.98,28.7,27.2,74.8,2.12,2.62,1.87,100.22
20050411,0.83,5.2601,1.554,3.0554,0.51,27.93,28.53,27.42,78.05,2.64,3.09,2.33,100.18
20050412,0.55,6.3734,4.595,2.5111,0.62,27.85,28.3,27.4,77.79,1.32,1.82,1.17,100.18
20050413,2.48,4.8854,1.6762,2.8195,0.48,28.06,28.81,27.62,76.86,1.51,2.32,1.34,100.22
20050414,2.38,4.6699,1.0378,2.9278,0.46,27.55,28.02,27.3,80.52,1.66,2.5,1.47,100.29
20050415,2.65,4.163,0.6127,2.8481,0.41,27.04,27.58,26.25,85.32,2.7,3.74,2.35,100.33
20050416,15.03,4.4866,1.122,2.6882,0.44,26.7,27.25,26.03,83.24,2.66,3.63,2.34,100.27
20050417,8.53,5.3275,3.2278,2.4216,0.53,26.87,27.87,25.73,81.84,1.72,3.56,1.52,100.2
20050418,11.44,4.5497,2.1713,2.2464,0.45,27.22,27.65,26.74,82.62,1.92,3.03,1.72,100.17
20050419,25.86,3.7102,1.0207,2.2231,0.37,27.05,27.58,26.64,87.67,2.12,3.83,1.91,100.19
20050420,8.78,5.442,3.3725,2.459,0.54,27.39,28.38,26.4,82.41,2.0,3.21,1.8,100.23
20050421,3.57,4.2538,1.6414,2.2872,0.42,27.25,27.64,26.98,84.97,2.28,3.68,2.05,100.07
20050422,4.97,4.5581,1.9668,2.3758,0.45,27.49,27.82,27.12,84.76,3.51,4.31,3.08,100.08
20050423,2.34,4.0087,0.6852,2.6856,0.4,27.2,27.79,26.45,85.39,2.8,4.22,2.48,100.15
20050424,1.95,4.5648,1.8662,2.4293,0.46,27.75,28.72,26.78,83.3,2.28,3.13,2.02,100.02
20050425,2.46,5.1014,2.8721,2.3364,0.51,27.31,27.76,26.93,83.38,2.14,3.98,1.88,100.05
20050426,15.78,3.7738,0.6475,2.4581,0.38,27.29,27.9,26.71,87.03,2.55,3.44,2.25,100.04
20050427,13.32,2.5802,0.0233,1.9258,0.26,27.25,27.75,26.95,85.38,1.88,3.33,1.67,100.03
20050428,2.9,4.4112,1.8523,2.388,0.45,27.86,28.37,27.08,82.91,2.05,3.11,1.84,99.95
20050429,3.87,5.8099,4.0675,2.3604,0.59,27.87,28.45,27.02,84.03,1.91,2.49,1.75,99.84
20050430,6.31,5.101,3.5575,2.4802,0.52,28.45,29.09,27.96,84.48,2.95,4.94,2.59,99.71
20050501,7.39,5.0899,2.7554,2.7785,0.52,27.95,28.41,26.99,86.91,2.81,4.03,2.46,99.8
20050502,4.02,3.7178,0.2597,2.681,0.38,28.12,28.86,26.96,80.12,2.51,5.25,2.21,99.86
20050503,12.41,3.8234,0.323,2.7442,0.39,28.63,29.15,28.26,82.6,2.83,5.76,2.53,99.76
20050504,16.04,4.4251,0.7526,3.0377,0.45,28.08,28.39,27.86,86.35,5.18,5.92,4.48,99.8
20050505,12.21,3.4445,0.0473,2.6122,0.35,28.46,28.87,28.15,85.41,6.35,7.3,5.39,99.78
20050506,19.44,4.278,0.7282,2.9738,0.44,27.82,28.46,27.19,83.65,2.74,5.29,2.41,99.85
20050507,11.18,4.5869,1.643,2.6196,0.47,27.33,27.65,26.98,86.68,3.66,5.58,3.2,99.92
20050508,5.08,4.457,0.7255,3.0607,0.46,27.18,27.46,26.91,84.5,3.85,5.98,3.36,100.07
20050509,8.74,5.1804,2.6443,2.8817,0.53,27.5,27.92,27.08,85.03,4.11,5.79,3.58,100.01
20050510,5.23,4.2648,0.7901,2.9945,0.44,27.53,27.77,27.14,82.9,4.07,5.81,3.55,100.03
20050511,6.17,5.7914,4.1218,2.2764,0.6,28.03,28.76,27.33,81.92,4.92,5.75,4.25,100.0
20050512,1.9,4.9411,2.2464,2.568,0.51,27.55,28.21,26.78,82.94,3.63,4.83,3.18,100.06
20050513,3.82,5.4434,4.3171,2.2661,0.57,28.19,28.73,27.45,82.3,3.35,4.25,2.94,99.92
20050514,13.56,4.4784,1.4206,2.8049,0.47,28.16,28.71,27.29,84.01,3.31,4.5,2.9,99.96
20050515,4.31,4.6181,1.3162,2.7845,0.48,27.65,27.96,27.2,84.59,2.3,3.62,2.03,100.11
20050516,0.8,6.0002,4.9205,2.231,0.63,28.31,29.53,27.26,79.51,2.39,3.78,2.13,100.06
20050517,0.41,5.447,4.0836,2.371,0.57,28.28,28.94,27.77,81.61,1.99,3.01,1.81,100.08
20050518,0.09,5.3179,3.4598,2.3642,0.56,28.64,29.67,27.74,78.9,2.05,3.54,1.83,100.04
20050519,0.85,4.0752,0.8719,2.7506,0.43,27.64,28.08,27.4,84.89,2.0,2.78,1.79,100.03
20050520,0.54,5.221,3.7121,2.2478,0.55,27.9,28.62,27.34,83.06,2.89,3.31,2.56,99.98
20050521,14.84,4.5288,1.379,2.7962,0.48,27.71,28.15,27.14,83.57,2.76,3.32,2.46,99.97
20050522,6.46,4.7441,2.3885,2.4209,0.5,27.99,28.69,27.19,80.51,3.53,4.39,3.09,99.96
20050523,11.86,2.5925,0.1368,1.8787,0.27,27.5,28.01,27.04,85.19,3.43,5.46,2.98,100.03
20050524,13.14,3.4248,0.444,2.2342,0.36,26.63,27.02,26.41,83.92,2.99,3.85,2.64,100.15
20050525,5.39,5.2697,3.3722,2.6635,0.56,27.15,28.37,25.93,74.2,0.83,2.08,0.74,100.09
20050526,4.23,5.4223,3.8234,2.3904,0.58,28.38,28.84,27.94,72.31,1.57,2.47,1.43,100.0
20050527,4.54,4.6913,2.7672,2.309,0.5,27.49,27.97,26.92,82.85,2.58,3.52,2.28,99.99
20050528,1.31,5.0014,3.4092,2.0458,0.53,27.72,28.24,27.13,79.5,1.78,2.88,1.55,99.95
20050529,3.14,2.8406,0.0965,2.1266,0.3,27.39,27.82,26.92,81.86,2.64,5.01,2.3,99.95
20050530,0.04,4.9812,3.0391,2.3729,0.53,27.81,28.2,27.45,76.76,2.02,3.01,1.79,99.9
20050531,1.43,5.34,3.7001,2.3887,0.57,27.41,27.75,26.99,81.41,2.27,3.27,1.98,100.0
20050601,0.66,5.5382,4.7969,2.7526,0.59,27.25,27.74,26.58,79.92,1.39,2.41,1.22,99.88
20050602,0.24,4.787,3.3509,2.1617,0.51,27.83,28.47,27.38,77.37,2.63,3.62,2.3,99.9
20050603,0.27,5.1864,3.5858,2.2606,0.56,27.34,27.84,27.0,78.54,1.94,2.81,1.7,99.91
20050604,34.48,4.8187,2.7691,2.3794,0.52,27.42,28.31,26.85,82.16,1.71,2.67,1.49,99.87
20050605,14.99,5.1732,3.9084,2.4538,0.56,27.12,27.43,26.85,83.06,2.53,5.16,2.21,99.85
20050606,1.45,5.0676,2.9066,2.4679,0.55,27.52,28.22,26.85,78.51,1.9,3.21,1.7,99.92
20050607,20.17,4.3831,1.0289,2.9297,0.47,27.3,27.61,26.9,85.52,3.77,4.51,3.27,99.86
20050608,9.49,4.1194,0.4274,2.8942,0.45,27.22,27.57,26.86,85.12,3.6,6.62,3.07,99.81
20050609,0.77,4.7198,3.0785,2.5433,0.51,27.77,28.28,27.21,80.66,1.98,2.86,1.76,99.82
20050610,2.76,4.343,1.7954,2.5601,0.47,28.28,28.89,27.48,81.65,2.22,3.29,2.01,99.73
20050611,25.41,4.1712,0.7831,2.8303,0.45,28.21,28.68,27.71,83.11,2.45,3.71,2.17,99.82
20050612,7.3,4.4875,2.1245,2.6023,0.49,27.74,28.13,27.14,88.55,5.67,6.47,4.82,99.87
20050613,8.68,3.7754,1.1849,2.2277,0.41,26.98,27.45,26.46,82.96,3.23,4.48,2.83,99.99
20050614,11.7,5.7151,5.0023,2.0794,0.62,27.04,27.93,26.07,86.12,3.03,4.22,2.67,99.93
20050615,5.66,2.9414,0.2227,2.1168,0.32,26.45,26.67,26.08,87.64,2.99,4.31,2.64,99.89
20050616,5.61,4.8898,3.3482,2.5757,0.53,26.89,27.5,26.3,84.25,3.67,4.88,3.22,99.88
20050617,3.5,4.2187,1.5024,2.5608,0.46,27.32,27.92,26.79,84.02,3.7,4.14,3.25,99.89
20050618,13.76,4.6651,3.0672,2.2493,0.51,27.77,28.91,26.8,83.76,4.4,5.01,3.8,99.84
20050619,20.76,4.5578,2.0796,2.8344,0.5,27.16,27.51,26.39,86.97,4.51,5.13,3.91,99.88
20050620,7.3,4.4477,2.3441,2.2469,0.48,26.91,27.28,26.29,83.85,4.88,6.26,4.21,100.04
20050621,0.14,5.737,4.2264,2.4787,0.62,27.28,28.03,26.32,79.33,3.51,4.67,3.07,100.06
20050622,1.59,5.047,2.4274,2.8094,0.55,27.64,28.11,27.09,76.62,2.86,4.31,2.51,100.25
20050623,0.58,5.9966,5.8735,2.0455,0.65,27.79,28.64,26.97,77.02,1.45,2.24,1.3,100.18
20050624,0.98,5.8123,5.2294,2.5757,0.63,27.66,28.36,27.2,81.48,2.14,3.17,1.87,100.18
20050625,1.19,3.6122,0.3742,2.6491,0.39,27.88,28.55,27.16,77.22,2.57,4.39,2.26,100.19
20050626,1.69,4.6625,3.0643,2.1898,0.51,27.64,28.34,27.13,83.56,4.22,5.27,3.68,100.15
20050627,2.56,3.7356,1.0301,2.1936,0.41,26.3,27.07,25.86,87.59,4.57,6.71,3.97,100.16
20050628,2.7,4.9178,3.3362,2.0796,0.54,26.44,27.21,25.35,84.6,3.33,5.36,2.93,100.13
20050629,3.92,4.0795,1.3565,2.3246,0.44,26.74,27.31,26.33,84.8,3.73,4.28,3.28,100.09
20050630,1.51,5.5894,4.8708,1.8857,0.61,26.6,26.75,26.36,83.17,2.56,4.45,2.23,100.13
20050701,2.5,5.1994,4.1806,1.9322,0.57,27.22,27.79,26.49,78.12,1.45,2.38,1.29,100.15
20050702,1.71,5.0357,4.0608,2.0357,0.55,27.35,27.76,26.83,79.28,2.19,3.57,1.94,100.17
20050703,11.4,4.709,3.107,2.705,0.51,27.03,27.99,26.09,80.63,1.78,3.6,1.58,100.15
20050704,23.01,3.8654,0.5664,2.8757,0.42,27.05,27.56,26.73,83.23,3.29,4.61,2.84,100.1
20050705,0.06,5.3117,3.9264,2.1446,0.58,27.0,27.72,26.25,79.0,1.71,3.23,1.51,100.09
20050706,0.17,5.4182,4.5458,2.167,0.59,27.15,27.81,26.54,78.35,2.38,3.46,2.09,100.18
20050707,0.14,5.1403,3.4536,2.2685,0.56,27.22,27.68,26.6,76.6,1.99,2.32,1.76,100.16
20050708,0.43,5.5166,4.4501,2.1473,0.6,27.3,27.72,26.88,76.29,1.61,2.22,1.42,100.13
20050709,1.5,5.3158,4.3745,1.9752,0.57,27.63,28.07,27.07,78.56,1.96,2.45,1.74,100.04
20050710,11.84,3.6854,0.3353,2.6458,0.4,27.34,27.75,26.67,85.03,3.09,4.61,2.79,100.07
20050711,43.67,4.1837,1.3308,2.825,0.45,27.27,28.02,26.55,86.68,4.33,5.43,3.77,100.13
20050712,15.78,3.3763,1.4918,1.745,0.36,27.11,27.6,26.56,84.42,3.88,4.69,3.4,100.15
20050713,9.23,4.6781,3.635,1.9704,0.5,26.92,27.45,26.23,83.07,2.46,3.89,2.17,100.13
20050714,18.77,4.5643,3.9266,2.0638,0.49,27.19,27.6,26.63,84.91,3.45,4.81,3.03,100.15
20050715,6.32,4.3301,1.7878,2.5466,0.47,27.08,27.45,26.64,87.79,5.45,6.62,4.71,100.13
20050716,0.85,4.2734,1.2427,2.5402,0.46,27.48,28.13,26.81,78.36,3.19,6.54,2.79,100.1
20050717,2.25,4.6685,1.8876,2.6477,0.5,27.01,27.58,26.42,78.03,1.64,2.53,1.46,100.02
20050718,2.27,4.1909,1.2552,2.6213,0.45,26.96,27.4,26.52,81.28,2.28,2.66,2.03,100.04
20050719,4.63,3.0302,0.313,2.2166,0.32,26.24,26.71,25.67,83.91,2.75,4.52,2.39,100.22
20050720,29.42,4.391,3.3917,1.9133,0.47,26.56,27.06,25.85,85.4,3.34,5.22,2.89,100.15
20050721,13.76,4.7246,2.802,2.2764,0.5,26.91,27.18,26.42,84.65,4.79,6.22,4.1,100.11
20050722,5.85,4.4218,1.3783,2.6974,0.47,26.12,26.54,25.55,83.72,2.34,3.27,2.04,100.11
20050723,5.49,3.5083,0.5496,2.3676,0.37,26.4,27.02,25.81,82.53,2.24,3.15,1.99,100.07
20050724,4.06,4.7196,2.093,2.669,0.5,27.03,27.74,26.12,83.7,2.86,3.77,2.5,100.0
20050725,40.25,3.1716,0.3646,2.167,0.34,26.57,26.9,26.25,85.57,3.09,4.67,2.72,100.19
20050726,3.89,2.9731,0.1322,2.2246,0.31,27.18,28.18,25.71,75.35,1.19,2.32,1.06,100.18
20050727,0.48,5.5673,5.0189,2.5649,0.59,27.61,28.05,26.98,79.53,1.99,3.05,1.76,100.06
20050728,1.61,5.1634,3.0389,2.6798,0.54,28.05,28.9,27.47,78.54,1.6,2.59,1.41,100.0
20050729,7.94,5.2478,3.7248,2.3834,0.55,27.71,28.38,27.09,81.34,1.53,2.67,1.34,99.98
20050730,11.57,4.6111,1.279,2.9918,0.48,26.69,27.27,26.36,83.98,2.56,3.5,2.25,100.03
20050731,0.14,4.9238,1.9555,3.0869,0.52,27.03,27.54,26.5,78.01,2.84,3.51,2.51,100.03
20050801,0.74,6.1344,5.6534,1.9126,0.64,27.72,28.37,27.14,76.61,2.93,3.75,2.57,100.07
20050802,2.1,5.7454,3.6744,2.4943,0.6,27.44,27.91,26.99,81.67,3.1,4.09,2.72,100.14
20050803,1.87,4.8725,3.6182,2.1698,0.51,27.63,28.27,26.98,77.54,2.07,2.94,1.82,100.18
20050804,0.75,4.3267,0.677,3.0888,0.45,27.59,28.72,26.61,77.45,2.19,3.46,1.94,100.17
20050805,0.43,5.5522,3.6506,2.4775,0.58,26.93,27.61,26.44,81.21,1.73,2.2,1.52,100.21
20050806,2.65,5.4941,2.9714,2.6441,0.57,26.82,27.08,26.52,81.9,2.26,3.98,2.0,100.17
20050807,10.77,3.7625,2.4,1.9354,0.39,27.67,28.38,26.74,82.78,3.87,5.04,3.36,100.14
20050808,2.63,4.195,0.4262,3.0958,0.43,27.88,28.29,27.52,79.98,3.3,3.9,2.9,100.16
20050809,5.99,4.0308,1.2946,2.7679,0.42,28.02,28.44,27.59,79.34,5.13,6.42,4.39,100.21
20050810,3.18,4.0073,2.0078,2.2922,0.41,27.46,28.05,26.76,77.98,3.32,4.98,2.88,100.13
20050811,13.88,4.1748,2.2514,2.071,0.43,26.81,27.35,26.33,83.12,3.27,3.76,2.87,100.1
20050812,4.54,3.6166,0.1682,2.7185,0.37,26.35,26.92,25.98,82.26,2.54,3.74,2.23,100.18
20050813,1.84,5.0921,1.7179,3.0737,0.52,27.05,27.79,25.99,78.77,2.87,3.92,2.54,100.15
20050814,1.64,3.1375,0.3938,2.1307,0.32,28.1,28.81,27.37,74.48,3.16,4.45,2.8,100.1
20050815,1.88,5.3321,3.2616,2.4451,0.54,27.67,28.03,26.99,80.82,2.31,3.15,2.07,100.0
20050816,8.86,5.5128,3.8038,2.1907,0.56,27.77,28.93,27.03,82.12,2.31,4.04,2.04,99.97
20050817,20.96,3.3986,0.4373,2.2049,0.35,27.0,27.31,26.63,87.07,4.93,6.07,4.25,100.09
20050818,6.78,2.7442,0.0283,2.053,0.28,26.49,26.84,25.85,85.03,3.49,5.64,3.03,100.24
20050819,3.33,5.6803,3.1015,2.7122,0.58,27.27,28.58,25.59,78.23,1.76,2.72,1.59,100.15
20050820,49.51,4.0882,1.8566,2.1655,0.41,27.46,28.38,26.82,84.24,4.62,6.03,4.02,100.06
20050821,15.27,3.3353,0.5453,2.2034,0.34,26.58,26.76,26.22,85.81,3.98,6.79,3.44,100.15
20050822,0.44,4.801,1.9229,2.5742,0.48,26.83,27.33,26.15,79.92,1.97,2.86,1.75,100.2
20050823,2.78,5.0856,2.1278,2.6494,0.51,26.87,27.12,26.4,79.86,1.76,3.21,1.55,100.18
20050824,64.83,4.7446,2.4689,2.441,0.48,26.65,27.25,25.9,85.52,3.43,5.35,3.03,100.13
20050825,18.95,5.7127,3.1994,2.6762,0.57,26.84,27.42,26.38,82.74,3.53,5.65,3.08,100.11
20050826,90.97,2.5466,0.1008,1.9291,0.25,26.39,26.6,26.14,85.79,4.64,9.66,3.89,100.15
20050827,22.68,5.5082,2.071,2.9875,0.55,26.23,26.53,25.79,83.29,3.92,6.01,3.42,100.15
20050828,7.14,5.4919,3.547,2.3974,0.55,26.79,27.33,25.98,82.93,4.01,4.27,3.51,100.08
20050829,5.0,5.3657,3.0806,2.5634,0.53,27.25,27.93,26.57,81.14,2.79,3.61,2.47,100.03
20050830,6.43,4.6414,1.7429,2.5699,0.46,27.11,27.71,26.32,82.44,2.52,2.98,2.22,99.85
20050831,12.76,4.6258,2.3119,2.2841,0.46,27.86,28.64,26.96,80.03,2.61,3.6,2.26,99.65
20050901,17.1,4.2818,0.9391,3.0722,0.42,27.67,27.97,27.49,85.4,3.3,3.76,2.9,99.68
20050902,14.91,4.3236,0.529,2.9422,0.43,27.42,27.82,26.96,84.94,4.45,8.46,3.82,99.87
20050903,5.24,4.9402,2.215,2.5054,0.49,27.45,27.93,26.75,82.69,3.93,5.0,3.44,99.89
20050904,5.0,3.527,0.0499,2.6729,0.35,27.32,27.83,26.89,85.67,3.81,4.99,3.33,99.82
20050905,0.41,5.6203,3.359,2.6614,0.55,28.1,29.08,27.22,79.91,3.33,4.34,2.91,99.77
20050906,2.47,4.5881,1.812,2.6594,0.45,27.35,27.99,26.26,85.18,3.83,4.77,3.32,99.96
20050907,1.45,6.1903,4.0757,2.5445,0.61,27.16,28.42,26.13,77.23,1.84,3.85,1.63,100.11
20050908,1.57,4.8821,2.8987,2.6074,0.48,27.82,29.06,26.45,74.86,1.94,3.16,1.74,100.12
20050909,0.31,6.487,5.1074,2.3945,0.64,28.08,28.48,27.6,79.06,2.95,3.37,2.61,100.2
20050910,0.57,6.0938,3.7961,2.5841,0.6,27.41,27.78,27.13,78.05,1.8,2.73,1.57,100.13
20050911,0.01,6.5513,4.8098,2.3071,0.64,27.82,28.49,27.13,72.41,1.87,2.44,1.62,100.0
20050912,4.15,4.9843,1.2511,3.2698,0.49,27.65,28.03,27.32,76.99,2.84,3.62,2.48,100.05
20050913,6.99,3.6379,0.7702,2.196,0.36,27.1,27.71,26.59,80.04,2.16,4.43,1.9,100.15
20050914,3.33,5.311,2.6215,2.7223,0.52,27.42,28.44,26.73,78.27,1.91,3.18,1.7,100.17
20050915,17.7,4.9459,2.8519,2.4514,0.48,26.85,27.15,26.42,85.07,3.25,4.85,2.82,100.18
20050916,28.2,4.8365,1.488,2.851,0.47,26.41,27.14,25.61,80.83,2.68,3.9,2.39,100.31
20050917,3.89,6.1574,4.6639,2.3016,0.6,26.64,27.45,25.58,79.42,3.22,5.14,2.82,100.35
20050918,0.98,5.8927,2.7684,3.2861,0.57,27.3,27.84,26.78,77.74,1.96,2.74,1.74,100.34
20050919,1.89,4.8149,0.6602,3.2638,0.47,27.68,28.33,26.78,75.51,2.71,4.55,2.42,100.4
20050920,1.65,6.7771,6.0662,2.0518,0.66,28.04,29.17,27.0,74.8,2.29,3.17,2.05,100.31
20050921,3.55,5.8358,2.9311,2.8186,0.57,27.99,28.89,26.99,72.69,2.28,4.58,1.99,100.38
20050922,3.8,5.6054,3.3132,2.4262,0.54,28.05,28.86,27.52,77.27,2.21,3.31,1.96,100.24
20050923,11.4,4.4712,2.7545,2.1146,0.43,27.58,28.11,27.06,82.72,2.24,2.62,1.97,100.25
20050924,62.78,4.8569,1.0922,3.0989,0.47,27.29,27.61,26.96,87.72,4.95,5.92,4.23,100.18
20050925,68.18,3.091,0.0257,2.3465,0.3,26.55,27.04,26.02,85.19,5.9,8.71,4.96,100.18
20050926,6.23,4.8746,1.8017,2.9664,0.47,26.2,26.9,25.52,85.39,3.45,4.2,3.02,100.15
20050927,0.74,6.1639,5.3388,1.9558,0.6,27.24,28.4,26.13,80.26,2.52,3.55,2.23,100.13
20050928,4.81,3.8525,1.0145,2.2898,0.37,27.06,27.53,26.72,82.37,1.87,3.11,1.67,100.15
20050929,43.99,4.4882,1.2082,2.6028,0.43,26.86,27.42,26.13,87.92,4.63,5.37,4.02,100.11
20050930,49.22,5.5171,3.0622,2.5848,0.53,26.61,27.26,26.04,86.1,4.44,6.3,3.84,100.19
20051001,27.41,5.0654,1.7057,2.8142,0.49,26.49,27.22,25.44,85.41,3.41,5.78,2.98,100.25
20051002,56.99,4.8526,0.7788,3.4457,0.47,27.21,27.73,26.83,85.42,4.53,5.64,3.9,100.16
20051003,59.81,3.696,1.6166,2.1278,0.36,27.3,28.02,26.64,85.08,5.88,7.38,4.98,100.07
20051004,15.46,4.4177,0.6962,3.1126,0.43,26.53,26.92,25.5,85.74,4.06,7.02,3.46,100.14
20051005,4.01,5.0071,0.9773,3.5484,0.48,26.8,27.58,25.43,82.54,2.58,4.89,2.31,100.11
20051006,4.83,4.9032,2.5368,2.5829,0.47,27.77,28.92,26.88,81.97,4.22,5.49,3.7,100.03
20051007,17.97,4.0711,0.3161,2.9954,0.39,27.29,27.61,26.86,81.93,2.36,5.32,2.08,100.0
20051008,17.48,4.3337,0.9077,2.7182,0.42,27.32,27.96,26.79,84.06,3.39,4.12,3.02,99.91
20051009,9.86,4.807,2.3837,2.3438,0.46,27.02,27.91,26.58,86.19,3.22,4.14,2.86,99.92
20051010,15.16,4.8425,1.2682,3.2748,0.47,26.55,27.06,26.3,88.67,3.54,4.84,3.11,99.97
20051011,4.28,5.4067,3.4963,2.4089,0.52,26.64,27.36,25.83,84.35,2.06,2.76,1.81,100.0
20051012,5.14,4.6174,1.6378,2.6635,0.45,27.08,27.69,26.34,85.12,3.31,4.04,2.9,99.99
20051013,44.15,3.93,0.5774,2.8454,0.38,26.86,27.61,25.95,88.69,5.08,7.69,4.33,100.03
20051014,12.25,4.8178,2.1106,2.568,0.46,26.34,27.07,25.6,86.64,3.62,5.66,3.17,100.1
20051015,10.3,5.0546,3.0634,2.334,0.49,26.5,26.88,26.28,87.59,5.38,6.97,4.62,100.17
20051016,6.15,3.4145,0.0754,2.5181,0.33,26.29,26.86,25.69,87.65,4.37,5.51,3.77,100.14
20051017,5.74,4.241,1.0116,2.695,0.41,26.53,27.12,25.57,83.07,2.45,3.12,2.21,100.18
20051018,11.62,4.7088,1.4138,2.7504,0.45,26.75,27.17,26.25,85.5,3.86,4.4,3.39,100.14
20051019,44.53,4.686,0.449,3.4627,0.45,26.91,27.44,26.2,86.32,4.55,5.69,3.94,100.01
20051020,125.34,3.6511,0.1387,2.6866,0.35,26.83,27.3,26.3,87.7,5.32,6.22,4.56,100.02
20051021,18.6,5.1233,1.9553,2.9642,0.5,26.78,27.37,26.25,87.47,4.28,5.06,3.71,100.02
20051022,24.78,4.2677,0.4937,2.9323,0.41,26.62,27.07,26.22,88.77,4.12,4.71,3.58,100.07
20051023,10.97,4.9721,0.546,3.6605,0.48,26.41,27.25,25.89,84.73,1.99,3.53,1.76,100.1
20051024,8.35,4.4674,2.0753,2.3537,0.43,26.76,27.4,25.96,82.46,2.8,3.97,2.47,100.07
20051025,11.96,4.4234,0.6343,2.9784,0.43,26.51,27.02,25.94,87.04,5.02,6.75,4.32,100.06
20051026,12.17,4.272,0.4236,3.019,0.41,26.32,26.66,25.68,87.98,4.29,5.78,3.7,100.08
20051027,3.01,5.4965,2.0791,3.1714,0.53,26.49,27.28,25.81,83.93,1.89,3.61,1.67,100.12
20051028,4.57,5.213,3.6362,2.0448,0.51,26.47,26.8,26.19,87.07,3.0,4.09,2.6,100.12
20051029,12.49,5.154,2.7449,2.5066,0.5,26.51,26.95,26.04,89.17,3.96,4.74,3.43,100.03
20051030,44.86,4.824,2.8445,2.34,0.47,26.48,26.93,26.17,88.45,3.87,4.91,3.34,100.07
20051031,26.69,3.8434,0.091,2.8884,0.37,26.25,26.55,25.84,88.85,4.12,6.88,3.56,100.18
20051101,13.96,5.3057,1.6034,3.2659,0.52,26.42,27.06,25.75,88.6,5.14,6.54,4.42,100.13
20051102,73.15,4.2269,0.7169,2.8042,0.41,26.73,27.28,26.07,88.45,5.36,9.8,4.54,100.1
20051103,48.42,4.0644,0.3034,3.0326,0.4,26.88,27.08,26.53,86.38,7.8,9.38,6.52,100.1
20051104,11.8,4.9678,0.4759,3.677,0.49,26.59,27.12,26.13,85.92,6.5,8.51,5.52,100.15
20051105,6.69,5.2884,1.2041,3.7111,0.52,26.65,27.16,25.94,84.72,4.59,5.41,3.98,100.13
20051106,0.59,6.7322,6.1109,2.1665,0.66,27.63,28.46,26.9,77.33,1.83,2.38,1.64,100.11
20051107,2.6,5.6002,2.52,3.6648,0.55,27.35,27.9,26.97,81.23,2.31,3.36,2.06,100.19
20051108,13.32,4.1302,0.5652,2.8114,0.41,27.32,28.11,26.7,83.81,2.9,3.69,2.56,100.18
20051109,4.92,5.1026,1.7033,3.103,0.5,27.32,28.11,26.26,76.11,1.38,2.72,1.23,100.18
20051110,11.79,4.7208,1.9135,2.5366,0.46,27.04,27.66,26.32,83.37,2.98,4.41,2.62,100.14
20051111,9.9,4.7316,0.9314,3.0667,0.47,26.64,27.14,26.09,86.63,5.09,8.21,4.36,100.13
20051112,1.36,5.3078,2.4648,2.9266,0.52,26.02,26.57,25.36,81.41,1.57,2.18,1.37,100.19
20051113,1.09,4.9481,0.793,3.6017,0.49,26.37,27.1,25.29,81.99,1.75,2.47,1.55,100.11
20051114,3.08,5.827,4.4086,2.3256,0.58,26.81,27.4,26.19,81.46,2.42,2.99,2.11,100.07
20051115,9.66,5.2788,2.459,3.36,0.52,26.68,27.12,26.15,82.82,2.55,3.57,2.23,99.94
20051116,8.14,3.9046,0.5225,2.6578,0.39,26.68,27.34,26.17,88.16,4.86,6.28,4.16,99.94
20051117,10.44,4.6918,1.1026,3.0,0.46,26.74,27.91,25.9,86.28,4.14,5.41,3.62,99.94
20051118,22.22,4.3954,1.0505,2.9304,0.44,26.38,26.91,25.81,88.66,3.46,4.38,3.06,100.01
20051119,12.41,4.6176,1.313,2.8721,0.46,25.9,26.22,25.71,90.39,4.27,5.39,3.71,100.0
20051120,7.15,3.8294,0.2832,2.845,0.38,26.15,27.17,25.32,85.83,6.54,8.77,5.52,100.03
20051121,4.17,4.1712,0.5604,2.9503,0.41,26.0,26.45,25.56,88.11,4.81,6.63,4.15,100.03
20051122,7.33,4.1093,0.2664,3.1003,0.41,25.36,25.73,24.94,90.37,3.09,4.99,2.73,100.1
20051123,3.26,3.6696,0.7882,2.5286,0.37,25.35,25.9,24.83,86.52,1.91,2.77,1.69,100.1
20051124,3.15,5.2802,3.5448,2.4646,0.53,26.36,27.4,25.27,86.47,3.56,4.5,3.1,100.06
20051125,2.64,5.1084,1.5761,3.2782,0.51,26.28,26.97,25.87,85.42,2.74,4.02,2.42,100.04
20051126,4.03,4.6884,1.6502,2.688,0.47,26.36,26.87,25.71,82.23,1.98,3.59,1.73,100.02
20051127,2.37,5.3177,2.0134,3.197,0.53,26.0,26.54,25.52,84.02,3.19,4.2,2.82,100.07
20051128,1.66,4.4705,0.5275,3.2578,0.45,26.19,26.95,25.25,82.3,2.44,3.85,2.15,100.09
20051129,14.92,6.3154,5.4254,2.1192,0.63,26.64,27.12,26.29,84.31,4.75,6.01,4.12,99.97
20051130,26.26,4.9006,1.4011,3.09,0.49,26.71,27.19,26.12,85.69,6.5,6.99,5.53,99.8
20051201,23.52,4.729,1.4784,3.0,0.47,26.69,27.11,25.94,85.36,5.2,7.23,4.45,99.87
20051202,24.97,3.6804,0.7769,2.4228,0.37,26.37,26.8,25.93,86.31,4.29,4.96,3.72,100.03
20051203,7.53,4.8182,1.6867,2.7826,0.48,26.05,26.35,25.76,85.01,3.48,4.88,3.04,100.03
20051204,2.91,5.7991,5.4,1.86,0.58,26.47,27.25,25.8,80.87,2.76,3.15,2.44,99.93
20051205,3.46,3.6799,0.4327,2.7108,0.37,26.72,27.4,26.06,80.83,2.64,3.47,2.31,99.93
20051206,1.39,5.898,3.8088,2.8447,0.59,26.46,27.03,25.81,81.3,2.18,2.89,1.91,100.0
20051207,2.71,4.2286,0.8592,2.9436,0.43,26.45,26.87,25.76,82.74,2.22,3.03,1.95,99.98
20051208,3.82,5.2543,2.129,3.1298,0.53,26.54,27.3,25.84,82.62,1.96,3.09,1.72,99.95
20051209,14.28,5.0258,1.4417,3.2254,0.51,26.14,26.53,25.73,85.73,2.12,3.61,1.87,99.9
20051210,15.81,4.6738,1.055,3.1361,0.47,26.11,26.86,25.58,89.42,4.25,5.05,3.66,99.93
20051211,33.93,3.2988,0.2018,2.4427,0.33,25.97,26.72,25.25,89.71,4.95,5.51,4.26,100.0
20051212,16.85,4.1544,0.1632,3.1882,0.42,25.36,25.82,24.76,87.61,2.42,4.34,2.13,99.98
20051213,19.46,3.9125,0.1037,2.976,0.39,26.02,26.45,25.55,87.92,4.11,6.23,3.54,99.95
20051214,41.02,3.4882,0.2095,2.6626,0.35,26.26,26.63,25.86,86.3,5.39,7.61,4.58,99.95
20051215,22.81,3.6643,0.8299,2.6218,0.37,26.29,26.78,25.87,86.13,5.6,6.73,4.78,99.95
20051216,2.64,5.7439,4.6315,2.3501,0.58,26.38,27.07,25.59,84.01,3.02,5.87,2.64,100.04
20051217,3.34,4.5478,1.1938,2.7814,0.46,26.3,26.91,25.49,85.23,2.77,3.67,2.46,100.09
20051218,3.9,3.8717,0.7565,2.7134,0.39,26.6,27.69,25.48,82.4,2.67,3.94,2.37,99.97
20051219,6.26,5.0633,2.3064,2.856,0.51,26.65,27.28,26.17,81.57,1.76,3.04,1.6,99.93
20051220,1.91,5.0294,1.9788,2.9419,0.51,26.59,27.17,25.93,84.53,3.81,5.67,3.32,100.0
20051221,4.31,3.9074,0.1639,2.9642,0.39,27.23,27.81,26.6,79.18,4.39,6.8,3.78,100.12
20051222,3.52,4.5785,0.9432,3.1121,0.46,27.45,28.19,26.75,80.42,3.73,4.24,3.26,100.05
20051223,4.04,5.0359,1.9824,2.9352,0.51,27.17,27.79,26.47,82.3,3.08,4.3,2.74,100.04
20051224,5.57,4.4208,1.2487,2.9069,0.45,26.7,27.14,26.31,84.61,2.07,3.17,1.85,100.12
20051225,4.94,4.218,1.1594,2.6587,0.42,25.92,26.35,25.61,88.2,3.9,4.67,3.41,100.27
20051226,3.48,5.0419,2.9611,2.4175,0.51,26.35,27.2,25.77,82.9,1.78,2.84,1.59,100.16
20051227,9.43,4.3805,1.7405,2.5342,0.44,26.73,27.36,26.17,87.05,3.88,5.17,3.37,100.15
20051228,6.68,4.6178,1.7789,2.731,0.46,26.69,26.94,26.16,86.05,3.74,4.24,3.25,100.14
20051229,42.67,3.7164,1.4988,2.249,0.37,26.24,26.69,25.79,82.23,2.88,4.47,2.53,100.21
20051230,4.62,4.7969,1.8036,2.79,0.48,26.33,27.0,25.59,85.08,3.81,4.98,3.34,100.2
20051231,3.03,4.7518,1.0735,3.1654,0.48,26.7,27.48,25.53,77.4,3.12,4.38,2.75,100.22
20060101,1.05,5.3678,2.1074,3.0962,0.54,27.22,28.28,26.05,73.27,2.48,2.99,2.22,100.17
20060102,17.69,5.8973,4.1009,2.7065,0.59,26.16,26.78,25.53,77.41,3.29,4.34,2.91,100.11
20060103,12.41,5.1898,3.4121,2.2982,0.52,26.34,27.0,25.6,85.8,4.76,5.75,4.13,99.98
20060104,1.83,5.2351,2.357,2.9534,0.52,26.26,26.86,25.48,83.99,2.4,3.48,2.15,99.96
20060105,4.27,5.2963,2.6369,2.6916,0.53,26.46,26.84,26.07,83.84,2.2,4.58,1.94,99.92
20060106,6.56,3.7222,0.2431,2.7811,0.37,25.75,26.39,25.36,88.1,3.64,5.89,3.19,99.93
20060107,29.72,3.2954,0.773,2.2788,0.33,26.16,26.71,25.58,87.55,3.71,5.55,3.27,99.91
20060108,34.86,2.3273,0.0679,1.7407,0.23,26.44,27.0,26.02,83.67,2.47,2.88,2.23,99.93
20060109,13.88,3.2143,0.0446,2.4631,0.32,26.89,28.2,25.78,80.11,1.4,2.94,1.29,99.87
20060110,17.65,3.1183,0.1999,2.2898,0.31,26.75,27.88,25.95,83.32,2.16,3.55,1.98,99.81
20060111,12.01,2.2685,0.0602,1.7026,0.23,26.53,27.62,25.61,84.07,2.11,3.21,1.9,99.9
20060112,4.32,5.0971,1.493,3.5724,0.51,26.75,27.38,25.95,83.41,2.03,3.16,1.85,99.95
20060113,7.94,4.0315,0.113,3.1039,0.4,27.13,27.8,26.57,83.25,3.52,4.48,3.11,99.94
20060114,3.48,4.3896,0.8719,2.8303,0.44,26.77,27.18,26.1,86.28,2.53,4.04,2.23,99.95
20060115,9.44,3.9415,0.2004,2.9479,0.39,26.2,26.88,25.12,90.21,4.55,6.1,3.89,100.02
20060116,10.38,3.9622,0.9101,2.4703,0.39,25.52,26.18,24.77,88.97,3.39,4.88,2.96,100.08
20060117,7.73,5.4144,2.0626,3.5714,0.54,25.27,25.92,24.88,85.61,1.99,3.53,1.74,100.19
20060118,20.26,4.4129,0.6583,3.1903,0.44,25.88,26.7,24.99,84.31,2.94,5.17,2.57,100.15
20060119,47.96,5.1194,1.8641,3.5705,0.51,25.81,26.46,25.34,83.83,2.06,2.75,1.83,100.16
20060120,8.15,5.2414,1.7952,3.2729,0.52,26.17,26.6,25.67,85.32,3.62,4.16,3.16,100.1
20060121,20.55,4.7618,0.6727,3.4001,0.47,26.44,27.04,25.87,86.19,4.36,5.4,3.78,100.1
20060122,15.11,5.1746,1.8509,3.1445,0.51,26.45,27.08,25.78,86.78,4.71,6.03,4.06,100.0
20060123,15.58,4.0421,0.263,2.987,0.4,26.78,27.25,26.33,87.57,5.12,6.04,4.36,100.0
20060124,5.1,3.3295,0.065,2.5325,0.33,25.78,26.4,24.96,84.28,3.66,5.04,3.18,100.14
20060125,1.09,4.0985,0.1382,3.0984,0.4,26.04,26.62,25.62,79.03,1.72,2.69,1.53,100.21
20060126,1.2,5.2044,2.1238,3.0758,0.51,26.51,27.68,25.61,81.84,2.88,4.8,2.51,100.17
20060127,0.58,5.1727,1.4069,3.5585,0.51,26.74,27.41,26.3,82.47,4.04,4.94,3.49,100.15
20060128,0.01,6.4985,4.9687,2.4754,0.64,27.33,28.21,26.42,79.44,4.33,5.22,3.72,100.03
20060129,0.0,6.053,4.9901,2.964,0.59,27.68,28.57,26.94,76.68,3.54,4.44,3.08,100.08
20060130,0.0,5.9904,4.6886,2.2884,0.58,28.0,29.0,27.1,68.41,3.19,3.87,2.79,100.2
20060131,0.0,5.5471,3.2978,2.8001,0.54,28.06,29.04,27.27,73.02,3.16,3.59,2.77,100.25
20060201,1.04,5.3268,3.246,2.639,0.52,27.03,27.5,26.46,80.31,2.92,4.04,2.57,100.31
20060202,4.51,4.2456,1.5024,2.4168,0.41,26.32,27.05,25.29,85.36,2.75,3.31,2.45,100.27
20060203,1.51,4.2754,1.7897,2.3208,0.42,26.06,27.17,24.94,85.48,2.07,3.3,1.86,100.27
20060204,2.88,3.1894,1.0853,1.9416,0.31,27.03,27.78,26.39,83.16,1.97,2.77,1.76,100.19
20060205,19.44,3.5604,0.5354,2.2474,0.34,26.59,27.12,26.22,83.63,2.59,3.82,2.34,100.17
20060206,2.45,5.1718,3.629,2.2205,0.5,26.87,27.75,25.73,83.27,2.71,3.95,2.42,100.13
20060207,1.8,5.1197,2.8394,2.5238,0.49,27.05,27.83,25.95,83.4,2.56,3.98,2.28,100.1
20060208,2.11,5.0059,3.8278,2.0458,0.48,27.69,29.19,26.34,78.95,2.18,3.08,1.95,100.14
20060209,4.51,5.4101,4.1083,2.1624,0.52,28.59,29.78,27.64,77.0,3.07,3.63,2.7,100.19
20060210,14.7,5.4307,3.2354,2.5296,0.52,27.03,27.82,26.66,83.99,3.48,5.72,3.09,100.2
20060211,6.58,4.8922,1.4789,2.8289,0.47,26.23,26.68,25.56,83.39,2.01,3.87,1.77,100.21
20060212,0.86,5.7962,3.9694,2.352,0.56,27.15,28.06,25.96,77.52,1.32,2.4,1.18,100.09
20060213,1.41,5.4833,3.9953,2.2361,0.53,28.23,28.71,27.91,75.97,2.13,3.39,1.9,99.99
20060214,5.44,4.7292,1.2029,3.0074,0.45,27.89,28.41,27.45,81.52,3.0,4.09,2.67,99.97
20060215,9.9,3.9562,0.2321,2.9198,0.38,27.43,27.99,27.0,84.24,3.07,4.7,2.73,99.98
20060216,1.43,5.267,1.3099,3.3396,0.5,27.47,28.12,26.68,79.02,1.91,2.7,1.7,100.0
20060217,2.92,5.6794,3.3823,2.5606,0.54,28.22,29.3,27.34,75.67,2.31,3.57,2.05,99.99
20060218,14.55,4.469,1.1429,2.7002,0.43,27.11,27.36,26.57,84.5,2.71,4.13,2.43,100.09
20060219,8.49,5.0266,2.9189,2.2658,0.48,27.29,27.72,26.8,82.55,2.38,4.63,2.1,99.96
20060220,8.16,4.8566,2.7636,2.2786,0.46,27.81,28.47,27.02,82.5,3.23,4.92,2.85,99.93
20060221,5.95,4.6932,0.8482,3.2892,0.45,27.25,28.01,26.6,82.05,1.64,2.76,1.46,99.84
20060222,26.29,4.4436,0.6638,3.0036,0.42,28.0,28.94,27.24,81.87,3.16,4.08,2.8,99.77
20060223,39.16,4.4938,0.6166,3.2203,0.43,27.71,28.91,26.92,80.73,2.88,4.61,2.56,99.76
20060224,30.24,3.2887,0.0458,2.4161,0.31,27.13,27.92,26.51,84.58,2.36,4.92,2.12,99.75
20060225,47.39,2.4871,0.241,1.7909,0.24,26.69,27.08,26.11,86.97,3.33,6.36,2.93,99.82
20060226,8.27,4.5202,0.7222,3.0442,0.43,26.76,27.52,25.83,85.4,4.18,5.49,3.63,99.96
20060227,6.45,6.7985,6.3269,1.8936,0.65,26.59,27.51,25.52,82.54,3.96,4.82,3.45,100.09
20060228,0.88,6.5731,4.6466,2.5718,0.63,26.91,27.68,25.46,70.96,1.73,4.17,1.53,100.12
20060301,0.01,6.1728,2.8872,3.1183,0.59,28.34,29.62,27.15,64.87,1.8,2.76,1.62,100.01
20060302,0.0,5.1312,2.2313,2.7547,0.49,28.83,29.86,27.99,64.87,1.46,2.95,1.33,100.0
20060303,1.43,5.2536,3.0077,2.4986,0.5,28.01,28.71,27.41,77.28,3.21,6.05,2.81,100.04
20060304,2.21,5.6009,3.1627,2.6088,0.53,27.97,29.01,27.25,80.72,3.77,4.62,3.3,100.11
20060305,1.47,5.0726,2.4082,2.5618,0.48,27.42,27.8,27.06,79.29,2.14,4.38,1.86,100.23
20060306,0.79,5.7269,4.218,2.0856,0.54,27.92,29.01,26.91,75.17,1.69,3.01,1.51,100.18
20060307,1.22,6.0694,3.1327,2.8824,0.58,28.22,29.29,27.39,76.66,1.7,3.14,1.53,100.1
20060308,1.44,5.3875,2.7454,2.7725,0.51,27.64,27.92,27.32,81.86,2.08,2.96,1.85,100.15
20060309,1.31,4.9226,1.7758,2.6213,0.47,27.68,28.44,26.99,81.1,4.04,5.52,3.51,100.22
20060310,1.86,5.5956,2.9508,2.605,0.53,27.86,29.34,26.35,71.17,2.91,4.18,2.56,100.15
20060311,0.96,5.7245,2.7578,2.8702,0.54,27.72,28.31,27.27,76.17,1.79,2.73,1.59,100.04
20060312,4.45,3.5765,0.5801,2.2517,0.34,28.1,28.76,27.52,78.29,3.07,3.7,2.68,100.0
20060313,7.93,5.2027,3.2282,2.1401,0.49,27.52,28.29,26.83,80.88,3.39,4.37,2.97,100.1
20060314,1.02,4.9378,1.3145,2.905,0.47,27.33,27.84,26.87,78.41,2.17,2.76,1.93,100.13
20060315,11.65,5.4922,2.4197,2.8406,0.52,27.52,28.01,26.73,81.74,2.69,4.28,2.39,100.02
20060316,11.94,4.8718,1.1863,2.9683,0.46,27.31,27.85,27.09,85.64,4.05,5.1,3.51,99.87
20060317,49.85,4.2206,0.8112,2.6642,0.4,27.34,27.51,27.04,85.53,3.18,4.8,2.77,99.87
20060318,64.79,5.0942,0.7807,3.5935,0.49,27.59,28.03,27.28,83.51,4.36,5.89,3.78,99.88
20060319,19.48,3.0576,0.0413,2.2704,0.29,26.37,27.29,25.92,83.19,2.64,6.22,2.31,99.94
20060320,6.12,5.3191,1.1258,3.7579,0.51,26.88,27.66,26.21,80.2,1.98,3.12,1.77,99.88
20060321,15.42,4.1078,0.0708,3.061,0.39,27.25,27.74,26.77,86.41,4.28,5.81,3.72,99.83
20060322,50.73,3.1747,0.0067,2.3947,0.3,27.23,27.92,26.66,88.08,5.16,7.8,4.42,99.77
20060323,44.79,2.7641,0.0002,2.0988,0.26,27.49,27.8,27.01,86.34,6.87,8.27,5.78,99.75
20060324,27.69,3.6372,0.1102,2.7463,0.35,27.8,28.14,27.31,85.28,8.07,8.97,6.73,99.78
20060325,12.25,4.4906,2.0146,2.6232,0.43,27.94,28.44,27.44,82.3,6.52,8.1,5.51,99.89
20060326,21.66,3.6833,0.1874,2.7307,0.35,27.85,28.22,27.33,84.87,6.7,7.77,5.64,99.97
20060327,17.47,3.1392,0.0727,2.3436,0.3,26.97,27.3,26.58,86.17,6.34,8.41,5.38,100.04
20060328,2.83,4.8785,0.7841,3.546,0.47,27.23,27.83,26.35,82.1,2.96,5.33,2.63,100.06
20060329,3.13,5.4804,1.8221,3.2064,0.53,27.03,27.67,26.46,80.49,2.21,2.97,1.98,100.15
20060330,3.63,5.887,2.8908,3.09,0.57,27.84,28.61,27.25,78.87,3.36,4.57,2.96,100.12
20060331,12.59,4.637,1.157,2.7744,0.45,27.46,27.98,26.84,84.19,3.86,5.1,3.37,100.15
20060401,44.01,5.1787,0.876,3.7759,0.5,26.74,27.32,26.33,84.12,2.51,3.08,2.23,100.18
20060402,37.38,5.1528,1.734,3.1056,0.5,26.73,27.21,26.23,84.42,2.37,3.33,2.11,100.15
20060403,3.76,5.375,2.4823,2.7106,0.52,27.34,28.35,26.14,77.88,1.46,1.92,1.33,100.06
20060404,8.32,4.4851,0.8244,3.0629,0.43,26.79,27.29,26.32,84.36,1.59,2.47,1.42,100.09
20060405,2.49,6.2554,3.8131,3.0286,0.61,26.86,27.33,26.28,81.63,1.93,3.1,1.72,100.05
20060406,2.56,5.4204,2.3431,2.8937,0.53,27.18,27.88,26.63,78.92,1.55,2.93,1.38,99.98
20060407,8.29,4.6714,0.9084,2.9851,0.45,26.74,27.26,26.27,85.07,2.0,3.84,1.76,99.96
20060408,25.53,5.1002,2.7166,2.4631,0.5,26.29,26.99,25.9,87.09,3.92,4.68,3.4,99.95
20060409,6.96,4.3226,0.5626,3.1162,0.42,26.4,26.96,25.8,85.3,4.13,5.44,3.61,100.03
20060410,3.96,5.7482,4.3334,2.6186,0.56,27.32,28.25,26.55,81.32,2.68,3.77,2.37,100.01
20060411,5.11,5.0678,0.8796,3.3065,0.5,25.92,26.83,25.31,87.0,3.85,5.4,3.37,100.07
20060412,17.45,5.9381,4.3267,2.2138,0.58,27.02,28.26,25.58,77.06,2.03,3.66,1.81,99.91
20060413,19.63,5.2402,2.2603,2.7581,0.51,26.62,27.08,26.05,83.61,1.54,2.58,1.35,99.93
20060414,3.24,4.8406,1.4412,2.7506,0.48,27.29,28.36,25.91,76.79,1.26,2.38,1.15,99.99
20060415,6.59,5.5435,4.2024,1.9874,0.55,26.65,27.12,26.02,83.82,2.02,2.7,1.79,100.01
20060416,15.07,3.6062,0.7099,2.3942,0.36,25.83,26.7,25.17,85.97,2.3,3.0,2.03,100.01
20060417,1.91,6.3175,4.8154,2.2658,0.62,26.58,27.44,25.41,80.19,1.93,2.92,1.73,99.97
20060418,2.2,4.9188,0.9703,3.1315,0.49,27.0,27.36,26.56,81.97,2.03,2.96,1.78,100.0
20060419,15.42,5.0539,1.7479,3.0902,0.5,26.86,27.51,25.99,83.73,2.29,3.36,2.02,100.07
20060420,21.33,3.4786,0.7987,1.9853,0.35,26.59,26.85,26.35,87.26,3.69,4.04,3.23,100.05
20060421,17.07,3.4829,0.0667,2.627,0.35,26.95,27.36,26.38,86.39,4.74,5.45,4.08,99.96
20060422,10.23,4.7294,1.267,3.1433,0.47,26.94,27.6,26.57,85.99,4.73,6.82,4.08,99.9
20060423,14.83,4.4513,0.8297,3.162,0.44,27.05,27.57,26.58,86.42,5.8,7.74,4.93,99.97
20060424,5.89,4.9476,1.999,3.1577,0.5,26.83,27.27,26.36,85.41,4.38,5.49,3.81,100.02
20060425,0.94,5.1161,1.9342,3.1214,0.51,27.06,27.41,26.64,84.43,4.3,5.05,3.74,99.92
20060426,4.39,5.4257,3.8369,2.1122,0.55,27.38,27.92,26.81,85.04,3.88,6.35,3.38,99.91
20060427,2.61,4.4138,0.3338,3.2844,0.44,26.32,27.03,25.01,80.4,1.94,6.2,1.7,100.07
20060428,0.92,5.9441,4.7477,2.2248,0.6,27.41,28.0,26.67,79.23,1.42,2.22,1.24,99.99
20060429,2.18,2.604,0.2078,1.9106,0.26,27.19,27.58,26.9,82.4,1.37,2.36,1.21,99.99
20060430,0.51,6.671,6.7042,1.5706,0.68,27.29,27.92,26.48,82.6,1.43,1.75,1.27,100.06
20060501,0.1,6.1214,5.5742,1.8269,0.62,27.68,28.33,27.25,78.42,1.3,2.0,1.14,100.08
20060502,0.17,5.5085,2.7379,2.993,0.56,27.23,27.57,26.95,78.24,1.2,1.78,1.06,100.1
20060503,0.09,5.7384,3.5842,2.5942,0.58,27.97,28.82,27.29,71.83,1.2,2.29,1.06,100.06
20060504,0.84,5.7586,4.7237,1.9128,0.59,28.17,28.95,27.59,73.46,1.63,2.64,1.44,100.13
20060505,4.75,4.2643,0.635,2.971,0.44,27.5,27.85,27.07,82.11,2.8,3.25,2.46,100.19
20060506,3.83,3.7548,0.3773,2.5987,0.38,26.87,27.2,26.5,86.29,3.35,4.63,2.94,100.18
20060507,1.35,6.2542,5.9086,1.7738,0.64,27.32,27.84,26.63,81.39,2.03,2.65,1.81,100.06
20060508,7.32,5.7614,5.544,1.7215,0.59,28.04,28.74,27.47,74.93,1.3,1.88,1.14,99.99
20060509,18.98,3.8038,0.7337,2.5918,0.39,27.66,28.12,27.33,79.18,1.89,2.73,1.66,99.99
20060510,0.76,4.3236,1.9896,2.3304,0.45,27.3,27.55,26.82,80.84,2.08,2.99,1.83,99.97
20060511,1.44,3.7766,1.1642,2.2387,0.39,27.68,28.12,27.19,81.58,1.93,3.74,1.72,100.01
20060512,0.21,4.4033,2.665,1.9898,0.46,28.02,28.77,27.3,78.09,3.58,4.83,3.14,100.1
20060513,1.16,4.56,1.4909,2.5723,0.47,27.94,28.47,27.49,80.79,2.41,3.32,2.14,100.06
20060514,0.42,5.4756,4.4021,1.9183,0.57,26.93,27.27,26.64,84.09,1.49,2.23,1.33,100.05
20060515,1.5,4.6003,0.593,3.4418,0.48,27.41,27.92,26.54,81.45,1.84,2.93,1.65,100.01
20060516,9.58,4.6534,1.4551,2.8075,0.49,28.05,28.53,27.48,80.52,3.6,4.25,3.15,100.0
20060517,2.08,4.0896,0.451,2.964,0.43,28.13,28.86,27.54,77.54,4.33,4.99,3.75,100.03
20060518,0.21,5.0184,1.8521,2.9335,0.53,28.06,28.9,27.42,75.81,2.6,3.93,2.32,99.96
20060519,1.73,5.0935,2.7936,2.7629,0.54,27.76,27.98,27.51,77.66,3.59,4.92,3.12,99.95
20060520,1.5,4.7599,2.2008,2.7838,0.5,27.72,28.46,27.06,76.41,2.26,3.25,1.99,99.99
20060521,0.35,4.4741,0.6305,3.2196,0.47,27.32,27.92,26.36,72.15,1.35,2.69,1.19,100.04
20060522,7.57,3.2827,0.1922,2.4437,0.35,27.51,27.92,26.79,74.34,1.17,1.85,1.04,100.05
20060523,3.18,4.0867,0.3854,3.0852,0.43,27.08,27.53,26.47,79.0,1.75,2.47,1.55,99.97
20060524,13.53,5.2562,3.9314,2.2776,0.56,27.51,27.89,27.12,81.02,2.9,3.45,2.55,99.87
20060525,8.28,4.6951,3.5633,1.8806,0.5,27.38,28.0,26.94,80.97,2.36,3.05,2.11,99.94
20060526,15.05,3.8578,2.418,1.7676,0.41,27.56,28.15,26.93,84.61,4.75,5.31,4.08,100.11
20060527,7.01,4.811,1.548,3.1769,0.51,27.05,27.54,26.55,83.87,3.36,4.5,2.94,100.18
20060528,3.16,3.2806,0.1505,2.4372,0.35,27.46,27.9,26.93,79.73,3.09,4.32,2.71,100.1
20060529,0.59,5.9686,5.8008,1.704,0.64,27.78,28.54,27.03,77.69,1.86,3.04,1.66,100.0
20060530,0.33,5.9143,5.4826,1.913,0.63,27.4,28.16,26.61,83.13,2.32,2.91,2.07,100.03
20060531,0.34,5.5685,4.6262,2.0004,0.6,28.06,28.97,26.95,78.43,2.02,2.77,1.84,100.05
20060601,0.59,5.1955,4.0238,2.0393,0.56,27.95,28.46,27.5,79.93,1.85,2.87,1.66,100.1
20060602,0.85,5.1274,3.4822,2.2337,0.55,27.44,28.04,26.81,76.77,1.33,1.82,1.18,100.17
20060603,0.33,6.3638,6.3643,1.6562,0.68,27.53,28.18,26.91,78.36,2.35,3.29,2.09,100.08
20060604,0.54,5.7996,4.8662,2.1919,0.62,27.3,27.56,26.89,78.2,1.71,2.14,1.52,100.09
20060605,2.78,5.5476,4.8036,1.9639,0.6,27.37,28.04,26.43,76.43,1.18,1.71,1.08,100.1
20060606,43.59,4.7393,3.1826,2.1307,0.51,27.34,27.71,26.88,81.71,2.82,4.06,2.5,100.07
20060607,15.11,4.4146,2.3366,2.3441,0.48,27.04,27.47,26.44,79.55,1.95,2.58,1.76,100.08
20060608,3.35,4.6164,2.7814,2.2879,0.5,26.82,27.38,26.27,83.69,3.85,4.77,3.36,100.09
20060609,2.74,3.9175,0.6353,2.7893,0.42,26.69,27.55,25.47,77.99,1.76,2.89,1.56,100.15
20060610,2.12,4.2535,3.0252,1.7458,0.46,27.45,27.77,27.09,76.18,2.15,2.69,1.91,100.15
20060611,1.66,4.374,1.3932,2.5673,0.47,27.04,27.68,26.25,77.16,1.85,3.36,1.66,100.2
20060612,1.59,4.3375,2.4761,2.1629,0.47,27.26,27.63,26.81,79.44,2.44,3.26,2.15,100.05
20060613,1.09,3.7234,1.0234,2.2366,0.4,27.02,27.4,26.38,82.18,2.3,3.72,2.04,99.96
20060614,1.3,4.7926,2.3184,2.4864,0.52,27.22,27.77,26.61,80.77,1.66,2.31,1.46,99.97
20060615,1.78,4.1748,0.8448,2.7514,0.45,27.33,27.6,26.99,78.91,1.11,1.83,1.01,100.0
20060616,9.09,3.3516,1.5055,1.8,0.36,26.75,27.57,25.61,79.81,1.91,3.06,1.71,100.07
20060617,6.37,4.787,2.9647,2.3016,0.52,27.36,27.94,26.52,82.97,3.13,4.11,2.74,99.95
20060618,29.55,4.1035,1.4645,2.3345,0.45,27.73,28.66,26.96,78.28,2.38,3.46,2.12,99.8
20060619,23.68,3.821,0.6521,2.8034,0.42,27.2,27.65,26.51,84.13,3.45,5.68,2.99,99.81
20060620,9.48,3.4306,0.4253,2.3278,0.37,28.0,29.0,26.95,77.13,2.67,5.71,2.35,99.79
20060621,4.65,4.175,2.9885,1.9776,0.45,28.0,28.82,27.0,79.23,1.49,2.57,1.38,99.74
20060622,11.24,2.7211,0.241,2.0789,0.3,28.07,29.31,27.21,81.24,2.15,3.9,1.92,99.72
20060623,33.34,3.8921,1.6764,2.1041,0.42,27.09,27.43,26.28,89.34,6.63,9.02,5.6,99.81
20060624,14.6,3.6187,0.3358,2.6748,0.39,26.35,26.98,25.96,86.03,3.62,5.05,3.18,100.08
20060625,0.09,3.5443,0.5803,2.4574,0.39,26.88,27.51,26.07,80.08,2.27,3.42,2.02,100.12
20060626,0.17,6.0247,6.0017,1.6841,0.66,27.72,28.41,26.77,80.84,4.1,4.74,3.55,100.1
20060627,0.19,6.3792,6.5803,1.5754,0.69,27.53,28.35,26.88,79.11,3.5,4.89,3.04,100.12
20060628,0.25,5.658,5.4941,1.758,0.62,27.04,27.57,26.55,82.17,3.5,4.07,3.08,100.18
20060629,0.12,5.2102,4.0418,2.2142,0.57,27.42,28.0,26.68,78.69,4.19,4.92,3.63,100.19
20060630,0.12,5.3359,4.2367,2.1257,0.58,27.6,28.24,27.06,73.12,3.18,4.15,2.76,100.19
20060701,0.06,6.2335,6.3768,1.5871,0.68,27.63,28.25,27.2,73.22,3.01,3.74,2.64,100.19
20060702,0.26,4.9505,5.076,1.6044,0.54,27.43,28.09,26.88,75.2,2.41,3.36,2.11,100.17
20060703,0.01,5.9345,5.5217,1.9313,0.64,27.56,28.32,26.69,73.44,1.29,2.21,1.15,100.08
20060704,0.64,5.5795,5.0282,1.967,0.61,27.97,28.7,27.27,79.12,2.78,3.63,2.45,100.04
20060705,3.77,5.0465,3.8268,2.1149,0.55,27.92,28.52,27.52,84.39,3.5,4.17,3.04,100.1
20060706,2.66,5.6633,4.4323,2.1924,0.61,27.88,28.42,27.62,82.78,2.82,4.24,2.46,100.16
20060707,3.68,4.5785,4.8187,1.4134,0.5,27.86,28.51,27.27,79.76,2.75,3.34,2.39,100.12
20060708,9.48,4.001,2.0976,2.1298,0.43,27.53,28.15,27.08,83.83,3.92,4.9,3.41,100.06
20060709,29.04,3.6862,0.4354,2.7062,0.4,27.3,27.86,26.42,83.77,4.42,6.03,3.81,100.05
20060710,9.85,3.7387,0.1294,2.82,0.4,26.51,26.9,25.87,81.17,1.6,2.85,1.42,100.16
20060711,22.55,4.1494,0.937,2.6035,0.45,25.86,26.48,25.23,84.48,2.02,2.88,1.78,100.24
20060712,1.74,3.707,0.4027,2.5848,0.4,26.09,26.87,25.49,84.31,2.49,3.12,2.2,100.18
20060713,6.37,3.9538,0.9053,2.7022,0.43,26.16,26.88,25.4,81.93,2.03,2.99,1.78,100.12
20060714,6.22,4.8271,2.6282,2.8505,0.52,27.03,27.74,26.12,83.04,2.59,2.91,2.3,100.02
20060715,4.27,4.4386,2.8279,2.8166,0.48,27.29,27.88,26.79,81.82,2.59,5.23,2.29,100.05
20060716,1.17,4.297,2.9158,2.1667,0.46,27.51,28.59,26.53,82.25,2.74,4.08,2.43,100.02
20060717,1.19,5.1523,3.2513,2.8925,0.55,27.73,28.22,27.29,82.53,3.18,3.96,2.8,99.96
20060718,0.39,5.6947,3.9067,2.435,0.61,27.1,27.85,26.7,81.42,1.97,3.58,1.76,100.08
20060719,1.36,3.1238,0.7255,1.9867,0.33,26.76,27.27,26.2,81.95,2.04,3.44,1.83,100.15
20060720,0.58,5.7617,4.1614,2.418,0.61,27.55,28.49,26.49,73.76,1.54,2.25,1.38,100.17
20060721,0.03,6.271,5.9333,1.7789,0.67,27.36,28.02,26.87,77.22,1.93,2.67,1.73,100.16
20060722,0.12,5.6933,3.8645,2.459,0.61,27.26,27.96,26.7,76.72,1.44,2.53,1.29,100.19
20060723,0.09,4.4275,0.8791,3.1663,0.47,27.66,28.3,27.25,72.69,1.33,2.28,1.19,100.19
20060724,2.17,5.3863,3.2366,2.4744,0.57,27.11,27.49,26.67,79.32,1.6,2.37,1.41,100.26
20060725,5.06,4.7988,3.655,1.9166,0.51,26.91,27.88,26.07,79.62,2.09,3.52,1.86,100.22
20060726,3.6,5.1845,3.9283,2.136,0.55,26.86,27.37,26.28,80.1,2.58,3.98,2.24,100.28
20060727,2.45,4.8286,2.8829,2.2694,0.51,26.98,27.65,25.89,77.15,1.81,2.83,1.6,100.13
20060728,7.58,4.951,3.565,1.9944,0.52,26.46,27.32,25.79,84.49,3.5,4.34,3.08,100.05
20060729,8.89,3.5455,0.131,2.6131,0.37,26.59,26.9,26.28,86.51,5.31,6.7,4.56,100.04
20060730,1.43,5.3707,3.1982,2.4744,0.56,26.56,27.05,26.05,83.7,3.41,4.54,2.98,100.17
20060731,0.11,4.1995,0.5107,2.9993,0.44,26.51,26.8,26.17,79.35,2.18,3.64,1.91,100.18
20060801,4.8,5.9638,5.8502,1.5737,0.62,26.52,26.97,26.04,78.68,1.94,2.67,1.73,100.09
20060802,4.25,4.9728,2.9143,2.293,0.52,26.22,26.81,25.71,79.82,1.86,2.97,1.64,100.03
20060803,0.3,5.3282,4.1318,2.1329,0.56,27.45,28.23,26.73,73.96,2.15,2.78,1.9,100.05
20060804,3.65,5.3899,3.51,2.9268,0.56,27.53,28.03,26.76,78.6,2.44,3.51,2.15,100.08
20060805,1.16,6.2434,5.8517,1.8593,0.65,27.97,29.21,26.75,72.31,2.37,3.48,2.08,100.11
20060806,3.67,5.4751,4.4186,2.0621,0.57,28.05,29.03,27.25,75.24,4.1,4.91,3.55,100.15
20060807,39.06,3.0562,1.0829,1.74,0.32,27.28,27.7,26.89,81.98,6.12,7.03,5.18,100.19
20060808,19.4,4.7014,3.733,1.8329,0.49,26.69,27.12,26.06,81.4,5.69,7.32,4.83,100.21
20060809,2.95,4.5612,1.0838,3.0065,0.47,26.84,27.65,25.59,80.0,4.7,7.01,3.98,100.17
20060810,0.87,4.7124,3.3031,2.1718,0.49,26.99,27.66,25.4,77.95,4.74,5.33,4.07,100.15
20060811,0.12,4.9003,2.4485,2.4703,0.5,27.26,27.99,26.62,76.06,4.51,5.21,3.88,100.13
20060812,0.24,5.521,3.9977,2.3309,0.57,26.89,27.56,26.34,77.69,4.37,4.76,3.77,100.11
20060813,0.01,5.0254,2.0568,2.771,0.52,26.92,27.94,25.96,78.91,4.02,4.36,3.49,100.05
20060814,0.3,4.5091,2.4017,2.3945,0.46,26.94,27.66,26.29,78.61,4.82,5.83,4.13,100.03
20060815,0.76,4.4866,1.0176,2.8526,0.46,26.89,27.4,26.16,79.86,4.83,5.33,4.15,99.99
20060816,0.08,4.1858,0.3785,2.9983,0.43,27.14,28.33,26.07,79.22,3.64,5.15,3.17,99.91
20060817,2.16,5.3561,4.1491,1.9903,0.55,27.26,27.66,26.77,81.08,2.86,3.96,2.51,99.93
20060818,27.15,3.9696,2.0592,1.8658,0.4,26.91,27.42,26.35,84.32,3.33,3.88,2.9,100.11
20060819,7.23,5.0602,2.3614,2.7084,0.51,26.52,27.01,25.97,84.37,2.54,3.36,2.24,100.2
20060820,0.38,4.2626,1.506,2.4955,0.43,26.78,27.13,26.53,83.29,3.23,5.03,2.81,100.13
20060821,0.74,5.0206,2.6686,2.4403,0.51,26.56,27.56,25.57,81.18,3.56,5.48,3.11,100.13
20060822,0.75,5.0383,2.6136,2.4134,0.51,27.72,28.71,26.87,80.66,4.49,5.06,3.88,100.07
20060823,0.48,5.3165,2.9753,2.5843,0.54,27.84,29.06,26.77,79.48,4.78,5.69,4.12,100.02
20060824,1.71,4.4592,2.5226,2.0506,0.45,27.7,28.9,26.45,78.91,4.99,5.48,4.27,100.03
20060825,7.17,4.1174,1.6894,2.2466,0.41,27.73,28.87,26.77,81.74,5.74,6.11,4.86,100.06
20060826,4.78,3.3041,1.217,1.8413,0.33,27.14,28.19,26.33,82.46,5.71,7.29,4.87,100.07
20060827,1.13,4.3505,1.8425,2.2618,0.44,26.41,27.29,25.44,83.8,5.01,5.66,4.34,100.05
20060828,0.77,3.1349,0.0761,2.3359,0.31,26.88,27.88,26.13,80.51,4.87,5.71,4.21,100.01
20060829,34.29,3.9,1.0236,2.2884,0.39,26.07,26.6,25.51,86.32,5.09,6.81,4.38,100.1
20060830,19.31,3.1358,0.053,2.3606,0.31,25.53,25.84,25.06,86.85,4.15,5.43,3.58,100.23
20060831,16.93,3.1675,0.3917,2.1065,0.31,25.32,25.81,24.91,85.89,2.59,2.86,2.29,100.22
20060901,0.67,4.3795,0.6379,2.8469,0.43,25.95,27.03,24.79,84.67,4.2,6.34,3.66,100.14
20060902,7.94,4.3373,2.4617,2.0801,0.43,26.45,27.26,25.58,83.07,5.93,8.05,5.06,100.14
20060903,9.61,4.8646,2.4689,2.4674,0.48,26.71,27.62,25.99,82.96,4.54,6.21,3.93,100.05
20060904,16.01,3.2806,0.6679,1.9615,0.32,25.7,26.21,25.28,88.05,5.15,6.63,4.45,100.05
20060905,6.03,4.0711,0.7462,2.6774,0.4,25.97,26.5,25.31,85.55,4.35,5.5,3.8,100.04
20060906,5.11,3.5093,1.075,2.0275,0.35,26.41,27.04,25.81,85.16,5.67,7.18,4.86,99.93
20060907,5.59,2.7852,0.3576,1.8876,0.27,26.68,27.58,25.92,84.67,5.2,7.31,4.46,99.95
20060908,1.76,3.7133,0.4169,2.5706,0.36,26.56,27.83,25.74,85.19,4.84,5.81,4.19,99.96
20060909,6.27,2.4302,0.1486,1.7638,0.24,25.72,26.04,25.43,90.03,5.23,6.54,4.51,100.06
20060910,6.77,3.5777,1.7191,1.8209,0.35,26.13,26.48,25.53,86.09,4.86,5.58,4.19,100.1
20060911,0.33,4.8355,3.3324,2.0616,0.47,26.2,27.02,25.46,85.88,4.83,5.72,4.16,100.04
20060912,0.78,4.3594,2.0801,2.3026,0.43,26.17,27.23,25.32,85.04,4.96,5.84,4.28,100.1
20060913,3.83,3.857,1.5,2.1324,0.38,25.33,26.15,24.55,88.36,5.34,5.75,4.6,100.28
20060914,2.98,3.6998,0.7423,2.4108,0.36,25.3,25.88,24.71,84.1,3.78,5.67,3.29,100.29
20060915,4.19,1.9627,0.1166,1.4405,0.19,25.42,26.41,24.53,86.04,4.1,5.54,3.57,100.28
20060916,14.76,4.0591,0.7766,2.6419,0.4,25.8,26.83,24.83,86.42,4.29,6.1,3.73,100.32
20060917,4.69,4.5708,0.8186,3.1306,0.44,25.9,26.77,25.18,85.58,5.33,6.36,4.57,100.27
20060918,4.52,4.1129,0.7582,2.6172,0.4,25.45,25.89,24.89,89.95,4.83,6.32,4.17,100.25
20060919,1.58,5.142,2.6201,2.4886,0.5,26.11,26.91,25.03,85.74,4.27,5.7,3.71,100.26
20060920,0.3,4.9733,3.4111,2.0316,0.48,26.52,27.57,25.37,83.45,4.6,5.32,3.97,100.22
20060921,7.96,3.5698,0.9324,2.1554,0.35,26.22,26.68,25.82,85.5,4.96,6.16,4.26,100.23
20060922,7.85,4.0174,0.6374,2.5008,0.39,26.39,26.98,25.68,83.29,4.98,5.54,4.28,100.22
20060923,4.39,3.6785,0.3468,2.5147,0.36,26.43,27.07,25.92,82.11,5.76,6.8,4.89,100.2
20060924,0.5,5.1679,2.267,2.6654,0.5,26.31,27.14,25.71,81.67,5.46,6.46,4.66,100.26
20060925,0.09,5.7487,2.7962,2.9374,0.56,25.9,26.59,25.24,80.35,4.69,5.9,4.04,100.27
20060926,0.25,4.9229,1.3246,2.8855,0.48,25.86,26.69,24.96,79.56,4.34,5.01,3.75,100.21
20060927,0.27,5.1103,2.1646,2.7137,0.49,26.04,26.65,25.43,79.55,5.17,5.96,4.43,100.13
20060928,0.01,5.5277,2.8078,2.8267,0.53,26.15,27.0,25.32,79.29,4.72,5.61,4.07,100.14
20060929,0.01,4.4237,1.2353,2.5562,0.43,26.0,26.75,25.09,81.27,3.97,4.77,3.45,100.22
20060930,0.43,4.23,0.7646,2.628,0.41,26.17,26.87,25.48,82.71,3.55,5.5,3.09,100.23
20061001,4.65,4.2072,1.1983,2.3369,0.41,26.43,27.09,25.7,82.49,5.31,5.92,4.54,100.21
20061002,2.39,3.9607,1.0649,2.3578,0.38,26.36,26.98,25.54,81.24,4.81,5.78,4.13,100.18
20061003,0.19,5.7494,3.3866,2.5896,0.55,26.38,27.09,25.65,79.58,5.69,6.65,4.84,100.23
20061004,0.9,4.3822,1.1899,2.6832,0.42,26.52,27.56,25.51,80.92,5.06,6.47,4.33,100.21
20061005,1.02,4.6858,1.2391,2.6726,0.45,26.39,27.08,25.67,84.3,4.51,5.41,3.88,100.24
20061006,3.25,3.5472,1.1614,2.0309,0.34,26.14,26.64,25.6,86.41,4.32,4.78,3.72,100.28
20061007,0.42,4.9591,2.3239,2.4168,0.48,26.04,26.98,25.03,85.58,3.71,4.55,3.22,100.27
20061008,0.19,4.6601,1.6006,2.6777,0.45,25.94,26.47,25.4,84.98,3.83,4.4,3.32,100.3
20061009,0.0,4.5941,1.7734,2.635,0.44,26.27,27.12,25.51,81.03,3.26,4.17,2.84,100.37
20061010,0.36,4.9774,1.915,2.7005,0.48,26.35,27.21,25.59,82.89,3.18,3.68,2.78,100.45
20061011,0.27,4.2713,1.2257,2.545,0.41,26.47,27.25,25.53,83.01,3.24,3.79,2.83,100.42
20061012,0.12,3.9406,1.3906,2.245,0.38,26.51,27.05,25.95,82.91,5.36,6.22,4.57,100.43
20061013,0.88,3.858,1.1753,2.1677,0.37,26.13,26.42,25.81,83.46,3.38,5.5,2.94,100.47
20061014,1.58,4.1398,1.7782,2.1062,0.4,26.13,26.91,25.37,84.13,4.44,5.33,3.81,100.34
20061015,2.24,1.7184,0.121,1.1645,0.17,25.64,25.89,25.32,88.3,5.46,6.72,4.66,100.25
20061016,0.59,2.2193,0.2892,1.644,0.21,26.11,27.29,24.98,85.97,5.54,6.23,4.7,100.24
20061017,0.58,3.5328,0.6871,2.1535,0.34,26.46,27.59,25.62,85.47,4.92,6.31,4.18,100.14
20061018,1.8,2.928,0.4903,1.7774,0.28,26.44,27.54,25.51,87.1,3.82,4.75,3.29,100.08
20061019,4.04,2.2356,0.2875,1.4959,0.22,26.22,27.27,25.36,88.54,4.52,4.82,3.86,100.06
20061020,4.14,1.931,0.0444,1.4587,0.19,26.1,26.96,25.38,88.02,4.33,4.79,3.7,100.09
20061021,2.1,2.0098,0.0893,1.5014,0.19,25.99,26.88,25.27,88.05,4.48,5.31,3.84,100.09
20061022,2.54,2.1276,0.2825,1.3999,0.21,25.75,26.83,25.0,88.62,4.56,6.38,3.92,100.06
20061023,3.3,1.914,0.1812,1.3992,0.19,25.57,26.49,24.84,89.08,4.33,7.05,3.74,100.05
20061024,2.58,1.9951,0.2746,1.2946,0.19,26.23,27.03,25.06,88.19,3.48,4.03,3.03,100.01
20061025,4.03,3.7133,1.177,2.089,0.36,26.39,27.38,25.48,87.57,3.01,3.83,2.66,100.01
20061026,1.19,3.5177,0.9612,2.015,0.34,26.04,26.76,25.44,87.89,3.7,4.64,3.22,100.12
20061027,1.24,4.1597,1.5329,2.2982,0.4,25.7,26.42,24.99,87.54,4.54,5.91,3.9,100.14
20061028,2.71,3.2023,0.3389,2.1583,0.31,25.56,26.5,24.65,87.56,4.68,5.6,4.02,100.07
20061029,2.09,3.8666,0.378,2.645,0.38,25.58,26.56,24.87,86.85,4.4,5.6,3.77,99.99
20061030,1.78,4.073,1.1287,2.9189,0.4,25.67,26.58,24.95,88.79,4.59,5.5,3.89,100.03
20061031,2.41,2.4677,0.0958,1.7926,0.24,25.09,25.98,24.12,84.94,2.75,4.96,2.37,100.09
20061101,1.45,2.7094,0.1668,1.8919,0.26,25.22,26.54,24.26,85.64,1.57,2.81,1.37,100.02
20061102,2.39,3.9838,0.3917,2.8622,0.39,25.27,25.88,24.75,89.93,3.42,4.87,2.96,99.98
20061103,1.71,4.7059,2.3822,2.3222,0.46,26.13,27.32,25.04,87.9,3.88,4.33,3.34,99.96
20061104,1.82,3.0252,0.9358,1.6829,0.3,26.64,27.33,25.83,87.68,3.31,4.42,2.89,99.98
20061105,1.63,3.3041,0.8107,1.9339,0.32,26.85,27.88,26.15,85.36,2.43,3.84,2.17,100.02
20061106,2.6,3.6835,1.0766,2.2147,0.36,26.56,27.25,26.09,85.42,1.96,3.09,1.78,100.06
20061107,3.59,3.305,0.6298,1.9788,0.32,26.53,27.48,25.65,85.23,3.68,4.22,3.23,100.04
20061108,2.62,3.9814,1.0565,2.3779,0.39,26.81,27.9,25.98,84.56,3.02,3.9,2.68,100.1
20061109,1.98,4.1249,1.2038,2.562,0.4,26.83,27.81,25.98,84.01,2.52,3.34,2.27,100.2
20061110,4.0,4.421,1.5689,2.4679,0.43,26.91,27.57,26.4,84.69,2.43,3.55,2.21,100.13
20061111,4.43,3.7786,0.3922,2.5006,0.37,26.41,27.52,25.51,84.82,1.92,4.23,1.8,100.1
20061112,3.24,4.9524,2.3306,2.5474,0.49,26.41,27.54,25.55,83.31,1.56,3.25,1.41,100.02
20061113,28.46,3.7044,0.7913,2.3525,0.37,26.5,27.26,26.03,85.6,2.48,3.68,2.23,99.97
20061114,9.16,4.7966,1.439,2.742,0.47,26.69,27.58,25.73,84.09,1.98,3.02,1.8,100.05
20061115,4.37,2.988,0.3331,2.0666,0.3,27.43,28.39,26.78,83.21,1.95,3.15,1.81,100.02
20061116,1.05,4.5233,2.2944,2.2776,0.45,27.18,28.06,26.22,83.2,2.92,4.92,2.61,99.9
20061117,1.61,4.217,2.1151,2.3038,0.42,27.4,28.48,26.5,81.96,3.42,5.31,3.04,99.84
20061118,2.61,4.3255,2.0789,2.4439,0.43,26.94,27.89,25.98,86.39,2.43,3.29,2.21,99.8
20061119,9.14,3.6761,0.365,2.676,0.36,27.16,27.99,26.36,86.56,2.31,3.34,2.11,99.88
20061120,1.79,5.0191,2.363,2.7252,0.5,27.19,28.05,26.56,83.82,2.0,3.09,1.86,99.87
20061121,2.13,4.1496,2.0218,2.3018,0.41,26.98,27.74,26.02,83.47,2.34,3.03,2.13,99.89
20061122,21.82,3.8417,1.3562,2.3914,0.38,27.24,27.92,26.63,84.81,3.31,3.96,2.95,99.88
20061123,9.18,4.1052,2.0136,2.2277,0.41,26.78,27.46,26.41,86.87,3.17,4.94,2.78,99.97
20061124,6.8,4.1316,1.9092,2.4026,0.41,26.96,28.01,26.3,84.77,2.67,4.92,2.42,99.99
20061125,3.88,4.2319,3.0091,2.0155,0.42,26.87,27.94,25.96,83.85,2.08,4.25,1.89,99.9
20061126,7.22,4.3531,1.8391,2.7175,0.43,26.32,26.8,25.59,88.96,3.67,4.42,3.23,99.84
20061127,6.66,4.9896,2.2862,2.7756,0.5,25.72,26.02,25.53,88.7,3.14,4.71,2.73,99.92
20061128,1.79,5.016,1.7513,2.9359,0.5,26.93,27.87,25.88,79.04,1.77,2.85,1.58,99.93
20061129,5.16,4.3841,1.6217,2.7413,0.44,26.23,26.63,25.94,86.01,2.56,3.56,2.29,100.0
20061130,7.22,4.4597,1.0462,2.8949,0.45,26.16,27.07,25.28,85.81,3.01,4.2,2.67,99.97
20061201,36.86,4.4822,2.3472,2.7365,0.45,25.71,26.06,25.3,90.87,4.05,5.57,3.5,99.95
20061202,34.95,4.0742,0.775,2.8524,0.41,26.04,27.06,25.12,89.31,2.81,3.58,2.47,99.94
20061203,12.14,3.9972,1.0034,2.5932,0.4,25.67,26.11,25.36,90.06,2.94,3.38,2.63,100.03
20061204,6.22,3.8494,0.5155,2.7754,0.39,26.41,27.08,25.88,83.14,1.69,2.92,1.56,100.12
20061205,3.44,4.3246,1.7275,2.4706,0.43,26.45,27.26,25.59,81.45,2.35,3.64,2.1,100.13
20061206,5.33,4.4578,2.455,2.2694,0.45,26.67,27.08,26.34,85.77,4.04,5.11,3.49,100.03
20061207,9.03,4.2857,0.997,2.7946,0.43,26.24,26.66,25.94,88.64,3.12,3.87,2.73,100.07
20061208,13.49,5.7451,3.9386,2.4838,0.58,26.1,26.32,25.84,88.76,3.01,4.59,2.65,100.08
20061209,2.24,4.4873,1.0063,2.9731,0.45,26.49,26.93,25.95,83.96,2.37,3.68,2.11,100.11
20061210,25.31,5.2925,4.0745,2.047,0.53,26.72,27.24,26.13,84.98,3.0,5.41,2.62,100.08
20061211,24.45,4.6778,2.3837,2.4696,0.47,26.22,26.64,25.73,90.98,5.26,6.84,4.51,100.02
20061212,11.63,4.8298,1.5413,2.7425,0.49,25.83,26.51,25.11,84.18,2.17,4.03,1.91,100.1
20061213,9.23,3.3986,0.1567,2.551,0.34,26.66,27.39,25.96,85.4,3.07,4.08,2.67,100.12
20061214,7.12,5.1274,2.0957,2.885,0.52,26.54,26.87,26.14,85.93,2.24,2.62,1.99,100.06
20061215,10.64,3.9331,0.6854,2.6558,0.4,26.13,26.56,25.76,88.66,2.26,3.74,2.06,100.04
20061216,6.42,5.231,4.0949,2.1374,0.53,26.48,27.13,25.55,88.35,2.42,3.76,2.2,100.04
20061217,12.42,3.713,0.7891,2.5452,0.37,26.74,27.02,26.17,88.77,2.51,3.91,2.25,99.97
20061218,4.95,3.666,1.8401,2.0174,0.37,27.65,29.01,26.51,80.41,0.82,1.79,0.7,99.91
20061219,10.68,3.5993,1.253,2.1694,0.36,27.06,27.69,26.42,86.52,2.27,3.46,2.07,99.99
20061220,5.35,4.9565,2.5426,2.6482,0.5,26.99,27.75,26.3,83.55,2.24,3.3,2.04,99.95
20061221,4.97,4.1525,1.0843,2.7034,0.42,26.86,27.9,26.06,84.0,1.7,3.24,1.54,99.84
20061222,25.9,1.8058,0.2258,1.2972,0.18,26.37,26.79,26.06,89.09,2.16,2.99,1.93,99.86
20061223,4.4,3.1493,0.3091,2.3095,0.32,27.37,29.25,25.79,82.23,1.7,2.64,1.54,99.82
20061224,10.77,4.3886,2.1499,2.4415,0.44,27.76,29.07,26.87,82.14,1.85,3.44,1.67,99.78
20061225,13.54,4.1669,2.7722,2.0314,0.42,26.8,27.65,26.09,84.31,2.85,4.58,2.51,99.85
20061226,7.77,3.8258,0.3086,2.8238,0.39,26.56,26.83,26.33,89.1,3.09,5.25,2.69,99.88
20061227,13.97,3.917,0.4126,2.8735,0.39,26.6,27.2,26.05,89.54,4.72,7.25,4.06,99.88
20061228,44.91,2.3518,0.1414,1.716,0.24,25.91,26.53,25.36,87.95,3.74,7.5,3.26,100.07
20061229,12.73,2.6467,0.179,1.9913,0.27,26.11,26.74,25.44,85.5,2.26,3.75,2.01,100.12
20061230,1.93,3.5813,0.2335,2.7264,0.36,26.81,27.85,25.83,76.72,2.16,3.36,1.93,100.15
20061231,3.48,4.1638,0.2215,3.1517,0.42,26.89,27.82,25.9,78.24,2.96,4.09,2.61,100.16
20070101,30.55,3.1433,0.271,2.3426,0.32,26.23,26.84,25.4,86.28,4.41,6.23,3.79,100.24
20070102,33.22,4.0747,0.7378,2.8027,0.41,26.13,26.55,25.4,85.25,4.22,5.15,3.66,100.23
20070103,64.83,2.8236,0.0931,2.0909,0.28,25.89,26.75,24.7,85.97,3.29,4.6,2.88,100.16
20070104,14.27,4.32,0.4718,2.9678,0.43,25.56,26.37,24.14,86.38,2.55,5.28,2.24,100.16
20070105,5.41,4.0613,0.7898,2.9186,0.41,26.46,27.22,25.55,81.56,2.53,4.07,2.23,100.14
20070106,0.64,5.9328,3.8251,2.7775,0.59,27.01,27.68,26.48,76.23,2.92,4.34,2.56,100.14
20070107,2.03,5.765,5.2786,2.2949,0.58,26.85,27.6,26.3,76.7,2.76,3.43,2.45,100.1
20070108,2.71,5.3266,3.1805,2.6172,0.53,27.24,28.28,26.4,77.31,2.49,3.1,2.21,100.05
20070109,0.52,5.2855,2.4581,3.1812,0.53,27.38,27.99,26.76,79.03,1.49,2.42,1.34,100.11
20070110,23.77,3.3845,0.7351,2.2157,0.34,27.38,28.1,26.76,81.76,2.8,5.26,2.48,100.07
20070111,51.76,3.0506,0.2438,2.1046,0.3,26.04,26.7,25.43,83.99,3.71,7.04,3.24,100.11
20070112,13.79,3.3053,0.3156,2.3362,0.33,26.18,26.57,25.73,87.14,3.33,4.49,2.95,100.09
20070113,5.17,4.3025,1.3162,2.9705,0.43,26.63,27.33,26.26,84.3,2.63,3.48,2.35,100.08
20070114,5.92,4.1765,1.8168,2.3338,0.42,26.52,27.22,25.89,83.73,2.21,3.19,2.01,100.13
20070115,3.01,5.0018,3.8326,1.998,0.5,27.11,28.39,26.03,81.51,2.35,3.97,2.08,100.08
20070116,2.2,4.5125,2.7898,2.3196,0.45,27.43,28.02,26.94,79.39,2.01,2.97,1.78,100.05
20070117,8.88,4.9001,3.5054,2.1557,0.49,27.44,27.87,26.95,81.08,1.77,2.86,1.58,100.07
20070118,14.35,4.2552,0.3106,3.2242,0.42,27.13,27.51,26.64,84.6,2.26,3.84,1.97,100.16
20070119,1.14,4.8118,1.4448,2.911,0.48,27.2,27.84,26.71,82.88,1.77,2.4,1.58,100.08
20070120,27.98,4.7681,1.7506,2.7581,0.47,27.09,27.58,26.51,84.13,2.0,4.21,1.76,100.06
20070121,37.63,4.7441,1.7573,2.7096,0.47,26.88,27.11,26.41,88.41,5.04,5.87,4.34,100.09
20070122,122.85,4.0992,0.6787,2.7821,0.4,26.86,27.41,26.31,86.98,5.3,6.34,4.55,100.18
20070123,14.89,4.781,1.3666,3.0931,0.47,26.7,27.32,25.97,80.83,2.75,5.93,2.42,100.29
20070124,4.0,4.1057,0.4454,2.8889,0.4,27.37,28.41,26.7,79.53,2.19,3.78,1.97,100.21
20070125,16.61,4.1674,1.7234,2.2723,0.41,26.39,27.22,25.57,84.97,2.21,3.0,2.04,100.27
20070126,5.96,4.445,1.6037,2.575,0.44,26.8,27.9,25.45,82.96,1.83,3.74,1.66,100.18
20070127,7.03,3.6792,0.5364,2.3592,0.36,27.03,27.82,26.33,82.05,1.78,3.42,1.63,100.22
20070128,3.31,3.9106,0.9466,2.3959,0.38,26.45,26.85,26.17,88.85,3.01,4.48,2.72,100.21
20070129,2.36,4.1323,2.3388,1.9421,0.4,26.86,28.39,25.65,80.28,3.77,6.24,3.24,100.19
20070130,0.62,4.4201,2.9143,2.0232,0.43,27.82,29.34,26.25,73.41,2.96,5.39,2.59,100.19
20070131,0.74,4.003,2.2349,1.9303,0.39,27.8,29.07,26.4,72.33,2.22,4.4,1.96,100.23
20070201,0.73,3.7661,2.2162,1.7594,0.37,28.02,29.34,26.79,73.78,2.78,4.33,2.43,100.21
20070202,4.66,3.0149,0.403,2.1295,0.29,26.84,27.59,26.14,83.58,1.88,3.44,1.7,100.19
20070203,1.67,3.4798,1.2852,2.0527,0.34,26.85,27.84,26.01,81.55,2.47,3.26,2.2,100.17
20070204,2.59,3.9058,1.2048,2.4799,0.38,27.19,28.98,26.4,77.69,2.97,6.08,2.59,100.09
20070205,0.95,4.1878,2.8656,2.0333,0.41,27.64,28.9,26.46,76.4,1.83,3.03,1.62,100.07
20070206,0.01,5.8788,3.6574,2.7286,0.57,28.09,29.15,27.38,74.53,1.69,2.96,1.47,100.11
20070207,0.0,6.0494,5.2058,2.094,0.59,28.24,28.9,27.61,73.73,1.22,2.29,1.12,100.13
20070208,0.01,4.3618,2.6148,2.1204,0.42,28.2,28.82,27.51,74.61,1.41,3.36,1.32,100.15
20070209,1.37,5.4223,4.5252,2.0693,0.52,27.72,28.66,26.2,74.96,1.72,2.94,1.6,100.18
20070210,1.73,4.9274,3.4032,2.267,0.48,28.35,29.81,27.05,75.69,1.79,3.62,1.62,100.04
20070211,5.16,4.7863,3.9,2.0947,0.46,28.44,30.11,27.12,75.18,2.72,5.61,2.4,100.11
20070212,4.87,5.8075,4.0742,2.412,0.56,27.06,27.62,26.48,83.94,2.31,3.4,2.09,100.13
20070213,9.54,4.849,2.395,2.5394,0.47,27.17,27.73,26.61,82.07,2.18,3.32,1.95,100.07
20070214,11.83,3.8904,0.805,2.5637,0.37,26.67,26.94,26.46,88.26,3.67,4.91,3.25,100.13
20070215,14.72,4.6178,2.1936,2.4588,0.44,27.25,28.19,26.39,80.2,2.94,3.61,2.61,100.14
20070216,7.24,4.722,1.4038,2.8704,0.45,26.75,27.23,26.11,85.68,3.88,5.61,3.37,100.02
20070217,7.44,4.9133,1.7568,2.6198,0.47,25.91,26.27,25.59,87.39,2.95,4.0,2.6,100.04
20070218,62.6,4.5118,0.9833,2.7552,0.43,26.31,26.85,25.74,84.58,3.36,7.75,2.9,100.04
20070219,38.32,3.4236,0.1632,2.519,0.33,26.68,26.99,26.31,83.76,6.19,7.18,5.27,100.09
20070220,1.65,5.7082,2.4317,3.553,0.55,27.25,28.41,25.5,77.22,2.97,3.92,2.62,100.03
20070221,0.5,5.2145,1.579,3.0924,0.5,27.48,27.88,27.18,77.04,2.57,3.3,2.26,100.04
20070222,0.33,6.2592,4.374,2.461,0.6,27.48,28.08,26.69,74.6,2.94,4.6,2.56,99.95
20070223,2.45,6.1102,3.456,3.1603,0.58,26.16,26.91,25.1,81.26,2.02,4.61,1.79,99.93
20070224,49.99,4.7414,1.5648,2.7151,0.45,27.26,27.83,26.68,77.63,1.68,3.06,1.5,99.87
20070225,14.21,5.6851,3.1498,2.785,0.54,27.45,27.79,26.92,78.67,2.71,3.35,2.4,99.86
20070226,18.86,3.6096,0.2126,2.6059,0.34,26.51,27.28,25.59,86.28,3.68,4.19,3.23,99.9
20070227,7.28,4.6546,0.5098,3.173,0.44,26.11,27.18,25.18,83.07,1.8,4.08,1.62,99.91
20070228,31.54,4.6025,1.3054,2.6964,0.44,26.22,26.67,25.63,86.41,3.39,5.9,2.96,99.97
20070301,8.79,4.1827,0.2218,2.9654,0.4,26.43,26.73,26.13,84.05,3.86,6.14,3.36,100.04
20070302,0.38,6.2604,4.5898,2.3261,0.6,27.01,27.75,26.13,72.79,1.24,1.79,1.1,100.04
20070303,9.16,5.345,2.7485,2.8363,0.51,26.9,27.52,26.32,80.21,2.35,3.08,2.1,100.09
20070304,6.27,5.2656,2.1818,2.9196,0.5,27.12,27.91,26.14,76.74,2.51,3.78,2.2,100.08
20070305,4.14,5.2457,1.3478,3.2246,0.5,27.49,28.16,26.76,77.86,2.24,2.96,1.97,100.07
20070306,2.38,5.0165,0.8064,3.4807,0.48,27.33,27.81,26.85,75.8,1.46,3.08,1.29,100.03
20070307,0.57,5.4912,3.6192,2.7631,0.52,27.33,27.88,26.85,75.06,1.51,2.28,1.33,99.93
20070308,1.47,5.5742,3.7742,2.2404,0.53,27.43,28.1,26.67,77.55,2.65,3.54,2.34,99.99
20070309,0.95,5.814,2.8289,3.0554,0.55,27.89,28.89,26.91,74.73,2.32,3.87,2.07,100.03
20070310,1.51,5.148,1.7174,2.9772,0.49,28.27,29.06,27.58,75.48,2.67,4.75,2.36,99.96
20070311,3.05,5.8742,3.739,2.6575,0.56,28.39,29.53,27.57,78.49,3.18,4.63,2.79,99.97
20070312,31.31,4.091,1.799,2.359,0.39,27.3,27.96,26.67,84.93,3.99,5.89,3.51,100.08
20070313,28.16,3.1745,0.1382,2.3362,0.3,26.3,27.08,25.43,83.26,2.86,4.86,2.54,100.18
20070314,14.32,5.052,3.1109,2.2181,0.48,27.06,27.62,26.67,82.66,3.28,4.31,2.9,100.0
20070315,8.81,4.3032,0.6883,2.7542,0.41,26.38,26.92,25.87,83.27,2.4,4.38,2.14,100.01
20070316,15.63,4.4741,0.4387,3.1855,0.43,26.58,26.98,26.11,85.98,3.31,4.36,2.92,100.03
20070317,5.11,5.0378,1.7076,2.7228,0.48,26.71,27.18,26.23,84.54,3.22,4.32,2.82,100.04
20070318,7.3,5.8226,4.1928,2.0546,0.56,26.52,26.92,26.01,83.88,2.04,2.92,1.8,99.95
20070319,55.97,4.8161,1.6889,2.5949,0.46,26.6,26.8,26.25,85.8,2.98,4.14,2.64,99.99
20070320,24.17,4.9903,0.9444,3.3046,0.48,26.41,26.64,26.18,85.08,2.69,5.06,2.37,100.12
20070321,8.01,3.7596,0.511,2.6186,0.36,26.49,27.23,25.88,82.26,4.65,7.09,3.98,100.15
20070322,1.67,5.0148,1.3793,3.3874,0.48,26.76,27.09,26.54,77.01,3.06,5.19,2.69,100.25
20070323,1.46,5.113,1.6819,2.8457,0.49,27.58,28.56,26.44,77.94,2.57,2.93,2.27,100.23
20070324,1.9,5.8625,3.6451,2.4576,0.56,27.2,27.69,26.74,78.9,2.75,3.89,2.4,100.21
20070325,3.31,5.1038,0.9902,3.5808,0.49,26.85,27.5,26.36,82.22,2.17,3.68,1.89,100.1
20070326,0.32,5.4046,1.8679,3.2861,0.52,27.14,27.91,25.98,75.85,2.42,3.24,2.12,100.08
20070327,0.8,6.1862,4.987,1.9867,0.59,26.64,27.3,26.21,80.9,1.51,2.38,1.32,100.18
20070328,2.6,6.3187,4.8646,2.3138,0.61,27.6,28.28,26.64,76.05,1.68,2.33,1.48,100.1
20070329,5.21,4.8442,2.4098,2.6688,0.47,27.39,28.05,26.95,77.62,1.6,2.45,1.43,100.08
20070330,0.9,5.5092,4.5043,1.8691,0.53,27.29,27.75,26.89,80.53,2.19,3.75,1.95,100.04
20070331,2.89,4.2694,1.4174,2.3899,0.41,26.48,27.02,26.05,82.93,2.38,3.08,2.11,100.16
20070401,2.74,5.1722,2.6062,2.544,0.5,26.8,27.44,25.99,80.9,2.39,3.49,2.1,100.11
20070402,9.83,5.3246,3.3331,2.2651,0.51,27.07,27.7,26.42,84.44,3.17,3.86,2.78,100.0
20070403,11.47,3.7541,0.743,2.461,0.36,26.78,27.21,26.19,85.49,3.6,4.69,3.13,100.0
20070404,2.25,5.2817,2.6753,2.5183,0.51,26.7,27.73,25.75,84.95,3.1,4.65,2.73,100.0
20070405,6.14,4.0387,2.016,2.0825,0.39,27.29,28.05,26.55,80.1,2.8,4.65,2.44,99.96
20070406,4.47,4.9649,2.0194,2.6189,0.48,28.13,29.49,26.93,76.98,2.53,4.23,2.25,99.93
20070407,4.37,5.6208,4.4268,2.089,0.55,27.02,27.49,26.43,85.2,2.38,4.21,2.12,99.97
20070408,23.81,5.0986,2.5106,2.6134,0.5,27.57,28.26,27.12,80.17,2.61,3.92,2.28,100.04
20070409,18.61,4.7412,0.7493,3.1829,0.46,27.08,27.27,26.67,86.39,3.01,4.87,2.64,100.07
20070410,5.23,4.3949,1.5449,2.4523,0.43,26.93,27.33,26.57,84.7,2.61,3.53,2.27,100.07
20070411,4.39,5.2814,1.9013,2.9638,0.52,27.03,27.51,26.25,82.07,1.83,2.6,1.62,100.04
20070412,3.23,4.7731,2.418,2.4199,0.47,27.24,27.71,26.44,82.74,2.67,4.38,2.34,99.95
20070413,19.07,3.6461,0.1706,2.6858,0.36,27.25,27.45,27.12,86.88,4.1,5.67,3.57,100.03
20070414,1.58,5.2826,3.0986,2.544,0.52,27.04,27.66,26.43,83.28,2.54,3.64,2.24,100.12
20070415,4.64,6.079,4.6987,2.2003,0.6,27.8,28.34,26.83,80.53,1.93,3.17,1.74,100.04
20070416,4.97,3.9797,1.0834,2.5356,0.39,27.42,28.18,26.78,79.94,1.84,2.5,1.63,100.05
20070417,22.66,5.3532,3.4236,2.2548,0.53,26.86,27.59,25.86,85.84,3.47,4.7,3.05,100.13
20070418,35.72,4.3922,3.3888,1.6858,0.43,27.17,27.73,26.83,84.52,3.04,4.41,2.68,100.16
20070419,7.13,5.8032,3.8026,2.3172,0.58,26.73,27.27,26.3,82.45,1.93,3.12,1.71,100.19
20070420,0.01,6.3653,4.8463,2.3393,0.63,27.54,28.31,26.61,78.4,1.94,2.67,1.75,100.06
20070421,3.51,4.9702,2.7557,2.3486,0.49,27.35,27.77,26.83,86.35,3.67,5.5,3.18,100.0
20070422,6.09,4.9826,3.0386,2.189,0.5,26.76,27.68,25.37,81.02,2.33,3.32,2.07,100.07
20070423,42.81,5.2709,3.2294,2.3376,0.53,26.82,27.43,26.2,84.99,2.13,2.73,1.87,99.96
20070424,26.35,3.7066,0.4522,2.6921,0.37,26.68,27.02,26.25,87.81,2.42,5.57,2.1,99.9
20070425,2.92,4.6366,3.1582,2.0342,0.46,26.55,27.01,26.27,84.47,2.07,3.35,1.84,100.0
20070426,0.61,4.8149,0.6425,3.3936,0.48,27.23,27.83,26.59,80.15,1.74,2.49,1.55,100.01
20070427,7.16,4.3267,2.8181,1.8382,0.44,27.14,27.76,26.59,84.73,2.34,2.69,2.06,100.02
20070428,8.7,4.9481,1.5672,2.8704,0.5,26.55,26.92,26.21,86.56,2.18,3.32,1.92,99.97
20070429,4.39,4.8638,1.3721,2.899,0.49,27.11,27.44,26.75,83.47,3.3,3.97,2.91,99.96
20070430,9.12,3.8794,0.5258,2.749,0.39,26.89,27.59,26.11,84.5,3.15,4.54,2.77,100.0
20070501,8.97,5.6184,5.0594,1.9402,0.57,26.5,27.04,25.83,85.4,2.43,3.2,2.16,100.09
20070502,3.58,4.4448,2.3998,2.2985,0.45,26.64,27.29,26.14,84.36,2.42,3.61,2.14,100.01
20070503,6.64,5.1098,3.3564,2.3326,0.52,27.1,27.81,26.36,84.43,3.29,4.06,2.88,99.88
20070504,7.22,3.9588,0.5758,2.8298,0.4,27.19,27.9,26.6,84.71,4.16,4.86,3.6,99.98
20070505,0.28,5.2008,2.0707,2.8267,0.53,27.29,28.36,25.5,76.52,1.38,2.55,1.25,100.03
20070506,1.73,5.0047,2.8538,2.4991,0.51,28.03,28.66,27.64,77.68,1.9,2.77,1.69,99.96
20070507,0.99,5.4732,4.5446,1.8646,0.56,28.24,29.06,27.49,76.29,1.69,2.98,1.52,99.88
20070508,8.7,4.9243,3.7538,2.1857,0.51,28.22,28.54,27.98,78.53,2.16,3.55,1.94,99.91
20070509,3.18,3.3852,0.6473,2.3074,0.35,27.93,28.11,27.67,81.33,3.83,4.87,3.33,100.01
20070510,0.3,5.0777,3.1675,2.5812,0.52,27.68,28.14,26.96,79.88,2.42,3.04,2.15,100.02
20070511,1.64,5.0546,2.3302,2.8716,0.52,27.89,28.72,27.5,81.93,2.86,4.04,2.52,99.89
20070512,1.59,4.4837,2.179,2.2154,0.47,27.69,28.2,26.96,82.84,1.75,3.24,1.57,99.88
20070513,17.47,5.0791,3.0185,2.5994,0.53,27.85,28.35,27.34,83.91,1.91,3.41,1.71,99.88
20070514,16.47,4.26,1.9596,2.1492,0.44,28.07,29.0,27.35,86.17,4.59,5.27,3.97,99.88
20070515,5.74,4.543,1.7431,2.7432,0.47,27.66,28.24,27.19,87.39,4.19,5.01,3.65,99.98
20070516,2.77,5.2745,3.9617,2.0203,0.55,27.64,28.32,26.97,83.92,2.87,3.64,2.55,100.08
20070517,2.64,4.0529,2.6335,1.7866,0.42,27.78,28.59,26.93,79.85,3.06,3.82,2.71,100.06
20070518,1.79,5.3875,4.273,2.0842,0.57,27.54,28.11,26.93,84.14,2.37,2.74,2.14,100.05
20070519,0.89,5.3378,3.2359,2.4986,0.56,27.68,28.17,27.14,82.1,2.02,3.03,1.8,100.1
20070520,1.9,5.0657,3.4987,2.0974,0.53,27.87,28.25,27.52,78.54,1.87,2.81,1.64,100.09
20070521,4.17,4.9999,3.5314,2.0431,0.53,27.88,28.37,27.54,82.19,2.92,5.2,2.57,100.01
20070522,2.51,3.9391,0.7723,2.6342,0.42,27.73,28.43,26.9,83.09,1.96,2.67,1.8,99.97
20070523,1.46,5.4727,4.7352,1.8689,0.58,28.96,30.1,27.83,75.42,1.76,2.64,1.59,99.92
20070524,1.82,5.616,5.1067,1.7906,0.6,28.49,28.87,28.05,77.25,1.6,2.0,1.46,99.9
20070525,6.03,4.8638,3.6919,2.0549,0.52,28.5,29.46,27.91,77.71,1.9,2.89,1.71,99.91
20070526,9.66,4.29,1.565,2.6268,0.46,27.53,27.93,27.06,84.05,1.99,2.63,1.8,100.05
20070527,3.32,5.1403,4.0018,1.9265,0.55,27.57,28.0,27.11,81.64,1.2,1.99,1.07,100.03
20070528,3.3,3.9703,0.4651,2.8519,0.42,27.47,27.73,26.89,82.28,1.7,3.42,1.47,99.99
20070529,4.93,3.6564,0.5496,2.5946,0.39,27.25,27.54,26.8,85.02,3.37,4.17,2.97,100.01
20070530,4.03,4.2331,1.2312,2.5493,0.45,27.38,27.73,26.91,86.58,4.23,4.9,3.68,100.03
20070531,1.29,4.4998,1.2526,2.6702,0.48,27.0,27.63,26.04,81.52,1.97,4.28,1.72,100.07
20070601,1.62,4.6798,3.505,1.9025,0.5,27.41,27.92,27.0,78.71,1.68,2.39,1.47,99.94
20070602,1.51,4.8535,2.9232,2.1895,0.52,27.36,27.68,26.84,78.09,1.1,1.93,0.98,99.9
20070603,2.98,5.1934,4.6421,1.7904,0.56,27.6,28.12,27.3,79.98,1.52,2.46,1.37,99.87
20070604,12.42,3.935,1.3138,2.3354,0.42,27.27,27.51,26.99,87.73,4.07,6.64,3.53,99.87
20070605,21.27,5.0575,3.011,2.5805,0.55,26.99,27.59,26.37,83.54,2.59,3.7,2.28,99.96
20070606,6.99,3.9125,0.5467,2.8942,0.42,26.87,27.69,26.09,80.1,1.47,2.2,1.34,99.95
20070607,6.13,4.6373,3.3214,2.0119,0.5,27.62,28.57,26.69,81.37,1.99,2.85,1.81,99.88
20070608,6.92,4.5602,3.6094,1.9577,0.49,27.98,29.18,26.94,83.0,2.82,3.77,2.51,99.87
20070609,3.65,4.613,3.1195,2.1912,0.5,28.32,29.37,27.35,78.84,2.01,3.32,1.83,99.86
20070610,18.52,4.4047,2.4869,2.7202,0.48,28.01,28.95,27.31,82.13,1.4,2.61,1.27,99.79
20070611,11.47,4.5674,2.0395,3.0718,0.5,27.06,27.31,26.72,88.83,4.12,4.98,3.49,99.76
20070612,2.23,4.841,2.2759,3.2208,0.53,27.09,27.47,26.79,86.17,3.77,5.19,3.31,99.74
20070613,3.5,3.8813,1.5701,2.2183,0.42,27.93,29.01,26.97,78.25,1.88,2.84,1.71,99.69
20070614,14.84,4.4558,3.1634,2.189,0.48,27.84,28.39,27.17,82.67,2.12,3.23,1.92,99.68
20070615,23.97,4.2766,2.5687,2.0585,0.46,27.75,28.84,26.97,84.83,3.89,5.89,3.4,99.65
20070616,40.87,3.635,0.917,2.1653,0.4,27.52,28.55,26.78,86.27,3.83,4.63,3.32,99.66
20070617,31.92,2.79,0.1116,2.0431,0.3,26.96,27.36,26.6,89.59,5.39,8.57,4.53,99.67
20070618,6.93,5.4456,4.4714,2.1922,0.59,26.67,27.34,25.99,86.27,4.13,4.79,3.63,99.72
20070619,19.2,4.1856,2.2205,2.2018,0.46,27.24,27.88,26.71,84.77,4.71,6.18,4.07,99.72
20070620,3.18,4.3706,0.6384,3.2381,0.48,26.99,27.32,26.49,81.04,2.13,3.66,1.9,99.69
20070621,0.55,5.9486,4.6618,2.4146,0.65,27.64,28.52,26.64,77.66,1.31,2.49,1.19,99.65
20070622,7.14,4.7419,2.5925,2.3611,0.52,28.18,28.93,27.61,80.61,2.33,3.66,2.08,99.71
20070623,16.3,4.2715,1.6296,2.4434,0.47,27.59,28.1,26.94,86.86,3.63,5.2,3.16,99.88
20070624,3.46,4.469,3.1778,2.0054,0.49,27.69,28.14,27.14,81.34,3.15,3.85,2.77,100.03
20070625,3.42,5.3554,4.1357,2.183,0.58,27.84,28.31,27.39,82.38,4.18,4.89,3.62,100.05
20070626,0.16,5.8798,4.7546,2.2378,0.64,27.91,28.67,27.37,77.58,3.93,4.83,3.41,99.98
20070627,0.17,5.7986,5.4934,1.8691,0.63,27.22,27.47,26.81,79.34,3.73,4.56,3.26,100.13
20070628,0.19,5.3707,2.8613,2.717,0.58,27.54,27.85,27.3,75.35,2.54,3.94,2.23,100.17
20070629,0.37,5.969,5.3342,1.9651,0.65,27.32,27.84,26.81,78.44,2.01,2.64,1.78,100.2
20070630,0.21,6.1721,5.7007,1.9882,0.67,27.57,28.37,26.94,77.22,1.62,2.18,1.44,100.1
20070701,0.03,5.6532,4.2026,2.2416,0.61,27.61,28.31,27.01,76.88,1.67,2.47,1.51,100.06
20070702,0.01,6.0458,5.2195,2.1643,0.66,27.74,28.3,27.19,76.39,1.38,2.57,1.23,100.0
20070703,0.02,5.9484,5.0182,2.1077,0.65,27.62,28.24,27.09,77.34,1.4,2.2,1.26,100.07
20070704,0.35,5.4293,4.3166,2.1218,0.59,27.78,28.47,27.31,77.41,1.58,2.57,1.41,100.07
20070705,3.63,4.8199,2.7115,2.5085,0.52,27.52,28.04,27.1,79.05,1.45,2.23,1.28,100.07
20070706,15.89,5.2555,4.151,2.0172,0.57,27.28,27.54,27.06,79.51,1.54,2.55,1.37,100.1
20070707,4.32,4.7532,1.5478,3.3562,0.51,27.5,28.28,26.53,77.39,1.78,3.13,1.61,100.12
20070708,11.97,3.6739,1.6951,2.112,0.4,27.1,27.53,26.69,86.51,4.52,6.24,3.92,100.07
20070709,3.24,3.1006,0.1483,2.3033,0.34,26.41,26.75,25.96,83.7,3.36,6.56,2.94,100.09
20070710,1.06,5.4012,5.04,1.9368,0.58,26.81,27.48,26.15,81.41,2.57,3.48,2.28,100.01
20070711,5.41,3.7762,0.3943,2.7559,0.41,26.73,27.39,25.76,83.73,2.95,3.81,2.6,100.02
20070712,2.42,4.7182,1.825,2.7962,0.51,27.62,27.98,27.35,80.09,4.5,5.26,3.89,100.01
20070713,3.22,4.2413,2.04,2.4941,0.46,27.72,28.37,27.02,78.0,4.66,5.45,4.03,100.01
20070714,0.81,4.9519,2.6798,2.9189,0.53,27.91,28.53,27.32,76.65,3.72,4.47,3.24,99.94
20070715,2.3,4.8919,2.562,2.7979,0.53,27.69,27.91,27.43,78.27,2.38,3.86,2.1,99.96
20070716,5.74,4.4198,1.9361,2.4907,0.47,27.96,28.57,27.11,81.4,1.44,2.02,1.32,99.9
20070717,17.21,3.6794,1.9841,1.9615,0.39,28.16,29.34,27.4,81.93,2.49,3.93,2.22,99.88
20070718,38.76,3.7603,1.8478,2.4953,0.4,27.57,27.99,27.2,82.05,2.44,4.58,2.2,99.95
20070719,14.62,5.3234,4.0018,2.298,0.57,27.53,28.39,26.44,79.55,1.45,2.39,1.35,99.94
20070720,17.05,3.9362,0.7094,2.8279,0.42,27.91,28.84,27.24,79.34,2.15,3.97,1.93,99.9
20070721,25.8,3.3238,0.1613,2.4631,0.35,27.33,27.99,26.8,83.75,3.12,5.41,2.77,99.89
20070722,34.22,3.8292,0.7217,2.6942,0.41,27.06,27.85,26.55,79.57,1.67,2.62,1.5,99.85
20070723,21.53,3.1975,0.2112,2.3945,0.34,26.56,27.08,26.17,85.11,3.64,5.38,3.23,99.97
20070724,3.97,2.9278,0.0197,2.2442,0.31,27.19,28.18,26.35,78.12,3.65,5.33,3.22,100.02
20070725,2.96,4.9603,1.5322,3.3487,0.53,27.02,27.72,26.0,79.13,1.6,2.71,1.49,99.96
20070726,44.66,4.7482,2.4794,2.3842,0.5,26.73,27.34,25.79,86.6,4.77,7.11,4.12,99.92
20070727,6.38,3.5618,0.3206,2.5877,0.38,26.0,26.33,25.65,86.23,3.0,4.5,2.63,100.05
20070728,5.13,5.0741,2.5766,2.7067,0.54,26.45,27.16,25.38,76.92,1.12,1.69,0.98,99.99
20070729,6.7,4.2487,0.4704,2.9978,0.45,26.56,26.95,26.07,81.9,2.55,3.44,2.24,100.08
20070730,4.25,5.1787,2.4444,2.8649,0.54,26.07,26.44,25.66,86.72,2.77,4.02,2.42,100.17
20070731,1.61,4.7683,2.0311,2.7151,0.5,26.44,26.9,25.76,79.96,1.1,1.93,1.0,100.12
20070801,2.55,3.3262,0.2623,2.4686,0.35,26.51,26.84,26.24,80.84,2.94,3.97,2.6,100.16
20070802,2.67,5.0184,4.068,2.0069,0.52,26.64,27.68,26.02,79.08,3.68,4.54,3.24,100.16
20070803,0.52,5.1007,2.2831,2.969,0.53,26.82,27.63,25.6,79.14,3.39,3.96,2.98,100.15
20070804,0.83,4.7513,3.4738,2.0765,0.5,27.27,27.91,26.67,78.36,2.97,3.64,2.6,100.02
20070805,1.1,4.6166,2.8003,2.2735,0.48,27.02,27.47,26.66,81.61,3.18,3.98,2.8,100.01
20070806,1.07,3.6888,1.9253,1.9714,0.38,27.46,28.56,26.37,82.73,4.39,5.29,3.79,100.0
20070807,8.5,4.607,3.0809,1.9186,0.48,27.51,27.92,27.07,82.51,4.43,5.48,3.82,99.92
20070808,11.96,3.9842,2.0354,1.9982,0.41,26.66,27.39,26.14,82.13,2.13,4.65,1.86,99.99
20070809,2.77,5.184,2.4989,3.0485,0.54,26.26,26.86,25.66,83.71,2.15,2.48,1.91,100.05
20070810,0.87,5.0369,1.8216,3.0202,0.52,26.35,27.14,25.54,82.33,2.63,4.21,2.33,100.01
20070811,3.92,4.8202,3.3684,2.1403,0.5,27.0,27.9,26.26,78.35,1.53,2.86,1.37,100.0
20070812,4.81,4.7186,2.3338,2.6458,0.48,26.85,27.13,26.5,85.66,2.87,5.66,2.49,100.01
20070813,20.99,4.2689,2.7098,2.0275,0.44,27.15,28.1,26.45,81.16,2.98,3.97,2.63,100.03
20070814,12.73,4.1213,1.5883,2.425,0.42,26.82,27.25,26.48,81.42,2.91,4.51,2.56,100.13
20070815,4.23,4.2353,2.2601,2.1,0.43,26.25,26.74,25.88,82.17,1.95,2.62,1.69,100.08
20070816,3.14,4.4575,0.8422,3.0754,0.45,26.36,26.94,25.84,82.42,2.29,3.57,2.01,100.0
20070817,4.6,4.513,0.8278,3.2016,0.46,26.48,27.28,25.65,82.37,2.04,2.89,1.78,99.98
20070818,9.02,4.7669,0.8412,3.3346,0.48,26.99,27.87,26.15,83.33,3.19,4.43,2.79,100.0
20070819,12.25,3.077,0.187,2.2346,0.31,26.25,27.1,25.22,87.24,3.31,4.79,2.84,100.11
20070820,6.16,2.7718,0.2422,2.0417,0.28,26.31,27.39,25.24,83.0,2.66,4.08,2.34,100.16
20070821,6.39,4.4275,1.1544,2.6978,0.45,25.92,26.61,25.25,84.0,3.08,4.01,2.73,100.17
20070822,3.65,4.5802,0.6583,3.3418,0.46,26.96,27.81,25.95,77.34,2.79,5.47,2.45,100.04
20070823,1.79,4.0786,2.1221,1.9286,0.41,27.69,28.35,27.18,73.44,1.46,2.39,1.33,100.01
20070824,5.09,4.7501,2.0059,2.6239,0.48,26.63,27.38,25.65,79.0,2.32,3.76,2.05,100.09
20070825,13.37,4.1844,1.6726,2.2217,0.42,26.69,27.23,26.2,85.05,2.92,4.35,2.57,100.02
20070826,5.75,5.4876,3.6391,2.3606,0.55,27.5,28.45,26.57,81.47,4.01,4.65,3.51,99.91
20070827,7.15,4.3954,1.026,2.7341,0.44,27.43,28.34,26.84,82.22,5.08,6.39,4.38,99.86
20070828,2.26,3.7409,0.6269,2.4667,0.37,26.6,27.16,26.15,82.95,3.67,6.41,3.21,99.96
20070829,2.59,4.7028,2.2572,2.4878,0.47,27.05,27.31,26.58,82.71,3.53,5.11,3.12,99.96
20070830,5.74,4.9402,2.6803,2.3714,0.49,27.79,29.22,26.58,80.98,3.62,5.29,3.16,99.83
20070831,2.45,4.6342,2.7312,2.2802,0.46,27.87,29.16,26.88,77.98,3.06,3.96,2.67,99.84
20070901,4.64,4.6591,3.5489,1.9157,0.46,27.91,29.04,26.93,80.35,3.93,5.4,3.4,99.82
20070902,27.09,3.5758,1.4124,2.083,0.35,27.87,29.23,26.97,80.89,3.84,6.04,3.32,99.88
20070903,20.55,1.8782,0.0802,1.38,0.19,26.42,27.06,25.56,85.92,4.51,6.41,3.91,100.09
20070904,2.09,5.1113,1.291,3.1416,0.51,26.99,28.06,25.56,73.64,3.07,4.9,2.71,100.11
20070905,0.51,5.4562,4.0315,2.076,0.54,27.57,28.21,27.14,78.86,3.33,5.31,2.94,99.94
20070906,19.91,4.8602,3.2234,2.0844,0.48,27.59,28.71,26.55,82.61,3.56,5.67,3.12,99.88
20070907,59.19,3.2818,1.2355,1.9318,0.32,26.85,27.52,26.35,88.87,5.84,7.2,4.99,99.93
20070908,33.6,3.0871,0.0653,2.3095,0.3,25.9,26.33,25.54,84.46,3.44,5.72,3.0,100.07
20070909,0.96,5.8879,3.6036,2.7372,0.58,26.26,26.83,25.44,82.12,2.27,3.17,2.02,99.99
20070910,5.75,4.2166,0.2902,3.1435,0.41,26.31,26.89,25.96,83.73,2.54,3.37,2.27,100.07
20070911,7.62,5.2457,3.006,2.3724,0.51,26.11,26.68,25.62,83.08,2.22,2.9,1.96,100.07
20070912,0.58,5.2697,1.559,3.1622,0.52,26.36,27.08,25.49,83.27,3.61,4.51,3.16,99.93
20070913,2.51,4.613,2.123,2.4262,0.45,26.88,27.6,26.06,82.06,4.64,5.84,4.02,99.89
20070914,11.48,3.8568,0.234,2.8274,0.38,26.4,26.82,26.08,83.97,4.7,6.4,4.04,99.98
20070915,7.04,4.3078,0.6262,2.9486,0.42,26.09,26.7,25.4,86.64,3.85,4.76,3.36,99.94
20070916,9.08,2.639,0.0072,2.0038,0.26,25.62,26.36,25.09,86.93,3.12,4.22,2.75,100.02
20070917,1.09,5.1461,1.7074,3.5232,0.5,25.64,26.42,24.71,77.89,1.56,3.37,1.38,100.17
20070918,1.98,4.9488,1.5468,2.879,0.48,26.91,27.84,26.25,77.23,2.37,3.35,2.11,100.03
20070919,3.33,4.4249,0.863,2.7019,0.43,26.18,26.63,25.79,87.71,2.53,3.47,2.2,100.03
20070920,2.24,4.1434,0.2827,3.0439,0.4,26.46,26.99,25.66,85.11,2.96,4.39,2.57,100.1
20070921,18.1,5.3544,2.071,2.9575,0.52,27.14,27.97,26.44,83.25,3.42,4.08,2.99,100.06
20070922,10.94,6.0662,4.0759,2.4734,0.59,26.84,27.33,26.39,84.49,3.78,4.73,3.29,100.04
20070923,3.76,4.825,2.3647,2.3971,0.47,26.7,27.63,25.93,84.59,3.14,4.06,2.75,99.97
20070924,5.78,4.2084,0.365,3.007,0.41,25.85,26.26,25.51,89.31,2.9,3.72,2.55,100.01
20070925,6.55,3.5518,0.3785,2.5082,0.34,25.96,26.36,25.27,88.89,4.12,5.56,3.59,100.12
20070926,9.24,2.5219,0.1044,1.8298,0.24,26.23,26.61,25.56,86.57,4.24,6.46,3.67,100.14
20070927,3.54,5.2726,1.7722,3.0482,0.51,26.73,27.59,26.05,84.04,4.51,5.07,3.89,100.14
20070928,3.35,6.4438,5.1046,2.1931,0.62,26.95,27.84,26.32,81.15,4.28,5.6,3.7,100.18
20070929,5.69,5.6628,3.293,2.5642,0.55,26.85,27.88,26.06,82.94,4.5,5.5,3.87,100.23
20070930,4.49,4.8478,2.497,2.3429,0.47,26.33,26.71,25.82,84.66,5.47,6.87,4.67,100.21
20071001,36.71,3.7908,0.1608,2.7862,0.37,26.29,27.04,25.82,84.6,4.68,5.56,4.04,100.07
20071002,3.04,4.5017,0.7334,3.2722,0.43,26.37,27.08,25.74,82.03,4.14,5.29,3.59,100.03
20071003,0.45,5.4211,3.4087,3.1606,0.52,26.98,27.86,26.07,81.08,3.76,4.59,3.27,99.97
20071004,0.12,4.5048,1.5413,2.9561,0.43,27.02,27.76,26.22,83.27,4.07,4.51,3.52,99.98
20071005,0.35,5.665,3.7078,2.413,0.55,26.85,27.54,26.15,84.71,3.65,4.59,3.18,99.98
20071006,9.09,4.367,0.9744,2.6635,0.42,26.47,26.79,26.18,87.99,4.09,4.62,3.56,99.96
20071007,77.18,3.4699,0.1766,2.5147,0.33,26.67,27.44,26.1,84.74,3.78,4.9,3.29,100.0
20071008,20.4,3.4138,0.4366,2.4329,0.33,25.94,26.46,25.48,88.75,2.9,4.18,2.57,100.07
20071009,7.08,5.4353,2.3016,2.7785,0.52,25.49,25.72,25.31,88.72,2.81,4.49,2.45,100.1
20071010,11.78,4.59,0.9775,2.91,0.44,25.96,26.41,25.2,87.56,3.43,4.94,2.98,100.0
20071011,8.34,4.5293,0.462,3.2976,0.44,26.05,26.73,25.25,87.4,4.1,5.03,3.56,100.02
20071012,11.0,4.0752,0.2215,3.0406,0.39,26.06,26.61,25.36,86.52,3.17,4.75,2.83,100.09
20071013,20.01,4.2214,0.3598,3.1258,0.41,25.98,26.7,25.46,87.03,2.92,4.8,2.55,100.12
20071014,9.43,4.5936,1.0745,3.0511,0.44,26.05,27.22,25.29,83.27,2.74,4.2,2.41,100.11
20071015,9.46,4.369,0.5558,3.1368,0.42,25.7,26.73,24.62,85.78,2.85,3.73,2.52,100.17
20071016,15.88,4.8358,2.4977,2.4307,0.47,25.88,26.71,25.33,83.71,1.81,2.39,1.61,100.19
20071017,9.7,5.0998,3.0989,2.3467,0.49,25.83,26.65,25.19,89.24,2.42,3.53,2.12,100.12
20071018,13.13,4.1998,1.7021,2.3743,0.41,25.79,26.55,25.27,89.89,3.45,4.41,2.97,100.04
20071019,13.94,4.6531,0.8729,3.1145,0.45,24.79,25.34,24.31,91.76,4.13,5.45,3.54,100.11
20071020,17.52,4.3075,0.523,3.1296,0.42,25.07,25.77,24.29,89.65,2.71,3.84,2.38,100.05
20071021,28.9,4.1239,1.1666,2.5279,0.4,25.21,25.69,24.7,91.3,4.23,5.48,3.63,99.93
20071022,22.0,3.8582,0.1558,2.8118,0.37,24.81,25.13,24.43,89.1,2.55,4.17,2.2,99.98
20071023,7.09,4.6099,0.264,3.3787,0.45,25.0,25.88,24.22,86.93,1.94,3.83,1.72,99.98
20071024,4.49,3.7243,0.0422,2.8034,0.36,25.23,25.99,24.57,85.62,1.53,3.35,1.36,100.01
20071025,0.44,5.8018,2.7708,3.2964,0.56,26.32,27.59,25.07,79.57,3.01,4.04,2.63,99.95
20071026,0.29,4.77,2.0652,2.6621,0.46,26.61,27.56,25.86,81.31,2.3,3.35,1.99,99.92
20071027,4.12,4.7256,0.6521,3.275,0.46,25.91,26.39,25.51,86.65,2.33,2.81,2.04,99.92
20071028,9.38,4.2794,2.0986,2.1245,0.42,26.0,26.53,25.51,89.09,4.4,6.73,3.71,99.85
20071029,17.85,4.1249,0.138,3.095,0.4,25.45,25.66,25.22,90.19,3.78,6.47,3.24,99.9
20071030,21.93,4.5504,0.649,3.1867,0.44,24.84,25.31,24.48,90.33,2.82,4.37,2.46,100.0
20071031,6.29,4.2665,0.4589,3.0007,0.42,24.64,24.94,24.3,89.55,2.44,3.39,2.14,100.09
20071101,0.76,5.347,1.4402,3.4452,0.52,25.34,26.11,24.64,83.42,1.07,1.93,0.92,100.06
20071102,5.94,5.3683,3.3408,2.6304,0.52,25.75,26.79,24.88,86.64,2.66,4.01,2.26,99.95
20071103,0.93,4.6562,0.3502,3.4354,0.45,25.15,25.54,24.92,88.72,2.57,3.86,2.22,99.98
20071104,3.1,5.0414,2.2178,2.635,0.49,25.55,26.19,24.94,86.06,2.68,4.0,2.34,100.02
20071105,10.8,4.6862,0.5539,3.3775,0.46,25.32,25.81,24.95,85.69,1.7,2.41,1.49,100.08
20071106,13.51,4.3997,0.8935,2.8651,0.43,25.2,25.87,24.58,88.21,3.05,3.89,2.68,100.0
20071107,8.19,4.5223,1.2379,2.8454,0.44,25.19,25.71,24.82,88.7,2.9,4.33,2.55,99.94
20071108,8.75,4.1388,0.1399,3.1085,0.41,25.66,26.32,24.91,88.81,4.61,6.41,3.93,99.89
20071109,27.88,4.253,0.401,3.1044,0.42,25.88,26.46,25.2,88.65,5.45,6.4,4.64,99.89
20071110,15.63,3.7651,0.2568,2.7782,0.37,25.86,26.58,25.41,87.16,5.01,6.23,4.29,99.92
20071111,2.07,5.0038,0.8494,3.6022,0.49,26.18,27.12,24.85,83.38,3.12,4.32,2.76,99.99
20071112,1.04,5.0503,2.593,2.5538,0.5,26.69,27.67,25.96,78.91,2.95,3.92,2.6,99.93
20071113,0.95,5.3606,4.5732,1.8554,0.53,27.12,28.15,26.28,81.42,3.69,4.15,3.2,99.85
20071114,2.28,4.9195,1.1273,3.3888,0.49,26.44,27.35,25.88,82.32,2.53,3.7,2.22,99.94
20071115,3.32,5.3057,3.4378,2.3402,0.52,26.04,26.41,25.61,84.33,2.75,4.19,2.43,100.05
20071116,3.22,4.1035,1.3402,2.5442,0.41,26.22,26.7,25.8,85.55,2.39,3.77,2.09,100.1
20071117,3.33,5.8884,4.9034,1.9963,0.58,26.63,27.07,26.17,80.82,1.92,2.86,1.68,99.93
20071118,3.62,4.8473,0.7001,3.4514,0.48,26.8,27.58,26.11,84.68,2.62,3.16,2.31,99.92
20071119,4.79,4.2984,0.4524,3.1286,0.43,26.68,27.2,26.12,85.68,2.45,3.69,2.16,100.04
20071120,37.87,3.043,0.331,2.2428,0.3,25.43,26.57,24.76,87.36,3.1,4.62,2.71,100.2
20071121,0.26,4.6872,0.3869,3.4702,0.47,26.16,27.09,24.91,79.56,1.55,2.5,1.39,100.17
20071122,0.04,5.6287,3.4879,2.8301,0.56,26.93,27.4,26.58,77.86,2.06,2.74,1.82,100.11
20071123,0.18,5.8066,4.6764,3.3602,0.58,27.15,27.88,26.3,77.76,1.85,3.05,1.62,100.03
20071124,1.98,5.3875,2.7737,3.0034,0.54,27.2,27.79,26.82,80.63,2.16,3.09,1.9,100.06
20071125,2.15,4.9579,1.0673,3.535,0.49,27.28,27.92,26.51,80.29,2.88,3.48,2.5,100.12
20071126,9.06,4.3877,0.6626,2.9374,0.44,26.49,27.07,26.05,84.93,3.14,3.92,2.74,100.19
20071127,10.18,4.6385,0.7421,3.2532,0.46,26.51,27.08,25.99,82.61,2.35,3.54,2.06,100.1
20071128,7.72,3.2506,0.0518,2.4818,0.32,26.48,27.32,25.68,85.51,4.08,5.34,3.56,100.0
20071129,1.13,4.8223,3.3718,2.0467,0.48,26.63,27.08,26.13,82.05,2.64,3.24,2.33,100.05
20071130,1.93,3.4358,1.8331,1.7851,0.34,26.55,27.18,25.81,82.0,1.82,3.1,1.66,100.1
20071201,5.57,2.8658,1.1554,1.5533,0.29,26.7,28.08,25.18,79.45,2.22,3.6,1.97,100.05
20071202,10.25,3.546,0.9134,2.4785,0.36,27.3,28.75,26.47,76.48,2.47,3.73,2.17,100.03
20071203,1.93,5.1002,3.0506,2.5541,0.51,27.28,28.85,26.11,75.02,2.22,3.84,1.97,100.02
20071204,0.34,5.581,4.4508,2.2999,0.56,27.83,29.7,26.37,70.63,3.2,5.82,2.73,99.96
20071205,0.59,5.1062,2.4799,2.814,0.51,27.12,27.92,26.42,78.82,1.84,3.54,1.63,100.02
20071206,21.39,3.5434,0.6252,2.3035,0.36,26.32,26.67,25.89,87.33,3.35,4.17,2.98,99.98
20071207,2.53,4.908,1.1719,3.5393,0.49,26.32,26.93,25.48,85.35,2.09,3.22,1.88,99.88
20071208,12.57,3.875,0.9806,2.533,0.39,26.72,27.45,25.89,83.88,2.19,3.63,1.97,99.78
20071209,16.53,4.0178,0.8074,2.85,0.4,26.96,28.07,25.83,83.92,2.74,4.87,2.44,99.73
20071210,42.57,3.0864,0.3218,2.2313,0.31,27.0,27.96,26.45,85.58,4.33,6.35,3.77,99.76
20071211,25.36,4.3978,0.6619,3.2316,0.44,27.15,28.0,26.62,85.32,6.03,6.62,5.13,99.78
20071212,12.31,4.5432,0.8129,3.2234,0.46,26.45,26.61,26.12,89.25,3.83,5.24,3.34,99.74
20071213,39.39,4.7837,1.7292,2.8025,0.48,26.4,27.08,25.73,88.25,3.42,5.22,3.0,99.68
20071214,47.74,3.312,0.1555,2.4192,0.33,26.44,27.01,25.94,90.38,4.69,7.5,4.02,99.63
20071215,6.7,4.8307,0.9439,3.553,0.49,26.51,27.4,25.84,86.26,4.93,7.27,4.22,99.81
20071216,0.18,5.3436,3.0264,2.8399,0.54,27.25,28.39,26.19,78.04,2.69,3.42,2.38,99.89
20071217,5.19,4.0769,0.5693,3.0571,0.41,26.88,27.52,25.52,81.34,1.5,1.97,1.38,99.91
20071218,2.91,5.2075,1.4376,3.2882,0.53,26.75,27.77,25.09,80.97,2.02,2.86,1.84,99.94
20071219,1.82,4.6481,2.5236,2.4264,0.47,27.48,28.07,26.93,79.78,1.92,2.89,1.71,99.85
20071220,10.02,2.748,0.036,2.0717,0.28,26.82,27.12,26.56,83.18,3.24,4.46,2.84,99.99
20071221,5.07,4.7851,1.1489,3.1452,0.48,27.0,27.53,26.41,83.47,3.74,4.42,3.23,100.06
20071222,5.44,4.3574,1.681,2.4523,0.44,26.76,27.48,26.14,84.1,3.16,4.35,2.75,100.03
20071223,15.56,4.9495,1.7002,3.2119,0.5,25.89,26.13,25.56,84.84,2.18,3.18,1.92,100.02
20071224,48.46,4.7678,1.4222,2.9738,0.48,26.27,26.8,25.47,85.45,3.25,7.22,2.82,99.87
20071225,76.99,2.6393,0.1075,1.9205,0.27,26.23,26.54,25.77,87.02,6.72,9.43,5.66,99.99
20071226,9.76,4.6831,0.7932,3.379,0.47,25.61,25.96,25.18,86.17,4.09,5.01,3.57,100.11
20071227,1.9,5.201,2.5862,2.8584,0.52,26.0,26.44,25.4,83.27,4.46,6.55,3.87,100.06
20071228,11.37,5.298,2.8303,2.79,0.53,26.31,27.05,25.6,85.03,4.54,5.32,3.93,99.92
20071229,9.74,3.5897,0.5986,2.5006,0.36,25.82,26.38,25.21,84.64,3.72,4.89,3.26,99.91
20071230,1.3,5.6198,2.7806,3.3283,0.57,26.99,27.81,25.92,79.35,4.42,5.26,3.82,99.86
20071231,2.04,5.6448,3.1222,3.4997,0.57,27.42,28.2,26.75,78.86,5.01,5.72,4.27,99.89
20080101,4.22,5.0496,1.2902,3.6502,0.51,27.33,28.03,26.59,79.04,4.01,5.22,3.48,99.94
20080102,1.9,5.0261,1.1657,3.3199,0.5,27.28,27.83,26.75,79.89,2.9,3.5,2.56,100.08
20080103,2.28,5.5274,1.8444,3.8971,0.55,27.03,28.01,26.14,80.15,3.07,4.65,2.69,100.15
20080104,0.01,4.9373,0.9026,3.529,0.5,27.12,27.65,26.68,81.38,2.13,2.76,1.91,100.19
20080105,1.22,4.8245,2.7552,2.5066,0.48,26.96,27.39,26.52,81.4,2.33,3.11,2.08,100.2
20080106,1.46,5.1737,3.8141,2.2601,0.52,26.67,27.39,26.06,78.96,2.34,3.23,2.1,100.26
20080107,2.14,4.387,1.7033,2.4307,0.44,26.27,26.87,25.58,82.21,1.98,2.84,1.77,100.22
20080108,3.95,4.2977,0.7608,2.9064,0.43,26.23,26.37,26.13,83.19,2.14,3.52,1.89,100.16
20080109,5.32,4.0073,0.2674,2.9486,0.4,26.86,27.4,26.27,81.51,3.35,3.92,2.91,100.17
20080110,1.92,5.4466,3.3859,2.543,0.54,26.9,27.5,26.29,78.86,2.42,3.29,2.11,100.15
20080111,0.8,5.6302,3.5784,2.58,0.56,26.79,27.03,26.27,77.15,2.27,3.47,1.98,100.13
20080112,3.27,5.6832,4.307,2.2373,0.57,27.21,27.81,26.58,75.11,1.95,3.14,1.71,100.09
20080113,5.57,5.1547,3.3912,2.4274,0.51,27.4,27.87,26.96,77.81,2.71,3.57,2.36,100.07
20080114,3.46,4.7894,2.6942,2.4406,0.48,27.23,27.61,26.79,77.78,3.03,3.57,2.64,100.06
20080115,1.56,5.5802,3.0067,2.9251,0.55,27.42,27.95,26.75,74.42,2.4,3.59,2.09,100.15
20080116,0.33,5.5632,3.0226,2.7487,0.55,27.87,28.48,27.23,71.92,2.11,2.58,1.87,100.16
20080117,0.32,5.7209,3.7368,2.5301,0.57,27.76,28.38,27.25,77.03,3.32,4.5,2.9,100.1
20080118,6.68,4.5631,2.1598,2.4386,0.45,27.19,27.72,26.59,83.07,3.97,4.86,3.45,99.93
20080119,4.34,4.1844,1.8629,2.3227,0.41,26.14,26.46,25.91,85.35,2.67,5.02,2.36,99.97
20080120,0.77,5.0846,2.6306,2.5378,0.5,27.09,28.41,26.03,79.17,2.06,3.13,1.86,99.87
20080121,9.19,4.014,1.5038,2.2946,0.4,26.93,27.58,26.36,82.7,2.1,3.06,1.89,99.82
20080122,4.82,3.9912,1.8079,2.1386,0.39,27.02,27.41,26.6,83.1,2.74,4.79,2.44,99.78
20080123,5.18,4.0853,0.8666,2.466,0.4,27.0,27.26,26.74,86.29,4.06,6.34,3.52,99.84
20080124,4.04,3.263,1.0342,1.8718,0.32,27.56,28.64,26.69,80.68,1.94,3.12,1.74,99.75
20080125,8.68,3.9552,0.8714,2.6306,0.39,26.87,27.47,26.62,87.27,2.29,3.99,2.07,99.82
20080126,8.69,4.1496,2.2723,2.111,0.41,27.5,28.37,26.96,82.41,2.11,2.95,1.93,99.8
20080127,13.2,3.8455,1.0891,2.6112,0.38,27.17,27.9,26.57,84.69,2.79,3.92,2.48,99.87
20080128,26.32,4.3994,0.751,2.8411,0.43,26.62,27.06,26.15,87.71,4.04,5.32,3.51,99.94
20080129,8.02,4.0387,0.1714,3.0031,0.39,26.44,27.03,25.91,83.24,1.44,2.71,1.28,99.93
20080130,4.23,5.1689,2.2536,2.8186,0.5,26.62,27.27,25.96,84.49,2.56,3.52,2.25,99.88
20080131,65.17,3.9902,1.5106,2.2524,0.39,26.59,27.1,26.22,86.88,3.36,4.74,2.94,99.87
20080201,31.18,3.9413,0.2542,2.9362,0.38,26.63,27.05,26.32,85.29,5.56,7.57,4.76,99.91
20080202,7.26,5.273,2.0167,3.2525,0.51,26.88,27.32,26.42,82.85,5.65,6.85,4.82,99.94
20080203,20.9,3.3857,0.1716,2.4314,0.33,26.9,27.23,26.7,79.7,4.79,6.16,4.13,100.02
20080204,0.06,5.2766,1.8727,2.9758,0.51,27.5,28.45,26.7,74.14,1.59,2.03,1.43,99.95
20080205,0.0,5.6806,3.7682,2.9138,0.55,27.92,29.24,27.04,76.11,1.84,2.97,1.63,99.96
20080206,0.0,5.6057,2.9124,3.2126,0.54,28.22,29.73,27.17,74.34,2.22,3.33,1.93,99.88
20080207,0.26,5.525,2.5414,3.2832,0.53,27.68,28.43,27.22,76.38,1.62,2.73,1.43,99.9
20080208,5.75,5.0124,1.7482,3.2218,0.48,27.34,28.06,26.5,76.97,2.27,3.0,2.01,100.0
20080209,4.92,4.4222,0.3629,3.1529,0.43,26.6,27.19,25.77,82.47,3.58,5.05,3.16,100.07
20080210,5.09,3.7958,0.9991,2.7074,0.37,26.06,26.69,25.6,80.35,2.01,3.08,1.78,100.14
20080211,11.52,4.0944,0.1121,3.0821,0.39,26.91,28.11,25.26,79.72,2.12,3.1,1.9,100.08
20080212,7.98,4.7573,0.5738,3.4075,0.46,27.46,28.17,27.01,79.57,2.57,3.96,2.27,100.01
20080213,1.62,5.3753,1.2566,3.7166,0.52,27.63,28.69,27.09,74.95,1.76,3.03,1.56,100.03
20080214,4.32,4.4434,0.8652,3.0893,0.43,27.32,27.76,26.69,74.49,2.01,2.87,1.8,100.2
20080215,4.57,3.7164,0.0634,2.7672,0.36,26.6,27.17,26.11,79.1,2.73,3.18,2.4,100.25
20080216,1.11,5.4343,1.5322,3.541,0.52,27.15,28.35,25.88,73.11,1.54,3.02,1.38,100.21
20080217,1.99,5.4713,2.7118,2.8541,0.52,27.57,28.36,27.06,72.5,1.14,2.02,1.01,100.19
20080218,4.05,5.0002,1.5516,3.204,0.48,27.48,28.37,26.53,75.94,2.06,3.56,1.84,100.2
20080219,7.73,5.9338,2.9304,2.9882,0.57,27.41,28.47,26.46,74.49,3.03,3.61,2.68,100.24
20080220,14.45,4.2706,0.2086,3.1301,0.41,26.74,27.84,26.0,79.17,3.4,4.64,2.99,100.24
20080221,29.21,4.4765,1.158,2.6407,0.43,25.9,26.34,25.23,85.27,3.85,4.57,3.38,100.2
20080222,22.96,4.6589,1.326,2.7358,0.44,26.25,26.7,25.83,85.14,3.11,4.47,2.73,100.07
20080223,5.16,4.9354,0.6761,3.4435,0.47,26.12,26.86,25.6,86.02,3.39,5.72,2.96,100.06
20080224,10.33,4.368,1.6661,2.4314,0.42,26.29,26.9,25.35,84.17,2.86,7.02,2.5,100.03
20080225,19.4,4.4021,0.7613,3.0972,0.42,26.26,26.77,25.78,84.8,4.8,6.97,4.15,100.02
20080226,9.33,5.406,1.5701,3.3168,0.52,26.6,27.2,25.78,81.9,3.65,5.21,3.19,100.05
20080227,9.24,2.7768,0.2993,1.9495,0.26,26.83,27.16,26.31,81.16,3.3,4.3,2.88,100.11
20080228,19.18,4.0524,0.2854,2.9129,0.39,25.82,26.87,25.41,85.62,3.07,4.68,2.7,100.12
20080229,0.74,5.573,1.9531,2.9878,0.53,26.73,27.77,25.78,79.34,2.82,3.59,2.49,100.0
20080301,2.23,5.1674,0.696,3.7174,0.49,26.44,26.84,25.85,81.51,3.38,4.43,2.98,100.02
20080302,20.54,3.1145,0.0314,2.2951,0.3,26.0,26.6,25.32,83.86,2.82,3.84,2.52,100.08
20080303,17.44,2.4737,0.1838,1.7556,0.24,26.05,26.62,25.41,80.4,2.72,5.04,2.42,100.07
20080304,0.45,4.8058,0.4906,3.5234,0.46,26.87,27.54,26.5,71.76,1.69,2.51,1.54,100.0
20080305,2.47,4.8053,0.7399,3.4692,0.46,27.28,28.08,26.53,72.33,1.6,2.82,1.44,100.0
20080306,8.84,4.5418,2.6563,2.1799,0.43,27.33,28.14,26.44,79.16,3.49,5.73,3.06,100.03
20080307,4.72,4.4546,2.0083,2.3981,0.42,27.52,28.09,27.03,82.04,4.82,6.02,4.15,100.0
20080308,26.53,3.3689,0.7975,2.2075,0.32,26.66,27.1,26.19,87.79,4.5,7.77,3.9,99.99
20080309,13.58,4.547,1.8209,2.5454,0.43,26.63,27.27,25.79,80.93,2.83,6.29,2.52,99.96
20080310,8.02,4.152,0.8424,2.6074,0.39,27.01,27.63,26.41,80.09,2.49,4.46,2.24,99.91
20080311,85.47,3.3211,0.8491,2.0616,0.32,26.83,27.27,26.34,87.18,5.21,7.26,4.49,99.86
20080312,29.19,3.2472,0.1104,2.381,0.31,26.1,26.37,25.78,89.71,4.23,5.69,3.72,99.92
20080313,19.72,4.487,0.8659,2.7624,0.43,26.24,26.84,25.68,86.17,3.24,4.93,2.84,99.92
20080314,8.47,4.7323,1.741,2.557,0.45,26.42,27.23,25.54,84.58,3.25,4.06,2.87,99.93
20080315,5.48,4.7782,1.6841,2.6741,0.45,26.77,27.67,25.98,82.88,2.34,4.04,2.11,99.91
20080316,6.88,5.3359,2.2853,3.0307,0.51,27.78,29.18,26.64,77.99,2.09,3.47,1.9,99.8
20080317,78.23,3.4702,0.649,2.2118,0.33,26.75,27.27,26.1,87.91,3.5,6.37,3.09,99.74
20080318,37.55,4.416,0.5846,3.1697,0.42,26.39,26.83,25.83,89.14,4.4,5.42,3.83,99.83
20080319,6.35,3.9941,0.2342,2.9503,0.38,26.75,27.13,26.28,86.5,4.94,6.61,4.24,99.86
20080320,0.79,4.5545,0.8134,3.0209,0.43,26.4,27.42,25.7,80.94,2.27,3.46,2.0,99.92
20080321,20.39,4.6015,1.9027,2.4367,0.44,26.42,27.11,25.62,81.41,2.5,4.14,2.2,99.9
20080322,35.32,3.3696,0.0427,2.5138,0.32,25.85,26.38,24.79,80.83,2.55,4.09,2.25,100.01
20080323,0.16,6.1051,3.5894,2.6366,0.58,27.25,28.35,26.23,78.28,2.24,2.98,1.99,99.93
20080324,5.72,5.4816,2.2913,3.1603,0.52,27.04,27.81,26.25,82.15,1.83,2.56,1.62,99.99
20080325,12.59,4.8682,2.555,2.3647,0.47,26.83,27.6,25.81,74.05,3.01,4.41,2.64,100.1
20080326,2.47,6.882,6.186,1.9234,0.66,26.77,27.48,26.16,80.8,2.38,3.2,2.11,100.07
20080327,1.78,6.7663,6.397,1.8614,0.65,27.01,27.74,25.96,77.71,1.98,3.61,1.79,100.04
20080328,0.99,6.6634,5.0146,2.5313,0.64,27.99,28.98,27.24,72.28,1.19,2.53,1.07,99.99
20080329,0.24,6.103,3.9185,2.4358,0.59,27.39,27.69,26.97,82.0,2.06,2.46,1.83,100.04
20080330,4.1,5.6813,3.541,2.4696,0.55,27.29,27.57,27.0,79.9,2.81,3.28,2.46,100.09
20080331,3.25,5.0866,1.0831,3.3245,0.49,26.95,27.16,26.59,80.48,2.35,3.28,2.08,100.09
20080401,1.21,5.5008,3.0562,2.5106,0.53,27.2,28.08,26.42,79.01,2.22,3.05,1.97,100.08
20080402,3.33,5.263,1.7261,3.1022,0.51,26.92,27.24,26.54,82.79,2.15,2.82,1.91,100.11
20080403,3.94,3.3557,0.2563,2.3959,0.32,26.69,26.89,26.46,84.83,2.8,3.68,2.44,100.03
20080404,4.03,5.1828,3.2743,2.2406,0.5,25.99,26.5,25.69,84.2,2.14,4.61,1.88,100.01
20080405,10.43,4.9166,3.138,2.1094,0.48,26.82,27.69,25.97,81.43,2.32,3.11,2.06,100.07
20080406,7.34,4.9584,2.6786,2.4053,0.48,26.94,27.29,26.37,82.19,2.54,3.04,2.24,100.13
20080407,1.69,5.3515,4.3694,1.9351,0.52,27.48,28.05,26.89,78.33,2.72,3.27,2.38,100.03
20080408,9.35,4.6882,0.7889,3.1253,0.46,27.04,27.56,26.65,79.98,2.89,4.1,2.54,99.95
20080409,7.49,5.7773,4.4897,2.1098,0.56,27.09,27.6,26.56,77.59,2.72,3.82,2.4,99.95
20080410,15.14,4.3946,1.6944,2.4451,0.43,26.4,26.79,25.8,86.77,2.84,3.72,2.47,99.89
20080411,8.54,4.2802,0.5071,2.9777,0.42,26.48,27.09,25.79,82.51,2.0,2.82,1.76,99.88
20080412,2.49,4.8782,2.0801,2.5337,0.48,26.54,27.02,26.08,83.6,3.01,3.56,2.64,99.91
20080413,0.88,5.2282,2.1982,2.7353,0.51,27.0,27.57,26.33,78.82,2.78,3.95,2.44,99.85
20080414,5.32,5.1612,1.9783,2.8354,0.51,27.39,28.04,26.57,78.53,2.33,3.67,2.07,99.82
20080415,4.86,5.2234,2.1566,2.9059,0.52,26.88,27.35,26.52,82.78,2.95,3.94,2.6,99.88
20080416,35.1,4.2192,1.3966,2.3964,0.42,26.62,26.99,25.99,85.72,2.99,3.85,2.62,99.9
20080417,23.55,5.2476,2.0225,3.2393,0.52,26.84,27.42,26.18,86.1,3.44,4.29,3.01,99.81
20080418,29.8,4.0306,0.8364,2.6057,0.4,26.68,27.51,26.14,85.11,2.14,4.12,1.91,99.73
20080419,6.28,4.415,1.229,2.9446,0.44,26.76,27.26,26.13,86.84,3.16,7.05,2.75,99.73
20080420,5.76,4.3022,0.3302,3.2086,0.43,26.69,27.32,26.14,89.61,3.45,7.08,2.99,99.7
20080421,12.35,4.1083,0.3281,2.917,0.41,27.08,27.38,26.74,86.51,3.95,7.68,3.43,99.67
20080422,21.8,2.2284,0.0809,1.6613,0.22,26.96,27.34,26.46,88.08,4.94,6.57,4.23,99.74
20080423,4.4,5.0354,1.7338,3.0799,0.5,27.07,27.45,26.51,83.44,3.84,5.18,3.34,99.88
20080424,12.53,3.7682,0.1601,2.7862,0.38,26.73,27.65,25.93,87.82,4.8,6.6,4.15,99.97
20080425,7.16,4.6154,0.5388,3.4205,0.46,27.16,27.62,26.41,85.75,4.05,4.79,3.52,100.03
20080426,0.65,5.8414,3.6622,2.8339,0.59,27.53,28.24,26.75,81.89,2.98,3.51,2.62,99.98
20080427,0.09,5.9105,5.507,1.7681,0.6,27.72,28.24,27.22,78.4,2.31,3.09,2.03,99.86
20080428,3.47,4.6742,2.7756,2.1852,0.47,27.37,27.8,26.67,82.76,3.15,3.91,2.76,99.83
20080429,6.25,5.2817,2.3522,2.8668,0.53,26.99,27.49,26.43,85.44,2.19,3.12,1.96,99.91
20080430,2.67,5.3942,3.0876,2.5267,0.55,26.94,27.64,26.13,84.27,1.94,2.64,1.73,100.0
20080501,1.02,5.0954,1.218,3.4375,0.52,27.06,27.72,26.43,83.39,1.86,2.54,1.66,99.99
20080502,0.83,5.9938,4.7434,2.2843,0.61,27.46,28.27,26.67,83.2,2.49,4.36,2.21,99.93
20080503,1.01,5.7233,4.71,2.221,0.58,28.23,29.02,27.43,79.3,3.08,6.06,2.69,99.9
20080504,1.41,6.3434,6.0091,1.9315,0.65,27.59,28.14,27.21,83.71,2.54,3.15,2.28,100.0
20080505,1.29,4.9274,1.0627,3.3338,0.5,27.34,27.93,26.99,85.07,2.33,3.04,2.07,99.98
20080506,2.56,4.1035,0.2011,3.0778,0.42,27.38,27.9,26.97,81.93,2.59,3.83,2.3,99.99
20080507,0.77,5.0196,1.337,3.2774,0.52,27.52,28.11,27.06,81.6,3.22,4.33,2.82,100.0
20080508,3.39,4.4702,0.8004,3.0518,0.46,27.33,27.98,26.7,83.22,3.39,4.58,2.97,99.99
20080509,4.55,5.4175,3.4987,2.4701,0.56,27.51,27.85,26.95,82.35,4.71,5.18,4.05,100.01
20080510,6.25,4.6104,0.4056,3.4303,0.48,27.35,27.78,26.91,78.95,4.03,5.6,3.49,100.03
20080511,0.62,5.7324,3.7906,2.7907,0.59,27.36,27.98,26.89,77.55,3.31,4.86,2.87,100.04
20080512,0.9,5.4362,2.7259,2.7926,0.56,27.39,27.85,26.79,80.73,4.54,5.58,3.91,100.1
20080513,0.1,6.0931,5.2512,2.0455,0.63,27.57,28.02,26.98,75.66,4.93,6.18,4.22,100.17
20080514,0.0,5.7446,3.4142,2.8008,0.6,27.72,28.34,27.18,68.42,2.86,3.81,2.49,100.19
20080515,0.03,6.2239,5.616,2.0537,0.65,27.64,28.45,27.05,72.51,2.33,3.57,2.04,100.22
20080516,0.01,6.4541,6.0281,1.9726,0.68,27.75,28.58,27.07,73.88,2.41,3.34,2.13,100.23
20080517,0.0,6.311,5.5637,2.0146,0.66,27.83,28.73,27.19,72.09,2.33,2.84,2.08,100.11
20080518,0.01,6.3557,6.4181,1.6483,0.67,27.59,28.19,27.15,76.02,2.19,3.16,1.93,100.09
20080519,0.01,6.3672,5.897,2.0419,0.67,27.73,28.46,27.17,76.94,2.64,2.99,2.34,100.09
20080520,0.15,5.8277,5.399,1.8005,0.61,27.93,28.72,27.41,76.01,1.98,3.0,1.75,100.07
20080521,1.16,4.4957,3.1037,1.9862,0.47,27.64,28.05,27.35,79.45,2.14,2.98,1.9,100.0
20080522,4.57,4.5528,2.5392,2.2716,0.48,27.53,27.93,27.14,83.56,3.05,3.91,2.67,99.92
20080523,10.5,4.2547,1.1006,2.7233,0.45,27.46,27.9,26.81,84.74,2.88,3.63,2.54,99.93
20080524,35.06,4.8792,3.3605,2.0959,0.52,26.89,27.46,26.33,81.56,1.58,2.64,1.41,99.89
20080525,15.96,3.6324,1.0409,2.1809,0.39,27.0,27.86,26.18,80.23,2.31,3.66,2.05,99.89
20080526,14.77,3.0598,0.1205,2.3366,0.33,27.31,28.38,26.23,80.66,2.54,3.17,2.28,99.93
20080527,5.18,4.4518,1.7969,2.3186,0.47,27.09,27.57,26.63,80.28,1.34,2.71,1.25,100.0
20080528,12.21,5.562,4.8326,1.8763,0.59,26.74,27.21,26.07,80.11,1.25,2.28,1.11,99.96
20080529,26.72,4.3243,2.7019,2.2363,0.46,26.89,27.06,26.58,86.62,3.98,5.64,3.47,99.86
20080530,31.86,3.1987,0.1577,2.4154,0.34,27.07,27.6,26.72,85.17,2.66,4.57,2.35,99.9
20080531,2.45,5.0215,3.3144,2.202,0.54,26.84,27.18,26.28,81.24,1.92,3.06,1.71,99.9
20080601,16.19,4.8862,3.4992,2.112,0.52,27.5,28.33,26.99,80.5,1.89,2.61,1.71,99.85
20080602,9.59,4.4374,1.6291,2.8049,0.48,27.07,27.49,26.72,83.6,2.29,3.01,2.05,99.93
20080603,22.54,4.0114,2.0333,2.2265,0.43,26.61,27.13,26.26,80.28,1.54,2.71,1.34,100.02
20080604,8.9,4.6666,2.3122,2.7094,0.5,27.17,27.89,26.5,76.63,1.73,3.18,1.54,99.99
20080605,44.2,4.1064,1.6409,2.4782,0.44,26.87,27.19,26.33,86.34,3.01,4.56,2.63,99.93
20080606,22.27,4.957,2.52,2.6911,0.54,26.98,27.19,26.72,85.99,3.56,4.32,3.12,99.84
20080607,53.7,3.4183,1.0202,2.1934,0.37,26.68,27.2,25.85,84.9,4.28,6.02,3.71,99.92
20080608,4.75,4.2266,0.4438,3.1567,0.46,26.87,27.56,26.15,77.57,1.66,2.18,1.49,99.95
20080609,0.4,5.5922,4.511,2.1048,0.61,27.26,27.82,26.64,80.33,2.79,3.3,2.45,100.04
20080610,0.75,5.2982,4.4148,2.1247,0.57,27.13,27.49,26.79,79.74,3.09,3.56,2.69,100.12
20080611,0.64,5.5786,3.8729,2.3986,0.61,27.36,27.81,26.74,77.29,3.01,3.75,2.63,100.14
20080612,0.81,4.5607,3.787,1.9111,0.5,27.13,27.41,26.59,77.59,2.59,3.43,2.27,100.05
20080613,0.35,5.0798,3.6888,2.929,0.55,26.72,27.13,26.28,80.73,2.36,3.13,2.09,100.05
20080614,0.39,4.92,2.371,2.6143,0.53,27.25,27.88,26.55,76.24,2.1,2.63,1.85,100.07
20080615,1.08,5.1569,3.1459,2.4391,0.56,27.53,28.26,26.62,74.94,1.85,2.87,1.64,100.05
20080616,3.07,4.9226,3.2414,2.2133,0.54,27.53,27.75,27.35,77.57,1.56,2.23,1.43,100.03
20080617,5.25,4.5108,1.6327,2.749,0.49,27.58,28.28,26.94,78.98,1.05,1.92,0.96,100.01
20080618,49.37,2.8944,0.3043,2.1706,0.32,26.91,27.5,26.57,78.8,2.34,3.39,2.08,100.13
20080619,4.01,5.5702,3.877,2.2402,0.61,27.73,28.47,27.07,75.24,2.44,3.66,2.16,100.07
20080620,4.86,5.3496,4.0961,1.9949,0.58,27.31,27.91,26.68,83.43,3.34,4.82,2.94,100.03
20080621,2.34,4.1978,2.627,2.0342,0.46,27.27,27.6,26.84,82.97,4.78,5.74,4.1,100.04
20080622,1.45,3.8287,0.6396,2.5992,0.42,27.0,27.43,26.59,82.32,3.75,5.63,3.27,100.05
20080623,1.08,4.5101,2.3969,2.3136,0.49,26.46,26.75,26.03,83.61,3.47,4.26,3.05,100.0
20080624,0.67,3.8054,0.8066,2.5327,0.41,26.85,27.3,26.3,82.29,3.32,3.95,2.9,100.04
20080625,7.57,4.2924,0.7253,3.139,0.47,27.22,27.78,26.73,82.31,2.47,3.59,2.18,100.04
20080626,6.84,4.9853,4.3862,1.7806,0.54,27.09,27.38,26.7,85.25,2.77,3.65,2.46,100.04
20080627,61.55,3.1231,0.4087,2.2286,0.34,27.03,27.9,26.5,85.43,3.42,6.0,3.02,100.07
20080628,0.3,4.7882,2.7648,2.2997,0.52,27.68,28.88,26.65,77.77,1.76,2.55,1.6,100.0
20080629,8.8,3.054,0.7498,2.1888,0.33,27.2,28.11,26.75,83.56,1.96,3.18,1.75,100.0
20080630,29.96,3.8558,2.1833,1.9502,0.42,26.54,26.79,26.2,86.51,4.07,5.57,3.52,100.12
20080701,1.56,5.5978,5.1684,1.8521,0.61,27.1,28.14,26.06,76.99,1.98,3.35,1.78,100.11
20080702,0.49,4.7753,3.2666,2.1017,0.52,27.21,27.73,26.82,80.58,2.75,4.13,2.43,100.1
20080703,27.64,4.3375,2.8764,2.0136,0.47,26.43,26.92,25.87,85.43,2.3,4.24,2.03,100.19
20080704,21.73,3.9014,0.6883,2.8111,0.42,26.64,27.53,26.08,82.2,2.34,4.06,2.09,100.11
20080705,1.91,4.5804,2.9839,2.1197,0.5,27.58,28.28,26.72,78.73,3.76,4.28,3.28,100.03
20080706,3.46,4.9411,3.397,2.2087,0.54,27.9,28.79,27.07,78.66,2.9,4.32,2.56,99.94
20080707,18.05,4.0337,2.351,1.9894,0.44,27.8,28.48,27.14,78.62,3.59,5.14,3.15,99.9
20080708,7.76,2.6933,0.0991,2.0623,0.29,27.27,27.67,26.96,77.86,1.35,1.98,1.24,99.99
20080709,2.76,4.6968,2.0717,2.5618,0.51,27.15,27.78,26.67,82.61,2.71,4.5,2.4,100.08
20080710,16.28,2.587,0.3902,1.7326,0.28,25.94,26.58,25.74,87.98,3.16,4.38,2.81,100.21
20080711,2.47,5.1581,3.0377,2.4175,0.56,27.26,28.42,25.66,74.6,1.68,3.19,1.51,100.0
20080712,12.14,4.4134,3.1123,2.0148,0.48,27.43,28.12,26.81,82.26,3.56,5.53,3.13,99.85
20080713,31.39,4.4522,3.3984,1.8758,0.48,26.94,27.22,26.66,86.25,3.98,4.69,3.49,99.96
20080714,25.91,2.2795,0.198,1.639,0.25,26.23,26.73,25.64,89.51,4.13,5.71,3.6,100.09
20080715,1.73,4.23,2.1938,2.2738,0.45,26.5,27.11,25.78,78.93,1.95,2.91,1.76,100.07
20080716,2.06,4.1345,2.6412,1.9205,0.44,26.8,27.45,26.11,81.1,2.56,3.53,2.26,99.84
20080717,27.53,4.296,2.8661,1.9747,0.46,26.4,26.82,25.74,88.05,3.85,4.74,3.36,99.87
20080718,7.88,4.1918,1.1722,2.5418,0.45,26.45,27.04,25.65,83.85,4.06,4.77,3.54,99.99
20080719,0.89,4.8142,3.8606,1.9694,0.51,26.8,27.31,26.12,79.7,1.72,3.62,1.56,99.94
20080720,15.98,3.9653,1.9385,2.142,0.42,27.07,27.66,26.58,83.42,3.12,3.96,2.76,100.0
20080721,67.36,2.6462,0.8357,1.7638,0.28,26.48,26.73,26.0,89.15,6.01,8.8,5.11,100.02
20080722,9.74,5.1276,2.563,2.5927,0.55,26.22,27.62,24.78,79.42,3.47,4.35,3.06,100.08
20080723,0.96,5.5702,4.3471,2.107,0.59,26.7,27.36,25.9,81.12,4.87,5.6,4.2,100.01
20080724,2.98,5.0894,3.8486,1.9718,0.54,26.78,27.03,26.35,77.94,3.81,4.16,3.34,100.0
20080725,6.86,2.3698,0.042,1.7611,0.25,25.55,26.54,24.68,83.9,3.72,4.73,3.24,100.03
20080726,2.18,4.2602,0.8006,3.0218,0.45,25.52,26.24,24.75,84.0,2.46,3.56,2.16,100.08
20080727,0.03,4.1446,0.2626,3.0283,0.44,26.35,27.12,25.26,75.41,1.51,2.75,1.35,100.15
20080728,0.15,5.0873,1.5962,3.1582,0.54,27.26,27.81,26.93,75.21,1.37,2.33,1.24,100.05
20080729,1.29,3.8796,0.6607,2.4907,0.41,26.99,27.41,26.55,77.57,1.58,2.36,1.44,100.02
20080730,0.04,6.3775,5.7382,2.0758,0.67,27.41,28.25,26.83,80.06,2.38,2.8,2.11,99.97
20080731,0.06,6.6619,6.8342,1.661,0.7,27.24,27.99,26.67,79.76,1.96,3.04,1.73,100.01
20080801,0.01,6.4711,6.0706,1.9123,0.68,27.13,27.52,26.53,81.0,2.63,3.14,2.33,99.96
20080802,0.04,6.2638,5.6191,1.9402,0.65,27.31,27.79,26.79,78.8,2.53,3.89,2.22,99.97
20080803,0.08,5.981,4.7599,2.2704,0.62,27.31,28.02,26.78,77.9,2.48,3.06,2.19,100.01
20080804,0.42,5.7547,4.1117,2.4403,0.6,27.42,28.29,26.47,81.59,4.15,4.86,3.6,100.0
20080805,1.54,4.5773,1.4275,2.9309,0.48,26.78,27.18,26.31,81.85,3.62,4.99,3.15,100.01
20080806,2.07,4.6334,1.7626,2.9738,0.48,27.56,28.56,26.81,81.18,4.22,5.27,3.64,99.89
20080807,4.8,3.1495,0.282,2.2651,0.33,27.13,27.98,26.09,82.25,3.31,5.52,2.89,99.86
20080808,0.67,4.487,1.3174,2.7439,0.46,26.43,27.17,25.72,82.18,2.41,3.88,2.12,99.94
20080809,3.32,5.3767,4.4515,1.9277,0.55,26.5,26.85,26.16,82.8,2.19,2.62,1.95,99.96
20080810,4.95,4.741,2.5838,2.2363,0.49,26.69,27.17,25.92,81.72,2.58,3.62,2.28,99.98
20080811,2.5,4.6697,2.0815,2.5195,0.48,26.67,26.88,26.23,81.01,1.5,2.89,1.32,100.02
20080812,2.55,3.8582,1.5523,2.1355,0.4,27.28,28.05,26.38,77.42,2.79,3.97,2.46,100.11
20080813,1.59,5.742,3.7157,2.4521,0.59,27.76,28.47,27.06,77.03,1.94,2.6,1.75,100.06
20080814,28.28,4.7126,2.7005,2.25,0.48,26.99,27.46,26.7,84.32,1.61,2.2,1.48,100.05
20080815,9.51,5.082,3.066,2.3525,0.52,27.08,27.45,26.55,85.0,3.03,3.58,2.67,99.99
20080816,2.88,5.0544,3.06,2.3026,0.51,27.5,28.26,26.99,80.03,2.19,2.56,1.98,99.93
20080817,6.58,4.0872,0.9586,2.7533,0.42,27.48,28.37,26.57,82.01,2.68,4.1,2.4,99.99
20080818,6.35,5.0004,3.2918,2.208,0.51,27.14,28.01,26.38,79.66,2.21,3.07,1.97,100.02
20080819,2.32,3.2292,0.2333,2.2663,0.33,26.57,27.09,25.9,84.07,1.4,2.41,1.27,100.07
20080820,10.52,4.7162,3.4356,1.8271,0.48,27.12,27.62,26.64,81.48,1.75,4.43,1.55,100.06
20080821,16.35,4.2991,1.5907,2.4014,0.43,26.77,27.33,26.25,85.24,3.88,5.8,3.39,100.04
20080822,10.49,4.2228,0.4085,3.0302,0.43,25.81,26.09,25.43,85.33,2.82,4.96,2.47,100.07
20080823,16.18,4.1122,0.3578,2.9714,0.41,26.16,26.84,25.47,85.6,3.17,4.5,2.79,100.03
20080824,24.73,3.445,1.2257,2.0777,0.35,25.85,26.37,25.3,87.21,3.65,4.89,3.19,100.1
20080825,9.06,4.8914,2.1005,2.5774,0.49,26.51,27.71,25.38,84.34,3.62,5.19,3.17,100.0
20080826,20.26,4.0733,1.3481,2.2798,0.41,25.9,26.3,25.68,88.15,4.33,6.87,3.75,100.02
20080827,11.09,3.6794,0.5191,2.5157,0.37,25.53,25.84,25.24,87.38,2.76,3.7,2.43,100.02
20080828,4.29,4.9702,1.8233,2.959,0.5,25.91,26.41,25.66,85.67,4.91,6.1,4.23,100.03
20080829,3.42,5.3066,2.6712,2.5927,0.53,27.08,28.08,26.1,76.45,3.23,4.22,2.85,99.99
20080830,13.43,4.5218,1.451,2.6333,0.45,27.0,27.69,26.41,84.35,3.5,4.92,3.06,99.96
20080831,7.63,5.777,4.4712,2.0798,0.57,26.77,27.39,26.33,82.69,2.77,3.36,2.42,100.05
20080901,20.13,4.2624,1.6001,2.4029,0.42,26.44,26.92,26.03,87.73,4.09,5.57,3.54,99.99
20080902,8.43,4.7436,2.6366,2.4146,0.47,26.26,26.86,25.49,86.17,3.28,4.43,2.92,100.01
20080903,22.42,3.3694,0.4903,2.2673,0.33,26.26,27.19,25.28,82.67,1.62,2.52,1.5,100.01
20080904,36.97,3.541,0.2957,2.5159,0.35,26.27,27.08,25.88,85.78,2.9,5.23,2.57,100.04
20080905,4.91,4.4042,0.726,2.7991,0.43,26.18,26.58,25.7,88.15,4.47,5.2,3.89,100.07
20080906,16.59,4.1844,0.6506,3.0206,0.41,26.01,26.35,25.49,86.23,4.17,5.46,3.61,100.09
20080907,1.8,5.1343,1.6798,3.066,0.51,26.0,26.63,25.02,81.51,2.15,2.79,1.88,100.02
20080908,4.96,4.5024,0.5705,3.102,0.44,25.98,26.47,25.43,82.48,2.3,3.12,2.02,100.02
20080909,6.18,4.9961,1.8502,2.8394,0.49,26.08,26.52,25.45,85.09,2.97,3.98,2.62,100.02
20080910,11.19,3.9334,0.1826,2.9508,0.39,26.15,26.56,25.86,86.39,3.09,4.88,2.69,100.02
20080911,2.59,5.323,2.2392,2.8322,0.52,26.28,26.86,25.55,81.81,2.05,3.82,1.8,99.99
20080912,4.15,4.11,0.4438,2.7283,0.4,26.37,26.64,26.08,85.27,2.43,3.4,2.15,99.99
20080913,14.37,2.9131,0.0127,2.2111,0.28,26.28,27.01,25.51,80.58,1.79,3.15,1.58,100.09
20080914,11.11,4.3075,1.1268,2.8956,0.42,25.89,26.65,24.81,78.35,1.71,3.06,1.51,100.18
20080915,6.1,3.768,0.5417,2.7761,0.37,26.14,26.92,25.28,83.65,3.33,4.88,2.91,100.17
20080916,4.5,5.2301,1.5499,3.5448,0.51,26.27,26.63,25.91,83.14,3.58,5.29,3.12,100.2
20080917,1.13,5.7194,2.5248,3.2902,0.56,27.08,27.92,25.94,75.18,1.43,2.54,1.27,100.23
20080918,1.06,5.8354,3.6266,2.5027,0.57,27.67,28.44,26.98,77.69,2.87,4.1,2.53,100.2
20080919,3.79,6.235,5.2939,2.1288,0.61,27.43,27.85,27.1,83.09,3.64,4.96,3.15,100.19
20080920,27.4,5.1108,3.2083,2.2541,0.5,27.17,27.7,26.59,86.39,4.05,5.3,3.5,100.16
20080921,5.26,5.1185,3.0941,2.3162,0.5,26.6,27.38,25.05,73.6,2.37,4.15,2.08,100.23
20080922,1.8,4.7083,0.9454,3.0305,0.46,26.87,27.92,25.67,80.62,2.43,3.58,2.17,100.09
20080923,15.71,4.1136,0.9924,2.4605,0.4,27.1,27.55,26.73,81.0,2.15,2.72,1.88,100.09
20080924,8.87,4.5312,1.3447,2.7139,0.44,27.19,28.41,26.47,81.79,1.67,2.81,1.49,100.12
20080925,12.81,3.8618,1.1885,2.2082,0.37,26.29,26.77,25.73,85.98,2.23,5.24,1.93,100.22
20080926,15.33,3.5424,0.3137,2.4022,0.34,25.82,26.42,25.1,81.08,2.85,4.39,2.51,100.33
20080927,0.31,6.3713,4.56,2.3909,0.62,26.95,27.7,26.25,75.16,2.29,3.49,2.02,100.23
20080928,2.28,6.3242,4.6402,2.4667,0.61,26.8,27.44,26.18,80.56,1.8,2.85,1.61,100.16
20080929,9.16,4.5523,0.5542,3.1286,0.44,26.83,27.83,26.3,81.63,1.99,3.68,1.76,100.08
20080930,54.33,3.0168,0.1142,2.1955,0.29,26.06,26.54,25.49,86.43,3.47,4.8,3.03,100.09
20081001,19.9,3.8621,0.1944,2.856,0.37,26.03,27.1,24.97,80.43,1.82,3.92,1.62,100.13
20081002,0.24,5.0047,1.1734,3.1157,0.48,27.43,28.08,26.95,76.8,2.23,2.56,1.98,100.03
20081003,7.18,3.911,1.4302,2.2507,0.38,26.52,26.88,26.16,81.69,2.87,3.59,2.53,100.14
20081004,11.5,4.4297,0.4102,3.0953,0.43,26.13,26.54,25.61,82.4,2.17,3.06,1.95,100.13
20081005,14.07,4.4438,1.5754,2.4754,0.43,26.34,26.81,25.45,84.13,3.59,4.42,3.15,100.13
20081006,47.36,5.251,3.1572,2.5234,0.51,26.36,27.84,25.42,84.64,3.19,5.29,2.83,100.15
20081007,10.41,3.156,0.199,2.1828,0.3,25.74,26.18,25.31,86.87,3.37,4.31,2.96,100.2
20081008,1.3,5.5051,3.4649,2.6429,0.53,26.57,27.54,25.43,78.72,1.76,3.15,1.58,100.05
20081009,19.05,4.7393,2.897,2.1809,0.46,26.78,27.19,26.37,88.01,4.52,5.72,3.94,99.98
20081010,15.58,4.5648,2.1886,2.6441,0.44,27.33,28.53,26.47,86.47,3.96,5.75,3.43,99.96
20081011,8.51,4.3591,1.4234,2.9186,0.42,27.25,28.33,26.62,86.74,3.1,5.03,2.76,99.93
20081012,13.76,5.1336,2.023,3.173,0.5,26.93,28.1,26.31,84.47,3.04,4.18,2.65,99.94
20081013,22.19,4.9586,2.111,2.8109,0.48,26.7,27.71,25.63,83.81,2.06,3.75,1.85,99.95
20081014,3.92,5.4974,4.6627,1.8768,0.53,27.16,28.23,26.44,82.05,1.85,3.58,1.68,99.97
20081015,11.79,5.0338,2.303,3.0197,0.49,26.93,27.9,26.26,86.47,1.84,3.7,1.64,99.93
20081016,14.03,4.9291,1.2319,3.2542,0.48,26.48,27.31,25.94,88.09,1.7,3.3,1.51,99.89
20081017,15.89,4.8466,1.3951,2.9268,0.47,26.17,26.45,25.85,91.72,4.27,5.83,3.67,99.8
20081018,22.01,4.4573,0.3271,3.277,0.43,26.18,26.66,25.91,91.56,3.38,5.04,2.94,99.86
20081019,43.2,3.9031,0.4135,2.8248,0.38,25.92,26.08,25.63,90.11,2.56,3.39,2.26,99.87
20081020,32.58,3.7886,0.1618,2.813,0.37,26.1,26.63,25.56,89.56,2.76,4.17,2.41,99.81
20081021,11.2,3.6382,0.03,2.7475,0.35,26.15,26.61,25.84,91.95,4.5,5.41,3.83,99.83
20081022,12.03,4.3171,1.411,2.5678,0.42,25.84,26.22,25.58,92.18,5.5,7.03,4.67,99.94
20081023,4.3,3.7301,0.2602,2.7398,0.36,26.06,26.81,25.04,85.98,3.2,5.03,2.79,100.11
20081024,1.96,3.942,0.2258,2.893,0.38,26.81,27.6,25.7,74.92,1.52,2.32,1.35,100.26
20081025,0.16,6.0007,3.361,2.7888,0.58,27.46,28.3,26.86,71.2,1.56,2.15,1.4,100.2
20081026,0.35,4.1494,0.1697,3.1618,0.4,27.05,27.62,26.27,79.51,1.24,1.93,1.12,100.16
20081027,1.37,6.186,3.306,3.3197,0.6,27.28,27.86,26.72,83.12,2.32,3.02,2.05,100.22
20081028,0.86,5.8534,2.7797,3.0252,0.57,27.13,27.72,26.38,82.28,2.21,3.16,1.96,100.17
20081029,6.22,5.7838,4.3116,2.1922,0.56,26.84,27.26,25.97,83.18,3.24,3.54,2.8,100.16
20081030,2.53,4.051,0.3158,2.9748,0.39,26.39,27.09,25.51,80.69,2.57,3.89,2.27,100.21
20081031,2.21,6.0482,5.1077,2.0047,0.59,27.32,28.0,26.77,79.43,3.0,4.89,2.6,100.16
20081101,20.98,4.7052,1.2086,2.8716,0.46,26.46,26.79,26.16,85.77,3.24,5.34,2.82,100.11
20081102,22.69,4.7287,1.3987,3.0782,0.46,26.83,27.5,25.93,84.82,5.27,6.31,4.49,100.07
20081103,16.25,4.0906,0.2806,2.9518,0.4,25.91,26.47,25.42,84.66,2.62,5.43,2.28,100.16
20081104,5.55,3.5376,1.6723,1.7472,0.35,26.57,27.45,25.4,80.16,1.97,3.13,1.72,100.05
20081105,24.5,4.194,2.1377,2.2104,0.41,25.9,26.8,25.33,88.76,3.21,4.27,2.82,99.92
20081106,19.48,4.925,2.5603,2.4571,0.48,25.57,25.98,25.08,87.22,2.55,3.09,2.24,99.93
20081107,7.95,6.0074,4.0834,2.7353,0.59,26.48,26.99,25.72,84.64,3.28,4.35,2.86,99.9
20081108,8.54,5.893,2.8466,3.0876,0.58,27.0,27.48,26.29,77.65,2.85,5.5,2.46,99.92
20081109,10.45,5.2212,2.0551,3.5707,0.51,26.81,27.24,25.98,80.53,2.94,3.18,2.55,100.0
20081110,5.07,4.1129,0.5652,2.9856,0.4,26.08,26.49,25.65,84.35,2.62,3.95,2.31,100.05
20081111,3.62,4.6262,0.4224,3.4277,0.46,26.57,27.33,25.6,81.8,2.02,3.34,1.82,99.94
20081112,5.21,5.4816,2.6532,3.0007,0.54,27.54,28.19,27.04,80.8,2.79,3.34,2.47,99.79
20081113,3.45,4.3937,0.2669,3.2957,0.43,26.5,26.91,26.02,82.8,1.62,3.79,1.4,99.82
20081114,33.89,4.6308,2.543,2.2342,0.46,26.55,26.83,26.37,83.96,2.32,3.19,2.01,99.83
20081115,11.23,4.4599,0.6336,3.192,0.44,26.84,27.41,26.27,86.41,3.4,5.09,2.97,99.76
20081116,17.78,4.7988,0.8719,3.4848,0.47,26.65,27.21,26.23,86.65,3.95,5.99,3.46,99.74
20081117,9.47,4.1292,0.1874,3.0922,0.41,26.49,27.06,25.89,87.58,4.32,5.72,3.74,99.72
20081118,4.56,4.9843,1.1597,3.1985,0.49,26.25,26.92,25.76,85.4,2.53,3.03,2.23,99.81
20081119,3.89,4.0243,0.547,2.958,0.4,26.52,27.13,25.74,80.69,1.65,2.4,1.46,99.94
20081120,2.15,5.0863,1.0121,3.6581,0.51,26.54,27.06,26.23,78.68,1.63,2.66,1.44,100.01
20081121,3.72,4.6613,1.0224,3.3576,0.46,26.76,27.24,26.28,76.42,1.37,2.51,1.21,100.07
20081122,2.17,5.046,3.1601,2.381,0.5,27.42,28.14,26.68,78.37,2.92,4.81,2.56,99.97
20081123,6.6,5.7638,4.1275,2.6467,0.57,27.45,28.22,26.94,83.67,6.31,7.56,5.3,99.95
20081124,7.53,4.3298,0.4066,3.1867,0.43,27.02,27.64,26.61,84.81,4.21,6.49,3.62,99.99
20081125,2.73,4.6402,1.4599,3.24,0.46,26.79,27.32,26.2,86.31,5.28,6.72,4.51,100.04
20081126,23.48,3.1848,0.1253,2.4348,0.32,26.43,27.12,25.46,87.21,5.11,7.16,4.35,100.08
20081127,1.53,5.6983,3.955,2.6218,0.57,26.47,27.39,25.43,80.36,2.09,3.47,1.86,100.11
20081128,1.46,5.6854,4.9606,2.0282,0.57,26.64,27.22,26.15,80.75,2.56,3.25,2.24,100.17
20081129,2.32,6.271,5.7365,2.2886,0.63,27.24,27.8,26.72,80.43,2.38,3.68,2.07,100.22
20081130,0.2,6.1754,4.2041,3.0792,0.62,27.44,28.21,26.77,75.89,1.69,2.76,1.48,100.19
20081201,1.12,5.5718,3.2462,2.9122,0.56,27.2,27.6,26.6,79.66,2.23,3.87,1.95,100.14
20081202,3.81,5.0796,1.6589,3.6458,0.51,26.83,27.17,26.42,84.44,4.25,5.66,3.67,100.03
20081203,7.23,4.8187,1.4851,3.2347,0.48,26.43,26.92,25.82,87.92,5.03,5.69,4.34,99.9
20081204,15.45,4.2581,1.104,2.7394,0.43,26.16,26.64,25.71,88.0,3.67,5.66,3.2,99.96
20081205,20.33,2.6983,0.3259,1.9253,0.27,25.9,26.63,25.36,88.94,4.13,4.75,3.59,100.15
20081206,20.22,4.3253,0.295,3.2866,0.43,26.05,26.82,25.33,85.33,3.49,4.28,3.06,100.14
20081207,71.79,2.8471,0.1399,2.1029,0.29,25.92,26.3,25.47,87.8,4.27,5.1,3.7,100.12
20081208,37.97,2.8666,0.0643,2.1965,0.29,25.56,25.93,25.01,88.15,3.11,4.35,2.76,100.16
20081209,12.62,4.7774,0.8539,3.5054,0.48,25.8,26.15,25.41,85.21,2.14,2.92,1.91,100.1
20081210,1.46,4.632,0.8729,3.36,0.47,26.03,26.82,25.13,81.76,1.41,2.83,1.27,100.1
20081211,5.69,5.3738,3.3166,3.2554,0.54,26.07,26.5,25.7,82.95,2.16,3.05,1.94,100.06
20081212,8.06,4.5998,0.5681,3.3211,0.46,25.95,26.38,25.23,83.14,2.46,3.54,2.21,100.02
20081213,9.89,4.2158,0.4944,3.0638,0.42,26.13,26.69,25.7,85.77,2.8,4.44,2.48,100.02
20081214,22.39,3.8119,0.3329,2.869,0.38,26.02,26.9,25.22,88.53,4.89,6.32,4.23,100.04
20081215,5.3,4.3997,0.4644,3.174,0.44,26.09,26.54,25.67,88.36,4.05,4.78,3.55,99.98
20081216,2.33,4.4863,0.8592,3.2441,0.45,26.03,26.23,25.87,87.39,2.63,3.56,2.37,100.0
20081217,1.99,4.1218,0.7879,2.771,0.42,26.39,26.96,25.72,85.78,3.87,4.59,3.37,100.04
20081218,1.89,4.1076,1.6769,2.2529,0.41,27.08,27.73,26.57,80.22,1.72,2.72,1.55,99.98
20081219,3.35,4.0932,2.977,1.8214,0.41,27.17,28.55,26.09,80.07,1.72,2.97,1.55,99.95
20081220,31.05,4.7088,3.2789,2.13,0.47,27.26,27.79,26.67,83.42,2.27,5.06,1.98,99.89
20081221,22.26,3.9972,2.2848,2.0556,0.4,27.06,27.66,26.62,85.45,3.8,5.49,3.3,99.86
20081222,10.39,3.5681,0.9739,2.4161,0.36,26.9,27.55,26.08,83.58,3.23,4.49,2.87,99.93
20081223,12.63,3.4469,1.7966,1.9884,0.35,26.76,27.35,26.38,86.7,3.37,4.36,2.99,99.89
20081224,42.78,3.953,0.1538,3.0197,0.4,26.21,26.89,25.41,84.32,3.69,6.37,3.22,99.98
20081225,22.19,3.9979,0.1238,3.025,0.4,26.06,26.41,25.56,84.99,4.9,7.61,4.22,100.09
20081226,4.38,4.2473,0.2323,3.1675,0.43,26.39,27.04,25.47,83.78,3.95,4.87,3.43,100.06
20081227,6.09,5.0383,2.7209,2.6659,0.51,26.82,27.15,26.49,83.23,4.15,5.45,3.58,99.95
20081228,35.14,3.7262,0.4457,2.7619,0.38,26.46,26.95,26.09,85.61,5.35,6.39,4.57,99.97
20081229,17.97,4.134,0.2707,3.1351,0.42,26.26,26.77,25.66,83.9,4.36,5.95,3.76,100.0
20081230,7.0,4.6536,1.4998,3.0679,0.47,26.15,26.95,25.25,85.13,3.27,4.34,2.86,100.01
20081231,2.28,5.4766,1.8602,3.6646,0.55,26.77,27.35,26.3,82.82,3.72,4.64,3.23,99.93
20090101,21.86,3.5686,0.0314,2.7444,0.36,26.35,27.14,25.75,86.43,3.95,4.61,3.43,99.94
20090102,12.3,3.3924,0.1742,2.4062,0.34,26.31,27.03,25.51,83.22,2.62,4.47,2.28,100.05
20090103,20.84,3.793,0.371,2.7722,0.38,25.54,25.91,24.85,85.17,1.92,3.33,1.7,100.11
20090104,1.96,4.4328,1.1124,2.7922,0.44,25.91,26.62,25.08,84.51,1.56,1.82,1.41,100.1
20090105,20.04,5.6366,3.2839,3.0386,0.56,25.95,26.45,25.4,83.9,2.7,3.33,2.38,100.05
20090106,7.26,4.577,0.3672,3.3473,0.46,25.78,26.3,25.23,83.48,2.78,3.67,2.48,100.08
20090107,2.5,4.4959,1.9505,2.4967,0.45,26.94,27.69,25.77,77.66,2.45,3.64,2.18,100.1
20090108,9.58,3.9571,0.0965,3.0202,0.4,27.11,27.5,26.8,82.18,4.35,5.85,3.78,100.16
20090109,6.43,4.2439,1.368,2.6856,0.42,27.08,28.21,25.97,80.74,3.1,4.24,2.73,100.16
20090110,6.68,4.4052,2.5298,2.1749,0.44,26.97,27.11,26.77,81.7,2.74,4.31,2.46,100.1
20090111,2.09,5.1955,4.1546,2.0554,0.52,26.79,27.26,26.38,78.73,1.35,2.37,1.19,100.18
20090112,4.42,4.3886,1.5449,2.6244,0.44,26.53,27.43,26.03,78.78,1.51,3.22,1.35,100.34
20090113,2.06,3.9422,0.5539,2.7283,0.39,26.44,27.31,26.05,77.73,1.49,3.01,1.33,100.41
20090114,2.92,4.0008,2.9825,1.7906,0.4,26.78,27.64,25.72,75.35,1.28,2.2,1.14,100.35
20090115,4.19,4.4479,3.8143,1.7378,0.44,27.71,28.66,26.88,74.85,2.32,3.63,2.04,100.27
20090116,6.34,4.1978,2.5032,2.1782,0.42,27.42,28.16,26.92,79.07,2.43,3.66,2.17,100.22
20090117,3.14,3.9562,2.2255,2.0266,0.39,27.34,28.64,26.17,75.11,1.68,3.56,1.54,100.15
20090118,1.72,4.6262,3.5112,1.8758,0.46,28.05,29.4,26.78,72.98,2.11,3.38,1.86,100.05
20090119,1.68,4.7465,3.7884,1.92,0.47,27.41,28.51,26.66,78.09,2.11,3.22,1.89,99.99
20090120,24.55,4.4249,2.9213,2.0503,0.44,27.33,28.15,26.45,79.09,2.44,4.46,2.14,99.96
20090121,16.13,3.6353,0.3643,2.621,0.36,27.38,28.0,26.95,83.97,3.49,6.54,3.04,99.94
20090122,7.63,3.8465,0.8026,2.7982,0.38,27.35,28.17,26.85,83.31,5.89,7.4,5.03,99.9
20090123,3.69,4.405,2.7084,2.5027,0.43,26.75,27.0,26.24,85.83,2.99,4.82,2.68,99.86
20090124,8.32,4.8871,2.593,2.3654,0.48,26.89,27.71,25.78,82.66,3.5,4.79,3.07,99.97
20090125,8.78,4.1801,1.6025,2.2906,0.41,26.75,27.92,25.21,79.61,1.61,2.94,1.44,99.95
20090126,12.7,4.3699,1.3006,2.7403,0.43,26.51,27.42,25.6,85.21,2.2,3.39,1.98,99.97
20090127,16.1,3.707,0.4603,2.6645,0.36,26.37,27.14,25.68,87.66,3.14,5.63,2.78,99.98
20090128,25.76,4.2732,1.5036,2.485,0.42,26.24,26.74,25.54,87.49,4.03,4.94,3.55,100.0
20090129,38.5,3.5664,0.1781,2.6424,0.35,26.2,26.46,25.98,89.13,5.29,6.32,4.53,100.02
20090130,15.81,3.545,0.1848,2.622,0.35,25.91,26.22,25.22,88.7,4.79,5.72,4.16,100.03
20090131,9.66,4.5358,0.607,3.1913,0.44,26.26,27.05,25.13,87.3,3.95,4.88,3.45,99.98
20090201,28.38,2.9554,0.2465,2.0794,0.29,26.68,27.08,26.06,85.39,5.04,6.01,4.34,100.07
20090202,26.52,3.9163,0.8184,2.7734,0.38,26.02,26.4,25.43,86.55,3.68,4.27,3.23,100.13
20090203,15.76,4.5185,0.5333,3.3122,0.44,26.16,26.79,25.71,84.11,4.41,5.48,3.86,100.13
20090204,1.7,4.2986,0.1562,3.2141,0.42,27.18,28.1,26.03,72.21,3.62,5.14,3.16,100.14
20090205,0.73,6.1606,3.2712,3.1188,0.6,27.3,27.95,26.69,74.25,2.47,3.48,2.17,100.13
20090206,1.92,4.7902,0.3235,3.5729,0.46,27.1,27.85,26.6,75.12,2.18,2.84,1.92,100.12
20090207,3.24,5.4778,1.5058,3.9168,0.53,26.5,27.0,26.08,80.11,2.43,3.23,2.15,100.11
20090208,1.49,5.3539,1.4983,3.5914,0.52,27.06,28.27,25.62,76.69,2.22,3.33,1.97,100.08
20090209,0.47,4.7786,2.8469,2.5586,0.46,27.59,28.13,27.05,81.35,3.39,4.55,2.98,100.06
20090210,1.72,4.937,2.0042,2.905,0.48,27.59,28.05,27.16,80.77,4.08,4.59,3.51,100.03
20090211,3.22,4.7806,1.1254,3.0101,0.46,27.09,27.46,26.7,79.82,2.77,4.64,2.43,100.1
20090212,8.78,5.0784,1.2226,3.3242,0.49,26.98,27.45,26.27,77.11,4.11,5.41,3.56,100.04
20090213,5.77,4.4604,0.6595,3.199,0.43,26.91,27.32,26.47,78.97,2.39,3.73,2.1,100.03
20090214,5.19,5.5879,1.716,3.5035,0.54,26.74,27.18,26.29,81.48,2.12,3.28,1.85,100.0
20090215,1.04,4.7124,0.7822,3.3094,0.45,27.63,28.4,26.7,73.2,1.74,2.51,1.52,100.0
20090216,2.3,5.353,2.0446,3.1039,0.51,27.94,28.48,27.56,73.63,2.32,3.15,2.05,100.02
20090217,0.48,5.3213,1.4878,3.2417,0.51,27.79,28.41,27.31,72.88,2.08,3.35,1.86,99.97
20090218,2.79,4.8475,1.3987,2.765,0.46,28.17,29.16,27.29,76.61,2.91,4.15,2.59,99.84
20090219,12.35,4.0625,1.4297,2.3323,0.39,27.44,27.97,27.23,83.17,4.21,5.08,3.65,99.82
20090220,5.76,3.6439,0.769,2.2682,0.35,26.82,27.21,26.37,80.11,1.77,3.56,1.58,99.98
20090221,17.68,4.0229,1.1023,2.3921,0.38,26.93,27.53,26.38,82.95,3.21,4.21,2.84,99.96
20090222,15.99,3.9756,0.2599,2.7828,0.38,26.35,26.98,25.75,82.25,2.45,3.68,2.18,99.89
20090223,22.29,4.5998,0.781,2.923,0.44,26.77,27.32,26.17,83.11,3.5,4.82,3.08,99.88
20090224,12.57,4.0322,0.3031,2.7559,0.38,26.78,27.22,26.18,79.21,2.5,3.13,2.21,99.97
20090225,5.76,5.7082,2.7096,2.8783,0.54,26.39,26.77,25.75,81.94,3.11,4.54,2.72,99.98
20090226,11.54,4.2864,0.8395,2.8147,0.41,25.89,26.74,24.95,81.28,3.42,4.25,3.03,100.05
20090227,3.09,3.7829,0.0754,2.8238,0.36,26.54,27.32,25.08,78.62,3.4,5.24,2.98,100.07
20090228,14.99,3.7366,0.0497,2.8001,0.36,27.16,27.9,26.34,81.03,5.37,6.4,4.58,99.94
20090301,2.02,5.2447,1.422,3.4325,0.5,27.08,27.62,26.5,81.32,3.25,4.9,2.83,99.91
20090302,13.46,6.0336,3.7414,2.6861,0.57,26.91,27.23,26.48,82.75,1.84,2.52,1.63,99.92
20090303,8.48,4.5794,0.5114,3.2268,0.44,26.99,27.51,26.52,83.98,2.11,3.12,1.84,99.97
20090304,3.95,5.7228,2.1238,3.5861,0.54,26.74,27.43,25.89,82.63,2.31,3.85,2.01,100.02
20090305,30.94,4.0286,0.2484,2.9412,0.38,26.27,27.04,25.63,85.11,3.6,4.22,3.14,100.07
20090306,10.24,6.2609,4.2562,3.3341,0.6,26.12,26.84,25.12,83.47,2.46,4.51,2.16,100.14
20090307,9.48,4.4213,0.247,3.2858,0.42,26.58,27.06,25.86,78.72,2.02,4.22,1.75,100.11
20090308,3.78,7.1988,6.8604,1.7626,0.68,27.32,28.04,26.46,75.77,1.49,2.2,1.31,100.03
20090309,1.27,3.2386,0.0482,2.4024,0.31,27.48,27.96,27.02,75.21,1.22,2.0,1.09,100.08
20090310,2.34,4.8209,1.2552,2.9395,0.46,28.02,28.87,27.26,74.87,2.1,4.56,1.84,100.08
20090311,10.37,4.8156,2.1528,2.5706,0.46,26.85,27.71,25.89,83.74,2.59,4.7,2.25,100.11
20090312,12.33,5.1065,2.682,2.4559,0.49,26.18,26.84,25.79,83.64,3.07,3.73,2.71,100.18
20090313,35.27,4.7623,2.3088,2.4338,0.45,26.02,26.44,25.67,81.4,1.73,3.16,1.53,100.21
20090314,17.49,6.0751,4.554,2.0808,0.58,26.77,27.37,26.02,80.79,2.46,3.29,2.18,100.13
20090315,4.33,4.7657,0.8964,2.9657,0.45,26.11,26.41,25.85,80.93,2.29,4.55,2.0,100.09
20090316,3.62,4.7422,1.4654,2.8116,0.45,26.66,27.25,25.78,80.38,3.27,4.29,2.88,100.08
20090317,6.81,5.7538,3.3449,2.6179,0.55,26.59,27.07,26.3,82.98,4.43,5.48,3.84,100.06
20090318,2.45,7.0481,5.9683,2.0561,0.67,26.85,27.45,26.1,80.11,2.58,3.76,2.28,99.99
20090319,0.25,5.6942,2.9431,3.0912,0.54,27.58,28.26,26.78,76.49,2.1,3.37,1.83,100.01
20090320,2.17,5.9294,4.386,2.172,0.57,27.52,27.87,27.29,77.91,2.1,2.62,1.84,100.02
20090321,3.56,5.2706,2.4554,2.6066,0.5,26.53,27.23,25.68,83.59,2.91,3.45,2.56,100.13
20090322,4.66,5.3273,2.1103,2.8039,0.51,26.34,26.66,25.79,82.05,2.39,3.48,2.1,100.17
20090323,0.79,5.9167,2.9597,2.741,0.57,27.65,28.85,26.31,76.66,2.66,3.26,2.34,100.12
20090324,3.01,4.4698,0.5606,3.0871,0.43,27.98,28.45,27.55,76.26,1.74,2.69,1.57,100.13
20090325,7.02,5.4869,3.6744,2.3402,0.53,27.32,27.85,26.91,82.73,2.71,3.28,2.41,100.05
20090326,25.95,4.9414,1.1563,3.0701,0.47,26.89,27.25,26.68,85.86,2.38,3.43,2.16,100.02
20090327,9.46,5.2982,2.3294,2.7552,0.51,27.21,28.03,26.47,80.91,2.55,3.69,2.24,100.09
20090328,1.73,6.215,4.5005,2.4847,0.6,27.65,28.67,26.76,80.85,2.29,3.44,2.03,100.06
20090329,5.96,4.9366,2.5769,2.6256,0.47,27.34,27.72,26.79,84.38,2.62,3.94,2.3,99.92
20090330,12.57,3.5426,0.2246,2.6174,0.34,27.58,28.14,26.81,83.14,3.21,4.2,2.84,99.92
20090331,17.27,4.5185,0.5861,2.9582,0.44,26.68,26.84,26.47,83.12,2.74,3.92,2.43,99.93
20090401,2.76,4.8607,3.2484,2.177,0.47,27.24,27.93,26.68,81.4,2.4,4.55,2.14,99.77
20090402,2.48,4.2031,0.6398,2.7442,0.41,27.14,27.71,26.79,84.09,2.92,5.55,2.55,99.85
20090403,10.94,3.9142,1.0625,2.2423,0.38,27.82,28.56,27.01,77.33,1.79,4.15,1.58,99.85
20090404,10.36,4.4038,1.0373,2.7427,0.43,27.17,27.65,26.64,85.09,2.46,4.29,2.21,99.94
20090405,48.8,4.9546,1.9788,2.9273,0.48,27.5,28.5,26.75,84.13,2.87,3.84,2.55,99.94
20090406,21.23,4.4035,0.2642,3.2602,0.43,26.61,27.18,26.3,86.59,3.22,4.59,2.82,99.88
20090407,2.95,4.7717,0.7162,3.4596,0.46,26.52,26.83,25.99,84.01,2.23,2.82,1.95,99.88
20090408,2.69,4.8698,1.0183,2.987,0.47,26.86,27.65,25.77,82.6,1.88,3.11,1.67,99.8
20090409,19.64,4.7626,2.1485,2.4211,0.46,27.3,27.67,26.81,85.73,3.47,5.03,3.05,99.78
20090410,13.39,3.48,0.037,2.6203,0.34,26.52,27.09,26.08,86.66,2.5,4.04,2.17,99.84
20090411,9.01,5.3736,2.0261,3.1344,0.53,27.38,28.23,26.53,83.82,3.37,4.95,2.97,99.86
20090412,19.0,2.6412,0.161,1.9402,0.26,27.2,28.05,26.74,86.32,4.86,5.53,4.21,99.9
20090413,4.15,5.0494,1.3812,3.414,0.5,27.11,27.65,26.36,84.22,2.34,3.84,2.08,99.83
20090414,7.08,4.9423,2.2234,2.4787,0.49,26.82,27.41,26.45,84.38,1.92,2.75,1.66,99.89
20090415,4.89,3.7219,1.4174,2.2402,0.37,26.68,27.81,26.04,82.2,1.88,3.24,1.68,100.12
20090416,2.61,3.2892,0.1822,2.4679,0.32,28.01,29.4,26.16,72.78,2.46,4.32,2.2,100.03
20090417,0.01,6.7063,5.994,1.9711,0.66,29.14,29.88,28.58,70.03,2.04,4.05,1.79,99.91
20090418,1.0,5.0186,3.2285,2.339,0.5,28.44,29.11,27.93,77.6,2.15,4.01,1.9,100.09
20090419,1.34,5.0743,2.0959,2.8771,0.5,27.88,28.61,27.31,78.11,1.54,2.46,1.39,100.16
20090420,2.89,5.5824,3.7865,2.3558,0.56,27.64,28.14,27.31,81.4,1.99,4.28,1.76,100.04
20090421,10.32,5.1974,1.685,3.0017,0.52,26.78,27.95,26.2,82.23,4.13,5.45,3.6,100.09
20090422,6.65,3.7258,0.5544,2.4564,0.37,26.63,27.49,26.08,83.51,3.1,4.5,2.72,100.18
20090423,8.08,5.5949,4.0711,2.2495,0.56,26.93,27.51,26.05,80.75,2.18,3.15,1.93,100.22
20090424,1.39,6.156,4.0442,2.7305,0.62,27.36,27.96,26.5,80.66,2.44,3.45,2.14,100.11
20090425,0.22,6.9953,6.9499,1.6925,0.7,27.95,28.59,27.35,78.39,2.68,3.43,2.38,100.13
20090426,1.53,6.0305,3.9948,2.7192,0.61,28.03,28.73,27.45,75.08,1.65,2.59,1.47,100.16
20090427,0.14,6.3403,5.2901,2.0465,0.64,28.08,28.85,27.61,73.5,1.61,2.44,1.43,100.12
20090428,0.0,4.6714,2.3954,2.3138,0.47,28.33,29.04,27.74,71.07,1.33,2.2,1.19,100.12
20090429,4.07,4.5432,1.4962,2.5855,0.46,28.12,28.48,27.86,77.92,3.1,4.16,2.7,100.11
20090430,7.82,4.1177,0.4234,2.8015,0.42,26.84,27.6,26.34,80.48,1.79,3.27,1.58,100.18
20090501,3.54,5.7766,3.8035,2.4319,0.59,27.73,28.44,26.95,76.18,1.71,2.65,1.5,100.13
20090502,6.88,5.1038,1.711,3.0346,0.52,27.92,28.31,27.48,77.28,2.43,3.13,2.12,100.14
20090503,19.84,5.0767,2.4072,2.755,0.52,27.48,27.89,26.94,83.5,3.38,3.75,2.97,100.14
20090504,9.04,4.8523,1.4688,3.1546,0.5,27.33,27.87,26.82,80.55,2.04,3.85,1.81,100.08
20090505,7.04,5.245,3.4507,2.4643,0.54,27.75,28.65,27.07,78.08,2.17,4.62,1.91,100.02
20090506,9.97,4.9363,1.1318,3.5287,0.51,27.24,27.95,26.39,80.75,2.39,3.76,2.1,100.08
20090507,2.8,5.6755,3.5986,2.6923,0.58,28.04,28.74,27.35,75.5,2.78,3.53,2.43,99.96
20090508,5.97,5.6983,4.439,2.1902,0.59,27.95,28.5,27.51,80.24,2.41,3.45,2.12,99.87
20090509,12.22,5.0153,2.4552,2.5886,0.52,27.61,27.84,27.28,83.8,2.58,3.37,2.28,99.86
20090510,3.92,5.6722,3.906,2.3825,0.59,27.46,27.97,26.91,83.92,2.52,4.2,2.22,99.8
20090511,4.6,3.4543,0.1332,2.6009,0.36,27.38,28.24,26.64,80.91,1.92,3.89,1.7,99.85
20090512,5.11,5.3918,2.9621,2.7936,0.56,27.73,28.59,26.57,81.88,3.69,6.05,3.21,99.8
20090513,22.9,3.4692,1.0918,2.2805,0.36,27.95,28.76,27.19,82.84,5.57,7.33,4.77,99.65
20090514,16.97,3.7224,0.1798,2.8078,0.39,27.45,27.75,26.84,84.54,6.64,7.97,5.63,99.74
20090515,12.3,4.6099,1.1014,3.3876,0.48,27.19,27.78,26.26,83.05,5.14,6.37,4.43,99.91
20090516,7.89,5.3297,3.1476,3.4361,0.56,27.64,28.04,27.36,78.88,5.28,6.06,4.52,99.97
20090517,0.41,5.5342,2.9851,2.6873,0.58,27.6,28.37,26.84,80.91,3.27,3.85,2.87,99.99
20090518,0.57,3.636,0.4186,2.731,0.38,27.63,27.99,27.16,80.38,1.91,3.45,1.69,99.99
20090519,0.01,6.6247,6.894,1.5041,0.7,28.14,28.72,27.51,76.53,1.5,2.62,1.31,99.96
20090520,0.0,6.048,5.3839,2.1974,0.64,28.11,28.54,27.68,73.95,1.77,2.88,1.55,99.97
20090521,0.04,6.2174,5.7053,2.2318,0.66,28.36,29.02,27.95,70.47,2.29,3.05,2.01,100.04
20090522,0.03,6.1846,5.2558,2.1996,0.65,28.13,28.9,27.44,73.66,2.59,3.63,2.27,100.0
20090523,0.11,5.4223,3.857,2.2226,0.57,28.13,28.74,27.6,77.87,3.27,3.9,2.85,99.89
20090524,0.0,6.0478,5.3695,2.0114,0.64,28.09,28.6,27.56,80.4,2.79,3.43,2.45,99.79
20090525,0.01,6.5664,6.8527,1.5511,0.7,28.33,29.01,27.53,75.65,1.91,2.62,1.68,99.81
20090526,0.34,5.3134,3.0912,2.7379,0.57,28.34,28.81,27.9,73.9,2.79,3.8,2.44,99.92
20090527,0.01,5.9633,4.5643,2.3954,0.64,28.43,29.18,27.64,70.54,1.85,2.51,1.64,99.9
20090528,0.0,6.204,5.94,1.9402,0.66,28.57,29.2,28.17,70.82,1.93,2.54,1.71,99.93
20090529,0.33,6.0468,5.0287,2.1876,0.65,28.32,28.76,27.68,74.36,2.38,2.78,2.1,100.05
20090530,0.01,6.1457,5.4958,2.0081,0.66,28.36,28.92,27.86,74.06,2.05,3.08,1.79,100.04
20090531,0.63,4.9303,3.312,2.4295,0.53,28.45,29.31,27.77,73.11,1.44,2.44,1.27,100.01
20090601,9.79,3.9602,0.8983,2.5349,0.43,28.27,28.7,27.97,80.65,2.6,3.46,2.27,100.02
20090602,12.26,4.7964,2.9026,2.2238,0.52,27.56,27.85,27.24,82.22,2.84,5.13,2.48,100.07
20090603,17.13,3.7291,0.499,2.5613,0.4,26.57,27.19,25.61,86.07,3.03,4.29,2.64,100.24
20090604,6.38,4.3426,1.0265,2.8898,0.47,26.83,27.52,25.76,79.37,2.54,4.98,2.22,100.2
20090605,2.17,5.5382,5.0143,1.8214,0.6,27.59,28.1,26.93,79.1,2.18,2.83,1.93,100.04
20090606,2.63,5.5063,5.4686,1.6433,0.59,27.77,28.46,27.03,80.21,1.57,2.59,1.41,99.98
20090607,3.09,4.7453,2.7125,2.3023,0.51,27.72,27.98,27.21,83.17,3.82,6.0,3.31,100.1
20090608,3.36,4.0325,0.7867,2.856,0.44,28.34,29.11,27.27,67.55,2.09,5.67,1.8,100.19
20090609,0.25,5.6426,3.726,2.639,0.61,28.22,28.88,27.78,74.91,1.16,2.41,1.03,100.19
20090610,0.04,6.2172,5.7794,2.0352,0.67,28.21,29.1,27.43,74.87,1.91,2.56,1.7,100.19
20090611,1.04,5.34,4.699,1.9637,0.58,27.86,28.51,27.45,77.09,1.55,2.36,1.38,100.14
20090612,1.85,3.0353,0.4466,2.0921,0.33,27.58,27.94,27.03,81.11,1.88,2.88,1.67,100.17
20090613,45.97,3.8172,1.6733,2.0054,0.41,27.72,28.08,27.41,84.53,3.61,4.49,3.12,100.18
20090614,13.6,4.6706,2.7972,2.2128,0.51,27.83,28.62,27.31,76.53,1.97,2.77,1.74,100.13
20090615,32.24,2.8404,0.1399,2.1367,0.31,27.11,27.7,26.35,84.84,3.79,4.82,3.29,100.06
20090616,6.83,2.9446,0.1538,2.2349,0.32,26.89,27.63,25.99,80.6,2.29,4.31,2.02,100.01
20090617,0.21,6.4226,6.8064,1.4688,0.7,28.02,28.8,27.46,73.89,1.49,2.55,1.33,100.0
20090618,1.85,6.2218,6.3859,1.6766,0.68,27.7,28.09,27.12,75.61,0.77,1.44,0.69,100.02
20090619,0.23,5.4185,4.2922,2.2378,0.59,28.32,29.05,27.78,72.84,1.22,2.12,1.1,99.96
20090620,0.9,5.0196,4.3889,1.7952,0.55,28.16,28.55,27.68,76.44,1.29,2.47,1.16,99.99
20090621,9.57,4.9106,3.8611,1.9858,0.53,26.9,28.05,25.33,82.1,2.02,2.61,1.8,100.03
20090622,7.73,4.7066,2.6952,2.5001,0.51,26.93,27.69,25.77,82.44,2.31,4.26,2.02,100.03
20090623,7.99,4.7021,2.2874,2.7485,0.51,26.92,27.41,26.33,85.82,3.94,4.68,3.44,99.98
20090624,3.6,3.9461,0.9046,2.3628,0.43,27.0,27.55,26.37,80.06,2.13,3.42,1.9,100.0
20090625,3.91,5.1235,3.7982,2.1475,0.56,28.15,29.06,27.22,77.32,2.36,3.87,2.1,99.93
20090626,7.21,4.7179,3.1627,2.1778,0.51,27.48,28.01,27.11,82.76,2.58,3.97,2.25,99.93
20090627,5.89,4.0853,1.609,2.388,0.44,27.67,28.24,27.26,76.11,2.02,3.79,1.76,99.96
20090628,12.19,4.2454,2.0328,2.8529,0.46,27.25,28.15,26.57,82.8,2.47,4.18,2.18,100.04
20090629,4.43,4.8595,2.467,2.7646,0.53,27.93,28.92,26.63,76.83,1.86,3.8,1.68,99.99
20090630,1.78,4.9493,3.3494,2.1662,0.54,27.85,28.37,27.22,79.41,1.81,2.31,1.61,100.02
20090701,6.0,4.8403,3.1066,2.191,0.53,27.84,28.38,27.42,78.89,2.31,2.98,2.06,100.08
20090702,1.04,5.1449,3.5086,2.6928,0.56,27.8,28.33,27.41,77.13,3.08,3.84,2.71,100.07
20090703,0.06,6.2122,5.9592,1.8994,0.67,28.03,28.82,27.2,71.24,1.7,2.29,1.53,100.03
20090704,0.03,5.8452,4.7707,2.1466,0.63,28.25,28.81,27.76,70.92,1.77,2.33,1.58,100.01
20090705,2.19,5.0074,2.0786,2.8771,0.54,27.51,27.93,27.24,77.03,1.59,2.62,1.42,100.1
20090706,1.24,3.1524,0.78,2.0873,0.34,27.54,28.14,26.7,76.96,2.0,2.58,1.78,100.05
20090707,3.23,4.9236,3.1121,2.2994,0.53,28.08,28.53,27.45,74.68,1.53,2.65,1.41,99.98
20090708,5.9,4.3339,2.1979,2.345,0.47,27.51,28.07,27.08,80.51,2.88,4.64,2.56,100.02
20090709,5.1,4.7914,3.396,2.0011,0.52,27.73,28.39,27.41,78.36,1.62,2.8,1.43,100.01
20090710,67.14,3.6288,1.2113,2.2951,0.39,26.86,27.41,25.97,82.01,1.96,3.0,1.73,100.0
20090711,56.39,3.1442,0.0528,2.3942,0.34,26.44,27.0,25.54,88.76,4.17,7.08,3.53,100.05
20090712,5.45,4.2014,0.7313,2.8997,0.45,26.09,26.68,25.08,83.62,2.28,3.28,2.03,100.05
20090713,0.85,5.8042,4.9001,2.2166,0.62,27.56,28.5,26.58,73.86,2.3,3.4,2.04,100.0
20090714,0.7,4.9682,2.5342,2.6875,0.53,27.6,28.09,27.05,75.03,2.3,3.69,2.04,100.02
20090715,11.22,4.3982,1.4131,2.9414,0.47,26.82,27.42,26.03,80.54,2.35,3.6,2.09,100.16
20090716,9.76,4.9846,3.0156,2.569,0.53,26.72,27.38,25.93,80.89,2.04,3.75,1.8,100.14
20090717,3.24,5.2613,2.6556,2.6899,0.56,27.28,27.69,26.77,82.6,2.95,3.74,2.6,100.0
20090718,2.74,5.3666,3.3619,2.3978,0.57,27.67,28.1,27.2,80.86,2.82,3.53,2.5,100.04
20090719,1.86,4.9414,2.7624,2.484,0.53,27.86,28.33,27.58,77.2,2.45,3.34,2.16,100.09
20090720,2.06,4.998,2.7965,2.5291,0.53,27.61,27.96,27.01,79.43,2.21,2.75,1.93,100.09
20090721,2.34,5.3844,3.845,2.286,0.57,27.86,28.23,27.36,78.29,1.31,2.88,1.15,100.15
20090722,5.27,4.2835,0.7334,2.9906,0.46,27.37,27.83,26.93,78.65,1.43,2.72,1.3,100.11
20090723,9.49,4.7486,2.341,2.5214,0.5,27.17,27.8,26.1,77.68,3.05,4.23,2.66,100.15
20090724,31.75,4.8624,1.9423,2.689,0.52,27.02,27.47,26.61,80.02,2.9,3.34,2.52,100.19
20090725,5.34,5.6402,4.2317,2.2097,0.6,26.86,27.38,26.23,81.28,2.87,3.52,2.5,100.16
20090726,10.4,4.59,2.0376,2.5642,0.49,26.54,27.11,26.05,79.75,1.41,2.81,1.24,100.12
20090727,10.41,3.4097,0.3062,2.3765,0.36,27.18,27.74,26.65,79.08,1.46,2.47,1.31,100.13
20090728,48.55,5.1643,4.0625,2.0114,0.54,27.54,27.99,27.03,80.52,1.8,2.96,1.64,100.15
20090729,18.2,4.5103,2.4612,2.4605,0.47,27.17,27.61,26.5,85.48,5.61,9.84,4.78,100.33
20090730,0.99,5.7038,4.4035,2.3551,0.6,28.06,29.01,27.23,77.6,4.84,5.74,4.17,100.23
20090731,0.05,5.9525,5.3383,1.9298,0.62,27.54,28.26,26.68,77.76,3.81,5.12,3.33,100.12
20090801,0.19,4.5883,3.2376,1.9807,0.48,27.3,28.01,26.35,77.03,3.24,3.76,2.83,100.08
20090802,0.06,5.5846,3.5381,2.5894,0.58,27.35,27.83,26.92,77.01,2.61,3.46,2.3,100.08
20090803,0.1,5.549,4.2089,2.5939,0.58,27.55,28.26,26.77,76.95,3.15,3.98,2.76,100.08
20090804,0.27,5.016,3.1442,2.309,0.52,27.42,27.96,26.79,75.6,3.78,4.55,3.28,100.07
20090805,3.66,3.3502,1.765,1.8626,0.35,27.59,28.35,26.92,74.91,2.68,3.55,2.34,100.09
20090806,0.48,5.3422,3.9156,2.1026,0.55,27.05,27.7,26.38,79.22,2.47,3.13,2.17,100.06
20090807,5.56,4.7621,2.7019,2.4451,0.49,27.21,27.84,26.75,82.64,3.22,3.88,2.82,100.03
20090808,11.1,4.9183,2.627,2.6407,0.51,27.09,27.76,26.58,80.61,2.67,3.49,2.34,99.98
20090809,8.07,3.9334,0.288,2.9311,0.41,27.05,27.71,26.23,81.41,2.77,3.99,2.44,99.89
20090810,6.48,2.8889,0.0773,2.1874,0.3,26.73,27.19,26.26,84.53,2.58,3.97,2.29,99.95
20090811,5.25,5.1269,3.5203,2.1684,0.53,27.11,28.2,26.06,82.04,2.19,3.78,1.93,100.04
20090812,14.35,2.9729,1.1357,1.8372,0.31,27.23,27.78,26.73,85.91,2.9,5.31,2.58,99.93
20090813,29.57,4.1436,1.482,2.7091,0.42,26.96,27.25,26.8,88.11,4.0,6.96,3.48,99.9
20090814,15.25,3.4843,0.1193,2.6393,0.36,27.54,28.82,26.58,84.35,4.71,6.99,4.05,99.96
20090815,4.07,4.339,1.0783,2.742,0.44,27.82,29.04,26.83,82.4,4.71,5.62,4.06,99.97
20090816,23.77,4.9138,3.0202,2.263,0.5,27.77,28.57,27.09,80.81,3.01,4.0,2.7,99.99
20090817,8.14,5.1326,1.8396,2.9981,0.52,27.14,27.72,26.64,80.73,2.36,3.4,2.11,100.04
20090818,11.03,4.0193,1.056,2.7115,0.41,26.72,27.11,26.44,87.99,5.08,7.11,4.36,100.05
20090819,5.83,4.752,2.5838,2.6388,0.48,27.31,28.59,26.08,85.12,3.08,5.75,2.72,100.09
20090820,2.94,3.7476,1.4393,2.1454,0.38,27.33,28.16,26.25,80.63,2.99,3.89,2.66,100.15
20090821,8.6,5.7074,4.0092,2.2891,0.58,27.47,28.37,26.9,81.26,3.38,4.89,3.02,100.1
20090822,7.11,4.4177,1.9766,2.412,0.45,26.89,27.56,26.19,85.37,3.57,4.63,3.14,100.06
20090823,6.96,4.4594,1.0819,2.7864,0.45,26.8,26.97,26.54,82.64,3.73,6.14,3.23,100.07
20090824,2.18,4.3615,1.3152,2.5116,0.44,26.46,27.28,25.94,76.09,2.28,3.94,2.02,100.13
20090825,3.19,4.9325,1.9853,2.6246,0.49,26.83,27.86,25.63,82.63,3.99,6.35,3.44,100.04
20090826,3.75,4.9481,2.3162,2.7089,0.5,26.78,27.39,26.3,85.0,3.59,5.53,3.12,100.07
20090827,26.05,3.1109,0.457,2.094,0.31,26.18,26.55,25.69,86.61,3.73,5.56,3.24,100.12
20090828,1.99,4.6522,0.9518,3.2306,0.46,25.57,25.94,25.08,84.31,1.89,5.11,1.64,100.19
20090829,3.41,6.408,5.2224,2.2982,0.64,26.86,27.83,25.84,81.15,2.04,2.87,1.81,100.08
20090830,10.32,3.7006,1.3327,2.1636,0.37,27.3,28.05,26.6,82.5,3.29,4.94,2.89,100.08
20090831,1.91,5.795,3.799,2.4917,0.58,26.91,27.44,26.35,81.84,2.69,3.42,2.36,100.14
20090901,4.15,2.0057,0.0886,1.4882,0.2,25.8,26.8,25.28,84.41,2.07,3.82,1.83,100.19
20090902,4.27,5.1718,2.491,2.4802,0.51,27.07,27.88,26.16,80.44,2.48,3.77,2.17,100.01
20090903,26.09,2.9388,0.6094,1.9939,0.29,27.33,27.93,26.61,85.52,3.52,6.32,3.06,99.93
20090904,22.91,5.0357,2.0074,3.0866,0.5,26.67,27.12,26.23,86.4,3.33,5.5,2.86,100.1
20090905,2.82,5.4622,2.3074,3.1135,0.54,26.95,27.91,25.74,80.38,2.26,3.24,2.0,100.14
20090906,3.13,3.7706,0.163,2.8531,0.37,26.77,27.58,26.12,85.21,3.39,4.2,2.97,100.07
20090907,2.29,4.6992,1.1796,2.9959,0.46,27.08,28.21,25.59,78.86,1.91,3.02,1.7,100.04
20090908,26.0,3.769,0.0581,2.8519,0.37,26.98,27.49,26.18,83.39,2.25,3.76,1.99,100.13
20090909,6.32,5.2404,2.0102,2.863,0.51,27.61,28.83,26.11,78.8,2.58,3.57,2.28,100.11
20090910,0.77,5.4523,2.1874,2.8608,0.53,27.75,28.42,27.2,80.08,1.72,2.77,1.53,100.01
20090911,0.4,4.8487,1.6433,2.8949,0.47,27.36,27.66,27.09,83.55,2.21,2.78,1.95,100.03
20090912,2.14,5.423,3.3569,2.3054,0.53,27.81,28.69,27.19,82.02,2.08,3.3,1.85,100.1
20090913,8.63,5.5498,3.9408,2.352,0.54,28.31,29.22,27.32,80.79,2.98,4.9,2.64,100.1
20090914,67.59,4.2365,1.1234,2.6928,0.41,27.68,28.05,27.14,83.73,2.9,4.39,2.57,100.05
20090915,20.8,3.3106,0.409,2.4715,0.32,26.82,27.12,26.49,87.02,3.43,4.84,2.96,99.99
20090916,10.8,4.0404,1.1198,2.6846,0.39,26.87,27.13,26.43,87.18,4.93,6.27,4.22,99.98
20090917,14.45,4.2926,0.6571,2.9753,0.42,26.7,27.04,26.27,88.11,4.0,4.81,3.51,100.07
20090918,26.83,3.5906,0.2854,2.6273,0.35,26.5,27.41,25.92,87.89,4.18,6.84,3.64,100.2
20090919,6.33,3.9703,0.2791,2.9071,0.39,25.73,26.47,24.68,84.75,2.69,4.36,2.4,100.3
20090920,0.07,4.4184,0.9067,3.1538,0.43,26.56,27.08,25.92,80.71,1.93,3.28,1.7,100.31
20090921,6.02,4.9486,2.8063,2.3395,0.48,26.97,27.53,26.63,83.82,3.39,3.95,2.96,100.25
20090922,2.43,5.7086,2.7295,3.2822,0.55,27.37,28.08,26.62,78.68,3.08,4.45,2.68,100.17
20090923,1.04,6.2203,4.427,2.5406,0.6,27.46,28.26,26.76,76.34,2.25,3.03,1.97,100.13
20090924,3.02,5.6815,2.9998,2.8008,0.55,27.38,28.0,26.86,77.73,2.54,3.45,2.22,100.18
20090925,2.28,5.4811,3.9257,2.3683,0.53,27.35,27.93,26.79,79.21,3.18,3.62,2.76,100.17
20090926,2.83,5.4175,2.5622,2.8051,0.52,27.16,27.7,26.56,81.3,2.57,3.89,2.25,100.08
20090927,4.8,4.8485,1.3229,3.0084,0.47,26.61,27.02,26.07,83.6,2.65,3.89,2.31,100.0
20090928,11.12,4.8007,1.8871,2.6088,0.46,26.47,27.31,25.69,82.64,1.38,2.33,1.18,99.96
20090929,13.68,5.3179,1.2264,3.2683,0.51,26.54,27.2,25.83,83.61,2.54,6.13,2.21,99.93
20090930,22.06,3.6751,0.2695,2.7122,0.35,26.81,27.46,26.17,84.69,4.96,6.62,4.26,99.98
20091001,24.83,3.0746,0.0218,2.3066,0.3,26.81,27.59,26.11,84.42,3.91,6.01,3.39,100.07
20091002,8.65,5.3206,2.7634,2.7072,0.51,26.91,27.96,25.82,75.96,2.21,2.66,1.97,100.07
20091003,5.62,2.4766,0.1536,1.7237,0.24,26.36,26.83,25.65,85.87,1.42,2.36,1.22,100.12
20091004,31.41,4.6829,0.8578,3.3341,0.45,26.19,26.88,25.3,86.91,3.05,5.21,2.67,100.21
20091005,10.29,4.0255,0.5136,2.7994,0.39,25.34,26.62,24.69,83.47,2.68,5.66,2.35,100.34
20091006,11.07,4.943,0.817,3.5904,0.48,26.4,27.11,25.44,73.25,1.48,2.51,1.36,100.25
20091007,44.56,5.705,3.0209,2.9534,0.55,26.7,27.1,26.43,77.22,1.32,2.26,1.18,100.14
20091008,1.55,5.8982,2.7878,3.4202,0.57,27.26,28.13,26.35,76.99,1.41,2.92,1.22,100.07
20091009,1.69,6.9245,5.8788,2.249,0.67,27.67,28.34,26.97,78.09,2.72,3.52,2.4,100.06
20091010,1.57,6.4639,3.7982,3.0766,0.62,27.52,28.43,26.88,78.3,1.7,3.07,1.51,100.17
20091011,0.27,5.5836,1.5854,3.6864,0.54,27.1,28.07,26.35,80.46,1.79,2.42,1.59,100.24
20091012,1.27,5.1158,1.7719,2.989,0.49,26.06,26.74,25.16,85.28,2.02,3.38,1.78,100.27
20091013,3.33,5.4562,2.8128,2.6945,0.53,26.72,28.05,24.73,71.94,1.24,2.89,1.13,100.25
20091014,7.01,5.7202,3.2594,2.5481,0.55,27.04,27.58,26.49,78.66,2.19,4.53,1.92,100.22
20091015,9.87,4.8252,0.9797,3.0046,0.47,25.87,26.33,25.57,86.81,3.29,4.29,2.89,100.24
20091016,2.29,4.763,0.7178,3.1903,0.46,25.69,26.25,25.05,84.3,1.65,2.81,1.45,100.15
20091017,6.5,5.5157,2.9736,2.5562,0.53,25.98,26.9,24.97,84.14,1.92,3.03,1.69,100.1
20091018,4.92,6.0754,4.8982,2.1562,0.59,26.24,26.99,25.46,86.11,1.77,2.63,1.57,100.08
20091019,2.44,5.2342,2.784,2.6441,0.51,26.89,27.9,26.03,84.12,2.7,3.4,2.36,100.07
20091020,31.38,4.6054,1.1318,2.9789,0.45,26.64,27.32,25.93,88.59,2.65,3.69,2.3,100.08
20091021,15.94,4.9253,1.8019,2.6978,0.48,26.17,26.8,25.45,87.05,1.96,3.07,1.72,100.18
20091022,2.7,5.3854,1.8881,3.3782,0.52,26.52,27.55,25.77,82.12,1.62,3.17,1.43,100.21
20091023,9.18,5.1401,1.9445,3.061,0.5,26.17,26.92,25.21,83.54,2.25,3.61,1.95,100.16
20091024,37.18,5.1972,1.6013,3.4342,0.5,26.27,27.64,24.91,81.03,2.52,3.61,2.23,100.06
20091025,27.82,4.02,0.1294,2.9539,0.39,26.25,26.65,25.9,83.91,1.68,2.74,1.51,100.06
20091026,9.93,4.6709,1.9606,2.6227,0.45,26.64,26.92,26.35,82.96,1.77,2.46,1.6,100.02
20091027,47.96,4.5034,0.6938,3.1178,0.44,26.22,26.91,25.53,85.34,2.89,3.61,2.54,100.0
20091028,21.07,5.0184,1.3097,2.9712,0.49,25.67,26.24,24.97,85.85,2.24,2.95,1.99,100.07
20091029,11.69,3.1147,0.4709,2.0618,0.3,25.91,26.56,25.11,88.3,2.52,2.98,2.23,100.01
20091030,33.82,4.3289,1.6562,2.3506,0.42,25.8,26.17,25.54,88.5,2.82,4.54,2.48,100.0
20091031,12.69,4.1743,1.5871,2.2186,0.41,25.99,26.3,25.58,87.98,2.24,3.29,1.95,99.93
20091101,6.06,5.5502,3.7178,2.2478,0.54,26.88,27.78,26.15,85.92,1.89,3.87,1.64,99.85
20091102,7.15,4.6646,2.0354,2.5762,0.46,26.77,27.93,26.01,86.24,2.69,4.47,2.35,99.88
20091103,19.94,4.507,2.1521,2.3278,0.44,26.43,26.91,25.69,85.41,1.97,3.18,1.77,99.85
20091104,15.13,3.5592,0.5904,2.3362,0.35,26.56,27.16,25.93,87.21,1.74,2.47,1.63,99.85
20091105,19.23,3.7284,0.3324,2.6798,0.36,26.88,27.78,25.85,86.51,1.78,2.92,1.63,99.78
20091106,52.63,4.6742,2.345,2.3616,0.46,26.53,27.58,25.47,86.98,2.49,6.15,2.22,99.77
20091107,3.64,5.0292,1.3231,3.2978,0.49,26.54,27.75,25.22,83.39,2.0,3.35,1.79,99.77
20091108,3.22,4.6442,2.6892,2.3719,0.46,27.36,28.32,26.53,82.03,1.52,3.43,1.36,99.78
20091109,30.46,4.8538,1.7249,3.0398,0.48,27.07,27.66,26.06,85.32,1.55,2.19,1.43,99.7
20091110,28.51,4.045,0.7538,2.569,0.4,26.14,26.85,25.63,88.33,2.54,3.72,2.28,99.59
20091111,18.65,4.5984,0.6379,3.2851,0.45,26.16,27.25,25.2,85.79,2.56,3.58,2.27,99.71
20091112,19.2,3.8628,0.2755,2.8327,0.38,26.1,26.55,25.76,90.84,5.25,5.75,4.51,99.96
20091113,14.05,5.021,1.2403,3.2554,0.5,26.06,26.47,25.51,85.9,4.14,4.65,3.61,100.1
20091114,19.14,3.8465,0.1879,2.851,0.38,25.57,26.28,24.99,84.35,1.7,3.38,1.5,100.02
20091115,31.33,3.271,0.3799,2.3693,0.32,26.34,26.86,25.49,85.59,3.43,5.16,2.98,99.89
20091116,31.4,4.2775,0.6852,2.904,0.42,26.01,26.45,25.31,87.7,5.64,7.8,4.8,100.06
20091117,11.79,5.8008,3.8095,2.4938,0.57,27.01,27.93,25.72,80.64,4.83,6.5,4.16,100.05
20091118,18.69,4.9025,1.5552,2.8858,0.49,26.78,27.46,26.1,80.55,3.04,5.01,2.64,100.13
20091119,8.71,5.4883,3.2801,2.7214,0.54,27.14,27.86,26.12,75.05,3.58,5.6,3.1,100.19
20091120,10.67,4.2799,2.3748,2.357,0.42,26.79,27.26,26.25,83.04,6.04,6.75,5.13,100.24
20091121,17.05,4.9591,2.3177,2.9489,0.49,26.96,28.04,26.07,84.28,5.82,6.49,4.97,100.12
20091122,25.91,4.1573,1.1832,2.6966,0.41,26.8,27.49,26.1,84.06,5.82,6.73,4.96,100.16
20091123,3.39,4.7585,0.8856,3.005,0.47,26.46,27.49,25.85,79.28,3.96,4.97,3.46,100.32
20091124,2.86,4.9682,2.0381,2.9887,0.49,26.59,27.21,25.7,82.61,4.98,5.55,4.28,100.24
20091125,5.93,5.3729,5.491,1.8151,0.54,27.4,28.14,26.62,79.2,4.52,5.41,3.88,100.19
20091126,10.49,5.3899,4.535,2.1929,0.54,26.98,27.46,26.17,83.94,3.73,4.37,3.24,100.12
20091127,15.56,5.3717,2.8116,2.653,0.54,26.67,27.58,25.67,85.29,4.32,5.29,3.74,100.12
20091128,15.53,5.7833,3.7104,2.5939,0.58,27.14,27.74,26.59,83.53,4.67,5.64,4.01,100.18
20091129,12.91,3.8412,0.4757,2.7842,0.38,26.51,27.28,25.8,85.32,4.32,4.79,3.75,100.17
20091130,28.58,4.9363,3.1262,2.3568,0.49,26.48,27.11,25.8,85.6,4.59,5.26,3.96,100.2
20091201,12.71,4.4671,1.115,2.9705,0.45,25.62,25.95,25.15,88.78,3.66,5.11,3.21,100.22
20091202,4.61,4.0694,0.516,2.7269,0.41,25.89,26.16,25.24,83.54,2.8,4.26,2.47,100.2
20091203,10.21,4.8982,2.843,2.3534,0.49,26.11,26.5,25.47,85.36,4.2,5.02,3.66,100.14
20091204,8.2,4.2269,1.0262,2.6141,0.42,25.79,26.14,25.39,86.74,2.56,5.04,2.27,100.14
20091205,7.26,4.4772,1.8281,2.4403,0.45,26.0,26.77,25.12,84.74,2.11,3.12,1.86,100.12
20091206,9.18,3.6883,1.0217,2.2361,0.37,25.69,26.47,24.62,83.81,1.8,2.94,1.59,100.09
20091207,3.92,4.4201,1.9459,2.371,0.44,26.38,27.03,25.55,85.46,3.78,4.39,3.3,100.04
20091208,5.03,3.9878,1.0738,2.4814,0.4,26.43,26.96,25.86,87.18,3.35,4.53,2.98,100.05
20091209,3.07,4.0805,1.5506,2.357,0.41,26.22,26.57,25.57,86.48,2.52,4.6,2.23,99.99
20091210,4.37,4.3356,2.0971,2.4374,0.44,26.4,26.92,25.9,84.62,2.72,3.31,2.45,99.94
20091211,2.57,4.0025,1.8806,2.2937,0.4,27.73,28.54,26.6,79.81,2.7,3.72,2.42,99.87
20091212,6.67,3.8345,1.285,2.6376,0.39,27.14,27.62,26.64,84.46,2.86,4.2,2.56,99.86
20091213,14.68,3.7094,1.4143,2.2954,0.37,26.96,28.03,25.73,82.35,4.8,5.7,4.13,99.98
20091214,32.01,5.4439,1.7306,3.2666,0.55,26.38,27.13,25.47,83.81,3.39,5.59,2.97,100.14
20091215,14.92,5.5344,2.8411,2.9138,0.56,26.16,26.94,25.49,82.39,2.01,3.65,1.77,100.22
20091216,6.47,5.2224,3.108,2.5714,0.53,27.33,28.01,26.78,79.76,2.8,4.55,2.47,100.12
20091217,11.3,3.732,0.354,2.707,0.38,26.1,26.74,25.67,89.63,3.84,5.25,3.35,100.23
20091218,20.82,5.3306,2.8238,2.927,0.54,26.23,26.61,25.57,83.67,2.94,3.96,2.6,100.35
20091219,13.86,4.079,0.51,2.9299,0.41,26.32,26.85,25.8,81.64,2.38,3.45,2.09,100.38
20091220,2.31,5.4694,4.2682,2.2956,0.55,27.07,27.63,26.44,78.8,1.55,2.3,1.4,100.28
20091221,1.11,4.3385,3.6041,2.0921,0.44,27.84,29.05,26.83,75.39,1.63,2.55,1.42,100.16
20091222,2.36,4.3922,2.7778,2.2562,0.44,28.0,29.18,26.7,75.18,1.38,2.38,1.22,100.02
20091223,5.95,5.185,2.4658,2.8097,0.52,27.97,29.15,27.11,79.48,1.27,3.04,1.21,99.92
20091224,17.87,3.2328,0.5539,2.2246,0.33,27.39,28.17,26.72,84.19,2.11,3.45,1.93,99.94
20091225,19.5,4.2451,0.4421,3.0408,0.43,27.35,29.06,26.42,83.32,2.96,6.26,2.58,99.98
20091226,8.37,4.0675,0.3526,3.0564,0.41,26.31,27.1,25.32,79.4,1.56,4.39,1.4,100.04
20091227,6.49,4.578,0.7387,3.0672,0.46,26.53,27.34,25.77,82.23,2.55,4.68,2.27,100.01
20091228,33.97,4.8,1.5468,3.2074,0.48,25.77,26.24,25.26,86.24,3.12,4.63,2.76,100.07
20091229,29.27,4.6522,0.8954,3.2722,0.47,26.01,26.67,25.19,84.87,3.07,4.28,2.71,100.03
20091230,20.05,4.3246,0.1925,3.223,0.43,26.6,27.36,26.03,84.17,2.91,3.7,2.57,99.94
20091231,11.31,4.1806,0.2779,3.1282,0.42,26.08,27.04,25.09,84.77,2.71,4.74,2.42,99.94
20100101,2.91,4.9385,2.6846,2.6069,0.5,26.41,27.37,25.14,79.82,1.41,1.99,1.29,99.91
20100102,8.43,4.8098,2.4533,2.5445,0.48,27.27,27.97,26.74,78.67,2.19,3.34,1.95,99.92
20100103,16.23,3.6749,0.7219,2.5579,0.37,26.56,27.11,25.99,87.13,3.52,7.14,3.04,100.03
20100104,4.54,4.2665,0.6341,2.9786,0.43,26.04,26.74,25.41,84.99,2.75,6.83,2.42,100.08
20100105,1.23,4.8907,1.1693,3.3679,0.49,26.91,28.08,25.6,71.28,1.95,4.51,1.72,100.01
20100106,5.21,4.7803,1.8041,2.9707,0.48,27.13,28.11,26.32,82.55,4.58,5.11,3.96,100.07
20100107,24.92,5.2207,2.3275,2.9582,0.52,27.24,28.01,26.45,76.63,2.49,4.04,2.2,100.18
20100108,6.18,3.6821,0.5172,2.4103,0.37,26.99,27.43,26.44,77.79,1.68,3.19,1.49,100.12
20100109,9.53,4.2456,1.77,2.4941,0.42,27.62,28.35,26.82,78.85,2.99,4.39,2.64,100.05
20100110,15.78,4.6454,2.081,2.4314,0.46,27.81,28.84,27.08,80.41,3.06,3.63,2.71,100.08
20100111,5.58,4.4446,1.7501,2.4986,0.44,27.27,27.89,26.52,83.71,3.44,4.38,3.03,100.17
20100112,28.89,3.5326,1.259,2.0246,0.35,26.25,27.04,25.51,82.3,2.94,5.68,2.59,100.34
20100113,21.01,3.5424,0.1032,2.6731,0.35,26.08,26.49,25.6,84.3,3.94,7.2,3.43,100.43
20100114,15.54,4.295,0.7666,2.999,0.43,26.54,27.34,25.36,76.14,2.0,2.59,1.81,100.47
20100115,1.12,4.3985,2.3054,2.3311,0.44,27.32,28.07,26.45,76.7,1.84,2.24,1.65,100.37
20100116,14.11,5.0911,3.7985,2.1326,0.5,27.33,27.93,26.65,78.97,2.28,3.29,2.04,100.37
20100117,15.37,5.0554,3.9955,1.9872,0.5,27.41,27.67,26.93,81.27,4.23,4.75,3.67,100.37
20100118,24.74,4.8922,2.4605,2.7214,0.48,27.46,27.88,27.09,82.43,4.96,5.83,4.26,100.3
20100119,12.29,4.6032,1.8338,2.532,0.45,26.75,27.26,26.33,83.59,4.4,5.62,3.83,100.24
20100120,3.98,5.4518,3.8345,2.4624,0.54,27.13,27.81,26.5,81.62,4.16,5.75,3.62,100.24
20100121,3.79,4.7407,0.8422,3.1015,0.47,26.84,27.14,26.42,80.23,2.73,3.36,2.44,100.31
20100122,3.44,4.7599,1.2305,3.0754,0.47,27.37,28.16,26.33,74.73,2.11,3.18,1.84,100.26
20100123,2.54,4.5562,1.1304,2.8394,0.45,27.75,28.71,27.1,78.87,2.78,3.52,2.46,100.21
20100124,2.62,3.2414,0.2227,2.2774,0.32,27.37,28.02,26.65,78.66,1.74,3.11,1.56,100.18
20100125,11.24,4.2298,0.6845,2.8661,0.42,27.46,28.14,26.87,79.43,1.31,2.53,1.24,100.13
20100126,9.2,4.0954,1.4246,2.4955,0.4,27.02,27.71,26.58,79.77,1.21,2.19,1.09,100.18
20100127,4.51,5.4115,3.4308,2.4281,0.53,27.52,28.24,26.69,78.4,1.43,2.4,1.26,100.13
20100128,21.8,1.8578,0.031,1.3987,0.18,27.75,28.01,27.27,83.23,3.99,6.07,3.5,100.12
20100129,12.74,5.892,4.3423,2.4187,0.58,27.34,27.97,26.92,81.92,2.24,4.04,1.97,100.14
20100130,3.33,4.6798,1.285,2.7886,0.46,27.4,28.36,26.3,78.29,1.24,2.41,1.12,100.14
20100131,3.29,4.229,0.5842,2.7768,0.41,27.79,28.34,27.28,80.43,2.32,4.7,2.06,100.12
20100201,43.37,5.6734,3.5609,2.5709,0.55,27.64,28.25,27.16,80.05,2.33,4.93,2.05,100.13
20100202,10.07,4.793,1.5046,2.9602,0.47,27.24,27.59,26.95,84.18,2.72,3.75,2.39,100.13
20100203,4.62,5.6218,3.575,2.6916,0.55,27.53,28.22,26.78,81.48,2.58,4.14,2.27,100.08
20100204,5.89,4.7347,1.7573,2.4814,0.46,27.4,27.9,27.07,84.34,3.18,4.12,2.78,100.07
20100205,11.11,3.9223,1.0094,2.3064,0.38,27.03,27.51,26.35,84.89,3.21,5.17,2.79,100.16
20100206,5.73,5.5555,4.2636,2.0813,0.54,27.56,28.39,26.11,82.19,2.81,3.79,2.49,100.21
20100207,1.48,3.8657,1.2317,2.4427,0.37,28.26,28.85,27.85,80.61,3.66,5.45,3.21,100.11
20100208,1.91,5.1043,2.4218,2.5003,0.49,27.45,27.62,27.11,84.34,2.58,5.43,2.29,100.05
20100209,4.6,3.3084,0.1349,2.4749,0.32,27.89,28.48,27.05,82.32,1.92,4.48,1.71,99.98
20100210,10.99,3.8568,0.5282,2.7583,0.37,27.74,28.26,27.04,84.68,3.25,7.73,2.86,99.98
20100211,17.37,4.9063,2.9242,2.3736,0.47,28.13,29.46,27.09,83.23,2.52,4.36,2.2,100.03
20100212,12.01,3.6612,1.1532,2.2454,0.35,27.81,28.65,26.92,84.69,5.03,6.23,4.32,100.07
20100213,13.23,4.2334,1.6462,2.3774,0.41,27.18,27.93,26.27,83.73,3.52,5.23,3.11,100.01
20100214,9.96,4.4947,1.5612,2.7919,0.43,27.62,28.44,26.65,83.07,2.7,4.26,2.46,99.98
20100215,19.52,5.1917,2.5771,2.6328,0.5,27.3,27.78,26.83,86.53,3.3,3.75,2.96,100.01
20100216,3.93,4.7885,1.2235,2.9582,0.46,27.37,28.26,26.24,83.51,3.1,4.71,2.8,100.04
20100217,7.86,3.1846,0.1898,2.2236,0.3,27.99,29.15,27.05,82.45,2.77,4.62,2.49,100.03
20100218,9.11,3.0886,0.665,2.0417,0.3,26.97,27.6,26.59,86.94,3.73,5.55,3.31,100.15
20100219,5.62,4.9807,1.9543,2.7274,0.48,26.57,27.19,25.52,82.96,3.12,5.81,2.73,100.29
20100220,17.02,4.8432,2.6645,2.3503,0.46,27.5,28.62,26.63,80.11,3.17,4.88,2.77,100.24
20100221,33.37,3.4642,0.4222,2.4185,0.33,26.51,27.07,26.02,86.7,3.9,5.1,3.38,100.32
20100222,0.71,5.0604,2.873,2.3126,0.48,27.23,28.33,25.92,78.14,1.88,3.45,1.66,100.24
20100223,23.59,6.3528,4.3769,2.6038,0.61,27.94,28.74,27.32,80.0,2.2,3.51,1.93,100.14
20100224,7.04,5.5262,3.3134,2.4658,0.53,27.59,28.0,27.15,82.91,2.65,5.31,2.34,100.09
20100225,5.8,5.341,2.3542,2.7473,0.51,28.15,29.3,27.14,74.49,2.65,5.49,2.34,100.07
20100226,9.25,5.5205,3.9173,2.077,0.53,28.47,28.99,28.05,78.47,2.38,4.33,2.12,99.99
20100227,7.22,4.3656,0.6029,3.0271,0.42,27.25,28.18,26.98,83.27,3.05,5.9,2.65,100.09
20100228,4.14,5.2522,1.7902,2.8762,0.5,27.93,28.81,26.97,79.84,2.91,3.62,2.56,100.14
20100301,7.19,5.3503,2.0374,2.8927,0.51,27.66,28.05,27.1,83.39,3.43,4.11,3.0,100.23
20100302,4.88,5.8582,3.5323,2.6909,0.56,27.71,28.36,26.66,82.53,3.25,4.27,2.85,100.16
20100303,12.66,3.7128,0.2306,2.6386,0.35,27.81,28.09,27.48,83.62,4.55,4.98,3.93,100.11
20100304,3.89,5.3165,1.5214,3.6749,0.51,27.54,27.96,26.92,80.57,2.65,4.03,2.31,100.14
20100305,10.2,4.777,1.1218,3.1346,0.45,27.94,28.46,27.37,79.76,2.56,3.58,2.24,100.15
20100306,5.73,5.8706,3.8287,2.509,0.56,27.55,27.99,27.0,83.8,3.81,4.94,3.33,100.24
20100307,12.69,4.8811,2.2308,2.3165,0.46,27.62,28.2,26.64,84.21,3.62,6.56,3.16,100.21
20100308,130.97,3.3377,0.2539,2.4542,0.32,27.22,28.02,26.66,87.68,5.06,7.58,4.31,100.16
20100309,16.5,4.5898,0.9161,2.8778,0.44,27.18,27.62,26.68,84.69,5.46,7.03,4.66,100.3
20100310,10.04,3.2791,0.2962,2.2783,0.31,26.49,27.5,25.74,81.44,2.89,3.73,2.56,100.39
20100311,0.3,5.9162,4.1866,2.3136,0.56,29.03,30.37,27.62,66.73,2.55,3.99,2.17,100.35
20100312,1.74,4.6222,2.5807,2.1504,0.44,28.29,29.09,27.66,76.54,2.62,4.18,2.33,100.35
20100313,14.54,3.7949,1.0006,2.3419,0.36,27.28,27.7,26.75,79.8,2.13,4.07,1.92,100.28
20100314,32.87,4.9978,2.202,2.6722,0.48,28.1,28.62,27.33,76.48,2.93,4.81,2.56,100.06
20100315,13.31,5.0966,3.119,2.2834,0.49,26.86,28.08,26.16,82.94,3.12,5.01,2.76,100.1
20100316,15.71,4.452,1.0042,2.719,0.42,27.31,28.51,25.78,79.54,2.56,4.78,2.27,100.08
20100317,8.02,4.9968,1.5578,2.8111,0.48,27.56,28.46,26.3,79.53,2.08,3.28,1.9,100.2
20100318,4.51,4.5775,1.9229,2.3568,0.44,28.26,29.37,27.38,78.06,2.81,4.75,2.51,100.16
20100319,5.42,4.8473,1.6231,2.7211,0.46,27.13,27.56,26.81,86.09,3.06,3.96,2.76,100.05
20100320,13.56,4.7508,2.7494,2.2411,0.45,27.07,27.49,26.41,85.74,3.31,4.22,2.92,100.04
20100321,8.56,3.7786,0.4121,2.5145,0.36,27.41,27.87,26.85,85.17,3.2,4.06,2.81,99.95
20100322,12.9,5.257,2.5656,2.4144,0.5,27.23,27.74,26.84,85.07,3.63,5.35,3.15,99.88
20100323,11.59,3.7262,0.5717,2.521,0.36,27.23,28.08,26.42,82.58,3.17,3.46,2.8,99.93
20100324,1.92,6.4147,4.4592,2.3647,0.61,28.32,29.2,27.45,76.81,2.37,3.01,2.08,99.87
20100325,55.14,4.427,0.5335,3.1416,0.42,27.44,28.24,26.23,84.25,2.76,3.77,2.4,100.0
20100326,36.2,4.2598,1.1537,2.7019,0.41,27.53,28.4,26.49,83.36,3.51,5.33,3.06,100.01
20100327,42.84,4.8065,1.7066,2.7173,0.46,28.28,28.8,27.64,79.41,2.34,2.98,2.11,100.02
20100328,19.97,5.7468,3.0074,2.7732,0.55,27.45,28.07,26.87,83.18,3.07,4.26,2.75,100.12
20100329,6.15,4.2876,2.1919,2.1269,0.41,27.53,28.17,26.85,82.91,4.45,5.0,3.87,100.19
20100330,5.18,4.3279,1.0579,2.5483,0.42,27.1,27.5,26.58,83.39,3.11,4.17,2.74,100.23
20100331,8.12,5.9683,3.9874,2.3242,0.58,27.41,28.3,26.32,80.99,2.35,3.4,2.1,100.15
20100401,10.44,4.3786,0.5052,3.0415,0.42,27.07,27.67,26.72,85.45,3.44,5.22,3.05,100.07
20100402,44.21,3.9648,1.4801,2.3256,0.38,26.94,27.34,26.65,89.7,5.7,7.11,4.89,100.05
20100403,21.8,3.8083,0.4068,2.6952,0.37,26.48,26.87,25.75,88.68,4.28,6.65,3.7,100.11
20100404,12.21,4.4827,1.1695,2.5246,0.43,27.03,28.14,25.3,80.97,1.66,2.85,1.5,100.11
20100405,9.81,4.7868,2.6136,2.5459,0.46,27.76,28.45,27.01,82.29,1.87,3.26,1.68,100.02
20100406,5.92,4.2545,1.3286,2.5099,0.41,27.56,27.74,27.34,85.33,3.3,4.51,2.89,100.02
20100407,8.18,4.0082,0.905,2.735,0.39,27.61,28.22,26.88,85.49,2.8,3.79,2.45,100.14
20100408,6.17,5.4667,3.4121,2.3983,0.53,27.93,28.7,26.85,79.03,2.21,2.79,1.96,100.21
20100409,9.47,5.19,3.727,1.9478,0.51,27.92,28.31,27.56,83.78,2.9,3.61,2.53,100.02
20100410,3.22,4.7498,1.206,2.7583,0.46,27.83,28.51,27.24,81.58,2.45,3.63,2.17,99.94
20100411,2.57,4.9051,2.5874,2.455,0.48,28.16,28.62,27.58,76.98,2.19,3.72,1.92,99.95
20100412,2.15,5.2027,1.9118,2.9825,0.51,28.53,28.95,28.18,75.97,1.68,3.04,1.47,99.88
20100413,8.4,5.1458,1.817,3.0487,0.51,28.52,29.43,27.88,79.23,2.57,4.46,2.24,99.96
20100414,6.82,5.7151,3.5734,2.3568,0.56,27.77,28.25,27.19,85.66,2.81,3.7,2.49,99.96
20100415,28.69,4.6464,2.1156,2.2574,0.46,27.33,28.21,26.7,84.13,2.08,3.45,1.83,100.11
20100416,19.16,4.4018,1.1974,2.5409,0.43,26.39,26.72,26.12,86.61,1.91,2.77,1.7,100.21
20100417,2.83,6.1529,4.8845,2.2526,0.61,27.63,28.45,26.62,78.35,2.06,2.98,1.83,100.17
20100418,5.86,4.5679,0.4793,3.1697,0.45,27.09,27.46,26.63,84.58,2.07,2.56,1.82,100.18
20100419,8.13,5.0225,1.8876,2.7516,0.5,27.27,28.03,26.3,75.63,1.4,2.19,1.24,100.13
20100420,1.58,3.7493,0.4498,2.7403,0.37,27.96,28.78,27.34,77.51,2.86,4.09,2.5,100.01
20100421,2.18,6.2748,5.0573,2.1178,0.62,28.01,28.68,27.3,79.82,2.45,2.95,2.16,100.0
20100422,5.09,5.6558,4.1609,2.1125,0.56,28.02,28.66,27.49,81.77,2.46,3.12,2.17,100.07
20100423,4.87,4.2605,1.7705,2.3527,0.43,27.34,27.68,27.02,86.41,2.61,3.41,2.3,100.11
20100424,1.6,5.167,1.782,3.1198,0.52,27.63,28.65,26.73,82.32,2.03,3.24,1.8,100.01
20100425,10.98,4.7753,2.1535,2.5222,0.48,28.33,28.77,27.86,84.07,4.47,5.58,3.83,99.94
20100426,7.84,4.9438,2.155,2.6026,0.5,28.0,28.49,27.63,87.25,5.02,5.78,4.31,100.13
20100427,4.06,4.6476,0.9329,2.8848,0.47,27.53,28.4,26.42,79.01,2.96,5.1,2.62,100.26
20100428,3.01,5.3134,3.1126,2.46,0.54,27.38,28.07,26.64,79.82,2.0,3.58,1.75,100.19
20100429,6.39,5.5682,4.3639,2.0916,0.56,28.26,28.93,27.48,80.06,2.64,3.45,2.34,100.11
20100430,9.69,4.6606,3.9386,1.9637,0.47,28.86,29.59,27.98,81.41,2.42,3.26,2.19,100.02
20100501,48.46,4.4964,1.3066,2.9261,0.46,28.71,29.55,27.62,85.5,2.49,5.65,2.17,99.98
20100502,4.78,4.7609,2.7538,2.3033,0.48,28.3,28.94,27.25,85.31,3.26,4.27,2.86,99.92
20100503,8.83,4.8278,1.8775,2.7367,0.49,27.49,28.36,26.51,87.94,3.39,4.6,2.99,99.83
20100504,2.22,5.1641,3.7133,2.0767,0.53,27.77,28.67,26.45,81.93,2.87,3.68,2.54,99.82
20100505,3.3,5.1554,3.2947,2.4002,0.53,28.4,28.86,27.81,81.31,2.05,2.84,1.81,99.72
20100506,11.27,4.3565,1.6207,2.4566,0.45,27.71,28.62,27.16,84.73,3.05,5.93,2.69,99.76
20100507,44.76,4.2842,0.7063,2.8769,0.44,28.53,29.21,27.99,80.83,1.67,2.84,1.52,99.71
20100508,19.82,4.949,3.3077,2.1634,0.51,28.2,28.54,27.93,85.27,2.25,3.45,2.03,99.69
20100509,7.63,4.1748,0.913,2.4833,0.43,28.0,28.35,27.54,82.5,2.74,4.26,2.4,99.73
20100510,1.61,5.4934,3.8342,2.2241,0.57,28.2,28.54,27.62,78.23,1.6,2.51,1.4,99.76
20100511,9.4,4.6022,2.7588,2.496,0.48,28.1,28.49,27.75,80.86,2.17,3.56,1.91,99.76
20100512,8.72,4.3697,0.6818,3.0022,0.45,27.54,28.23,26.8,87.43,3.12,4.72,2.74,99.75
20100513,9.66,4.643,1.1071,3.3432,0.48,27.52,28.11,27.0,88.21,2.41,4.54,2.07,99.77
20100514,48.15,2.9292,0.3545,2.1499,0.31,27.33,27.98,26.87,84.96,2.33,4.19,2.05,99.79
20100515,27.02,3.2849,0.4913,2.4362,0.34,27.52,28.09,26.87,84.6,2.67,3.66,2.34,99.77
20100516,2.35,4.739,2.634,2.5303,0.5,28.47,29.04,27.8,84.81,3.65,4.92,3.17,99.68
20100517,1.74,5.2375,1.7122,3.3739,0.55,29.01,29.87,28.32,81.23,4.52,5.53,3.88,99.76
20100518,2.19,4.8751,1.7554,2.8798,0.51,28.98,29.47,28.47,82.54,3.15,3.94,2.78,99.88
20100519,1.29,5.897,5.2469,1.9606,0.62,29.14,30.04,28.16,73.89,1.36,1.98,1.23,99.88
20100520,3.04,5.4384,4.3654,2.0242,0.57,28.74,29.86,27.63,78.29,2.04,3.65,1.82,99.96
20100521,5.22,4.9978,2.789,2.6674,0.53,28.22,28.64,27.78,85.31,3.65,4.84,3.19,100.04
20100522,1.65,4.7866,3.6715,1.7772,0.51,27.81,28.25,27.32,78.49,1.17,1.92,1.07,100.11
20100523,0.78,5.5572,3.4802,2.653,0.59,28.57,29.06,28.14,75.17,1.7,2.42,1.52,100.0
20100524,0.16,5.9042,5.9621,1.5982,0.63,28.4,28.86,28.03,77.87,1.78,2.7,1.56,99.94
20100525,0.45,5.381,4.2578,2.0035,0.57,28.41,28.85,27.97,77.71,1.53,2.79,1.32,99.99
20100526,0.95,5.5154,4.663,2.1382,0.59,28.34,28.95,27.77,75.65,1.69,2.99,1.51,100.01
20100527,0.79,5.6378,4.3908,2.2054,0.6,28.45,29.1,27.71,77.58,1.52,2.02,1.35,100.04
20100528,3.56,5.2037,3.0706,2.5918,0.56,28.36,28.97,27.85,79.93,1.44,2.19,1.29,100.09
20100529,7.38,4.9363,3.9029,2.0587,0.53,28.27,29.34,27.38,79.72,1.66,2.65,1.48,100.06
20100530,15.68,2.803,0.1109,2.1079,0.3,27.99,28.54,27.42,78.28,2.08,3.47,1.88,100.03
20100531,10.27,4.1165,2.6851,1.9142,0.44,28.03,28.9,25.72,75.51,1.85,2.9,1.68,100.06
20100601,35.36,4.4945,3.6242,1.9188,0.48,27.28,28.19,25.53,80.4,2.4,3.7,2.13,100.13
20100602,5.8,5.4074,3.0806,2.7686,0.58,27.6,28.19,26.8,81.43,2.46,3.73,2.18,100.15
20100603,17.9,5.0575,3.6958,2.1859,0.54,27.66,28.04,27.33,83.18,2.58,3.96,2.3,100.22
20100604,107.07,3.8863,1.681,2.4787,0.42,27.01,27.42,26.66,86.5,3.63,4.17,3.18,100.22
20100605,20.37,4.613,1.2696,3.2674,0.5,26.98,27.67,26.17,85.72,3.26,4.76,2.85,100.13
20100606,10.68,4.9769,4.2631,3.0434,0.54,27.15,27.68,26.56,84.58,3.04,4.89,2.66,99.98
20100607,24.17,4.5478,1.3001,3.2676,0.49,27.64,28.01,27.32,86.85,5.58,7.49,4.74,99.94
20100608,15.34,2.869,0.1332,2.1367,0.31,27.83,28.46,26.96,79.92,5.94,8.36,5.06,100.1
20100609,3.31,4.969,3.2477,2.2332,0.54,27.8,28.47,27.21,79.86,4.93,5.95,4.26,100.09
20100610,0.79,5.1038,3.1759,2.5598,0.55,28.83,30.09,27.13,69.91,4.14,6.44,3.6,100.02
20100611,1.7,5.5992,4.4978,2.0981,0.61,29.34,30.19,28.66,73.08,2.45,3.1,2.2,99.99
20100612,0.37,5.4494,4.4618,2.1223,0.59,28.48,29.0,27.98,76.76,1.4,1.8,1.27,100.01
20100613,1.83,5.1482,3.7351,2.1372,0.56,28.44,28.77,28.11,80.67,1.89,2.56,1.72,100.01
20100614,6.23,3.414,1.5799,1.9354,0.37,28.55,29.62,27.86,79.64,1.85,3.07,1.67,100.13
20100615,1.37,5.0126,2.6395,2.6417,0.54,27.99,28.67,27.29,75.48,2.17,2.86,1.93,100.18
20100616,1.41,4.3997,2.4713,2.3623,0.48,28.52,28.87,28.12,73.71,3.36,3.97,2.93,100.18
20100617,1.14,4.7098,3.4512,1.9478,0.51,27.97,28.58,27.36,78.22,2.85,3.3,2.51,100.2
20100618,1.44,4.9898,4.057,1.951,0.54,27.47,27.98,26.71,79.82,2.29,3.65,2.03,100.21
20100619,14.14,4.7714,3.1178,2.147,0.52,27.75,28.54,27.37,78.84,1.68,2.74,1.51,100.12
20100620,3.11,4.6339,3.7234,1.9166,0.5,27.6,28.13,27.25,80.87,1.81,2.14,1.62,100.04
20100621,1.06,4.668,3.5278,1.825,0.51,27.8,28.23,27.2,79.56,2.05,2.77,1.81,100.02
20100622,5.37,4.3582,0.8242,3.1416,0.47,27.67,28.33,26.62,70.66,1.91,2.74,1.68,100.09
20100623,5.89,4.1273,0.9353,2.79,0.45,26.81,27.35,26.34,78.62,1.92,3.34,1.71,100.14
20100624,3.51,4.8677,3.0739,2.3088,0.53,27.98,29.15,27.07,74.74,1.77,3.27,1.6,99.96
20100625,3.88,4.687,1.5262,2.706,0.51,27.68,28.5,27.09,78.73,2.0,2.79,1.79,99.93
20100626,4.73,5.3318,4.4837,1.9531,0.58,27.45,27.73,27.03,81.49,2.22,2.86,1.96,100.01
20100627,4.86,4.6963,2.089,2.7499,0.51,27.63,28.07,27.16,80.34,1.75,3.79,1.54,99.97
20100628,18.04,4.4918,1.2199,3.1718,0.49,27.47,27.78,27.12,86.77,5.05,6.9,4.36,99.94
20100629,1.52,5.3182,4.1323,2.2135,0.58,27.77,28.66,27.19,77.21,2.09,4.9,1.86,100.0
20100630,24.22,4.237,3.0828,1.8598,0.46,28.35,28.91,27.93,77.17,2.62,4.28,2.32,99.93
20100701,17.06,4.1038,0.9571,2.8903,0.45,27.02,27.81,26.45,85.1,3.92,5.3,3.42,99.92
20100702,12.47,3.2066,0.1987,2.3638,0.35,27.13,27.9,26.17,80.19,4.17,5.87,3.62,100.01
20100703,4.9,3.4555,0.3427,2.4938,0.38,27.51,28.57,26.04,71.7,3.54,6.42,3.1,100.16
20100704,1.94,3.5532,0.4735,2.5322,0.39,28.46,29.8,27.21,71.83,2.58,3.35,2.25,100.13
20100705,0.63,5.1787,2.819,2.677,0.56,28.08,28.97,27.43,76.53,2.07,2.77,1.82,100.06
20100706,5.39,4.6586,2.695,2.226,0.5,27.94,28.4,27.46,81.68,2.06,3.26,1.85,100.04
20100707,55.67,4.0819,2.7194,1.8965,0.44,27.59,28.02,27.0,82.06,2.98,4.79,2.62,100.13
20100708,2.32,4.3982,0.5983,3.2496,0.48,27.41,28.18,26.58,69.93,2.95,3.75,2.61,100.17
20100709,1.2,5.8582,5.2243,1.8653,0.63,27.94,28.77,27.11,73.38,3.01,4.38,2.63,100.04
20100710,4.0,4.02,1.3822,2.4295,0.43,27.27,27.96,26.42,81.18,2.93,5.37,2.55,100.03
20100711,4.33,4.3442,3.7447,1.8833,0.47,27.05,27.51,26.34,80.35,1.64,2.52,1.46,100.08
20100712,10.13,4.9428,4.6438,1.8334,0.53,27.27,27.83,26.57,79.69,1.73,3.23,1.55,100.03
20100713,7.57,4.1954,2.1958,2.2726,0.45,27.13,27.43,26.67,84.39,2.72,3.07,2.42,99.94
20100714,6.99,5.3239,4.2775,1.9786,0.57,27.15,27.75,26.62,83.99,2.8,3.33,2.44,99.9
20100715,41.5,5.0542,3.8755,2.0849,0.54,27.04,27.55,26.47,85.26,3.9,5.52,3.4,99.8
20100716,36.96,3.4762,0.1675,2.5718,0.37,26.58,27.05,26.01,87.04,4.38,5.65,3.82,99.89
20100717,3.59,4.5158,0.6158,3.2426,0.48,26.94,27.57,25.82,77.84,2.53,3.93,2.26,100.04
20100718,10.12,3.4116,0.197,2.5733,0.37,27.29,28.03,26.72,79.66,3.48,4.14,3.07,100.13
20100719,11.57,4.4614,1.3627,2.8037,0.48,27.41,28.3,26.01,73.38,1.83,3.03,1.65,100.11
20100720,9.24,4.7393,3.3091,1.9332,0.51,27.7,28.31,26.9,75.54,1.56,2.38,1.38,100.02
20100721,21.17,4.6298,3.5998,1.8763,0.49,27.23,27.87,26.2,82.76,3.23,5.49,2.8,100.05
20100722,7.27,3.229,0.1279,2.4365,0.34,26.03,26.65,25.37,83.36,3.19,5.52,2.8,100.16
20100723,2.09,5.8663,5.3275,2.011,0.62,27.25,28.04,26.49,78.47,2.46,3.32,2.19,100.06
20100724,0.43,5.0885,1.9097,2.9822,0.54,26.7,27.04,26.07,81.62,2.14,2.77,1.88,99.98
20100725,11.65,5.3542,4.229,1.9949,0.57,27.11,27.95,25.84,72.72,2.01,2.86,1.79,99.92
20100726,11.91,3.311,0.0682,2.455,0.35,26.59,27.42,25.95,80.81,4.34,6.47,3.77,100.07
20100727,12.04,5.3285,3.4219,2.4302,0.56,26.34,27.32,25.71,81.2,2.72,4.13,2.38,100.18
20100728,2.64,4.8886,2.0117,2.9741,0.52,25.99,27.06,25.04,80.13,1.82,3.59,1.6,100.15
20100729,8.87,5.4211,4.2204,2.0945,0.57,27.47,28.1,26.72,80.39,3.53,5.45,3.09,100.01
20100730,4.35,4.2192,0.4692,2.9206,0.44,27.85,28.88,26.99,80.4,4.63,5.35,4.01,100.07
20100731,2.62,4.9848,2.9208,2.4091,0.52,27.58,28.18,26.84,75.24,2.39,3.91,2.12,100.16
20100801,4.46,3.4843,0.2998,2.4708,0.36,26.95,27.92,25.88,76.91,1.61,2.56,1.46,100.28
20100802,2.97,5.9357,4.5461,2.245,0.62,27.16,28.34,25.79,76.38,1.69,2.72,1.5,100.2
20100803,3.21,5.4715,5.0002,1.7126,0.57,27.1,27.66,26.59,81.64,2.38,3.02,2.1,100.07
20100804,1.11,4.9166,2.1041,2.6614,0.51,27.04,27.41,26.41,76.78,2.18,2.97,1.92,100.08
20100805,0.18,5.4914,3.7651,2.321,0.57,27.93,28.49,27.16,71.74,1.63,2.29,1.47,100.07
20100806,3.88,4.0718,2.1785,2.033,0.42,28.13,28.44,27.74,76.86,3.26,3.93,2.83,100.08
20100807,6.46,4.465,0.408,3.2102,0.46,27.17,27.72,26.48,80.69,2.09,3.11,1.84,100.09
20100808,21.27,4.8384,2.0818,2.7514,0.5,26.6,26.86,26.17,85.26,2.53,3.09,2.24,100.06
20100809,16.97,5.1619,3.2587,2.4869,0.53,26.78,27.28,26.29,81.17,2.39,3.33,2.13,100.09
20100810,2.25,5.4478,4.284,2.155,0.56,27.4,28.52,26.3,71.56,2.32,3.53,2.09,100.03
20100811,4.67,4.1736,0.5294,3.0374,0.43,27.31,27.82,26.88,79.88,2.41,3.47,2.15,100.04
20100812,3.37,4.8602,2.8656,2.382,0.5,27.68,28.83,26.81,80.8,2.72,3.9,2.41,99.97
20100813,30.33,3.1404,0.4001,2.1444,0.32,26.86,27.27,26.12,86.93,3.68,5.03,3.25,99.93
20100814,20.97,4.5991,1.2372,3.1219,0.47,26.6,27.2,25.77,88.62,4.47,5.89,3.9,100.01
20100815,9.74,4.0702,0.737,2.6398,0.42,27.18,28.1,26.39,84.4,4.84,5.42,4.18,100.1
20100816,16.01,4.2646,1.5509,2.3628,0.43,26.64,26.8,26.44,89.07,4.7,5.91,4.03,100.04
20100817,22.89,4.6435,3.1694,1.9294,0.47,26.28,26.63,25.88,87.96,4.43,6.23,3.83,100.01
20100818,14.76,5.1569,1.4434,3.347,0.52,25.84,26.21,25.57,85.29,3.44,6.34,3.02,100.1
20100819,40.03,3.6302,0.1771,2.6794,0.37,25.98,26.44,25.52,81.75,2.29,3.95,2.01,100.15
20100820,3.39,3.5453,0.1529,2.6117,0.36,27.38,28.32,25.97,70.01,2.02,3.44,1.8,100.14
20100821,0.03,3.899,0.2148,2.8742,0.39,28.06,28.67,27.47,75.11,2.43,2.7,2.19,99.98
20100822,2.46,6.0878,5.7427,1.8566,0.61,27.99,28.94,27.02,80.34,4.15,5.79,3.6,99.91
20100823,4.83,6.2582,5.6441,1.9102,0.63,28.42,29.11,27.64,76.29,3.1,4.48,2.74,99.9
20100824,2.29,5.5692,3.6646,2.0947,0.56,28.38,28.69,27.86,74.23,1.13,1.49,1.04,99.95
20100825,0.85,4.9776,2.1722,2.7571,0.5,28.51,29.48,27.87,74.68,2.9,4.75,2.52,100.03
20100826,0.31,5.6345,4.0217,2.1948,0.56,28.39,29.21,27.55,75.17,2.92,4.81,2.56,100.08
20100827,6.41,5.1211,2.3064,2.6748,0.51,27.33,28.19,26.75,79.2,2.4,3.1,2.12,100.16
20100828,10.63,5.1326,2.5613,2.6486,0.51,27.33,28.39,25.96,72.52,1.84,3.14,1.64,100.13
20100829,4.6,5.5116,2.5375,3.3672,0.55,27.14,27.83,26.25,78.86,2.58,4.07,2.27,100.11
20100830,3.62,4.6985,2.3486,2.2298,0.47,27.93,29.07,27.14,72.24,1.72,3.39,1.56,100.02
20100831,1.63,5.7852,4.2386,2.219,0.57,27.63,28.21,26.84,75.5,1.85,2.96,1.65,100.02
20100901,8.33,4.2432,1.8583,2.088,0.42,27.14,27.87,26.44,82.42,3.57,4.51,3.11,100.05
20100902,19.23,4.4558,0.5981,3.2232,0.44,26.59,27.14,26.05,88.12,5.46,6.2,4.66,100.09
20100903,35.42,4.4354,2.3779,2.2315,0.44,26.73,27.37,25.98,83.9,6.31,7.06,5.36,100.1
20100904,18.67,5.7982,3.6434,2.5939,0.57,27.28,28.15,26.16,81.13,5.36,7.05,4.6,100.06
20100905,2.07,4.4448,1.17,3.0679,0.44,27.26,28.03,26.41,79.22,5.2,7.29,4.47,100.18
20100906,3.99,5.1487,1.9046,2.9035,0.51,27.74,28.96,26.7,72.59,2.38,4.12,2.12,100.1
20100907,4.49,5.1439,2.0954,2.8123,0.51,27.54,28.74,26.5,77.83,2.33,3.91,2.04,100.01
20100908,5.72,4.2439,0.1531,3.1946,0.42,27.69,28.47,26.54,71.45,2.08,3.98,1.85,100.17
20100909,2.05,5.9266,3.5726,2.7919,0.58,28.03,28.77,27.37,65.71,1.8,3.03,1.61,100.13
20100910,0.25,5.9837,3.0986,3.4505,0.59,27.99,28.97,27.13,69.26,2.06,3.63,1.82,100.04
20100911,2.74,7.0274,6.8302,1.6886,0.69,27.55,28.02,27.06,79.73,2.59,3.37,2.27,100.03
20100912,0.52,6.8148,5.8212,2.4115,0.67,27.32,28.22,26.67,77.05,1.9,2.74,1.7,100.1
20100913,2.02,6.0888,4.7081,2.3573,0.59,27.55,28.36,26.76,75.98,1.65,2.25,1.46,100.03
20100914,1.35,6.5354,6.0322,1.8415,0.64,27.98,28.89,27.37,75.6,1.46,2.81,1.29,99.94
20100915,6.21,5.4115,2.1629,3.0782,0.53,27.34,28.13,26.38,80.33,2.21,3.59,1.92,100.02
20100916,15.24,6.0446,3.8894,2.6426,0.59,27.03,27.84,26.26,75.89,2.1,3.92,1.85,100.06
20100917,5.34,4.2763,0.3463,3.145,0.42,27.55,27.98,27.07,73.99,1.33,2.24,1.22,99.98
20100918,4.84,5.1967,3.0754,2.623,0.51,27.37,27.7,26.85,80.3,3.15,3.73,2.75,99.96
20100919,8.29,4.8895,1.1786,2.9244,0.48,26.44,27.09,25.38,80.22,3.11,3.55,2.74,100.03
20100920,68.21,4.9567,1.824,2.8704,0.48,26.9,27.57,26.29,80.02,2.15,2.88,1.93,99.96
20100921,29.16,4.6296,1.1952,3.1997,0.45,27.03,27.86,26.17,83.61,2.92,4.28,2.59,99.97
20100922,63.68,4.9039,0.6,3.444,0.48,26.66,27.05,26.16,89.26,4.83,6.37,4.15,99.95
20100923,31.02,4.8778,1.2046,3.3228,0.47,26.33,26.64,25.81,85.45,4.2,7.3,3.64,100.01
20100924,31.49,5.1785,1.2794,3.643,0.5,26.03,26.44,25.56,86.68,3.59,4.99,3.14,100.07
20100925,20.6,4.4738,0.839,2.9755,0.43,26.22,27.02,25.51,84.1,2.03,3.05,1.8,100.09
20100926,49.27,4.4107,0.3343,3.2155,0.43,25.94,26.56,25.47,87.93,3.27,4.74,2.85,100.14
20100927,11.76,4.8701,0.96,3.3019,0.47,25.59,25.99,25.32,85.19,2.79,5.02,2.43,100.17
20100928,6.58,5.046,2.3167,3.0259,0.49,26.3,27.04,25.31,78.42,1.64,2.76,1.45,100.1
20100929,11.12,5.7802,3.9014,2.3594,0.56,26.23,26.87,25.29,82.51,2.29,3.51,2.01,100.0
20100930,21.44,3.7944,0.2434,2.7041,0.37,26.01,26.83,25.01,84.87,2.07,3.71,1.83,99.94
20101001,51.13,4.9157,1.7822,3.1997,0.47,26.6,27.0,25.98,84.14,3.8,5.08,3.28,99.8
20101002,52.5,3.5498,0.4848,2.5613,0.34,26.3,26.78,25.83,88.52,3.12,5.15,2.68,99.78
20101003,8.32,5.2279,1.2674,3.6355,0.5,25.97,26.61,25.69,84.64,3.24,4.52,2.83,99.86
20101004,9.88,4.649,1.2698,3.3629,0.45,26.52,27.56,25.66,87.74,5.19,6.92,4.45,99.87
20101005,14.9,4.8334,1.4405,3.1404,0.47,26.15,26.9,25.45,87.07,3.95,5.14,3.45,99.98
20101006,1.52,5.1468,1.4626,3.3132,0.5,26.12,26.88,25.57,85.75,2.85,5.22,2.5,100.04
20101007,1.33,5.4432,1.6315,3.1651,0.52,26.69,27.29,25.83,78.01,2.92,4.17,2.56,100.13
20101008,3.27,4.8641,1.3382,3.0307,0.47,26.92,27.39,26.43,81.83,2.36,3.17,2.06,100.16
20101009,16.79,5.2596,1.7885,2.9966,0.51,26.78,27.39,26.3,83.14,1.88,2.48,1.64,100.14
20101010,14.96,5.6573,2.7878,2.8493,0.55,26.93,27.86,25.94,79.68,1.96,3.35,1.72,100.07
20101011,13.98,6.1663,4.3234,2.4278,0.59,27.04,27.77,26.59,81.19,2.04,3.67,1.77,100.1
20101012,78.46,4.2864,1.0255,2.9102,0.41,27.18,28.15,26.06,77.98,2.82,3.63,2.43,100.17
20101013,30.61,3.3336,0.0072,2.5394,0.32,25.73,26.17,24.93,82.59,3.47,4.39,3.02,100.22
20101014,0.99,6.6684,5.4451,2.4502,0.64,26.49,27.06,25.67,78.08,1.92,3.89,1.65,100.04
20101015,1.18,7.1112,6.8431,1.9426,0.69,27.21,27.84,26.57,80.61,2.83,3.93,2.45,100.01
20101016,1.89,6.6958,5.7984,2.3647,0.65,27.03,27.56,26.45,83.2,3.33,3.67,2.89,100.03
20101017,0.46,6.0442,3.1306,3.3142,0.58,27.06,27.75,26.56,79.89,2.81,3.49,2.45,100.05
20101018,1.11,6.203,3.7594,3.1193,0.6,26.68,27.33,26.14,80.98,2.42,2.69,2.13,100.13
20101019,3.1,6.2717,4.0608,2.8219,0.61,26.84,27.46,26.0,82.09,2.64,4.73,2.3,100.15
20101020,5.78,4.9118,0.5426,3.4747,0.47,26.7,27.12,26.41,82.38,3.5,5.73,3.01,100.15
20101021,0.32,5.5932,2.0858,3.4733,0.54,26.67,27.37,25.91,79.63,2.29,2.83,1.98,100.04
20101022,1.58,6.0058,3.1284,3.023,0.58,27.52,28.24,27.03,75.26,1.79,2.51,1.56,99.95
20101023,20.59,3.8981,0.1956,2.8848,0.38,27.0,27.6,26.16,80.97,3.2,4.88,2.76,100.01
20101024,23.51,4.1448,0.3756,2.9546,0.4,25.56,25.98,25.1,86.15,4.25,4.95,3.7,100.1
20101025,23.07,3.8448,0.2772,2.7701,0.37,25.21,25.71,24.89,82.78,2.54,3.55,2.24,100.18
20101026,13.52,4.0538,0.5455,2.8819,0.39,25.8,26.61,25.07,80.38,2.98,4.09,2.6,100.2
20101027,9.02,4.1724,0.1901,3.1474,0.41,25.55,26.08,24.94,78.93,2.0,3.87,1.77,100.25
20101028,10.35,5.0844,2.4062,2.8294,0.49,26.14,26.77,25.3,76.22,1.75,3.52,1.53,100.14
20101029,17.4,4.0615,1.0366,2.4982,0.4,25.58,26.09,24.97,84.58,4.91,5.89,4.24,100.11
20101030,13.11,4.5396,0.3852,3.3283,0.44,26.22,27.01,25.62,84.63,5.63,6.41,4.76,100.05
20101031,24.58,4.0706,1.2778,2.478,0.4,26.32,27.28,25.15,83.66,6.4,8.22,5.32,100.0
20101101,56.46,4.1006,0.4529,2.8255,0.4,26.5,27.0,26.2,85.28,6.6,7.51,5.44,99.84
20101102,40.28,3.9624,0.5534,2.6945,0.39,26.25,26.83,25.75,84.68,5.25,6.45,4.4,99.94
20101103,26.55,3.486,0.9115,2.4048,0.34,25.94,26.5,25.54,88.08,5.23,7.29,4.39,100.05
20101104,17.94,3.767,0.3343,2.6878,0.37,25.58,26.65,24.91,83.27,2.95,4.33,2.56,100.13
20101105,30.89,5.4626,4.5341,2.0263,0.53,25.99,26.85,24.9,80.89,2.21,3.83,1.95,100.04
20101106,37.13,4.3478,0.1152,3.2959,0.43,25.87,26.47,24.9,86.83,4.76,6.35,4.05,100.04
20101107,11.43,3.9576,0.4034,2.7684,0.39,26.04,26.79,25.41,85.74,5.38,7.09,4.56,100.08
20101108,19.22,4.7803,1.3978,2.821,0.47,25.1,25.59,24.79,87.71,2.5,5.46,2.18,100.16
20101109,13.32,4.2101,0.246,3.1298,0.41,24.94,25.18,24.53,86.29,1.45,2.56,1.27,100.29
20101110,19.51,4.6339,1.9925,2.5764,0.46,25.54,26.31,24.85,85.58,2.66,4.08,2.32,100.26
20101111,25.86,4.5005,0.384,3.294,0.44,25.76,26.34,25.2,88.5,4.63,5.67,3.99,100.09
20101112,10.94,3.4802,0.0605,2.6345,0.34,26.63,27.18,26.34,86.51,7.98,9.02,6.63,99.91
20101113,1.81,4.6426,0.6019,3.4642,0.46,26.53,27.39,26.03,82.75,5.47,7.79,4.65,100.01
20101114,0.91,4.9325,1.3531,2.9815,0.49,27.03,27.79,26.24,80.62,3.09,3.94,2.7,100.08
20101115,11.02,3.96,1.4563,2.3818,0.39,27.69,28.66,26.94,81.08,4.25,5.77,3.65,100.0
20101116,25.49,4.9274,1.3711,3.2412,0.49,27.13,27.36,26.85,83.9,3.75,5.61,3.26,99.95
20101117,25.0,4.122,0.3454,2.988,0.41,25.96,26.66,25.7,86.02,3.4,4.45,2.97,100.07
20101118,5.42,5.1799,2.173,3.0206,0.51,26.47,27.38,25.55,80.7,2.11,3.47,1.85,100.1
20101119,7.26,4.1971,1.1064,2.7816,0.42,26.3,26.98,25.14,84.69,3.63,4.8,3.15,100.07
20101120,10.19,3.4819,0.2018,2.6254,0.35,26.25,26.68,25.69,82.7,2.57,3.46,2.28,99.92
20101121,3.23,5.2699,2.4403,3.2412,0.52,26.82,27.43,25.91,80.6,2.63,3.28,2.32,99.83
20101122,1.18,4.6128,0.6029,3.4219,0.46,26.68,27.25,26.01,81.12,2.42,2.78,2.12,99.83
20101123,2.99,3.1596,0.138,2.4233,0.31,26.33,27.06,25.52,84.64,2.66,4.17,2.32,99.86
20101124,6.69,5.3146,1.9325,3.7416,0.53,26.47,26.91,26.09,84.92,4.13,5.07,3.6,99.95
20101125,6.84,5.0232,1.9322,3.3559,0.5,26.9,27.59,26.34,83.69,2.64,4.58,2.33,99.95
20101126,10.03,4.9668,0.7781,3.6182,0.5,26.3,26.68,25.94,87.68,4.18,5.22,3.64,99.84
20101127,56.08,3.6926,0.4339,2.6383,0.37,25.67,26.12,25.02,86.15,2.14,4.08,1.89,99.88
20101128,25.66,4.2823,0.869,2.8687,0.43,25.82,26.47,25.03,88.38,3.63,4.8,3.18,99.94
20101129,35.65,4.2233,0.4442,2.9434,0.42,26.01,26.23,25.8,87.59,4.56,5.05,3.96,99.92
20101130,10.92,5.016,1.2226,3.5491,0.5,26.49,27.17,25.81,84.61,4.03,4.54,3.51,99.78
20101201,13.76,4.0459,0.3588,3.0252,0.41,26.49,27.25,25.87,82.89,3.2,3.93,2.81,99.78
20101202,2.35,4.7146,2.3102,2.664,0.47,26.53,27.23,25.48,79.55,2.67,3.53,2.34,99.84
20101203,7.7,4.6574,1.5761,2.9302,0.47,26.49,27.15,25.79,81.96,2.59,3.01,2.29,99.86
20101204,22.22,2.657,0.1454,1.9591,0.27,25.77,26.21,25.05,84.72,3.23,4.11,2.85,99.91
20101205,0.83,4.5367,0.5969,3.3986,0.46,26.54,27.09,25.92,80.31,3.63,4.93,3.17,99.83
20101206,7.09,4.7849,1.0495,3.4582,0.48,26.13,26.96,25.56,83.79,2.87,4.53,2.53,99.88
20101207,1.84,5.6023,3.4519,2.724,0.56,26.65,27.38,25.55,75.11,1.24,2.08,1.12,99.92
20101208,2.23,4.7801,0.7675,3.1769,0.48,27.29,28.06,26.76,74.51,1.42,2.36,1.29,99.94
20101209,3.45,4.4254,0.5842,3.283,0.45,26.23,26.79,25.6,82.67,1.64,2.31,1.46,100.05
20101210,5.19,4.163,0.4274,3.0835,0.42,26.56,27.64,25.34,74.36,2.12,3.41,1.86,100.05
20101211,3.59,5.2934,1.8583,3.3494,0.53,27.0,27.87,26.19,76.59,5.57,7.15,4.72,99.99
20101212,8.8,5.1074,3.2378,2.6386,0.51,27.25,28.06,26.58,75.68,5.08,5.91,4.33,99.89
20101213,13.95,3.9456,1.9339,2.3455,0.4,26.8,27.49,25.91,78.11,4.34,5.08,3.75,100.0
20101214,8.58,4.0997,0.7243,2.8418,0.41,26.77,27.74,26.09,78.95,3.44,4.53,3.0,100.01
20101215,15.46,3.7558,0.8741,2.5908,0.38,26.56,27.17,25.87,78.18,3.51,5.6,3.07,100.0
20101216,13.73,3.7375,0.3264,2.647,0.38,26.44,27.27,25.52,76.79,2.95,3.6,2.58,100.04
20101217,3.0,5.1751,1.8043,2.9926,0.52,26.41,27.51,24.8,74.0,1.89,3.03,1.66,100.0
20101218,11.32,5.3146,2.2212,2.898,0.54,26.84,27.7,26.13,78.16,3.12,4.49,2.73,99.99
20101219,3.13,5.2378,2.2898,3.4106,0.53,26.64,27.11,26.15,75.27,1.63,3.33,1.44,100.1
20101220,7.19,5.0014,1.1174,3.6084,0.5,27.11,27.91,25.97,70.62,2.31,3.45,2.05,100.08
20101221,1.8,5.4341,1.8802,3.5546,0.55,26.99,27.56,26.44,77.49,2.92,4.03,2.55,99.9
20101222,3.09,4.5967,0.8311,3.2107,0.46,26.78,27.42,26.24,76.51,1.58,2.66,1.39,99.83
20101223,0.42,5.6774,2.8229,3.3005,0.57,27.13,27.86,26.36,72.07,1.25,1.77,1.12,99.89
20101224,2.74,5.5469,2.5853,3.5496,0.56,27.48,28.35,26.94,68.33,1.18,1.89,1.04,99.88
20101225,12.11,4.5883,1.853,2.6743,0.46,26.73,27.14,26.02,79.31,3.06,3.8,2.7,99.86
20101226,39.37,4.9889,1.9224,3.1003,0.5,26.64,27.58,26.14,82.94,4.63,6.3,3.99,99.9
20101227,22.77,3.8246,0.2964,2.8589,0.39,26.02,26.68,25.56,85.95,5.25,6.21,4.51,99.98
20101228,18.49,3.8412,1.0006,2.7014,0.39,25.82,26.43,25.27,84.98,4.43,5.26,3.86,99.97
20101229,11.65,5.3244,2.8147,3.3223,0.54,25.91,26.85,25.3,83.16,3.43,4.19,3.02,99.98
20101230,3.25,4.6937,0.7615,3.4169,0.47,26.42,27.54,25.09,80.07,2.67,3.39,2.38,99.94
20101231,1.3,4.7323,2.4403,3.0564,0.48,26.84,27.31,26.43,79.65,1.78,2.67,1.63,99.83
20110101,0.39,4.9474,0.6655,3.6874,0.5,26.86,27.42,26.18,79.12,1.31,2.49,1.19,99.79
20110102,3.21,5.3578,2.435,3.1337,0.54,27.16,28.08,26.28,78.33,2.31,3.36,2.04,99.85
20110103,5.73,4.4878,0.4426,3.3622,0.45,25.97,26.65,25.09,82.58,2.0,2.63,1.76,99.98
20110104,3.42,5.6993,3.1418,3.3898,0.57,25.83,26.69,24.79,75.24,1.37,2.91,1.23,99.98
20110105,30.77,4.0637,0.3842,3.0269,0.41,25.91,26.51,25.24,83.84,3.38,4.87,2.98,99.9
20110106,16.99,5.1139,1.1935,3.4325,0.51,26.98,27.83,25.67,74.02,3.67,4.49,3.21,100.0
20110107,1.86,5.053,0.685,3.733,0.51,27.38,27.99,26.57,74.3,2.81,3.38,2.49,99.91
20110108,6.56,4.5804,0.3386,3.4596,0.46,27.62,28.51,26.71,79.69,4.32,5.21,3.76,99.81
20110109,26.87,3.3247,0.1118,2.514,0.33,26.54,27.04,25.98,88.2,6.18,9.58,5.29,99.84
20110110,32.71,3.4166,0.0691,2.5937,0.34,26.59,27.06,26.23,84.02,7.75,9.53,6.51,99.92
20110111,7.5,4.3166,0.4486,3.2227,0.43,26.66,27.22,26.02,82.43,5.73,6.81,4.9,99.92
20110112,3.24,5.2704,3.3082,3.451,0.52,27.43,28.38,26.42,77.15,4.51,4.86,3.88,99.93
20110113,3.63,5.9153,3.8657,2.8212,0.59,27.5,28.23,26.42,78.25,3.97,4.65,3.45,99.95
20110114,11.5,5.2114,1.6495,3.433,0.52,26.86,27.54,25.95,77.06,2.96,4.38,2.63,100.06
20110115,2.81,5.5958,2.0386,3.545,0.56,27.12,27.79,26.21,77.15,2.03,3.12,1.79,100.06
20110116,1.91,4.3824,0.4678,3.1243,0.43,27.21,28.06,26.53,78.35,2.32,4.32,2.07,100.03
20110117,0.55,5.0174,2.6165,2.8524,0.5,27.18,27.92,26.5,78.47,2.57,3.71,2.3,100.04
20110118,1.51,4.9094,2.5582,2.472,0.49,27.08,27.87,26.16,78.26,1.92,3.22,1.74,100.01
20110119,0.32,4.801,1.2523,3.0514,0.47,27.31,27.99,26.73,78.51,2.06,3.01,1.86,99.95
20110120,0.25,4.6879,0.7536,3.2954,0.46,27.35,28.06,26.92,77.32,1.92,3.3,1.72,99.89
20110121,2.01,3.0077,0.1409,2.1898,0.3,27.08,27.44,26.78,79.51,1.73,2.09,1.6,99.91
20110122,0.29,4.6044,2.0062,2.5243,0.45,27.06,27.62,26.45,78.09,1.23,2.95,1.13,99.99
20110123,37.87,3.3036,0.1646,2.4449,0.33,26.93,27.26,26.59,80.62,1.94,3.76,1.78,100.06
20110124,30.05,4.1158,1.6097,2.3304,0.4,26.8,27.72,25.95,77.03,2.37,4.47,2.12,100.05
20110125,7.49,4.0807,0.7661,2.7566,0.4,26.92,28.21,25.86,77.09,1.67,3.26,1.49,100.01
20110126,12.61,2.4456,0.0679,1.8396,0.24,26.54,27.15,26.08,82.3,1.71,2.58,1.56,100.07
20110127,6.97,3.4927,0.3146,2.5697,0.34,26.74,27.71,26.0,81.36,1.49,2.3,1.4,100.06
20110128,22.86,3.8604,0.311,2.8142,0.38,27.53,28.72,26.19,75.27,2.3,3.15,2.01,99.97
20110129,14.18,3.5114,0.2887,2.5495,0.34,27.58,28.31,26.58,74.01,2.17,2.82,1.9,99.96
20110130,12.15,3.2107,0.1404,2.315,0.31,27.0,27.7,26.57,69.93,1.35,2.74,1.2,100.11
20110131,7.65,3.9012,0.0658,2.9695,0.38,27.74,28.82,26.57,70.57,1.48,2.13,1.31,100.01
20110201,5.73,5.2466,2.9909,2.67,0.51,27.6,28.64,26.88,74.83,2.09,3.17,1.85,99.98
20110202,22.57,4.2346,1.8077,2.6532,0.41,26.51,27.04,25.99,82.76,3.57,6.62,3.14,100.02
20110203,27.9,3.4054,0.1082,2.574,0.33,26.62,27.59,25.83,84.5,5.19,7.79,4.49,100.05
20110204,47.5,4.595,1.5178,2.736,0.45,26.87,27.41,26.56,80.41,5.02,6.78,4.34,100.08
20110205,29.02,4.7834,1.5442,3.2532,0.46,26.92,27.43,26.15,77.83,3.57,4.98,3.13,100.08
20110206,0.06,4.7239,0.2422,3.565,0.46,27.66,28.45,27.04,67.42,1.25,2.19,1.12,99.99
20110207,0.0,6.905,6.1608,2.1943,0.67,27.5,28.26,26.91,73.59,2.36,3.73,2.12,99.93
20110208,0.0,6.4438,4.7026,2.9554,0.62,27.15,28.09,26.43,75.88,2.86,4.08,2.56,99.82
20110209,0.82,5.7466,2.171,3.2873,0.55,27.19,27.92,26.51,74.02,2.55,3.47,2.29,99.79
20110210,0.0,7.2245,6.4406,2.1259,0.7,27.39,28.26,26.67,70.5,1.58,2.29,1.43,99.85
20110211,0.0,7.273,6.811,1.89,0.7,27.96,28.7,27.35,65.55,2.05,3.48,1.84,99.93
20110212,0.36,6.6624,5.3081,2.4845,0.64,27.72,28.6,27.11,75.68,2.94,3.65,2.59,99.97
20110213,0.28,5.6671,3.4296,2.6249,0.54,27.63,28.41,26.85,78.94,2.33,3.32,2.11,99.9
20110214,2.13,3.8114,0.5772,2.6498,0.37,27.77,28.41,27.26,79.1,3.29,5.57,2.89,99.88
20110215,3.43,4.8233,0.545,3.3749,0.46,27.03,28.08,25.48,71.55,2.16,4.63,1.93,100.05
20110216,0.31,5.1886,1.7182,3.0427,0.5,27.55,28.1,26.95,77.72,2.79,3.86,2.46,100.12
20110217,0.01,6.1447,3.3972,2.8464,0.59,27.87,28.84,27.21,74.35,2.27,4.3,2.02,100.07
20110218,0.48,5.5942,2.0736,3.4099,0.54,27.46,28.42,26.4,76.53,2.63,4.31,2.31,100.07
20110219,2.94,5.0414,1.2655,3.167,0.48,27.37,28.21,26.4,74.98,3.38,4.83,2.96,100.17
20110220,5.01,4.4189,1.3114,2.8068,0.42,27.52,28.47,26.5,75.8,3.41,4.38,3.0,100.22
20110221,2.85,6.181,3.8462,2.9777,0.59,27.76,28.76,26.16,67.33,2.77,4.51,2.45,100.12
20110222,10.4,4.5475,1.6663,2.6434,0.43,27.53,28.18,26.83,76.51,2.31,3.34,2.08,100.09
20110223,0.4,5.8565,3.3545,2.9402,0.56,26.78,27.21,26.06,82.29,1.51,2.13,1.33,100.1
20110224,1.46,5.6378,1.6234,3.6209,0.54,27.49,28.25,26.82,78.25,2.01,3.33,1.78,100.01
20110225,0.0,6.5249,5.2483,2.4504,0.62,27.35,28.01,26.9,76.76,2.35,3.66,2.1,99.9
20110226,26.7,4.6514,0.9086,3.0804,0.44,27.11,27.64,26.6,81.01,3.42,4.11,3.0,99.92
20110227,46.29,3.7675,0.1841,2.7631,0.36,26.41,27.01,25.88,86.95,5.33,7.4,4.58,100.0
20110228,63.11,3.997,0.2995,2.88,0.38,25.89,26.16,25.54,83.64,3.98,6.65,3.48,100.14
20110301,27.31,4.6966,0.5009,3.3708,0.45,26.39,27.03,25.47,75.29,1.63,2.57,1.46,100.12
20110302,0.12,5.917,3.2412,2.8637,0.56,27.09,27.6,26.33,75.21,1.62,2.16,1.45,99.98
20110303,2.4,5.6362,2.1785,3.3528,0.54,27.25,27.86,26.83,79.0,2.61,3.6,2.29,100.05
20110304,2.84,6.174,3.6482,2.9642,0.59,27.01,27.51,26.61,79.69,1.98,3.32,1.76,100.01
20110305,4.71,5.605,2.0597,3.2376,0.53,27.14,28.04,26.43,77.26,1.9,2.82,1.69,99.99
20110306,2.41,4.9318,1.6231,2.8855,0.47,26.9,27.44,26.28,80.57,2.0,3.21,1.78,100.09
20110307,5.27,4.9042,2.0297,3.3398,0.47,27.07,27.87,26.12,81.02,2.67,2.88,2.37,100.11
20110308,6.19,5.1754,2.8757,2.5411,0.49,26.59,27.84,25.21,76.85,2.44,3.74,2.15,100.1
20110309,6.38,5.6899,2.6808,3.613,0.54,26.99,27.46,26.25,78.23,2.31,3.55,2.03,100.06
20110310,10.78,5.5882,1.8084,3.5429,0.53,26.41,27.05,25.79,81.53,2.41,3.58,2.14,100.07
20110311,7.41,4.4038,0.4075,3.2266,0.42,26.29,26.79,25.76,83.81,3.39,4.01,2.99,100.07
20110312,2.61,5.5927,1.9668,3.4534,0.53,27.27,28.31,25.91,78.3,3.3,4.35,2.9,100.0
20110313,3.22,5.2543,1.8178,3.077,0.5,27.77,28.4,27.21,74.9,4.46,5.25,3.88,99.96
20110314,38.33,3.2753,0.2134,2.3018,0.31,27.74,28.44,26.91,74.21,3.3,4.35,2.9,99.95
20110315,24.9,4.259,0.0979,3.1908,0.41,27.31,27.79,27.0,78.05,2.37,3.12,2.08,99.93
20110316,40.09,4.2118,1.3308,2.4682,0.4,27.24,27.63,26.7,76.57,2.76,4.68,2.39,99.86
20110317,19.6,4.9553,0.8018,3.283,0.47,27.57,28.52,26.15,69.18,1.47,2.87,1.29,99.89
20110318,1.99,5.7607,3.5978,2.3422,0.55,28.24,29.21,27.48,70.29,1.39,3.0,1.26,99.87
20110319,14.51,3.8179,0.8141,2.3057,0.36,27.42,27.99,26.61,79.71,2.55,3.6,2.27,99.91
20110320,13.39,3.4601,0.3398,2.5414,0.33,26.47,26.82,25.92,79.09,1.9,3.07,1.69,99.97
20110321,2.66,4.9668,1.4342,3.2177,0.47,27.2,27.65,26.75,76.33,2.68,4.23,2.36,99.99
20110322,11.96,2.9935,0.2806,2.1646,0.29,26.82,27.26,26.23,78.21,3.54,5.28,3.12,100.1
20110323,6.87,5.3191,2.1866,2.8294,0.51,27.47,28.32,26.65,75.64,2.92,3.95,2.57,100.03
20110324,5.44,4.6248,1.4117,2.7991,0.44,27.63,28.35,26.67,73.51,4.67,6.04,4.01,100.08
20110325,27.49,4.7496,1.7393,2.7718,0.45,26.85,27.6,25.92,80.15,5.46,6.13,4.69,100.15
20110326,18.56,3.8009,0.065,2.881,0.36,27.02,27.43,26.63,82.29,5.29,6.98,4.54,100.1
20110327,9.72,5.3681,2.8126,3.0432,0.51,27.5,28.01,26.75,80.65,5.63,6.04,4.8,100.01
20110328,6.96,4.411,0.3072,3.2861,0.42,27.68,28.03,27.02,81.25,4.79,5.61,4.11,100.01
20110329,14.4,4.121,0.8304,2.9698,0.4,27.66,28.32,26.98,81.03,5.22,6.42,4.45,100.09
20110330,9.92,5.0606,0.7886,3.69,0.49,27.46,28.16,26.77,80.98,5.18,6.49,4.41,100.13
20110331,4.92,4.596,0.4874,3.359,0.44,27.65,28.17,27.17,80.97,5.58,6.36,4.74,100.14
20110401,4.61,4.6728,0.6389,3.2194,0.45,27.37,27.82,27.05,80.17,3.26,4.11,2.85,100.13
20110402,6.21,5.2644,1.5442,3.445,0.51,27.43,27.91,27.07,77.63,2.86,4.21,2.51,100.12
20110403,3.42,4.9954,0.6202,3.637,0.48,27.39,27.9,26.88,80.47,3.48,4.28,3.03,100.1
20110404,2.99,5.9419,2.7845,3.0173,0.58,27.15,27.46,26.8,81.26,2.57,4.37,2.25,100.15
20110405,2.27,5.065,1.3526,3.3528,0.49,27.57,28.18,26.89,72.37,0.97,1.71,0.86,100.17
20110406,0.99,6.2119,4.314,2.4134,0.6,27.88,28.58,27.47,69.9,1.07,2.14,0.95,100.15
20110407,2.26,4.4486,0.5244,3.1116,0.43,27.26,27.58,26.99,79.36,2.08,2.95,1.83,100.14
20110408,24.02,3.9132,0.246,2.8318,0.38,26.65,27.24,26.45,84.98,3.71,4.36,3.24,100.15
20110409,29.55,3.5414,0.2366,2.5762,0.35,26.45,26.85,26.06,81.31,4.72,6.24,4.1,100.24
20110410,3.24,4.6277,2.0333,2.6045,0.45,27.01,28.03,26.0,76.26,2.55,3.74,2.26,100.23
20110411,1.77,5.1168,1.386,3.0348,0.5,26.98,27.3,26.46,82.87,3.25,3.79,2.86,100.08
20110412,1.25,5.4468,3.6924,2.3251,0.53,27.73,28.57,27.12,78.98,3.34,4.06,2.95,100.03
20110413,2.45,5.3126,2.3198,2.7391,0.52,27.71,28.68,26.75,81.12,3.58,4.08,3.13,100.03
20110414,1.56,5.9275,4.8665,2.0359,0.58,27.52,28.17,27.01,82.1,3.64,4.36,3.19,99.95
20110415,4.65,5.003,2.4427,2.6664,0.49,27.4,27.89,26.85,81.82,2.94,4.68,2.58,99.94
20110416,8.4,4.3726,0.9461,2.8704,0.43,26.09,26.81,25.57,82.35,2.55,4.29,2.21,100.15
20110417,11.43,5.4425,3.6166,2.1502,0.54,27.15,28.01,26.24,77.18,2.01,3.64,1.76,100.12
20110418,7.73,3.6401,0.4493,2.4158,0.36,26.85,27.34,26.21,82.92,4.03,4.72,3.52,100.05
20110419,2.64,6.0468,4.0198,2.5522,0.6,27.54,28.15,26.88,78.03,2.42,3.43,2.17,99.93
20110420,11.7,5.0141,1.7028,2.9016,0.5,27.45,28.14,26.7,78.34,2.24,3.15,2.0,100.0
20110421,9.78,5.1775,3.3823,2.2846,0.52,27.05,27.29,26.66,80.86,2.03,3.49,1.78,100.04
20110422,1.61,4.8698,3.4985,2.1103,0.49,27.37,28.02,26.74,80.14,2.36,3.18,2.08,99.9
20110423,3.47,4.8785,1.7167,2.8481,0.49,27.38,27.6,27.02,82.2,2.76,4.07,2.43,99.84
20110424,4.96,3.8146,0.3722,2.795,0.38,27.07,27.53,26.34,81.7,2.15,3.06,1.87,99.87
20110425,12.04,4.4086,1.625,2.4403,0.44,27.44,28.61,26.35,80.38,2.61,5.04,2.28,99.88
20110426,12.19,4.721,2.3318,2.3402,0.47,26.36,27.07,26.11,84.82,2.46,4.42,2.17,99.98
20110427,2.38,4.8077,2.0851,2.6014,0.48,27.02,27.59,26.23,81.44,2.25,3.04,1.99,99.87
20110428,3.45,5.179,2.2786,2.7646,0.52,27.33,27.85,26.59,81.31,2.23,3.83,1.96,99.76
20110429,69.46,3.9317,0.9024,2.5937,0.4,26.5,27.12,26.2,89.17,4.01,4.84,3.48,99.83
20110430,41.91,4.1784,0.4819,3.0096,0.42,26.88,27.22,26.29,87.99,5.53,6.71,4.73,100.0
20110501,5.8,4.9171,1.2398,3.3178,0.5,27.02,27.64,26.48,80.39,3.29,6.48,2.89,100.07
20110502,2.82,5.3357,1.8031,3.5417,0.54,27.56,28.34,26.44,79.43,4.04,6.45,3.5,100.0
20110503,1.94,5.6213,4.1657,2.113,0.57,26.7,27.73,25.1,74.78,2.74,5.47,2.43,100.08
20110504,5.91,5.5699,3.7778,2.7473,0.57,27.57,28.19,26.92,81.09,2.53,3.66,2.25,100.01
20110505,5.18,5.7804,3.8885,2.515,0.59,28.07,28.78,27.44,82.42,4.21,4.97,3.65,99.99
20110506,1.88,4.9721,1.4477,3.0943,0.51,27.84,28.37,27.18,84.55,4.45,6.14,3.83,100.03
20110507,0.57,5.5027,5.0988,1.8103,0.56,28.1,28.59,27.66,82.79,4.31,5.08,3.71,100.0
20110508,0.07,6.1102,6.497,1.476,0.63,28.12,28.63,27.69,78.52,3.49,4.53,3.02,100.0
20110509,0.07,6.1454,6.0046,1.7393,0.63,27.89,28.46,27.24,77.08,1.69,2.38,1.49,100.06
20110510,0.01,5.5488,2.8675,3.6425,0.57,27.65,28.33,27.0,79.1,1.81,2.52,1.61,100.09
20110511,0.03,6.0254,5.4058,1.8941,0.62,28.1,28.82,27.52,76.63,1.74,2.53,1.53,100.01
20110512,2.42,5.256,2.1634,3.2926,0.54,27.79,28.28,27.32,78.99,1.94,2.71,1.7,100.04
20110513,1.06,5.2318,2.5946,2.881,0.54,27.7,28.35,27.13,79.72,2.08,3.4,1.83,99.99
20110514,2.17,5.2642,2.5632,2.9767,0.55,27.46,28.34,26.55,82.65,3.04,3.85,2.69,100.03
20110515,0.65,5.425,3.7711,2.3177,0.57,27.54,28.0,26.92,82.98,3.19,4.14,2.8,100.15
20110516,4.17,4.3898,2.4677,2.2063,0.46,27.98,28.89,27.18,82.19,4.02,5.19,3.51,100.18
20110517,6.78,3.3581,0.4282,2.4175,0.35,27.57,27.95,27.02,82.51,4.67,5.64,4.04,100.09
20110518,2.71,3.8923,1.367,2.3124,0.41,26.47,27.21,25.17,79.02,2.18,4.65,1.95,100.15
20110519,4.16,5.3045,3.479,2.2116,0.56,27.64,28.01,27.1,78.02,2.19,3.88,1.94,100.15
20110520,8.15,4.5398,2.3878,2.3141,0.48,27.39,27.84,26.87,81.47,2.53,4.68,2.21,100.03
20110521,11.61,4.8074,2.9515,2.1667,0.51,27.6,28.63,26.5,75.28,1.42,2.12,1.31,100.0
20110522,2.27,5.3712,4.3183,1.9526,0.57,27.33,28.22,26.49,83.03,2.14,2.71,1.91,100.0
20110523,2.22,4.8828,2.3621,2.8555,0.52,27.19,27.94,26.55,82.94,1.81,2.8,1.6,100.01
20110524,1.75,4.1023,1.2638,2.6882,0.43,27.36,27.74,27.04,83.74,2.49,3.15,2.17,99.94
20110525,3.45,3.7217,0.1411,2.7979,0.4,27.5,28.25,26.84,82.29,2.72,3.35,2.4,99.92
20110526,6.91,5.0316,2.7701,2.6194,0.53,27.72,28.23,27.26,82.2,2.58,3.38,2.24,99.9
20110527,13.39,4.3651,1.0877,2.9374,0.46,27.58,27.99,27.24,79.8,2.12,2.6,1.85,99.96
20110528,2.99,4.5216,2.261,2.4905,0.48,27.53,28.21,26.9,77.1,1.64,2.22,1.43,100.0
20110529,0.33,5.1734,3.0821,2.6506,0.55,27.86,28.7,27.17,74.61,1.55,2.76,1.35,100.07
20110530,10.6,5.4514,3.8222,2.159,0.58,27.4,28.1,26.81,80.18,2.14,3.08,1.87,100.1
20110531,16.45,3.5002,0.4445,2.5565,0.37,27.02,27.63,26.29,82.7,2.27,3.68,2.0,99.99
20110601,2.06,3.9665,0.4454,2.9369,0.43,27.24,28.13,26.09,80.94,1.79,2.29,1.6,99.96
20110602,6.81,4.1023,1.3325,2.3647,0.44,27.52,28.38,26.93,82.79,2.42,3.93,2.18,99.98
20110603,13.03,4.3766,2.4816,2.2822,0.47,27.19,28.05,26.47,84.35,4.11,5.52,3.59,100.01
20110604,51.12,4.2216,0.647,3.0271,0.45,27.62,28.4,26.81,83.67,4.5,5.8,3.89,99.97
20110605,17.22,4.2504,1.6778,2.4355,0.46,26.8,27.31,26.2,77.63,1.87,4.85,1.62,100.11
20110606,0.17,4.7753,1.7902,2.8824,0.52,28.04,29.49,26.68,71.42,3.07,3.86,2.69,100.03
20110607,0.47,5.4871,4.2754,2.1619,0.59,28.19,28.83,27.51,78.21,2.76,3.33,2.45,100.04
20110608,1.37,5.1475,2.9311,2.6393,0.56,28.02,28.39,27.79,80.8,2.93,3.26,2.59,100.07
20110609,1.47,4.9651,2.1216,2.7912,0.54,27.78,28.29,27.32,79.94,2.4,3.42,2.11,100.01
20110610,5.23,5.111,3.8563,1.9126,0.55,27.35,27.67,26.98,81.37,2.0,2.5,1.77,99.98
20110611,7.81,4.2521,1.2667,2.7535,0.46,27.45,27.82,27.16,79.83,2.32,3.83,2.04,100.03
20110612,0.2,5.7895,5.6105,1.7282,0.63,27.55,28.35,26.92,76.69,1.41,2.15,1.24,100.05
20110613,1.98,3.8585,1.5826,2.1204,0.42,27.22,27.53,26.88,79.02,1.54,2.02,1.36,100.11
20110614,2.34,5.5387,4.481,2.2387,0.6,27.57,28.29,26.76,77.84,1.86,3.28,1.63,100.12
20110615,0.77,5.7408,5.4139,1.8526,0.62,27.52,27.93,27.12,79.76,2.24,2.97,1.97,100.13
20110616,0.33,4.8386,1.9116,2.7079,0.53,27.54,28.19,27.06,80.53,2.56,4.09,2.28,100.14
20110617,5.56,5.3683,4.4803,1.9301,0.58,27.1,27.48,26.71,80.78,1.76,2.66,1.56,100.12
20110618,2.39,4.9706,2.6323,2.591,0.54,27.15,27.77,26.68,82.24,1.84,3.18,1.63,100.02
20110619,1.87,4.7827,3.7694,2.029,0.52,27.7,28.28,26.81,81.2,3.77,4.84,3.28,99.97
20110620,1.76,4.4784,3.2851,1.9286,0.49,28.06,28.65,27.6,80.05,3.66,4.17,3.2,99.96
20110621,6.83,4.9426,3.0946,2.2548,0.54,28.1,28.88,27.7,79.28,2.56,3.81,2.26,99.97
20110622,32.43,4.0963,1.9306,2.3597,0.45,27.41,27.77,26.77,84.28,3.82,4.84,3.32,99.92
20110623,4.49,4.9906,3.1853,2.3693,0.54,27.05,28.01,26.4,85.13,4.66,6.38,4.03,99.89
20110624,9.21,4.8922,3.3667,2.4312,0.53,27.13,27.74,26.75,82.92,2.4,5.46,2.11,99.85
20110625,11.55,4.0315,0.8417,2.8003,0.44,27.16,27.82,26.34,76.61,2.04,3.78,1.81,99.89
20110626,6.75,3.654,2.2246,2.1475,0.4,27.84,28.77,27.26,77.32,2.49,5.84,2.19,99.88
20110627,4.12,5.3206,3.816,2.7648,0.58,27.57,28.25,26.75,81.57,4.12,5.71,3.6,99.99
20110628,44.65,4.7453,2.0074,2.6897,0.52,26.87,27.39,26.66,80.03,1.72,2.59,1.52,100.07
20110629,42.7,3.4255,0.505,2.3455,0.37,26.54,26.81,26.22,82.48,2.28,3.31,2.01,100.13
20110630,0.4,3.9636,0.6574,2.7223,0.43,26.89,28.14,25.74,76.8,2.37,2.95,2.12,100.14
20110701,0.0,5.7343,4.4234,2.2385,0.62,27.85,28.59,27.31,72.22,1.99,2.43,1.77,100.06
20110702,0.0,6.2434,6.072,1.806,0.68,27.52,28.09,26.7,75.34,2.2,3.16,1.94,100.04
20110703,1.9,5.6662,5.1758,1.9241,0.62,27.73,28.44,27.02,72.38,1.77,3.2,1.54,100.09
20110704,0.01,5.5985,4.4472,2.1734,0.61,27.98,28.71,27.41,72.65,1.96,2.96,1.74,100.14
20110705,0.0,5.8003,5.0023,2.1528,0.63,27.57,28.49,27.07,78.63,2.53,3.11,2.26,100.08
20110706,0.0,5.8166,5.3933,1.8842,0.63,27.45,28.11,26.74,78.11,1.57,2.41,1.4,100.03
20110707,0.52,4.6306,2.3628,2.4264,0.5,27.29,27.54,27.02,78.53,1.43,2.02,1.26,100.1
20110708,0.25,5.0273,3.9036,1.999,0.54,27.59,28.3,26.95,74.53,1.38,2.58,1.22,100.15
20110709,0.19,5.0405,3.5654,2.1629,0.55,27.3,27.81,26.9,79.37,1.8,2.57,1.58,100.08
20110710,4.66,4.0507,0.9331,2.5721,0.44,27.72,28.3,26.88,76.47,3.31,4.36,2.88,100.0
20110711,71.9,3.0108,0.475,2.1065,0.32,26.91,27.76,26.28,80.05,2.82,4.77,2.45,99.97
20110712,44.87,3.4025,0.1776,2.5157,0.37,26.24,26.68,25.92,83.86,2.69,3.37,2.38,99.89
20110713,3.16,4.8019,3.0367,2.4461,0.52,26.8,27.58,25.75,80.47,2.6,3.62,2.3,99.92
20110714,0.64,5.244,4.4875,2.1554,0.56,27.61,28.58,26.65,80.36,2.94,3.72,2.61,99.93
20110715,3.26,4.4462,2.4437,2.3419,0.48,26.78,27.63,26.31,82.58,3.13,4.87,2.74,100.07
20110716,2.68,4.0255,0.3014,3.03,0.43,26.37,27.33,25.64,82.09,2.6,4.59,2.28,100.1
20110717,0.49,4.4779,1.836,2.5735,0.48,27.83,28.62,27.12,76.29,2.98,4.13,2.64,99.97
20110718,0.49,5.3796,4.5329,1.9404,0.58,27.73,28.39,26.99,82.33,2.87,3.56,2.54,99.96
20110719,0.63,5.3326,4.7443,1.8312,0.57,27.73,28.22,27.23,82.38,3.14,3.78,2.76,100.04
20110720,0.5,5.5474,4.5763,2.1518,0.59,27.56,28.08,26.93,82.89,3.51,4.32,3.04,100.05
20110721,0.04,5.3561,4.6493,1.9133,0.57,27.34,27.76,26.69,82.41,2.87,3.38,2.52,100.03
20110722,0.05,4.6942,1.7518,2.9422,0.5,27.25,27.6,27.01,80.47,2.92,3.71,2.55,100.01
20110723,0.58,5.0983,3.6082,2.1936,0.54,26.82,27.17,26.53,82.54,2.63,3.31,2.31,100.04
20110724,1.45,5.3218,3.9862,2.0462,0.56,27.2,27.86,26.59,82.52,2.48,2.8,2.18,99.97
20110725,0.92,5.3592,2.7326,2.9556,0.57,27.43,27.92,26.81,80.55,2.93,3.4,2.57,100.02
20110726,0.76,5.4518,3.4685,2.5754,0.58,27.37,28.03,26.91,79.52,2.04,2.84,1.82,100.06
20110727,0.4,5.7348,4.5247,2.1619,0.61,26.86,27.32,26.54,80.34,1.49,2.55,1.3,100.06
20110728,0.37,4.95,1.8528,3.0713,0.52,26.76,27.53,25.98,80.43,2.81,3.8,2.48,100.04
20110729,1.52,4.8739,2.021,2.8541,0.51,27.46,28.46,26.66,77.38,2.58,4.3,2.3,99.93
20110730,2.12,4.9452,2.155,2.8015,0.52,27.84,28.4,27.29,79.21,5.19,5.65,4.44,99.82
20110731,0.08,4.6618,1.0637,3.2026,0.49,27.84,28.73,27.13,78.61,3.83,4.74,3.33,99.79
20110801,1.09,4.9018,2.8387,2.5426,0.51,27.89,28.84,26.73,76.34,2.47,4.16,2.17,99.85
20110802,4.82,4.7587,2.7929,2.3292,0.5,28.03,28.88,27.43,76.06,2.55,4.01,2.25,100.04
20110803,3.87,4.3961,2.4142,2.2471,0.46,27.23,27.53,26.9,78.07,1.57,3.9,1.38,100.12
20110804,8.4,2.5118,0.2575,1.7078,0.26,26.8,27.39,26.12,79.66,1.52,2.84,1.37,100.14
20110805,0.63,4.2365,1.3104,2.5766,0.44,26.83,27.95,25.49,74.9,3.23,4.04,2.84,100.09
20110806,1.6,5.4461,3.6881,2.3141,0.57,27.21,28.03,26.57,80.29,3.49,4.3,3.06,99.93
20110807,6.17,3.5249,0.1406,2.658,0.37,27.03,27.7,26.64,80.7,2.42,4.09,2.14,100.0
20110808,2.02,5.5241,3.7418,2.357,0.57,26.91,27.29,26.39,81.44,3.18,3.65,2.79,100.1
20110809,1.65,5.1382,3.6398,2.1965,0.53,27.27,28.04,26.42,80.93,2.84,3.24,2.51,100.04
20110810,6.54,4.9339,3.408,2.0256,0.51,27.05,27.53,26.61,85.51,3.32,4.42,2.87,100.03
20110811,2.29,5.4372,3.8513,2.2649,0.56,27.09,27.89,26.36,82.79,2.05,2.84,1.79,99.97
20110812,1.78,5.143,3.0751,2.4456,0.53,27.1,27.65,26.54,84.9,3.22,6.37,2.8,99.76
20110813,6.04,3.5693,0.4918,2.3338,0.37,26.8,27.26,26.33,88.13,5.12,7.37,4.38,99.85
20110814,12.31,3.4666,0.5081,2.508,0.35,26.26,26.61,25.48,86.49,4.49,6.38,3.88,100.07
20110815,3.21,4.1878,0.5774,3.0036,0.43,25.63,26.86,24.58,84.05,2.02,2.93,1.8,100.15
20110816,6.97,4.4681,1.4671,2.6527,0.46,26.97,27.58,26.36,82.28,1.34,1.84,1.19,100.02
20110817,5.58,4.5478,1.7736,2.5219,0.46,27.71,28.94,26.6,77.49,1.99,3.73,1.78,99.95
20110818,6.86,4.9342,3.3434,2.1835,0.5,27.93,28.97,26.99,79.35,2.4,3.48,2.17,99.93
20110819,8.47,4.3164,1.4398,2.4542,0.44,27.6,28.14,27.12,84.04,2.83,3.22,2.56,99.94
20110820,8.86,3.3403,0.1596,2.4077,0.34,27.23,28.29,26.38,83.17,3.46,5.13,3.01,100.06
20110821,2.3,5.6201,3.8479,2.3455,0.57,27.75,28.88,26.89,76.26,2.63,4.17,2.31,100.07
20110822,3.57,5.527,4.0262,2.1638,0.56,27.66,28.46,27.0,82.11,5.55,6.65,4.73,100.07
20110823,1.07,4.8108,1.537,2.7454,0.48,27.39,28.12,26.49,80.73,3.98,5.22,3.48,100.06
20110824,23.45,3.7514,1.3277,2.039,0.38,26.82,27.12,26.55,86.89,5.59,6.8,4.78,99.96
20110825,21.41,4.2132,1.495,2.4281,0.42,26.76,27.09,26.32,86.67,4.96,6.41,4.26,99.94
20110826,3.26,4.0344,0.9245,2.7127,0.4,26.82,27.27,26.38,81.98,4.75,5.57,4.09,100.06
20110827,0.24,3.9298,0.5664,2.8546,0.39,26.5,27.21,25.76,77.16,3.25,5.57,2.84,100.12
20110828,0.05,4.5994,0.917,3.3053,0.46,26.8,27.66,26.13,76.58,2.87,3.43,2.52,100.1
20110829,0.93,3.4769,0.0876,2.603,0.35,26.3,26.79,25.55,77.89,1.85,3.24,1.62,100.24
20110830,1.88,4.6015,0.7166,3.1718,0.46,27.06,27.54,26.35,74.14,2.6,3.42,2.29,100.2
20110831,3.63,4.626,1.9229,2.4158,0.46,27.59,28.21,27.0,77.05,2.8,3.76,2.45,100.06
20110901,2.15,5.0604,2.6834,2.4766,0.5,27.62,28.36,26.96,82.45,4.16,4.6,3.61,99.97
20110902,21.11,3.311,0.2045,2.3609,0.33,26.73,27.34,25.46,86.37,4.41,7.13,3.81,100.01
20110903,4.04,4.8958,1.8854,2.6513,0.48,26.62,27.54,25.63,83.28,3.62,4.2,3.18,100.08
20110904,2.21,4.8305,2.3059,2.4938,0.48,27.78,28.93,26.97,80.3,3.69,4.89,3.23,100.05
20110905,1.98,4.6644,2.2987,2.2682,0.46,27.71,28.7,26.91,81.4,3.24,4.8,2.84,100.09
20110906,1.76,5.4514,3.2446,2.5738,0.54,27.8,28.44,27.19,81.62,4.53,5.77,3.92,100.03
20110907,12.63,3.8724,0.6552,2.5411,0.38,27.31,28.39,26.63,82.04,3.81,4.81,3.33,100.1
20110908,9.32,3.7116,0.5652,2.5853,0.36,26.62,27.24,26.21,82.51,3.25,4.5,2.85,100.13
20110909,5.46,4.1861,1.1062,2.5668,0.41,26.81,27.53,26.33,83.91,5.12,6.24,4.4,100.05
20110910,13.41,1.1707,0.0245,0.8765,0.11,26.22,26.44,26.02,84.19,5.85,6.7,4.99,100.08
20110911,13.26,3.3499,0.4106,2.3006,0.33,26.36,26.88,25.85,83.08,3.87,5.98,3.38,100.0
20110912,4.07,3.523,0.1322,2.6479,0.34,26.7,27.3,25.8,82.87,2.39,3.24,2.13,100.03
20110913,2.81,4.218,1.5338,2.2942,0.41,27.42,28.38,26.61,83.34,3.57,4.5,3.13,99.96
20110914,26.21,2.334,0.2266,1.5833,0.23,26.8,27.38,26.22,83.85,3.35,4.55,2.96,100.12
20110915,2.16,4.4446,1.1158,2.856,0.43,25.83,26.23,25.41,86.37,2.95,4.08,2.61,100.16
20110916,8.35,4.4731,0.997,3.0382,0.44,26.14,26.78,25.46,88.85,4.61,6.69,3.98,100.12
20110917,11.69,4.6003,2.3681,2.2409,0.45,26.3,26.72,25.76,89.4,4.94,5.95,4.24,100.03
20110918,6.8,3.4764,0.6962,2.2082,0.34,25.94,26.3,25.57,90.16,5.71,6.14,4.87,100.09
20110919,8.84,2.9417,0.1536,2.1132,0.29,25.3,25.49,25.13,87.22,3.44,6.03,2.99,100.27
20110920,28.46,3.0156,0.3526,2.0978,0.29,25.73,26.29,25.02,89.43,4.48,5.33,3.87,100.27
20110921,25.0,4.6318,2.3227,2.3532,0.45,25.61,25.97,25.31,89.27,3.83,5.17,3.31,100.26
20110922,7.88,3.2566,0.4013,2.3964,0.32,25.96,27.19,25.1,85.7,3.34,5.41,2.9,100.27
20110923,1.34,5.2906,2.8726,2.5692,0.51,26.32,26.98,25.45,85.77,2.94,4.11,2.59,100.13
20110924,4.18,4.0495,1.547,2.285,0.39,26.18,26.71,25.73,86.97,3.17,4.05,2.81,100.12
20110925,5.15,4.0104,1.2022,2.2526,0.39,26.09,26.86,25.35,87.6,3.64,4.28,3.18,100.2
20110926,15.7,4.1753,0.4894,3.035,0.4,26.31,27.04,25.85,86.42,3.58,4.54,3.1,100.23
20110927,7.13,4.2406,0.593,3.0823,0.41,25.73,26.33,25.19,86.59,3.03,4.0,2.66,100.22
20110928,3.19,6.0619,5.0537,2.335,0.59,26.3,27.07,25.11,81.3,3.19,4.32,2.74,100.17
20110929,0.5,5.3671,2.2723,3.0787,0.52,26.37,27.0,25.78,81.39,3.91,4.7,3.37,100.14
20110930,0.73,4.879,1.457,3.019,0.47,26.39,27.3,25.79,79.39,3.5,4.09,3.04,100.14
20111001,0.04,5.0688,1.7645,2.9798,0.49,26.37,26.98,25.81,79.88,3.27,3.73,2.85,100.13
20111002,0.23,5.8032,3.3622,3.6326,0.56,26.52,27.06,25.87,79.37,3.05,3.58,2.67,100.13
20111003,0.99,5.1286,2.2822,2.7278,0.49,26.84,27.37,26.17,80.85,3.3,4.18,2.86,100.09
20111004,9.88,3.5818,0.101,2.6902,0.35,26.44,26.94,25.94,83.03,2.53,4.54,2.22,100.12
20111005,10.79,3.5501,0.1166,2.6604,0.34,26.12,26.91,25.44,83.57,1.42,2.85,1.25,100.22
20111006,0.11,5.5394,2.2819,3.349,0.53,26.38,27.21,25.5,77.77,1.03,2.0,0.9,100.28
20111007,2.46,6.1442,3.8237,2.8906,0.59,26.75,27.53,26.24,79.15,1.58,2.92,1.4,100.25
20111008,23.34,4.0279,1.1494,2.5889,0.39,26.17,26.69,25.77,83.91,2.84,3.64,2.49,100.26
20111009,6.35,5.081,1.2542,3.3048,0.49,26.35,27.27,25.38,82.59,3.36,4.5,2.95,100.24
20111010,1.73,5.9256,2.9287,3.2405,0.57,26.93,27.74,26.33,78.99,2.47,3.77,2.19,100.25
20111011,4.77,5.2805,1.4398,3.5081,0.51,26.63,27.34,25.8,80.64,1.95,2.65,1.74,100.26
20111012,0.62,5.8692,3.1378,2.863,0.57,26.85,27.51,26.47,78.0,1.31,2.18,1.15,100.23
20111013,1.46,5.6314,3.0451,2.533,0.54,26.8,27.63,26.32,78.65,1.37,2.37,1.21,100.11
20111014,4.28,4.0246,1.2511,2.3964,0.39,26.76,27.48,25.93,83.74,3.34,4.72,2.92,100.07
20111015,4.21,5.0666,2.6227,2.5452,0.49,27.57,28.81,26.52,83.99,3.38,4.47,2.93,99.96
20111016,3.28,5.2886,2.6686,2.7643,0.51,27.43,28.1,26.88,84.2,2.35,3.92,2.11,99.91
20111017,5.19,5.0203,2.7209,2.581,0.48,27.37,28.25,26.58,84.65,2.12,3.24,1.9,99.9
20111018,12.98,4.961,1.6003,3.4872,0.48,27.06,27.96,26.13,84.23,2.16,3.39,1.95,99.93
20111019,30.3,4.7122,1.8799,3.168,0.46,26.08,26.94,25.48,88.08,3.86,5.52,3.38,99.86
20111020,19.63,4.603,1.6793,2.5438,0.44,25.68,25.95,25.42,89.21,3.99,6.01,3.44,99.88
20111021,27.04,4.4074,0.6708,2.8949,0.43,25.98,26.33,25.57,86.05,3.84,4.73,3.35,99.96
20111022,8.34,5.2378,1.5888,3.0785,0.51,26.06,26.41,25.62,82.84,2.23,2.76,2.0,99.91
20111023,4.58,5.167,1.6452,2.9686,0.5,27.05,28.01,25.98,79.69,1.75,2.99,1.61,99.88
20111024,15.26,3.354,1.0039,2.1242,0.32,27.41,28.46,26.67,80.6,1.65,3.47,1.51,99.83
20111025,6.12,5.1463,2.1338,2.8142,0.5,27.19,27.98,26.54,82.06,1.78,3.22,1.62,99.81
20111026,37.19,3.7085,0.6929,2.5997,0.36,27.03,28.1,26.28,85.64,2.35,3.45,2.14,99.78
20111027,17.1,4.7587,0.9749,3.2868,0.46,26.02,26.23,25.51,89.87,2.4,3.87,2.13,99.88
20111028,13.8,5.6052,2.611,3.0106,0.54,26.55,27.45,25.46,82.85,2.12,3.06,1.93,99.87
20111029,9.07,4.2384,1.657,2.3736,0.41,26.73,27.82,26.0,85.26,2.06,3.84,1.9,99.72
20111030,14.59,4.837,3.6996,2.2795,0.47,26.82,27.55,26.29,84.34,2.42,4.62,2.2,99.71
20111031,17.91,3.455,0.1181,2.5622,0.34,26.31,26.97,25.83,87.01,2.96,4.33,2.63,99.75
20111101,20.98,5.0326,1.7933,3.1291,0.49,25.84,26.16,25.35,85.37,2.37,3.26,2.09,99.86
20111102,80.42,3.3967,0.2582,2.3789,0.33,25.36,25.91,24.72,86.89,2.28,3.35,2.0,99.87
20111103,96.11,3.6233,0.174,2.7403,0.35,25.58,26.4,24.54,88.4,4.52,7.1,3.86,99.95
20111104,37.2,3.307,0.0182,2.5133,0.32,25.85,26.62,24.98,84.41,3.31,4.45,2.87,100.11
20111105,16.7,3.0535,0.1884,2.2433,0.3,25.54,26.25,25.13,84.56,2.67,3.25,2.35,100.15
20111106,13.46,3.529,0.096,2.6772,0.35,25.58,25.98,25.15,86.23,2.72,3.75,2.35,100.16
20111107,10.51,5.0426,1.5581,2.9112,0.49,25.69,25.87,25.41,85.41,1.65,2.76,1.4,100.15
20111108,11.18,3.9298,0.3466,2.7106,0.39,26.39,26.89,25.64,78.74,2.06,2.69,1.79,100.21
20111109,1.99,6.0014,4.9906,2.249,0.59,26.95,27.63,26.28,75.4,2.02,2.8,1.78,100.12
20111110,0.79,6.0377,3.4042,3.2426,0.59,27.27,28.14,26.6,77.22,1.85,2.98,1.65,100.04
20111111,1.56,4.7755,1.6706,2.7365,0.47,27.28,27.88,26.76,77.12,1.66,2.64,1.46,100.07
20111112,12.05,3.1606,0.2266,2.3273,0.31,26.44,27.12,25.96,84.58,3.04,4.3,2.65,100.18
20111113,5.03,5.2978,2.8826,2.6467,0.52,26.72,27.6,25.52,75.87,2.56,3.33,2.28,100.17
20111114,11.07,5.2514,2.6138,2.6033,0.52,26.93,27.87,25.62,80.13,2.62,4.36,2.3,100.11
20111115,10.07,4.2806,0.5702,2.9978,0.42,26.77,27.44,25.83,77.47,2.13,4.3,1.89,100.14
20111116,1.54,4.3738,0.8374,2.7432,0.43,27.11,27.75,26.35,78.76,2.55,4.22,2.25,100.03
20111117,41.81,5.1192,3.815,2.0371,0.51,26.93,27.21,26.56,80.64,1.44,2.35,1.28,99.97
20111118,23.84,4.3793,0.5405,3.0281,0.43,26.31,26.97,25.67,84.89,2.53,2.99,2.25,100.04
20111119,1.28,5.9218,5.1648,1.9769,0.59,27.53,28.42,26.27,72.36,2.21,2.94,1.96,99.97
20111120,0.37,5.1202,1.3596,3.1555,0.51,27.71,28.41,27.1,75.78,1.93,2.82,1.72,99.98
20111121,3.96,4.8403,1.9373,2.7091,0.48,27.79,28.17,27.33,77.59,1.97,3.18,1.78,99.91
20111122,31.84,4.3154,1.9114,2.4348,0.43,26.95,27.61,26.55,86.24,2.36,3.25,2.13,99.83
20111123,37.14,4.1474,0.7598,2.8272,0.41,27.29,28.19,26.67,82.64,1.92,3.05,1.75,99.81
20111124,11.89,4.6663,3.0374,2.1655,0.46,27.72,28.99,26.31,80.95,1.62,2.49,1.46,99.72
20111125,10.49,4.4143,1.6793,2.5001,0.44,28.03,28.92,27.31,80.7,2.14,3.28,1.94,99.69
20111126,16.43,3.857,0.4548,2.761,0.38,27.88,29.1,27.13,83.52,2.97,5.78,2.63,99.69
20111127,72.99,4.6966,1.0603,3.3142,0.47,27.89,28.91,27.33,84.59,4.25,5.1,3.7,99.76
20111128,25.33,3.8472,0.3722,2.8291,0.38,26.91,27.28,26.4,88.1,3.61,6.08,3.12,99.81
20111129,1.09,5.1199,1.548,3.1066,0.51,27.36,28.46,26.43,79.99,2.39,3.8,2.13,99.87
20111130,21.6,3.6374,0.7116,2.358,0.36,26.97,27.71,26.48,87.27,4.71,7.36,4.04,99.86
20111201,75.68,3.5179,0.1793,2.5735,0.35,26.61,26.92,26.19,88.3,6.2,8.75,5.29,99.86
20111202,29.56,2.9177,0.109,2.1802,0.29,26.82,27.4,26.29,86.12,7.48,8.36,6.3,99.91
20111203,8.44,4.1081,0.3254,2.9906,0.41,26.62,27.2,25.92,83.74,5.87,6.6,5.03,99.94
20111204,1.67,5.9592,4.0445,2.6986,0.6,27.38,28.03,26.73,80.04,4.4,5.39,3.81,99.99
20111205,4.46,4.457,0.9511,3.025,0.45,27.64,28.15,27.11,79.32,2.91,4.14,2.58,100.0
20111206,3.08,5.3602,3.4858,2.3383,0.54,27.94,29.01,27.03,77.41,1.5,2.34,1.35,99.96
20111207,7.1,4.5466,1.1503,2.7329,0.46,27.26,27.83,26.6,82.26,2.53,3.74,2.25,99.91
20111208,5.61,3.8563,0.2018,2.9059,0.39,26.47,27.02,25.83,81.1,1.57,3.52,1.39,99.96
20111209,0.22,6.0754,5.3681,1.9805,0.61,28.16,29.13,27.03,69.04,1.43,2.3,1.31,99.89
20111210,0.65,4.5907,0.3005,3.4963,0.46,27.99,28.31,27.58,76.69,1.42,2.97,1.28,99.9
20111211,18.06,3.6382,0.57,2.4833,0.37,27.5,28.27,26.75,82.95,3.92,4.53,3.41,99.99
20111212,13.56,4.692,1.2732,2.8886,0.47,26.36,26.99,25.57,81.5,2.68,4.25,2.38,100.08
20111213,0.48,4.6435,1.8564,2.6179,0.47,27.49,28.36,26.6,72.8,2.0,2.49,1.81,100.02
20111214,3.63,4.271,0.5866,2.8807,0.43,26.83,27.36,26.05,83.46,3.45,4.81,3.02,100.03
20111215,48.61,3.523,0.0775,2.6789,0.35,26.14,26.55,25.78,88.45,3.5,4.63,3.07,100.01
20111216,24.01,5.123,1.4292,3.5102,0.52,25.93,26.26,25.62,89.04,4.06,4.56,3.56,100.0
20111217,7.21,4.4736,0.7766,3.1766,0.45,26.17,26.85,25.38,84.29,2.44,3.03,2.19,99.98
20111218,11.52,3.4373,0.2902,2.5174,0.35,26.59,27.07,26.1,82.26,2.23,3.7,2.02,99.97
20111219,24.12,3.4318,0.0782,2.5999,0.35,26.49,27.43,25.82,87.93,3.83,5.92,3.38,99.89
20111220,31.93,3.299,0.095,2.4694,0.33,26.23,26.56,25.92,87.76,4.34,6.02,3.8,99.9
20111221,7.67,3.8743,0.3643,2.9234,0.39,26.99,27.9,26.13,78.67,2.71,3.95,2.38,99.9
20111222,17.6,4.1194,0.2851,3.1104,0.42,27.5,28.51,26.57,79.26,2.42,3.84,2.12,99.82
20111223,21.4,3.9278,1.548,2.6832,0.4,26.74,27.13,26.27,87.8,4.9,8.15,4.22,99.77
20111224,14.45,3.552,0.0698,2.7211,0.36,26.86,27.7,25.92,84.51,6.37,9.95,5.4,99.82
20111225,5.97,3.0708,0.3559,2.0645,0.31,27.61,28.75,26.65,80.31,4.97,5.67,4.26,99.96
20111226,2.3,3.4582,0.6406,2.3146,0.35,27.54,28.26,26.6,79.01,3.23,4.18,2.82,100.03
20111227,16.47,3.9979,1.4676,2.7019,0.4,27.98,28.77,27.33,80.7,5.07,6.76,4.32,100.03
20111228,6.33,4.4402,0.4814,3.3382,0.45,27.95,28.98,27.0,74.46,3.64,6.1,3.15,100.14
20111229,0.07,4.853,1.5048,3.1212,0.49,28.2,29.45,27.34,70.4,1.72,2.61,1.51,100.1
20111230,0.01,6.0828,4.6622,2.5673,0.61,27.76,28.34,27.38,73.39,1.51,2.73,1.35,100.2
20111231,0.0,6.402,5.4125,2.7041,0.64,27.58,28.34,27.01,71.7,1.82,2.84,1.6,100.24
20120101,0.0,6.6701,6.8621,1.7738,0.67,27.38,28.01,26.91,72.2,1.66,2.84,1.46,100.23
20120102,0.0,5.8442,3.7531,2.8649,0.59,27.56,28.68,26.64,73.96,2.17,4.07,1.91,100.13
20120103,0.0,5.6681,4.6548,2.2526,0.57,27.7,28.76,26.75,76.86,2.9,3.84,2.57,100.11
20120104,1.81,4.9066,3.3778,2.1972,0.49,27.37,27.82,26.99,81.44,3.06,3.77,2.72,100.12
20120105,6.8,4.6274,1.5638,2.9935,0.46,26.82,27.47,26.25,83.39,2.89,5.28,2.58,100.19
20120106,5.74,4.3819,1.7942,2.3974,0.44,27.24,27.68,26.56,80.0,1.96,3.04,1.77,100.24
20120107,23.42,4.2622,1.578,2.3808,0.43,26.89,27.41,25.97,85.68,3.13,4.64,2.77,100.28
20120108,8.53,4.7969,1.1798,3.0718,0.48,26.54,27.12,25.67,83.28,3.43,4.87,3.04,100.27
20120109,2.44,3.6658,0.3367,2.6822,0.37,26.79,27.52,26.28,77.94,1.03,1.61,0.98,100.18
20120110,2.48,4.8826,2.4936,2.7091,0.49,26.67,27.44,26.17,78.61,1.63,2.31,1.49,100.1
20120111,35.86,4.4472,2.5046,2.3177,0.44,26.68,27.46,26.17,79.74,1.85,3.25,1.67,100.11
20120112,34.54,4.5622,2.3376,2.3292,0.45,27.17,27.95,26.38,80.38,4.17,5.21,3.6,100.06
20120113,15.75,5.1811,2.4113,2.7749,0.52,26.49,27.27,25.87,81.68,2.86,4.01,2.53,100.12
20120114,13.5,4.8144,0.7114,3.4898,0.48,26.11,26.6,25.3,77.23,1.59,2.77,1.39,100.07
20120115,19.97,5.0611,1.5043,2.9719,0.5,26.88,27.77,25.88,79.0,2.35,3.42,2.03,99.96
20120116,5.09,5.4262,2.3393,3.6334,0.54,26.85,27.42,26.12,79.77,2.17,2.92,1.9,99.9
20120117,30.45,2.8433,0.1238,2.1751,0.28,26.59,27.17,26.0,80.52,3.89,5.42,3.36,99.92
20120118,0.02,6.923,6.3986,2.0942,0.69,27.17,28.14,26.03,78.48,3.26,4.49,2.84,99.91
20120119,0.18,5.7192,3.4462,3.4723,0.57,27.34,28.17,26.6,75.49,1.73,2.37,1.54,99.96
20120120,0.67,5.6522,3.2004,2.9314,0.56,27.33,28.09,26.39,79.7,3.02,4.07,2.67,99.96
20120121,2.53,5.983,4.0915,3.0317,0.59,27.5,28.14,26.97,79.31,4.02,4.89,3.49,100.0
20120122,5.35,4.781,0.4418,3.4788,0.47,27.53,28.58,26.71,77.52,4.4,6.34,3.8,100.09
20120123,7.97,5.8543,3.366,3.7344,0.58,27.49,28.35,26.67,72.26,5.34,6.21,4.56,100.18
20120124,1.54,4.6514,0.377,3.4606,0.46,27.91,28.59,27.35,72.67,4.05,5.43,3.51,100.03
20120125,0.19,5.011,0.6221,3.755,0.49,27.95,28.56,27.23,74.02,3.26,4.17,2.87,99.97
20120126,1.75,5.2922,1.7054,3.4428,0.52,28.05,28.87,27.52,75.4,2.88,4.19,2.57,99.95
20120127,8.77,6.1063,4.3358,2.8054,0.6,27.74,28.39,26.96,76.2,2.59,3.78,2.31,99.97
20120128,1.52,5.7022,2.771,3.06,0.56,27.24,27.71,26.39,74.35,1.86,3.34,1.66,99.99
20120129,0.03,5.3779,1.7712,3.7718,0.53,27.42,28.09,26.94,75.08,1.71,2.43,1.52,99.92
20120130,2.09,5.4077,1.351,3.5676,0.53,27.03,27.6,26.07,76.63,1.82,2.37,1.61,100.05
20120131,1.69,5.2133,1.3157,3.5088,0.51,27.46,28.3,26.0,67.52,1.43,2.35,1.3,100.05
20120201,3.02,5.0268,1.7674,2.9244,0.49,28.01,28.67,27.36,73.29,1.71,3.31,1.5,100.03
20120202,11.99,3.5213,0.2426,2.5742,0.34,26.96,27.67,26.23,77.75,2.59,3.57,2.29,100.15
20120203,10.39,4.3176,0.2652,3.1915,0.42,27.57,28.77,26.39,71.23,2.06,3.42,1.85,100.15
20120204,6.76,4.1318,0.7001,2.766,0.4,27.43,28.21,26.91,77.0,1.91,3.84,1.69,100.1
20120205,10.84,4.1366,1.7506,2.2056,0.4,26.77,27.21,26.13,81.61,3.19,4.81,2.8,100.09
20120206,23.28,4.8751,1.1407,3.2933,0.47,27.24,27.89,26.41,81.87,4.59,5.23,3.96,100.0
20120207,26.91,4.7167,2.281,2.4118,0.46,26.59,27.3,26.18,84.55,2.91,5.34,2.56,100.03
20120208,18.4,4.9418,2.4758,2.491,0.48,26.87,27.6,26.23,81.45,2.13,3.08,1.91,99.98
20120209,45.85,4.8295,1.9054,2.7242,0.47,26.44,26.78,25.91,82.59,2.83,5.54,2.51,100.08
20120210,2.92,5.0383,2.9842,2.4706,0.49,27.91,29.23,26.63,73.69,2.34,3.28,2.07,99.98
20120211,12.45,4.6238,1.7609,2.6767,0.45,27.87,28.44,27.35,78.88,2.18,3.21,1.99,99.97
20120212,11.47,4.062,0.8102,2.5812,0.39,27.32,27.49,27.05,82.32,2.89,3.66,2.6,100.03
20120213,6.6,4.177,0.8844,2.7936,0.4,27.63,28.26,27.0,79.98,2.41,3.3,2.17,100.02
20120214,7.44,3.9182,0.7651,2.634,0.38,27.56,28.57,27.09,82.39,3.02,5.92,2.66,100.03
20120215,7.79,3.8004,0.1483,2.8392,0.36,26.33,27.06,25.85,78.18,1.96,6.37,1.69,100.03
20120216,28.67,4.5127,0.7378,3.163,0.43,26.39,26.99,25.74,79.12,2.96,3.87,2.61,100.03
20120217,11.45,5.3897,1.4532,3.2556,0.52,26.43,27.09,25.8,83.3,3.62,4.61,3.16,100.0
20120218,3.66,4.9186,1.524,2.9102,0.47,26.45,27.0,26.0,79.63,2.36,3.99,2.08,100.05
20120219,1.48,5.6954,2.1982,3.3302,0.54,26.98,28.03,25.7,79.39,3.45,4.18,3.02,100.0
20120220,3.93,4.7246,0.703,3.2897,0.45,26.54,27.06,26.24,79.31,2.2,2.62,1.95,99.99
20120221,1.22,5.185,1.5442,3.3809,0.5,27.07,27.72,26.39,78.98,2.62,3.4,2.3,99.82
20120222,4.68,4.201,1.2612,2.4211,0.4,27.09,27.53,26.4,81.37,2.44,3.01,2.14,99.72
20120223,5.95,4.8806,2.9431,2.2742,0.47,26.98,27.54,26.21,80.8,1.65,2.8,1.46,99.73
20120224,24.03,5.5582,2.7977,2.7238,0.53,26.18,26.97,25.78,86.11,3.05,4.27,2.69,99.7
20120225,27.94,5.2118,2.0196,3.3907,0.5,27.1,28.07,25.99,82.15,2.48,3.72,2.21,99.66
20120226,20.69,4.3594,0.2892,3.1495,0.42,26.89,27.47,26.54,86.63,4.54,6.43,3.93,99.72
20120227,11.98,4.5578,0.2918,3.3787,0.43,27.48,28.6,26.05,77.59,3.01,4.77,2.66,99.81
20120228,21.66,5.178,2.6863,2.5987,0.49,27.42,28.1,27.0,79.54,2.39,4.95,2.12,99.7
20120229,124.43,4.8876,0.9389,3.4567,0.46,26.31,26.67,26.11,87.96,4.78,6.03,4.14,99.78
20120301,50.79,3.9838,0.2206,2.9268,0.38,26.29,26.98,25.85,88.23,5.57,6.52,4.78,99.83
20120302,4.33,4.6634,1.0229,3.0475,0.44,26.9,27.75,25.88,81.21,3.72,5.97,3.25,99.76
20120303,2.58,5.4835,1.4618,3.7258,0.52,26.68,27.97,25.41,72.37,2.44,4.07,2.15,99.89
20120304,6.55,6.3077,4.0054,3.2592,0.6,27.07,27.75,25.85,72.47,1.61,2.86,1.43,99.93
20120305,11.13,5.1792,1.0814,3.4829,0.49,26.89,27.43,26.42,79.51,3.83,4.48,3.33,99.89
20120306,14.92,4.9236,0.9286,3.3384,0.47,27.43,27.97,26.95,81.45,4.8,5.17,4.14,99.76
20120307,83.58,2.6122,0.5575,1.8934,0.25,26.91,27.4,26.47,86.16,5.36,5.76,4.61,99.73
20120308,27.66,4.2946,0.2518,3.2076,0.41,26.72,27.18,26.24,80.2,3.17,5.39,2.79,99.78
20120309,3.32,6.4906,4.6409,3.3506,0.62,27.5,28.37,26.63,75.3,4.01,5.33,3.48,99.77
20120310,7.13,5.0462,0.8362,3.637,0.48,26.78,27.2,26.27,78.26,2.8,3.18,2.46,99.86
20120311,5.71,3.9233,0.1495,2.8774,0.37,26.34,26.85,25.99,81.97,2.69,3.47,2.37,99.94
20120312,7.33,4.855,0.7104,3.4762,0.46,26.36,26.97,25.92,80.31,2.25,4.64,2.0,100.17
20120313,8.16,4.7378,1.7038,2.6335,0.45,26.97,27.89,26.01,79.36,4.53,5.22,3.93,100.26
20120314,3.29,3.6269,0.0677,2.7242,0.35,27.49,27.96,26.71,75.47,2.51,4.49,2.22,100.21
20120315,1.88,5.8133,3.6065,2.5824,0.55,28.16,28.91,27.34,75.99,3.71,5.17,3.24,100.1
20120316,0.93,5.4576,2.532,3.4224,0.52,27.8,28.34,27.05,79.23,3.24,3.89,2.83,100.13
20120317,1.05,6.251,4.229,2.9268,0.6,27.64,28.42,26.97,76.14,2.15,3.49,1.9,100.09
20120318,1.39,5.2128,0.9761,3.7142,0.5,27.33,27.89,26.56,76.99,1.64,3.47,1.48,100.17
20120319,24.91,5.6078,1.723,3.365,0.53,27.17,27.52,26.82,78.4,1.83,2.48,1.64,100.26
20120320,21.29,4.6908,1.0682,2.8608,0.45,27.01,27.42,26.58,79.66,1.95,3.46,1.74,100.19
20120321,1.55,6.4114,4.8914,2.3657,0.61,26.96,27.54,26.16,79.0,1.34,2.54,1.2,100.11
20120322,2.6,6.2818,4.8307,2.1754,0.6,27.22,27.84,26.62,78.19,1.39,2.08,1.23,100.11
20120323,1.85,6.2393,4.2895,2.6717,0.6,27.76,28.22,27.03,75.9,2.21,2.85,1.94,100.16
20120324,0.22,6.4632,4.6694,2.4497,0.62,28.16,28.89,27.62,72.58,2.14,3.55,1.87,100.12
20120325,0.01,6.7649,5.784,2.141,0.65,28.53,29.52,27.66,67.84,1.59,2.55,1.42,100.08
20120326,0.62,6.168,3.6629,2.8265,0.59,28.7,29.25,28.05,68.61,1.34,2.32,1.2,100.11
20120327,1.07,4.6459,1.1623,2.755,0.45,27.92,28.76,27.25,77.98,2.82,3.56,2.49,100.21
20120328,5.87,4.5182,0.7421,2.9779,0.43,27.51,28.12,27.05,81.03,3.43,4.28,3.01,100.31
20120329,7.52,4.8458,2.8942,2.155,0.47,27.07,27.52,26.57,80.48,2.42,2.83,2.13,100.26
20120330,24.61,4.2132,0.3182,3.0898,0.41,26.98,27.22,26.65,82.16,4.91,5.96,4.23,100.22
20120331,40.47,3.6142,0.8098,2.5634,0.35,26.84,27.26,26.42,80.06,4.24,6.33,3.68,100.26
20120401,6.55,5.7463,4.441,2.4492,0.55,26.61,27.3,25.86,81.11,2.56,4.17,2.24,100.25
20120402,1.33,5.3606,1.6831,3.2606,0.52,26.93,27.73,25.87,75.43,1.1,2.15,0.99,100.29
20120403,1.36,5.4816,2.8315,2.6366,0.53,27.39,27.93,26.49,76.39,1.6,2.51,1.4,100.38
20120404,3.12,4.7357,2.437,2.3854,0.46,26.66,27.52,25.63,76.89,2.53,3.32,2.26,100.45
20120405,1.97,5.8654,4.3718,2.2639,0.57,27.01,27.88,26.04,73.93,1.41,2.24,1.24,100.32
20120406,2.4,5.8342,3.761,2.5944,0.57,27.23,27.98,26.63,76.44,2.02,2.54,1.78,100.16
20120407,1.39,5.0923,3.3017,2.1372,0.5,27.49,27.97,26.87,76.99,1.76,2.55,1.59,100.05
20120408,21.19,5.2106,2.8212,2.5512,0.51,27.6,28.18,27.01,79.9,2.21,3.76,2.0,99.99
20120409,10.22,5.3083,2.999,2.5018,0.52,27.19,27.41,26.91,85.13,3.97,5.49,3.42,100.04
20120410,3.2,4.8173,1.0008,2.9443,0.47,27.14,27.62,26.72,78.72,2.07,2.97,1.82,100.15
20120411,4.39,5.2572,3.5107,2.2541,0.51,26.91,27.1,26.53,80.2,2.05,2.6,1.82,100.07
20120412,0.68,4.759,2.4794,2.3518,0.47,27.32,27.87,26.58,80.03,1.99,3.09,1.75,99.94
20120413,12.35,5.0074,1.985,2.953,0.49,27.72,27.97,27.32,82.2,3.31,4.23,2.88,99.91
20120414,18.21,2.9626,0.1699,2.106,0.29,27.26,27.79,26.19,76.49,2.2,5.34,1.93,99.99
20120415,8.52,5.4806,2.9801,3.2446,0.54,27.93,28.5,27.41,72.8,1.7,2.79,1.52,99.94
20120416,3.38,5.4866,3.6581,2.3299,0.54,27.87,28.47,27.4,78.76,2.73,3.72,2.39,99.88
20120417,12.69,4.1477,0.9749,2.916,0.41,26.7,27.69,26.14,82.94,2.36,4.58,2.05,99.91
20120418,4.25,5.6539,4.3992,2.0578,0.56,27.21,27.87,26.41,80.53,2.47,3.24,2.18,99.84
20120419,15.74,4.2564,0.4267,3.1094,0.42,26.32,27.33,25.8,86.56,2.93,4.54,2.59,99.97
20120420,6.69,5.3988,3.5702,2.4132,0.54,27.15,27.96,26.47,81.97,2.91,3.46,2.56,100.03
20120421,11.14,3.9614,0.4877,2.8997,0.39,26.54,27.16,26.07,85.87,3.28,5.4,2.87,100.1
20120422,2.09,5.0705,2.5702,2.5555,0.51,27.74,29.3,25.83,71.07,1.7,3.13,1.53,99.96
20120423,0.17,5.8543,4.9181,2.0146,0.59,28.18,28.98,27.47,76.47,2.04,3.11,1.8,99.88
20120424,5.53,4.6642,0.8537,3.1817,0.47,28.21,28.79,27.8,78.79,2.08,3.53,1.84,99.99
20120425,1.39,5.5771,4.2931,2.0772,0.56,27.73,28.5,27.11,79.05,1.68,2.58,1.5,100.07
20120426,20.0,4.2276,2.01,2.2344,0.43,26.59,27.28,26.29,85.34,2.41,3.27,2.12,100.21
20120427,4.53,6.799,6.3197,1.8043,0.69,27.41,28.48,26.24,79.73,1.73,2.58,1.54,100.11
20120428,0.71,6.491,6.127,2.0635,0.66,27.65,28.41,26.94,79.6,2.67,3.41,2.34,100.07
20120429,6.03,5.795,3.889,2.4689,0.59,27.62,28.21,26.89,75.71,2.48,3.39,2.16,100.05
20120430,6.02,5.123,1.1602,3.7462,0.52,27.69,27.97,27.4,73.54,2.65,3.95,2.3,100.0
20120501,0.08,5.8378,4.2163,2.4691,0.59,28.26,29.12,27.47,72.21,2.47,3.23,2.15,100.01
20120502,5.53,3.654,0.2496,2.6467,0.37,27.34,28.0,26.48,82.18,2.38,3.45,2.08,100.1
20120503,2.12,4.9723,1.5931,3.245,0.51,27.23,28.23,25.84,77.52,1.56,2.29,1.36,99.98
20120504,8.78,4.9538,3.7409,1.8626,0.51,27.34,27.78,26.93,79.35,1.87,3.05,1.63,99.98
20120505,1.9,5.6993,3.4944,2.5848,0.58,27.75,28.66,26.58,75.34,2.04,2.6,1.8,99.97
20120506,8.8,3.6799,2.2138,1.7563,0.38,27.75,28.56,26.77,76.97,1.59,2.24,1.41,100.04
20120507,3.48,5.1264,2.0765,2.8903,0.53,28.12,29.29,26.38,67.7,2.1,2.96,1.88,100.06
20120508,3.46,5.2382,2.6078,2.8166,0.54,28.08,28.74,27.65,73.74,1.35,2.31,1.21,100.03
20120509,0.18,6.0612,4.9442,2.0508,0.63,28.15,28.94,27.41,75.35,1.66,2.68,1.48,100.07
20120510,12.48,5.3654,3.8839,2.1857,0.56,28.11,28.75,27.74,78.34,1.77,3.12,1.58,100.11
20120511,16.85,4.8358,2.3894,2.4614,0.5,27.74,28.11,27.18,83.58,3.92,6.21,3.38,100.06
20120512,4.95,5.6261,4.5298,2.221,0.58,27.45,28.06,26.88,82.04,2.81,3.37,2.47,100.01
20120513,0.69,5.8399,3.6535,2.5786,0.61,27.63,28.26,26.61,75.33,1.09,2.52,0.95,99.97
20120514,2.46,6.0005,5.5771,1.794,0.63,28.43,29.12,27.62,71.4,1.59,2.83,1.39,100.01
20120515,4.55,6.005,4.7143,2.196,0.63,27.99,28.42,27.41,78.2,1.96,2.95,1.71,100.0
20120516,4.83,4.7438,1.9913,2.807,0.5,27.81,28.53,27.24,81.51,2.61,3.73,2.3,99.93
20120517,1.77,5.2522,2.495,3.3079,0.55,28.16,28.87,27.45,77.96,2.72,3.38,2.41,99.92
20120518,1.0,5.6081,4.3217,2.1055,0.59,28.4,29.14,27.8,75.33,1.29,2.23,1.14,99.94
20120519,3.92,5.3976,3.877,2.2642,0.57,28.35,28.81,28.07,77.05,1.33,1.98,1.18,99.97
20120520,11.98,4.7002,0.8978,3.4075,0.5,27.85,28.35,26.37,85.13,3.9,5.52,3.4,99.89
20120521,16.23,4.7429,1.4645,3.0979,0.5,27.15,27.94,25.86,80.31,2.4,3.86,2.12,99.96
20120522,24.26,4.8845,2.8291,2.9316,0.52,27.57,27.86,27.19,81.85,2.52,3.1,2.2,100.03
20120523,14.96,3.7308,0.1474,2.7931,0.4,27.21,27.96,26.41,79.81,1.74,3.55,1.54,100.06
20120524,3.78,5.4206,3.6754,2.4691,0.58,27.45,28.03,26.83,77.16,1.51,2.4,1.32,99.96
20120525,7.73,4.4057,0.6019,3.2246,0.47,27.94,28.79,26.96,79.55,2.47,4.4,2.16,99.88
20120526,10.71,4.7906,1.5125,2.981,0.51,28.13,28.66,27.76,80.04,2.19,4.39,1.95,99.87
20120527,4.68,4.8538,1.9202,2.7149,0.52,27.4,28.0,26.95,85.32,3.25,4.11,2.82,99.93
20120528,8.0,5.2584,3.8256,2.1965,0.56,27.69,28.58,26.71,80.08,2.04,3.28,1.82,99.95
20120529,8.58,4.393,0.589,3.1644,0.47,27.47,28.05,26.5,82.84,2.36,3.41,2.07,99.95
20120530,60.8,4.7254,2.6066,2.3918,0.51,26.87,27.33,26.36,85.84,1.84,2.98,1.69,99.91
20120531,52.39,4.367,1.3058,3.0079,0.47,27.52,28.25,27.0,85.46,4.73,5.84,4.08,99.88
20120601,12.06,4.7093,1.632,3.2232,0.51,27.29,28.01,26.77,86.22,4.99,6.74,4.28,99.92
20120602,5.43,5.7862,5.6604,1.848,0.62,27.79,28.51,27.19,79.65,2.98,3.99,2.64,99.92
20120603,6.13,5.0537,2.0995,3.1121,0.54,27.87,28.34,27.43,81.75,2.03,3.14,1.8,99.85
20120604,5.75,5.0779,3.6646,2.371,0.55,27.97,28.64,27.52,84.36,4.04,5.62,3.47,99.93
20120605,20.45,4.074,0.233,3.103,0.44,27.65,28.11,27.2,85.06,3.85,6.72,3.34,99.91
20120606,5.3,4.1911,0.463,3.1574,0.45,27.4,28.09,26.25,81.16,6.05,7.34,5.14,99.85
20120607,10.82,4.5034,1.6001,2.8738,0.49,27.56,28.04,26.95,82.64,3.98,4.88,3.47,99.79
20120608,34.67,2.6417,0.2998,1.9618,0.29,27.35,27.75,27.09,82.89,3.26,5.89,2.85,100.0
20120609,12.86,2.8838,0.0874,2.2032,0.31,27.05,27.66,26.53,78.11,2.76,4.57,2.42,100.22
20120610,0.39,5.3693,4.3843,2.0755,0.58,27.75,28.7,26.6,72.37,2.88,3.81,2.56,100.13
20120611,0.14,5.7312,4.758,2.1948,0.62,27.3,27.68,26.81,78.36,1.5,2.64,1.32,100.09
20120612,0.11,5.2219,2.0486,3.0475,0.57,27.73,28.4,27.06,77.59,1.79,2.77,1.58,100.08
20120613,0.01,6.1786,6.109,1.7928,0.67,27.89,28.73,27.23,75.38,2.41,3.32,2.11,100.07
20120614,0.01,5.808,5.455,1.9447,0.63,27.81,28.54,27.18,72.66,1.47,1.97,1.3,100.12
20120615,0.13,5.6095,4.9308,1.9498,0.61,27.77,28.45,27.13,70.12,1.26,2.31,1.12,100.02
20120616,0.42,5.2843,4.5648,1.9159,0.57,27.8,28.45,27.14,71.71,1.88,2.94,1.65,99.97
20120617,2.77,5.1991,3.8309,2.2308,0.57,27.67,28.09,27.08,77.08,2.55,3.59,2.23,100.09
20120618,1.35,4.7794,1.7093,2.9813,0.52,28.09,28.83,27.11,73.33,1.94,3.38,1.7,100.06
20120619,1.4,4.7419,2.1989,2.7694,0.52,27.41,28.72,25.79,71.2,1.95,3.03,1.73,100.1
20120620,1.65,4.6476,2.5392,2.6052,0.51,27.85,28.26,27.57,77.19,2.81,3.08,2.45,100.08
20120621,2.61,4.9169,2.7662,2.3856,0.54,27.58,28.05,26.83,76.84,2.42,3.12,2.15,100.15
20120622,3.71,4.8053,3.2328,2.2723,0.52,28.11,28.63,27.56,73.76,1.4,1.84,1.28,100.13
20120623,4.75,4.1614,2.7029,1.8252,0.45,27.33,27.78,26.88,79.43,1.55,1.92,1.38,100.07
20120624,1.27,5.5474,4.7194,1.9822,0.6,27.89,28.85,27.0,76.4,2.06,2.94,1.83,100.06
20120625,0.43,5.508,4.9483,1.8941,0.6,27.67,27.94,27.26,77.29,1.68,2.05,1.5,100.08
20120626,6.41,4.8799,4.0106,1.98,0.53,27.59,28.4,26.85,74.94,2.19,3.61,1.93,100.1
20120627,27.78,4.3865,3.1416,1.8919,0.48,27.22,27.62,26.73,83.29,2.88,4.64,2.51,100.15
20120628,6.91,4.5917,2.2594,2.3945,0.5,27.07,27.74,26.41,79.46,2.13,3.35,1.88,100.0
20120629,1.64,4.4412,2.4998,2.2205,0.48,27.56,27.92,27.19,80.2,2.73,4.29,2.4,99.87
20120630,16.21,4.4155,1.2521,2.5596,0.48,27.28,27.64,26.58,86.06,3.94,5.69,3.43,99.83
20120701,5.64,4.6015,2.3371,2.4156,0.5,27.88,28.95,26.47,80.7,3.67,5.16,3.2,99.8
20120702,8.57,4.4028,2.4115,2.2246,0.48,27.3,27.93,25.91,79.24,2.53,4.45,2.21,99.81
20120703,6.76,3.7406,0.3746,2.6906,0.41,26.22,26.63,25.47,79.76,1.71,4.24,1.5,99.85
20120704,4.53,3.7416,0.7507,2.4134,0.41,26.18,26.52,25.75,85.46,3.54,4.54,3.1,99.82
20120705,5.98,3.9163,0.2388,2.9522,0.42,26.39,26.96,25.74,82.42,2.78,4.5,2.45,99.88
20120706,2.51,4.8269,1.7779,2.8253,0.52,26.95,27.61,25.83,75.68,1.39,2.17,1.25,99.89
20120707,10.91,4.8221,3.1054,2.3513,0.52,27.25,27.97,26.43,77.18,1.51,2.52,1.33,99.84
20120708,7.53,4.1928,3.1536,1.6848,0.45,26.88,27.68,26.08,81.55,4.1,5.85,3.55,99.84
20120709,11.81,5.6796,4.4966,2.1238,0.61,27.43,28.26,26.61,76.58,2.41,4.87,2.12,99.9
20120710,29.94,5.081,2.2313,2.7058,0.55,27.35,27.69,26.76,76.86,2.01,3.39,1.8,99.99
20120711,30.48,4.0934,2.1936,2.034,0.44,27.1,27.8,26.01,77.21,1.49,2.78,1.31,100.04
20120712,4.76,5.3611,3.4874,2.5356,0.58,26.57,27.61,25.21,77.8,1.55,2.2,1.38,100.12
20120713,1.41,5.5078,3.9494,2.3534,0.59,26.77,27.88,25.69,79.19,2.18,3.54,1.94,100.04
20120714,2.16,4.0289,1.1666,2.5313,0.43,26.17,26.74,25.47,85.03,3.53,4.84,3.08,100.02
20120715,3.41,4.6634,1.5523,2.7041,0.5,26.67,27.64,25.48,76.52,2.25,3.26,2.0,100.05
20120716,15.06,3.8515,0.8861,2.6362,0.41,25.99,26.69,25.03,85.86,2.99,4.26,2.67,100.16
20120717,6.14,3.6574,1.019,2.2394,0.39,26.47,27.15,25.75,82.68,2.9,4.08,2.56,100.21
20120718,1.46,5.3347,3.4454,2.4254,0.57,26.98,27.8,26.02,76.47,1.45,2.56,1.29,100.16
20120719,5.54,3.7973,0.3082,2.8255,0.41,27.21,27.72,26.39,74.47,0.99,1.4,0.89,100.14
20120720,7.97,4.7069,3.2006,2.2862,0.5,27.74,28.43,27.15,77.3,1.91,3.62,1.71,100.13
20120721,9.64,5.262,4.2706,2.1065,0.56,27.34,27.51,27.14,85.89,4.42,6.84,3.83,100.15
20120722,9.96,4.9457,3.653,2.2726,0.53,27.12,27.45,26.82,87.44,4.51,6.09,3.87,100.06
20120723,5.15,5.8752,5.0678,2.0467,0.62,27.18,27.6,26.85,83.34,3.92,5.07,3.39,99.98
20120724,7.89,5.2279,2.4134,3.2628,0.55,27.02,27.52,26.63,83.52,4.1,4.72,3.55,100.02
20120725,0.68,5.3542,2.6158,3.3422,0.57,27.26,27.88,26.54,79.18,3.36,4.21,2.93,100.12
20120726,0.22,6.0996,5.761,1.7508,0.64,27.74,28.88,26.99,76.61,2.84,4.05,2.49,100.09
20120727,1.52,5.862,4.908,2.1662,0.62,27.39,28.28,26.43,76.35,1.43,2.38,1.27,100.06
20120728,1.34,4.285,1.9291,2.2894,0.45,27.18,27.53,26.79,81.82,2.87,3.94,2.48,100.13
20120729,1.27,4.8864,2.3381,2.4718,0.51,27.67,28.85,26.62,75.63,3.47,5.54,3.02,100.15
20120730,1.17,5.6242,4.0798,2.2644,0.59,27.18,27.68,26.71,78.48,2.44,3.38,2.15,100.23
20120731,0.7,5.4626,3.6082,2.6081,0.57,26.87,27.43,26.25,79.57,2.38,3.05,2.1,100.22
20120801,1.45,4.2144,1.4532,2.562,0.44,27.36,28.11,26.59,79.73,4.05,5.24,3.51,100.17
20120802,0.48,4.2809,1.0834,2.9554,0.45,27.41,28.04,26.81,79.58,4.15,4.53,3.59,100.14
20120803,17.31,3.4982,0.2304,2.5913,0.36,27.3,27.98,26.75,81.12,4.56,5.89,3.93,100.1
20120804,11.35,3.6,1.6138,2.0609,0.37,27.34,28.04,26.72,79.96,2.95,4.54,2.58,100.05
20120805,15.22,3.7176,0.5616,2.6477,0.39,26.76,27.03,26.55,83.88,2.26,3.67,1.97,100.12
20120806,5.7,3.4786,0.7546,2.3959,0.36,26.59,27.46,26.11,85.88,2.68,3.87,2.36,100.2
20120807,0.62,4.7482,2.5162,2.4876,0.49,27.14,27.85,26.34,81.1,2.32,2.94,2.04,100.16
20120808,1.12,5.2375,4.1023,2.0261,0.54,27.35,27.8,26.55,83.47,3.32,5.01,2.89,100.03
20120809,1.26,6.2306,5.2315,2.2044,0.64,28.16,29.08,27.36,78.77,4.17,5.68,3.62,99.96
20120810,1.33,5.2968,3.7214,2.16,0.54,28.0,28.8,27.17,79.26,2.78,3.7,2.48,100.07
20120811,1.14,5.2942,3.2585,2.3556,0.54,27.98,28.57,27.49,80.59,2.82,3.39,2.51,100.18
20120812,1.99,4.8811,2.8747,2.2793,0.5,27.85,28.61,27.23,83.29,3.77,4.85,3.3,100.11
20120813,2.36,3.9053,0.9905,2.4377,0.4,27.52,28.03,27.11,85.19,4.64,5.16,4.01,100.02
20120814,2.96,5.1017,3.0854,2.4053,0.52,27.15,27.74,26.43,84.52,4.05,5.94,3.52,100.04
20120815,6.69,4.3644,2.1984,2.1238,0.45,28.01,28.8,27.39,82.66,3.55,7.6,3.09,99.95
20120816,5.82,3.9276,1.0085,2.4787,0.4,27.12,27.5,26.81,85.1,5.43,8.07,4.6,99.93
20120817,8.32,3.1243,0.3492,2.2483,0.32,26.3,26.76,25.77,83.71,2.47,3.59,2.17,99.97
20120818,2.2,5.0654,2.6129,2.4542,0.51,26.65,26.94,26.13,83.51,2.91,3.45,2.57,100.03
20120819,13.25,4.3493,1.2482,2.5757,0.44,26.94,27.31,26.48,86.29,3.92,6.28,3.43,100.05
20120820,15.82,4.35,2.237,2.1554,0.44,27.52,28.46,26.63,84.39,4.19,5.68,3.65,99.98
20120821,6.42,2.4338,0.1543,1.7482,0.25,26.61,27.29,26.11,85.83,4.41,5.55,3.83,100.03
20120822,4.95,4.7491,2.3501,2.3786,0.48,26.65,27.21,26.1,84.96,3.64,4.59,3.16,100.03
20120823,20.42,3.3574,0.3938,2.2915,0.34,26.58,27.23,26.08,84.97,2.51,4.57,2.18,100.04
20120824,15.48,3.8671,1.2322,2.1223,0.39,26.83,27.46,26.04,84.19,3.06,4.26,2.67,100.09
20120825,3.19,4.4734,1.3126,2.5877,0.45,27.78,28.46,27.02,80.19,2.38,3.16,2.1,100.06
20120826,15.33,3.7471,0.4584,2.5682,0.37,26.93,27.21,26.56,87.65,4.46,7.07,3.83,100.02
20120827,11.91,3.3235,1.0541,1.9834,0.33,26.45,27.12,25.98,86.32,5.27,6.72,4.51,100.13
20120828,3.79,2.6388,0.0583,1.9786,0.26,25.84,26.28,25.17,82.0,3.15,5.14,2.76,100.3
20120829,1.8,4.7503,1.6282,2.6983,0.47,26.62,27.19,25.81,82.2,2.93,5.31,2.57,100.25
20120830,24.01,4.872,2.3438,2.5562,0.48,27.2,27.75,26.29,83.85,3.0,4.4,2.67,100.21
20120831,6.29,6.1248,4.4362,2.3926,0.61,27.7,28.73,26.93,79.09,2.25,4.06,2.0,100.13
20120901,1.11,5.8682,4.4753,2.1838,0.58,27.47,28.27,26.61,83.26,4.3,5.1,3.72,100.06
20120902,0.6,5.4238,3.7464,2.2505,0.54,27.13,27.72,26.71,82.39,5.1,5.78,4.36,100.01
20120903,0.32,5.3729,3.5374,2.2226,0.53,27.18,28.0,26.38,80.7,4.52,5.84,3.89,99.98
20120904,23.93,4.2281,1.59,2.3042,0.42,26.99,27.55,26.48,84.96,5.14,5.87,4.39,100.03
20120905,14.3,3.3115,0.0677,2.4629,0.33,26.62,27.16,26.1,84.86,4.28,5.56,3.69,100.15
20120906,3.86,3.0401,0.5856,1.9361,0.3,26.63,27.25,25.8,84.93,4.43,5.56,3.83,100.16
20120907,0.21,5.3309,2.2687,2.9755,0.52,27.09,27.76,26.63,80.03,4.75,5.84,4.07,100.12
20120908,15.44,3.3478,0.6048,2.0393,0.33,26.45,26.89,26.0,82.42,3.25,4.65,2.8,100.14
20120909,5.44,4.865,1.679,2.6525,0.48,26.4,26.77,25.92,81.93,1.91,3.25,1.69,100.2
20120910,9.85,2.4617,0.0974,1.8283,0.24,26.43,27.27,25.82,77.82,2.44,4.0,2.14,100.23
20120911,17.99,4.2295,0.9991,2.5939,0.41,26.34,27.17,25.81,80.76,2.65,3.41,2.34,100.25
20120912,45.39,4.195,0.4805,2.909,0.41,26.08,26.44,25.74,84.25,3.0,3.83,2.66,100.27
20120913,18.23,4.3534,0.9086,2.862,0.43,26.52,27.3,25.55,76.66,3.42,4.18,2.98,100.26
20120914,0.32,4.6742,0.8772,3.2393,0.46,26.78,27.33,26.28,79.15,3.48,3.85,3.04,100.17
20120915,1.72,4.2329,1.7004,2.4962,0.41,26.69,27.06,26.05,80.93,2.6,3.83,2.28,100.14
20120916,2.0,4.4323,0.5503,2.9998,0.43,26.98,27.45,26.22,79.91,2.24,4.33,1.96,100.2
20120917,4.96,4.8725,1.1196,2.9868,0.47,27.38,27.88,26.99,79.67,1.42,1.67,1.28,100.19
20120918,6.98,5.3148,2.6441,2.641,0.52,26.99,27.52,26.39,85.7,2.47,3.18,2.19,100.12
20120919,7.56,3.7512,1.0385,2.1797,0.36,26.47,26.96,25.9,86.13,2.26,2.77,2.0,100.15
20120920,7.17,2.172,0.0612,1.6351,0.21,26.76,27.57,25.96,81.42,2.14,3.15,1.9,100.18
20120921,4.29,3.643,0.582,2.4958,0.35,26.53,27.25,25.73,83.87,2.92,3.36,2.57,100.15
20120922,2.1,3.9533,0.331,2.7341,0.38,26.57,26.95,26.04,85.91,2.07,3.24,1.83,100.09
20120923,27.53,4.7162,0.8741,2.9129,0.46,27.01,27.57,26.37,85.66,3.94,4.85,3.39,100.05
20120924,20.67,3.9629,0.9504,2.4185,0.38,26.7,27.01,26.36,83.99,3.33,5.12,2.89,100.0
20120925,2.24,3.8453,0.9574,2.249,0.37,26.72,27.28,26.05,82.59,5.11,5.78,4.36,100.07
20120926,11.88,4.5972,0.6451,3.3283,0.44,26.6,27.01,26.24,79.44,3.45,5.61,3.0,100.2
20120927,34.49,4.615,1.2449,2.6582,0.45,26.6,27.12,25.97,77.92,2.62,3.18,2.28,100.27
20120928,0.72,5.5939,3.9382,2.251,0.54,26.62,27.34,25.65,79.29,2.5,2.78,2.19,100.24
20120929,1.31,6.3739,4.3757,2.6436,0.62,27.13,27.81,26.54,78.73,1.6,3.04,1.43,100.21
20120930,0.33,5.9611,4.4969,3.2045,0.58,27.37,27.99,26.73,76.97,1.37,2.2,1.23,100.26
20121001,0.02,6.3857,4.7165,2.4334,0.62,27.74,28.54,27.2,74.7,1.29,2.4,1.14,100.3
20121002,1.05,4.0025,0.2328,2.9417,0.39,27.31,27.87,26.89,80.21,2.16,3.24,1.91,100.34
20121003,6.5,4.4582,1.4717,2.5222,0.43,27.14,27.6,26.63,86.06,4.7,6.61,4.0,100.18
20121004,4.56,4.2259,0.8162,2.8325,0.41,26.68,27.55,25.67,84.58,3.4,5.3,2.94,100.14
20121005,2.49,4.291,0.6542,2.9057,0.41,26.66,27.35,25.58,82.13,1.96,3.13,1.72,100.24
20121006,1.22,4.6349,2.1806,2.3633,0.45,26.92,27.28,26.43,82.68,3.72,4.33,3.23,100.26
20121007,1.03,4.5511,0.4214,3.3636,0.44,27.01,27.4,26.6,81.68,4.68,5.52,4.03,100.21
20121008,0.38,5.5937,3.3922,2.5608,0.54,27.14,27.89,26.36,80.52,3.97,4.49,3.44,100.09
20121009,3.78,3.3965,0.2942,2.3491,0.33,26.76,27.28,25.99,82.87,2.66,4.62,2.35,100.0
20121010,6.91,3.5604,0.6072,2.4461,0.34,26.55,27.17,25.47,85.23,3.45,4.96,3.01,100.02
20121011,6.79,4.32,0.9989,2.5742,0.42,26.64,27.01,25.57,81.36,2.31,3.44,2.07,100.07
20121012,18.47,3.4073,0.3634,2.4509,0.33,27.1,27.71,26.61,86.48,4.16,5.06,3.62,100.05
20121013,21.29,3.2635,0.0998,2.4626,0.31,26.07,26.67,25.36,86.19,2.7,5.04,2.35,100.16
20121014,1.46,4.7669,1.614,3.0151,0.46,26.09,26.8,25.16,82.34,1.88,2.38,1.66,100.2
20121015,4.42,4.3498,0.2983,3.2426,0.42,26.51,27.04,25.96,80.72,2.24,2.89,1.98,100.26
20121016,13.86,4.4933,1.0157,3.0852,0.43,26.73,27.39,26.19,79.8,1.81,2.45,1.61,100.22
20121017,25.84,5.2534,2.0945,3.2251,0.51,26.96,28.18,26.03,81.83,1.95,3.59,1.76,100.1
20121018,53.81,3.439,0.1354,2.5735,0.33,26.59,27.23,25.97,87.57,2.95,3.84,2.63,100.04
20121019,30.79,4.8634,0.6751,3.492,0.47,26.02,26.69,25.46,87.76,2.22,4.5,1.97,100.03
20121020,5.99,4.9106,0.6948,3.4447,0.47,26.16,27.14,24.97,81.16,1.91,2.91,1.72,100.06
20121021,18.52,4.061,0.7807,2.7043,0.39,26.29,26.9,25.73,84.08,2.13,3.44,1.92,100.08
20121022,2.83,4.8934,2.6686,2.4218,0.47,26.47,27.23,25.38,83.71,2.62,3.62,2.32,100.02
20121023,17.67,3.7858,1.1251,2.2728,0.37,26.12,26.54,26.0,84.65,1.83,3.43,1.57,99.93
20121024,8.15,4.7652,2.2826,2.4823,0.46,26.87,27.89,25.99,84.02,3.18,4.34,2.78,99.9
20121025,12.97,4.6704,1.8871,2.4698,0.45,26.06,26.64,25.05,85.65,1.81,2.65,1.57,99.88
20121026,34.39,2.0635,0.1332,1.459,0.2,25.48,25.94,24.93,88.91,2.29,3.73,2.04,99.84
20121027,7.05,4.723,0.7003,3.2638,0.46,26.46,27.17,25.93,85.36,2.5,3.36,2.19,99.85
20121028,12.77,2.789,0.331,1.9649,0.27,26.56,27.06,26.01,85.25,1.74,2.72,1.55,99.84
20121029,29.15,4.7362,1.729,2.6465,0.46,26.51,27.64,25.67,86.78,2.58,4.07,2.31,99.82
20121030,47.68,4.5012,1.3198,2.5999,0.44,26.04,27.0,24.99,87.63,3.25,4.08,2.88,99.86
20121031,42.29,4.1035,0.6696,2.8481,0.4,25.76,26.62,24.93,85.35,2.07,3.59,1.84,100.01
20121101,4.62,4.613,0.6538,3.3226,0.45,25.76,26.41,25.08,86.51,2.39,3.24,2.1,100.03
20121102,4.38,4.2118,1.5468,2.5226,0.41,25.36,26.17,24.44,85.96,1.4,2.91,1.25,100.02
20121103,63.41,3.7246,0.4786,2.7067,0.36,25.73,26.58,25.22,90.47,3.97,5.47,3.44,100.0
20121104,51.69,4.177,1.7587,2.6213,0.41,25.36,26.01,24.68,91.19,4.22,5.51,3.65,100.07
20121105,11.27,3.9444,0.3554,2.7893,0.39,25.31,26.26,24.1,83.7,1.82,3.39,1.63,100.08
20121106,11.01,5.1331,1.913,3.2215,0.5,26.19,27.18,25.26,82.15,1.86,2.34,1.65,100.04
20121107,4.08,4.6939,0.8261,3.2645,0.46,26.04,26.71,25.32,82.99,1.92,2.84,1.69,99.99
20121108,14.65,4.1875,0.8112,2.9021,0.41,26.35,27.26,25.88,84.08,2.52,4.09,2.22,99.9
20121109,27.93,4.5854,0.685,3.3482,0.45,26.13,26.67,25.37,89.8,3.45,4.44,2.98,99.94
20121110,27.18,4.6649,1.7849,2.7,0.46,26.2,27.01,25.35,90.05,4.12,5.93,3.52,100.05
20121111,20.93,3.7246,0.1248,2.7859,0.37,25.74,26.16,25.19,88.44,4.44,6.37,3.82,100.12
20121112,13.09,4.3558,0.3881,3.1812,0.43,26.09,26.52,25.49,89.09,4.94,6.03,4.24,100.04
20121113,13.11,4.5768,0.8018,3.0634,0.45,26.4,26.93,25.91,87.24,5.88,7.26,5.01,100.08
20121114,6.39,5.7569,3.4822,2.6263,0.57,26.51,26.99,25.64,87.48,4.77,6.11,4.11,100.03
20121115,1.53,5.8781,3.1726,3.2066,0.58,27.13,27.83,26.37,81.32,2.94,5.36,2.57,100.04
20121116,3.24,5.7487,3.3677,2.6573,0.57,26.47,27.01,25.75,82.55,1.6,2.56,1.41,100.12
20121117,54.3,4.1906,0.7123,2.658,0.41,26.54,27.09,25.62,84.96,3.72,6.28,3.23,100.12
20121118,19.02,4.8631,1.2864,3.1567,0.48,26.27,27.03,25.25,83.25,3.16,4.44,2.77,100.17
20121119,6.88,4.2866,0.7483,2.9285,0.42,26.08,26.78,25.72,82.49,2.83,4.42,2.49,100.2
20121120,0.01,5.5817,2.9266,2.8687,0.55,27.36,27.98,26.72,74.59,2.07,3.03,1.82,100.17
20121121,5.12,5.5709,2.4221,3.0331,0.55,27.39,27.92,26.92,79.67,2.48,3.32,2.17,100.13
20121122,10.6,4.7395,1.1326,3.0067,0.47,27.37,27.95,26.83,81.19,2.98,3.85,2.62,100.09
20121123,33.31,3.535,0.4843,2.569,0.35,27.09,27.65,26.41,83.32,3.48,4.24,3.06,100.1
20121124,9.62,5.0482,2.3206,2.6628,0.5,26.82,27.66,26.32,85.95,4.32,5.06,3.77,100.08
20121125,17.82,4.2106,0.6187,2.9659,0.42,26.55,27.31,25.86,80.61,1.7,3.36,1.52,100.09
20121126,44.74,4.7549,1.4942,2.7221,0.47,26.67,27.41,26.01,83.37,2.01,3.52,1.77,100.06
20121127,30.96,4.8209,0.9348,3.049,0.48,26.61,26.99,26.19,87.65,3.49,4.25,3.06,100.03
20121128,7.85,4.0414,0.5609,2.7641,0.4,26.57,27.21,26.02,86.23,3.29,4.48,2.89,100.06
20121129,6.17,4.7134,1.5348,3.2892,0.47,26.31,26.58,26.09,85.5,2.77,4.96,2.4,99.99
20121130,8.37,5.0702,2.064,2.8966,0.51,26.45,26.95,25.74,83.52,1.91,2.54,1.68,99.99
20121201,16.2,4.411,0.4886,3.0674,0.44,26.24,26.74,25.69,90.27,4.41,7.69,3.79,100.03
20121202,7.45,4.0286,0.1795,3.0871,0.4,26.59,27.16,25.9,82.8,3.45,7.46,2.98,100.12
20121203,1.37,5.1077,1.3706,3.6994,0.51,27.06,27.76,26.51,76.69,1.9,2.95,1.68,100.11
20121204,1.93,3.9996,0.2422,2.8788,0.4,27.09,27.53,26.8,79.2,3.35,4.64,2.95,100.07
20121205,3.58,4.7844,1.6774,2.8939,0.48,27.07,27.58,26.4,75.22,3.4,5.31,2.97,100.08
20121206,2.44,5.443,3.1591,2.6153,0.55,27.75,28.79,26.93,74.17,1.75,2.49,1.55,100.03
20121207,2.99,4.1186,1.14,2.3902,0.41,27.17,27.56,26.61,82.45,1.59,2.21,1.42,100.07
20121208,6.01,3.8885,0.8902,2.4038,0.39,27.29,27.77,26.75,79.47,1.89,2.94,1.69,100.1
20121209,4.31,5.1158,2.4588,2.628,0.51,26.44,26.87,25.79,81.81,2.19,3.51,1.96,100.09
20121210,10.3,4.6567,2.2104,2.4144,0.47,26.21,26.74,25.62,83.23,3.2,3.73,2.81,100.1
20121211,6.48,3.785,0.1999,2.8183,0.38,25.93,26.11,25.68,85.82,2.7,5.35,2.37,100.1
20121212,15.6,5.251,2.6837,2.7768,0.53,26.67,27.33,25.96,86.12,4.48,6.2,3.87,100.04
20121213,12.08,3.534,0.1399,2.6899,0.36,27.06,27.79,26.41,78.4,2.56,3.81,2.3,100.05
20121214,16.46,5.1002,3.5081,2.2598,0.51,27.14,27.75,26.1,82.27,2.84,4.35,2.49,100.1
20121215,13.66,4.5953,1.5485,2.7118,0.46,25.79,26.4,24.94,85.03,2.43,3.27,2.16,100.11
20121216,6.86,3.6406,0.1145,2.7398,0.37,26.6,27.33,26.25,85.99,3.43,4.7,3.04,100.04
20121217,24.52,4.086,1.4059,2.4631,0.41,26.33,26.86,25.94,89.76,4.66,5.76,4.08,99.95
20121218,21.45,4.2094,0.5774,2.981,0.42,26.19,26.82,25.84,86.19,1.95,5.63,1.8,100.02
20121219,25.18,4.5319,2.1847,2.4434,0.46,26.45,27.32,25.77,83.32,1.79,3.17,1.65,99.96
20121220,14.14,4.1006,0.3842,3.0367,0.41,26.13,26.61,25.61,88.35,3.32,5.88,2.94,99.88
20121221,23.03,4.7993,3.3626,2.2207,0.48,26.85,27.25,26.18,83.32,3.58,4.87,3.11,99.88
20121222,16.88,4.4813,0.9806,2.9374,0.45,26.48,27.04,25.56,85.04,3.62,6.11,3.16,99.87
20121223,11.96,3.5407,1.0313,2.2812,0.36,26.62,27.7,25.27,81.93,1.94,3.56,1.71,99.91
20121224,15.77,4.5732,1.77,3.1318,0.46,26.69,27.48,26.13,85.98,3.71,4.39,3.25,99.9
20121225,8.32,3.8304,0.521,2.6412,0.39,25.9,26.15,25.69,87.08,2.65,4.1,2.36,99.93
20121226,6.26,4.5278,0.8503,3.3722,0.46,27.22,27.88,25.85,76.7,1.52,2.48,1.37,99.79
20121227,28.67,4.0627,0.3067,3.1058,0.41,27.09,27.54,26.76,83.8,2.48,3.75,2.16,99.77
20121228,50.11,4.2691,1.56,2.5769,0.43,26.51,27.03,26.04,90.32,3.98,4.64,3.44,99.73
20121229,93.64,5.0081,1.2192,3.5273,0.5,26.2,26.64,25.74,91.12,4.91,8.03,4.19,99.83
20121230,28.73,4.6517,0.678,3.4082,0.47,26.1,26.59,25.69,88.9,4.07,5.01,3.53,99.94
20121231,2.28,3.2357,0.0737,2.5075,0.33,26.25,26.84,25.37,80.4,2.36,4.8,2.07,100.02
20130101,5.78,4.1942,0.2938,3.1188,0.42,26.42,27.26,25.89,77.2,1.27,2.71,1.13,100.04
20130102,2.97,5.1794,1.5811,3.6574,0.52,26.94,27.86,26.01,75.58,1.36,2.59,1.2,100.12
20130103,0.66,5.2814,2.3777,3.3672,0.53,27.03,27.48,26.39,78.23,1.61,2.46,1.44,100.16
20130104,3.43,5.0837,1.1009,3.4831,0.51,26.83,27.55,26.21,77.33,0.97,2.34,0.86,100.07
20130105,3.36,5.6808,3.2074,2.9527,0.57,27.17,28.05,25.85,79.04,2.37,3.55,2.1,99.99
20130106,11.18,5.6136,2.2267,3.2966,0.56,27.27,27.86,26.65,81.02,2.14,3.28,1.89,100.09
20130107,8.36,5.0246,1.74,3.4795,0.5,27.27,28.03,26.34,81.16,2.1,3.94,1.85,100.06
20130108,7.75,3.9286,0.2105,2.9782,0.39,27.28,27.74,26.98,85.58,4.77,5.59,4.09,100.14
20130109,10.23,5.0506,0.893,3.6631,0.5,27.08,27.47,26.71,79.19,3.71,4.87,3.22,100.25
20130110,1.25,5.5994,4.0147,2.6602,0.56,27.16,27.85,26.29,78.91,3.78,4.71,3.28,100.2
20130111,3.01,5.633,2.5502,3.1987,0.56,27.58,28.4,26.67,75.79,2.87,4.64,2.49,100.24
20130112,2.78,4.6994,0.7188,3.3,0.47,27.21,27.55,26.64,78.84,3.8,5.01,3.32,100.28
20130113,39.59,4.1426,1.2358,2.5728,0.41,28.04,28.51,27.39,77.42,4.6,5.7,3.96,100.16
20130114,21.95,5.3986,4.2893,2.3215,0.54,27.99,28.42,27.29,78.47,3.62,4.68,3.17,100.14
20130115,2.29,3.9931,0.3718,2.9681,0.4,27.04,27.83,26.35,78.09,1.92,2.76,1.72,100.27
20130116,2.37,5.033,3.0197,2.5123,0.5,28.44,29.73,26.64,71.84,2.24,3.11,1.97,100.14
20130117,1.02,4.2014,2.0527,2.2222,0.42,28.27,28.82,27.56,80.25,3.74,5.65,3.25,100.03
20130118,13.8,3.6516,1.0594,2.6179,0.36,26.79,27.35,26.41,87.69,4.54,5.68,3.92,100.19
20130119,4.96,3.8465,1.8917,2.2294,0.38,27.57,28.55,26.43,77.74,2.53,4.87,2.24,100.16
20130120,5.61,5.0582,2.3194,2.6503,0.5,27.5,28.03,27.17,79.53,1.67,2.9,1.52,100.17
20130121,1.8,4.6363,2.3702,2.4509,0.46,27.83,28.6,27.27,79.07,2.1,4.44,1.87,100.18
20130122,14.41,4.939,3.737,2.1679,0.49,27.73,28.56,26.81,76.88,1.93,4.03,1.7,100.25
20130123,19.11,4.644,1.1729,2.9462,0.46,26.99,27.3,26.41,83.08,2.54,3.56,2.22,100.28
20130124,5.35,4.9843,1.2984,3.2244,0.49,27.27,28.23,26.1,77.42,2.36,3.53,2.1,100.24
20130125,10.26,4.6752,2.023,2.5886,0.46,27.25,27.81,26.54,83.91,3.84,4.28,3.34,100.16
20130126,9.83,3.9778,0.7978,2.6842,0.39,26.86,27.15,26.43,83.96,2.43,3.28,2.14,100.23
20130127,16.33,5.3016,2.911,2.6813,0.52,26.7,27.56,25.77,78.07,1.44,3.15,1.27,100.32
20130128,6.07,4.9584,2.4814,2.6227,0.48,26.98,27.43,26.49,79.46,2.37,3.37,2.09,100.23
20130129,3.41,3.03,0.6605,2.0366,0.3,27.64,28.49,27.11,76.94,2.45,4.69,2.17,100.21
20130130,3.2,4.9946,2.761,2.4274,0.49,27.33,28.41,26.29,77.73,2.26,3.37,2.03,100.32
20130131,2.27,5.1701,3.0979,2.4614,0.5,28.34,29.4,27.07,71.48,1.7,2.81,1.51,100.24
20130201,3.03,3.7985,0.431,2.6539,0.37,28.84,29.86,28.02,73.11,1.14,2.39,1.05,100.12
20130202,6.99,3.9991,0.4891,2.9527,0.39,28.52,29.29,27.98,78.26,2.07,4.04,1.86,100.02
20130203,7.8,5.6851,4.4741,2.9628,0.55,28.34,29.66,27.29,76.14,2.7,4.82,2.4,99.97
20130204,39.78,3.9396,0.2726,2.8774,0.38,27.27,27.7,26.68,82.52,3.23,4.33,2.87,100.16
20130205,30.2,3.629,0.1747,2.7334,0.35,26.22,26.59,25.95,87.09,3.74,4.41,3.29,100.31
20130206,10.16,4.1006,0.1819,3.0442,0.4,26.04,26.3,25.53,86.98,3.61,4.21,3.19,100.27
20130207,28.82,3.841,1.6644,2.1406,0.37,25.86,26.38,25.22,88.13,2.6,4.69,2.3,100.09
20130208,24.96,4.943,1.4789,3.3569,0.48,26.17,26.51,25.81,87.05,4.67,9.53,3.98,100.05
20130209,11.91,4.7129,1.8058,2.6328,0.45,25.9,26.5,25.09,85.02,2.63,4.16,2.32,100.14
20130210,2.46,4.1923,0.5119,3.0665,0.4,27.56,28.56,26.22,77.66,2.92,3.88,2.6,100.0
20130211,2.58,5.4302,4.02,2.2289,0.52,27.63,28.11,27.14,79.5,1.97,2.92,1.8,99.9
20130212,25.8,5.2915,3.3355,2.4854,0.51,27.45,28.38,26.82,81.22,1.85,2.87,1.72,99.88
20130213,12.97,3.8393,0.5772,2.6854,0.37,26.64,27.09,25.96,83.5,2.45,4.04,2.18,99.93
20130214,13.39,4.398,1.4117,2.4998,0.42,26.53,27.16,25.89,77.32,1.69,2.52,1.54,99.98
20130215,8.03,4.6325,0.5297,3.2054,0.44,26.04,26.47,25.66,86.39,3.19,4.25,2.83,99.98
20130216,37.75,4.6258,0.7013,3.2609,0.44,26.18,26.67,25.82,87.35,4.66,5.63,4.04,99.98
20130217,22.48,4.3843,0.1469,3.2542,0.42,26.05,26.41,25.66,83.6,3.01,3.98,2.65,100.02
20130218,28.73,4.553,1.3889,2.8289,0.44,26.15,27.01,25.53,84.19,2.99,3.65,2.64,99.98
20130219,42.89,3.8045,0.0871,2.838,0.36,26.37,27.23,25.34,84.21,3.98,4.35,3.46,100.0
20130220,13.61,4.9915,0.3984,3.6758,0.48,25.34,26.02,24.51,85.38,2.84,3.83,2.52,100.1
20130221,11.57,2.8714,0.0883,2.149,0.27,25.73,26.32,25.25,83.07,3.43,4.02,3.02,100.11
20130222,0.48,6.2119,5.6388,2.3779,0.59,26.83,27.29,26.05,77.56,2.99,3.8,2.63,100.12
20130223,1.09,5.5346,2.0026,3.6158,0.53,27.42,27.97,26.66,78.68,5.02,5.9,4.27,100.11
20130224,1.41,5.033,1.0606,3.3504,0.48,27.38,28.04,26.59,80.39,4.86,5.59,4.15,100.05
20130225,0.26,5.0868,0.7562,3.6314,0.48,27.62,28.27,26.91,80.45,4.25,4.7,3.64,100.05
20130226,3.29,5.8078,2.4737,3.6936,0.55,27.8,28.31,27.38,79.41,3.4,4.22,2.96,100.07
20130227,6.35,5.8195,4.4069,2.3753,0.55,27.93,28.45,27.45,74.95,2.61,4.52,2.28,100.1
20130228,14.52,4.8487,1.9459,2.7372,0.46,27.64,28.11,27.02,77.96,1.84,2.16,1.63,100.07
20130301,1.42,5.232,4.4191,2.1094,0.5,27.63,28.12,27.17,79.35,2.14,2.8,1.9,100.06
20130302,0.26,6.1982,4.6766,2.6143,0.59,27.68,28.38,27.05,81.2,1.89,2.52,1.69,100.13
20130303,0.23,5.8399,2.2692,3.8782,0.55,27.86,28.67,27.19,80.23,2.24,2.87,2.01,100.11
20130304,2.53,5.1814,3.3886,2.2416,0.49,28.13,28.77,27.39,82.37,3.87,4.7,3.36,100.11
20130305,0.9,5.7826,3.4255,2.9098,0.55,28.79,30.52,27.21,72.23,1.92,3.32,1.71,100.16
20130306,0.78,6.241,4.9262,2.3213,0.59,28.56,29.81,27.35,73.49,2.07,2.9,1.83,100.14
20130307,2.1,5.5843,3.6557,2.5531,0.53,28.12,28.72,27.64,80.1,2.21,2.92,1.98,100.12
20130308,2.53,4.7491,1.6606,2.7041,0.45,28.16,28.8,27.45,77.86,1.68,2.88,1.5,100.16
20130309,1.34,4.6169,2.2178,2.2896,0.44,27.83,28.37,27.18,79.54,1.93,2.79,1.72,100.17
20130310,1.87,5.3729,2.3705,2.7264,0.51,28.09,28.89,27.41,77.47,2.04,2.62,1.81,100.15
20130311,0.78,5.7257,3.6835,2.352,0.54,28.43,29.39,27.78,78.6,2.38,3.13,2.12,100.1
20130312,4.56,3.5662,0.6461,2.2716,0.34,27.59,28.08,27.09,83.19,2.65,3.26,2.32,100.21
20130313,1.46,6.0665,4.2142,2.4564,0.58,28.01,29.17,26.98,74.16,1.5,3.75,1.34,100.21
20130314,2.29,5.3551,2.7499,2.6861,0.51,28.13,28.68,27.68,78.24,3.01,4.36,2.65,100.15
20130315,7.55,3.1603,0.3084,2.2526,0.3,27.45,27.99,27.01,81.66,2.93,5.37,2.55,100.22
20130316,3.45,4.6596,1.8749,2.4466,0.44,27.84,28.72,27.19,80.29,2.79,4.37,2.49,100.21
20130317,4.1,5.3342,2.4108,2.6638,0.51,27.3,27.91,27.01,81.88,3.2,5.7,2.83,100.17
20130318,6.13,5.3834,1.8185,2.9534,0.51,27.98,28.62,27.35,76.7,2.23,2.74,1.97,100.0
20130319,4.13,5.369,2.3597,2.8114,0.51,27.98,28.66,27.15,79.48,2.49,3.28,2.19,99.99
20130320,9.12,2.6438,0.3562,1.9022,0.25,27.64,28.09,27.29,81.83,2.39,4.58,2.08,100.06
20130321,3.3,5.5531,2.7672,2.551,0.53,27.96,28.41,27.2,79.75,2.64,3.7,2.35,99.94
20130322,6.39,4.2823,1.1302,2.5174,0.41,28.0,28.58,27.1,83.3,3.99,4.59,3.46,99.87
20130323,3.03,5.4588,3.3226,2.4197,0.52,27.77,28.7,26.41,79.85,2.27,4.1,2.0,99.98
20130324,6.14,4.6781,1.2538,2.7706,0.45,27.65,27.93,27.24,82.17,2.22,2.77,1.96,99.97
20130325,6.1,5.0126,2.9666,2.1938,0.48,27.5,28.12,27.0,82.36,2.49,3.19,2.21,99.97
20130326,14.76,5.6155,2.665,3.0026,0.54,27.22,27.8,26.49,82.82,2.51,3.99,2.21,99.97
20130327,3.34,5.7079,2.4242,3.0151,0.55,27.2,27.67,26.48,83.94,2.75,3.47,2.43,100.01
20130328,4.4,4.8506,1.5358,2.6873,0.47,28.02,28.68,27.22,78.7,2.36,3.49,2.08,100.03
20130329,3.88,4.9639,2.178,2.6758,0.48,27.74,28.19,27.42,83.26,3.5,4.33,3.05,99.99
20130330,12.11,5.0225,1.4868,3.2263,0.48,27.47,27.81,27.05,84.03,2.59,2.92,2.27,99.96
20130331,5.58,4.6466,0.3773,3.4046,0.45,28.05,28.82,27.31,81.04,2.77,3.17,2.44,99.93
20130401,11.54,5.4377,2.9638,2.4816,0.52,27.64,28.22,26.44,85.02,3.94,6.68,3.41,99.98
20130402,37.26,5.1053,1.1837,3.4966,0.49,27.63,29.16,25.49,82.29,3.82,5.96,3.35,99.99
20130403,23.3,4.9414,2.3239,2.5968,0.48,26.97,27.49,26.78,87.67,5.1,6.4,4.39,99.99
20130404,33.83,4.0656,0.5112,2.9945,0.39,27.17,27.69,26.49,87.63,5.61,8.04,4.77,99.92
20130405,43.98,5.2238,1.361,3.4822,0.51,27.51,28.1,27.18,87.32,6.67,9.57,5.61,99.94
20130406,49.48,3.9478,0.1711,2.9719,0.38,27.25,27.88,26.92,85.84,7.22,8.96,6.05,99.95
20130407,14.11,3.7625,0.1438,2.843,0.37,26.56,26.96,26.0,84.8,5.62,6.41,4.83,99.97
20130408,9.04,5.7454,3.3281,2.8582,0.56,27.56,28.44,26.36,77.88,3.96,5.76,3.42,99.99
20130409,2.84,5.838,3.0754,2.8284,0.57,27.48,28.02,26.81,81.77,2.66,3.18,2.34,100.04
20130410,4.09,4.9121,0.9391,3.4685,0.48,27.39,27.67,27.07,82.61,3.34,5.73,2.92,100.07
20130411,2.58,5.8486,2.4326,3.2513,0.57,27.41,28.0,26.56,81.83,4.79,5.9,4.13,100.03
20130412,0.28,5.8817,3.4178,2.8622,0.58,28.02,28.6,27.41,80.01,2.33,4.05,2.06,100.0
20130413,1.16,5.9479,4.4714,2.2606,0.58,27.83,28.32,27.27,80.98,4.11,5.58,3.55,100.1
20130414,0.54,4.865,1.458,3.282,0.48,28.15,28.82,27.23,76.01,1.7,2.74,1.49,100.1
20130415,0.75,7.0042,6.6684,1.8869,0.69,28.25,28.96,27.68,78.36,2.59,3.46,2.29,100.02
20130416,17.86,5.6993,3.1615,3.0802,0.56,27.76,28.31,27.47,82.83,2.78,3.46,2.45,99.96
20130417,28.47,4.0392,0.2465,3.0214,0.4,26.75,27.58,25.62,76.36,2.77,4.56,2.44,100.08
20130418,0.23,5.5687,2.1254,3.7238,0.55,27.81,28.71,26.72,66.93,1.98,3.53,1.75,99.94
20130419,1.41,5.0712,1.8881,3.0432,0.5,28.24,28.88,27.72,73.46,2.12,2.66,1.91,99.99
20130420,1.65,5.3342,2.6412,2.665,0.53,27.94,28.6,27.54,79.19,1.67,2.63,1.5,99.98
20130421,3.32,3.7423,0.2784,2.7307,0.37,27.7,28.11,27.25,82.11,1.93,2.8,1.74,99.98
20130422,12.27,4.3159,1.2662,2.6071,0.43,27.88,28.48,27.42,81.02,2.12,2.91,1.91,100.02
20130423,17.28,5.37,3.6816,2.2169,0.54,27.46,27.9,26.91,84.12,2.62,3.12,2.34,100.09
20130424,14.15,5.7722,3.5278,2.6638,0.58,27.46,27.78,26.84,84.53,3.05,4.13,2.69,100.18
20130425,13.16,5.3635,3.9881,2.1158,0.54,27.16,27.99,26.38,82.16,2.42,3.15,2.13,100.22
20130426,10.63,4.607,2.3882,2.2147,0.46,27.61,28.55,26.86,78.23,1.65,2.47,1.46,100.17
20130427,16.51,5.2356,2.8147,2.4922,0.53,27.62,28.35,27.03,78.86,1.4,2.43,1.23,100.05
20130428,13.55,4.3579,2.4026,2.0674,0.44,27.61,28.11,27.12,80.51,2.2,3.26,1.97,100.0
20130429,4.05,5.6839,4.2002,2.2234,0.57,28.02,28.4,27.59,79.95,2.79,3.91,2.48,99.95
20130430,36.16,5.3551,2.4168,3.0432,0.54,27.54,28.03,27.03,81.36,3.01,4.27,2.63,99.97
20130501,23.33,3.8822,0.2604,2.8452,0.39,26.96,27.39,26.35,80.39,1.97,3.3,1.74,99.92
20130502,3.34,5.6758,3.9074,2.3035,0.58,27.52,28.36,26.58,77.81,1.23,2.64,1.08,99.81
20130503,6.3,4.1933,1.2326,2.6599,0.43,28.02,28.49,27.61,79.96,2.81,3.33,2.47,99.83
20130504,6.92,4.6711,2.0719,2.4634,0.48,28.32,29.25,27.55,78.41,1.94,3.12,1.73,99.85
20130505,10.43,5.2205,3.3991,2.4823,0.53,27.37,27.94,26.91,85.15,2.84,3.75,2.57,99.9
20130506,23.22,4.7892,2.6374,2.555,0.49,27.55,27.9,27.03,86.46,4.52,5.95,3.91,99.87
20130507,24.09,4.3987,1.4539,2.695,0.45,26.67,27.22,26.45,89.89,4.61,5.53,4.01,99.94
20130508,18.56,4.1585,0.365,3.0881,0.43,26.53,27.17,25.89,85.41,2.01,2.72,1.77,100.08
20130509,10.18,4.4477,1.9589,2.5404,0.46,26.97,27.42,26.56,84.29,1.76,2.31,1.58,100.04
20130510,5.51,4.2871,1.7206,2.951,0.44,26.96,27.26,26.61,85.5,2.74,3.88,2.42,100.01
20130511,1.38,4.9164,1.5072,3.1286,0.51,27.47,28.39,26.38,82.82,2.83,3.49,2.52,99.93
20130512,0.66,6.5902,6.5189,1.7988,0.68,28.58,29.58,27.71,77.99,2.57,3.86,2.28,99.94
20130513,0.51,6.7034,7.488,1.374,0.7,28.75,29.57,28.06,79.62,2.58,3.78,2.27,99.95
20130514,0.78,5.7442,6.3166,2.5483,0.6,28.67,29.3,28.26,80.56,3.15,3.88,2.76,99.86
20130515,2.03,5.6609,4.4863,2.3998,0.59,28.44,29.04,28.03,82.55,2.86,3.46,2.54,99.88
20130516,0.93,3.8474,0.396,2.7343,0.4,28.29,29.17,27.38,79.45,2.25,3.41,1.99,99.96
20130517,2.02,6.4224,6.7709,1.5348,0.67,28.16,28.63,27.69,82.37,2.93,3.66,2.58,100.08
20130518,0.35,4.1839,0.5705,2.941,0.44,28.11,28.75,27.56,79.0,1.55,2.56,1.39,100.08
20130519,0.71,6.0485,6.3166,1.566,0.64,27.98,28.57,27.39,80.66,2.25,2.77,1.99,100.05
20130520,0.57,5.6465,4.5674,2.2306,0.59,27.86,28.54,27.19,79.07,1.44,2.24,1.27,100.03
20130521,9.73,4.2298,2.2234,2.1758,0.45,28.0,28.47,27.61,80.11,2.37,3.05,2.09,100.03
20130522,13.22,4.7623,1.5125,3.1555,0.5,26.91,27.46,26.57,85.23,2.76,3.99,2.44,100.12
20130523,5.26,5.2771,3.7183,2.2217,0.56,27.76,28.31,27.13,79.91,2.27,2.7,2.01,100.13
20130524,3.96,5.4062,2.9549,2.9479,0.57,27.83,28.8,26.63,72.78,1.91,3.03,1.69,100.12
20130525,5.59,4.9159,1.3572,3.2981,0.52,27.7,28.81,25.91,73.48,1.35,2.22,1.19,100.11
20130526,3.27,5.1348,3.721,2.2874,0.55,27.89,28.27,27.33,78.36,2.22,2.97,1.94,100.11
20130527,6.5,5.5188,3.7954,2.2757,0.59,26.68,27.35,25.84,81.55,2.08,2.94,1.84,100.18
20130528,1.97,5.4422,4.3104,2.0892,0.58,27.56,28.2,26.82,78.23,2.55,3.98,2.26,100.15
20130529,3.48,4.5108,0.9494,3.0638,0.48,28.12,28.8,27.29,76.99,2.04,2.82,1.82,100.09
20130530,3.77,5.6333,3.797,2.6429,0.6,28.2,28.59,27.83,79.27,2.8,3.51,2.47,100.04
20130531,0.83,6.365,6.5616,1.6097,0.68,27.91,28.53,27.45,79.42,2.17,2.79,1.95,99.96
20130601,1.87,6.0247,5.9573,1.7618,0.65,28.26,28.98,27.5,79.58,2.43,3.59,2.16,99.82
20130602,4.82,5.3285,4.0879,2.1607,0.57,28.05,28.48,27.74,78.43,3.38,4.59,2.96,99.82
20130603,36.61,4.5293,1.8905,2.4602,0.49,27.94,28.69,27.07,79.42,3.92,5.49,3.39,99.89
20130604,4.28,4.8384,3.0912,2.4197,0.52,27.97,28.78,27.29,79.8,3.99,5.38,3.45,99.97
20130605,0.3,6.169,5.8584,1.9262,0.66,28.09,29.01,27.06,78.23,4.25,5.95,3.66,100.04
20130606,0.26,5.725,4.4098,2.2711,0.62,28.54,29.55,27.9,75.35,2.23,3.34,1.99,99.95
20130607,0.17,4.842,1.8946,3.0698,0.52,28.69,29.62,27.82,77.32,2.21,3.7,1.97,99.89
20130608,2.85,5.0959,3.9622,2.0251,0.55,28.27,28.65,27.88,79.59,1.95,2.39,1.71,99.88
20130609,12.02,4.4124,1.2002,2.6782,0.48,27.4,27.83,26.92,82.42,2.44,4.02,2.17,99.92
20130610,50.87,4.8814,2.8505,2.4346,0.53,27.26,27.71,26.74,87.04,6.13,7.86,5.22,99.89
20130611,32.91,3.3588,0.425,2.5145,0.36,27.09,27.63,26.72,83.37,5.14,7.59,4.4,100.0
20130612,4.32,4.6061,1.4374,3.0187,0.5,27.39,28.26,26.39,80.2,3.54,5.09,3.1,99.87
20130613,2.08,4.9594,3.323,2.2718,0.54,27.89,28.39,27.34,78.86,3.48,4.66,3.05,99.83
20130614,2.61,4.3987,1.183,3.023,0.48,27.82,28.38,27.32,78.24,3.43,4.59,2.99,99.88
20130615,4.24,4.6351,0.8294,3.2568,0.5,27.74,28.25,27.21,82.42,3.68,4.5,3.19,99.86
20130616,17.04,3.5647,0.2436,2.688,0.39,27.3,27.75,26.73,81.72,4.62,6.2,3.96,99.99
20130617,5.42,3.3593,0.1375,2.567,0.37,27.18,27.92,26.42,79.16,3.32,3.97,2.93,99.88
20130618,2.76,5.5464,4.9452,2.1139,0.6,27.7,28.35,26.81,82.37,4.07,5.31,3.5,99.84
20130619,0.83,6.1622,6.145,1.7938,0.67,28.09,29.04,27.22,76.86,4.04,5.02,3.46,99.95
20130620,1.94,6.1922,6.03,1.943,0.67,28.04,28.67,27.37,75.47,3.74,5.41,3.2,100.01
20130621,0.11,5.7588,4.2864,2.4514,0.63,28.13,28.76,27.47,75.74,4.22,5.19,3.61,100.03
20130622,0.14,5.3702,3.2758,2.6006,0.58,28.16,28.85,27.5,74.66,3.95,4.26,3.4,100.0
20130623,0.1,6.1505,5.5334,2.0635,0.67,27.9,28.69,27.08,78.01,3.28,3.87,2.88,99.98
20130624,0.35,6.1951,5.6424,2.0275,0.67,28.38,29.25,27.52,76.83,3.41,4.31,2.98,100.07
20130625,1.5,5.0654,2.941,2.4274,0.55,28.64,29.48,27.87,77.26,2.66,3.45,2.37,100.14
20130626,12.69,3.3298,0.8201,2.0935,0.36,27.93,28.41,27.42,83.64,3.68,7.29,3.22,100.18
20130627,6.26,4.3788,1.6073,2.4715,0.48,27.33,27.68,26.71,79.81,4.54,7.73,3.92,100.22
20130628,4.63,4.6068,2.0801,2.4739,0.5,27.57,28.07,27.21,78.24,3.33,4.75,2.9,100.1
20130629,2.45,5.2022,3.5414,2.3599,0.57,27.43,28.28,26.65,77.82,1.85,3.16,1.63,100.06
20130630,5.18,4.7201,2.1206,2.8586,0.51,27.62,28.04,26.93,79.74,3.0,3.52,2.63,100.02
20130701,22.37,5.2908,3.9929,2.2716,0.57,26.91,27.55,26.38,84.69,2.29,4.12,2.01,99.93
20130702,9.62,3.5856,0.3326,2.6213,0.39,26.71,27.13,26.06,83.96,3.37,4.54,2.93,99.97
20130703,12.43,4.9663,2.2106,3.1831,0.54,27.04,27.74,26.17,82.55,3.37,5.36,2.96,99.93
20130704,29.72,2.7679,0.1858,2.0887,0.3,27.15,27.91,26.57,82.34,7.46,9.61,6.26,99.94
20130705,2.77,3.2806,0.0638,2.4905,0.36,27.42,28.24,26.3,72.92,3.03,5.41,2.69,99.9
20130706,0.36,5.7538,4.2826,2.5152,0.62,28.12,28.75,27.54,70.41,1.17,1.64,1.07,99.92
20130707,0.53,6.3286,6.845,1.4875,0.69,28.03,28.76,27.38,74.06,1.58,2.3,1.38,99.97
20130708,6.74,4.8058,3.2645,2.3342,0.52,27.12,27.72,26.56,80.45,2.74,3.39,2.39,100.04
20130709,3.99,3.3581,0.162,2.5536,0.36,26.31,26.87,25.53,83.67,2.83,3.71,2.47,100.04
20130710,0.79,5.6923,4.9258,1.9862,0.61,26.96,27.86,25.34,74.88,2.08,3.39,1.84,99.96
20130711,3.01,5.1854,4.074,2.0047,0.56,27.46,27.72,27.03,72.35,1.74,3.15,1.55,100.01
20130712,14.7,4.7496,3.0775,2.3138,0.51,27.19,27.6,26.58,82.16,4.27,6.57,3.68,100.03
20130713,7.59,4.3224,0.7776,3.173,0.46,27.66,28.35,27.01,74.85,5.14,6.62,4.4,100.03
20130714,14.7,3.2784,0.6072,2.315,0.35,26.65,27.07,26.06,82.3,4.05,5.12,3.51,100.07
20130715,1.5,4.939,2.8106,2.519,0.53,26.15,26.74,25.74,82.65,2.33,3.15,2.06,100.11
20130716,1.34,5.279,3.971,2.1276,0.57,27.49,28.18,26.69,78.2,3.61,5.08,3.13,100.05
20130717,11.86,3.0103,0.0403,2.2882,0.32,26.32,27.03,25.77,85.94,3.29,5.54,2.88,100.1
20130718,8.13,3.1997,0.1159,2.4142,0.34,26.62,27.21,25.82,74.21,2.57,7.26,2.22,100.08
20130719,0.07,5.6551,5.3544,2.5046,0.6,27.42,27.99,26.92,72.32,1.85,3.22,1.64,100.03
20130720,0.23,5.8214,5.4852,1.8804,0.62,27.12,27.55,26.55,78.13,1.89,3.35,1.65,100.02
20130721,0.22,5.0299,2.0352,3.2093,0.54,26.85,27.33,26.38,82.61,2.57,2.99,2.26,99.9
20130722,0.39,6.491,6.851,1.5499,0.69,26.95,27.63,26.12,79.34,2.01,2.65,1.79,99.9
20130723,0.09,6.2705,6.073,1.789,0.67,27.91,28.81,26.96,73.91,1.79,2.79,1.6,99.98
20130724,0.79,5.3923,4.7789,2.0402,0.57,28.07,28.81,27.55,73.57,1.42,2.61,1.27,100.08
20130725,2.51,4.2019,0.3029,3.0914,0.44,27.41,27.65,27.06,79.14,2.38,4.14,2.1,100.12
20130726,5.53,4.5199,3.3912,1.8422,0.48,27.38,27.9,27.01,80.9,3.23,4.35,2.83,100.11
20130727,2.67,4.8833,1.5178,3.2621,0.52,27.34,28.01,26.49,77.36,1.88,3.4,1.66,100.15
20130728,2.44,5.7077,4.219,2.3551,0.6,28.18,28.99,27.65,74.05,1.87,3.0,1.66,100.12
20130729,7.59,4.3822,0.9898,2.9736,0.46,26.4,27.55,25.49,83.47,2.57,4.4,2.26,100.24
20130730,23.03,5.8178,4.7825,2.0479,0.61,26.82,27.77,25.42,77.77,2.23,3.5,1.98,100.06
20130731,10.16,4.613,1.4105,2.7826,0.48,26.61,27.28,26.0,83.64,3.83,4.88,3.36,99.99
20130801,25.03,3.93,0.5239,2.7785,0.41,26.5,27.59,25.93,81.51,2.66,3.85,2.36,100.08
20130802,2.07,4.1808,0.4183,3.0082,0.44,27.3,28.11,26.02,69.72,2.43,3.45,2.13,100.15
20130803,2.22,4.3157,1.1654,2.868,0.45,27.53,28.08,26.99,75.19,1.89,2.98,1.67,100.09
20130804,5.79,5.8634,4.2518,2.3916,0.61,27.18,27.99,26.5,78.45,3.43,4.3,3.0,100.12
20130805,7.36,4.4417,0.6425,3.1994,0.46,26.32,26.83,25.58,82.49,3.3,4.07,2.9,100.14
20130806,5.18,4.8343,2.1984,2.6453,0.5,27.05,27.76,26.44,83.18,5.7,6.83,4.84,100.06
20130807,49.86,4.8355,1.2842,3.0367,0.5,26.31,26.91,25.67,86.15,5.17,6.3,4.45,100.14
20130808,54.51,3.744,0.3449,2.7295,0.39,25.89,26.38,25.39,83.4,2.51,5.75,2.2,100.17
20130809,5.66,5.406,2.7749,2.8195,0.56,26.69,27.52,25.26,75.82,2.69,4.19,2.39,100.08
20130810,8.74,5.495,2.8301,2.6798,0.57,26.77,27.69,25.69,79.89,3.24,3.84,2.83,100.11
20130811,10.93,3.9946,0.9941,2.7761,0.41,25.79,26.26,25.41,81.35,1.93,3.07,1.72,100.21
20130812,1.21,5.538,3.9158,2.532,0.57,27.18,27.83,26.3,73.7,2.07,3.24,1.84,100.05
20130813,1.4,4.5413,0.4615,3.3722,0.46,26.87,27.37,26.24,80.87,1.21,1.56,1.08,99.97
20130814,0.32,5.1041,1.698,3.2318,0.52,27.04,27.68,26.53,80.88,1.57,2.04,1.4,100.0
20130815,0.82,5.0033,3.1438,2.3746,0.51,27.5,28.21,26.56,79.9,2.03,2.78,1.82,100.09
20130816,1.13,6.8904,6.8458,1.6642,0.7,27.59,28.26,27.14,77.75,1.46,2.5,1.31,100.04
20130817,1.7,5.2282,2.55,2.8054,0.53,28.13,29.02,27.18,75.17,1.44,1.97,1.34,100.02
20130818,14.36,5.4252,4.3802,1.8917,0.55,27.54,28.01,27.01,82.47,2.03,3.97,1.81,100.07
20130819,71.22,2.579,0.1867,1.8341,0.26,26.04,26.99,25.43,84.64,4.85,6.81,4.21,100.15
20130820,0.67,4.651,0.6089,3.2873,0.47,26.31,26.8,25.99,78.69,1.98,3.79,1.74,100.18
20130821,1.1,4.8593,2.0789,2.603,0.49,27.48,28.16,26.85,76.74,2.69,4.23,2.38,100.02
20130822,8.51,5.1197,2.8169,2.4262,0.52,26.6,27.2,26.27,81.6,2.81,4.69,2.46,100.1
20130823,6.56,5.2973,2.9837,2.5661,0.53,26.65,27.11,26.03,78.49,1.84,3.14,1.62,100.15
20130824,2.82,5.8008,4.7602,2.0628,0.58,27.71,28.39,26.85,74.28,1.61,2.6,1.42,100.04
20130825,6.42,5.6561,4.4417,2.2241,0.57,27.94,28.34,27.43,79.96,2.93,3.46,2.58,99.91
20130826,5.38,6.5107,5.8517,2.0023,0.65,28.07,29.07,27.26,77.91,2.46,3.21,2.19,99.91
20130827,0.66,6.1013,5.011,2.1022,0.61,28.37,29.64,27.23,73.24,2.96,3.85,2.58,99.97
20130828,23.27,5.3388,3.1363,2.3362,0.53,28.17,28.95,27.49,78.34,2.32,4.34,2.07,100.04
20130829,9.55,5.0791,2.5519,2.4367,0.51,27.31,27.88,26.52,83.04,1.35,2.17,1.27,100.07
20130830,19.36,4.9536,2.2529,2.7557,0.49,27.15,27.72,26.73,85.57,3.08,4.73,2.74,100.02
20130831,18.94,4.8756,2.1228,2.7636,0.48,27.09,27.97,26.27,83.22,3.91,6.11,3.45,99.99
20130901,15.18,3.9535,0.2794,2.9143,0.39,26.66,27.15,26.37,84.55,2.23,3.7,2.04,100.02
20130902,6.57,4.7844,2.1298,2.8466,0.47,27.71,28.77,26.76,78.9,1.35,3.53,1.25,100.07
20130903,32.86,4.1878,1.3874,2.5531,0.41,27.67,28.74,27.04,78.3,1.6,3.48,1.46,100.09
20130904,41.41,4.1849,0.7066,2.9172,0.41,26.6,26.91,25.89,88.7,4.43,8.4,3.82,100.0
20130905,39.46,3.8604,0.3187,2.8027,0.38,25.83,26.33,25.07,87.12,3.89,5.83,3.41,100.09
20130906,20.7,3.3698,0.5974,2.2169,0.33,26.27,26.66,25.98,85.95,4.89,5.97,4.23,100.19
20130907,9.7,4.6805,0.8129,3.4392,0.46,26.6,27.47,25.4,77.61,2.36,3.43,2.1,100.18
20130908,2.1,4.9447,2.5327,2.5771,0.49,27.92,28.84,27.11,71.94,2.91,3.56,2.58,100.14
20130909,17.67,4.3661,0.5182,3.1241,0.43,26.85,27.7,25.86,80.57,2.29,3.91,2.03,100.15
20130910,24.63,3.2318,0.2556,2.3486,0.32,25.3,25.76,25.03,86.15,1.99,3.48,1.77,100.12
20130911,7.31,5.1151,1.1647,3.3725,0.5,26.56,27.74,25.36,78.62,1.45,2.64,1.29,100.04
20130912,3.25,4.9219,2.3906,2.4991,0.48,26.84,27.51,25.87,80.4,1.76,2.91,1.54,100.1
20130913,35.86,4.3238,0.7711,2.9014,0.42,26.35,26.86,26.05,83.77,3.11,5.45,2.7,100.19
20130914,16.77,4.0279,0.8369,2.525,0.39,26.12,26.89,25.25,87.01,4.21,6.66,3.62,100.16
20130915,4.2,4.2084,0.197,3.1668,0.41,26.02,26.9,25.24,79.58,2.0,3.28,1.78,100.07
20130916,6.87,4.9572,2.7922,2.2913,0.48,27.03,27.5,26.56,77.39,1.49,2.58,1.32,100.05
20130917,3.76,5.4636,1.9361,3.3766,0.53,25.98,26.51,25.32,82.81,3.5,5.55,3.05,100.18
20130918,0.76,5.7293,2.3225,3.4157,0.56,26.72,27.81,25.06,76.91,1.91,2.62,1.72,100.09
20130919,5.89,5.37,2.4826,2.5966,0.52,26.75,27.04,26.31,82.47,1.96,2.34,1.73,100.03
20130920,2.26,5.7106,4.4707,2.3585,0.55,27.28,28.18,26.35,79.51,3.17,3.78,2.78,100.05
20130921,1.03,6.0881,4.4585,2.3813,0.59,27.51,27.83,27.03,78.24,2.44,3.23,2.14,100.09
20130922,2.36,5.4178,2.1341,3.2294,0.52,27.45,27.92,26.84,77.61,1.57,2.02,1.37,100.0
20130923,0.62,5.4998,2.3808,3.2374,0.53,27.92,28.95,27.15,75.82,1.38,3.14,1.21,99.9
20130924,3.23,5.4706,3.7063,2.4823,0.53,27.67,28.66,26.98,79.89,1.81,3.16,1.61,100.05
20130925,2.58,5.4972,2.5061,2.971,0.53,27.72,28.62,26.72,77.16,3.18,4.09,2.79,100.21
20130926,1.8,5.4598,2.364,3.3298,0.53,28.01,28.51,27.55,70.65,1.48,2.46,1.32,100.26
20130927,2.02,5.3772,1.9946,3.0218,0.52,28.01,28.76,27.43,74.2,2.06,3.34,1.8,100.2
20130928,14.8,4.9937,2.7864,2.3424,0.48,27.72,28.46,26.98,81.28,3.84,5.31,3.3,100.08
20130929,15.51,4.3445,0.8959,2.8615,0.42,26.75,27.57,25.47,83.79,4.72,5.85,4.06,100.07
20130930,7.13,4.4177,0.4286,3.1584,0.43,27.28,28.37,25.4,75.52,2.61,5.09,2.3,99.98
20131001,4.49,5.813,3.0336,2.9834,0.56,28.02,28.65,27.61,76.42,1.58,2.16,1.42,100.04
20131002,7.11,4.002,0.7111,2.8174,0.39,27.92,28.52,27.24,72.15,1.81,2.64,1.58,100.27
20131003,3.37,5.5032,3.8136,2.16,0.53,28.05,28.72,27.45,72.67,1.51,2.89,1.32,100.26
20131004,7.77,5.9875,3.0259,3.39,0.58,27.89,28.62,26.88,73.75,2.64,3.61,2.29,100.24
20131005,19.65,6.0077,3.397,2.6938,0.58,27.6,28.44,26.79,75.42,2.48,3.92,2.17,100.18
20131006,21.5,5.4002,3.9118,1.9416,0.52,26.99,27.34,26.41,80.0,3.17,4.61,2.75,100.17
20131007,15.1,4.9217,1.8866,2.7274,0.47,26.54,27.02,26.03,81.26,3.85,5.69,3.32,100.25
20131008,6.08,5.0026,2.509,2.5613,0.48,26.59,27.42,25.91,81.66,3.0,4.73,2.61,100.26
20131009,10.01,5.2392,1.8305,2.959,0.51,26.69,27.53,26.05,81.46,2.52,3.98,2.22,100.21
20131010,18.42,3.6782,0.7658,2.3916,0.35,26.88,27.81,26.16,86.31,3.62,4.53,3.19,100.15
20131011,53.55,4.6805,0.8429,2.9861,0.45,26.71,27.22,25.96,85.46,3.4,5.28,2.96,100.16
20131012,25.25,3.6413,0.0466,2.7506,0.35,26.88,27.77,26.2,82.09,3.95,6.05,3.44,100.12
20131013,1.47,4.9272,0.654,3.6276,0.48,26.48,27.05,25.53,81.48,2.23,4.14,1.95,100.16
20131014,10.66,5.1576,1.0394,3.7085,0.5,26.49,26.77,26.33,80.1,1.76,2.31,1.56,100.16
20131015,11.47,5.0508,1.5521,3.5436,0.49,26.63,27.4,26.12,80.43,1.81,2.86,1.62,100.15
20131016,5.95,5.5339,2.3131,3.0792,0.53,27.3,28.03,26.26,79.36,2.02,2.72,1.82,100.04
20131017,8.66,3.7855,0.9374,2.4017,0.37,26.68,27.45,25.74,88.59,4.27,6.84,3.68,100.01
20131018,47.32,4.1143,0.1385,3.0818,0.4,25.57,26.19,25.0,89.37,2.92,3.79,2.58,100.12
20131019,19.13,4.9176,0.7303,3.6377,0.48,26.61,28.05,24.96,83.91,3.23,6.39,2.78,100.1
20131020,40.51,4.4729,0.439,3.3036,0.43,26.48,26.84,26.12,88.95,6.15,7.23,5.23,100.06
20131021,11.11,4.0291,0.5558,2.6623,0.39,25.95,26.32,25.58,83.9,2.7,6.28,2.34,100.08
20131022,4.22,4.3562,0.3804,3.0766,0.42,26.09,26.64,25.84,78.76,1.29,1.82,1.15,100.14
20131023,4.08,4.2288,2.4139,1.8854,0.41,25.97,26.55,25.49,84.47,2.14,3.27,1.93,100.14
20131024,8.64,4.9104,0.8959,3.5189,0.48,26.54,27.24,25.87,80.42,1.88,2.96,1.66,100.13
20131025,6.62,5.2243,2.1562,2.6921,0.51,26.68,27.27,25.9,83.59,2.82,3.37,2.48,100.19
20131026,4.28,4.4801,1.3418,2.6242,0.43,27.71,28.4,27.03,76.38,2.79,3.64,2.43,100.15
20131027,21.74,4.0898,0.5532,2.682,0.4,26.81,27.41,25.45,82.14,2.54,3.76,2.2,100.23
20131028,7.12,5.1502,1.6668,2.9695,0.5,26.6,28.17,25.02,77.67,2.1,3.68,1.85,100.28
20131029,9.79,4.95,1.4299,3.0569,0.48,26.98,27.42,26.47,78.42,2.39,3.68,2.08,100.27
20131030,10.13,4.835,2.2697,2.5342,0.47,26.81,27.61,26.1,81.75,2.24,3.55,1.95,100.24
20131031,6.18,4.8161,2.5046,2.3455,0.47,26.42,26.87,25.98,83.81,2.04,3.58,1.78,100.19
20131101,5.25,3.9989,0.4682,2.665,0.39,25.69,26.31,25.36,84.19,1.86,2.4,1.64,100.12
20131102,3.81,4.739,2.2838,2.3503,0.46,26.1,26.65,25.34,83.3,2.22,3.89,1.94,100.05
20131103,16.84,4.122,1.0361,2.532,0.4,26.16,26.69,25.39,86.38,3.7,4.61,3.19,100.04
20131104,27.19,4.9138,1.5638,2.767,0.48,25.91,26.98,25.12,85.11,2.86,4.38,2.52,100.13
20131105,11.75,4.6644,1.2785,2.7617,0.46,25.63,26.07,25.16,89.19,3.26,3.83,2.84,100.14
20131106,12.64,4.1292,0.9317,2.4847,0.4,25.55,25.83,25.31,88.49,2.95,3.62,2.6,100.1
20131107,20.67,5.7955,3.6571,2.567,0.57,25.86,26.51,25.19,86.94,2.88,3.48,2.53,100.03
20131108,22.31,4.5163,1.177,2.6333,0.44,26.0,27.24,25.09,84.23,2.5,3.37,2.22,99.95
20131109,8.55,5.0314,1.7158,3.1531,0.49,26.01,26.88,25.14,82.09,1.49,2.26,1.31,99.95
20131110,7.66,3.6324,0.2102,2.5651,0.36,26.03,26.91,25.0,84.35,1.99,3.05,1.76,99.91
20131111,8.3,3.0182,0.1882,2.1502,0.3,26.04,26.63,25.45,84.03,2.04,3.92,1.8,99.94
20131112,7.45,4.4016,0.6535,3.2395,0.43,26.73,27.71,25.95,77.7,2.22,3.38,1.97,99.89
20131113,15.4,4.2209,0.6007,3.0149,0.42,25.97,26.5,25.53,86.02,2.82,4.54,2.46,99.93
20131114,17.47,4.2638,0.2525,3.1819,0.42,25.7,26.42,24.78,85.05,2.22,3.99,1.97,100.04
20131115,24.21,4.133,0.4022,3.0533,0.41,25.9,26.7,25.19,85.22,3.46,4.89,3.04,100.09
20131116,59.42,3.9754,1.1988,2.5661,0.39,26.09,26.55,25.44,85.97,3.68,5.44,3.21,100.06
20131117,10.73,3.4937,0.0526,2.6587,0.35,26.44,27.06,25.75,80.62,1.97,3.62,1.73,100.09
20131118,9.1,5.2862,2.8486,2.683,0.52,26.77,27.52,26.13,80.23,1.75,2.5,1.53,100.09
20131119,11.33,3.9084,0.5086,2.7089,0.39,26.42,26.8,26.13,86.42,4.5,5.74,3.89,100.13
20131120,10.53,5.3482,4.0694,2.3215,0.53,26.92,27.58,26.15,80.7,3.33,5.65,2.91,100.01
20131121,2.39,4.7914,1.6411,3.0689,0.48,27.05,27.46,26.63,78.68,2.34,3.86,2.04,99.89
20131122,4.25,5.297,3.8208,2.3333,0.53,27.75,28.52,26.84,73.88,1.94,3.17,1.69,99.92
20131123,1.96,4.6349,0.3643,3.4793,0.46,27.29,27.56,26.97,79.75,2.07,2.93,1.81,99.96
20131124,3.08,5.5337,4.3752,2.0453,0.55,27.3,27.96,26.76,79.67,1.88,2.51,1.66,100.03
20131125,39.93,4.5065,1.5305,2.526,0.45,26.63,27.07,26.06,82.37,2.91,4.07,2.56,100.0
20131126,10.01,5.2092,2.9674,2.5742,0.52,26.88,27.53,26.12,77.73,1.93,2.67,1.72,99.95
20131127,17.76,4.6075,2.7319,2.1511,0.46,26.94,27.44,26.42,82.41,2.8,4.05,2.46,100.02
20131128,12.57,4.4215,0.3079,3.3266,0.44,26.02,26.54,25.35,85.81,2.33,3.4,2.06,100.17
20131129,7.16,5.2056,2.1022,3.0257,0.52,26.72,27.53,26.0,82.16,2.34,3.21,2.06,100.05
20131130,21.85,3.6754,0.401,2.7386,0.37,26.26,26.97,25.51,87.08,2.81,5.63,2.47,99.98
20131201,9.91,3.5515,0.0912,2.7403,0.36,26.06,26.48,25.72,89.9,4.87,7.41,4.2,99.99
20131202,22.5,3.7702,0.1238,2.9069,0.38,26.36,27.04,26.03,88.78,5.38,7.62,4.61,99.98
20131203,93.94,2.789,0.5124,1.9987,0.28,25.82,26.51,25.1,90.06,5.16,9.09,4.41,100.02
20131204,9.99,3.8198,0.2868,2.8812,0.38,26.18,27.06,25.01,82.38,2.6,4.02,2.32,99.99
20131205,4.09,4.8732,2.5063,3.0962,0.49,26.47,27.0,25.61,82.65,1.83,2.61,1.65,99.83
20131206,15.45,3.7944,0.1961,2.8709,0.38,25.96,26.52,25.73,85.65,1.33,2.27,1.18,99.79
20131207,35.34,3.9677,0.4817,2.7384,0.4,26.0,26.85,25.21,83.45,2.11,3.16,1.86,99.96
20131208,8.77,3.2755,0.0386,2.5272,0.33,26.2,26.83,25.28,83.08,1.65,2.58,1.48,99.96
20131209,12.78,4.9855,3.0727,2.1926,0.5,26.15,26.44,25.86,85.56,2.17,3.58,1.95,99.88
20131210,51.67,3.5604,0.3814,2.579,0.36,26.3,27.21,25.51,85.42,3.06,5.03,2.67,99.86
20131211,7.81,4.3886,0.3638,3.3324,0.44,26.33,27.05,25.54,84.21,2.17,2.71,1.89,99.9
20131212,6.03,5.0707,2.1967,2.9453,0.51,26.28,26.98,25.7,82.62,1.99,2.87,1.74,99.9
20131213,3.01,4.2792,0.2726,3.2513,0.43,26.7,27.31,25.99,81.31,2.32,2.86,2.05,99.92
20131214,0.53,5.9225,4.3858,3.515,0.6,27.11,27.73,26.41,79.92,2.4,2.82,2.12,100.0
20131215,0.24,5.9966,4.8187,2.5694,0.6,27.39,28.08,26.48,76.49,1.87,3.02,1.63,100.01
20131216,10.17,4.3867,1.2665,2.8853,0.44,27.46,28.43,26.76,76.86,5.2,6.42,4.41,100.04
20131217,4.48,4.2062,3.1522,2.0894,0.42,27.13,28.02,26.44,81.57,6.02,6.42,5.09,99.96
20131218,0.46,4.9498,2.7187,2.5915,0.5,27.67,28.48,26.38,80.62,5.28,6.35,4.49,99.93
20131219,2.83,5.1739,2.5838,2.6861,0.52,28.08,28.81,27.59,76.84,2.14,2.87,1.93,99.99
20131220,7.87,4.0063,0.2822,3.0211,0.4,27.29,27.69,26.42,74.64,1.49,3.49,1.34,100.24
20131221,0.57,5.0566,1.1371,3.5263,0.51,27.48,28.02,27.0,71.25,1.4,2.23,1.26,100.25
20131222,0.19,4.7542,1.4318,2.9945,0.48,27.53,28.22,27.0,72.21,1.99,3.11,1.76,100.24
20131223,1.16,4.9831,0.9178,3.4572,0.5,27.55,28.73,26.46,75.95,1.82,3.15,1.62,100.18
20131224,1.46,5.2421,2.389,3.0475,0.53,27.79,28.38,27.42,75.9,1.87,2.87,1.68,100.19
20131225,3.73,4.567,0.8254,3.0636,0.46,27.39,27.88,26.92,81.42,2.17,2.79,1.92,100.17
20131226,4.22,4.1045,0.5978,2.9071,0.41,27.23,27.51,26.74,83.13,2.76,3.3,2.43,100.12
20131227,26.6,4.5214,2.0666,2.4382,0.46,27.25,27.45,26.87,83.92,3.22,4.01,2.81,100.05
20131228,55.23,3.4865,0.2959,2.5094,0.35,26.89,27.26,26.19,84.98,3.55,4.58,3.08,100.06
20131229,79.22,1.7364,0.0845,1.3073,0.17,25.87,26.15,25.56,86.94,3.7,5.18,3.25,100.17
20131230,7.61,4.5679,0.5407,3.4294,0.46,25.85,26.5,24.94,83.4,2.37,4.2,2.11,100.2
20131231,4.14,4.6824,1.3102,3.1092,0.47,26.27,26.59,26.0,81.36,1.54,3.11,1.38,100.17
20140101,4.09,4.265,0.2052,3.2467,0.43,26.8,27.69,25.91,82.81,1.82,3.23,1.65,100.11
20140102,9.46,5.2171,2.3182,3.2654,0.52,27.24,27.91,26.59,82.29,2.01,3.47,1.81,100.07
20140103,48.5,3.8633,0.1524,2.9083,0.39,27.17,27.4,26.93,85.39,4.32,5.09,3.7,100.07
20140104,41.99,3.2443,0.1073,2.4506,0.33,26.76,27.18,26.05,85.86,5.08,6.49,4.33,100.1
20140105,9.95,4.0644,1.2204,2.6198,0.41,26.45,27.32,25.52,83.19,2.62,4.99,2.3,100.05
20140106,22.87,4.4674,0.5278,3.2734,0.45,26.62,27.39,25.86,84.82,4.94,6.32,4.25,100.07
20140107,20.13,5.3863,2.0628,3.162,0.54,26.17,26.68,25.52,83.35,3.38,4.41,2.97,100.12
20140108,6.7,4.5682,1.5293,2.701,0.46,26.18,26.83,25.46,84.84,2.14,2.95,1.9,100.09
20140109,14.0,4.2031,0.336,3.0638,0.42,26.3,27.1,25.68,85.26,3.62,5.51,3.15,100.1
20140110,8.29,4.4657,0.8371,3.1694,0.45,26.11,26.9,25.21,84.59,3.2,4.97,2.83,100.16
20140111,20.65,4.5552,0.4841,3.4008,0.45,26.59,27.32,25.69,80.79,1.47,2.96,1.3,100.18
20140112,24.4,3.4896,0.3626,2.5253,0.35,27.45,28.19,26.78,82.56,4.03,4.54,3.51,100.16
20140113,29.83,3.1858,0.5179,2.2262,0.32,26.85,27.49,26.45,83.6,2.3,3.4,2.09,100.13
20140114,16.89,4.0154,0.5561,2.725,0.4,26.56,26.89,25.92,85.19,3.09,5.27,2.74,100.19
20140115,5.82,3.4512,0.456,2.3878,0.34,26.28,26.69,25.34,82.24,2.93,5.87,2.56,100.28
20140116,4.98,3.9175,1.7561,2.1194,0.39,27.08,28.06,26.15,78.45,1.93,3.77,1.72,100.24
20140117,3.95,3.8366,0.1238,2.9395,0.38,27.18,27.8,26.6,81.71,2.19,3.13,1.97,100.17
20140118,1.21,4.0973,0.7836,2.9887,0.41,27.61,28.38,26.99,79.22,2.74,3.42,2.39,100.22
20140119,0.29,4.7587,0.7817,3.1956,0.47,27.51,28.52,26.47,73.92,2.34,4.87,2.04,100.25
20140120,0.7,5.1655,2.1281,3.5616,0.51,27.71,28.84,26.9,73.93,2.1,3.64,1.84,100.22
20140121,3.34,3.6401,1.0248,2.6254,0.36,26.61,27.23,25.77,82.23,3.02,4.7,2.66,100.28
20140122,0.81,4.6754,1.7016,3.1313,0.46,26.49,27.25,25.34,81.58,2.89,4.29,2.53,100.23
20140123,2.77,4.2646,0.859,2.9206,0.42,26.81,27.52,26.29,77.7,2.56,4.33,2.26,100.28
20140124,1.83,3.948,1.2773,2.34,0.39,27.05,28.17,26.14,75.44,2.48,3.76,2.18,100.14
20140125,1.34,4.7957,2.0527,2.6467,0.47,26.93,27.81,26.03,77.54,2.24,3.83,1.98,100.12
20140126,2.5,4.9114,2.0066,2.7355,0.48,26.89,27.55,26.13,78.78,1.92,3.4,1.7,100.13
20140127,1.38,4.0908,2.7886,1.9066,0.4,27.53,28.52,26.63,76.54,1.22,3.2,1.11,100.04
20140128,1.51,3.9444,2.0935,2.369,0.39,27.31,27.53,27.03,80.29,1.64,3.52,1.51,99.99
20140129,2.17,4.7501,2.581,2.5313,0.46,27.56,28.57,26.48,77.35,1.39,3.1,1.23,100.04
20140130,2.23,4.1141,1.7772,2.2366,0.4,27.2,28.02,26.57,77.48,1.81,3.81,1.64,100.09
20140131,7.0,4.2185,1.8427,2.3813,0.41,27.14,28.09,26.37,79.88,1.85,3.51,1.68,100.14
20140201,9.87,4.1825,0.8052,2.7401,0.41,26.8,27.16,26.23,81.97,2.3,2.98,2.05,100.06
20140202,0.81,4.9927,1.4057,3.2323,0.49,27.67,28.91,26.58,77.65,3.09,4.39,2.71,99.96
20140203,1.67,5.2805,2.5174,2.6842,0.51,27.8,28.39,27.28,79.95,3.36,3.99,2.92,99.86
20140204,7.25,5.161,2.5985,2.5728,0.5,27.71,28.54,27.05,81.63,3.26,4.22,2.85,99.76
20140205,7.57,4.2242,0.5419,2.844,0.41,27.37,27.79,27.04,84.18,2.86,3.8,2.52,99.72
20140206,11.36,4.4414,1.4074,2.533,0.43,27.5,27.99,26.76,82.7,3.37,4.75,2.94,99.74
20140207,7.65,3.912,1.235,2.2159,0.38,27.62,28.37,26.8,77.59,2.43,4.37,2.12,99.82
20140208,2.74,4.6466,0.7306,3.3276,0.45,27.4,28.2,26.8,78.51,2.77,3.22,2.41,99.86
20140209,0.05,6.2539,3.4498,3.3041,0.6,27.71,28.45,26.96,72.8,2.7,4.12,2.36,99.86
20140210,0.0,5.8255,3.0538,3.4378,0.56,28.16,29.02,27.41,72.87,3.02,3.95,2.64,99.93
20140211,0.07,6.4517,4.7964,2.7437,0.62,28.2,29.2,27.38,74.47,3.39,4.14,2.96,99.84
20140212,0.0,5.4494,1.9889,3.162,0.52,28.47,29.72,27.57,74.36,3.55,5.21,3.09,99.8
20140213,0.27,4.757,1.1606,2.958,0.46,28.47,29.34,27.89,75.43,3.09,4.09,2.72,100.02
20140214,5.18,4.5758,1.363,2.7293,0.44,28.21,29.14,27.3,76.89,2.65,4.73,2.35,100.07
20140215,0.01,4.626,1.59,2.665,0.44,28.11,28.63,27.57,75.69,2.8,3.94,2.49,100.06
20140216,0.44,5.3729,2.7098,2.784,0.51,27.97,28.42,27.45,73.41,2.84,3.55,2.49,100.22
20140217,0.0,5.1053,1.9486,2.9405,0.49,28.4,29.87,27.36,68.1,1.84,2.72,1.64,100.22
20140218,0.0,5.2428,1.375,3.1469,0.5,28.52,29.5,27.78,71.5,1.82,3.35,1.63,100.24
20140219,0.15,4.1059,0.7106,2.7876,0.39,28.25,28.8,27.81,74.26,1.43,1.99,1.27,100.11
20140220,0.22,3.8904,0.7255,2.3035,0.37,28.27,29.13,27.77,74.17,2.36,3.63,2.08,100.13
20140221,22.42,3.8045,0.9763,2.3011,0.36,28.26,29.23,27.72,77.21,3.6,5.81,3.14,100.17
20140222,42.91,3.4615,0.6977,2.0947,0.33,26.77,27.62,24.94,84.22,4.28,6.43,3.65,100.22
20140223,4.62,4.631,2.0407,2.4499,0.44,27.5,29.65,24.89,72.86,2.1,3.16,1.88,100.27
20140224,4.45,4.0622,1.3994,2.286,0.39,27.72,28.54,27.11,77.86,2.2,3.74,1.99,100.23
20140225,1.35,3.4865,1.1362,1.8542,0.33,27.5,28.11,26.59,77.17,1.61,3.57,1.43,100.2
20140226,7.8,3.0362,0.8374,1.7758,0.29,28.38,29.54,27.45,75.37,1.97,3.23,1.75,100.07
20140227,15.65,2.1756,0.3209,1.4546,0.21,27.48,28.14,27.2,84.42,3.43,4.48,3.04,100.1
20140228,2.4,3.3089,0.8112,1.937,0.31,27.83,28.48,27.19,79.35,1.47,2.29,1.32,100.09
20140301,9.37,3.4889,0.3533,2.2754,0.33,27.72,28.18,27.3,83.11,3.15,4.75,2.77,100.0
20140302,11.16,3.2563,0.1325,2.3088,0.31,27.31,27.79,26.87,86.18,3.96,5.34,3.43,100.0
20140303,2.14,5.189,2.2978,2.6676,0.49,27.31,28.15,25.96,82.74,2.69,3.62,2.36,100.07
20140304,9.0,3.5071,0.6142,2.1432,0.33,27.15,27.98,26.01,82.61,2.65,3.28,2.32,100.17
20140305,11.66,4.6865,1.4798,2.6758,0.45,27.17,28.35,25.74,81.15,2.11,3.69,1.86,100.15
20140306,3.66,5.0105,2.1528,2.6407,0.48,27.95,28.88,26.94,78.09,2.25,3.25,2.02,100.07
20140307,1.86,4.134,1.087,2.4547,0.39,28.4,29.06,27.78,77.45,2.64,3.53,2.38,100.08
20140308,1.14,3.8597,0.5498,2.4022,0.37,27.9,28.34,26.98,76.26,2.52,3.63,2.25,100.14
20140309,0.6,3.4534,0.7262,2.0318,0.33,27.96,29.24,25.75,72.1,1.99,3.45,1.81,100.08
20140310,1.72,3.2707,0.4166,2.2946,0.31,28.07,28.69,27.59,79.62,2.04,3.31,1.87,100.07
20140311,0.63,3.7546,0.9029,2.2608,0.36,28.52,29.93,27.25,74.9,1.22,2.45,1.14,100.05
20140312,1.15,4.3704,1.297,2.4809,0.42,28.43,29.76,27.44,76.55,2.37,4.93,2.04,100.04
20140313,11.64,4.2254,1.2439,2.4576,0.4,27.95,28.71,27.36,80.18,2.67,5.29,2.34,100.02
20140314,9.04,3.9566,1.2514,2.3014,0.38,28.46,29.37,27.65,77.46,2.24,3.59,2.02,100.02
20140315,3.84,3.8191,0.4073,2.6076,0.36,28.83,30.07,27.8,76.57,1.98,2.55,1.79,100.0
20140316,6.04,3.5542,0.3329,2.4797,0.34,28.06,28.99,27.18,81.3,1.6,3.48,1.49,100.14
20140317,13.21,5.1977,1.3015,3.2851,0.49,27.58,28.63,26.5,82.66,2.02,3.98,1.84,100.14
20140318,16.77,4.1542,2.9047,2.0561,0.4,27.7,28.57,27.13,82.3,3.64,5.57,3.21,100.14
20140319,21.83,4.7052,1.2941,3.2621,0.45,27.18,27.59,26.94,83.45,3.22,5.01,2.83,100.09
20140320,36.29,4.6603,1.1762,2.7766,0.44,27.21,27.85,26.68,81.5,2.05,2.99,1.81,100.08
20140321,10.85,5.5762,2.8709,2.729,0.53,27.12,27.85,26.37,82.83,1.78,2.97,1.57,99.97
20140322,11.09,4.5401,1.8372,2.2829,0.43,27.65,28.49,26.89,79.75,1.81,2.9,1.6,99.92
20140323,10.2,5.693,4.0661,2.2157,0.54,28.49,29.43,27.25,75.71,1.29,2.57,1.14,99.95
20140324,0.65,5.6359,3.2458,2.6813,0.54,29.05,30.24,27.98,71.3,1.7,3.23,1.5,99.96
20140325,1.38,5.1454,2.7514,2.4343,0.49,28.3,29.26,27.78,78.07,2.45,4.05,2.17,99.91
20140326,2.02,5.0369,2.8462,2.3479,0.48,28.42,29.35,27.56,79.04,2.75,4.12,2.47,99.89
20140327,10.42,4.5802,0.9173,2.8538,0.44,27.36,27.73,27.06,85.27,3.34,4.22,2.99,99.93
20140328,6.27,5.0662,3.4894,2.1199,0.49,27.37,27.71,26.76,80.6,2.26,3.61,2.01,99.96
20140329,10.67,4.343,0.222,3.1954,0.42,27.61,28.25,27.15,79.41,2.19,2.71,1.93,99.99
20140330,5.18,4.8924,2.5778,2.3369,0.47,28.36,29.45,27.22,73.09,2.34,3.64,2.05,99.95
20140331,24.48,3.0725,0.5498,2.0952,0.3,27.77,28.26,26.88,85.58,5.14,6.36,4.41,99.85
20140401,11.16,4.8394,1.9152,2.7022,0.47,26.61,26.86,26.33,86.8,3.47,5.24,3.05,99.92
20140402,12.88,4.8029,0.7735,3.1692,0.46,26.95,27.26,26.46,84.6,2.82,3.28,2.5,99.92
20140403,61.12,3.8786,0.1567,2.8706,0.38,26.63,27.14,26.22,89.49,4.29,5.79,3.72,100.03
20140404,12.22,4.7818,0.8534,3.4565,0.46,26.66,27.43,25.6,87.27,3.2,4.54,2.79,100.09
20140405,18.9,3.3444,0.1178,2.4802,0.32,26.58,26.96,26.08,89.27,4.41,6.53,3.78,100.12
20140406,14.34,3.9689,0.7176,2.8524,0.39,27.31,28.69,26.0,80.89,4.68,5.79,4.04,100.23
20140407,1.95,5.1091,1.9702,2.9153,0.5,27.7,28.57,26.87,82.63,3.75,4.66,3.28,100.27
20140408,2.23,5.4302,3.1219,2.55,0.53,27.82,28.54,27.12,79.78,3.3,3.87,2.9,100.23
20140409,0.63,6.1512,4.5811,2.2522,0.6,27.94,28.53,27.51,77.64,2.71,3.29,2.39,100.18
20140410,3.32,5.1965,1.4167,3.593,0.51,27.51,28.17,27.07,79.43,2.85,3.65,2.5,100.26
20140411,15.64,3.5059,0.2822,2.484,0.34,26.93,27.05,26.8,83.62,3.82,5.16,3.34,100.22
20140412,13.22,4.8838,2.0551,2.813,0.48,26.42,26.83,26.0,85.18,4.15,5.15,3.63,100.18
20140413,2.35,5.6486,2.3263,3.3182,0.55,27.16,28.04,25.89,78.83,2.01,2.62,1.76,100.2
20140414,12.69,4.7251,1.7098,2.6131,0.46,27.2,27.99,26.58,80.09,2.93,3.65,2.57,100.28
20140415,29.58,5.0376,2.4806,2.5464,0.5,27.46,28.29,26.71,79.72,2.68,3.82,2.35,100.22
20140416,21.63,4.9085,1.3918,3.0845,0.48,26.47,27.53,25.86,81.57,3.37,5.54,2.95,100.19
20140417,6.1,5.0078,2.3573,2.5759,0.5,27.08,28.14,25.96,79.9,2.65,3.97,2.35,100.05
20140418,10.25,4.0356,1.189,2.3597,0.4,26.82,27.55,26.32,83.71,3.4,5.45,2.98,100.12
20140419,12.48,5.6724,3.8993,2.2966,0.56,26.86,27.58,26.24,81.93,2.34,3.52,2.07,100.1
20140420,19.6,5.1516,2.5822,2.7238,0.51,26.46,27.35,25.64,86.71,2.68,3.66,2.36,100.05
20140421,6.71,4.5718,0.7973,2.849,0.45,26.35,26.94,25.6,85.41,3.33,4.28,2.92,100.12
20140422,0.31,5.9119,4.0961,2.4156,0.59,27.72,28.78,26.19,72.35,1.44,2.17,1.31,100.18
20140423,25.43,5.3794,3.2066,2.4718,0.54,28.33,28.83,27.73,76.46,2.32,4.53,2.03,100.05
20140424,11.86,5.4034,2.4986,2.8438,0.54,27.18,27.74,26.28,75.61,2.13,4.11,1.89,100.1
20140425,4.04,5.3846,2.8814,2.6342,0.54,27.64,28.42,27.03,77.97,1.53,2.43,1.35,100.05
20140426,6.01,4.333,1.8079,2.219,0.44,26.98,27.44,26.26,82.75,1.38,2.53,1.21,100.09
20140427,35.69,4.3884,1.861,2.3508,0.44,27.03,27.87,26.19,81.71,1.67,2.91,1.48,100.09
20140428,9.34,5.8054,3.9514,2.383,0.59,26.95,27.33,26.49,83.04,1.78,3.01,1.57,100.14
20140429,2.61,4.0973,1.2014,2.4449,0.41,27.59,28.29,26.97,79.58,1.68,3.01,1.46,100.03
20140430,4.58,5.2728,3.3386,2.1523,0.53,27.73,28.27,27.18,81.78,2.6,3.11,2.29,100.03
20140501,3.71,5.143,2.4886,2.4566,0.52,27.55,27.96,26.9,82.44,2.09,2.6,1.84,100.04
20140502,2.82,5.3362,3.1951,2.3954,0.54,27.96,28.31,27.53,79.78,1.9,2.21,1.68,100.04
20140503,1.4,4.9601,3.2873,2.0729,0.51,28.56,29.43,27.8,77.92,2.0,3.43,1.79,99.94
20140504,3.49,4.8749,2.399,2.4454,0.5,28.63,29.15,27.87,80.16,2.65,3.95,2.37,99.85
20140505,5.03,4.4122,1.9411,2.8409,0.45,28.27,28.86,27.72,80.69,2.99,4.37,2.68,99.86
20140506,12.58,4.8638,3.2983,3.1301,0.5,28.31,29.06,27.22,82.61,3.27,5.04,2.89,99.91
20140507,24.65,4.7412,1.0488,3.4404,0.49,27.38,28.15,26.45,84.85,3.56,4.71,3.14,100.07
20140508,19.71,4.7566,1.4018,2.9988,0.49,27.2,27.8,26.9,85.97,3.1,4.24,2.75,100.06
20140509,1.87,5.3683,3.0912,2.4902,0.55,27.92,28.43,27.15,82.2,3.12,3.85,2.72,100.0
20140510,12.38,4.0022,1.0354,2.611,0.41,27.25,27.87,26.63,85.85,5.15,7.78,4.42,100.03
20140511,8.75,4.9123,2.3772,2.5853,0.51,28.19,28.79,27.45,78.35,2.67,3.83,2.34,100.14
20140512,19.63,5.299,2.2572,3.3934,0.55,26.68,27.95,25.54,84.21,2.25,4.86,1.96,100.16
20140513,25.27,5.0551,2.7372,2.5541,0.53,27.36,28.11,26.49,81.69,2.78,4.16,2.44,100.1
20140514,10.85,3.5256,0.0941,2.6726,0.37,27.01,27.26,26.5,81.59,2.22,3.49,1.97,100.06
20140515,2.19,5.7682,4.7306,1.8977,0.6,28.22,29.1,27.21,73.69,1.85,2.5,1.61,99.94
20140516,4.03,5.2056,3.0864,2.7602,0.54,28.06,28.43,27.54,79.84,2.82,3.24,2.46,99.95
20140517,17.99,4.6226,1.6382,2.832,0.48,27.44,27.8,27.14,81.56,2.31,3.16,2.03,100.03
20140518,15.3,3.7013,0.2155,2.8481,0.39,27.32,28.0,26.39,83.66,2.43,3.28,2.13,100.05
20140519,6.65,4.0169,0.5714,2.857,0.42,26.96,27.63,26.07,81.85,2.26,4.02,2.02,100.16
20140520,1.92,4.4986,1.201,2.7295,0.47,28.07,28.66,27.12,73.7,1.45,1.79,1.3,100.11
20140521,7.98,4.8924,2.8037,2.4288,0.52,28.24,28.6,27.9,78.29,2.55,3.09,2.23,99.96
20140522,5.08,3.9874,1.6322,2.4574,0.42,27.54,28.0,27.27,80.34,2.01,3.52,1.76,99.94
20140523,2.11,5.3796,3.5798,2.4641,0.57,27.75,28.23,27.18,78.16,1.73,2.39,1.55,100.0
20140524,5.96,5.0057,3.2801,2.4689,0.53,28.71,29.48,27.91,75.9,1.68,2.94,1.53,99.98
20140525,12.34,5.5068,4.9061,1.8665,0.58,28.65,29.34,27.83,79.07,1.6,2.59,1.48,99.98
20140526,84.61,3.5755,0.6691,2.5474,0.38,28.3,28.9,27.7,84.35,2.27,5.09,2.05,99.95
20140527,22.0,5.3952,3.4877,2.358,0.57,27.18,27.66,26.66,88.67,3.6,4.76,3.16,100.01
20140528,0.48,5.1794,4.0886,1.9246,0.55,27.74,28.39,26.97,80.47,1.98,4.2,1.77,99.97
20140529,5.44,4.3793,3.6809,2.2733,0.47,27.57,28.14,26.85,84.1,3.14,4.18,2.78,99.97
20140530,19.77,2.6741,0.0665,2.0419,0.29,27.96,28.37,27.63,86.29,4.68,5.56,4.06,99.89
20140531,3.24,4.1551,0.5038,3.0338,0.45,27.44,27.71,27.1,82.12,3.06,4.95,2.67,99.88
20140601,4.49,4.7282,1.8883,2.8939,0.51,27.69,28.17,26.91,78.6,1.52,2.21,1.31,99.88
20140602,2.02,4.3279,0.9737,2.9208,0.46,28.19,28.59,27.78,76.79,1.29,2.11,1.15,99.84
20140603,12.16,4.4102,1.9958,2.3412,0.47,28.13,28.42,27.91,81.34,2.54,3.89,2.22,99.71
20140604,15.24,3.7111,0.2438,2.7958,0.4,27.45,27.84,26.97,88.31,3.64,4.77,3.15,99.68
20140605,17.52,3.9564,1.3694,2.6609,0.43,27.48,28.1,26.87,84.59,3.86,6.03,3.37,99.76
20140606,11.69,4.9027,2.6237,2.443,0.53,28.32,28.81,27.95,76.9,1.74,2.81,1.59,99.75
20140607,17.24,5.0578,4.6603,1.7666,0.55,28.63,29.54,28.01,80.32,2.61,3.49,2.29,99.67
20140608,4.28,5.3906,4.829,1.8569,0.58,28.57,29.08,28.04,80.07,2.27,4.07,1.98,99.68
20140609,2.78,5.106,4.349,1.8665,0.55,28.02,28.51,27.37,79.32,2.71,3.89,2.39,99.65
20140610,2.52,5.1617,3.5971,2.1878,0.56,28.17,28.83,27.35,71.0,2.14,3.01,1.89,99.77
20140611,1.04,5.3777,3.3367,2.7821,0.58,28.79,29.42,28.23,76.46,2.63,4.02,2.31,99.86
20140612,17.95,5.412,4.1309,2.203,0.59,27.95,28.54,27.1,81.43,2.84,3.41,2.49,99.91
20140613,15.42,5.1031,2.5656,2.8922,0.55,27.94,28.73,26.75,78.05,3.67,6.14,3.19,99.97
20140614,11.21,4.2922,0.863,2.9738,0.47,27.91,28.47,27.47,77.12,3.93,6.31,3.42,100.07
20140615,2.1,4.3718,0.9317,3.252,0.48,28.24,29.01,27.38,76.18,2.88,4.78,2.54,100.04
20140616,0.1,5.3594,4.0478,2.3942,0.58,28.66,29.13,28.14,77.05,2.5,3.68,2.2,100.02
20140617,0.9,4.8761,3.2542,2.1821,0.53,28.36,28.95,27.76,78.88,2.45,4.01,2.17,100.07
20140618,4.41,4.3138,1.5329,2.6458,0.47,28.35,29.12,27.67,76.19,4.39,8.1,3.74,100.12
20140619,0.7,4.956,2.969,2.8774,0.54,28.65,29.36,27.84,71.35,3.44,5.71,2.99,100.12
20140620,0.0,6.217,5.8188,1.979,0.68,29.0,29.78,28.4,68.23,1.68,2.57,1.49,100.1
20140621,0.15,6.2462,6.1994,1.7177,0.68,28.62,29.06,28.18,76.62,2.73,4.08,2.4,100.24
20140622,1.33,5.5586,4.1765,2.5027,0.61,28.24,28.72,27.87,78.09,3.14,3.69,2.73,100.28
20140623,8.59,4.6759,3.4368,2.0892,0.51,27.82,28.2,27.38,83.02,3.86,4.73,3.35,100.17
20140624,7.24,4.6356,0.8818,3.4032,0.5,27.77,28.2,27.22,81.46,4.11,5.05,3.56,100.08
20140625,0.97,5.6417,4.6457,2.6033,0.61,28.2,28.94,27.72,75.32,2.71,3.23,2.42,100.09
20140626,16.48,5.4667,4.4105,2.2027,0.6,27.05,27.87,26.2,81.49,4.09,5.25,3.56,100.31
20140627,15.21,3.7764,0.444,2.8325,0.41,26.47,26.94,26.17,83.23,4.5,6.09,3.92,100.37
20140628,0.09,5.1806,2.2608,2.857,0.56,27.09,27.77,25.94,78.53,2.67,4.43,2.36,100.2
20140629,2.99,5.6767,4.626,2.2543,0.62,27.77,28.19,27.29,78.14,2.42,3.33,2.15,100.11
20140630,2.24,4.0037,0.6593,2.9352,0.44,27.85,28.2,27.35,78.26,2.13,3.93,1.88,100.17
20140701,0.2,5.209,4.3778,2.0184,0.57,28.21,28.83,27.82,75.97,1.86,2.74,1.66,100.22
20140702,2.77,4.3546,1.5854,2.6146,0.47,28.04,28.43,27.74,79.56,2.57,3.52,2.26,100.13
20140703,27.39,4.747,2.8454,2.3921,0.52,27.84,28.12,27.54,81.34,3.09,3.85,2.69,99.98
20140704,7.04,4.5259,1.207,2.9474,0.49,27.66,28.1,27.14,80.56,3.55,4.41,3.07,99.94
20140705,2.76,4.3884,0.6838,3.1387,0.48,27.44,27.73,27.2,79.78,2.49,3.33,2.18,100.01
20140706,18.21,4.6747,1.8713,3.0185,0.51,27.65,28.53,26.95,79.39,3.26,5.15,2.82,100.08
20140707,19.19,3.7034,0.3406,2.724,0.4,26.81,27.15,26.48,84.93,4.03,5.14,3.52,100.07
20140708,18.32,3.7447,0.1678,2.8262,0.41,27.08,27.44,26.83,86.21,6.6,9.32,5.58,100.0
20140709,3.64,4.2108,0.5318,3.1042,0.46,26.97,27.55,26.36,81.04,4.04,9.83,3.49,100.01
20140710,0.83,3.6768,0.9653,2.215,0.4,27.8,28.66,26.73,79.94,3.72,5.47,3.24,99.95
20140711,7.29,4.5086,0.9307,3.0029,0.49,28.12,28.72,27.66,80.41,5.77,6.68,4.9,100.05
20140712,28.48,3.5606,0.1106,2.693,0.38,27.16,27.73,26.7,81.0,5.74,8.15,4.88,100.2
20140713,0.64,4.5439,2.021,2.3402,0.49,27.59,28.45,26.61,68.44,1.58,3.22,1.4,100.15
20140714,3.18,3.5518,0.3574,2.5018,0.38,28.2,28.85,27.3,70.71,2.79,4.83,2.47,100.14
20140715,0.1,5.844,5.0782,2.1314,0.63,27.93,28.54,27.56,77.09,1.74,3.2,1.54,100.15
20140716,0.89,6.2083,6.288,1.7314,0.67,27.97,28.79,27.45,78.97,2.19,3.27,1.95,100.1
20140717,6.52,5.4228,4.0289,3.4394,0.58,27.35,27.74,26.86,82.05,2.06,3.91,1.81,100.14
20140718,1.54,5.598,4.4395,2.5493,0.6,27.45,27.87,26.95,77.8,2.14,3.39,1.88,100.13
20140719,1.54,5.0474,2.345,2.9222,0.54,27.67,28.15,27.23,76.91,2.4,3.32,2.1,100.17
20140720,0.22,6.2369,5.7602,2.1271,0.67,27.77,28.43,27.04,74.3,1.8,2.93,1.59,100.19
20140721,0.06,6.5311,6.9619,1.6162,0.7,28.03,28.65,27.37,69.68,1.86,3.04,1.64,100.19
20140722,0.32,5.5181,4.2506,2.2277,0.59,28.24,28.96,27.52,68.25,1.98,2.44,1.74,100.16
20140723,0.51,5.7814,4.3063,2.7821,0.61,28.13,28.77,27.56,73.56,2.58,2.95,2.26,100.14
20140724,0.19,5.8459,4.0507,2.6935,0.62,27.93,28.59,27.3,74.81,1.69,2.25,1.51,100.15
20140725,0.05,6.475,6.2119,1.8672,0.69,28.26,28.9,27.66,73.89,2.51,3.53,2.18,100.21
20140726,0.27,5.993,5.2774,2.221,0.63,27.59,28.05,26.76,75.05,1.78,2.3,1.56,100.33
20140727,0.82,4.975,2.1828,3.3005,0.53,27.73,28.37,27.27,75.62,1.41,2.06,1.27,100.28
20140728,0.28,5.19,2.3789,2.7761,0.55,27.61,28.39,26.83,77.41,1.75,2.33,1.55,100.13
20140729,1.33,5.2651,3.0571,2.591,0.55,27.91,28.59,27.33,76.8,2.1,2.6,1.86,100.07
20140730,8.24,4.6291,2.3626,2.4254,0.49,27.65,28.07,27.36,81.69,2.55,3.52,2.22,100.14
20140731,8.12,4.3447,0.5388,3.2086,0.46,26.79,27.37,26.41,81.74,3.34,4.7,2.89,100.25
20140801,3.01,4.6642,0.9958,3.2993,0.49,26.52,27.47,25.97,79.61,1.53,2.85,1.34,100.2
20140802,3.32,4.8293,1.8617,2.8279,0.5,26.53,27.53,25.71,82.37,2.03,2.97,1.82,100.19
20140803,7.56,4.38,1.4098,2.7408,0.46,26.62,27.31,25.93,80.56,1.95,3.14,1.73,100.15
20140804,1.74,5.3983,3.3667,2.2867,0.56,27.0,27.93,25.95,75.83,1.3,2.3,1.12,100.08
20140805,1.52,4.1926,0.4157,2.9712,0.44,27.01,27.6,26.24,74.22,1.76,2.65,1.55,100.1
20140806,5.75,4.1844,0.8671,3.0221,0.43,26.5,27.86,24.79,78.35,2.11,4.2,1.84,100.14
20140807,7.35,4.6219,1.6574,2.8217,0.48,26.0,26.95,24.8,84.85,2.58,3.48,2.33,100.15
20140808,4.75,5.0786,1.837,3.4632,0.52,27.18,28.23,26.16,80.12,1.96,3.8,1.79,100.13
20140809,4.86,6.2102,5.0705,2.256,0.64,28.59,29.84,27.13,75.77,2.23,3.1,2.01,100.09
20140810,79.36,4.44,2.857,2.4516,0.46,28.22,29.38,26.8,80.02,2.52,5.36,2.23,100.1
20140811,48.47,4.2744,0.8302,2.9484,0.44,27.37,28.98,26.39,81.32,3.79,5.16,3.34,100.08
20140812,17.11,4.1839,2.0794,2.2279,0.43,26.36,26.72,26.01,86.56,4.49,6.72,3.87,100.07
20140813,12.89,4.901,1.271,3.1188,0.5,26.01,26.22,25.58,86.48,2.86,3.28,2.52,100.15
20140814,2.63,4.6795,1.398,2.7974,0.48,26.09,26.74,25.38,85.62,2.36,3.25,2.09,100.27
20140815,1.82,4.7602,1.8917,2.5906,0.49,26.49,27.13,25.27,77.56,1.36,2.07,1.18,100.26
20140816,5.63,5.1288,3.6415,2.041,0.52,26.46,27.3,25.18,82.13,2.63,3.88,2.32,100.19
20140817,2.19,5.6827,4.3442,2.3249,0.58,27.11,27.98,26.06,78.96,1.92,3.04,1.7,100.1
20140818,3.74,4.1431,2.135,2.136,0.42,27.18,27.65,26.43,80.85,2.54,3.85,2.22,100.18
20140819,1.05,4.9577,1.7422,2.8404,0.5,27.25,27.57,26.92,78.97,1.91,2.71,1.68,100.23
20140820,1.36,4.427,2.0623,2.4098,0.45,27.05,27.7,26.47,80.31,2.51,4.53,2.21,100.15
20140821,2.83,3.1459,0.5398,2.2375,0.32,26.27,27.1,25.93,84.54,2.46,3.46,2.14,100.05
20140822,4.3,4.1976,2.171,2.279,0.42,26.96,27.41,26.58,83.75,2.96,4.35,2.65,99.95
20140823,12.16,4.549,1.9097,2.4924,0.46,27.53,28.41,26.77,82.43,3.8,5.71,3.35,99.97
20140824,23.75,4.469,1.3726,2.7571,0.45,27.63,28.78,26.83,84.3,5.17,6.27,4.43,99.94
20140825,37.92,4.428,1.8511,2.5697,0.44,26.43,26.7,25.68,86.72,4.05,6.14,3.49,100.07
20140826,12.69,4.8221,3.0814,2.1821,0.48,26.69,27.2,26.21,84.8,4.46,4.85,3.87,100.05
20140827,4.18,4.7669,2.2166,2.5874,0.48,26.71,27.19,26.28,82.0,4.39,5.74,3.82,100.03
20140828,5.49,4.2883,1.9042,2.1622,0.43,26.91,28.05,25.69,80.29,4.52,5.18,3.93,100.09
20140829,0.66,5.5692,2.8332,2.8142,0.55,27.43,28.48,26.06,72.96,1.82,2.61,1.63,100.09
20140830,5.6,5.2752,3.8717,2.0724,0.52,28.22,29.11,27.65,74.55,2.26,3.3,1.99,100.02
20140831,3.44,4.4556,1.6397,2.3422,0.44,27.54,27.98,26.86,79.75,2.28,3.06,2.03,100.0
20140901,4.02,4.4239,1.9982,2.2584,0.44,27.51,28.18,27.07,80.6,2.12,2.78,1.89,99.99
20140902,3.39,3.3614,0.3276,2.2361,0.33,26.94,27.38,26.25,82.09,2.27,3.74,2.01,100.14
20140903,1.82,3.8808,0.4894,2.6064,0.38,28.09,28.94,27.28,71.42,1.63,2.42,1.48,100.11
20140904,25.68,5.6501,3.9725,2.3657,0.56,27.71,28.15,27.3,81.85,3.27,5.42,2.81,100.03
20140905,31.66,4.3423,0.4973,3.0984,0.43,26.95,27.39,25.81,84.83,3.85,5.07,3.3,100.13
20140906,2.78,2.5001,0.0281,1.8847,0.25,26.14,27.56,24.83,79.81,2.53,3.95,2.23,100.26
20140907,0.25,5.1293,1.2389,3.2342,0.5,27.5,28.16,26.86,71.85,2.09,2.57,1.88,100.25
20140908,0.38,5.9438,4.3154,2.3981,0.58,27.13,27.68,26.58,77.96,2.41,3.06,2.15,100.25
20140909,9.7,4.9087,2.1031,2.9438,0.48,27.08,27.24,26.89,75.94,2.63,5.97,2.27,100.21
20140910,4.95,5.5339,2.9772,2.8174,0.54,27.39,28.2,26.65,74.24,1.69,2.48,1.49,100.18
20140911,3.05,4.3898,1.1059,3.0698,0.43,26.87,27.62,25.82,79.45,3.74,5.31,3.27,100.22
20140912,15.5,5.172,2.4329,2.7338,0.51,27.19,27.89,26.62,80.18,2.91,3.82,2.56,100.14
20140913,24.06,5.107,2.557,2.4142,0.5,26.96,27.37,26.49,85.13,3.12,4.86,2.72,100.08
20140914,10.06,3.8556,1.1827,2.2394,0.38,26.88,27.47,26.01,84.77,2.91,4.56,2.55,100.06
20140915,1.99,5.2303,2.9647,2.4122,0.51,27.16,27.53,26.57,77.52,2.3,4.15,2.03,100.04
20140916,1.76,4.5912,0.8239,3.2426,0.45,27.68,28.78,26.97,75.37,1.48,2.54,1.29,99.87
20140917,2.19,4.1537,0.4908,2.9366,0.4,27.24,27.8,26.45,81.78,1.88,3.53,1.63,99.93
20140918,9.49,4.5026,1.4026,2.5555,0.44,26.77,27.31,26.26,82.84,1.89,3.45,1.69,100.06
20140919,30.84,3.6931,0.697,2.5056,0.36,27.77,28.68,26.94,80.32,3.0,4.36,2.65,100.1
20140920,49.03,1.3234,0.1018,0.9626,0.13,26.67,27.13,25.82,88.44,4.6,7.19,3.95,100.12
20140921,4.84,4.2497,0.4834,2.9966,0.41,27.1,28.22,25.94,77.61,2.44,3.72,2.16,100.22
20140922,0.83,4.8065,1.6267,2.7766,0.47,27.5,28.43,26.61,83.07,4.24,5.9,3.66,100.06
20140923,4.13,4.5084,1.4638,2.706,0.44,26.98,27.28,26.77,84.32,3.41,5.44,2.98,99.99
20140924,9.91,4.4527,1.4467,2.5428,0.43,27.75,28.87,27.0,80.79,2.74,3.98,2.41,100.05
20140925,27.28,2.9518,0.1644,2.2126,0.29,26.27,27.07,25.84,87.63,4.44,6.61,3.82,100.16
20140926,3.86,4.5802,1.133,2.777,0.44,27.33,28.69,26.09,78.58,2.09,3.89,1.87,100.19
20140927,2.89,4.4062,1.4119,2.6594,0.43,28.03,29.11,27.18,80.62,2.99,4.56,2.62,100.18
20140928,4.77,5.0069,2.1458,2.4744,0.48,27.93,29.04,27.24,82.5,4.1,5.42,3.56,100.06
20140929,7.67,4.0771,1.3433,2.2752,0.39,27.37,27.88,27.08,82.47,4.4,6.26,3.77,100.07
20140930,3.02,4.3817,0.9074,2.7518,0.42,27.43,27.76,27.02,81.16,2.5,3.27,2.19,100.07
20141001,7.47,4.0812,1.2758,2.3105,0.39,27.31,27.5,27.13,85.61,4.16,6.11,3.59,100.01
20141002,9.38,3.6674,0.9144,2.1499,0.35,27.7,28.5,27.1,83.44,3.86,6.15,3.36,100.03
20141003,17.86,4.0274,1.1962,2.2716,0.39,27.28,27.59,26.7,86.92,5.36,6.97,4.56,99.96
20141004,24.97,1.5418,0.0074,1.1635,0.15,26.02,26.66,25.58,88.89,4.33,5.15,3.76,100.13
20141005,3.24,4.6505,1.0788,2.9606,0.45,26.56,27.52,25.45,77.84,2.07,3.6,1.83,100.19
20141006,0.25,5.4612,2.7684,2.5997,0.53,26.57,27.11,25.95,81.65,2.89,3.88,2.55,100.2
20141007,4.18,5.0035,2.4806,2.6729,0.48,27.1,28.2,26.45,77.89,2.85,3.54,2.5,100.13
20141008,3.39,4.9546,2.2193,2.6395,0.48,27.12,28.05,26.31,78.51,2.49,3.54,2.17,100.11
20141009,11.38,4.9663,2.1718,2.5637,0.48,27.42,28.78,26.47,78.34,1.98,3.99,1.76,100.1
20141010,12.62,4.6421,2.0174,2.6225,0.45,27.39,28.14,26.5,81.83,2.69,3.8,2.36,100.07
20141011,9.22,4.537,1.1232,2.6683,0.44,27.76,28.79,27.08,83.02,3.0,3.73,2.62,100.0
20141012,6.3,3.0139,0.2921,2.1446,0.29,27.24,27.44,27.01,85.18,2.47,4.73,2.17,100.06
20141013,6.88,3.485,0.3926,2.2308,0.34,27.39,27.98,26.85,82.61,2.04,4.04,1.83,100.1
20141014,41.39,2.1977,0.0598,1.6433,0.21,27.15,27.67,26.74,86.01,2.24,3.28,1.99,100.08
20141015,8.4,3.5095,0.1368,2.6369,0.34,26.95,27.74,26.4,81.98,3.08,5.63,2.68,100.09
20141016,6.61,3.2566,0.1853,2.3743,0.31,26.73,27.28,26.12,86.01,2.56,3.76,2.28,100.03
20141017,24.25,4.295,1.0639,2.5894,0.41,26.79,27.59,26.02,87.39,2.44,4.92,2.15,99.99
20141018,38.59,3.6062,0.0828,2.67,0.35,26.33,26.66,25.91,86.93,5.63,8.17,4.79,100.02
20141019,18.34,3.9113,0.2575,2.9064,0.38,26.54,27.58,25.66,83.12,2.7,4.19,2.37,100.07
20141020,6.37,3.8232,0.1742,2.8147,0.37,26.18,26.87,25.64,85.05,3.8,5.19,3.33,100.18
20141021,7.08,3.7322,0.9451,2.2613,0.36,27.15,28.47,25.62,76.1,1.69,3.37,1.54,100.22
20141022,15.41,4.0589,0.2674,3.006,0.39,26.96,28.28,25.9,83.59,2.99,4.67,2.63,100.24
20141023,3.34,5.0542,1.1753,3.2957,0.49,26.64,27.01,26.11,83.53,2.8,3.8,2.45,100.17
20141024,9.74,5.1852,3.2102,2.2846,0.5,26.67,27.1,26.33,84.98,3.41,4.59,2.97,100.09
20141025,31.96,4.601,1.6745,2.7175,0.45,26.45,26.96,25.88,85.78,3.24,4.07,2.84,100.17
20141026,12.53,4.6555,2.0155,2.4984,0.45,26.76,27.33,26.29,81.29,2.55,3.71,2.28,100.16
20141027,48.66,4.385,1.7105,2.7792,0.43,26.36,27.07,25.32,86.91,4.39,7.09,3.82,100.13
20141028,18.18,5.1917,1.3186,3.4426,0.5,26.69,27.67,25.3,81.96,2.72,3.86,2.4,100.13
20141029,7.31,5.0741,2.9777,2.375,0.49,26.94,27.55,26.14,82.99,2.43,3.42,2.13,100.07
20141030,31.65,4.3757,0.721,2.7298,0.43,26.43,26.86,25.99,87.72,2.28,3.0,1.96,99.99
20141031,40.71,4.3145,0.5153,2.9455,0.42,26.11,26.24,25.8,90.47,2.75,4.32,2.4,99.94
20141101,14.85,3.8393,0.6305,2.5942,0.37,25.62,26.21,24.88,86.84,2.32,3.34,2.07,100.01
20141102,13.87,3.9362,0.805,2.4492,0.38,26.41,27.23,25.37,85.6,2.91,5.0,2.51,100.12
20141103,2.38,4.3682,1.3673,2.5711,0.43,26.85,27.87,25.89,79.66,2.02,4.56,1.75,100.17
20141104,3.4,4.621,1.7225,2.4653,0.45,27.38,28.14,26.72,78.74,2.14,3.49,1.87,100.15
20141105,39.0,3.2899,0.3914,2.1794,0.32,26.32,27.05,25.73,86.23,1.93,3.94,1.67,100.26
20141106,24.32,2.6782,0.1459,1.9802,0.26,25.89,26.29,25.3,85.69,3.08,5.14,2.68,100.24
20141107,16.33,5.034,2.2294,2.5414,0.49,25.45,25.88,25.15,87.92,2.46,3.98,2.19,100.24
20141108,26.08,4.2161,1.0169,3.0643,0.41,25.4,25.88,24.83,86.91,2.63,3.33,2.34,100.23
20141109,6.17,5.353,2.2027,3.0161,0.53,25.76,26.4,25.08,85.71,1.64,2.2,1.45,100.22
20141110,2.35,4.7208,2.213,2.5174,0.46,25.59,26.01,25.15,85.81,1.8,2.72,1.61,100.21
20141111,3.85,4.1352,0.8575,2.5082,0.41,26.47,27.25,25.32,79.01,2.04,3.53,1.8,100.14
20141112,15.96,4.9574,1.9699,2.67,0.49,26.53,26.85,26.22,84.57,3.17,4.21,2.8,100.08
20141113,56.39,4.6932,1.6898,2.5522,0.46,25.73,26.24,24.94,84.65,2.42,3.59,2.18,100.16
20141114,14.01,4.681,0.81,3.0533,0.46,26.09,26.6,25.63,83.43,2.01,2.79,1.77,100.18
20141115,1.8,4.9872,2.779,2.4154,0.49,25.91,26.36,25.4,83.4,1.26,1.94,1.13,100.11
20141116,1.8,4.5187,1.9687,2.4737,0.45,26.69,27.49,25.63,80.87,2.11,2.86,1.9,99.97
20141117,8.16,4.961,2.3333,2.7511,0.49,27.37,28.12,26.69,77.93,2.1,3.16,1.86,99.96
20141118,22.48,4.5127,0.883,2.9287,0.45,26.85,27.25,26.31,84.05,2.6,3.42,2.3,100.08
20141119,8.18,3.3514,0.2275,2.4026,0.33,27.06,27.8,25.81,77.61,1.55,2.52,1.4,100.05
20141120,9.79,5.0537,1.3142,3.5342,0.5,27.73,28.49,26.89,78.47,2.31,4.13,2.06,99.93
20141121,10.52,4.7846,0.7097,3.3396,0.48,27.0,27.52,26.32,88.56,4.29,5.16,3.77,99.94
20141122,34.32,4.644,1.4698,3.2712,0.46,27.09,27.46,26.68,88.94,4.87,6.56,4.21,99.92
20141123,40.68,4.6874,1.7657,2.8613,0.47,26.92,27.45,26.46,89.57,5.66,7.05,4.86,99.96
20141124,17.61,5.0786,1.357,3.2911,0.51,26.8,27.17,26.42,86.44,3.49,5.33,3.08,100.02
20141125,32.68,4.8473,1.6649,2.8092,0.48,27.02,27.73,26.39,85.36,4.11,5.4,3.6,99.95
20141126,73.44,2.7446,0.049,2.0441,0.27,26.39,26.7,25.99,88.4,4.39,8.03,3.79,99.88
20141127,11.15,5.3633,1.781,3.6264,0.54,27.06,28.14,25.48,81.07,3.28,6.34,2.89,99.96
20141128,17.53,4.8125,1.8144,2.8325,0.48,27.45,27.9,26.93,83.16,5.36,9.07,4.56,99.96
20141129,48.36,4.6327,0.8088,3.2014,0.46,25.95,26.99,25.19,86.68,4.42,7.6,3.82,100.16
20141130,20.41,4.5866,0.4896,3.4109,0.46,26.38,27.28,24.99,73.85,3.26,5.45,2.85,100.17
20141201,3.37,3.041,0.0461,2.3347,0.3,25.42,26.52,24.92,81.32,1.72,2.97,1.51,100.13
20141202,9.82,4.4326,0.8731,2.952,0.44,25.37,26.05,24.55,86.36,3.52,4.98,3.09,100.18
20141203,8.72,5.0498,2.8493,2.5733,0.51,26.33,27.01,25.39,84.3,3.31,4.46,2.9,100.16
20141204,1.39,4.291,1.0812,3.0298,0.43,27.09,27.76,26.08,73.82,1.71,2.34,1.53,100.23
20141205,0.62,5.8826,3.8328,2.9959,0.59,27.75,28.34,26.9,75.32,2.54,3.05,2.24,100.23
20141206,0.81,5.3357,3.2347,2.5771,0.54,27.21,27.63,26.91,77.3,1.42,2.58,1.26,100.19
20141207,0.46,5.6539,3.5854,2.5332,0.57,27.06,27.61,26.56,78.88,1.48,2.06,1.31,100.15
20141208,8.27,4.4506,0.901,2.9218,0.45,26.52,27.33,26.06,81.09,2.57,3.67,2.28,100.21
20141209,5.68,5.2306,2.1648,2.9352,0.53,27.23,28.49,25.9,77.67,2.56,5.42,2.25,100.22
20141210,6.66,3.3449,0.2184,2.478,0.34,26.15,26.48,25.57,85.4,3.12,5.56,2.73,100.18
20141211,5.02,5.2651,4.5374,2.0138,0.53,27.28,28.16,26.17,77.45,1.63,2.25,1.5,100.06
20141212,16.33,4.2674,1.0416,2.8224,0.43,27.4,27.95,27.09,82.12,2.1,4.12,1.87,100.05
20141213,17.65,3.0598,0.0953,2.3374,0.31,26.48,27.0,26.26,84.9,2.81,3.75,2.5,100.16
20141214,5.6,4.8509,1.8454,3.0588,0.49,26.63,26.74,26.41,82.44,2.1,2.8,1.87,100.13
20141215,2.65,4.9363,1.6903,3.271,0.5,26.61,27.29,25.79,82.99,2.35,3.25,2.08,100.1
20141216,5.03,5.2519,1.6987,3.0826,0.53,26.11,26.63,25.63,86.73,3.11,4.3,2.74,100.12
20141217,5.24,4.53,1.4515,3.0814,0.46,26.24,27.08,25.31,82.36,1.44,2.93,1.27,100.08
20141218,2.29,4.6099,2.7552,2.2562,0.47,27.32,28.73,25.85,76.48,1.09,2.72,0.99,100.1
20141219,7.73,2.6887,0.0778,2.0786,0.27,27.25,28.33,26.69,74.21,0.94,1.93,0.84,100.18
20141220,4.93,5.7218,4.0762,2.8819,0.58,27.28,27.96,26.8,78.93,2.59,3.28,2.29,100.05
20141221,25.85,3.9605,0.3341,2.9947,0.4,26.79,27.52,26.39,83.18,2.84,5.66,2.5,99.93
20141222,35.29,3.1908,0.1668,2.4415,0.32,26.84,27.19,26.25,85.58,5.8,6.84,4.94,99.92
20141223,14.22,5.0066,1.7083,3.5122,0.5,26.52,27.1,25.99,83.67,3.55,5.87,3.11,100.01
20141224,9.62,4.9906,2.7962,2.9438,0.5,26.88,28.0,25.88,84.07,3.57,4.04,3.11,100.02
20141225,14.58,3.0785,0.2722,2.2903,0.31,27.05,27.99,26.41,86.33,6.62,8.88,5.56,99.97
20141226,20.55,3.4934,0.0792,2.6126,0.35,26.68,27.13,26.15,86.99,7.48,8.94,6.27,99.97
20141227,9.92,3.4217,0.036,2.6285,0.34,26.34,26.79,25.54,85.72,5.69,7.5,4.86,100.11
20141228,2.97,4.8811,1.1796,3.445,0.49,26.7,27.59,25.49,77.47,3.04,4.46,2.67,100.15
20141229,4.6,3.4963,0.1097,2.5946,0.35,27.25,27.58,26.78,74.65,2.72,4.89,2.43,100.09
20141230,3.75,5.4523,4.8468,2.3054,0.55,26.88,27.27,26.46,78.86,1.62,2.5,1.47,100.09
20141231,23.5,2.9688,0.2448,2.1967,0.3,26.4,27.36,25.75,77.81,2.75,4.17,2.42,100.19
20150101,0.21,5.0254,0.7075,3.7349,0.5,27.8,28.55,27.0,62.6,1.06,1.97,0.97,100.13
20150102,0.14,4.5,2.3297,2.5234,0.45,27.82,28.28,27.38,71.14,1.37,2.12,1.21,100.18
20150103,6.1,5.3628,1.9774,3.1102,0.54,26.71,27.55,26.28,81.46,3.33,5.5,2.91,100.26
20150104,0.99,4.4525,0.7855,3.2851,0.45,26.85,27.53,26.44,80.36,2.81,3.79,2.48,100.17
20150105,0.69,4.9217,2.8438,2.567,0.49,26.76,27.27,25.97,79.73,2.11,2.54,1.89,100.14
20150106,1.9,5.3587,2.3568,2.9606,0.54,26.89,27.51,26.41,82.39,2.75,3.89,2.44,100.06
20150107,5.18,5.1458,1.9224,2.9316,0.51,27.15,28.06,26.19,79.34,4.07,5.65,3.53,100.06
20150108,12.79,2.729,0.0655,2.0959,0.27,26.2,26.92,25.48,83.0,2.84,4.82,2.51,100.21
20150109,14.74,3.7061,0.5455,2.7391,0.37,25.87,26.43,25.53,81.81,1.84,2.53,1.66,100.28
20150110,4.28,3.2902,0.9802,2.2231,0.33,26.45,27.23,25.47,80.27,3.28,4.56,2.88,100.23
20150111,1.21,5.6918,3.1186,3.325,0.57,27.17,27.89,26.38,75.87,2.58,3.29,2.28,100.17
20150112,0.26,6.3031,6.5434,1.7218,0.63,27.47,28.39,26.58,78.01,2.89,3.77,2.57,100.11
20150113,0.38,5.4269,4.333,2.1602,0.54,27.63,28.47,26.94,78.53,2.76,3.41,2.44,100.1
20150114,3.32,3.108,0.881,2.0033,0.31,27.46,28.09,26.65,72.94,1.69,2.94,1.5,100.22
20150115,0.3,5.082,3.1822,2.4307,0.5,28.1,28.86,27.45,68.34,1.54,2.79,1.39,100.16
20150116,1.55,5.5565,3.8323,2.347,0.55,27.85,28.56,27.14,72.85,1.44,2.51,1.31,100.16
20150117,5.87,4.6668,3.4702,2.0076,0.46,27.66,28.64,27.01,78.35,2.53,4.46,2.23,100.12
20150118,7.68,4.7294,3.2239,2.1643,0.47,26.78,27.56,25.63,78.9,2.15,3.54,1.91,100.21
20150119,1.52,4.5902,2.9854,2.358,0.45,27.07,28.23,26.0,80.82,2.12,3.06,1.88,100.18
20150120,5.07,3.9674,0.6842,2.6028,0.39,27.61,28.64,26.8,79.28,2.98,3.94,2.61,100.28
20150121,2.92,4.5086,1.6483,2.6011,0.44,27.44,28.65,26.55,76.04,1.91,2.86,1.68,100.42
20150122,8.07,3.8698,1.3826,2.1655,0.38,26.42,26.81,25.89,84.88,2.99,4.26,2.64,100.39
20150123,14.82,4.1422,1.4105,2.3146,0.41,26.13,27.13,25.0,82.15,3.76,4.49,3.3,100.27
20150124,5.0,3.912,1.5233,2.2236,0.38,26.18,26.48,25.79,82.12,2.98,3.81,2.61,100.31
20150125,1.43,3.5323,0.282,2.6635,0.35,26.98,28.17,26.07,76.3,2.17,3.86,1.92,100.32
20150126,7.35,3.8206,0.961,2.4358,0.37,27.0,28.17,25.73,73.13,2.72,3.11,2.4,100.25
20150127,5.48,3.8767,0.8374,2.5037,0.38,27.04,27.46,26.4,80.57,4.38,5.84,3.79,100.12
20150128,6.52,5.6249,4.9471,2.0892,0.55,27.48,28.29,26.84,79.05,3.2,4.33,2.85,100.03
20150129,13.42,4.9546,2.4797,2.5836,0.48,27.27,28.08,26.77,79.12,2.29,4.99,2.06,100.11
20150130,9.5,3.954,1.3541,2.4593,0.39,27.34,28.1,26.07,74.0,1.69,2.43,1.55,100.26
20150131,2.95,3.5242,0.647,2.3964,0.34,27.68,28.41,27.06,75.08,1.29,2.06,1.22,100.21
20150201,3.67,4.9433,2.8577,2.747,0.48,27.74,29.03,26.47,76.2,1.48,2.85,1.32,100.13
20150202,5.6,6.1651,3.6643,2.9899,0.6,27.01,28.18,26.15,76.29,2.87,4.56,2.53,100.29
20150203,3.04,5.2555,3.1447,2.4386,0.51,27.04,27.65,26.22,76.03,1.28,2.15,1.19,100.36
20150204,2.63,4.5468,2.2258,2.4785,0.44,27.02,27.53,26.08,78.12,2.1,3.1,1.9,100.29
20150205,6.87,3.9046,1.6409,2.2447,0.38,26.49,27.31,25.85,86.63,3.13,5.69,2.81,100.18
20150206,23.37,4.595,1.6166,2.6359,0.44,26.03,26.89,25.05,83.63,2.23,4.45,2.01,100.22
20150207,4.05,3.4831,0.9408,2.2646,0.34,26.16,27.31,25.53,84.71,2.32,3.29,2.11,100.18
20150208,5.07,3.696,1.6565,2.0338,0.36,26.94,27.28,26.69,83.98,3.22,4.7,2.89,100.13
20150209,13.88,3.9682,2.4607,1.973,0.38,26.54,27.48,25.91,84.49,3.2,4.84,2.87,100.18
20150210,2.24,4.632,2.5882,2.3606,0.45,27.69,29.36,25.76,74.23,1.81,3.29,1.62,100.13
20150211,2.28,5.0496,3.162,2.3227,0.49,27.51,28.25,26.57,74.4,2.24,3.99,1.98,100.12
20150212,2.15,4.5754,1.5305,2.5291,0.44,27.71,28.36,27.15,75.52,1.85,2.73,1.65,100.07
20150213,0.66,5.1696,3.5258,2.2198,0.5,27.72,28.5,27.14,76.31,1.91,2.88,1.68,100.06
20150214,0.6,5.2392,2.6462,2.6191,0.5,27.63,28.42,26.79,77.08,2.02,2.95,1.77,100.04
20150215,0.55,4.4275,1.3723,2.5404,0.42,27.94,28.33,27.57,77.81,2.67,3.75,2.32,100.03
20150216,2.45,4.1083,0.9576,2.4914,0.39,28.15,28.92,27.65,73.88,1.4,2.76,1.26,100.03
20150217,18.48,4.3721,1.621,2.3273,0.42,27.97,29.07,26.91,76.92,2.77,4.46,2.44,100.02
20150218,64.13,1.4191,0.1601,0.9862,0.14,26.87,27.57,25.9,85.18,4.76,7.83,4.12,100.11
20150219,4.3,4.5204,0.4562,3.2746,0.43,27.42,29.58,25.08,71.17,2.9,4.66,2.61,100.2
20150220,0.01,6.5294,4.5031,2.7461,0.62,28.58,29.62,27.08,61.18,1.39,2.18,1.22,100.15
20150221,0.01,6.7757,5.1624,2.6681,0.65,28.89,29.71,28.19,61.78,1.85,2.44,1.65,100.07
20150222,0.38,5.2778,3.3792,2.4473,0.5,28.14,28.75,27.63,72.95,2.86,3.82,2.48,100.09
20150223,0.91,2.9578,0.1582,2.1725,0.28,27.17,28.16,26.41,70.72,2.46,3.73,2.18,100.26
20150224,1.29,4.9656,2.3748,2.4806,0.47,27.76,28.95,26.29,73.06,2.36,3.68,2.11,100.12
20150225,2.2,5.5918,2.6446,2.7742,0.53,27.25,27.77,26.97,83.12,2.53,3.08,2.28,100.03
20150226,26.52,5.6534,2.9784,2.7127,0.54,27.21,27.7,26.61,86.47,3.18,3.97,2.85,99.98
20150227,9.57,5.6023,3.3535,2.6054,0.53,28.0,28.53,27.25,80.75,2.49,4.04,2.21,99.89
20150228,13.43,3.8539,0.9672,2.4763,0.37,27.25,27.78,26.72,84.28,3.73,5.28,3.21,100.02
20150301,38.61,3.6996,0.2347,2.7281,0.35,26.1,26.6,25.86,83.05,3.69,4.49,3.25,100.22
20150302,1.63,5.5858,2.2202,2.975,0.53,27.32,28.67,25.91,62.47,1.61,2.98,1.4,100.24
20150303,0.99,6.354,4.4954,2.3827,0.6,28.85,29.51,28.21,58.51,2.0,3.08,1.78,100.13
20150304,5.07,5.669,3.6322,2.3909,0.54,27.3,27.97,26.78,76.93,1.91,2.65,1.72,100.22
20150305,0.35,5.9688,3.1906,2.64,0.57,27.76,28.35,26.91,76.87,2.62,3.33,2.35,100.21
20150306,0.16,5.3681,1.2533,3.576,0.51,28.02,28.64,27.51,74.85,1.79,2.18,1.61,100.21
20150307,7.11,6.1212,4.3493,2.4754,0.58,27.56,28.19,26.76,78.12,2.05,3.13,1.81,100.22
20150308,10.09,5.6518,2.5404,3.0605,0.54,27.6,28.59,26.26,73.16,2.82,4.43,2.48,100.32
20150309,8.87,4.302,0.9276,2.8214,0.41,27.03,27.46,26.29,75.98,2.18,4.27,1.91,100.37
20150310,7.56,5.2272,2.8169,2.4048,0.5,27.8,28.77,26.96,72.21,2.07,2.91,1.84,100.31
20150311,16.12,5.5301,2.8543,2.5034,0.53,26.33,26.73,26.02,83.69,2.47,3.47,2.2,100.37
20150312,0.65,5.4269,1.277,3.5054,0.52,27.55,28.94,25.81,71.43,1.55,2.52,1.45,100.33
20150313,0.93,4.4011,1.8031,2.2752,0.42,28.02,28.51,27.47,75.94,1.65,2.51,1.5,100.25
20150314,9.39,3.889,1.657,1.967,0.37,27.28,27.51,26.94,82.59,1.78,3.3,1.62,100.34
20150315,8.14,4.0613,0.6348,2.5601,0.39,27.47,27.95,27.1,78.33,2.21,3.29,1.99,100.4
20150316,3.0,5.915,3.7798,2.5068,0.56,27.8,28.67,27.1,75.84,1.91,2.96,1.72,100.3
20150317,2.89,5.4686,3.1243,2.3966,0.52,27.73,27.98,27.27,82.6,3.57,4.5,3.12,100.15
20150318,4.63,5.178,2.2476,2.5946,0.49,27.57,28.07,27.0,82.9,2.5,4.41,2.2,100.04
20150319,7.15,4.0853,0.1478,3.0029,0.39,27.93,28.34,27.58,81.45,2.05,3.03,1.8,100.08
20150320,8.62,4.2598,0.7627,2.6532,0.41,27.23,27.52,26.76,80.67,1.89,3.04,1.66,100.22
20150321,4.86,5.4518,3.0682,2.4965,0.52,27.76,28.61,26.91,75.75,1.99,2.66,1.76,100.27
20150322,8.0,5.3143,2.8558,2.472,0.51,27.34,27.86,26.56,81.23,2.1,3.16,1.85,100.23
20150323,3.37,4.9757,2.8034,2.1998,0.48,27.3,27.52,26.97,81.73,1.68,2.96,1.47,100.13
20150324,7.18,4.6459,1.2703,2.7132,0.44,27.9,28.67,27.13,78.1,1.63,3.2,1.46,100.08
20150325,7.05,3.545,0.2429,2.5229,0.34,28.03,29.19,26.53,77.72,1.79,2.78,1.61,100.12
20150326,5.37,3.6228,0.475,2.4792,0.35,28.37,29.01,27.77,76.66,1.41,2.44,1.3,100.19
20150327,2.21,4.38,2.0148,2.2241,0.42,28.97,30.3,27.86,72.96,2.15,3.16,1.92,100.17
20150328,2.25,4.9798,2.262,2.7391,0.48,28.31,29.2,27.54,78.91,2.32,4.4,2.09,100.05
20150329,33.15,2.6702,0.1817,1.9687,0.26,27.62,28.23,27.02,78.5,2.2,4.66,1.98,100.07
20150330,3.5,5.3134,3.6583,2.3719,0.51,27.98,28.8,27.23,77.98,1.92,2.95,1.75,100.05
20150331,22.15,4.5252,1.914,2.4754,0.44,27.59,28.27,26.82,85.73,2.62,3.33,2.4,100.06
20150401,48.4,4.704,0.6504,3.2527,0.45,27.55,28.54,26.43,86.13,4.01,6.45,3.53,100.05
20150402,4.25,5.0854,2.7979,2.3621,0.49,27.27,27.91,26.52,82.66,3.29,4.9,2.89,100.04
20150403,3.03,6.0468,4.4201,2.3928,0.58,27.02,27.45,26.6,81.23,2.15,3.04,1.9,99.96
20150404,4.59,5.3292,2.6218,2.7804,0.52,27.39,28.53,25.99,78.83,2.93,3.87,2.58,99.89
20150405,8.26,5.4329,2.0232,3.2143,0.53,27.14,27.47,26.56,83.18,2.44,3.98,2.15,99.9
20150406,1.01,5.6986,2.3674,3.1898,0.55,28.12,28.89,27.06,74.18,1.47,2.59,1.33,99.86
20150407,3.17,4.2578,0.4073,2.9496,0.41,28.68,29.1,28.42,76.59,2.35,3.77,2.11,99.85
20150408,9.98,4.5233,1.7712,2.7274,0.44,27.47,28.29,26.78,82.56,4.03,5.94,3.5,100.0
20150409,18.33,4.6003,0.6763,3.2374,0.45,27.77,29.03,26.81,78.92,2.01,2.91,1.82,100.01
20150410,22.52,4.6056,1.1426,2.9909,0.45,27.15,28.06,26.36,85.11,2.53,4.35,2.23,100.09
20150411,20.44,5.0942,1.8895,3.2897,0.5,26.94,27.57,26.31,83.25,3.38,4.28,2.97,100.19
20150412,9.64,4.3368,1.0752,2.5222,0.42,27.48,28.66,26.37,76.43,1.67,2.98,1.51,100.3
20150413,9.92,5.4454,3.8928,2.059,0.53,27.44,28.44,26.34,80.54,3.75,6.08,3.29,100.25
20150414,21.33,4.8182,3.1111,2.3506,0.47,26.72,27.22,25.73,87.01,4.84,7.05,4.17,100.12
20150415,9.7,2.8099,0.2215,2.0585,0.28,26.49,27.15,25.47,83.12,3.42,4.15,3.0,100.31
20150416,1.98,4.8634,1.0678,3.2002,0.48,28.34,29.77,26.93,74.38,1.93,3.31,1.76,100.23
20150417,11.19,3.2273,0.2772,2.2486,0.32,28.62,30.02,26.98,71.98,2.43,3.95,2.13,100.15
20150418,23.81,5.4684,3.9559,1.9186,0.54,27.44,28.05,27.15,79.67,2.01,3.1,1.76,100.15
20150419,5.42,4.932,1.6363,2.982,0.49,27.4,28.47,26.73,79.38,3.06,3.82,2.72,100.17
20150420,1.77,5.9842,4.9906,1.9502,0.59,27.6,28.27,26.54,77.74,1.84,2.76,1.64,100.16
20150421,13.49,4.2703,1.6291,2.3494,0.42,27.87,28.12,27.35,81.52,3.17,5.48,2.74,100.08
20150422,25.51,4.7002,1.3582,2.8289,0.47,26.73,27.26,26.35,86.4,3.63,5.73,3.17,100.17
20150423,16.23,5.1965,2.1768,3.283,0.52,26.49,26.94,25.91,87.13,3.67,4.66,3.21,100.22
20150424,26.14,4.8326,1.0906,3.432,0.48,26.14,26.61,25.65,85.26,2.72,4.37,2.4,100.23
20150425,2.32,5.46,3.8669,2.4192,0.55,26.84,27.83,25.53,79.03,1.45,2.56,1.3,100.12
20150426,7.64,5.0256,3.0533,2.147,0.5,26.98,27.46,26.31,83.1,3.03,4.26,2.66,100.16
20150427,15.31,4.549,1.157,2.7914,0.46,26.52,27.57,25.43,79.4,1.32,2.25,1.19,100.24
20150428,2.16,5.3575,2.3621,2.8625,0.54,27.25,27.92,26.56,78.14,1.64,2.45,1.46,100.18
20150429,6.11,4.4479,2.496,2.0582,0.45,26.98,27.24,26.61,82.61,1.83,2.52,1.62,100.21
20150430,13.97,5.0933,1.699,2.9959,0.52,26.93,28.02,26.12,83.17,2.75,3.56,2.44,100.23
20150501,7.11,4.9517,1.1088,3.4126,0.5,27.43,28.06,26.61,81.9,2.82,3.25,2.48,100.19
20150502,16.42,3.6259,1.0231,2.2438,0.37,26.46,27.19,25.38,84.41,3.51,4.69,3.07,100.26
20150503,1.09,5.1581,1.6963,3.3523,0.53,26.82,27.56,25.72,76.29,1.12,1.66,1.01,100.27
20150504,1.1,6.1874,5.5181,1.9205,0.63,28.16,28.95,27.48,73.03,2.16,2.84,1.92,100.19
20150505,0.45,5.9345,5.3755,1.8818,0.61,28.28,28.82,27.69,76.27,2.2,2.66,1.95,100.04
20150506,0.65,5.8582,4.9426,2.0664,0.6,28.43,29.07,27.74,76.8,1.97,2.7,1.73,99.99
20150507,1.24,4.9769,2.9434,2.4461,0.51,28.37,28.85,27.8,79.59,2.7,3.46,2.38,100.0
20150508,8.08,2.7871,0.0936,2.0791,0.29,28.08,28.53,27.5,79.27,2.81,5.36,2.44,100.0
20150509,1.33,5.8063,4.8785,2.0462,0.6,27.98,28.8,27.17,74.88,1.31,2.1,1.16,99.96
20150510,0.57,5.2526,3.0257,2.5447,0.54,28.76,29.85,27.74,74.26,1.58,2.62,1.43,99.91
20150511,6.43,4.8403,2.7382,2.317,0.5,28.64,28.87,28.25,78.09,2.39,2.8,2.11,99.94
20150512,17.4,4.1779,1.2451,2.9275,0.43,27.79,28.79,26.29,83.79,3.3,4.75,2.87,100.02
20150513,7.59,4.7688,1.8029,2.742,0.5,27.38,28.25,25.99,76.95,1.63,2.47,1.45,100.05
20150514,22.38,3.3125,0.3338,2.4852,0.34,27.56,28.21,27.23,81.16,1.69,2.57,1.49,100.14
20150515,1.9,5.0292,1.4726,3.3329,0.52,28.16,29.0,27.29,78.27,1.85,2.82,1.64,100.18
20150516,0.5,3.5923,1.9675,1.8989,0.38,28.06,28.41,27.74,80.45,2.37,3.06,2.06,100.08
20150517,1.77,4.6687,2.8339,2.177,0.49,27.52,28.1,27.02,79.92,2.58,3.37,2.26,100.0
20150518,2.24,5.2099,4.1777,1.9759,0.55,28.47,29.27,27.51,74.08,1.66,2.5,1.5,100.06
20150519,4.15,4.8514,3.1793,2.202,0.51,28.25,28.55,27.89,82.53,3.17,3.73,2.77,100.13
20150520,2.43,5.2416,4.9838,2.3232,0.55,28.6,29.61,27.86,78.25,3.07,4.24,2.68,100.12
20150521,2.22,4.1578,1.0766,2.8848,0.44,28.02,28.34,27.76,85.93,3.69,5.85,3.2,100.06
20150522,11.27,5.0513,2.5315,2.7907,0.53,27.35,27.94,26.35,77.6,3.18,6.55,2.78,100.15
20150523,0.42,3.797,0.2558,2.7958,0.4,27.99,28.98,27.23,78.65,2.76,4.25,2.43,100.11
20150524,2.29,5.0035,3.1961,2.2903,0.53,27.76,28.1,27.38,83.53,2.72,3.82,2.42,100.07
20150525,3.89,3.9425,0.7553,2.6122,0.42,27.76,28.26,27.37,84.0,2.92,4.07,2.52,100.13
20150526,3.03,3.949,0.2383,3.0182,0.42,26.95,27.32,26.43,82.31,1.37,3.5,1.19,100.22
20150527,2.39,4.6219,1.6457,2.6323,0.49,28.15,29.15,27.22,75.23,2.21,3.17,2.0,100.09
20150528,7.41,5.1509,4.1995,2.0364,0.55,28.03,28.29,27.55,81.79,2.63,3.83,2.34,100.0
20150529,2.35,5.0952,3.9641,1.8929,0.54,28.23,29.34,26.66,73.77,2.15,4.16,1.92,100.06
20150530,3.33,4.8725,3.0655,2.4552,0.52,28.81,29.28,28.27,75.6,1.63,2.36,1.5,100.01
20150531,8.7,5.1655,4.4938,2.0297,0.55,28.99,30.12,27.95,77.69,2.63,4.14,2.33,99.91
20150601,6.2,5.0263,4.0022,2.0626,0.54,28.01,28.52,27.41,84.11,4.05,6.74,3.53,99.91
20150602,13.32,4.1808,1.4186,2.5982,0.45,27.61,28.25,26.99,82.36,2.42,5.73,2.14,100.01
20150603,24.61,5.3969,4.7779,1.7633,0.58,28.25,29.34,26.85,78.18,1.69,2.87,1.57,99.93
20150604,5.33,4.362,1.0589,3.0413,0.47,28.97,30.03,28.16,76.3,1.33,2.35,1.21,99.83
20150605,8.05,4.7018,3.5477,2.1156,0.51,28.7,29.31,28.14,79.6,1.53,2.69,1.43,99.83
20150606,42.25,4.2295,0.9125,3.1313,0.46,27.78,28.53,27.11,86.09,2.61,5.17,2.33,99.85
20150607,22.99,4.807,3.2518,2.4533,0.52,27.51,28.01,27.08,85.09,2.79,4.72,2.47,99.95
20150608,49.35,4.752,2.3635,3.185,0.51,27.53,28.28,26.88,83.03,1.84,3.0,1.65,99.95
20150609,9.36,4.3543,0.6031,3.2182,0.47,27.38,27.8,26.75,84.88,2.94,3.71,2.6,100.0
20150610,14.44,4.2562,2.335,2.1182,0.46,27.27,27.86,26.4,80.02,2.63,4.47,2.32,100.04
20150611,21.5,4.4856,3.4786,2.1389,0.49,27.18,27.51,26.72,83.78,2.88,4.02,2.53,100.03
20150612,54.0,4.4174,0.9718,2.9503,0.48,25.81,26.41,25.48,87.15,1.81,4.11,1.6,100.09
20150613,3.14,5.2956,3.9312,2.1456,0.57,27.01,27.72,25.84,82.69,2.57,3.82,2.27,100.0
20150614,7.21,4.1978,0.4248,3.1572,0.46,26.31,27.46,25.76,86.59,3.88,5.73,3.38,100.09
20150615,2.31,3.8678,1.7266,2.1463,0.42,26.51,26.93,26.11,81.01,2.44,3.12,2.15,100.1
20150616,1.37,5.208,3.5844,2.2514,0.57,26.78,27.42,25.65,76.46,1.68,2.27,1.47,100.1
20150617,1.54,5.4907,4.4304,2.0803,0.6,27.15,27.58,26.52,78.37,2.18,2.59,1.91,100.0
20150618,0.94,5.1002,3.055,2.6364,0.56,27.58,27.94,27.12,78.97,2.15,2.52,1.91,99.97
20150619,0.58,5.0592,2.945,2.7185,0.55,27.89,28.33,27.31,78.59,2.21,3.43,1.97,100.04
20150620,0.12,5.4115,4.2708,2.2217,0.59,28.0,28.32,27.58,77.32,1.25,2.24,1.11,100.08
20150621,0.05,5.2843,3.7958,2.4571,0.58,28.21,28.84,27.78,78.93,1.86,2.74,1.64,100.08
20150622,0.26,5.4588,4.1402,2.3702,0.59,28.12,28.76,27.39,80.47,2.5,3.85,2.23,100.06
20150623,0.31,5.4353,4.0699,2.287,0.59,28.15,28.73,27.62,81.9,3.2,3.85,2.82,100.13
20150624,0.45,5.6803,4.9519,1.993,0.62,28.0,28.62,27.51,82.88,3.11,4.36,2.73,100.2
20150625,0.8,5.3486,4.5485,2.0357,0.58,28.0,28.68,27.36,82.25,2.44,3.14,2.15,100.17
20150626,0.31,5.346,4.765,1.9094,0.58,28.12,29.06,27.21,81.1,2.24,3.26,1.97,100.12
20150627,0.17,5.9004,5.323,1.9661,0.64,28.41,29.19,27.57,76.35,1.76,2.22,1.55,100.26
20150628,0.09,5.8078,5.195,2.039,0.63,28.18,28.67,27.64,74.41,2.07,2.69,1.83,100.44
20150629,0.02,6.1003,5.5872,2.1,0.66,28.39,29.22,27.76,72.2,1.51,2.31,1.37,100.38
20150630,0.17,5.7545,5.309,1.9298,0.63,28.17,29.05,27.72,76.05,1.75,2.97,1.56,100.3
20150701,0.91,5.6741,4.6718,2.2162,0.62,27.59,28.04,27.08,80.65,2.97,4.57,2.63,100.38
20150702,1.02,5.4137,4.3673,2.2978,0.59,27.74,28.46,27.03,82.79,4.54,5.02,3.94,100.29
20150703,0.77,5.6467,6.0586,1.5072,0.61,27.69,28.41,27.11,78.49,4.83,5.38,4.17,100.27
20150704,0.52,5.1893,3.1558,2.6081,0.56,27.56,28.15,26.63,76.34,3.82,4.5,3.33,100.27
20150705,0.08,5.7523,5.0885,2.0299,0.62,27.96,28.67,27.45,74.22,3.49,4.29,3.05,100.18
20150706,0.64,5.7703,5.7067,2.4646,0.63,27.55,28.31,26.76,79.5,3.1,3.65,2.73,100.07
20150707,2.6,4.1172,1.266,2.6446,0.45,27.36,27.92,26.81,81.68,2.86,3.22,2.54,100.02
20150708,1.25,4.0538,0.7793,2.9294,0.44,26.86,27.63,26.31,82.2,2.46,3.98,2.16,100.2
20150709,0.69,5.1466,3.9857,2.1811,0.56,27.13,27.72,26.51,80.25,1.92,2.76,1.69,100.17
20150710,1.5,5.3551,3.6194,3.1918,0.58,27.19,27.67,26.49,80.27,2.35,3.24,2.05,100.15
20150711,0.92,4.8571,2.5406,2.6194,0.52,27.57,28.32,26.89,76.68,1.2,1.88,1.04,100.13
20150712,6.83,4.4664,2.5186,2.2666,0.48,27.53,28.52,26.78,80.06,1.89,2.86,1.7,100.01
20150713,22.55,3.3024,0.7142,2.0527,0.36,27.19,27.53,26.56,83.19,2.96,6.41,2.58,99.98
20150714,20.87,4.4774,0.547,3.3334,0.48,27.18,27.53,26.76,82.25,2.99,6.2,2.61,99.96
20150715,1.55,5.4012,3.9888,3.4066,0.58,27.36,28.53,25.84,77.85,1.63,2.91,1.47,99.93
20150716,0.6,5.0962,3.8664,1.9159,0.55,28.19,28.72,27.54,76.83,1.75,2.96,1.56,99.87
20150717,7.39,4.5406,1.9882,2.4835,0.49,27.37,28.25,25.4,81.31,2.16,3.55,1.89,99.96
20150718,8.16,4.92,3.377,2.3189,0.53,26.44,27.91,24.9,81.11,2.22,3.53,1.99,100.04
20150719,5.51,5.3508,4.2794,3.325,0.57,27.51,27.92,27.0,80.41,2.3,3.27,2.02,100.03
20150720,2.67,4.8074,2.5824,3.2465,0.51,26.97,27.42,26.44,85.4,3.17,3.97,2.76,100.12
20150721,2.18,5.0429,3.0442,2.8433,0.54,26.7,27.63,25.85,82.77,2.21,3.26,1.97,100.25
20150722,1.69,5.4953,3.8638,2.4958,0.58,28.2,28.9,27.58,77.59,2.07,2.65,1.83,100.19
20150723,1.45,5.2834,4.2734,1.9946,0.56,28.78,29.82,27.82,74.37,1.33,1.95,1.2,100.15
20150724,2.29,5.3414,3.8777,2.2142,0.57,28.58,29.54,27.89,76.01,2.13,3.47,1.88,100.16
20150725,3.56,5.2742,3.7579,2.2075,0.56,27.94,28.97,27.42,81.85,3.12,3.88,2.75,100.17
20150726,5.56,5.0383,3.3917,2.3011,0.53,27.28,27.78,26.16,85.0,3.85,4.93,3.35,100.25
20150727,2.41,5.3227,3.4325,2.3616,0.56,27.92,29.28,26.18,73.47,1.98,2.94,1.79,100.28
20150728,2.13,5.2099,3.2938,2.4914,0.55,28.33,29.01,27.49,75.6,1.51,2.51,1.35,100.2
20150729,1.44,5.4134,4.3601,2.1319,0.57,28.59,29.63,27.44,74.23,2.53,3.2,2.21,100.13
20150730,3.33,5.4823,4.6738,1.985,0.58,28.48,29.49,27.69,76.1,3.32,4.11,2.92,100.16
20150731,23.63,4.7662,2.4902,2.4434,0.5,27.65,28.21,27.1,81.35,3.16,4.28,2.77,100.15
20150801,22.67,3.852,0.8628,2.5478,0.4,27.63,28.6,26.84,79.57,1.88,3.27,1.67,100.2
20150802,27.73,4.4712,2.4797,2.231,0.47,27.09,27.68,25.96,85.85,4.57,6.27,3.93,100.28
20150803,8.76,3.7574,0.2722,2.6784,0.39,26.42,26.98,25.4,78.58,2.53,3.93,2.24,100.35
20150804,5.25,4.7496,2.0268,2.6712,0.49,26.24,26.85,25.42,79.21,1.71,2.66,1.51,100.28
20150805,1.94,4.9018,3.4193,2.1403,0.51,26.66,27.4,25.83,79.3,1.99,2.51,1.75,100.12
20150806,6.03,5.0498,1.459,3.3175,0.52,27.0,27.68,26.33,80.25,2.47,2.78,2.16,100.07
20150807,8.5,4.5991,1.5485,2.6566,0.48,26.78,27.09,26.47,83.05,3.24,4.06,2.84,100.11
20150808,9.05,4.8125,2.6986,2.9806,0.5,26.57,27.09,25.95,82.65,3.24,3.92,2.84,100.08
20150809,3.31,4.6908,0.8604,3.3504,0.48,27.07,27.53,26.44,82.0,2.48,3.24,2.2,99.9
20150810,3.29,3.6986,1.285,2.2032,0.38,27.35,27.74,27.09,84.5,3.21,3.99,2.81,99.91
20150811,18.62,3.8222,0.9389,2.268,0.39,27.44,28.13,26.58,86.49,4.78,5.29,4.12,100.03
20150812,5.52,4.0118,0.4174,2.7398,0.41,26.83,27.81,25.7,79.85,2.09,3.89,1.87,100.19
20150813,5.37,4.8286,3.0554,2.2637,0.49,27.49,28.0,27.1,80.23,1.89,2.81,1.69,100.11
20150814,12.44,4.4146,0.6086,3.2126,0.45,27.03,27.49,26.79,85.29,3.65,4.62,3.19,100.14
20150815,1.05,5.2061,3.1589,2.3777,0.53,27.5,28.16,26.66,80.14,2.83,3.73,2.5,100.13
20150816,8.24,3.4963,0.8213,2.0585,0.36,26.99,27.65,26.17,86.62,4.62,6.42,4.01,100.19
20150817,26.64,5.0844,3.7063,1.9939,0.52,27.14,27.86,25.87,82.53,3.89,4.83,3.41,100.19
20150818,0.35,5.5517,4.3591,1.9872,0.56,28.16,29.19,27.29,72.87,1.79,3.2,1.6,100.13
20150819,1.98,5.7038,4.188,2.1751,0.58,27.92,28.41,27.28,79.47,2.57,4.07,2.29,100.17
20150820,4.99,5.0717,2.6878,2.454,0.51,27.94,28.71,27.45,82.82,4.46,5.32,3.86,100.2
20150821,9.88,4.7602,1.8118,2.5798,0.48,27.34,27.63,26.96,82.62,5.48,6.98,4.67,100.17
20150822,2.2,4.6723,1.8034,2.5651,0.47,26.8,27.14,26.4,80.3,4.49,5.12,3.9,100.17
20150823,12.29,5.0738,2.3417,2.7142,0.51,26.52,27.0,25.91,84.66,3.42,4.75,3.01,100.12
20150824,22.16,4.3224,0.7673,3.0516,0.43,27.66,28.34,26.8,80.73,3.35,5.42,2.93,100.12
20150825,4.82,4.4942,0.8724,2.9474,0.45,26.52,27.21,25.81,77.42,1.45,2.14,1.29,100.18
20150826,1.76,3.2578,0.3298,2.2661,0.33,27.12,27.94,25.86,69.7,1.23,1.91,1.14,100.19
20150827,1.66,4.4453,0.655,3.0022,0.44,27.95,28.36,27.47,77.9,2.83,4.69,2.5,100.07
20150828,4.53,4.6654,1.9505,2.4684,0.47,28.53,29.24,27.81,79.98,1.94,3.35,1.74,100.03
20150829,5.0,4.4196,1.4174,2.4689,0.44,28.71,29.79,27.84,79.42,3.55,5.49,3.07,100.02
20150830,15.3,4.1897,1.5653,2.3033,0.42,28.47,29.18,28.01,79.71,2.61,4.82,2.27,100.12
20150831,3.78,5.4161,3.4853,2.3369,0.54,28.55,29.67,27.47,75.77,2.62,3.14,2.31,100.14
20150901,1.77,5.0441,2.7091,2.3911,0.5,28.11,29.4,26.86,77.24,2.82,3.77,2.5,100.08
20150902,0.84,5.3722,3.3638,2.424,0.53,28.13,29.45,26.77,77.66,3.34,4.52,2.91,100.02
20150903,0.59,4.6656,2.1334,2.4266,0.46,28.49,29.83,27.22,73.81,3.02,3.76,2.66,100.15
20150904,1.49,3.7486,1.0063,2.1499,0.37,28.36,29.45,27.27,79.99,3.74,5.05,3.25,100.22
20150905,5.63,3.4738,0.8222,2.089,0.34,28.13,28.93,27.54,83.22,5.33,6.47,4.56,100.28
20150906,6.45,4.3344,1.3675,2.3755,0.43,28.18,29.47,27.21,77.9,3.07,6.45,2.68,100.24
20150907,0.71,4.4095,1.957,2.3059,0.43,27.74,28.84,26.52,80.87,3.91,5.88,3.42,100.23
20150908,4.9,3.6809,0.6922,2.2051,0.36,27.56,28.35,26.79,82.75,5.43,6.47,4.64,100.1
20150909,22.2,3.0108,0.0835,2.2298,0.3,26.87,27.07,26.46,87.31,4.28,5.64,3.72,100.19
20150910,24.87,2.6834,0.1872,1.9534,0.26,26.76,27.06,26.5,86.84,4.25,4.93,3.71,100.28
20150911,4.76,4.5636,1.9178,2.3906,0.45,27.67,28.72,27.02,80.33,4.43,5.12,3.85,100.14
20150912,4.92,4.3512,1.861,2.381,0.43,27.55,28.52,26.52,82.78,4.99,6.12,4.27,100.14
20150913,8.01,4.0332,1.0553,2.4492,0.39,27.6,28.55,26.74,81.2,4.41,6.43,3.8,100.18
20150914,8.51,2.4058,0.2544,1.6572,0.23,27.16,27.74,26.57,84.14,5.58,6.48,4.74,100.23
20150915,4.87,4.2077,0.888,2.9424,0.41,26.98,27.54,26.34,80.23,4.68,5.99,4.02,100.1
20150916,3.46,3.5189,0.2662,2.3846,0.34,27.03,27.79,26.31,78.92,4.18,5.16,3.61,100.04
20150917,0.54,4.1388,0.5873,2.7662,0.4,27.41,28.17,26.49,78.29,3.43,4.64,3.01,100.12
20150918,1.87,3.6814,0.5645,2.3767,0.36,27.88,28.51,27.06,81.13,2.29,2.94,2.07,100.16
20150919,1.63,3.0859,0.9046,1.9003,0.3,28.12,29.24,27.1,82.53,3.06,4.68,2.67,100.07
20150920,4.15,4.1784,1.1537,2.3818,0.41,27.85,29.02,26.93,85.21,4.8,6.4,4.09,100.04
20150921,29.27,3.7958,0.5482,2.2649,0.37,26.73,27.39,26.37,87.04,5.67,6.98,4.85,100.07
20150922,3.1,3.2678,0.5381,2.0611,0.32,27.01,27.76,26.22,84.78,4.74,6.22,4.06,100.07
20150923,6.01,2.825,0.5623,1.9757,0.27,26.4,26.99,25.99,86.19,3.54,6.45,3.06,100.25
20150924,6.99,4.1362,0.9725,2.7708,0.4,26.35,26.88,25.63,85.25,2.73,3.87,2.39,100.19
20150925,8.09,3.2309,0.2352,2.4139,0.31,26.53,26.98,25.84,83.38,4.61,5.17,3.98,100.15
20150926,12.51,4.2516,0.93,2.6801,0.41,26.75,27.5,25.99,82.7,4.63,5.84,3.97,100.07
20150927,31.07,2.052,0.0994,1.4518,0.2,25.82,26.28,25.25,84.53,3.06,6.32,2.63,100.12
20150928,10.93,1.9594,0.0996,1.4155,0.19,25.13,25.63,24.6,88.03,2.09,3.69,1.85,100.12
20150929,3.91,3.7738,0.917,2.3347,0.36,26.38,27.36,25.03,85.22,2.57,3.96,2.27,100.03
20150930,6.94,3.0641,0.1882,2.1886,0.3,27.37,28.29,26.45,81.47,1.82,2.99,1.66,100.13
20151001,3.47,2.6184,0.2515,1.831,0.25,27.78,28.84,26.75,83.36,1.6,3.65,1.43,100.26
20151002,3.91,2.1149,0.1435,1.4186,0.2,27.45,28.09,26.9,84.82,4.04,5.33,3.5,100.32
20151003,1.66,3.593,0.9881,2.076,0.35,27.83,28.89,26.75,81.66,3.54,4.24,3.08,100.23
20151004,1.83,3.1171,0.456,1.9138,0.3,27.79,28.41,27.24,82.95,3.09,4.06,2.71,100.27
20151005,2.38,2.8954,0.186,2.0088,0.28,26.71,27.35,26.49,87.91,3.15,4.1,2.78,100.29
20151006,8.43,2.8728,0.2275,2.0045,0.28,27.59,28.66,26.56,79.04,2.22,3.52,1.97,100.21
20151007,5.9,1.9366,0.0686,1.3836,0.19,26.94,27.37,26.59,86.28,4.18,5.66,3.65,100.23
20151008,23.93,2.1986,0.2801,1.3622,0.21,27.12,28.41,26.3,87.75,2.02,3.55,1.82,100.12
20151009,6.03,3.4186,0.9845,1.9555,0.33,27.36,28.24,26.5,84.45,3.4,4.28,3.0,100.14
20151010,4.95,3.384,1.0565,2.0208,0.33,27.09,27.82,26.56,85.56,3.2,4.04,2.79,100.19
20151011,9.85,3.1536,0.9235,1.7299,0.3,26.94,27.38,26.51,86.95,4.25,6.14,3.69,100.29
20151012,3.74,2.7509,0.1495,1.9452,0.27,27.04,27.97,26.42,86.07,3.55,4.69,3.1,100.29
20151013,3.06,3.4658,1.1218,2.0422,0.33,27.27,28.28,26.1,83.37,1.84,2.86,1.66,100.25
20151014,11.02,2.8476,0.2652,1.885,0.27,27.62,28.56,26.83,84.91,2.87,4.41,2.54,100.19
20151015,6.24,3.2554,0.3845,2.3215,0.31,27.46,28.48,26.6,83.63,3.05,4.17,2.68,100.12
20151016,1.49,2.5013,0.245,1.56,0.24,27.47,28.01,26.86,83.18,3.87,4.93,3.34,100.08
20151017,5.38,2.5646,0.0986,1.9277,0.25,26.96,27.29,26.62,87.75,4.61,6.14,3.95,100.11
20151018,6.76,3.2198,0.3247,2.2632,0.31,27.07,28.11,26.21,87.08,3.71,5.85,3.17,100.21
20151019,8.24,3.1442,0.1152,2.3143,0.3,26.43,26.71,26.22,89.22,3.37,5.4,2.91,100.2
20151020,1.93,3.5585,0.2568,2.6246,0.34,26.8,28.09,25.83,88.54,3.11,3.86,2.64,100.08
20151021,1.36,3.8614,0.487,2.801,0.37,26.67,27.77,25.7,88.26,3.47,4.05,2.97,100.05
20151022,2.13,2.8738,0.4255,1.9265,0.28,26.87,27.9,25.94,87.43,3.82,4.43,3.29,100.08
20151023,7.35,2.4418,0.2923,1.5816,0.24,27.1,28.03,26.16,87.06,3.7,4.23,3.17,99.99
20151024,4.05,2.0575,0.1296,1.4726,0.2,27.27,28.15,26.55,86.11,2.68,3.75,2.36,99.99
20151025,2.53,1.9106,0.2556,1.2396,0.19,27.28,28.09,26.52,86.72,1.85,3.24,1.66,100.04
20151026,3.6,2.3486,0.1351,1.7422,0.23,27.29,28.0,26.76,86.15,1.86,3.65,1.65,100.06
20151027,16.76,2.5762,0.0991,1.8271,0.25,26.92,27.52,26.23,88.35,2.66,5.11,2.34,100.03
20151028,22.69,2.563,0.0614,1.8792,0.25,26.64,27.63,25.57,84.27,3.06,6.76,2.69,100.13
20151029,1.52,2.6594,0.1169,1.9332,0.26,26.91,28.03,25.98,85.13,2.8,4.22,2.47,100.14
20151030,7.07,3.347,0.4526,2.1334,0.33,25.79,26.15,25.57,90.63,3.44,4.17,3.04,100.12
20151031,11.97,3.2076,0.3806,2.0746,0.31,26.46,27.51,25.6,87.93,2.52,3.73,2.23,100.13
20151101,4.82,5.0496,2.106,2.6743,0.49,26.94,27.92,26.09,85.01,1.69,3.04,1.54,100.12
20151102,12.87,3.8722,0.5323,2.5346,0.38,26.8,27.92,25.73,86.98,3.64,4.56,3.16,100.13
20151103,16.16,3.6341,0.3262,2.3282,0.35,26.57,26.76,26.31,88.02,4.84,7.16,4.12,100.09
20151104,24.16,3.7958,0.3943,2.4641,0.37,26.25,26.69,25.93,85.81,2.65,4.28,2.3,100.08
20151105,5.02,4.0932,1.0099,2.6681,0.4,26.08,26.67,25.48,83.47,1.42,2.14,1.23,100.08
20151106,18.15,2.5922,0.108,1.9188,0.25,25.93,26.83,25.32,86.47,2.1,3.33,1.79,100.06
20151107,6.39,5.053,2.5706,2.4835,0.49,25.85,27.05,24.56,85.82,2.1,2.92,1.88,100.12
20151108,8.88,4.4923,1.6373,2.4782,0.44,26.44,27.29,25.58,85.65,2.07,2.94,1.89,100.15
20151109,23.15,5.5241,3.1054,2.6618,0.54,26.24,26.64,25.54,86.19,1.67,2.87,1.5,100.08
20151110,19.81,2.8073,0.1954,2.0023,0.28,26.52,27.15,25.85,85.84,3.69,4.43,3.22,99.99
20151111,16.81,4.2245,1.489,2.5416,0.42,25.73,26.07,25.07,85.1,2.07,4.98,1.82,100.11
20151112,3.85,4.9296,2.1314,2.706,0.49,26.95,27.98,25.92,77.94,1.9,3.19,1.69,100.17
20151113,2.35,4.2958,1.2934,2.5068,0.42,26.58,27.46,25.59,83.4,2.12,3.54,1.89,100.13
20151114,17.09,4.4976,1.463,2.5534,0.44,27.52,28.11,27.06,80.89,2.19,3.49,1.98,99.98
20151115,28.87,3.8323,0.6403,2.5735,0.38,27.61,28.2,26.97,82.04,2.57,3.54,2.33,99.98
20151116,47.96,3.4478,0.2935,2.4746,0.34,27.23,27.78,26.83,85.26,3.07,3.98,2.72,100.02
20151117,2.49,4.9697,1.6277,2.911,0.49,27.03,27.73,26.25,79.0,2.14,3.76,1.88,100.1
20151118,6.01,4.4558,1.9961,2.3887,0.44,27.91,28.51,27.33,81.03,3.23,3.75,2.84,100.03
20151119,13.84,5.1977,3.0907,2.4763,0.51,27.33,27.67,27.09,84.96,2.39,3.65,2.13,100.01
20151120,36.56,3.8532,1.0126,2.6426,0.38,27.55,28.0,27.07,84.86,2.86,4.12,2.57,99.9
20151121,13.84,5.0736,2.3227,2.7475,0.5,27.42,28.51,26.6,82.81,2.38,4.38,2.15,99.91
20151122,13.33,5.0249,2.2961,2.6873,0.5,26.74,27.16,26.44,86.12,2.77,3.6,2.44,99.95
20151123,5.37,5.0364,1.9406,3.1145,0.5,27.47,28.6,26.45,80.52,2.75,3.62,2.42,99.94
20151124,15.29,4.5593,1.5802,2.6215,0.45,26.84,27.31,26.44,86.61,3.01,4.15,2.63,100.0
20151125,11.35,5.2594,2.1854,2.9542,0.52,27.28,28.34,26.28,81.85,3.42,5.69,3.0,100.0
20151126,7.07,4.853,1.0582,3.1853,0.48,27.01,27.59,26.49,83.85,3.28,5.62,2.87,100.02
20151127,12.35,5.3774,2.9035,2.7077,0.54,26.57,27.05,25.84,81.39,1.12,1.74,1.07,100.01
20151128,11.48,4.5014,2.0359,2.4389,0.45,27.21,27.64,26.68,79.37,1.55,2.46,1.42,100.13
20151129,32.01,3.7447,0.6014,2.5735,0.37,26.86,27.5,26.4,85.38,2.43,3.86,2.22,100.25
20151130,16.14,5.2517,3.7622,2.1907,0.53,27.43,28.81,26.5,81.77,2.57,5.06,2.3,100.17
20151201,49.71,4.6764,1.1453,3.1596,0.47,26.62,26.87,26.3,88.25,4.45,6.5,3.85,100.14
20151202,1.72,4.9034,1.6282,2.9074,0.49,26.85,27.49,26.08,84.04,3.31,4.03,2.91,100.18
20151203,5.75,4.0202,0.3816,2.8718,0.4,27.7,28.73,26.85,78.13,2.45,3.56,2.19,100.14
20151204,15.27,4.8326,2.5951,2.4401,0.48,26.92,27.29,26.31,88.35,4.03,4.68,3.51,100.13
20151205,14.69,3.5981,0.8486,2.305,0.36,26.63,27.02,26.26,87.11,3.16,4.68,2.77,100.09
20151206,9.52,4.5242,1.7263,2.5534,0.45,26.8,27.41,25.99,85.56,2.35,3.6,2.1,100.09
20151207,15.22,4.1662,0.9166,2.593,0.42,27.37,28.32,26.77,84.31,2.02,3.9,1.8,100.12
20151208,37.87,3.5429,0.3674,2.5277,0.36,26.9,27.16,26.68,86.68,2.88,3.98,2.58,100.18
20151209,3.34,4.2982,1.2372,2.5109,0.43,27.8,28.55,26.88,83.01,3.67,4.35,3.22,100.17
20151210,3.56,4.8031,2.6563,2.4026,0.48,27.66,28.17,27.09,82.34,2.42,3.62,2.12,100.13
20151211,10.38,4.716,1.8773,2.7701,0.47,27.33,27.78,26.77,86.32,3.03,5.18,2.64,100.08
20151212,18.69,4.7597,2.3988,2.448,0.48,26.83,27.17,26.54,87.72,5.04,6.61,4.35,100.12
20151213,43.5,2.5385,0.1066,1.9416,0.26,26.27,26.82,25.81,87.99,5.6,7.83,4.81,100.26
20151214,16.64,4.0505,0.541,2.8577,0.41,26.5,27.56,25.52,82.14,3.07,3.76,2.72,100.23
20151215,2.04,4.315,0.7843,2.8058,0.43,26.26,26.76,25.72,81.42,2.02,3.01,1.8,100.26
20151216,12.69,3.5582,0.108,2.6947,0.36,26.48,27.27,25.77,80.44,2.85,4.32,2.53,100.3
20151217,1.05,5.2735,3.2705,2.3974,0.53,27.31,28.53,25.69,72.97,2.18,3.0,1.96,100.25
20151218,6.85,5.0431,1.9985,2.7912,0.51,27.61,28.45,27.16,78.39,2.89,3.84,2.57,100.26
20151219,6.84,4.6157,2.2022,2.5236,0.47,27.18,27.63,26.67,80.38,1.78,2.86,1.62,100.34
20151220,3.53,5.9131,4.0162,2.8476,0.6,27.13,27.67,26.57,80.93,2.57,3.81,2.28,100.31
20151221,1.98,5.5082,2.6491,3.1769,0.56,26.88,27.24,26.65,80.7,1.9,3.11,1.69,100.29
20151222,5.22,5.0203,1.9702,2.9834,0.51,27.08,27.84,26.36,79.08,1.61,2.7,1.41,100.31
20151223,8.61,5.233,3.5242,2.4288,0.53,27.02,27.64,26.26,81.83,2.69,3.82,2.35,100.34
20151224,1.06,4.5595,0.324,3.4555,0.46,27.25,27.92,26.58,79.05,1.82,2.68,1.61,100.28
20151225,0.81,5.0585,3.2592,2.4014,0.51,27.53,28.33,26.4,78.93,2.11,3.2,1.86,100.19
20151226,11.55,3.8119,1.7258,2.0162,0.38,27.69,28.31,26.75,83.09,3.06,4.09,2.66,100.14
20151227,7.31,3.4402,0.7747,2.1394,0.35,28.01,28.97,26.38,74.94,1.39,2.08,1.27,100.3
20151228,2.16,5.629,3.3559,2.8498,0.57,28.19,28.87,27.65,77.09,1.61,2.54,1.49,100.36
20151229,10.94,3.5004,0.647,2.2469,0.35,27.72,28.28,27.14,81.12,1.16,2.52,1.07,100.26
20151230,26.19,4.0762,1.5974,2.3719,0.41,27.64,28.75,26.34,78.5,2.77,3.82,2.42,100.2
20151231,0.31,5.4161,3.8066,2.376,0.54,28.98,30.31,27.72,69.05,1.48,2.42,1.33,100.17
20160101,4.75,3.0655,0.4258,2.2058,0.31,28.59,29.56,27.92,74.68,1.41,2.08,1.31,100.3
20160102,8.83,3.1656,0.6898,2.2932,0.32,27.68,28.12,27.1,80.68,2.37,3.57,2.15,100.4
20160103,3.01,5.5963,3.3926,2.6215,0.56,28.51,29.76,27.34,76.94,2.44,3.91,2.2,100.33
20160104,1.7,3.8803,2.334,1.9807,0.39,28.35,29.2,27.69,79.15,2.1,3.24,1.9,100.3
20160105,17.61,4.3541,2.1698,2.4624,0.44,27.96,28.47,27.51,83.62,2.38,4.23,2.15,100.19
20160106,2.37,4.277,2.6527,2.1209,0.43,28.48,28.94,27.94,81.47,1.92,3.04,1.79,100.2
20160107,6.03,2.7646,0.211,2.0381,0.28,28.76,29.67,27.94,80.83,1.91,3.47,1.77,100.17
20160108,7.1,3.6965,2.2841,1.985,0.37,28.55,29.85,27.55,78.56,3.14,4.4,2.77,100.14
20160109,19.55,2.6554,0.2645,1.8967,0.27,28.07,29.07,26.98,82.14,2.73,4.25,2.48,100.12
20160110,18.38,4.9056,1.8996,2.9621,0.49,27.22,27.9,26.5,89.13,2.98,5.68,2.66,100.16
20160111,10.86,4.6361,1.6274,2.718,0.46,27.04,27.75,26.17,81.63,2.16,3.07,1.91,100.24
20160112,1.59,5.2382,3.1867,2.7432,0.52,28.54,29.42,27.6,75.38,1.67,3.01,1.52,100.06
20160113,6.42,4.6265,1.4738,2.9779,0.46,28.05,28.47,27.8,83.61,4.1,5.55,3.59,100.0
20160114,42.23,3.8338,0.8006,2.658,0.38,27.72,28.33,27.09,83.06,4.49,5.89,3.9,100.03
20160115,18.12,3.6242,0.5587,2.4492,0.36,26.84,27.32,26.18,88.97,4.72,6.28,4.07,100.04
20160116,1.07,5.1098,2.6789,2.5224,0.51,26.81,27.89,25.36,82.25,2.17,3.86,1.92,100.06
20160117,3.22,4.1825,0.8971,2.5034,0.41,27.57,28.13,26.97,83.65,3.54,4.83,3.1,100.05
20160118,6.73,5.0462,2.7487,2.3947,0.5,27.31,27.97,26.58,84.24,2.69,3.86,2.38,100.04
20160119,36.76,2.5459,0.168,1.7784,0.25,26.77,27.31,25.92,84.85,4.23,5.67,3.69,100.23
20160120,2.32,4.8396,1.9459,2.755,0.48,28.41,30.44,25.83,73.34,2.79,3.51,2.43,100.15
20160121,2.19,4.4806,1.6517,2.6491,0.44,28.78,29.86,27.96,74.13,1.85,3.4,1.65,100.12
20160122,1.45,5.2471,3.0475,2.7209,0.52,28.49,29.29,27.76,80.56,2.4,3.51,2.13,100.16
20160123,1.79,6.035,4.0726,2.6695,0.59,28.82,30.13,27.58,79.81,3.11,4.31,2.75,100.18
20160124,2.92,4.5341,3.2016,1.9205,0.45,29.08,30.42,27.87,78.48,2.25,3.68,1.97,100.19
20160125,0.2,5.3359,4.9142,1.782,0.52,29.04,30.59,27.63,72.73,3.82,5.51,3.24,100.18
20160126,1.14,5.3484,4.5902,1.9382,0.52,28.73,29.75,27.68,75.09,2.5,3.61,2.22,100.18
20160127,7.87,4.2787,2.7965,2.107,0.42,28.34,28.72,27.89,82.53,2.45,4.27,2.22,100.12
20160128,26.67,1.8214,0.1994,1.3406,0.18,28.06,28.45,27.51,79.64,4.62,9.83,3.94,100.1
20160129,1.69,4.7688,3.0079,2.3861,0.47,28.2,28.86,27.87,74.6,2.11,2.75,1.87,100.14
20160130,12.14,4.8622,2.5346,2.4864,0.47,27.93,28.93,27.14,76.76,2.17,3.23,1.92,100.14
20160131,6.27,5.4017,2.1593,3.0353,0.53,27.63,28.5,26.76,83.83,4.23,5.26,3.66,100.13
20160201,10.84,5.4602,2.7017,3.1898,0.53,27.51,28.15,26.82,86.23,4.67,6.48,4.03,100.07
20160202,12.46,4.2617,0.3854,3.0653,0.41,27.4,27.88,26.61,84.82,4.04,6.33,3.55,100.1
20160203,4.99,5.1694,2.0597,3.3067,0.5,28.0,29.06,26.91,78.1,1.82,3.32,1.69,100.07
20160204,3.5,4.9459,1.5432,2.8903,0.48,28.56,29.48,27.38,75.42,1.36,3.11,1.24,100.01
20160205,9.3,4.416,1.655,2.7086,0.43,28.21,28.97,27.1,82.25,3.51,6.17,3.06,99.92
20160206,53.99,2.5354,0.1193,1.8468,0.25,26.99,27.3,26.56,86.85,3.41,6.35,3.0,100.02
20160207,26.75,2.2951,0.2827,1.5451,0.22,27.23,27.87,26.62,84.76,1.38,2.51,1.33,100.03
20160208,18.56,3.0845,0.4915,2.1022,0.3,27.01,28.13,26.26,82.09,2.28,4.17,1.99,100.1
20160209,24.49,4.393,0.7762,3.0766,0.42,26.33,26.65,25.74,87.0,2.78,4.52,2.46,100.14
20160210,28.56,3.7042,0.1946,2.7454,0.36,26.43,27.28,25.67,85.59,2.21,3.25,1.96,100.19
20160211,2.77,5.9345,3.2062,2.8769,0.57,27.4,28.13,26.32,71.89,1.89,2.86,1.71,100.21
20160212,0.31,6.0317,3.9202,2.7924,0.58,27.79,28.21,26.97,72.15,1.36,2.46,1.21,100.17
20160213,0.43,5.982,3.9886,2.6472,0.57,29.2,30.6,27.89,66.61,1.68,2.73,1.52,100.05
20160214,1.11,5.6966,2.813,2.934,0.55,28.96,29.57,28.37,73.59,2.27,3.39,2.01,100.13
20160215,1.6,5.0935,2.7674,2.5954,0.49,28.74,29.56,28.2,79.14,3.37,4.52,2.93,100.2
20160216,4.0,4.7647,1.285,2.8274,0.46,28.82,29.78,27.87,72.78,1.7,3.56,1.52,100.23
20160217,4.26,5.3765,3.5623,2.2798,0.51,28.68,29.38,28.08,71.98,1.71,3.13,1.51,100.19
20160218,2.59,6.1567,4.9354,2.2774,0.59,29.06,30.47,27.75,67.87,2.02,3.73,1.72,100.13
20160219,4.51,4.866,2.3076,2.5615,0.47,28.86,30.14,27.63,70.65,1.94,2.91,1.73,100.17
20160220,7.89,3.4286,0.5364,2.1444,0.33,27.97,29.1,26.62,78.3,1.24,3.12,1.16,100.23
20160221,4.46,5.1077,3.1606,2.2939,0.49,27.8,28.91,27.24,77.18,1.73,3.58,1.5,100.28
20160222,3.51,5.3429,2.9244,2.569,0.51,28.2,29.59,26.74,75.53,1.66,3.16,1.49,100.33
20160223,7.11,4.4237,2.2596,2.2337,0.42,28.03,28.92,27.32,80.13,1.59,3.01,1.43,100.23
20160224,16.26,5.4254,2.6863,2.5742,0.52,27.99,28.54,27.21,83.14,2.4,3.22,2.17,100.18
20160225,12.77,4.968,3.4668,2.1079,0.47,28.38,29.72,26.9,76.44,3.0,6.21,2.56,100.2
20160226,1.4,5.2306,3.7829,2.1922,0.5,29.26,30.6,28.17,70.17,2.55,3.47,2.26,100.24
20160227,1.52,4.7638,3.7447,1.8082,0.45,29.02,30.03,27.96,72.41,1.64,2.41,1.49,100.22
20160228,5.99,4.7021,3.0158,2.0681,0.45,28.64,29.53,27.91,77.64,2.31,5.05,2.09,100.32
20160229,27.64,4.0644,1.7978,2.1888,0.39,27.07,27.93,26.37,84.03,3.38,5.57,2.96,100.4
20160301,2.34,5.0978,3.6401,2.0899,0.48,28.22,29.89,25.99,73.69,1.56,3.02,1.41,100.24
20160302,6.55,4.6666,2.9074,2.1521,0.44,28.96,29.42,28.34,76.39,1.93,2.88,1.77,100.17
20160303,9.9,4.8494,2.7924,2.3066,0.46,28.58,29.34,28.1,80.08,2.03,3.23,1.86,100.21
20160304,24.89,4.7942,1.5938,2.6779,0.46,28.37,29.05,27.88,81.71,2.57,3.92,2.34,100.12
20160305,8.18,5.0854,2.005,2.797,0.48,28.59,29.29,27.87,81.21,3.87,5.08,3.4,100.12
20160306,11.14,4.6867,2.1514,2.3081,0.45,27.78,28.6,26.89,81.81,2.77,3.69,2.4,100.19
20160307,2.68,5.347,2.7106,2.5217,0.51,28.54,30.13,26.41,76.74,2.49,3.75,2.24,100.04
20160308,5.49,5.6808,4.2571,2.2169,0.54,28.54,28.93,28.02,83.55,3.89,4.53,3.4,99.98
20160309,6.57,5.1072,2.9388,2.3506,0.49,28.49,29.42,27.36,76.79,2.11,4.37,1.87,100.02
20160310,23.68,3.8477,0.9941,2.4125,0.37,28.02,28.32,27.74,84.41,2.48,3.83,2.22,100.15
20160311,9.81,5.3062,2.815,2.6318,0.5,28.07,28.92,27.48,85.17,3.31,5.32,2.92,100.15
20160312,13.28,3.8486,1.4263,2.089,0.37,27.3,27.89,26.45,88.21,4.88,5.82,4.22,100.15
20160313,9.27,4.9862,2.201,2.4708,0.47,27.8,28.83,26.44,80.44,3.37,4.38,2.95,100.24
20160314,14.19,4.8746,1.8926,2.5646,0.46,28.28,28.79,27.77,79.87,3.23,4.09,2.81,100.25
20160315,10.68,4.332,0.9132,2.6736,0.41,27.66,27.98,27.41,82.43,3.0,4.01,2.62,100.18
20160316,5.62,5.6338,3.5518,2.3215,0.54,27.99,28.87,26.95,76.84,1.58,2.54,1.4,100.16
20160317,9.35,5.497,3.0586,2.4528,0.52,28.75,29.44,27.82,78.39,3.1,5.46,2.7,100.06
20160318,38.6,4.5194,1.1333,2.6813,0.43,27.82,28.34,26.96,83.96,3.64,6.43,3.15,100.1
20160319,4.2,4.9181,2.659,2.2025,0.47,28.39,29.17,27.57,81.9,2.48,3.55,2.19,100.01
20160320,25.3,4.4647,1.0315,2.6407,0.43,27.82,28.4,27.47,86.15,4.43,5.22,3.84,100.09
20160321,72.01,5.0995,2.0578,2.7782,0.49,27.63,28.16,27.07,85.92,3.56,5.09,3.11,100.11
20160322,47.01,3.059,0.409,2.1444,0.29,27.21,27.56,26.76,87.41,6.72,9.95,5.67,100.13
20160323,5.7,5.8891,3.0509,3.09,0.56,27.75,28.72,26.85,79.25,2.45,4.69,2.19,100.22
20160324,3.35,5.0815,1.7626,2.7638,0.49,28.41,29.32,27.77,78.63,2.06,3.5,1.84,100.26
20160325,3.38,4.7026,1.3834,2.628,0.45,27.71,27.96,27.62,81.82,2.49,3.23,2.2,100.44
20160326,8.51,4.5204,2.0009,2.273,0.43,29.0,30.17,27.84,77.21,3.22,4.78,2.86,100.3
20160327,12.28,4.4664,1.2557,2.4418,0.43,28.61,29.2,27.82,75.67,2.33,5.32,2.06,100.32
20160328,13.7,4.2163,0.6874,2.7598,0.41,28.45,29.0,28.09,74.23,2.4,3.33,2.12,100.3
20160329,2.09,4.7297,1.8948,2.4691,0.45,28.47,29.27,28.09,76.0,2.27,3.17,2.03,100.32
20160330,4.28,4.8451,2.0803,2.5584,0.47,28.48,29.27,27.6,80.73,2.09,3.15,1.9,100.27
20160331,3.48,4.9142,1.8866,2.6947,0.47,28.38,28.81,27.92,80.46,1.9,2.83,1.71,100.14
20160401,6.26,5.2949,2.2807,2.8061,0.51,28.66,29.47,27.87,78.83,1.62,2.89,1.5,99.99
20160402,7.5,3.9583,0.8335,2.4708,0.38,28.87,29.65,28.18,80.88,3.15,6.81,2.75,100.04
20160403,4.48,5.8939,3.8575,2.5327,0.57,29.35,30.97,28.2,72.87,3.58,5.35,3.1,100.14
20160404,6.43,5.0532,2.7415,2.3688,0.49,28.72,29.01,28.47,79.55,2.46,3.09,2.19,100.1
20160405,6.77,4.6601,0.7596,3.1118,0.45,28.39,29.03,27.84,81.2,2.69,3.26,2.4,100.06
20160406,36.28,5.3081,3.5863,2.1996,0.52,28.0,28.75,27.54,85.64,3.45,5.47,3.06,100.06
20160407,27.83,4.908,2.0117,2.6539,0.48,27.59,28.08,26.88,86.36,3.61,5.81,3.18,100.11
20160408,20.16,4.3032,1.278,2.6707,0.42,28.11,28.58,27.55,87.01,4.36,5.91,3.78,100.05
20160409,5.11,5.4929,2.0818,3.2866,0.54,27.49,28.19,25.65,86.45,4.54,5.83,3.91,100.1
20160410,7.8,4.902,2.4302,2.4199,0.48,28.2,29.63,25.47,72.01,1.89,3.09,1.7,100.15
20160411,40.6,4.8715,2.6791,2.3071,0.48,28.11,28.7,27.06,84.87,4.24,5.71,3.66,100.21
20160412,22.49,4.7098,0.6922,3.4056,0.46,27.19,28.11,25.9,85.23,3.16,4.47,2.8,100.19
20160413,11.67,5.1022,2.3136,2.8428,0.5,28.22,28.74,27.39,80.41,2.95,3.54,2.59,100.08
20160414,2.32,6.1627,4.8912,2.261,0.61,28.7,29.3,28.02,75.56,1.5,2.21,1.33,100.07
20160415,11.76,5.1499,2.1391,2.8214,0.51,28.66,29.22,27.97,76.69,1.81,2.42,1.63,100.13
20160416,6.21,5.1708,2.7816,2.4972,0.51,28.79,29.42,28.37,78.71,1.91,2.97,1.71,100.05
20160417,11.43,3.5254,0.222,2.527,0.35,28.51,28.94,28.32,78.63,2.35,2.86,2.08,100.0
20160418,10.87,5.8346,4.9886,1.9123,0.58,29.48,30.32,28.51,71.83,2.14,2.95,1.92,99.98
20160419,17.5,5.2118,1.9066,2.8793,0.52,29.2,29.91,28.64,78.77,1.77,2.81,1.63,99.99
20160420,9.54,4.7095,1.1585,2.9587,0.47,28.81,29.53,28.2,82.16,2.48,4.29,2.21,100.08
20160421,8.31,4.0692,0.3302,2.9383,0.41,28.47,29.11,28.02,81.12,2.62,4.05,2.32,100.09
20160422,1.77,4.9646,3.5798,1.9534,0.5,28.54,29.23,27.93,77.73,1.88,2.84,1.67,100.03
20160423,6.49,3.4824,1.0212,2.0597,0.35,28.14,28.66,27.77,84.58,2.91,3.85,2.55,99.97
20160424,26.3,4.9589,2.9407,2.2598,0.5,28.43,29.39,27.59,79.82,2.26,3.22,2.04,99.89
20160425,9.64,4.7729,2.6719,2.1958,0.48,27.87,28.14,27.6,85.29,2.82,3.45,2.5,99.99
20160426,4.81,4.729,2.3422,2.382,0.48,27.78,28.04,27.51,84.08,2.59,3.02,2.28,100.1
20160427,0.6,5.6143,4.2766,2.1996,0.57,28.34,28.98,27.52,80.04,2.48,3.05,2.21,99.99
20160428,3.54,5.3112,3.1154,2.7888,0.54,28.5,28.95,28.12,82.13,3.18,3.49,2.78,99.97
20160429,4.15,4.7534,3.2906,1.92,0.48,28.3,29.01,27.49,82.77,2.93,3.82,2.58,100.0
20160430,15.41,4.9438,2.8442,2.2498,0.5,27.91,28.91,26.63,82.73,1.91,4.18,1.69,100.01
20160501,5.42,4.2415,0.907,2.6731,0.43,28.61,29.36,27.71,81.92,2.64,4.25,2.34,99.98
20160502,26.75,4.585,2.3561,2.3388,0.47,28.4,28.75,28.09,83.64,2.22,3.87,1.99,100.0
20160503,2.77,5.1946,3.733,2.1658,0.53,28.46,28.75,28.11,85.27,4.16,5.18,3.62,99.94
20160504,11.97,4.8314,2.9606,2.2344,0.49,28.68,29.64,27.72,82.94,3.39,5.33,2.98,99.93
20160505,7.69,4.8574,2.1072,2.7338,0.5,28.07,28.78,27.03,82.75,3.08,4.44,2.73,99.96
20160506,5.71,4.9008,2.0508,2.7326,0.5,28.15,28.73,27.58,85.02,3.53,4.75,3.13,99.91
20160507,33.17,4.1429,0.541,3.0024,0.43,27.78,28.09,27.47,84.48,3.34,5.41,2.93,99.95
20160508,13.62,4.9534,1.752,3.0007,0.51,27.75,28.3,27.05,83.59,3.17,4.55,2.8,100.08
20160509,9.73,5.1602,2.7746,2.5214,0.53,27.95,28.28,27.64,84.04,2.87,3.91,2.53,100.03
20160510,2.4,5.2711,4.483,1.83,0.55,28.48,29.31,27.3,81.5,2.07,3.28,1.86,99.88
20160511,19.7,3.6646,0.6086,2.6834,0.38,28.48,29.13,27.82,84.64,3.59,4.61,3.16,99.85
20160512,11.02,4.3438,1.4578,2.4434,0.45,27.93,28.55,27.21,86.95,2.67,4.62,2.38,99.77
20160513,28.96,3.8506,0.9156,2.712,0.4,27.81,28.23,27.48,86.43,3.72,5.68,3.26,99.89
20160514,43.33,3.9929,1.043,2.5459,0.42,26.92,27.39,26.22,89.54,3.58,4.33,3.14,100.04
20160515,38.56,3.7538,1.5214,2.0945,0.39,27.2,27.81,26.21,89.27,4.25,5.48,3.69,100.03
20160516,21.71,4.5139,2.3635,3.0115,0.47,26.96,27.44,26.31,84.73,2.55,5.08,2.25,100.04
20160517,1.38,5.9542,5.0074,1.9781,0.62,28.56,29.64,27.26,77.53,2.09,3.36,1.84,99.94
20160518,3.91,4.8744,1.9771,2.8322,0.51,28.6,28.78,28.31,80.92,1.95,3.22,1.71,99.93
20160519,3.96,4.3622,2.3904,2.0141,0.46,28.68,29.05,28.32,80.55,1.99,3.39,1.74,99.94
20160520,7.02,5.0808,3.5551,2.1655,0.54,28.16,28.57,27.88,81.91,1.41,2.29,1.23,99.95
20160521,12.42,4.8046,2.6854,2.5229,0.51,27.94,28.71,27.24,83.98,2.88,4.71,2.52,100.16
20160522,5.25,4.5718,2.1984,2.484,0.48,27.91,28.6,26.98,83.08,3.07,4.86,2.71,100.22
20160523,7.8,5.207,3.8839,2.1624,0.55,28.41,28.82,27.95,79.93,2.29,3.96,2.02,100.25
20160524,4.56,3.9154,0.727,2.8066,0.42,28.13,28.53,27.59,82.9,3.75,4.68,3.28,100.17
20160525,17.73,5.2898,3.7915,2.1067,0.56,28.87,29.61,28.36,80.07,3.53,4.86,3.07,100.07
20160526,13.23,3.6703,0.1997,2.7413,0.39,27.93,28.35,27.56,84.01,4.54,5.48,3.95,100.13
20160527,11.29,5.2224,2.8692,3.2402,0.56,27.68,28.6,26.91,83.43,2.83,3.49,2.52,100.2
20160528,3.85,4.7047,1.5149,3.287,0.5,27.96,29.37,26.59,78.01,2.69,4.69,2.35,100.17
20160529,13.66,4.854,2.7773,2.8152,0.52,27.54,28.53,26.64,83.65,5.2,6.47,4.48,100.12
20160530,0.87,4.2276,0.7702,2.8577,0.45,28.42,29.55,27.1,68.08,3.55,4.95,3.11,100.1
20160531,0.51,5.2567,4.0354,2.1578,0.56,29.35,30.68,28.3,70.05,3.34,4.02,2.95,100.07
20160601,5.21,5.3182,3.2064,2.5147,0.57,29.2,29.91,28.45,76.57,2.03,4.4,1.86,100.13
20160602,9.74,5.5558,4.2343,2.22,0.6,27.95,28.5,27.37,80.04,5.44,6.81,4.67,100.26
20160603,1.4,5.6114,5.0213,2.2058,0.6,28.66,29.44,27.5,72.01,3.55,4.31,3.11,100.2
20160604,3.26,5.6806,4.3428,2.1151,0.61,29.01,29.69,28.56,75.62,3.21,3.88,2.84,100.16
20160605,2.72,5.2786,3.6108,2.4062,0.57,28.73,29.34,28.11,76.78,2.55,3.25,2.27,100.18
20160606,0.21,5.9995,5.779,1.8194,0.65,28.44,28.84,28.02,77.52,1.78,2.67,1.6,100.19
20160607,0.49,4.747,3.5762,1.979,0.51,28.25,28.68,27.54,77.06,2.51,3.85,2.19,100.25
20160608,0.68,5.6323,4.872,2.051,0.61,27.71,28.25,27.33,75.29,1.9,3.23,1.65,100.29
20160609,0.01,5.9282,5.7646,1.812,0.64,28.31,28.82,27.76,72.19,1.8,2.26,1.6,100.23
20160610,3.3,3.7229,1.2953,2.3777,0.4,27.99,28.41,27.51,79.61,2.81,4.14,2.49,100.23
20160611,12.56,3.8023,1.1926,2.3738,0.41,27.5,27.96,26.85,80.07,2.49,4.39,2.23,100.28
20160612,13.08,4.1983,1.9006,2.2894,0.46,27.14,27.68,26.16,81.43,2.11,3.64,1.87,100.28
20160613,21.05,4.583,2.1382,2.6244,0.5,26.91,27.23,26.59,86.98,3.63,4.26,3.19,100.24
20160614,2.98,5.2109,3.7169,2.2162,0.57,27.53,28.21,26.5,78.96,2.41,3.18,2.11,100.14
20160615,6.21,4.7719,2.5882,2.6227,0.52,27.43,28.15,26.89,80.17,2.3,3.22,2.03,100.04
20160616,50.29,4.5823,2.083,2.5836,0.5,27.34,27.79,26.66,83.9,3.35,7.18,2.92,99.98
20160617,73.48,2.0702,0.0768,1.5698,0.23,27.09,27.6,26.75,85.68,7.32,11.06,6.12,100.09
20160618,2.78,2.8913,0.1956,2.1941,0.31,27.91,28.78,27.23,77.24,4.96,5.88,4.28,100.15
20160619,2.49,4.9114,2.5277,3.0763,0.53,28.3,29.31,27.15,75.73,4.46,5.74,3.86,100.09
20160620,1.53,5.8138,5.027,2.1463,0.63,28.09,28.84,26.86,74.07,5.49,6.81,4.7,100.08
20160621,10.7,5.2385,3.3689,2.5164,0.57,28.36,29.16,27.41,76.45,4.17,5.41,3.61,100.03
20160622,7.59,3.5582,0.1848,2.6496,0.39,27.91,28.38,27.24,73.67,3.09,4.07,2.75,100.11
20160623,1.48,6.1555,5.7487,2.0143,0.67,28.41,29.0,27.85,68.79,2.09,2.59,1.87,100.04
20160624,9.88,4.3118,2.5224,2.1017,0.47,27.54,28.11,26.85,80.68,3.73,4.93,3.27,100.11
20160625,12.11,5.5291,4.7419,2.045,0.6,27.09,27.82,26.31,80.79,2.81,4.33,2.49,100.21
20160626,4.85,5.3714,3.7313,2.436,0.58,27.17,27.62,26.65,80.77,2.82,4.09,2.49,100.24
20160627,0.75,4.2463,0.5954,3.1284,0.46,27.75,28.5,26.62,69.26,0.97,2.34,0.88,100.13
20160628,0.24,5.3628,3.1896,2.7463,0.58,27.89,28.51,27.42,76.04,1.85,3.13,1.65,100.09
20160629,0.84,5.8368,4.7515,2.3676,0.63,27.96,28.77,27.11,77.73,2.09,2.69,1.86,100.18
20160630,0.19,6.3638,6.3247,1.7657,0.69,28.27,29.34,27.16,73.3,2.37,3.03,2.12,100.17
20160701,0.15,6.2974,5.8817,1.9378,0.68,27.75,28.45,27.07,76.58,0.98,1.79,0.88,100.14
20160702,0.06,6.2897,5.8469,1.9435,0.68,28.01,28.83,27.2,71.74,1.11,1.59,1.0,100.19
20160703,0.1,6.0355,5.2514,2.2704,0.66,28.19,28.91,27.47,73.17,1.23,1.88,1.11,100.17
20160704,0.13,5.7259,5.3081,1.9474,0.62,28.41,29.1,27.95,75.28,1.66,2.28,1.49,100.08
20160705,0.76,5.7202,4.9426,2.0225,0.62,28.17,28.61,27.85,77.57,1.91,2.48,1.67,100.06
20160706,1.61,4.9987,2.9585,2.9556,0.54,27.96,28.45,27.3,79.23,2.29,4.33,2.01,100.03
20160707,1.2,5.0978,3.1114,2.4122,0.55,28.37,28.86,27.87,75.83,2.35,4.22,2.07,100.05
20160708,0.94,5.5642,4.5012,2.0606,0.6,28.55,29.52,27.81,72.5,1.66,2.73,1.46,100.05
20160709,1.37,5.1742,4.1933,2.1146,0.56,28.35,28.87,27.85,78.12,2.1,2.63,1.82,100.06
20160710,5.47,5.346,4.6565,2.179,0.58,28.41,28.9,27.89,78.31,2.55,3.88,2.24,100.04
20160711,2.96,3.7152,0.5321,2.6909,0.4,28.0,28.33,27.44,76.16,1.86,4.04,1.63,100.09
20160712,5.25,5.6009,5.9155,3.031,0.6,27.94,28.32,27.55,79.16,3.17,4.45,2.75,100.1
20160713,10.74,4.506,1.6776,2.5908,0.48,27.44,28.05,26.61,81.44,3.33,4.42,2.92,100.09
20160714,12.81,4.7316,2.3525,3.0974,0.51,26.93,27.42,26.54,82.33,4.3,7.19,3.74,100.06
20160715,5.68,3.119,0.7082,2.2445,0.33,27.02,27.62,26.27,83.57,3.15,3.87,2.78,100.05
20160716,4.38,4.7532,3.6036,2.0911,0.51,27.04,27.65,26.31,86.96,4.11,5.25,3.6,100.13
20160717,63.5,4.5614,1.5622,3.2002,0.49,27.37,28.43,26.62,86.37,5.92,6.98,5.07,100.11
20160718,44.3,4.2007,2.7161,1.8883,0.45,26.54,26.78,26.33,86.42,6.18,8.14,5.26,100.17
20160719,8.6,4.4986,1.8214,2.7283,0.48,26.61,26.96,26.17,82.19,2.95,4.47,2.59,100.11
20160720,21.94,3.7262,0.2842,2.7763,0.4,26.8,27.44,26.11,85.42,6.01,8.71,5.13,100.1
20160721,16.54,5.0117,2.4319,2.9726,0.53,26.15,26.56,25.44,83.82,3.67,5.79,3.23,100.17
20160722,2.22,4.0934,1.6757,2.4761,0.44,27.03,27.89,25.88,78.02,3.29,4.45,2.9,100.13
20160723,3.12,5.4994,4.1071,2.3767,0.58,27.85,29.0,26.89,74.88,3.01,4.73,2.66,100.08
20160724,13.58,3.8405,1.6838,2.119,0.41,26.87,27.08,26.61,81.46,4.59,5.85,3.99,100.14
20160725,4.15,5.0462,2.5543,2.7722,0.53,27.19,28.37,25.53,69.6,1.77,3.94,1.58,100.16
20160726,0.66,4.6838,0.9574,3.2914,0.49,27.82,28.53,26.8,70.01,1.37,2.92,1.21,100.09
20160727,0.11,5.3806,4.4122,1.9176,0.57,28.08,28.67,27.67,72.1,1.62,2.68,1.43,100.01
20160728,2.68,4.3798,1.2187,2.7362,0.46,27.17,27.71,26.86,79.58,2.15,3.42,1.89,100.08
20160729,3.44,4.8192,2.6064,2.4564,0.51,27.17,27.73,26.61,80.4,2.33,2.84,2.05,100.09
20160730,1.85,4.2742,1.0934,2.6618,0.45,27.54,28.21,26.68,76.61,1.99,3.18,1.78,100.04
20160731,10.58,4.8408,2.9153,2.3311,0.51,27.37,27.97,26.25,81.89,3.42,4.95,3.0,100.04
20160801,29.01,3.4346,0.8702,2.1773,0.36,26.63,27.41,25.98,84.96,3.9,5.48,3.4,100.11
20160802,0.97,5.6354,4.8682,1.9037,0.59,26.85,27.56,25.95,79.82,1.94,3.29,1.69,100.03
20160803,6.76,5.4372,3.7474,2.3196,0.57,27.08,27.58,26.71,80.6,3.12,4.09,2.72,100.08
20160804,2.58,4.5034,1.229,2.9011,0.47,26.94,27.4,26.23,73.08,2.78,3.94,2.42,100.26
20160805,0.06,6.5098,5.7962,1.9639,0.68,27.85,28.79,26.75,68.98,1.93,3.18,1.71,100.2
20160806,0.47,6.3132,5.6647,1.9315,0.65,27.53,28.12,27.06,80.41,2.28,3.25,2.0,100.2
20160807,0.48,6.365,6.2232,1.8895,0.66,27.46,28.18,26.64,78.83,1.76,2.29,1.55,100.2
20160808,0.32,5.3134,2.9542,3.3394,0.55,27.58,28.12,27.05,77.57,1.56,2.1,1.36,100.19
20160809,1.59,4.3298,0.4886,3.054,0.45,27.48,28.18,26.92,76.03,1.75,3.46,1.52,100.16
20160810,4.76,5.8238,4.3049,2.5651,0.6,27.53,27.93,26.88,83.0,4.6,6.07,3.95,100.13
20160811,10.27,4.061,0.5218,2.9206,0.42,27.5,27.87,27.09,83.7,6.0,7.32,5.09,100.19
20160812,10.63,4.7074,1.4525,2.9554,0.48,27.0,27.26,26.59,86.3,5.42,7.38,4.64,100.22
20160813,16.02,6.0578,5.6054,2.1166,0.62,27.16,27.63,26.37,82.43,4.56,5.38,3.94,100.22
20160814,4.31,5.0676,2.093,3.1555,0.52,27.63,28.13,27.08,79.11,4.13,5.74,3.56,100.11
20160815,2.18,4.6106,0.9348,2.8903,0.47,27.61,28.24,27.02,79.88,2.55,3.42,2.24,100.02
20160816,2.13,6.5585,6.2923,1.951,0.67,27.85,28.65,27.16,81.6,3.14,4.05,2.75,100.0
20160817,4.72,5.5985,3.7409,2.4682,0.57,28.14,28.81,27.54,80.81,4.75,5.68,4.07,100.0
20160818,5.94,4.9337,2.4394,2.725,0.5,27.78,28.41,27.21,83.03,4.57,5.34,3.94,99.98
20160819,9.51,5.2447,2.0506,2.7871,0.53,27.07,27.59,26.67,84.17,3.56,4.69,3.11,100.02
20160820,7.76,4.8218,1.5967,2.7293,0.49,27.04,27.92,25.78,82.55,3.78,5.44,3.3,100.03
20160821,7.33,3.8722,0.3002,2.8505,0.39,26.47,27.64,26.03,78.75,3.49,5.25,3.05,100.16
20160822,0.6,5.0885,3.1634,2.5968,0.51,26.65,27.79,25.03,79.53,1.96,3.02,1.73,100.11
20160823,14.53,5.3078,4.11,2.0758,0.53,27.02,27.35,26.67,83.44,3.78,4.87,3.29,100.0
20160824,91.89,2.6825,0.1159,1.9625,0.27,27.02,27.53,26.77,84.22,5.21,6.66,4.45,100.0
20160825,26.92,3.7752,0.8376,2.563,0.38,26.85,27.39,26.29,83.27,4.64,5.73,3.98,100.09
20160826,3.59,5.3971,3.594,2.4523,0.54,27.31,28.15,26.38,81.05,4.96,6.02,4.25,100.09
20160827,0.23,4.7347,0.5328,3.3434,0.47,27.66,28.35,26.96,76.69,3.42,3.81,3.0,100.13
20160828,0.11,6.227,4.3786,2.6201,0.62,27.65,28.44,27.16,81.49,2.81,3.19,2.48,100.12
20160829,5.53,4.8605,1.0781,3.4786,0.48,27.25,27.71,26.84,83.41,2.42,3.46,2.12,100.08
20160830,8.87,5.1247,1.8113,3.5285,0.51,26.88,27.38,26.43,82.26,1.9,2.83,1.68,100.15
20160831,0.89,4.7395,2.3566,2.676,0.47,26.46,27.35,25.11,74.36,2.0,3.25,1.77,100.23
20160901,5.96,2.4725,0.4157,1.6831,0.25,27.85,28.67,27.18,71.97,1.79,2.44,1.62,100.18
20160902,7.71,5.2025,3.1826,2.3801,0.52,27.07,27.67,26.12,80.4,2.49,3.15,2.2,100.17
20160903,8.09,5.7782,4.4974,2.1139,0.57,27.16,27.84,26.57,83.32,3.84,4.98,3.34,100.12
20160904,5.04,4.5091,2.3402,2.1211,0.45,26.96,27.33,26.6,84.39,3.77,4.19,3.29,100.22
20160905,16.31,4.0339,0.6158,2.904,0.4,26.61,26.85,26.36,87.35,4.23,6.69,3.67,100.24
20160906,14.41,4.6884,0.7493,3.2422,0.46,26.05,26.39,25.74,87.52,3.13,4.43,2.76,100.31
20160907,25.84,3.4548,0.1183,2.5654,0.34,26.63,26.82,26.33,88.76,4.5,6.17,3.87,100.2
20160908,8.75,5.094,1.1928,3.3578,0.5,26.47,26.87,26.18,85.32,4.66,5.34,4.03,100.32
20160909,0.97,5.0582,2.2094,2.7936,0.5,27.36,28.52,26.2,78.09,2.53,3.51,2.23,100.25
20160910,1.89,5.6801,3.0218,3.1085,0.56,27.46,28.12,26.72,81.49,2.33,3.14,2.06,100.12
20160911,4.85,6.0173,3.6077,2.8536,0.59,27.22,27.6,26.76,81.72,2.11,2.81,1.85,100.11
20160912,2.97,4.4062,0.5962,3.0617,0.43,27.17,27.74,26.51,75.04,1.66,2.68,1.47,100.17
20160913,1.33,5.8663,4.026,2.4542,0.57,27.73,28.37,27.04,72.59,1.54,2.37,1.36,100.12
20160914,4.3,3.8846,0.1692,2.863,0.38,27.24,27.72,26.83,77.42,1.24,2.0,1.07,100.21
20160915,6.04,5.9105,3.3583,2.7874,0.58,27.24,27.85,26.6,77.17,1.68,2.32,1.48,100.18
20160916,8.32,5.1509,1.3642,3.0607,0.5,27.16,27.72,26.55,80.66,2.3,3.35,2.02,100.11
20160917,10.2,6.0288,4.1318,2.5222,0.59,26.86,27.52,26.31,82.7,3.42,4.62,2.99,100.14
20160918,11.54,5.4782,2.3467,3.1051,0.53,26.35,27.03,25.49,78.35,2.02,3.43,1.79,100.15
20160919,5.02,5.1605,1.853,2.8937,0.5,25.93,26.17,25.66,86.13,3.42,4.69,3.0,100.16
20160920,19.49,4.7222,1.1652,2.9662,0.46,26.38,26.91,25.83,85.44,6.07,7.15,5.18,100.15
20160921,21.69,3.8827,0.4476,2.6666,0.38,26.16,26.64,25.68,85.51,4.87,6.78,4.2,100.22
20160922,5.61,4.6589,0.8194,3.3413,0.45,27.05,27.97,25.9,78.72,3.44,4.1,3.02,100.17
20160923,12.61,4.9358,1.8818,3.2162,0.48,26.65,27.08,26.12,84.33,3.68,4.63,3.22,100.08
20160924,8.24,5.9191,3.2196,2.8346,0.57,27.27,28.42,25.94,76.87,3.19,4.42,2.8,99.97
20160925,7.21,6.4658,5.2186,2.2013,0.63,27.7,28.76,26.87,81.77,3.69,4.76,3.22,100.0
20160926,6.19,5.9813,3.7937,2.5382,0.58,27.8,28.74,26.86,82.88,5.32,6.89,4.54,100.05
20160927,8.37,5.1451,1.7443,2.905,0.5,27.35,28.2,26.62,83.79,5.92,7.03,5.02,100.12
20160928,13.33,5.5678,2.239,3.599,0.54,26.88,27.67,26.24,84.6,4.89,6.11,4.2,100.09
20160929,26.36,5.1665,0.8282,3.697,0.5,26.45,27.05,25.41,83.15,3.97,5.12,3.46,100.17
20160930,8.13,5.1648,1.6879,3.3763,0.5,27.02,27.54,26.44,79.43,2.49,3.98,2.19,100.09
20161001,8.5,3.749,0.252,2.7547,0.36,26.84,27.57,26.04,80.25,2.12,3.02,1.89,100.16
20161002,8.26,5.6652,2.8334,2.9952,0.55,27.17,28.09,26.03,78.32,1.9,2.97,1.67,100.2
20161003,7.86,5.9918,3.054,3.3624,0.58,27.14,27.69,26.51,78.48,1.84,2.98,1.6,100.15
20161004,3.38,6.4277,4.7681,3.0202,0.62,27.51,28.32,26.87,79.32,1.96,4.14,1.72,100.0
20161005,14.85,4.345,0.3355,3.1135,0.42,26.91,27.59,26.34,79.07,5.27,5.81,4.54,100.13
20161006,19.64,4.8374,1.2962,3.0958,0.47,26.34,27.11,25.8,83.14,3.51,4.74,3.08,100.21
20161007,21.15,3.0557,0.1118,2.2553,0.29,25.88,26.2,25.54,86.09,4.11,4.96,3.58,100.32
20161008,3.1,5.3266,3.0936,2.9657,0.51,26.58,27.38,25.35,76.86,1.61,2.55,1.41,100.32
20161009,2.36,6.2232,5.1238,2.2349,0.6,27.07,27.81,26.54,76.99,1.19,1.99,1.05,100.24
20161010,9.89,5.6914,2.3234,3.5335,0.55,27.33,28.1,26.59,81.75,2.49,3.16,2.18,100.15
20161011,12.0,4.7851,0.7279,3.2945,0.46,27.3,27.99,26.7,83.23,3.51,4.43,3.05,100.08
20161012,12.88,4.194,1.0682,2.886,0.4,27.22,28.02,26.49,83.81,4.89,5.55,4.19,100.05
20161013,46.58,3.8777,0.5705,2.8284,0.37,26.28,27.05,25.3,86.95,4.53,5.91,3.91,100.11
20161014,10.93,3.4673,0.0418,2.6438,0.33,26.47,27.76,24.95,81.6,3.99,5.32,3.44,100.12
20161015,17.07,4.974,2.0911,2.9136,0.48,27.03,27.69,26.2,83.85,5.1,5.78,4.32,100.04
20161016,37.64,2.9419,0.1073,2.1612,0.28,26.45,27.5,25.62,87.54,4.62,6.14,3.96,100.11
20161017,2.66,4.735,0.3274,3.5165,0.46,26.16,26.84,25.34,87.11,3.94,5.52,3.42,100.05
20161018,2.85,5.8728,5.1662,2.1835,0.57,26.66,27.66,25.61,82.67,2.44,3.35,2.15,99.98
20161019,5.85,5.4389,2.4893,3.1642,0.53,26.39,26.71,25.99,84.58,1.61,2.91,1.4,99.98
20161020,3.77,5.748,2.1401,3.7838,0.56,26.11,26.91,25.38,81.78,2.02,2.94,1.79,100.03
20161021,2.51,5.1398,1.1587,3.5364,0.5,27.08,27.79,26.31,76.61,1.39,2.4,1.23,100.02
20161022,11.43,4.5458,1.0073,3.1836,0.44,26.59,27.08,25.64,85.42,4.31,5.23,3.73,100.14
20161023,17.41,4.4515,0.1627,3.3358,0.43,26.35,27.0,25.43,82.46,5.5,6.64,4.71,100.19
20161024,14.62,4.7669,0.6646,3.4745,0.46,26.66,27.46,26.03,84.45,6.38,6.97,5.41,100.05
20161025,14.49,4.4971,1.0162,2.9462,0.44,26.77,27.85,25.9,84.18,5.79,6.44,4.93,100.0
20161026,11.33,4.7287,0.4817,3.5141,0.46,27.05,28.1,25.96,80.47,5.47,5.78,4.67,100.11
20161027,5.01,5.0666,0.9026,3.4013,0.49,26.86,27.73,26.2,81.58,4.49,5.88,3.87,100.2
20161028,10.74,4.9987,2.1214,2.6167,0.49,26.76,27.25,26.39,81.47,3.9,4.82,3.38,100.16
20161029,20.87,3.1488,0.9074,2.0006,0.31,25.91,26.5,25.19,85.72,2.83,3.31,2.48,100.18
20161030,22.73,4.7038,0.8213,2.9657,0.46,25.59,26.35,25.22,84.99,2.39,3.24,2.1,100.23
20161031,30.91,3.833,0.4949,2.7689,0.37,25.73,26.35,25.21,85.41,2.85,3.83,2.49,100.24
20161101,10.97,4.7578,1.1594,3.0902,0.46,25.57,26.52,24.86,86.24,2.97,3.32,2.62,100.19
20161102,10.0,5.4187,2.8106,2.7082,0.53,25.83,26.57,24.93,84.79,3.17,4.21,2.77,100.15
20161103,5.08,4.8456,1.4357,3.2926,0.47,26.13,27.01,25.31,84.84,3.73,5.1,3.21,100.16
20161104,10.16,5.0402,0.8352,3.564,0.49,26.36,27.16,25.44,87.35,3.88,5.5,3.33,100.07
20161105,10.74,4.8797,0.8402,3.4781,0.48,26.54,27.67,25.74,85.14,3.67,4.55,3.16,100.08
20161106,6.75,5.5709,2.9602,3.6562,0.55,27.05,28.09,26.31,83.23,3.46,4.16,2.99,100.16
20161107,15.65,4.5146,0.4994,3.2093,0.44,26.09,26.68,25.62,86.19,2.97,4.63,2.59,100.28
20161108,8.33,4.3956,0.7234,3.0638,0.43,25.95,26.8,25.34,86.38,3.69,4.6,3.23,100.28
20161109,8.47,3.6804,0.4222,2.7091,0.36,26.45,27.28,25.74,86.85,4.59,5.24,3.94,100.26
20161110,9.49,4.5492,1.8422,2.6251,0.45,26.41,26.96,25.94,84.34,2.84,4.89,2.48,100.21
20161111,32.01,4.9908,1.5883,2.8889,0.49,25.9,26.56,24.64,81.36,1.41,2.7,1.25,100.22
20161112,19.82,4.3154,2.2042,2.2222,0.43,26.23,26.72,25.92,86.45,3.85,5.11,3.36,100.2
20161113,17.98,5.3645,2.6573,2.7996,0.53,26.4,26.78,25.82,86.04,3.26,3.89,2.87,100.16
20161114,25.02,3.9511,0.2448,2.9131,0.39,25.91,26.67,25.59,86.98,1.97,4.0,1.75,100.13
20161115,9.75,4.2854,1.6519,2.4595,0.42,26.35,27.11,25.78,86.22,2.59,3.17,2.3,100.1
20161116,4.6,5.1343,2.6114,2.7422,0.51,26.54,27.15,25.98,85.11,3.78,4.51,3.32,100.11
20161117,4.97,5.4509,4.1902,2.1737,0.54,26.81,27.58,25.98,85.04,4.04,4.64,3.53,99.99
20161118,5.27,5.2195,1.6906,2.9964,0.52,27.44,28.67,26.28,81.13,3.29,4.07,2.89,99.88
20161119,9.07,5.5546,3.8916,2.3614,0.55,27.62,28.37,26.88,80.54,2.19,2.98,1.94,99.82
20161120,70.25,3.4198,0.12,2.587,0.34,26.94,27.65,26.57,85.04,3.45,5.71,3.0,99.94
20161121,26.62,5.1708,1.5502,3.6132,0.51,26.67,27.4,26.17,86.56,4.32,4.96,3.77,100.0
20161122,17.6,3.9226,1.0661,2.7518,0.39,26.52,27.2,25.8,83.8,3.05,4.21,2.7,100.02
20161123,23.44,5.358,2.1312,3.2071,0.53,26.76,27.68,25.92,86.18,3.33,3.86,2.94,99.97
20161124,11.5,4.2413,0.6046,3.055,0.42,26.65,26.99,26.22,87.66,4.3,5.19,3.74,99.94
20161125,8.21,4.8444,1.6073,2.8841,0.48,27.06,27.73,26.31,85.17,3.39,4.66,2.97,99.88
20161126,16.55,4.6826,2.531,2.5711,0.47,27.32,27.96,26.7,84.43,3.86,5.71,3.35,99.92
20161127,12.06,4.6774,0.5486,3.4855,0.47,26.86,27.42,26.2,88.01,5.74,7.41,4.91,99.97
20161128,11.55,3.185,0.4406,2.2795,0.32,27.01,27.52,26.68,86.37,6.15,9.05,5.22,100.07
20161129,8.27,4.134,0.6432,3.1001,0.41,26.9,27.64,26.03,83.21,3.79,5.21,3.31,100.18
20161130,2.84,4.8026,2.3251,2.5819,0.48,27.35,28.13,26.75,82.77,5.37,6.75,4.57,100.17
20161201,3.98,3.7394,0.1049,2.8171,0.37,27.06,27.76,26.41,82.85,5.5,8.7,4.69,100.2
20161202,19.91,4.4386,2.1991,2.4036,0.45,27.09,27.88,26.57,81.97,3.6,4.96,3.12,100.13
20161203,9.44,3.8942,2.1108,1.9622,0.39,26.73,27.2,26.31,82.5,2.42,3.43,2.11,100.19
20161204,36.17,4.5703,1.9745,2.7108,0.46,26.35,26.89,25.98,82.57,2.65,3.77,2.31,100.24
20161205,10.91,3.8057,1.5386,2.165,0.38,26.74,27.42,25.9,84.39,3.58,4.56,3.09,100.12
20161206,11.29,4.7959,3.3386,2.1432,0.48,26.91,27.72,26.22,84.43,2.46,3.5,2.15,100.06
20161207,24.96,3.3478,0.3823,2.2819,0.34,26.38,27.11,25.58,87.16,5.81,6.36,4.96,100.08
20161208,14.28,4.339,0.9679,3.2054,0.44,26.5,27.09,25.97,84.63,5.03,6.13,4.32,100.07
20161209,16.93,3.1608,0.0163,2.4427,0.32,26.24,26.97,25.55,86.47,5.51,7.17,4.7,100.04
20161210,20.82,3.2945,0.281,2.5286,0.33,26.34,27.3,25.61,85.61,5.42,6.64,4.65,100.08
20161211,18.95,3.0581,0.4176,2.2742,0.31,25.85,26.18,25.41,87.09,5.85,7.05,5.0,100.18
20161212,2.15,5.2406,2.0609,3.6017,0.53,26.82,27.49,26.02,82.57,6.01,7.0,5.08,100.12
20161213,5.8,5.4845,2.2738,3.4728,0.55,27.33,28.66,25.88,78.53,5.12,5.82,4.37,100.08
20161214,2.76,5.4547,3.4517,2.7082,0.55,27.59,28.38,26.82,80.27,5.35,6.17,4.54,100.08
20161215,3.73,5.0261,1.9034,3.2854,0.51,27.27,27.85,26.73,83.61,4.17,4.79,3.59,100.1
20161216,4.17,4.9375,3.761,2.052,0.5,26.91,27.37,26.54,84.9,4.03,5.05,3.48,100.15
20161217,8.41,4.8622,0.9468,3.4795,0.49,26.81,27.26,26.36,84.69,3.35,3.76,2.92,100.18
20161218,12.49,4.6577,1.8281,2.5514,0.47,26.42,26.81,26.07,86.12,3.42,3.91,2.99,100.23
20161219,9.15,4.8036,0.9031,3.342,0.48,26.3,26.86,25.9,86.15,3.95,5.18,3.43,100.17
20161220,9.63,3.8518,0.1097,2.9472,0.39,25.9,26.22,25.5,84.32,3.91,5.18,3.4,100.16
20161221,13.78,3.8623,1.0562,2.8226,0.39,26.6,27.37,25.7,85.24,5.18,5.77,4.42,100.13
20161222,20.6,4.0939,0.1555,3.1258,0.41,26.14,26.67,25.49,85.27,2.6,4.03,2.28,100.11
20161223,26.29,2.9626,0.0917,2.2248,0.3,25.75,26.35,25.14,86.54,2.52,3.59,2.22,100.07
20161224,30.17,4.0894,0.1262,3.1217,0.41,26.14,26.47,25.8,86.62,4.02,5.32,3.49,100.06
20161225,9.45,4.4758,0.3782,3.3914,0.45,26.41,26.99,25.87,83.92,3.58,4.11,3.13,100.08
20161226,1.82,4.553,0.6041,3.3898,0.46,26.92,27.51,26.27,83.44,3.53,4.52,3.09,100.02
20161227,4.59,4.5473,0.5443,3.4087,0.46,26.92,27.39,26.53,81.94,2.46,3.1,2.16,100.04
20161228,4.0,4.2175,0.4188,3.1711,0.42,27.06,27.78,26.35,78.01,1.39,2.67,1.25,100.07
20161229,0.19,5.1029,1.5998,3.2693,0.51,27.75,28.98,26.76,75.93,2.0,3.57,1.79,100.04
20161230,1.54,5.4194,3.6305,2.6143,0.54,27.6,28.39,26.97,78.11,1.86,2.78,1.7,100.03
20161231,4.74,5.8097,4.5785,2.3479,0.58,27.08,27.82,26.27,84.53,2.28,3.34,2.05,99.96
20170101,20.77,4.6963,1.9716,2.8954,0.47,27.16,27.55,26.66,84.36,2.61,4.36,2.28,99.91
20170102,26.66,4.2226,0.5911,3.0218,0.42,26.36,27.4,25.02,81.07,2.82,3.39,2.52,100.04
20170103,11.06,4.2254,0.4423,3.079,0.42,26.83,27.81,25.91,84.54,5.63,7.57,4.79,100.0
20170104,17.12,2.6638,0.0665,2.0314,0.27,26.95,27.93,26.1,81.88,4.9,6.82,4.19,99.99
20170105,36.99,3.2918,0.0062,2.5207,0.33,26.74,27.76,25.47,83.98,5.41,8.69,4.59,99.99
20170106,31.88,2.4101,0.1884,1.6963,0.24,27.57,28.01,26.89,82.17,5.76,7.57,4.85,99.93
20170107,3.5,4.9841,0.9559,3.5609,0.5,27.73,28.41,27.03,79.16,5.23,6.54,4.43,99.87
20170108,3.82,5.3006,5.0995,1.9318,0.53,27.06,27.47,26.62,82.18,3.49,4.73,3.04,99.82
20170109,5.64,3.6487,1.3238,2.3642,0.36,27.16,27.85,26.33,81.22,4.19,5.22,3.63,99.87
20170110,1.51,5.4434,1.7477,3.7176,0.54,27.42,28.08,26.65,80.0,4.47,5.18,3.85,99.93
20170111,19.33,4.3771,0.817,2.9244,0.44,26.91,27.32,26.27,81.95,4.28,5.5,3.71,100.05
20170112,5.51,4.5226,0.3694,3.3514,0.45,26.67,27.66,25.68,78.59,3.48,4.23,3.04,100.06
20170113,4.62,5.2968,3.7166,2.5219,0.53,26.52,27.25,25.5,77.1,1.07,2.09,0.96,100.02
20170114,1.3,5.605,2.6916,3.4978,0.56,27.29,28.06,26.49,74.32,1.46,1.86,1.29,100.05
20170115,7.21,5.7547,4.4448,2.5394,0.57,26.94,27.48,26.43,77.85,2.0,2.71,1.77,100.17
20170116,8.12,6.0046,4.4203,3.5321,0.6,26.86,27.63,25.98,80.35,2.75,3.25,2.43,100.09
20170117,0.97,6.2059,5.9767,3.3602,0.61,27.24,27.96,26.6,74.49,2.04,2.55,1.81,100.11
20170118,1.15,6.0314,4.1038,2.713,0.6,27.18,28.12,26.44,75.79,2.14,3.39,1.88,100.19
20170119,5.11,5.2428,2.3779,2.7271,0.52,27.05,27.78,26.02,77.56,2.53,3.32,2.22,100.18
20170120,2.37,5.4199,2.022,3.1946,0.53,27.5,28.29,26.54,72.61,1.76,2.29,1.57,100.12
20170121,3.63,6.0754,4.5854,2.5524,0.6,27.78,28.81,26.82,74.78,2.09,2.67,1.9,100.16
20170122,24.17,3.5124,0.978,2.1617,0.35,26.93,27.74,26.5,81.66,2.03,3.7,1.83,100.28
20170123,39.49,3.0163,0.179,2.2586,0.3,25.86,26.48,25.33,85.46,3.51,5.19,3.08,100.32
20170124,3.5,3.8333,0.1906,2.7785,0.38,26.36,27.36,25.23,77.39,4.38,5.04,3.82,100.35
20170125,0.89,4.4417,0.2539,3.342,0.44,27.92,29.12,26.38,65.49,2.65,4.56,2.33,100.25
20170126,1.01,5.2673,1.74,3.5695,0.52,28.19,28.94,27.5,68.23,1.86,3.42,1.69,100.19
20170127,19.12,3.6062,0.51,2.2699,0.35,26.77,27.37,26.07,80.92,1.86,2.8,1.71,100.14
20170128,25.45,4.1623,0.4956,3.0353,0.41,25.67,25.84,25.54,85.51,3.15,5.34,2.83,100.22
20170129,2.57,4.4966,0.7565,3.2184,0.44,26.57,27.44,25.75,79.61,2.8,4.66,2.49,100.26
20170130,3.17,4.7378,2.6098,2.3983,0.46,27.14,27.69,26.76,75.15,1.62,2.15,1.45,100.14
20170131,36.3,3.9658,0.2844,2.904,0.39,26.22,27.05,25.74,81.53,1.99,2.66,1.77,100.13
20170201,8.56,3.8153,0.2011,2.8368,0.37,26.46,27.23,25.71,76.14,3.09,5.34,2.71,100.24
20170202,0.64,5.6311,2.3616,3.4999,0.55,27.51,28.55,26.75,66.62,2.21,3.03,1.97,100.25
20170203,2.24,5.7079,3.5004,3.2954,0.55,27.42,28.42,26.72,75.11,1.7,2.8,1.52,100.16
20170204,1.94,5.3626,1.8782,3.3814,0.52,26.95,27.49,26.57,78.95,1.6,2.35,1.4,100.13
20170205,1.5,4.8538,2.1494,2.7744,0.47,27.17,27.89,26.46,79.6,2.73,3.76,2.41,100.11
20170206,5.67,5.0587,1.0522,3.5532,0.49,27.46,28.18,26.91,81.54,5.41,6.55,4.6,100.13
20170207,31.48,4.848,0.3401,3.6372,0.47,27.16,27.51,26.74,82.85,5.35,5.98,4.55,100.19
20170208,6.14,4.2984,0.7236,3.1092,0.41,27.1,27.82,26.44,81.5,3.49,4.82,3.03,100.15
20170209,5.35,4.8274,1.2346,3.0485,0.47,26.92,27.4,26.27,86.09,3.78,4.5,3.28,100.1
20170210,2.82,5.939,4.2439,2.5582,0.57,26.99,27.25,26.52,85.1,3.42,4.34,3.0,100.08
20170211,5.68,5.2891,2.8519,2.5829,0.51,27.08,27.67,26.52,83.16,1.93,2.4,1.78,100.14
20170212,2.13,5.2848,3.3727,2.4106,0.51,27.79,29.3,26.41,76.38,2.29,3.94,2.01,100.21
20170213,2.44,4.7515,3.3811,2.0803,0.46,28.01,29.61,26.67,76.02,2.43,3.65,2.17,100.28
20170214,18.18,4.8986,1.2619,3.3396,0.47,27.37,28.51,26.49,80.36,2.58,3.89,2.32,100.34
20170215,4.2,4.6142,3.0305,2.183,0.44,26.91,27.77,26.32,81.7,1.95,2.52,1.8,100.34
20170216,2.52,4.733,3.1661,2.0868,0.45,27.23,28.49,26.18,78.58,2.66,4.29,2.37,100.22
20170217,1.34,4.4328,2.7893,2.0981,0.42,27.58,28.73,26.43,80.3,3.09,4.4,2.72,100.15
20170218,3.13,4.6735,2.1881,2.4485,0.45,28.0,29.06,27.15,81.22,2.68,3.98,2.39,100.17
20170219,3.56,5.1288,2.9827,2.4478,0.49,27.37,27.65,27.21,84.75,3.08,4.38,2.75,100.08
20170220,32.11,3.708,0.9101,2.3292,0.35,27.22,27.78,26.91,85.08,3.78,5.27,3.28,100.04
20170221,7.0,3.5803,0.2414,2.6158,0.34,26.84,27.19,26.35,81.52,3.6,5.84,3.13,100.15
20170222,18.38,4.0639,1.373,2.2757,0.39,27.17,28.43,26.12,78.29,3.12,3.84,2.76,100.15
20170223,35.57,4.0728,1.6094,2.3964,0.39,26.04,26.53,25.8,87.79,4.6,5.19,4.0,100.25
20170224,13.41,4.4237,0.3883,3.0317,0.42,26.12,26.84,25.29,82.8,2.3,4.17,2.02,100.29
20170225,6.65,5.2534,0.9607,3.5484,0.5,26.71,27.63,25.84,77.97,1.56,2.52,1.38,100.16
20170226,9.64,5.22,1.3771,3.3146,0.5,26.94,27.95,25.8,82.13,2.69,4.4,2.36,99.93
20170227,51.41,4.9519,2.1139,2.5536,0.47,27.07,27.67,26.64,86.92,4.84,5.55,4.2,99.95
20170228,26.98,2.3071,0.1433,1.6507,0.22,26.3,27.68,25.23,83.12,2.82,4.95,2.48,100.08
20170301,9.1,5.0503,0.8434,3.4001,0.48,26.68,27.67,25.31,79.01,2.01,4.22,1.81,100.07
20170302,6.29,4.9147,0.9221,3.264,0.47,27.25,28.08,26.3,77.19,1.4,2.56,1.29,99.99
20170303,24.36,1.866,0.2818,1.2828,0.18,26.34,26.72,25.85,82.37,1.14,2.38,1.02,99.9
20170304,3.09,5.0467,1.9176,2.7482,0.48,27.0,27.67,26.16,82.13,3.91,5.16,3.42,99.95
20170305,14.11,4.7645,1.5835,2.9011,0.45,26.58,26.83,26.25,83.76,2.87,3.84,2.52,99.99
20170306,29.45,4.811,1.4182,2.8646,0.46,26.57,26.97,26.12,86.43,5.5,6.83,4.72,100.02
20170307,19.76,5.105,1.1496,3.2566,0.49,26.53,26.64,26.38,84.47,4.49,7.22,3.87,100.06
20170308,1.53,6.2364,4.5214,2.5654,0.59,27.49,28.36,26.46,77.94,2.72,3.21,2.4,99.99
20170309,1.93,5.2476,2.621,2.5922,0.5,27.52,27.77,27.14,77.18,1.7,2.37,1.51,99.89
20170310,1.72,4.8972,2.5138,2.3882,0.47,27.79,28.84,26.89,73.6,2.56,3.77,2.25,99.92
20170311,7.56,3.3331,0.8321,2.0777,0.32,27.44,28.27,26.56,78.81,3.23,5.25,2.8,100.09
20170312,1.17,6.0326,3.8621,2.7012,0.57,27.22,27.94,25.83,66.99,2.43,4.65,2.17,100.18
20170313,1.89,6.0367,4.1911,2.2594,0.57,28.15,29.29,27.45,76.67,2.1,2.79,1.86,100.1
20170314,5.43,3.8628,0.3701,2.8318,0.37,27.58,28.34,26.92,78.76,2.21,3.61,1.92,100.24
20170315,1.18,6.631,5.407,2.2368,0.63,27.9,29.23,26.88,76.18,2.37,4.06,2.07,100.1
20170316,1.82,5.5934,3.4015,2.4991,0.53,27.42,27.88,26.75,81.39,2.73,3.87,2.4,100.04
20170317,1.99,6.1685,4.0546,2.5603,0.59,27.63,28.3,27.22,80.78,2.98,3.66,2.62,100.06
20170318,4.17,5.538,2.5246,2.9076,0.53,27.38,28.12,26.48,77.22,1.8,3.11,1.58,100.22
20170319,2.81,4.901,2.16,2.6926,0.47,28.0,28.79,27.12,74.52,2.47,4.41,2.14,100.27
20170320,7.02,5.6434,2.9395,2.7943,0.54,27.49,27.82,27.04,79.29,3.18,3.93,2.78,100.3
20170321,4.27,5.7293,2.6666,3.0718,0.55,28.04,28.85,27.03,73.84,5.48,7.0,4.67,100.18
20170322,7.54,5.9904,3.493,2.6885,0.57,28.43,29.42,27.64,77.72,3.11,4.62,2.74,100.03
20170323,6.14,5.2543,1.3306,3.1656,0.5,27.93,28.41,27.53,81.84,2.37,2.86,2.11,100.09
20170324,1.34,4.2089,0.4378,2.9962,0.4,27.99,28.66,27.3,78.46,2.49,3.28,2.21,100.15
20170325,1.05,5.917,3.1908,2.7737,0.57,28.35,29.43,27.52,73.8,2.38,3.21,2.14,100.12
20170326,20.92,4.4294,1.4242,2.6371,0.42,28.0,28.61,27.66,77.52,1.74,2.75,1.56,100.15
20170327,13.32,4.8854,2.9458,2.2013,0.47,27.96,28.7,27.38,81.19,2.66,3.4,2.35,100.16
20170328,36.86,3.1315,0.2621,2.2322,0.3,26.46,27.36,25.78,81.79,3.58,4.34,3.17,100.32
20170329,2.92,5.3513,2.2046,2.897,0.51,27.25,28.16,26.08,74.25,3.53,4.5,3.09,100.32
20170330,8.88,4.2598,0.1778,3.1637,0.41,27.29,27.74,26.67,79.22,2.77,4.43,2.43,100.32
20170331,1.98,5.7413,3.3218,2.6885,0.55,27.7,28.53,26.8,77.84,3.09,4.17,2.7,100.28
20170401,9.57,4.7592,2.07,2.7809,0.46,27.65,28.19,27.12,78.36,2.44,2.93,2.13,100.2
20170402,6.03,4.6471,0.5858,3.2556,0.45,27.04,27.69,26.61,82.09,4.06,5.34,3.54,100.28
20170403,4.98,6.0866,3.9619,2.7245,0.59,27.15,27.78,26.6,81.29,2.55,3.4,2.27,100.27
20170404,9.01,5.6026,3.7622,2.3467,0.54,26.7,27.42,26.24,82.79,2.31,2.99,2.03,100.31
20170405,19.75,4.2084,1.3284,2.7233,0.41,26.72,27.38,25.91,82.11,2.62,3.71,2.3,100.18
20170406,9.93,4.7616,1.2427,3.0571,0.46,26.87,27.56,26.43,84.17,4.21,4.94,3.67,100.09
20170407,27.38,3.0331,0.0408,2.3131,0.3,27.31,27.91,26.79,84.84,5.26,6.26,4.5,100.1
20170408,6.76,4.4606,0.3271,3.2767,0.43,26.53,26.8,26.11,81.81,1.67,2.39,1.46,100.12
20170409,9.28,5.4696,3.2858,2.5169,0.53,26.61,26.97,26.08,83.82,2.25,3.35,1.98,100.07
20170410,8.7,3.5016,0.9559,2.0633,0.34,26.61,26.81,26.42,84.18,2.39,2.95,2.12,100.05
20170411,6.76,5.2565,1.8019,3.505,0.51,27.06,28.01,26.3,83.26,2.4,3.64,2.13,99.99
20170412,12.66,4.543,1.1117,3.2352,0.45,26.98,27.39,26.77,83.31,2.08,2.91,1.86,100.03
20170413,2.23,4.727,1.2307,3.0398,0.46,27.41,28.21,26.52,79.21,1.98,3.31,1.76,100.08
20170414,9.37,4.8859,2.202,2.5507,0.48,27.88,28.55,27.42,78.59,1.55,2.65,1.42,100.03
20170415,24.1,3.355,0.2506,2.4163,0.33,26.78,27.55,26.16,86.65,2.48,4.14,2.22,100.07
20170416,11.21,4.919,1.1779,3.0206,0.49,26.95,27.77,25.79,85.22,2.92,4.51,2.56,100.1
20170417,3.36,5.5766,3.4469,2.4619,0.55,27.79,28.3,27.24,82.71,3.18,3.56,2.78,100.11
20170418,6.47,4.7371,1.8614,2.6335,0.47,26.86,27.67,26.06,85.07,3.41,5.49,2.96,100.22
20170419,0.88,5.5687,3.2813,2.5346,0.55,27.35,28.08,26.52,77.34,1.3,2.05,1.16,100.21
20170420,2.52,4.8842,2.9263,2.2656,0.49,27.83,28.56,27.32,77.24,1.56,3.38,1.36,100.18
20170421,5.12,4.9846,2.4792,2.6304,0.5,26.89,27.46,26.01,84.69,2.94,3.97,2.59,100.25
20170422,6.24,5.1943,1.8353,3.1536,0.52,27.15,27.75,26.29,81.06,1.95,2.84,1.73,100.22
20170423,3.42,6.1488,4.9322,2.1394,0.61,27.62,28.28,26.95,79.31,1.96,2.94,1.73,100.19
20170424,4.34,4.4837,2.1898,2.4055,0.45,27.79,28.46,27.08,79.79,1.47,2.69,1.3,100.14
20170425,8.67,3.7968,1.8482,1.9673,0.38,27.54,27.86,27.2,84.17,2.83,3.45,2.5,100.16
20170426,12.24,4.4254,1.9082,2.3148,0.45,26.72,27.14,26.51,86.23,2.67,3.89,2.38,100.18
20170427,12.22,5.1,2.4876,2.5889,0.51,26.42,27.3,25.76,85.19,2.86,3.71,2.54,100.26
20170428,25.47,2.9014,0.155,2.1734,0.29,25.89,26.2,25.63,85.18,2.25,2.91,2.01,100.28
20170429,3.35,5.9251,4.849,2.077,0.6,27.33,28.39,26.24,80.66,2.58,3.06,2.29,100.2
20170430,2.25,5.2219,2.7943,2.5956,0.53,27.81,28.36,27.13,79.49,2.05,3.32,1.8,100.17
20170501,7.04,4.3054,1.9524,2.287,0.44,27.26,27.76,26.84,81.61,1.67,3.01,1.47,100.18
20170502,19.12,4.7203,1.8562,2.7036,0.48,27.19,27.83,26.16,81.55,2.5,4.12,2.25,100.21
20170503,6.6,4.7676,2.8068,2.2099,0.49,28.08,28.75,27.52,78.65,2.58,4.09,2.27,100.14
20170504,16.11,5.0902,2.6659,2.5433,0.52,27.45,28.09,26.53,80.27,3.0,4.8,2.63,100.2
20170505,2.27,5.2224,1.991,3.1279,0.53,27.34,27.91,26.81,80.59,2.64,3.76,2.33,100.23
20170506,11.24,4.4784,1.6274,2.64,0.46,27.17,28.25,25.33,79.81,1.68,3.03,1.52,100.25
20170507,4.42,4.7234,1.8607,2.731,0.49,27.64,28.2,27.15,79.38,1.79,2.9,1.59,100.19
20170508,2.62,5.147,1.6447,3.0614,0.53,27.72,28.6,26.92,78.23,1.39,2.25,1.22,100.08
20170509,3.46,4.5564,0.9187,3.1075,0.47,28.09,28.7,27.41,77.95,1.85,2.42,1.63,99.99
20170510,7.12,4.6723,1.5228,2.9182,0.48,28.06,28.53,27.58,81.34,2.98,4.24,2.62,100.01
20170511,8.83,4.6654,1.3987,3.1164,0.48,27.71,28.34,27.28,83.0,2.84,3.7,2.53,100.07
20170512,13.29,5.3998,3.6149,2.5625,0.56,27.9,28.97,26.98,80.62,2.86,3.59,2.53,100.0
20170513,7.46,4.7635,2.8298,2.0892,0.5,27.46,27.71,27.03,83.12,2.79,3.75,2.48,99.98
20170514,1.51,5.7094,5.4569,1.686,0.6,27.95,28.69,27.3,79.09,1.46,2.18,1.3,99.93
20170515,9.77,5.0899,2.6633,2.5783,0.53,27.58,28.03,27.22,82.88,1.82,2.57,1.61,99.94
20170516,1.67,4.8305,3.0223,2.2121,0.51,27.84,28.42,27.06,79.28,0.95,1.37,0.85,99.9
20170517,1.99,5.1557,3.8501,2.1226,0.54,28.47,29.08,27.8,77.7,1.52,2.84,1.34,99.88
20170518,13.09,3.6634,1.7494,1.979,0.38,27.4,28.33,26.91,85.5,2.44,3.73,2.15,100.01
20170519,7.15,4.7724,2.4314,2.6784,0.5,28.01,28.96,27.03,82.02,2.46,3.94,2.2,100.0
20170520,39.73,4.8835,3.3854,2.1619,0.51,27.99,28.45,27.32,86.92,4.82,5.71,4.12,99.92
20170521,41.06,4.3642,0.985,2.7612,0.46,27.51,27.82,27.08,87.71,4.36,6.41,3.75,99.87
20170522,1.55,4.589,1.4918,2.9059,0.49,27.27,27.63,26.78,85.68,3.29,5.05,2.87,99.96
20170523,0.68,5.3465,3.4529,2.5764,0.57,28.2,29.04,27.25,81.09,2.51,3.34,2.24,99.94
20170524,0.24,5.3045,2.4564,3.1932,0.56,28.79,29.7,27.96,75.74,1.84,2.44,1.65,99.91
20170525,0.55,5.1166,3.7442,2.0736,0.54,28.65,29.25,28.23,77.93,1.2,2.19,1.08,99.89
20170526,3.44,4.3013,0.5832,2.887,0.46,28.27,28.88,27.64,81.32,2.14,3.59,1.91,99.93
20170527,9.58,4.8646,2.9328,2.3038,0.52,28.3,28.73,27.97,79.16,1.65,2.13,1.48,99.9
20170528,6.65,4.7645,1.8406,2.707,0.51,27.96,28.25,27.39,79.56,1.39,2.73,1.22,99.91
20170529,4.73,5.075,3.7574,2.0813,0.54,28.1,28.57,27.36,80.26,2.11,3.71,1.86,99.93
20170530,10.22,4.188,1.8538,2.3244,0.45,27.8,28.77,26.77,82.54,2.52,4.3,2.2,100.05
20170531,13.06,2.0791,0.1598,1.5199,0.22,27.79,28.18,27.33,77.35,3.92,6.44,3.4,100.17
20170601,0.67,4.7126,1.4299,2.8363,0.51,28.15,28.68,27.28,72.76,1.9,2.85,1.7,100.12
20170602,0.66,5.5154,3.8462,2.2786,0.59,28.36,29.13,27.93,76.09,1.45,2.59,1.3,100.15
20170603,1.79,5.4684,4.5943,2.0266,0.59,27.89,28.5,27.45,78.93,1.03,1.88,0.91,100.21
20170604,1.41,6.1032,5.3858,2.1828,0.66,27.66,28.48,26.97,80.13,1.31,2.18,1.17,100.15
20170605,2.26,5.5637,4.578,2.376,0.6,27.52,27.93,26.87,79.88,1.63,2.4,1.44,100.15
20170606,0.7,4.6661,2.8562,2.4581,0.5,28.03,28.75,27.49,75.67,1.9,3.09,1.68,100.13
20170607,0.6,5.3422,3.6439,2.4444,0.58,28.14,29.06,27.41,78.57,1.99,3.0,1.79,100.03
20170608,2.11,5.2476,4.5019,1.9702,0.57,28.15,28.85,27.56,80.32,1.64,2.51,1.49,99.99
20170609,4.96,5.2478,3.8722,2.2363,0.57,28.18,28.7,27.85,82.86,3.28,4.32,2.86,100.03
20170610,4.7,4.9637,3.8904,1.9714,0.54,27.83,28.29,27.52,80.66,2.27,2.72,1.99,100.16
20170611,3.2,4.0567,1.6267,2.4504,0.44,27.55,27.97,26.84,80.65,2.09,3.2,1.87,100.16
20170612,4.22,4.8062,3.6058,2.0839,0.52,27.63,28.19,27.18,79.61,1.56,2.12,1.4,100.15
20170613,4.68,5.5524,4.2924,2.1242,0.6,27.97,28.81,27.18,81.25,2.87,3.59,2.55,100.13
20170614,3.25,3.4116,0.3792,2.399,0.37,28.23,29.03,27.16,75.51,3.39,5.92,2.97,100.22
20170615,6.21,4.973,3.7961,2.0849,0.54,28.61,29.21,28.07,75.74,1.34,2.17,1.24,100.07
20170616,5.75,4.2787,3.1438,1.8809,0.47,28.37,29.39,27.66,77.65,1.83,2.95,1.61,99.98
20170617,47.69,3.0394,0.311,2.2488,0.33,27.51,27.94,27.15,85.42,2.98,9.45,2.62,99.99
20170618,5.83,4.1549,1.8468,2.5087,0.45,26.48,26.98,25.68,77.16,3.16,8.73,2.74,100.19
20170619,0.33,5.3482,3.131,2.7744,0.58,27.63,28.62,26.67,72.06,2.15,3.19,1.93,100.08
20170620,0.8,5.9712,5.34,1.9692,0.65,27.57,28.15,27.19,76.24,1.26,1.98,1.11,100.06
20170621,0.94,5.3494,4.0202,2.3998,0.58,27.32,27.81,26.7,78.37,1.6,2.45,1.42,100.1
20170622,2.37,5.413,4.3922,2.1497,0.59,27.5,27.96,27.08,78.0,1.4,2.02,1.24,100.1
20170623,3.12,2.9287,0.355,2.1302,0.32,27.26,27.68,26.89,79.24,1.69,2.41,1.51,100.06
20170624,3.35,5.467,4.59,2.0215,0.6,27.45,28.02,26.78,78.18,1.14,1.7,1.02,99.98
20170625,4.2,4.3682,1.1856,2.9018,0.48,27.59,27.98,27.11,79.01,2.38,3.6,2.12,99.99
20170626,4.97,4.6457,1.7011,2.718,0.51,27.3,27.83,26.88,81.7,2.87,4.35,2.56,100.08
20170627,4.59,4.8254,3.395,2.094,0.53,27.23,28.06,26.43,82.52,2.47,3.32,2.21,100.1
20170628,6.63,4.9954,3.9034,1.9435,0.54,27.09,27.7,26.27,84.23,2.49,2.83,2.25,100.1
20170629,17.55,4.9901,2.9938,2.2553,0.54,27.24,28.07,26.21,79.85,3.74,4.96,3.28,100.14
20170630,0.85,5.8994,5.0338,2.0126,0.64,27.54,28.28,26.62,77.37,2.91,3.32,2.56,100.08
20170701,2.05,5.7254,4.6514,2.1007,0.62,27.85,28.65,27.42,78.62,2.25,3.33,2.0,100.01
20170702,5.45,4.8427,3.3058,2.069,0.53,27.6,28.04,27.29,81.66,1.86,3.12,1.66,100.06
20170703,3.0,3.425,0.1049,2.615,0.37,27.79,28.61,26.97,78.57,2.5,4.23,2.21,100.08
20170704,6.78,5.3921,4.2989,2.1785,0.59,27.34,27.74,27.05,81.81,2.05,3.81,1.81,100.15
20170705,6.71,2.6047,0.3065,1.8497,0.28,26.66,27.02,26.18,82.2,3.13,5.31,2.73,100.26
20170706,1.7,5.195,3.721,2.1454,0.56,27.29,28.03,26.49,75.97,1.81,2.33,1.59,100.19
20170707,8.58,3.4925,1.0231,2.2286,0.38,27.18,27.86,26.49,82.34,3.21,6.06,2.81,100.13
20170708,7.81,5.4586,4.1647,2.0801,0.59,27.24,27.87,26.81,81.49,3.91,6.14,3.41,100.16
20170709,11.81,4.1688,0.7342,2.7706,0.45,27.31,28.01,26.6,79.57,2.73,3.57,2.4,100.22
20170710,6.2,5.5296,4.3207,2.225,0.6,27.26,27.78,26.69,78.06,1.57,2.34,1.39,100.18
20170711,8.01,4.4774,2.0674,2.333,0.48,26.78,27.4,26.29,82.38,2.35,3.23,2.06,100.24
20170712,6.25,4.7225,1.2341,3.1193,0.51,26.83,27.51,25.92,78.81,2.29,3.29,2.05,100.27
20170713,5.84,4.2989,0.8318,3.0355,0.46,26.82,27.4,26.04,79.43,1.74,2.87,1.57,100.21
20170714,8.48,3.5261,0.5198,2.3664,0.38,26.39,27.02,25.72,82.21,3.06,5.01,2.7,100.27
20170715,5.03,3.6619,0.4925,2.5889,0.39,26.46,27.15,26.02,75.98,2.04,2.94,1.8,100.26
20170716,0.56,4.8454,2.987,2.3254,0.52,26.95,27.72,25.79,74.57,2.44,2.91,2.15,100.11
20170717,2.52,5.7082,4.7256,2.1547,0.61,26.7,27.02,26.13,81.1,2.98,3.79,2.62,100.13
20170718,8.83,5.2411,3.3324,2.4864,0.56,26.84,27.38,26.21,82.55,3.64,5.7,3.17,100.27
20170719,1.2,6.0343,5.0846,2.1691,0.64,27.11,27.48,26.81,80.55,2.16,3.25,1.91,100.18
20170720,0.65,5.8471,4.019,2.478,0.62,27.12,27.54,26.51,78.55,1.36,3.05,1.2,100.16
20170721,0.05,6.2167,5.3266,2.2195,0.66,27.75,28.68,27.16,76.57,2.31,3.67,2.06,100.13
20170722,0.2,6.0948,5.0066,2.2325,0.65,27.77,28.58,27.04,78.67,1.68,3.14,1.5,100.16
20170723,0.26,5.8824,4.9373,2.0791,0.62,27.74,28.49,26.99,76.6,1.08,1.93,0.95,100.13
20170724,0.43,6.1445,5.6866,1.9594,0.65,27.54,28.08,26.95,80.17,1.9,2.63,1.69,100.04
20170725,1.9,5.9412,5.3784,1.9284,0.63,27.55,28.27,26.92,80.8,1.98,2.45,1.76,99.98
20170726,5.01,3.8743,0.8556,2.5997,0.41,27.11,27.67,26.74,83.59,2.01,3.73,1.79,99.98
20170727,4.55,4.8722,3.3643,2.0866,0.51,27.65,28.25,27.09,82.1,3.52,4.84,3.08,100.08
20170728,16.19,4.5768,1.9351,2.5514,0.48,27.46,28.34,26.98,81.89,2.44,3.45,2.16,100.2
20170729,7.48,5.7756,5.0575,2.453,0.61,27.37,27.82,26.77,79.29,1.77,2.24,1.55,100.16
20170730,2.48,5.2404,3.9934,2.3239,0.55,28.2,29.07,27.36,75.7,2.15,3.47,1.88,100.03
20170731,1.63,5.377,3.9113,2.2279,0.56,27.31,28.43,25.23,79.27,3.0,4.32,2.63,100.12
20170801,3.09,4.9162,3.161,2.3705,0.51,27.59,28.56,26.6,80.43,2.69,3.69,2.37,100.19
20170802,1.04,5.4118,3.3384,2.6292,0.57,27.06,27.41,26.76,83.11,2.14,2.99,1.87,100.16
20170803,2.3,4.8038,2.8932,2.3203,0.5,27.23,27.76,26.78,82.62,3.19,3.69,2.8,100.15
20170804,11.07,3.7608,0.9938,2.4118,0.39,27.12,27.44,26.74,80.82,2.91,3.9,2.54,100.08
20170805,4.29,5.0638,3.0574,2.5452,0.53,27.45,28.29,26.71,76.31,1.74,3.01,1.54,100.01
20170806,5.77,5.0069,3.1044,2.3011,0.52,27.27,27.57,26.88,79.46,2.19,2.6,1.96,100.08
20170807,0.16,6.1471,4.8151,2.3302,0.64,28.27,29.08,27.28,70.97,1.23,2.03,1.12,100.03
20170808,1.57,4.692,2.2522,2.3638,0.48,28.02,28.69,27.36,74.73,1.98,2.58,1.76,100.17
20170809,1.22,5.105,2.3938,2.8176,0.53,27.42,28.29,26.48,75.31,2.7,4.3,2.37,100.22
20170810,2.2,3.024,0.2045,2.1893,0.31,27.18,27.75,26.75,78.48,1.95,2.45,1.74,100.13
20170811,27.25,3.1762,1.3896,1.7808,0.33,26.45,26.99,26.0,83.15,2.36,3.64,2.06,100.17
20170812,16.28,3.6646,0.9089,2.525,0.38,26.0,26.29,25.54,88.04,4.14,4.89,3.59,100.2
20170813,18.33,4.566,1.3222,2.6494,0.47,25.98,26.4,25.54,86.73,3.4,3.94,2.98,100.21
20170814,18.06,4.2775,1.3495,2.6004,0.44,26.19,26.57,25.7,85.45,2.84,3.52,2.53,100.26
20170815,13.14,3.6497,0.7483,2.1953,0.37,25.95,26.33,25.61,88.52,3.89,4.92,3.36,100.17
20170816,4.8,4.7753,1.8144,2.7214,0.49,26.45,27.3,25.78,87.9,4.64,6.31,3.98,100.03
20170817,3.09,3.858,0.3713,2.8678,0.39,26.25,26.73,25.78,86.5,3.04,4.36,2.67,99.99
20170818,1.32,4.3217,1.5178,2.5325,0.44,26.87,27.57,25.85,81.25,1.62,2.16,1.47,100.0
20170819,4.15,4.0298,2.515,1.9219,0.41,27.77,28.47,27.12,81.44,2.76,3.79,2.48,99.99
20170820,4.38,5.2166,4.3483,1.8802,0.53,27.93,29.06,26.77,79.3,1.95,2.77,1.74,99.94
20170821,66.28,2.7377,0.6041,1.8422,0.28,27.68,28.32,27.01,85.5,3.91,5.55,3.4,99.91
20170822,3.13,4.116,1.2014,2.6148,0.41,27.03,27.61,25.96,76.79,3.0,4.35,2.66,100.02
20170823,3.75,5.2656,3.3751,2.2584,0.53,27.86,28.55,27.48,77.86,2.23,2.59,2.01,99.94
20170824,12.6,3.5078,1.099,2.0203,0.35,27.54,28.0,27.19,82.44,3.95,6.53,3.41,99.99
20170825,0.24,5.1802,1.9049,3.132,0.52,27.65,28.26,26.94,75.44,1.79,2.63,1.58,99.95
20170826,1.56,4.9327,2.7593,2.3441,0.49,27.81,28.21,27.42,79.34,2.03,2.74,1.84,99.81
20170827,4.79,3.7325,0.3456,2.7079,0.37,27.79,28.32,27.11,80.12,1.43,2.95,1.3,99.79
20170828,22.1,4.158,1.4153,2.436,0.41,26.99,28.04,26.4,85.29,3.32,5.91,2.89,99.92
20170829,0.21,5.353,2.2795,2.9486,0.53,27.11,28.02,25.84,75.62,1.77,2.34,1.59,100.03
20170830,0.95,4.8415,2.7173,2.2901,0.48,28.21,28.88,27.61,73.18,1.35,2.22,1.24,100.04
20170831,1.79,4.7131,2.0585,2.4948,0.47,27.79,28.2,26.97,80.85,3.32,6.0,2.88,100.06
20170901,18.7,4.4206,1.417,2.7192,0.44,26.89,27.39,26.25,87.63,3.24,4.28,2.86,100.08
20170902,20.86,5.0578,2.8778,2.267,0.5,27.71,28.8,26.56,82.72,1.48,2.07,1.33,99.95
20170903,22.11,4.182,1.8782,2.2236,0.41,27.95,28.7,27.31,83.43,2.71,4.98,2.38,99.95
20170904,11.02,4.3253,1.3606,2.6594,0.43,27.04,27.28,26.79,88.89,4.09,5.46,3.57,100.02
20170905,20.37,3.8446,0.4639,2.7437,0.38,26.81,27.11,26.57,88.14,4.29,5.56,3.73,100.05
20170906,12.65,4.2024,0.6718,2.8706,0.41,26.65,27.14,26.03,87.76,4.1,5.92,3.55,100.07
20170907,3.79,4.721,2.7694,2.2262,0.46,26.66,27.43,25.51,81.7,1.87,3.69,1.64,100.07
20170908,17.55,4.4266,1.5574,2.5478,0.43,26.78,27.12,26.28,86.32,2.66,4.13,2.33,100.04
20170909,50.28,3.8321,0.9125,2.6854,0.38,26.47,26.98,25.95,90.34,5.64,7.83,4.83,100.08
20170910,7.05,4.1074,0.9994,2.621,0.4,26.82,27.22,26.42,81.38,2.7,5.37,2.36,100.14
20170911,0.82,4.5446,0.6091,2.9642,0.44,27.58,28.58,26.71,74.66,1.89,2.97,1.71,100.12
20170912,2.39,5.1358,2.4667,2.6578,0.5,27.43,28.01,26.76,83.71,3.99,5.12,3.46,100.12
20170913,4.37,4.9865,2.7845,2.3815,0.49,27.47,28.22,26.93,83.28,3.57,4.09,3.14,100.08
20170914,3.87,3.4154,0.1766,2.5267,0.33,26.61,27.05,25.88,86.01,3.74,5.65,3.23,100.06
20170915,24.52,3.3012,0.1918,2.3513,0.32,26.18,26.99,25.45,85.56,3.31,5.94,2.88,100.12
20170916,6.61,4.8936,1.7179,2.9743,0.48,26.15,26.9,25.41,83.88,2.4,4.1,2.16,100.15
20170917,1.59,5.6134,3.137,2.592,0.55,27.42,28.04,26.74,79.92,1.71,3.05,1.55,100.19
20170918,3.67,5.106,2.5159,2.7312,0.5,28.06,29.43,27.22,78.22,1.6,2.98,1.46,100.17
20170919,13.91,4.8228,1.9862,2.7602,0.47,27.62,29.01,26.73,81.64,3.37,7.34,2.93,100.15
20170920,40.58,2.6825,0.3012,1.9061,0.26,26.1,26.63,25.66,88.63,7.28,8.67,6.11,100.24
20170921,1.39,5.5193,2.8366,2.899,0.54,26.36,27.18,25.38,76.28,2.06,3.98,1.81,100.2
20170922,1.66,5.9494,3.0638,2.8963,0.58,26.75,27.21,26.42,76.23,2.62,4.21,2.3,100.21
20170923,7.33,4.2312,1.0315,2.6268,0.41,26.65,27.46,26.06,78.99,2.69,4.3,2.36,100.29
20170924,6.93,5.6438,3.0554,2.8279,0.55,26.94,27.72,26.09,76.83,1.94,2.96,1.7,100.18
20170925,10.94,5.5632,2.6105,3.0077,0.54,26.61,26.99,25.88,81.1,1.87,2.97,1.64,100.04
20170926,9.86,5.4466,2.5092,2.8625,0.53,26.61,27.46,25.92,84.4,2.0,2.62,1.76,100.09
20170927,4.67,5.3287,1.7201,3.4217,0.52,26.84,27.98,25.49,80.39,1.51,2.62,1.36,100.11
20170928,7.55,5.4682,2.6546,2.7394,0.53,27.17,28.01,26.51,79.88,1.26,2.11,1.11,100.07
20170929,8.2,5.1696,1.5142,3.1579,0.5,27.47,28.57,26.34,74.44,2.73,4.17,2.38,100.15
20170930,13.39,5.0395,1.7366,3.0629,0.49,27.19,27.72,26.67,79.16,2.76,3.52,2.4,100.24
20171001,6.6,4.6262,0.4939,3.2957,0.45,27.34,28.03,26.54,75.34,1.48,2.89,1.29,100.16
20171002,3.7,5.7622,3.4567,2.7977,0.56,27.7,28.33,27.15,72.86,1.62,2.82,1.43,100.06
20171003,8.97,4.7669,2.2426,2.5121,0.46,26.67,27.5,26.19,78.7,1.48,2.23,1.32,100.11
20171004,10.91,3.1913,0.0746,2.4151,0.31,27.36,28.34,26.35,73.23,1.2,2.32,1.1,100.09
20171005,1.76,4.3464,3.2278,2.2699,0.42,27.68,28.52,26.96,76.49,1.58,3.49,1.44,99.98
20171006,30.77,5.1149,2.7799,2.4838,0.49,27.34,28.19,26.49,82.6,2.76,4.09,2.47,99.98
20171007,114.03,5.3316,2.7139,2.6657,0.51,26.48,26.84,26.08,88.99,4.96,7.63,4.26,99.96
20171008,7.81,5.0419,2.5212,2.3678,0.49,26.7,27.6,25.9,86.25,3.52,4.83,3.09,99.93
20171009,56.14,3.0814,0.7013,2.0546,0.3,26.65,27.18,26.27,88.32,4.91,6.52,4.22,99.89
20171010,18.03,3.9823,0.1142,2.9938,0.38,26.17,26.55,25.83,86.98,4.21,5.98,3.68,99.92
20171011,6.65,4.9094,2.0134,2.8848,0.47,27.15,27.89,25.81,79.62,3.7,6.01,3.23,99.95
20171012,2.12,6.2179,4.3181,2.5615,0.6,27.97,28.8,27.45,77.19,2.55,3.28,2.26,99.94
20171013,2.09,3.7049,0.4445,2.6146,0.36,26.97,27.64,26.69,77.61,2.11,4.12,1.86,100.05
20171014,2.02,5.4298,1.9018,3.3703,0.52,27.66,28.54,26.95,74.1,1.4,2.32,1.24,99.97
20171015,6.58,6.3053,4.7618,2.3556,0.61,27.59,28.29,26.96,80.27,2.17,3.4,1.88,100.04
20171016,9.2,4.9118,0.5462,3.571,0.47,26.84,27.31,26.56,83.21,1.52,2.03,1.32,100.15
20171017,1.85,5.5418,3.0439,2.9002,0.54,27.48,28.49,26.49,75.18,1.51,2.54,1.31,100.11
20171018,1.51,6.5645,5.1984,2.669,0.63,27.04,27.68,26.52,78.2,1.39,2.05,1.22,100.18
20171019,0.81,6.271,4.3512,2.8342,0.61,26.92,27.46,26.32,80.22,1.28,2.15,1.13,100.26
20171020,0.84,6.5172,5.0424,2.4206,0.63,27.78,28.92,26.75,78.35,1.58,3.15,1.43,100.26
20171021,2.78,6.2508,4.6042,2.6251,0.6,27.88,28.5,27.38,79.12,1.6,2.34,1.44,100.27
20171022,1.47,5.7545,2.3045,3.7037,0.56,27.83,28.45,27.3,75.55,1.06,1.44,0.95,100.23
20171023,0.47,5.995,3.3778,3.1598,0.58,27.95,28.63,27.45,74.94,2.11,3.81,1.86,100.26
20171024,0.69,5.946,3.8748,2.862,0.58,27.53,28.37,26.81,79.8,2.17,3.75,1.94,100.31
20171025,0.28,6.252,4.2941,2.825,0.61,27.84,28.65,27.09,76.06,1.54,2.95,1.37,100.32
20171026,0.76,5.3851,1.7998,3.245,0.52,28.01,28.41,27.72,74.35,1.99,2.69,1.73,100.29
20171027,7.75,5.113,1.3757,3.1366,0.5,27.42,27.89,26.99,77.79,2.09,3.23,1.82,100.17
20171028,8.45,6.0979,4.5067,2.4254,0.59,27.03,27.29,26.81,81.73,2.39,3.43,2.1,100.14
20171029,10.65,5.299,2.5462,2.8224,0.52,26.44,27.1,25.33,83.19,1.78,2.62,1.57,100.17
20171030,8.51,4.5046,1.2137,2.7581,0.44,26.36,27.43,25.16,80.8,2.6,4.0,2.31,100.12
20171031,18.07,4.6759,1.4561,2.8829,0.46,26.5,27.32,25.62,85.71,3.73,4.5,3.27,100.06
20171101,8.43,5.1756,2.8582,2.5181,0.5,27.09,27.82,26.31,84.32,4.65,5.87,3.99,100.01
20171102,17.91,4.4674,1.0726,2.5567,0.44,26.1,26.97,25.62,87.57,3.14,4.98,2.75,99.97
20171103,4.03,3.0432,0.0185,2.2978,0.3,25.91,26.51,25.42,86.98,2.92,3.66,2.58,99.92
20171104,39.59,4.0094,0.3125,2.9333,0.39,26.26,26.89,25.46,85.65,3.53,3.97,3.1,99.91
20171105,8.6,4.128,0.5138,2.8373,0.4,26.59,27.04,26.12,83.14,1.9,3.11,1.68,99.9
20171106,8.09,5.2428,3.8669,2.245,0.51,26.81,27.47,26.1,84.68,2.33,3.69,2.06,99.87
20171107,24.85,4.0226,0.9012,2.9316,0.39,26.81,27.08,26.28,90.04,4.84,7.4,4.1,99.93
20171108,30.29,4.1911,0.8974,2.9203,0.41,26.51,26.94,26.05,87.45,5.35,7.48,4.57,99.99
20171109,14.31,4.6255,0.6713,3.4382,0.45,25.8,26.19,25.38,87.59,3.54,5.89,3.1,99.97
20171110,16.8,4.9404,0.5794,3.6122,0.49,25.96,26.62,25.27,88.2,3.29,4.18,2.91,100.0
20171111,10.18,4.3517,0.2218,3.2057,0.43,26.38,27.05,25.61,85.71,3.77,4.68,3.31,100.02
20171112,27.47,3.7397,1.3531,2.2066,0.37,26.71,27.25,26.35,84.65,4.12,5.02,3.6,99.97
20171113,5.24,4.9342,1.0262,3.2633,0.49,27.52,28.9,25.95,73.42,2.54,4.24,2.24,99.87
20171114,2.89,4.0217,0.2866,2.9299,0.4,27.62,28.12,27.24,76.2,1.81,3.33,1.63,99.95
20171115,2.55,5.1012,3.2856,2.2418,0.5,27.93,28.68,27.54,74.34,1.76,3.02,1.57,99.96
20171116,16.11,4.8619,2.521,2.3762,0.48,27.59,28.35,27.04,81.99,2.84,3.7,2.51,99.97
20171117,21.7,3.6946,0.534,2.4946,0.37,26.39,26.98,26.08,85.47,1.79,3.26,1.57,99.99
20171118,17.5,4.4304,1.553,2.6609,0.44,26.59,27.03,26.28,83.54,2.39,3.15,2.12,100.0
20171119,15.76,4.8173,1.374,2.898,0.48,26.5,26.89,26.07,83.62,2.47,3.62,2.19,100.04
20171120,5.58,5.6866,2.4365,3.4534,0.56,26.67,27.16,26.26,85.34,3.03,3.95,2.68,100.06
20171121,12.01,4.6978,1.1779,3.0247,0.47,26.88,27.39,26.46,82.78,2.72,2.96,2.4,100.01
20171122,5.35,4.9404,2.5534,2.5526,0.49,27.15,27.97,26.34,83.87,4.14,5.69,3.61,99.87
20171123,26.46,4.349,0.3713,3.2057,0.43,26.91,27.12,26.54,88.73,5.95,7.59,5.06,99.88
20171124,14.9,4.3498,0.4445,3.0593,0.43,26.15,26.77,25.7,88.4,4.33,5.44,3.79,100.03
20171125,11.97,5.1653,2.4974,2.9393,0.51,26.41,27.5,25.6,86.83,5.42,6.21,4.68,100.1
20171126,20.96,3.7486,0.4954,2.7482,0.37,26.9,27.57,26.41,85.84,6.37,7.34,5.41,100.06
20171127,26.46,2.7151,0.2333,1.921,0.27,26.67,27.05,26.48,87.01,7.16,9.36,6.04,99.95
20171128,28.74,4.5744,1.3577,3.197,0.46,27.31,27.92,26.7,83.49,8.39,9.82,6.95,99.93
20171129,19.92,4.0438,0.2191,3.0708,0.4,27.14,27.62,26.69,81.96,8.06,9.86,6.7,100.02
20171130,8.84,3.4279,0.2861,2.4619,0.34,27.53,28.23,26.89,81.53,6.18,7.4,5.18,99.94
20171201,8.63,4.7575,1.7827,3.4546,0.48,27.38,27.9,26.68,81.71,3.47,4.17,2.99,99.93
20171202,6.61,3.9874,0.5105,2.9009,0.4,27.29,28.05,26.71,81.86,2.4,3.13,2.09,99.95
20171203,14.5,3.0761,0.1214,2.2915,0.31,26.79,27.45,26.05,85.99,4.08,6.86,3.49,99.99
20171204,13.07,3.7085,0.1872,2.7742,0.37,26.59,26.98,26.26,86.54,3.63,4.88,3.14,100.0
20171205,6.37,5.0628,2.0033,2.8296,0.51,26.08,26.84,25.41,82.79,1.66,2.57,1.47,100.0
20171206,6.86,3.6706,0.1061,2.8195,0.37,26.19,26.71,25.63,86.26,2.38,3.91,2.11,100.01
20171207,2.78,4.6954,0.7673,3.4622,0.47,27.02,27.81,26.19,80.04,4.09,4.73,3.56,100.1
20171208,0.16,5.4967,3.0288,2.7972,0.55,27.3,28.16,26.59,80.24,2.78,4.0,2.44,100.13
20171209,15.1,4.1861,0.1951,3.2042,0.42,27.5,28.26,27.0,79.36,2.31,3.37,2.07,100.16
20171210,7.22,5.0719,3.4471,2.2133,0.51,27.29,27.57,26.88,80.12,2.66,3.23,2.36,100.23
20171211,0.99,5.0124,2.2315,2.6105,0.5,27.3,27.67,26.76,79.63,2.25,3.29,1.97,100.24
20171212,1.04,4.9121,2.1278,2.988,0.49,27.08,27.51,26.71,81.95,2.7,3.65,2.38,100.28
20171213,3.55,5.6784,3.7092,2.5522,0.57,26.84,27.59,26.21,81.76,2.83,3.07,2.48,100.3
20171214,2.86,4.8811,2.0006,2.9489,0.49,26.91,27.71,25.76,76.77,2.21,3.32,1.97,100.26
20171215,5.14,5.3237,2.0417,3.229,0.54,27.23,28.19,26.62,79.49,3.24,4.72,2.84,100.18
20171216,12.98,4.2617,1.4486,2.5649,0.43,26.56,26.86,26.21,80.67,2.05,2.55,1.85,100.28
20171217,3.27,4.6411,1.1155,2.7857,0.47,27.25,28.82,26.0,72.37,2.31,3.61,2.07,100.26
20171218,0.67,4.595,1.8787,2.6938,0.46,27.24,27.93,26.5,77.77,1.54,3.24,1.38,100.21
20171219,1.81,4.8391,3.0432,2.3114,0.49,27.37,28.0,26.92,82.05,2.95,3.97,2.6,100.15
20171220,1.64,5.0549,2.7835,2.5954,0.51,27.14,27.69,26.76,82.31,2.06,2.48,1.85,100.16
20171221,2.32,5.1163,2.8068,2.6047,0.52,27.07,27.67,26.42,84.81,3.41,3.92,2.99,100.13
20171222,23.89,5.148,4.2422,1.8554,0.52,27.13,28.04,26.5,85.36,5.24,6.19,4.47,100.04
20171223,19.41,4.2751,1.9402,2.3429,0.43,26.33,26.67,25.98,87.36,4.35,5.57,3.78,99.96
20171224,19.36,4.139,1.7698,2.2877,0.42,26.18,26.56,25.88,85.32,2.46,5.24,2.17,99.95
20171225,28.59,2.9314,0.4337,2.0995,0.3,26.42,26.9,25.89,86.45,4.22,6.83,3.64,99.91
20171226,17.77,2.9038,1.1167,1.95,0.29,26.66,27.34,25.63,85.57,4.75,5.75,4.06,100.01
20171227,4.19,4.794,1.6394,2.9746,0.48,26.6,27.4,25.97,81.52,2.22,2.88,1.98,100.06
20171228,4.23,5.4065,2.677,3.1229,0.54,26.95,27.85,26.05,82.99,2.15,3.01,1.91,99.99
20171229,3.37,4.7542,0.8606,3.3689,0.48,27.3,28.05,26.62,83.36,2.93,3.64,2.58,100.0
20171230,10.39,3.0962,0.0655,2.3189,0.31,27.12,27.97,25.97,84.16,1.91,2.78,1.73,99.95
20171231,20.65,3.7303,0.6806,2.5147,0.37,26.46,27.3,25.9,87.18,2.51,3.16,2.25,99.94
20180101,39.98,3.7334,0.4474,2.7089,0.37,26.07,26.17,25.92,87.36,3.73,4.78,3.25,99.87
20180102,6.05,5.3254,2.0081,3.4289,0.53,26.71,27.41,26.0,81.38,1.69,2.55,1.51,99.85
20180103,12.94,4.428,0.8926,3.2244,0.44,26.47,26.95,25.72,85.21,4.16,6.31,3.58,99.9
20180104,2.36,4.7484,0.954,3.3636,0.48,26.76,27.63,26.07,82.88,2.26,5.12,1.97,99.94
20180105,1.53,5.411,2.6878,3.2285,0.54,26.64,27.54,25.83,80.89,1.42,2.94,1.27,99.99
20180106,2.25,5.1902,1.8223,2.8838,0.52,26.78,27.5,25.99,78.66,2.23,3.34,1.97,99.97
20180107,2.3,4.975,1.3757,3.2009,0.5,27.19,28.3,26.23,78.13,2.65,3.47,2.35,100.04
20180108,11.99,5.4677,2.7079,3.2762,0.55,25.8,26.15,25.46,85.23,2.55,3.08,2.27,100.14
20180109,6.43,4.3562,1.0591,2.7722,0.43,26.07,27.27,24.92,76.22,3.23,4.32,2.84,100.27
20180110,0.32,3.8458,0.1903,2.9158,0.38,27.25,28.28,26.42,69.0,3.2,4.11,2.81,100.3
20180111,1.35,4.1441,0.5962,2.9671,0.41,27.36,28.25,26.44,72.62,4.02,4.41,3.48,100.25
20180112,6.6,3.702,0.4387,2.8178,0.37,27.54,28.36,27.0,70.58,4.22,5.08,3.65,100.2
20180113,0.96,3.5059,0.0742,2.6374,0.35,27.44,28.19,26.5,73.41,3.35,4.62,2.93,100.15
20180114,0.97,4.661,0.4529,3.4572,0.46,27.62,28.19,27.21,68.65,1.88,2.96,1.69,100.13
20180115,6.47,5.2584,1.8898,3.5834,0.52,27.61,28.27,26.74,71.61,2.16,3.4,1.89,100.09
20180116,5.86,4.9586,1.4556,3.2554,0.49,26.62,27.42,25.24,73.34,1.72,3.17,1.52,100.06
20180117,1.25,5.2661,1.7232,3.0847,0.52,27.48,28.18,26.91,73.47,1.26,2.11,1.15,99.93
20180118,5.43,5.0309,1.386,3.0653,0.5,27.4,27.91,27.0,76.04,1.53,2.17,1.37,99.95
20180119,2.12,5.2406,1.7441,3.4769,0.52,27.15,27.89,26.62,76.0,1.71,2.54,1.5,99.97
20180120,8.87,5.0724,2.221,3.1589,0.5,26.87,27.8,26.16,78.11,2.42,3.53,2.12,99.99
20180121,13.33,4.0754,0.6199,2.7113,0.4,26.43,27.52,25.86,80.38,3.56,4.45,3.11,99.98
20180122,19.83,4.7419,0.391,3.5294,0.47,26.53,27.3,25.61,81.11,3.77,4.84,3.3,99.93
20180123,15.29,4.4311,0.937,2.9506,0.44,26.87,27.49,26.25,82.81,5.42,6.07,4.64,99.9
20180124,24.35,3.2311,0.0914,2.459,0.32,26.49,27.22,25.56,83.14,4.79,6.02,4.14,99.87
20180125,2.61,6.3307,6.0816,2.923,0.62,27.28,28.17,26.14,74.31,1.59,2.65,1.41,99.83
20180126,3.52,5.0815,1.2881,3.571,0.5,27.59,28.13,26.97,72.99,1.73,2.59,1.52,99.86
20180127,0.85,6.3965,5.1554,2.5877,0.63,28.0,28.73,27.56,71.8,1.48,2.3,1.28,99.9
20180128,7.75,5.0729,0.9814,3.6518,0.5,27.51,27.99,26.81,76.68,1.65,2.53,1.47,99.98
20180129,0.72,5.6688,2.107,3.1404,0.55,27.7,28.33,27.2,75.05,1.34,2.61,1.21,100.1
20180130,0.73,6.4507,4.5259,2.7166,0.63,27.71,28.29,26.99,74.25,1.27,1.6,1.14,100.1
20180131,0.06,6.7968,5.9688,2.2541,0.66,28.12,28.94,27.53,71.51,1.66,2.62,1.48,100.08
20180201,0.04,6.2916,4.9711,2.3501,0.61,28.25,29.17,27.55,71.9,2.19,3.03,1.96,100.11
20180202,0.71,5.8694,3.0667,2.7926,0.57,28.11,28.98,27.52,73.54,1.67,3.05,1.52,100.13
20180203,1.34,5.3609,3.7327,2.3244,0.52,28.25,29.43,27.17,74.72,1.56,2.91,1.41,100.06
20180204,2.02,4.8437,3.4944,2.0563,0.47,28.35,29.71,27.31,74.21,2.08,3.52,1.83,100.06
20180205,2.08,4.2962,3.0703,1.9373,0.42,27.65,28.86,26.91,77.69,2.26,3.34,2.02,100.2
20180206,3.95,4.5319,2.4334,2.2214,0.44,26.67,27.4,26.11,79.91,1.44,2.47,1.29,100.24
20180207,0.99,3.6312,1.44,1.9978,0.35,27.06,27.67,26.68,80.62,2.03,4.0,1.8,100.15
20180208,0.47,5.087,3.5537,2.1984,0.49,27.62,28.72,26.63,77.45,2.47,3.77,2.19,100.06
20180209,0.98,4.4717,2.2946,2.2584,0.43,27.79,28.68,27.14,78.23,2.65,4.03,2.33,100.04
20180210,3.1,4.1606,1.6978,2.2625,0.4,27.58,28.26,26.94,78.98,2.49,3.62,2.18,100.14
20180211,5.84,3.9036,1.8754,2.1706,0.38,28.32,29.73,27.13,73.05,2.68,4.74,2.36,100.11
20180212,19.27,4.0034,1.669,2.1502,0.39,27.94,28.77,27.24,77.89,3.6,4.75,3.15,100.27
20180213,1.74,4.619,1.8998,2.4629,0.44,27.95,29.16,26.9,75.01,2.59,3.81,2.29,100.37
20180214,19.39,4.5463,2.1173,2.4216,0.44,27.07,27.57,26.71,83.17,2.35,3.25,2.07,100.41
20180215,11.21,4.5036,1.2125,2.7473,0.43,26.41,27.0,25.79,80.79,2.15,3.31,1.92,100.52
20180216,1.95,6.871,5.1864,2.4977,0.66,27.81,28.9,27.05,74.95,1.44,3.39,1.29,100.24
20180217,7.64,4.583,2.1077,2.3837,0.44,27.28,28.01,26.75,82.96,2.66,4.47,2.35,100.15
20180218,5.77,6.1402,4.0318,2.4972,0.59,27.36,27.78,27.03,80.47,2.35,3.22,2.09,100.08
20180219,10.89,4.8142,2.2853,2.4641,0.46,26.99,27.35,26.49,84.39,2.79,4.04,2.46,100.02
20180220,14.63,4.3418,0.498,2.9832,0.41,27.23,28.49,25.98,79.06,3.03,5.53,2.66,100.0
20180221,9.22,4.5091,0.9504,2.6904,0.43,27.23,27.78,26.89,81.47,2.06,2.73,1.84,99.88
20180222,23.67,4.8022,1.0872,2.9616,0.46,26.73,27.07,26.26,84.28,2.36,3.03,2.09,99.88
20180223,13.4,3.6965,0.1356,2.7002,0.35,26.2,26.59,25.81,85.15,2.71,3.62,2.4,100.03
20180224,3.92,4.278,0.4807,3.0732,0.41,27.73,28.92,26.29,72.38,1.57,3.01,1.41,100.08
20180225,5.75,3.8791,0.3953,2.7077,0.37,27.52,28.03,26.91,79.59,2.01,3.08,1.81,100.02
20180226,7.53,4.5672,1.723,2.6515,0.43,27.97,28.53,27.66,80.31,2.55,3.86,2.28,99.96
20180227,5.57,3.9857,1.0862,2.3719,0.38,27.72,28.19,27.34,81.71,2.2,2.66,2.01,99.96
20180228,13.36,4.7981,1.025,2.9357,0.46,27.35,27.87,26.93,83.9,2.36,2.88,2.11,99.97
20180301,6.89,4.074,1.127,2.5918,0.39,26.99,27.31,26.51,81.89,1.76,2.18,1.56,99.98
20180302,3.31,5.8003,3.7418,2.4146,0.55,27.9,28.66,27.01,78.12,2.18,2.77,1.93,99.91
20180303,7.73,3.0403,0.174,2.2534,0.29,27.81,28.12,27.52,82.46,2.61,3.59,2.3,99.9
20180304,5.09,5.9302,3.7238,2.503,0.56,27.76,28.71,26.75,78.48,2.07,2.8,1.85,99.94
20180305,23.52,2.9323,0.2448,2.1482,0.28,27.24,27.62,26.85,81.76,2.19,3.08,1.92,99.98
20180306,22.76,4.8907,1.4268,3.0434,0.46,26.52,27.63,25.46,81.88,1.75,2.83,1.56,100.09
20180307,5.45,5.1466,1.3586,3.2014,0.49,27.37,28.57,25.91,75.62,1.26,2.73,1.11,100.02
20180308,5.98,4.9258,1.8206,2.6218,0.47,28.02,28.56,27.39,76.09,2.32,3.38,2.08,99.96
20180309,8.93,4.2758,1.9562,2.215,0.41,27.85,28.47,27.17,77.21,1.29,2.48,1.21,99.89
20180310,17.39,4.1578,1.6085,2.37,0.4,27.33,28.53,26.69,80.47,1.8,3.57,1.63,99.96
20180311,8.39,4.9248,1.3464,2.8109,0.47,27.44,28.69,26.41,76.45,1.49,2.62,1.34,100.05
20180312,11.53,4.7777,1.3188,2.7526,0.45,27.33,28.42,26.38,79.63,1.6,2.83,1.47,100.08
20180313,10.86,4.3342,1.5734,2.3222,0.41,27.41,28.21,26.65,79.16,1.83,2.7,1.7,100.08
20180314,6.43,5.561,2.9114,2.5582,0.53,27.39,27.81,26.83,79.71,2.31,3.07,2.07,100.11
20180315,1.36,5.682,3.1236,2.6381,0.54,28.02,28.93,27.44,80.17,2.38,3.5,2.08,100.09
20180316,0.4,5.6345,2.4823,2.8558,0.54,28.25,29.53,27.29,79.08,2.31,4.03,2.04,100.06
20180317,1.13,5.8886,2.6054,3.3624,0.56,28.16,28.93,27.4,78.74,1.85,2.64,1.65,100.03
20180318,4.37,5.639,3.4786,2.4098,0.54,28.25,28.87,27.79,79.75,2.13,3.25,1.91,100.04
20180319,19.61,5.0398,2.2663,2.5236,0.48,27.98,28.54,27.47,82.36,2.58,3.33,2.3,100.02
20180320,31.84,2.4192,0.0463,1.7906,0.23,27.55,27.94,26.75,86.12,4.73,6.72,4.07,100.04
20180321,2.53,5.9664,4.0462,2.2812,0.57,27.55,28.33,26.66,77.51,2.18,2.88,1.95,100.0
20180322,2.32,5.0957,2.1113,2.8282,0.49,27.81,28.14,27.2,77.35,2.71,4.66,2.39,99.87
20180323,28.83,4.3354,0.7805,2.8793,0.41,27.14,27.51,26.93,81.31,2.59,3.72,2.31,99.93
20180324,15.37,4.3351,0.3379,3.1481,0.41,26.85,27.24,26.51,84.76,3.82,5.22,3.37,100.11
20180325,49.2,3.745,0.8854,2.2142,0.36,26.41,26.81,26.14,86.27,3.9,5.13,3.45,100.28
20180326,25.68,4.2065,0.7613,2.8586,0.4,26.43,26.71,26.09,86.85,3.74,4.57,3.28,100.29
20180327,1.95,3.7488,0.2782,2.6978,0.36,27.04,28.16,25.94,80.08,2.11,2.96,1.87,100.17
20180328,7.84,5.7718,3.4344,2.5673,0.55,27.25,27.6,26.77,82.1,2.6,3.09,2.28,100.18
20180329,10.67,4.7988,2.2195,2.4319,0.46,26.92,27.19,26.63,84.39,2.59,3.37,2.29,100.18
20180330,9.17,3.8287,0.4356,2.7586,0.37,26.48,27.03,25.94,78.79,1.18,1.82,1.03,100.21
20180331,3.6,5.6976,4.2106,2.2306,0.55,27.09,27.57,26.71,78.23,2.91,4.09,2.57,100.15
20180401,3.69,6.42,5.3477,1.9906,0.62,27.16,27.92,26.5,81.37,2.91,3.77,2.56,100.04
20180402,3.38,5.773,4.0668,2.2414,0.56,27.31,28.0,26.54,82.51,3.26,4.08,2.87,100.03
20180403,1.2,4.2991,0.593,2.916,0.42,27.74,28.26,27.25,78.48,2.25,3.14,1.98,100.03
20180404,1.68,5.0506,2.5166,2.6306,0.49,27.85,28.4,27.4,79.82,2.23,3.47,1.98,99.9
20180405,3.57,5.1754,2.0779,2.845,0.5,26.93,27.69,26.37,83.91,2.0,2.65,1.79,99.83
20180406,45.26,4.3111,0.6007,2.8973,0.42,27.23,27.58,26.94,84.39,1.76,3.58,1.57,99.86
20180407,3.28,4.6853,0.8393,3.2542,0.46,27.64,28.14,27.12,82.95,2.3,3.3,2.06,99.93
20180408,3.84,4.3814,0.8266,3.0343,0.43,27.63,28.1,27.17,80.99,2.09,3.08,1.9,99.96
20180409,7.28,3.9653,1.5276,2.2538,0.39,27.26,27.75,26.67,83.61,2.29,2.68,2.11,100.01
20180410,5.85,4.7424,3.0226,2.5013,0.46,27.94,28.51,27.23,79.83,3.11,4.41,2.76,99.95
20180411,7.81,4.3138,2.0525,2.3911,0.42,28.55,29.51,27.87,79.33,2.46,3.59,2.23,99.81
20180412,13.94,4.7957,3.4394,2.244,0.47,28.48,29.7,27.48,82.08,2.49,3.55,2.26,99.83
20180413,4.75,4.3987,2.0189,2.3071,0.43,28.49,29.72,27.65,81.33,1.5,2.99,1.4,99.85
20180414,4.97,4.3313,0.4178,3.1411,0.43,28.09,28.88,27.49,82.58,1.56,2.51,1.47,99.85
20180415,8.69,5.0359,2.6693,2.7878,0.5,27.75,28.45,27.32,86.94,3.7,5.21,3.28,99.84
20180416,17.84,4.0382,0.269,2.9894,0.4,27.2,27.51,26.86,85.53,3.3,3.89,2.95,100.03
20180417,13.89,5.1137,2.1674,2.8106,0.51,27.35,27.97,26.53,80.27,2.03,3.63,1.79,100.09
20180418,25.69,4.698,1.0978,3.325,0.47,27.08,27.66,26.43,84.5,2.37,3.41,2.13,100.04
20180419,10.61,4.7587,2.1802,2.4475,0.47,27.1,27.72,26.07,84.14,2.56,3.53,2.28,99.95
20180420,32.32,3.8755,0.2124,2.7864,0.39,27.08,27.55,26.65,84.4,2.92,4.46,2.58,99.96
20180421,8.95,4.3958,0.8453,2.9093,0.44,27.77,28.42,27.12,79.08,2.16,3.37,1.88,99.94
20180422,34.14,4.679,2.0993,2.4504,0.47,27.44,28.08,27.09,82.98,2.66,4.04,2.36,99.9
20180423,26.16,3.7872,0.4687,2.7379,0.38,27.02,27.34,26.7,89.19,4.31,5.45,3.73,99.93
20180424,13.07,3.8201,1.5331,2.6275,0.38,26.68,26.97,26.41,86.44,3.61,4.96,3.16,100.06
20180425,2.62,4.5634,0.8299,3.2165,0.46,27.22,27.86,26.21,82.32,2.07,3.33,1.8,100.03
20180426,9.06,5.3628,2.1139,3.4188,0.54,27.5,28.08,27.15,84.28,5.05,6.15,4.35,100.0
20180427,3.59,4.4539,1.7028,2.862,0.45,28.14,28.96,27.45,79.13,3.55,5.5,3.1,100.08
20180428,0.95,5.5315,3.3358,2.4257,0.56,28.42,29.3,27.83,75.86,1.19,1.79,1.07,100.11
20180429,1.97,6.2885,5.413,2.179,0.64,28.1,28.66,27.51,82.4,2.14,2.62,1.9,100.06
20180430,3.39,5.9806,4.5883,2.183,0.61,28.22,28.79,27.72,82.03,2.65,3.49,2.32,100.04
20180501,2.04,4.4388,1.3001,2.5805,0.45,27.75,28.33,26.93,81.15,2.8,4.6,2.46,100.09
20180502,3.84,4.9358,2.3297,2.4782,0.5,27.76,28.16,27.33,80.31,1.34,2.87,1.24,100.12
20180503,6.63,5.19,2.861,2.4586,0.53,27.63,28.07,27.3,82.63,2.17,3.33,1.94,100.12
20180504,4.89,4.23,2.1326,2.1838,0.43,27.74,28.33,26.91,82.79,2.02,2.69,1.82,100.11
20180505,5.7,5.5121,3.9828,2.1907,0.56,28.24,28.78,27.79,82.36,2.24,3.74,2.01,100.13
20180506,5.59,4.0526,1.7678,2.2046,0.42,28.18,28.59,27.58,82.46,1.94,3.45,1.74,100.12
20180507,54.39,5.4425,3.6451,2.3702,0.56,28.11,29.02,27.48,86.1,4.1,5.4,3.59,100.04
20180508,3.14,5.6304,4.4676,2.2579,0.58,27.91,28.45,27.13,81.83,2.88,5.48,2.54,99.99
20180509,0.94,5.1538,4.967,2.0837,0.53,28.75,29.49,27.92,77.43,1.46,2.15,1.34,100.01
20180510,2.47,5.041,3.0413,2.4362,0.52,28.38,29.15,27.84,81.3,1.34,2.7,1.25,100.02
20180511,4.45,4.4959,1.5612,2.9719,0.47,28.41,29.16,27.73,76.34,2.33,3.85,2.09,99.99
20180512,10.29,3.882,0.7848,2.587,0.4,28.59,29.74,27.84,78.83,2.53,3.54,2.26,99.92
20180513,3.23,5.2222,3.9122,2.3395,0.54,28.44,29.41,27.48,79.09,1.42,3.33,1.3,99.89
20180514,2.59,4.6476,1.5341,2.7691,0.48,28.57,29.28,27.89,79.24,1.72,2.99,1.6,99.89
20180515,10.09,4.1688,0.8918,2.7842,0.44,28.45,29.28,27.85,80.54,2.21,3.93,2.0,99.82
20180516,50.21,4.716,1.7674,2.6616,0.49,27.85,28.65,26.9,83.07,1.87,2.82,1.73,99.82
20180517,4.93,4.8139,1.0589,3.473,0.5,28.16,29.18,27.17,79.93,1.32,2.53,1.24,99.78
20180518,47.7,4.0716,0.6509,2.8102,0.43,28.05,28.69,27.59,82.2,1.93,3.31,1.78,99.75
20180519,40.05,5.0419,2.7742,2.383,0.53,28.05,29.05,27.35,82.88,2.11,4.38,1.89,99.74
20180520,7.11,3.2112,0.2285,2.405,0.34,27.49,28.12,27.1,85.0,3.05,4.29,2.71,99.85
20180521,3.36,4.8782,2.2483,2.6297,0.51,27.91,28.72,27.27,81.29,2.14,2.95,1.92,99.85
20180522,30.35,4.3848,1.5034,2.7871,0.46,27.75,28.44,27.18,83.89,3.17,4.93,2.81,99.84
20180523,35.45,3.9766,0.5206,2.8279,0.42,26.79,27.25,26.57,82.02,2.33,4.13,2.08,99.97
20180524,1.45,4.6306,2.1835,2.3378,0.49,27.68,28.54,26.59,77.62,1.91,2.72,1.74,99.89
20180525,5.34,4.7388,2.779,2.4586,0.5,27.92,28.51,27.49,80.32,2.08,2.78,1.92,99.83
20180526,15.06,4.3632,2.1785,2.3141,0.46,27.75,28.44,27.22,85.22,3.51,4.47,3.11,99.92
20180527,44.41,3.4817,0.2189,2.5356,0.37,27.65,28.18,27.2,85.47,4.52,6.14,3.89,99.98
20180528,2.85,5.0518,2.3544,2.7002,0.54,27.76,28.42,26.69,80.25,2.71,3.99,2.4,100.0
20180529,54.08,3.8515,1.6778,2.2678,0.41,27.62,28.23,26.91,82.78,3.14,4.95,2.76,100.04
20180530,3.79,4.434,0.6247,3.2489,0.47,27.02,27.64,26.17,82.38,2.58,4.49,2.27,100.13
20180531,8.21,3.9758,1.8204,2.1089,0.43,26.39,26.83,25.89,84.64,2.16,2.99,1.91,100.21
20180601,4.53,5.7343,4.0836,2.3628,0.62,26.9,27.94,25.92,78.68,2.01,3.56,1.79,100.22
20180602,0.88,5.4098,3.8345,2.3167,0.58,28.05,28.98,27.05,71.25,1.99,2.76,1.79,100.06
20180603,1.39,5.8008,5.7029,1.7033,0.62,27.97,28.59,27.44,77.23,1.29,2.24,1.15,99.97
20180604,1.1,5.3966,3.864,2.3434,0.58,27.97,28.56,27.58,79.72,1.67,2.43,1.51,99.96
20180605,1.32,5.6203,4.7472,2.0155,0.61,28.14,28.91,27.65,78.54,1.16,2.33,1.03,100.05
20180606,1.75,5.3832,4.5487,2.0669,0.58,28.27,28.88,27.62,79.61,2.02,2.79,1.79,100.1
20180607,3.28,5.1826,3.8755,2.1382,0.56,28.04,28.38,27.74,81.36,2.94,3.89,2.57,100.09
20180608,1.64,5.1154,2.8308,2.6071,0.55,28.29,29.01,27.78,77.6,2.69,3.23,2.36,100.12
20180609,1.26,4.7602,1.9663,2.8248,0.52,27.87,28.4,27.35,80.87,2.39,4.37,2.11,100.09
20180610,0.27,4.9625,1.8238,2.8435,0.54,28.0,28.75,27.38,76.24,0.97,2.07,0.86,100.17
20180611,1.15,5.5642,3.8849,2.5337,0.6,27.92,28.43,27.41,79.99,1.88,3.04,1.68,100.2
20180612,2.41,4.7952,1.9183,2.5747,0.52,27.99,28.44,27.64,81.85,1.77,2.57,1.6,100.12
20180613,7.3,4.2977,1.2214,2.6806,0.47,28.07,28.47,27.7,81.69,1.44,2.57,1.31,100.07
20180614,9.4,3.9036,1.6973,2.2601,0.42,27.73,28.14,27.37,84.15,3.6,5.21,3.15,100.1
20180615,4.72,4.4664,0.8467,3.2722,0.49,26.9,27.57,26.24,78.31,2.08,3.68,1.83,100.22
20180616,1.91,5.1007,3.2395,2.5082,0.55,27.69,28.22,27.3,77.48,2.21,3.23,1.94,100.07
20180617,5.5,4.3992,0.9991,3.1913,0.48,27.31,27.65,26.96,83.41,1.79,3.39,1.57,100.04
20180618,5.21,3.0996,0.4896,2.2366,0.34,26.48,26.98,26.22,84.52,3.45,4.81,3.03,100.1
20180619,1.84,4.704,1.3594,3.2753,0.51,27.18,27.93,26.36,81.11,2.59,3.83,2.3,100.08
20180620,3.5,4.8806,2.4204,3.0559,0.53,27.3,28.01,26.47,81.13,2.63,3.99,2.35,100.15
20180621,7.3,4.6682,1.889,2.5541,0.51,28.62,29.96,27.79,74.9,1.79,4.06,1.56,100.1
20180622,11.56,4.217,1.7563,2.5301,0.46,27.81,28.51,27.38,81.91,3.27,6.78,2.84,100.1
20180623,27.37,3.5282,0.6862,2.3311,0.38,26.59,27.23,26.27,88.5,6.32,8.67,5.39,100.12
20180624,39.3,4.1222,0.7786,2.8402,0.45,26.37,26.76,26.08,82.54,4.35,8.7,3.76,100.17
20180625,5.01,4.2734,1.2355,2.5872,0.47,26.78,27.6,25.99,77.07,2.67,3.99,2.37,100.16
20180626,2.44,4.7839,1.3728,2.8603,0.52,27.67,28.81,26.25,72.05,1.8,2.65,1.61,100.08
20180627,3.6,3.9881,0.9362,2.7156,0.43,27.54,28.03,26.76,72.57,1.21,2.37,1.08,100.08
20180628,5.26,4.7873,3.0535,2.2188,0.52,27.35,27.86,27.1,77.94,2.1,3.57,1.86,100.06
20180629,8.9,4.5238,1.7839,2.5656,0.49,26.64,27.35,26.0,78.16,1.64,2.95,1.46,100.07
20180630,7.38,4.7722,1.8214,2.6947,0.52,26.96,27.58,26.0,77.02,2.06,2.85,1.81,100.07
20180701,3.92,3.5374,1.0428,2.5462,0.38,27.55,28.27,26.58,72.73,1.23,2.85,1.1,100.11
20180702,4.12,4.3433,2.0477,2.4595,0.47,27.6,28.34,27.0,75.67,1.91,2.76,1.68,100.11
20180703,3.79,4.7698,1.883,2.6746,0.52,27.13,27.76,26.67,78.37,1.68,2.86,1.5,100.1
20180704,2.22,5.579,4.1791,2.1965,0.61,27.3,27.87,26.82,79.71,2.16,2.87,1.9,100.13
20180705,10.31,5.2265,3.4159,2.2942,0.57,27.21,27.91,26.62,81.44,2.69,3.93,2.36,100.13
20180706,1.51,3.827,0.4178,2.5927,0.41,27.05,27.41,26.47,81.12,1.95,2.4,1.67,99.96
20180707,1.82,3.9326,1.5319,2.1986,0.43,27.47,27.86,27.22,79.1,2.1,2.57,1.82,99.88
20180708,4.62,4.3778,2.1926,2.5073,0.47,27.42,27.86,27.0,81.69,2.55,3.21,2.23,99.9
20180709,16.22,3.8429,0.5126,2.6822,0.42,27.41,28.2,26.6,82.9,3.24,5.88,2.81,100.0
20180710,13.03,2.483,0.0468,1.8648,0.27,26.09,26.5,25.65,84.2,2.91,4.88,2.57,100.16
20180711,1.44,4.2247,0.7711,2.8051,0.46,27.09,27.92,25.97,78.01,1.4,2.48,1.22,100.07
20180712,0.33,5.1881,3.474,2.3604,0.56,27.64,28.26,27.17,76.52,2.49,2.93,2.16,100.04
20180713,1.96,5.8368,5.1943,2.0587,0.63,27.24,27.62,26.89,80.5,3.09,3.88,2.71,100.0
20180714,7.3,5.2414,3.6062,2.8222,0.56,27.13,27.83,26.7,81.35,4.21,4.81,3.66,100.05
20180715,7.44,4.4218,1.483,2.946,0.47,27.13,27.82,26.67,79.53,3.52,4.39,3.08,100.08
20180716,0.67,5.7302,4.9207,2.2877,0.61,27.61,28.45,26.73,77.97,3.92,4.68,3.41,99.94
20180717,3.04,5.6947,4.823,2.0503,0.61,27.27,27.97,26.55,81.04,2.98,3.38,2.63,99.94
20180718,9.39,4.6997,1.9901,2.7535,0.5,27.24,27.87,26.34,83.13,3.51,4.95,3.06,99.99
20180719,9.08,3.7039,0.6259,2.4156,0.4,27.29,28.12,26.34,81.55,3.73,4.9,3.23,100.06
20180720,3.68,4.8742,2.7838,2.2946,0.52,26.83,27.5,26.38,82.02,2.43,3.03,2.14,100.14
20180721,10.12,5.0191,2.7377,2.6566,0.53,27.12,27.58,26.26,83.9,5.34,7.42,4.55,100.21
20180722,0.69,6.0427,5.0904,2.1775,0.64,27.65,28.12,27.02,73.96,2.63,5.37,2.28,100.23
20180723,0.87,5.2042,3.3874,2.431,0.55,27.74,28.44,27.38,78.04,2.46,2.87,2.17,100.06
20180724,4.41,4.3303,1.5612,2.4626,0.46,27.47,27.98,26.93,80.92,1.4,1.94,1.24,100.05
20180725,10.16,3.8143,0.4006,2.7118,0.4,27.29,27.93,26.72,80.4,1.86,2.61,1.63,100.11
20180726,5.87,5.0503,3.4176,2.2526,0.53,27.54,28.5,26.63,79.22,1.98,2.71,1.76,100.08
20180727,3.1,3.605,1.339,2.1158,0.38,27.28,27.77,26.6,85.06,2.85,4.79,2.43,100.06
20180728,16.98,5.0335,3.5722,2.3047,0.53,26.77,27.35,26.41,86.07,2.83,3.67,2.49,100.08
20180729,7.97,4.4491,0.8628,3.0086,0.47,26.99,27.13,26.67,86.95,4.21,5.41,3.62,100.05
20180730,32.03,4.909,1.9838,2.885,0.52,26.62,26.81,26.44,87.36,5.79,6.81,4.93,100.11
20180731,6.32,4.9716,2.3112,2.7312,0.52,26.53,26.86,26.21,84.98,4.13,6.12,3.58,100.15
20180801,7.45,3.9319,0.6113,2.7257,0.41,26.65,27.13,26.12,81.64,2.0,2.78,1.76,100.3
20180802,0.85,3.9588,1.5679,2.3482,0.41,26.89,27.62,25.76,80.31,3.55,5.02,3.1,100.35
20180803,0.63,5.1425,2.9513,2.592,0.54,27.67,28.33,26.79,80.58,5.12,6.22,4.39,100.14
20180804,12.63,3.9703,1.3435,2.1857,0.41,27.58,28.01,27.2,81.37,4.59,5.03,3.96,100.11
20180805,10.74,3.3862,0.2335,2.4446,0.35,26.83,27.14,26.62,83.26,3.72,4.48,3.25,100.19
20180806,12.88,5.4958,3.3206,2.5963,0.57,26.74,27.39,26.03,83.25,2.86,3.39,2.52,100.11
20180807,5.6,4.037,0.1414,3.0228,0.42,26.35,27.3,25.74,82.06,2.46,3.65,2.17,100.09
20180808,3.85,3.9672,0.2016,2.9681,0.41,26.44,27.07,25.65,80.61,1.73,2.41,1.55,100.07
20180809,0.83,5.1617,1.8014,2.9743,0.53,26.59,27.0,26.01,79.93,1.43,1.98,1.25,100.21
20180810,0.24,5.7384,3.6574,2.9297,0.59,27.28,27.91,26.54,76.53,1.73,2.7,1.51,100.25
20180811,0.14,6.2983,4.9819,2.4425,0.65,27.73,28.36,27.21,72.23,1.97,3.17,1.72,100.14
20180812,1.99,5.5481,3.8947,2.4866,0.57,27.25,27.5,26.8,78.76,2.31,2.84,2.03,100.12
20180813,0.91,6.4241,5.6683,2.1895,0.66,27.47,28.07,26.79,77.09,1.64,2.58,1.43,100.13
20180814,0.84,6.3199,5.3278,2.1648,0.65,27.58,28.38,26.92,78.56,2.03,2.73,1.81,100.07
20180815,1.32,5.6616,4.0466,2.2675,0.58,27.32,27.94,26.63,80.29,1.31,2.34,1.14,100.04
20180816,1.37,5.5596,3.6888,2.3902,0.57,27.55,28.38,26.87,80.3,1.65,2.35,1.46,99.94
20180817,6.03,4.8389,2.0904,2.5435,0.49,27.54,28.18,26.92,79.23,2.27,2.82,1.98,99.96
20180818,2.36,5.6239,3.6223,2.5356,0.57,27.68,28.34,27.01,76.96,1.92,2.25,1.68,99.92
20180819,1.14,5.6251,3.9782,2.311,0.57,27.72,28.49,27.2,78.89,1.89,3.58,1.68,99.96
20180820,1.65,5.1566,2.9326,2.4074,0.52,27.71,28.18,27.04,79.76,2.5,3.38,2.19,100.04
20180821,7.84,4.0963,1.8185,2.1314,0.41,27.66,28.18,27.31,81.63,3.35,5.32,2.91,100.02
20180822,19.2,3.2074,0.8321,2.2073,0.32,27.97,28.45,27.32,82.25,7.02,8.81,5.91,100.07
20180823,3.18,4.5002,2.4026,2.5783,0.45,27.88,28.75,27.03,77.29,4.63,5.87,3.99,100.2
20180824,8.79,2.9962,0.9991,1.8403,0.3,27.17,27.59,26.81,80.55,2.62,3.66,2.31,100.16
20180825,4.21,4.8338,1.3049,3.1913,0.49,27.7,28.49,26.95,72.09,1.97,3.61,1.73,100.07
20180826,1.5,6.6566,5.875,2.0654,0.67,27.56,28.1,27.07,77.56,1.72,2.2,1.53,100.02
20180827,3.72,5.6534,3.246,2.5176,0.57,27.59,28.02,27.2,77.57,1.89,3.52,1.65,100.13
20180828,14.22,2.9522,0.1702,2.148,0.29,26.31,27.15,25.93,81.93,2.34,4.02,2.06,100.28
20180829,4.89,4.8883,2.1583,2.6719,0.49,27.56,28.49,26.88,76.1,3.11,4.02,2.74,100.15
20180830,6.15,5.4271,3.4462,2.279,0.54,27.45,28.46,26.63,79.21,2.71,4.25,2.39,100.08
20180831,16.04,4.2151,0.5633,2.999,0.42,26.23,27.03,25.72,76.81,2.06,3.42,1.81,100.25
20180901,0.82,5.7079,3.3953,2.7545,0.57,27.61,28.64,26.21,67.63,1.74,2.74,1.54,100.24
20180902,3.31,5.6945,3.4202,2.6546,0.56,27.25,27.69,26.77,75.99,1.91,2.72,1.69,100.21
20180903,3.25,4.9536,2.3832,2.6566,0.49,26.74,27.11,26.42,78.92,2.1,3.05,1.87,100.27
20180904,4.02,5.0914,1.6159,3.1478,0.5,26.51,27.2,25.71,77.81,2.67,3.09,2.34,100.34
20180905,12.96,5.1962,2.0554,3.0701,0.51,26.63,27.26,25.56,78.51,2.1,3.37,1.84,100.18
20180906,18.42,4.5845,1.9202,2.4067,0.45,26.84,27.37,26.19,82.37,3.37,5.79,2.93,100.04
20180907,4.23,3.9737,1.3836,2.4547,0.39,26.99,27.81,26.23,73.01,2.16,3.7,1.92,100.11
20180908,11.73,4.3654,0.3972,3.0161,0.43,26.28,27.31,25.89,83.48,2.45,3.59,2.17,100.12
20180909,7.97,3.8033,0.3334,2.6894,0.37,26.5,27.23,25.78,83.11,3.53,4.62,3.09,100.22
20180910,3.72,5.9537,4.5422,2.3496,0.58,26.77,27.37,26.03,78.0,2.33,4.15,2.07,100.34
20180911,4.38,2.9009,0.2246,2.1204,0.28,27.23,27.65,26.68,76.07,1.43,2.43,1.3,100.31
20180912,9.03,5.5039,3.9718,2.2301,0.54,26.97,27.51,26.58,85.35,3.12,4.7,2.73,100.13
20180913,18.94,5.0558,2.8325,2.5262,0.49,26.68,26.92,26.45,84.25,3.32,5.72,2.88,100.12
20180914,11.2,3.8808,0.9094,2.4814,0.38,27.28,27.64,26.77,83.01,5.62,6.37,4.78,100.04
20180915,12.65,4.5365,0.6607,3.0967,0.44,27.52,27.99,27.06,81.22,5.38,5.74,4.6,100.0
20180916,4.94,3.6595,0.3082,2.4929,0.36,27.15,27.63,26.68,82.17,5.47,5.98,4.67,99.96
20180917,2.71,4.903,1.0284,3.4673,0.48,27.1,28.04,26.42,81.18,4.69,5.81,4.05,99.99
20180918,14.7,3.8942,0.6874,2.6532,0.38,26.93,27.5,26.22,83.79,3.53,5.09,3.09,100.06
20180919,30.4,3.9967,1.0306,2.3414,0.39,26.62,27.16,26.16,84.74,4.02,5.6,3.51,100.1
20180920,18.93,3.474,0.6302,2.3422,0.34,27.08,27.9,26.29,82.17,2.67,3.87,2.39,100.01
20180921,7.47,3.2422,0.0809,2.4355,0.31,27.47,28.15,26.78,81.1,2.22,3.19,1.98,100.07
20180922,12.74,5.2831,2.9477,2.5296,0.51,27.83,28.9,27.06,79.12,2.22,3.59,1.99,100.18
20180923,11.82,4.8893,2.97,2.0854,0.47,27.04,27.71,26.27,85.69,2.48,3.53,2.21,100.22
20180924,13.6,4.5266,1.7285,2.5406,0.44,26.15,26.72,25.42,80.34,1.53,2.37,1.38,100.22
20180925,3.18,5.3594,2.4739,2.7722,0.52,26.87,27.96,25.87,79.3,2.29,3.54,2.01,100.09
20180926,44.51,3.7318,0.8436,2.2181,0.36,26.41,27.14,25.89,87.83,3.58,5.07,3.14,100.05
20180927,3.77,5.0256,2.4175,2.5046,0.49,26.89,27.58,25.87,86.55,2.99,3.87,2.65,100.0
20180928,16.5,5.436,3.0348,2.603,0.53,28.08,29.19,27.45,82.18,1.8,2.56,1.6,99.91
20180929,21.93,4.907,0.7397,3.288,0.47,27.29,27.63,26.8,87.89,3.45,6.18,2.99,99.85
20180930,1.94,4.6452,0.7313,3.0473,0.45,27.66,28.54,27.02,83.92,5.88,6.88,5.0,99.89
20181001,4.84,4.4741,1.2173,2.7907,0.43,27.29,28.06,26.68,86.19,5.02,6.1,4.33,99.96
20181002,43.1,4.4966,1.5715,2.6614,0.43,26.69,27.07,26.18,83.02,3.78,8.3,3.24,100.03
20181003,17.83,4.0166,1.1256,2.3628,0.39,26.67,27.11,26.12,86.26,2.62,3.62,2.3,100.04
20181004,17.11,2.8558,0.175,2.0278,0.28,26.63,26.93,26.13,89.08,2.89,4.07,2.54,100.02
20181005,13.5,4.6582,0.7224,3.3485,0.45,27.08,27.76,26.56,84.2,1.74,2.32,1.55,100.04
20181006,9.6,4.5377,0.6614,3.2014,0.44,27.16,27.95,26.62,84.12,2.06,3.36,1.89,100.05
20181007,9.08,4.5773,1.4813,2.8027,0.44,27.39,28.17,26.53,82.89,2.1,3.27,1.91,100.02
20181008,17.21,4.0706,0.9074,2.4252,0.39,27.23,28.3,26.49,83.13,2.39,3.99,2.14,100.0
20181009,15.64,4.699,0.4795,3.3905,0.45,26.15,26.63,25.49,85.16,3.2,4.11,2.88,100.05
20181010,12.31,4.7599,2.1492,2.5639,0.46,25.98,26.39,25.46,86.05,1.74,2.44,1.61,100.05
20181011,54.01,4.0752,0.7819,2.5046,0.39,26.08,26.76,25.39,89.25,4.11,5.04,3.58,100.11
20181012,74.38,2.7816,0.084,2.0208,0.27,25.79,26.18,25.44,89.74,5.65,7.59,4.82,100.28
20181013,2.23,5.2282,1.5307,3.2453,0.5,25.43,25.94,24.89,84.29,2.09,3.67,1.84,100.35
20181014,1.57,4.3282,0.4303,2.8946,0.42,25.81,26.79,24.6,80.75,1.58,2.86,1.43,100.32
20181015,10.21,4.495,1.5696,2.5114,0.43,26.01,26.52,25.32,84.89,2.92,4.0,2.56,100.3
20181016,10.67,3.6425,0.2186,2.7161,0.35,25.93,26.25,25.72,90.69,4.46,5.73,3.86,100.2
20181017,63.47,4.5938,1.625,2.4746,0.44,25.8,26.59,25.0,89.57,4.37,6.76,3.75,100.16
20181018,31.91,5.137,1.9702,2.7432,0.5,25.4,25.93,24.87,87.62,4.5,6.15,3.85,100.26
20181019,0.56,5.6942,3.8477,2.243,0.55,26.12,26.96,25.06,76.46,1.76,2.58,1.56,100.28
20181020,0.83,5.6179,3.7339,2.3086,0.54,26.95,27.87,26.2,78.11,1.93,2.69,1.72,100.22
20181021,3.63,4.08,1.3757,2.363,0.39,26.91,27.58,26.38,83.58,1.51,2.57,1.36,100.2
20181022,8.82,4.6078,1.937,2.4074,0.45,27.07,28.23,26.19,83.32,2.15,3.87,1.91,100.18
20181023,28.97,3.7214,1.6663,1.9925,0.36,26.32,27.19,24.84,87.26,3.27,5.16,2.86,100.21
20181024,2.15,4.8326,2.1482,2.4708,0.47,25.96,27.2,24.29,78.13,1.93,2.75,1.73,100.28
20181025,2.03,5.0369,2.5541,2.5296,0.49,27.03,27.75,26.47,80.41,2.63,3.96,2.33,100.25
20181026,3.12,5.0362,1.8391,2.7835,0.49,26.69,27.1,26.0,82.61,1.75,3.0,1.57,100.24
20181027,7.12,4.0027,0.4807,2.8997,0.39,26.78,27.12,26.32,83.41,2.14,2.61,1.92,100.21
20181028,5.23,4.3318,1.9265,2.195,0.42,26.97,27.38,26.59,80.02,1.98,2.84,1.72,100.13
20181029,3.92,5.2234,2.4475,2.5524,0.51,27.29,28.53,26.35,79.95,2.25,3.68,1.99,100.01
20181030,22.73,4.0025,0.8993,2.8039,0.39,27.06,27.53,26.76,87.46,3.37,4.46,2.93,99.95
20181031,14.32,3.8642,0.5698,2.5207,0.38,26.87,27.23,26.53,85.51,2.42,3.67,2.17,99.97
20181101,14.92,4.0519,1.637,2.2548,0.4,26.57,26.85,26.34,86.06,2.09,3.95,1.88,99.92
20181102,134.3,3.5626,0.3185,2.4367,0.35,26.51,27.17,26.07,88.15,2.41,6.09,2.1,100.0
20181103,13.49,5.4828,2.6045,2.8843,0.54,26.92,27.84,26.06,85.39,3.66,6.39,3.18,100.05
20181104,12.73,4.2269,0.4733,2.9813,0.41,27.08,28.21,26.06,86.36,1.68,2.59,1.56,99.97
20181105,17.97,4.7998,2.1804,2.855,0.47,27.31,28.12,26.56,83.79,2.62,3.43,2.36,99.96
20181106,13.36,4.254,0.3408,3.0898,0.42,26.16,26.43,25.83,87.41,3.53,5.08,3.08,100.01
20181107,12.93,4.3668,0.9787,3.006,0.43,26.06,26.51,25.58,85.76,1.83,2.46,1.61,100.08
20181108,14.49,4.3567,0.853,3.1812,0.43,26.18,26.9,25.44,86.11,2.86,4.08,2.5,100.0
20181109,24.71,3.9895,0.5114,2.9575,0.39,26.0,26.4,25.64,88.06,3.29,3.84,2.88,100.02
20181110,6.42,5.4996,2.8375,3.4658,0.54,26.32,27.24,25.38,81.88,1.61,2.62,1.42,100.09
20181111,11.16,4.68,0.947,3.2062,0.46,26.87,27.67,26.15,82.65,2.73,4.0,2.39,100.12
20181112,20.13,3.311,0.2573,2.4259,0.33,26.24,26.77,25.71,85.95,3.19,4.61,2.81,100.12
20181113,21.83,3.6854,0.6377,2.6117,0.36,26.37,27.22,25.58,85.39,4.34,7.26,3.75,100.03
20181114,8.13,4.6078,1.1035,3.0948,0.45,26.39,27.1,25.45,82.08,2.09,3.14,1.85,100.0
20181115,6.07,4.8329,0.8112,3.5273,0.48,26.92,27.64,26.24,78.69,2.66,4.13,2.34,100.11
20181116,2.12,6.025,4.7201,2.3374,0.6,27.39,28.13,26.78,77.59,1.56,2.05,1.4,100.13
20181117,3.75,4.7021,1.8727,2.6107,0.47,27.08,27.67,26.53,82.51,2.22,2.66,1.97,100.18
20181118,8.26,4.6632,1.9253,2.5205,0.46,26.61,27.16,25.99,83.53,1.96,2.99,1.75,100.26
20181119,17.29,4.2302,1.1678,2.8044,0.42,25.8,26.22,25.42,86.1,2.59,4.62,2.29,100.31
20181120,6.34,5.059,2.8764,2.4067,0.5,26.6,27.57,25.51,81.53,2.84,4.5,2.5,100.26
20181121,13.4,4.8713,3.0166,2.3542,0.48,26.48,26.84,25.83,83.14,2.54,3.11,2.25,100.26
20181122,13.67,4.2353,1.3728,2.7062,0.42,26.49,27.32,25.41,76.09,1.64,3.42,1.42,100.36
20181123,6.98,4.9243,2.2654,2.5867,0.49,26.76,27.32,26.28,75.13,1.94,3.41,1.67,100.39
20181124,5.51,5.4775,4.1189,2.4466,0.55,26.87,27.81,25.8,80.35,2.66,3.57,2.33,100.33
20181125,11.29,4.655,1.5187,2.8699,0.46,26.97,27.49,26.35,82.9,2.97,3.44,2.6,100.26
20181126,2.3,4.7755,1.4246,3.319,0.48,26.99,27.62,26.34,81.97,2.26,3.13,1.99,100.22
20181127,0.52,5.4026,3.2165,2.7223,0.54,27.03,27.5,26.5,80.99,1.74,2.41,1.56,100.2
20181128,1.39,4.0591,1.0226,2.585,0.41,27.76,28.6,27.08,77.88,1.94,3.74,1.75,100.15
20181129,12.4,3.3022,0.4562,2.1506,0.33,27.19,27.82,26.79,84.27,2.41,3.97,2.15,100.18
20181130,53.71,4.0313,0.7687,2.6494,0.4,26.48,26.84,26.09,84.42,2.33,4.59,2.08,100.25
20181201,7.66,5.1866,2.8114,2.653,0.52,26.45,27.22,25.51,83.08,1.64,2.8,1.46,100.11
20181202,5.86,5.1977,2.2963,2.857,0.52,27.03,28.04,26.14,79.06,1.86,2.66,1.67,100.02
20181203,4.59,4.8401,1.7256,2.7854,0.49,27.32,28.42,26.1,78.91,1.9,3.46,1.72,99.99
20181204,8.03,4.1863,1.3253,2.6592,0.42,27.64,28.17,27.2,82.54,2.56,3.62,2.29,99.94
20181205,15.79,5.2639,1.7518,3.6346,0.53,26.84,27.3,26.53,86.56,3.26,5.32,2.84,99.94
20181206,10.26,5.1542,1.8334,3.4615,0.52,26.92,27.61,26.15,84.02,2.81,4.1,2.49,99.89
20181207,3.23,5.196,2.837,3.2474,0.52,27.09,27.69,26.11,76.65,2.67,3.95,2.36,99.99
20181208,6.86,4.9942,1.0841,3.5738,0.5,27.3,28.07,26.59,78.59,2.59,3.78,2.28,100.04
20181209,12.62,5.25,2.4125,2.9232,0.53,27.17,27.63,26.77,79.69,1.58,2.5,1.4,100.0
20181210,12.88,4.2605,0.5018,3.1193,0.43,26.23,26.75,25.66,85.36,1.58,2.13,1.39,100.04
20181211,25.75,4.6529,0.457,3.4222,0.47,26.46,27.08,25.69,86.31,2.7,4.68,2.38,100.11
20181212,17.98,4.5473,0.9797,3.2138,0.46,26.42,26.87,25.98,87.6,3.6,4.51,3.16,100.17
20181213,20.29,4.4114,1.3111,2.927,0.44,26.37,26.88,25.52,87.39,4.32,7.02,3.73,100.21
20181214,21.11,5.009,1.3375,3.3127,0.5,26.28,26.81,25.85,83.3,5.68,7.6,4.85,100.3
20181215,0.45,4.6769,1.8154,2.8279,0.47,27.15,28.21,25.54,76.34,2.67,3.91,2.36,100.21
20181216,2.79,5.7571,3.8971,2.7821,0.58,27.56,28.23,27.02,77.17,1.91,2.76,1.68,100.19
20181217,0.96,4.788,1.5343,3.1865,0.48,27.48,28.1,27.0,81.51,3.01,3.99,2.67,100.22
20181218,1.61,5.3887,4.1546,2.2267,0.54,27.9,29.04,27.03,78.82,4.32,6.08,3.72,100.22
20181219,1.75,4.5962,1.327,2.9978,0.46,27.57,28.02,27.02,79.16,3.91,4.78,3.4,100.31
20181220,1.89,5.4322,3.1375,2.7106,0.55,27.98,28.98,27.3,73.69,1.71,2.99,1.53,100.2
20181221,4.05,5.3714,2.5735,3.1582,0.54,27.93,28.76,27.19,78.18,2.99,3.95,2.64,100.12
20181222,9.48,4.8312,1.8122,2.9352,0.49,27.71,28.1,27.37,81.8,3.64,4.1,3.18,100.11
20181223,14.96,4.345,0.2815,3.1822,0.44,26.98,27.44,26.44,77.95,2.29,4.16,2.03,100.18
20181224,1.06,4.7863,3.0473,2.3885,0.48,26.93,27.44,26.5,76.93,2.31,2.71,2.06,100.15
20181225,0.65,5.665,4.3145,2.3518,0.57,27.31,28.08,26.33,76.86,3.73,4.8,3.23,100.18
20181226,1.71,5.5291,4.9735,2.2205,0.56,27.45,28.1,26.66,77.32,3.91,4.37,3.38,100.15
20181227,7.41,5.0887,2.0921,3.2088,0.51,27.41,27.82,27.02,79.46,3.41,3.83,2.97,100.11
20181228,5.46,4.8175,1.7069,3.0372,0.48,27.19,27.81,26.73,80.37,1.86,2.8,1.64,100.1
20181229,0.91,5.2032,2.2505,2.9546,0.52,27.34,27.86,26.59,75.42,1.38,2.17,1.21,100.22
20181230,0.93,5.2111,3.4442,2.4036,0.52,27.84,28.47,27.33,73.48,1.82,3.22,1.58,100.3
20181231,5.31,4.0966,0.3278,3.0814,0.41,27.03,27.41,26.69,82.46,2.38,4.45,2.09,100.34
20190101,18.09,5.0959,2.4211,2.9945,0.51,26.82,27.1,26.45,86.92,4.31,5.13,3.75,100.36
20190102,21.08,4.1597,1.8415,2.2454,0.42,26.89,27.38,26.32,77.35,3.16,5.94,2.74,100.39
20190103,13.37,4.441,3.0684,2.0748,0.45,26.97,27.36,26.49,83.87,3.1,3.74,2.71,100.36
20190104,21.63,3.2616,0.2314,2.3561,0.33,26.85,27.21,26.33,83.55,2.78,3.37,2.43,100.33
20190105,2.77,5.5783,4.5682,2.231,0.56,27.01,27.82,26.12,81.19,1.99,2.89,1.75,100.23
20190106,2.85,4.9646,3.1781,2.4048,0.5,27.46,28.22,26.64,81.35,2.4,4.29,2.1,100.12
20190107,32.89,3.337,0.4003,2.1665,0.33,27.35,27.86,26.69,84.56,3.22,5.8,2.87,100.1
20190108,52.93,3.0422,0.5587,2.153,0.3,27.5,27.93,27.17,83.7,1.97,2.61,1.82,100.15
20190109,21.24,4.7837,2.9194,2.4581,0.48,27.81,28.75,26.95,77.64,1.52,2.95,1.37,100.12
20190110,14.46,4.4664,2.1276,2.563,0.45,27.47,28.05,26.98,81.63,1.46,2.72,1.37,100.1
20190111,35.41,4.7158,1.615,2.874,0.47,27.07,27.51,26.61,83.17,1.45,2.3,1.33,100.08
20190112,6.45,3.9974,0.5803,2.7406,0.4,27.03,27.67,26.25,79.64,1.97,2.83,1.73,100.12
20190113,3.33,4.4808,2.1274,2.3957,0.45,26.84,27.52,25.66,82.55,2.39,3.75,2.09,100.12
20190114,19.0,4.1902,1.056,2.4706,0.42,26.14,26.81,25.06,84.28,2.73,4.68,2.42,100.08
20190115,15.71,4.7926,1.8828,2.6376,0.48,26.95,27.49,26.16,87.93,6.14,7.98,5.21,100.07
20190116,7.38,4.3358,0.3809,3.144,0.43,26.94,27.28,26.4,82.82,4.22,7.25,3.67,100.11
20190117,1.2,5.6942,3.6994,2.623,0.56,27.6,28.58,26.7,80.6,3.14,3.81,2.78,99.99
20190118,5.31,4.0649,0.468,2.9052,0.4,26.7,27.34,26.31,84.55,2.49,3.13,2.24,99.99
20190119,6.34,5.0762,2.5862,3.5124,0.5,26.8,27.49,25.95,83.85,1.41,2.26,1.28,99.98
20190120,6.78,3.7243,0.4212,2.6899,0.37,27.11,27.41,26.66,86.67,4.0,6.16,3.49,100.09
20190121,22.45,3.7116,0.6041,2.3983,0.37,26.51,26.6,26.41,86.17,5.29,5.96,4.55,100.23
20190122,1.57,5.6196,2.8435,2.8543,0.55,27.96,29.42,26.38,79.01,4.91,5.65,4.22,100.15
20190123,5.39,4.4047,1.4849,2.6702,0.43,28.29,29.43,27.44,79.19,2.44,3.62,2.2,100.09
20190124,10.39,4.7851,1.7621,2.6388,0.47,27.42,28.01,26.7,82.74,3.03,7.38,2.66,100.16
20190125,3.14,4.884,1.363,3.1387,0.48,27.25,28.25,25.96,76.73,1.48,2.79,1.31,100.24
20190126,2.02,5.3825,2.5397,3.0874,0.53,28.5,29.54,27.69,72.31,1.4,2.98,1.24,100.14
20190127,6.26,3.3485,0.4399,2.2694,0.33,28.16,28.71,27.29,77.49,2.82,4.1,2.49,100.19
20190128,1.39,4.9063,3.7711,2.0398,0.48,28.09,28.64,27.28,72.56,2.04,2.85,1.83,100.19
20190129,2.16,4.1275,0.36,2.9515,0.4,28.43,29.31,27.51,73.87,1.45,2.89,1.34,100.15
20190130,6.1,4.403,2.6546,2.1149,0.43,28.35,29.42,27.44,78.05,1.74,3.13,1.58,100.15
20190131,1.92,5.5747,3.6742,2.5044,0.54,28.22,29.39,27.14,79.01,3.33,4.45,2.94,100.19
20190201,1.49,5.0928,3.3317,2.3477,0.5,28.11,28.9,27.42,78.4,3.44,3.85,3.03,100.16
20190202,4.72,4.5835,2.4254,2.3366,0.45,27.74,28.14,27.16,79.79,2.4,3.68,2.14,100.1
20190203,27.53,2.4998,0.3434,1.7736,0.24,26.17,27.49,25.55,81.96,2.0,2.79,1.81,100.24
20190204,25.43,2.4288,0.1049,1.8101,0.24,26.13,26.98,25.09,86.43,3.56,4.25,3.16,100.32
20190205,12.03,4.9181,2.2872,2.6981,0.48,26.62,27.35,25.55,78.34,1.74,3.4,1.55,100.33
20190206,3.76,4.8091,2.5164,2.3292,0.47,27.7,28.79,26.83,77.81,2.33,3.99,2.06,100.13
20190207,17.66,5.0414,2.3796,2.6189,0.49,27.33,27.68,26.99,81.2,2.42,3.26,2.11,100.16
20190208,4.08,3.9626,0.5832,2.663,0.38,26.99,27.46,26.43,79.75,1.36,2.1,1.2,100.25
20190209,9.75,4.8545,2.023,2.5824,0.47,27.02,27.47,26.48,82.89,2.93,5.09,2.56,100.27
20190210,9.2,4.5996,0.6127,3.1906,0.44,27.5,28.47,26.63,77.89,1.74,2.4,1.57,100.33
20190211,5.42,5.3304,2.3062,2.8428,0.51,27.65,28.45,26.76,80.27,1.77,3.32,1.6,100.26
20190212,9.46,4.4806,2.3916,2.3546,0.43,27.44,27.85,27.08,81.62,1.64,2.72,1.48,100.37
20190213,1.04,5.6194,3.4714,2.653,0.54,29.03,30.57,27.6,72.45,2.06,3.57,1.81,100.26
20190214,4.46,3.8234,2.1062,2.0141,0.37,28.71,29.74,28.08,77.32,1.93,3.76,1.71,100.15
20190215,102.65,2.7634,0.2642,1.8934,0.27,27.48,28.03,27.04,86.35,2.71,4.12,2.44,100.22
20190216,9.86,4.6313,1.2235,2.8099,0.44,27.99,28.8,26.97,74.41,1.93,2.61,1.69,100.29
20190217,6.26,4.681,1.2895,2.7967,0.45,27.35,28.03,26.64,77.94,1.45,2.12,1.28,100.28
20190218,0.48,5.1854,2.041,2.8212,0.5,27.54,28.36,26.68,77.07,1.9,2.86,1.7,100.22
20190219,1.04,5.2922,3.432,2.37,0.51,28.12,28.94,27.4,78.68,2.68,3.75,2.37,100.2
20190220,5.73,4.7009,0.6797,3.1925,0.45,27.91,28.6,26.79,80.87,2.58,4.57,2.27,100.26
20190221,3.08,3.1704,1.0709,1.9771,0.3,27.58,28.73,25.51,80.36,2.09,3.51,1.89,100.23
20190222,22.0,5.3527,3.1294,2.4346,0.51,27.89,28.49,27.13,81.92,3.04,4.21,2.7,100.22
20190223,5.25,4.7947,1.789,3.2659,0.46,27.7,28.59,26.49,80.94,2.34,3.29,2.11,100.04
20190224,3.34,5.1835,1.3042,3.3182,0.49,27.62,28.0,27.19,82.42,2.12,2.8,1.9,100.02
20190225,1.16,5.9364,3.5575,2.7214,0.57,28.34,29.48,26.52,77.62,1.57,2.89,1.44,99.96
20190226,8.03,5.1482,3.0962,2.4266,0.49,29.37,30.79,28.17,74.35,1.94,2.82,1.73,99.79
20190227,30.57,4.2214,1.7717,2.4516,0.4,28.15,29.04,27.3,84.12,2.92,5.65,2.58,99.78
20190228,22.09,4.0855,2.4859,2.2375,0.39,28.06,29.01,27.3,85.61,3.51,6.64,3.11,99.84
20190301,73.43,4.8346,1.9205,2.6592,0.46,27.46,28.1,26.75,87.14,4.12,5.54,3.62,99.97
20190302,5.56,5.5394,2.2344,2.8632,0.53,27.6,28.33,27.16,81.12,2.77,6.14,2.41,99.98
20190303,16.34,4.4266,0.804,2.8375,0.42,27.69,28.21,27.02,83.74,3.09,3.72,2.7,99.92
20190304,37.26,4.9421,1.3958,2.8783,0.47,27.2,27.75,26.56,81.89,3.43,6.5,2.98,99.95
20190305,17.79,3.8638,0.4642,2.7094,0.37,27.28,27.83,26.39,83.47,4.95,6.59,4.27,100.12
20190306,0.97,5.9851,3.8213,2.7698,0.57,28.87,30.17,27.65,70.23,2.6,4.27,2.33,100.11
20190307,5.6,4.9457,0.9646,3.0886,0.47,28.58,29.43,27.88,78.56,2.74,4.1,2.43,100.16
20190308,2.47,5.7338,2.6719,3.4006,0.54,28.78,30.12,27.82,76.58,3.01,4.4,2.65,100.07
20190309,8.48,5.4766,3.1097,2.4989,0.52,28.13,28.6,27.66,81.06,2.89,5.19,2.53,100.17
20190310,25.52,5.3134,2.0506,2.7451,0.51,27.39,27.93,26.63,81.47,3.0,5.92,2.59,100.28
20190311,5.68,4.5022,0.6852,3.0463,0.43,26.63,27.1,26.02,83.0,2.82,3.88,2.49,100.37
20190312,8.29,5.557,3.0214,2.8973,0.53,26.72,27.24,25.97,81.85,3.15,4.43,2.76,100.35
20190313,0.7,6.4728,4.469,2.7641,0.62,27.98,28.9,26.94,77.16,3.42,4.27,3.0,100.26
20190314,4.64,5.3621,2.6976,2.5123,0.51,28.41,29.2,27.91,78.37,3.04,3.7,2.71,100.24
20190315,5.48,6.4373,4.5079,2.5212,0.61,27.79,28.56,27.3,80.45,2.67,4.39,2.4,100.28
20190316,2.81,6.4027,4.452,2.6808,0.61,28.27,29.37,27.33,76.83,2.14,3.12,1.92,100.23
20190317,4.13,6.0744,3.6874,2.7758,0.58,28.4,29.28,27.67,78.22,1.99,3.84,1.76,100.19
20190318,3.52,6.3343,4.3927,2.5058,0.6,28.15,28.94,27.55,81.69,3.16,4.32,2.81,100.17
20190319,4.1,5.6626,3.6972,2.2339,0.54,27.91,28.75,27.35,82.5,3.63,4.85,3.19,100.12
20190320,2.96,5.5726,3.456,2.3897,0.53,27.94,28.76,27.25,78.75,1.92,3.06,1.71,100.07
20190321,6.36,4.1498,1.4066,2.2601,0.4,27.52,28.11,27.11,78.67,1.35,2.35,1.19,100.16
20190322,9.47,5.934,3.3288,2.7809,0.57,28.03,29.12,27.04,78.17,3.76,5.75,3.26,100.18
20190323,16.91,5.376,1.9752,3.0926,0.51,27.87,28.36,27.56,81.33,2.22,2.9,1.97,100.15
20190324,11.98,4.4873,2.0506,2.3134,0.43,27.52,27.93,27.04,80.13,2.11,2.81,1.87,100.15
20190325,2.28,6.216,4.4892,2.2884,0.6,27.98,28.85,27.17,79.95,3.0,4.18,2.65,100.05
20190326,7.49,4.7119,0.793,3.0341,0.45,28.58,29.33,27.94,78.81,2.3,3.14,2.05,100.1
20190327,11.52,2.0609,0.1654,1.518,0.2,28.21,28.64,27.79,80.56,2.4,2.93,2.1,100.24
20190328,11.56,5.1814,2.4302,2.5968,0.5,27.36,27.96,26.72,82.23,2.03,2.7,1.79,100.29
20190329,8.77,4.7304,2.5452,2.2361,0.45,27.51,28.93,26.48,83.44,2.63,3.93,2.31,100.12
20190330,6.72,5.292,2.7922,2.3966,0.51,27.47,28.28,26.73,76.91,1.18,1.97,1.03,100.17
20190331,9.9,4.9332,2.7946,2.2416,0.48,27.18,27.8,26.68,80.01,2.27,3.57,1.99,100.29
20190401,12.3,4.7976,2.0878,2.6419,0.46,27.29,27.73,26.84,78.93,3.58,4.57,3.15,100.33
20190402,3.83,5.9114,4.5691,2.015,0.57,27.7,28.53,26.95,75.27,1.51,2.74,1.34,100.24
20190403,3.77,5.623,3.8597,2.2366,0.54,27.8,28.66,27.14,78.95,1.97,2.9,1.77,100.19
20190404,3.27,5.2903,3.5606,2.1706,0.51,27.64,28.01,27.22,81.04,1.78,2.32,1.57,100.21
20190405,3.14,5.7118,3.5522,2.5015,0.55,27.97,28.55,27.34,81.61,2.29,3.3,2.03,100.16
20190406,4.85,4.9397,3.21,2.1965,0.48,28.19,28.6,27.74,83.14,2.8,3.68,2.47,100.13
20190407,2.4,4.7016,1.3704,2.7043,0.46,28.19,28.49,27.82,80.37,2.03,3.45,1.8,100.1
20190408,2.82,5.215,3.0422,2.5044,0.51,28.18,28.75,27.71,82.77,2.71,3.74,2.42,100.0
20190409,2.87,4.9898,1.0745,3.4306,0.49,28.22,28.85,27.67,81.91,2.94,4.52,2.6,100.01
20190410,6.41,2.6959,0.425,1.8065,0.26,27.9,28.51,27.46,84.07,3.06,4.17,2.69,100.09
20190411,5.35,4.2902,1.4186,2.5454,0.42,27.33,28.24,26.29,80.83,2.02,3.42,1.77,100.11
20190412,10.46,3.589,1.1522,2.2735,0.35,26.77,27.54,25.69,81.16,2.04,3.14,1.79,100.15
20190413,3.32,5.939,3.5866,2.7598,0.58,28.36,29.3,27.37,71.64,1.15,1.97,1.0,100.09
20190414,4.29,5.9695,3.7973,2.7605,0.59,28.72,29.52,28.16,74.38,1.23,2.21,1.1,100.04
20190415,6.01,5.2654,3.0598,2.6069,0.52,28.41,28.89,27.95,80.39,2.49,3.98,2.17,100.01
20190416,6.31,5.009,3.0778,2.3357,0.49,27.66,28.76,26.3,77.5,1.97,3.44,1.72,100.13
20190417,2.53,6.0396,4.6918,2.1516,0.6,28.83,30.22,27.63,74.99,2.67,4.13,2.36,100.04
20190418,4.26,5.4353,3.4066,2.4425,0.54,28.7,29.55,28.22,80.57,2.68,3.05,2.37,100.01
20190419,8.24,5.0299,2.0969,2.9287,0.5,27.89,28.56,27.13,84.52,2.87,3.58,2.52,99.93
20190420,7.84,5.1425,1.6426,2.9695,0.51,27.9,28.37,27.22,84.02,2.85,3.92,2.53,99.83
20190421,5.89,4.7578,2.4828,2.3434,0.47,28.26,29.2,27.31,80.13,2.61,3.55,2.35,99.73
20190422,45.93,2.6659,0.3036,1.8694,0.27,27.55,27.89,27.07,86.7,3.73,5.18,3.27,99.72
20190423,8.41,2.8433,0.2246,2.0311,0.28,27.16,27.44,26.89,88.01,3.98,4.45,3.49,99.89
20190424,13.43,5.2087,2.49,2.6095,0.52,28.31,29.31,27.1,80.52,3.88,4.71,3.38,99.93
20190425,17.23,5.2351,2.7972,2.6753,0.52,27.81,28.57,26.93,83.66,3.22,4.29,2.83,99.96
20190426,21.62,4.0152,0.8986,2.5416,0.4,27.0,27.34,26.39,88.19,4.97,6.83,4.31,100.03
20190427,7.38,3.4435,0.7382,2.2886,0.35,26.99,27.49,26.67,81.84,4.36,5.73,3.79,100.19
20190428,0.01,5.8486,3.7867,2.5666,0.59,28.38,29.38,27.32,71.17,1.39,2.3,1.22,100.11
20190429,0.5,6.2071,5.2978,2.1739,0.63,28.84,29.92,28.13,77.02,1.76,2.64,1.57,100.04
20190430,1.23,5.5478,3.9473,2.5078,0.56,28.26,28.52,28.0,79.45,1.61,2.27,1.42,100.1
20190501,0.39,6.6043,5.8963,1.9586,0.67,28.39,29.37,27.53,75.93,1.46,2.32,1.29,100.1
20190502,0.21,6.4241,6.019,1.867,0.65,28.73,29.65,28.06,72.63,1.29,2.63,1.13,100.1
20190503,3.16,3.4428,0.6838,2.4242,0.35,28.8,29.59,28.33,80.19,2.38,2.74,2.1,100.12
20190504,8.6,5.3129,3.7361,2.1149,0.54,28.32,28.62,28.1,83.75,2.92,4.66,2.56,100.17
20190505,8.36,3.4121,0.8258,2.1149,0.35,28.17,28.58,27.57,81.37,3.09,4.33,2.69,100.28
20190506,1.72,5.3582,5.1838,1.8605,0.55,27.17,27.56,26.77,81.32,1.61,2.41,1.4,100.21
20190507,0.91,6.305,5.8966,1.8977,0.65,27.68,28.63,26.57,79.11,2.27,3.16,2.01,100.04
20190508,0.77,5.1694,1.4878,3.577,0.53,28.1,28.8,27.45,76.1,1.76,2.63,1.56,100.06
20190509,1.12,5.8217,5.5337,1.8233,0.6,28.36,28.98,27.73,75.63,1.43,2.32,1.25,100.08
20190510,0.14,5.436,3.6406,2.3741,0.56,28.69,29.35,28.11,74.48,2.03,2.42,1.78,100.15
20190511,0.06,5.441,3.1399,2.838,0.56,28.7,29.52,28.2,72.22,1.61,2.5,1.42,100.16
20190512,1.63,5.6371,4.3678,2.1144,0.58,28.46,29.08,28.09,76.85,2.41,2.84,2.12,100.11
20190513,2.01,5.0875,3.4733,2.3018,0.53,28.28,28.79,27.88,79.23,2.07,2.53,1.83,100.03
20190514,6.16,4.5823,2.2553,2.333,0.48,28.45,28.86,28.05,81.01,1.89,2.49,1.69,99.99
20190515,24.75,3.721,0.5419,2.411,0.39,28.23,28.65,27.67,82.37,2.75,3.61,2.44,100.14
20190516,13.74,4.589,1.7462,2.6062,0.48,28.22,29.19,27.59,76.29,2.37,3.82,2.08,100.22
20190517,4.84,4.0733,0.8184,2.5087,0.43,27.23,27.7,26.92,80.83,1.73,3.39,1.52,100.25
20190518,3.96,4.5502,2.3846,2.3892,0.48,27.83,28.66,27.11,77.11,2.06,2.98,1.83,100.15
20190519,5.32,4.6735,1.2833,2.9568,0.49,27.62,28.24,27.12,80.95,1.94,2.77,1.75,100.13
20190520,1.75,4.4614,1.6135,2.4926,0.47,28.39,29.24,27.93,76.36,1.66,2.54,1.5,100.1
20190521,10.82,4.6135,2.8003,2.2382,0.49,27.68,27.98,27.29,79.49,1.69,2.7,1.52,100.1
20190522,7.36,4.4429,1.4774,2.7274,0.47,27.84,28.72,27.39,80.98,1.89,3.31,1.72,100.11
20190523,3.02,4.9313,3.2186,2.4449,0.52,28.29,29.22,27.37,79.65,1.97,3.5,1.77,100.09
20190524,1.77,5.6414,5.5385,1.692,0.6,28.99,30.15,28.17,74.68,1.81,3.7,1.61,100.06
20190525,1.39,5.7098,5.1098,2.0515,0.61,28.59,29.33,27.96,76.86,1.73,2.79,1.52,100.04
20190526,2.08,5.6198,5.1029,1.793,0.6,28.61,29.06,28.3,77.56,2.11,2.78,1.86,99.95
20190527,1.52,5.2639,4.6913,1.7947,0.56,28.66,29.05,28.25,80.36,2.53,3.47,2.25,99.84
20190528,2.2,4.4177,2.735,2.4163,0.47,29.25,30.28,28.62,79.43,2.5,3.14,2.23,99.76
20190529,52.59,4.2202,1.4206,2.4324,0.45,27.93,28.39,27.6,88.13,3.09,4.78,2.68,99.76
20190530,35.09,4.595,2.1864,2.5798,0.49,28.51,29.42,27.87,79.21,2.12,4.76,1.92,99.84
20190531,9.97,4.2228,3.06,2.0141,0.45,28.33,29.18,27.66,78.98,1.63,2.89,1.5,99.86
20190601,14.07,3.5042,0.3794,2.4977,0.38,27.56,28.15,27.18,86.33,2.86,4.17,2.55,99.92
20190602,8.99,4.26,2.4859,2.0983,0.46,27.88,28.79,27.15,83.56,2.54,3.83,2.28,99.94
20190603,43.65,3.96,0.4116,2.8133,0.43,27.47,28.1,26.93,82.93,1.62,3.57,1.45,99.97
20190604,3.48,4.3817,2.1041,2.2918,0.47,28.23,28.71,27.96,77.07,1.37,2.66,1.26,99.88
20190605,8.57,3.8506,1.5295,2.1336,0.42,28.15,28.53,27.81,82.49,2.47,3.22,2.17,99.88
20190606,4.43,3.3204,0.4855,2.4773,0.36,27.79,28.25,27.33,81.47,1.59,2.29,1.38,100.03
20190607,2.09,4.8456,2.2332,2.7084,0.52,27.51,28.47,26.69,79.59,1.35,2.7,1.19,100.14
20190608,6.39,3.9432,2.0796,2.0273,0.43,27.48,27.86,26.96,83.14,2.64,3.12,2.3,100.13
20190609,7.89,4.5742,2.3582,2.2901,0.5,27.48,28.38,26.59,84.19,2.7,3.95,2.38,100.04
20190610,15.09,5.0371,3.6209,2.22,0.55,28.1,28.81,27.43,85.84,2.29,3.09,2.06,99.9
20190611,34.3,4.2046,2.143,2.1761,0.46,28.19,29.09,27.33,83.0,3.62,6.06,3.15,100.04
20190612,12.52,3.1759,0.0634,2.4535,0.34,27.44,28.06,26.14,73.33,2.29,3.5,2.04,100.19
20190613,9.87,4.2665,1.9452,2.3753,0.46,28.43,28.92,27.91,77.02,2.16,2.86,1.92,100.08
20190614,4.18,5.005,3.4678,2.2063,0.54,28.44,29.42,27.21,73.29,1.15,2.54,1.01,100.07
20190615,9.98,3.3415,0.4426,2.3254,0.36,27.73,28.33,27.37,80.39,1.52,2.35,1.35,100.13
20190616,1.68,4.3418,2.3798,2.172,0.47,27.86,28.56,26.99,79.94,2.19,3.07,1.96,100.09
20190617,2.33,3.8592,1.1436,2.5939,0.42,28.23,28.82,27.79,77.77,1.7,2.98,1.52,100.07
20190618,9.21,2.215,0.0451,1.6884,0.24,27.87,28.05,27.72,82.13,2.74,3.59,2.4,100.06
20190619,1.46,4.0488,0.7262,2.8886,0.44,27.99,28.53,27.48,79.21,1.72,2.2,1.52,100.01
20190620,3.44,4.5372,2.1372,2.4545,0.49,28.0,28.56,27.6,81.66,2.87,3.86,2.51,100.02
20190621,20.58,3.2748,0.0746,2.5027,0.36,26.99,27.62,26.13,87.72,3.97,4.95,3.44,100.0
20190622,9.31,3.2366,0.1027,2.4962,0.35,27.43,28.38,26.27,85.96,4.95,7.03,4.25,99.99
20190623,1.98,4.5521,2.1574,2.4588,0.5,27.41,27.86,26.68,78.84,2.4,3.94,2.13,100.03
20190624,0.72,4.4342,1.728,2.563,0.48,28.14,28.68,27.54,75.77,2.57,3.42,2.29,100.09
20190625,0.71,5.3971,4.453,2.0198,0.59,28.43,29.12,27.97,70.6,1.66,3.29,1.47,100.11
20190626,1.43,5.3177,4.3078,2.1132,0.58,27.98,28.8,27.42,78.94,2.29,3.36,2.04,100.13
20190627,1.68,5.3153,4.4119,2.1137,0.58,27.66,28.13,27.09,81.42,2.3,2.8,2.03,100.1
20190628,1.23,4.8934,3.9526,1.9877,0.53,28.19,29.05,27.08,79.94,2.76,3.47,2.45,99.99
20190629,10.45,4.5622,2.7187,2.1475,0.5,28.29,28.93,27.89,82.23,2.43,3.15,2.16,99.97
20190630,3.4,4.9109,2.1391,2.6815,0.53,27.93,28.4,27.48,80.95,2.27,2.95,2.01,100.01
20190701,1.31,5.1223,3.3377,2.3851,0.56,27.89,28.48,27.38,79.86,2.21,2.72,1.98,100.03
20190702,1.16,5.5555,4.1882,2.3419,0.6,27.42,28.19,26.77,81.44,1.47,2.11,1.33,100.06
20190703,1.88,5.0294,3.0619,2.9026,0.55,27.38,27.78,26.73,79.78,0.92,1.65,0.82,100.12
20190704,2.47,5.2618,3.931,2.1514,0.57,27.94,28.71,27.06,79.27,2.78,3.61,2.47,100.11
20190705,6.92,4.5254,2.8591,2.1869,0.49,28.02,28.7,26.77,81.85,3.77,5.59,3.31,99.96
20190706,22.91,4.0927,2.3978,1.9368,0.44,27.62,28.71,26.36,76.06,2.56,5.0,2.26,99.99
20190707,3.18,4.7114,2.083,2.7072,0.51,27.21,28.09,25.71,81.44,2.55,4.14,2.24,100.12
20190708,25.0,4.0742,1.4158,2.6119,0.44,27.51,28.37,25.73,68.91,1.74,3.69,1.54,100.26
20190709,0.86,5.2342,3.5381,2.4247,0.57,27.97,28.88,27.07,75.15,3.6,4.14,3.16,100.19
20190710,1.72,4.6128,3.4824,2.0119,0.5,28.34,29.13,27.8,77.14,1.99,3.11,1.78,100.02
20190711,8.94,5.3069,4.8931,1.8432,0.57,28.03,28.81,27.31,82.31,1.4,2.19,1.31,100.09
20190712,2.57,5.5747,4.4777,2.0954,0.6,28.4,29.43,27.55,77.71,1.85,3.16,1.64,100.21
20190713,1.37,5.9186,5.5368,1.8118,0.64,28.07,29.01,27.33,80.78,3.17,3.75,2.79,100.17
20190714,3.6,5.315,4.2101,2.0683,0.57,27.71,28.26,27.3,83.94,3.21,4.85,2.8,100.07
20190715,7.91,2.6131,0.1097,1.962,0.28,27.44,27.78,26.89,81.49,2.75,3.22,2.44,100.03
20190716,5.73,4.9997,3.3689,2.2805,0.54,27.65,28.05,27.37,82.12,3.06,3.86,2.7,100.01
20190717,4.27,4.3363,1.2367,2.4569,0.46,27.54,28.03,27.05,82.47,3.42,4.25,2.99,99.92
20190718,5.21,4.1033,1.416,2.3177,0.44,27.65,27.91,27.28,82.92,4.45,5.17,3.85,99.83
20190719,2.02,5.0983,2.3911,2.7756,0.55,27.84,28.63,27.02,79.32,3.48,4.05,3.06,99.9
20190720,1.08,4.8739,2.0566,2.7811,0.52,28.06,28.83,27.28,79.0,3.43,3.97,3.03,99.93
20190721,3.25,4.5086,2.7317,2.5728,0.48,27.67,28.29,27.25,81.98,1.86,2.72,1.69,99.97
20190722,9.5,4.0166,1.9361,2.1326,0.43,27.35,27.79,26.79,83.45,1.85,3.26,1.64,99.94
20190723,8.29,4.5974,1.8739,2.514,0.49,26.85,27.43,26.13,83.34,1.61,2.91,1.44,100.03
20190724,7.95,3.7226,0.7978,2.6813,0.4,26.16,26.64,25.62,83.51,2.58,3.37,2.29,100.25
20190725,1.31,5.226,2.8723,2.6086,0.55,27.9,29.0,26.71,76.59,3.01,3.86,2.67,100.16
20190726,2.35,5.448,4.0836,2.1996,0.58,27.62,28.01,27.24,83.33,2.87,3.38,2.57,100.11
20190727,3.41,5.0779,3.5249,2.0921,0.54,27.9,28.79,27.12,81.38,3.01,5.41,2.67,100.06
20190728,6.93,4.8497,2.8186,2.3405,0.51,27.75,28.37,27.38,84.52,4.55,6.12,3.94,100.14
20190729,4.18,5.1163,3.5143,2.2241,0.54,27.62,28.02,27.26,84.94,4.19,6.33,3.63,100.14
20190730,1.49,5.4322,4.0865,2.1622,0.57,27.56,28.24,26.98,82.7,3.6,4.27,3.16,100.13
20190731,0.88,5.4151,3.5832,2.3844,0.57,27.86,28.63,27.12,82.07,5.15,5.51,4.43,100.13
20190801,0.64,4.71,3.0022,2.1998,0.49,27.48,27.98,27.04,81.72,5.21,5.92,4.48,100.24
20190802,1.64,4.8893,3.0204,2.3314,0.51,27.26,27.7,26.8,82.05,4.42,4.91,3.83,100.16
20190803,8.48,5.0539,2.4634,2.7226,0.53,27.06,27.35,26.42,85.63,3.57,4.26,3.13,100.13
20190804,10.59,4.3855,1.349,2.8606,0.46,27.15,27.88,26.6,81.52,2.21,3.3,1.92,100.15
20190805,2.24,4.6066,2.3945,2.4823,0.48,27.29,27.9,26.88,81.94,5.27,6.78,4.51,100.12
20190806,0.42,4.7858,1.2614,3.1882,0.5,27.08,27.8,26.46,80.12,5.43,5.93,4.66,100.09
20190807,0.38,4.734,2.1559,2.5246,0.49,27.0,27.76,26.31,79.56,4.81,5.73,4.15,100.07
20190808,1.1,4.3644,1.1688,2.7312,0.45,27.15,28.08,26.24,81.69,4.85,5.82,4.18,100.08
20190809,3.34,2.8867,0.1524,2.093,0.3,27.2,27.8,26.72,82.76,3.58,4.03,3.12,100.08
20190810,2.66,5.0306,1.603,3.2998,0.52,27.17,28.0,26.47,81.39,4.24,5.48,3.67,100.08
20190811,5.17,4.818,2.9738,2.3892,0.5,26.52,26.91,26.07,82.68,3.25,3.88,2.85,100.14
20190812,1.8,4.9174,3.2304,2.1797,0.51,26.87,27.7,26.09,82.11,3.7,4.0,3.23,100.12
20190813,1.68,4.9272,2.13,3.0427,0.51,27.27,27.98,26.53,80.35,3.5,4.78,3.05,100.16
20190814,5.59,4.603,2.3302,2.2956,0.47,27.04,27.4,26.68,83.37,3.49,4.32,3.05,100.22
20190815,8.38,4.297,1.459,2.4415,0.44,26.66,27.28,25.7,84.55,2.81,3.68,2.49,100.26
20190816,19.4,2.9189,0.2839,2.1005,0.3,25.81,26.46,25.47,86.26,3.06,4.34,2.69,100.32
20190817,0.76,5.6885,3.2086,2.6734,0.58,27.02,28.15,25.56,80.92,2.63,3.69,2.35,100.19
20190818,1.71,4.975,2.718,2.4118,0.51,27.7,28.51,26.96,81.65,2.37,3.57,2.14,100.12
20190819,1.32,5.4917,3.635,2.3707,0.56,27.66,28.63,26.96,82.71,4.33,5.98,3.75,100.15
20190820,0.57,5.425,3.5213,2.3546,0.55,27.51,28.72,26.55,82.3,5.05,6.08,4.35,100.03
20190821,1.06,4.4206,1.1256,2.6842,0.45,27.01,27.85,26.42,82.52,3.45,5.86,3.02,100.09
20190822,3.65,4.6361,2.5294,2.3146,0.47,27.12,27.73,26.37,82.68,3.39,4.89,2.94,100.14
20190823,13.7,5.1331,3.0396,2.3839,0.52,27.01,27.58,26.33,86.46,3.57,5.44,3.12,100.15
20190824,8.44,4.9483,2.7473,2.2822,0.5,27.18,27.75,26.75,85.32,5.2,6.39,4.47,100.17
20190825,16.96,3.8755,0.8705,2.4946,0.39,26.77,27.31,26.07,84.66,5.35,6.3,4.59,100.16
20190826,16.07,3.541,0.7968,2.2867,0.35,26.18,26.99,25.34,85.92,3.54,4.82,3.1,100.13
20190827,16.06,3.6168,0.7642,2.2668,0.36,26.12,26.43,25.67,89.46,4.84,6.57,4.17,100.08
20190828,14.29,3.6552,0.1142,2.7482,0.37,26.22,26.77,25.56,84.3,3.09,4.93,2.72,100.19
20190829,0.55,5.8042,3.6245,2.8819,0.58,27.14,27.97,26.35,80.28,2.93,3.7,2.56,100.11
20190830,1.52,5.3381,2.3899,2.8414,0.53,26.97,27.43,26.44,83.94,3.7,4.82,3.23,99.97
20190831,6.51,5.9158,4.02,2.538,0.59,27.36,28.29,26.59,83.07,3.63,4.29,3.18,99.93
20190901,7.45,5.791,3.8018,2.4806,0.57,27.07,27.74,26.41,82.89,3.3,4.38,2.89,100.1
20190902,4.99,5.1571,1.644,3.3965,0.51,27.2,27.81,26.3,84.26,3.59,4.03,3.15,100.1
20190903,7.22,4.427,1.6142,2.7941,0.44,27.49,27.92,27.1,84.76,4.46,5.26,3.84,100.11
20190904,3.13,3.6749,0.1982,2.5966,0.36,27.24,27.8,26.69,85.35,4.14,4.56,3.59,100.14
20190905,3.83,5.189,2.575,2.5255,0.51,27.1,27.69,26.58,84.59,4.43,5.87,3.82,100.17
20190906,1.21,5.4096,2.4653,2.7233,0.53,26.95,27.41,26.58,83.17,4.05,5.31,3.55,100.12
20190907,0.96,4.369,1.5365,2.4718,0.43,27.07,28.05,26.33,83.32,5.14,6.38,4.43,100.15
20190908,1.41,5.0081,2.2284,2.5771,0.49,27.07,27.99,26.3,84.11,4.18,5.26,3.64,100.18
20190909,1.4,5.4782,2.7823,2.664,0.54,27.01,27.69,26.35,82.94,3.15,4.85,2.75,100.17
20190910,2.24,5.1991,2.3407,2.7622,0.51,27.05,27.49,26.74,83.59,3.56,4.51,3.09,100.24
20190911,6.19,5.8178,3.6492,2.61,0.57,27.41,28.57,26.57,82.35,3.43,4.44,2.99,100.28
20190912,1.21,5.5702,2.899,2.8634,0.55,27.22,28.42,26.24,82.13,4.44,5.06,3.85,100.32
20190913,2.94,4.2871,1.2494,2.6414,0.42,26.86,27.86,26.14,83.65,5.55,7.03,4.75,100.31
20190914,0.99,4.625,1.681,2.6246,0.45,26.2,26.7,25.75,79.22,5.4,6.39,4.63,100.35
20190915,0.05,4.6049,1.1306,3.3007,0.45,25.78,26.59,25.14,75.03,4.45,5.34,3.86,100.25
20190916,0.03,4.1122,0.8652,2.5637,0.4,25.5,26.43,24.77,75.71,2.75,3.36,2.44,100.17
20190917,0.09,5.16,2.4785,2.5656,0.5,26.23,27.37,25.08,76.63,2.83,3.59,2.51,100.19
20190918,0.32,4.6826,1.8929,2.5339,0.46,26.78,27.86,25.85,84.47,4.25,5.29,3.67,100.18
20190919,0.38,4.1513,0.4178,2.7223,0.4,26.99,27.81,26.15,86.04,3.91,5.53,3.39,100.16
20190920,1.04,3.8362,1.151,2.1494,0.37,26.82,27.71,26.14,84.07,4.86,5.87,4.16,100.12
20190921,0.62,3.9581,1.349,2.1996,0.38,26.62,27.56,25.85,85.05,5.41,6.48,4.6,100.08
20190922,0.26,3.5112,1.0478,2.065,0.34,26.55,27.6,25.62,85.3,5.31,6.08,4.53,100.08
20190923,0.66,3.7207,1.1707,2.2603,0.36,26.66,27.87,25.45,84.64,3.56,4.57,3.13,100.08
20190924,3.81,2.7638,0.3341,1.6978,0.27,26.83,27.92,25.71,84.46,3.02,3.56,2.68,100.12
20190925,16.47,2.561,0.215,1.7674,0.25,26.53,27.63,25.89,87.49,3.25,4.42,2.87,100.18
20190926,11.17,3.8114,1.1321,2.2253,0.37,26.28,26.96,25.57,86.58,2.59,3.57,2.32,100.26
20190927,8.49,4.493,1.716,2.4216,0.43,26.68,27.78,25.74,86.77,4.13,4.93,3.59,100.22
20190928,6.9,3.4094,1.1316,1.8439,0.33,26.51,27.35,25.84,86.99,4.45,5.15,3.86,100.19
20190929,5.04,2.6753,0.311,1.746,0.26,26.59,27.57,25.86,86.21,4.43,4.88,3.83,100.2
20190930,9.4,4.2283,0.8638,2.5574,0.41,26.18,27.12,25.34,86.99,4.75,5.37,4.09,100.21
20191001,9.03,4.1825,0.9158,2.665,0.4,26.2,27.05,25.31,86.1,4.17,5.32,3.63,100.22
20191002,2.12,4.591,1.3061,2.5908,0.44,26.02,26.97,25.19,86.28,4.63,5.27,4.02,100.27
20191003,3.86,3.0386,0.347,1.9459,0.29,25.89,26.49,25.24,86.49,4.17,4.84,3.64,100.29
20191004,2.1,5.4619,3.2342,2.599,0.53,26.52,27.53,25.43,84.89,3.79,4.43,3.31,100.14
20191005,1.99,6.5455,4.6733,2.5277,0.63,26.58,27.59,25.63,84.54,4.41,5.5,3.83,100.08
20191006,3.13,6.0341,4.1088,2.4955,0.58,26.35,27.62,25.3,84.79,4.81,5.59,4.16,100.12
20191007,3.77,5.0916,2.2543,2.6494,0.49,26.14,27.19,25.28,86.27,5.22,5.88,4.49,100.06
20191008,7.7,4.3992,1.2864,2.485,0.42,25.86,26.82,25.22,87.33,3.8,4.43,3.34,100.12
20191009,16.84,5.579,2.6292,2.8836,0.54,25.38,25.8,25.09,90.84,3.36,4.47,2.95,100.13
20191010,1.29,4.2554,1.3778,2.4403,0.41,26.01,27.28,24.91,86.22,3.56,4.44,3.12,100.17
20191011,0.93,3.8827,1.0097,2.4286,0.37,26.28,27.21,25.23,85.89,4.56,4.82,3.94,100.11
20191012,1.71,4.0459,1.3982,2.2642,0.39,26.11,26.92,25.31,86.41,4.31,5.18,3.73,100.06
20191013,11.3,3.6463,0.637,2.388,0.35,25.64,25.9,25.22,90.39,4.98,6.15,4.25,100.07
20191014,8.41,3.4529,0.1738,2.5138,0.33,25.79,26.51,25.03,88.43,4.0,4.79,3.46,100.11
20191015,2.33,3.9974,0.8174,2.7842,0.39,25.85,26.87,25.0,87.33,4.01,4.65,3.46,100.1
20191016,3.61,4.4374,1.3894,2.5608,0.43,25.95,27.13,24.98,88.68,4.15,5.1,3.55,100.02
20191017,10.19,3.8381,0.5446,2.5997,0.37,25.83,26.85,25.08,89.9,4.61,5.59,3.92,100.0
20191018,9.93,3.3391,0.4313,2.3117,0.32,25.11,25.86,24.44,90.44,4.76,5.76,4.07,100.04
20191019,15.78,3.4058,0.2983,2.4965,0.33,25.05,26.05,24.21,90.57,4.65,5.77,4.02,100.09
20191020,2.07,4.2926,0.5059,2.9196,0.42,25.74,27.06,24.4,88.49,3.81,5.6,3.3,100.04
20191021,3.26,3.7918,0.6838,2.3345,0.37,25.98,26.83,25.28,90.4,4.03,4.89,3.47,99.95
20191022,6.42,3.311,0.3722,2.341,0.32,26.03,26.92,25.3,88.99,3.88,4.56,3.35,99.93
20191023,1.87,4.8288,1.5494,2.6386,0.47,26.0,27.01,25.06,87.08,3.46,4.21,3.02,100.0
20191024,1.29,5.4581,2.5752,2.7278,0.53,25.88,26.73,25.05,86.53,3.06,3.97,2.68,100.07
20191025,3.14,2.5879,0.2878,1.7717,0.25,25.79,26.67,25.21,86.82,2.36,3.7,2.1,100.1
20191026,7.54,3.5882,0.8998,2.1828,0.35,25.59,26.56,24.61,89.23,4.47,5.09,3.86,100.06
20191027,6.92,3.8837,0.9331,2.4254,0.38,25.1,25.78,24.38,90.03,3.97,5.08,3.45,100.01
20191028,24.74,2.9815,0.2594,2.0254,0.29,25.0,25.44,24.28,89.7,2.83,5.4,2.47,100.06
20191029,2.13,4.3879,1.3963,2.4804,0.43,25.67,26.64,24.96,88.64,3.81,4.86,3.29,100.05
20191030,3.41,3.7543,0.4128,2.4082,0.37,25.24,25.57,24.89,87.76,4.13,4.67,3.57,100.05
20191031,1.79,2.6162,0.306,1.6728,0.25,25.34,25.83,24.83,86.6,3.89,4.85,3.36,100.1
20191101,0.59,5.2716,1.7923,2.9657,0.51,25.58,26.57,24.8,85.63,4.1,4.96,3.54,100.13
20191102,1.68,5.6654,3.7104,2.4758,0.55,25.46,26.25,24.89,84.44,3.83,4.46,3.32,100.18
20191103,0.26,5.5858,2.5634,3.1186,0.55,25.34,26.21,24.62,83.15,2.8,3.57,2.47,100.25
20191104,0.5,5.9244,3.3,2.8253,0.58,25.43,26.34,24.86,84.67,2.76,3.35,2.44,100.28
20191105,0.41,5.4154,1.7849,3.1862,0.53,25.44,26.54,24.75,84.94,3.18,3.54,2.78,100.16
20191106,0.51,5.6434,2.545,2.8762,0.55,25.56,26.44,24.92,83.22,2.97,3.76,2.6,100.08
20191107,1.27,5.7048,3.1032,2.9736,0.56,25.81,26.83,25.1,84.19,2.45,3.57,2.15,100.12
20191108,1.97,4.5278,0.6545,3.1757,0.44,25.86,26.84,25.25,83.2,1.91,3.49,1.68,100.28
20191109,4.55,4.4786,1.2036,2.6215,0.44,25.95,26.59,25.53,86.44,2.92,3.36,2.57,100.26
20191110,2.67,4.5782,2.2332,2.251,0.45,25.84,26.4,25.47,85.99,2.75,3.77,2.41,100.16
20191111,0.81,4.435,1.0742,2.7166,0.44,26.03,27.1,25.13,84.35,4.08,4.98,3.51,100.08
20191112,1.88,3.5794,0.9175,2.1569,0.35,26.06,26.81,25.56,86.58,2.39,3.31,2.1,100.1
20191113,4.89,3.4766,0.5446,2.2622,0.34,26.19,27.22,25.18,89.4,2.85,3.67,2.48,100.08
20191114,1.84,3.5748,0.7202,2.1768,0.35,26.38,27.33,25.68,88.82,2.48,3.71,2.2,100.03
20191115,2.54,4.5893,1.8802,2.5488,0.45,26.67,28.17,25.39,84.97,1.36,2.78,1.22,100.0
20191116,2.2,5.0107,1.9637,2.8126,0.5,26.76,27.48,25.98,84.67,2.08,2.94,1.85,100.06
20191117,1.12,5.1878,2.85,2.5442,0.51,26.85,27.74,26.22,84.52,1.71,2.96,1.54,100.08
20191118,3.39,4.8132,2.0177,2.6299,0.48,26.53,27.27,25.79,86.42,2.57,3.58,2.28,100.1
20191119,13.33,4.4066,1.1146,2.6777,0.44,26.57,27.44,25.83,87.24,3.04,4.23,2.67,100.02
20191120,29.27,4.0699,1.0702,2.4127,0.4,25.31,25.69,24.53,87.46,3.36,5.22,2.94,100.03
20191121,28.01,4.2778,1.5098,2.4526,0.42,26.16,27.67,24.35,82.66,1.71,3.12,1.55,100.03
20191122,23.26,5.1341,1.9862,2.8728,0.51,26.25,26.86,25.31,87.54,2.75,3.45,2.47,100.11
20191123,6.97,4.4885,1.627,2.5046,0.45,26.14,26.5,25.7,88.71,3.11,4.61,2.76,100.13
20191124,15.68,4.6762,1.8281,2.6537,0.47,25.95,26.79,25.05,82.49,2.33,4.58,2.07,100.16
20191125,2.11,5.6045,3.7999,2.3038,0.56,26.44,27.32,25.68,81.2,2.06,2.97,1.84,100.06
20191126,3.28,4.6841,2.484,2.383,0.47,26.9,27.63,26.29,82.88,2.52,4.16,2.23,99.9
20191127,26.34,4.0807,1.6121,2.4036,0.41,27.04,28.04,26.34,87.08,3.07,4.88,2.73,99.83
20191128,6.42,3.948,1.2382,2.2961,0.39,26.82,27.53,26.2,88.65,2.54,3.87,2.26,99.85
20191129,3.56,4.5005,2.3467,2.4065,0.45,27.09,28.01,26.18,87.54,2.81,3.88,2.48,99.87
20191130,3.92,4.9886,3.3118,2.3102,0.5,26.82,27.58,26.26,88.61,2.74,4.29,2.41,99.95
20191201,6.46,4.895,1.326,2.9921,0.49,26.73,27.54,26.22,88.73,3.14,4.37,2.74,99.94
20191202,19.29,4.8504,1.2917,3.455,0.49,25.83,26.37,25.49,90.52,2.8,4.13,2.46,100.04
20191203,13.36,3.1949,0.1697,2.2766,0.32,25.91,26.43,25.25,84.98,1.54,2.75,1.39,100.06
20191204,2.81,3.0521,0.6274,1.8833,0.31,26.55,27.54,25.75,84.55,2.41,3.73,2.19,100.06
20191205,10.03,3.8539,0.5659,2.5358,0.39,26.75,27.73,25.61,83.16,2.58,3.46,2.33,100.16
20191206,2.99,3.8266,1.8703,2.039,0.38,26.99,27.72,26.41,82.14,1.41,2.75,1.24,100.07
20191207,23.76,3.2952,0.3948,2.1499,0.33,26.25,26.71,26.0,90.33,3.85,4.87,3.38,100.11
20191208,12.88,4.0682,1.422,2.2579,0.41,26.91,28.23,25.73,82.35,1.88,3.16,1.66,100.13
20191209,35.71,3.6137,0.643,2.375,0.36,26.9,27.92,26.31,83.47,1.37,2.86,1.26,100.12
20191210,19.53,4.3459,2.975,2.0323,0.44,27.21,28.68,26.02,78.79,2.52,4.68,2.21,100.08
20191211,37.69,3.8923,0.9775,2.7074,0.39,26.12,26.71,25.7,86.78,2.39,4.95,2.16,100.03
20191212,6.5,4.8946,3.2014,2.2459,0.49,26.95,28.16,25.55,79.55,1.35,2.19,1.23,100.03
20191213,4.46,5.1221,3.1349,2.5862,0.52,26.89,27.39,26.41,81.01,1.14,2.04,1.07,100.1
20191214,2.87,4.0229,0.9658,2.521,0.41,27.45,28.57,26.74,78.48,1.37,2.75,1.28,100.09
20191215,20.19,5.2102,2.447,2.9671,0.53,26.28,26.6,25.88,85.59,3.43,4.77,3.03,100.05
20191216,11.1,4.6601,1.5204,2.7581,0.47,26.52,26.86,25.9,84.0,3.33,4.74,2.94,100.0
20191217,10.34,4.5895,0.8606,3.0984,0.46,26.43,27.03,25.64,84.21,2.45,3.2,2.21,100.11
20191218,8.99,3.8928,0.3566,2.659,0.39,27.29,28.4,26.64,79.1,2.61,3.57,2.28,100.1
20191219,1.21,5.2454,3.0838,2.4691,0.53,26.94,27.8,25.71,77.76,2.22,3.66,1.98,100.1
20191220,4.94,3.6276,0.9814,2.1583,0.37,27.83,28.57,27.14,76.3,1.14,2.31,1.03,99.93
20191221,24.01,3.9482,0.9607,2.5874,0.4,26.62,27.36,25.97,87.57,2.81,7.09,2.49,100.02
20191222,16.78,3.6353,0.3478,2.6467,0.37,25.72,26.02,25.47,86.34,2.06,3.1,1.83,100.19
20191223,0.77,4.8005,1.667,2.8123,0.48,27.0,27.79,25.7,78.03,1.29,2.21,1.17,100.11
20191224,17.31,3.5604,1.2626,2.0323,0.36,27.66,27.89,27.27,79.84,2.56,4.01,2.23,100.06
20191225,29.07,4.0594,1.031,2.4204,0.41,27.43,27.64,27.19,83.52,3.5,4.31,3.04,100.08
20191226,4.31,5.1199,2.6839,2.6266,0.52,27.17,27.51,26.62,83.05,2.5,3.8,2.2,100.09
20191227,6.03,4.1042,1.7738,2.2006,0.41,27.19,27.45,26.7,82.45,1.99,2.72,1.74,100.03
20191228,7.28,3.858,0.9818,2.2711,0.39,27.75,28.45,26.97,80.5,1.78,2.95,1.63,99.98
20191229,47.17,3.8496,1.8101,2.0726,0.39,27.84,28.63,27.21,77.18,1.07,2.61,0.98,100.03
20191230,1.79,3.3226,0.6768,2.1221,0.33,28.19,29.29,27.37,77.3,1.4,3.19,1.27,100.04
20191231,4.69,4.0637,0.743,2.5368,0.41,28.05,29.12,27.3,80.4,1.98,3.03,1.82,100.13
20200101,2.22,5.0887,3.5165,2.2589,0.51,28.08,29.25,27.05,78.47,1.48,2.7,1.35,100.24
20200102,0.32,4.6267,2.371,2.4722,0.46,28.65,29.95,27.42,71.96,1.54,2.1,1.39,100.29
20200103,1.24,4.3896,2.0016,2.3551,0.44,28.36,29.13,27.63,75.89,1.19,2.55,1.12,100.21
20200104,2.21,4.9015,3.5302,2.1972,0.49,28.28,29.07,27.54,78.33,1.39,2.67,1.28,100.01
20200105,5.71,4.7815,4.1638,1.9025,0.48,27.9,29.08,26.83,79.33,1.57,2.97,1.44,100.01
20200106,2.65,5.689,5.6078,1.9236,0.57,28.78,29.96,27.85,75.25,1.97,3.33,1.77,100.06
20200107,2.29,5.4379,3.8186,2.4379,0.54,28.76,30.22,27.33,74.25,1.9,3.56,1.73,99.98
20200108,2.28,5.3023,4.1952,2.1317,0.53,29.07,30.27,27.92,73.88,2.59,3.77,2.27,99.89
20200109,67.1,4.2936,2.0206,2.5546,0.43,27.57,28.62,26.6,84.65,2.85,5.95,2.51,99.97
20200110,13.29,3.3382,0.1903,2.4144,0.33,26.47,27.12,25.93,85.73,2.95,4.19,2.62,100.12
20200111,6.3,3.7385,0.1788,2.6983,0.37,27.07,27.44,26.51,80.01,3.01,5.56,2.65,100.17
20200112,0.7,5.0904,1.319,3.5849,0.51,27.6,28.33,26.78,78.03,2.22,2.94,1.99,100.02
20200113,1.77,5.059,2.7228,2.8114,0.5,28.0,28.59,27.55,77.67,1.9,2.89,1.7,99.94
20200114,3.47,3.8563,1.4772,2.1461,0.38,28.58,29.71,27.53,74.9,2.01,2.99,1.79,99.95
20200115,2.78,4.3133,2.1749,2.395,0.43,28.58,29.53,27.94,74.82,1.38,3.01,1.24,99.98
20200116,8.53,4.4822,1.2588,2.694,0.44,27.62,28.16,27.16,83.98,1.54,2.44,1.4,100.03
20200117,10.62,3.8453,1.1681,2.2109,0.38,27.62,28.17,27.14,85.13,2.67,4.74,2.39,100.04
20200118,39.81,3.7464,1.2547,2.2416,0.37,27.5,28.42,26.34,81.88,1.89,3.93,1.72,100.04
20200119,3.98,4.6248,2.1226,2.5135,0.46,28.27,29.22,27.62,79.17,2.45,4.52,2.18,100.02
20200120,36.14,4.2012,1.2355,2.5092,0.41,27.41,27.74,26.87,84.11,3.1,5.23,2.76,100.15
20200121,1.9,4.1594,0.8724,2.5416,0.41,28.31,29.68,27.29,77.91,1.28,2.82,1.15,100.16
20200122,3.57,3.9744,2.1593,2.0352,0.39,28.64,30.08,27.56,74.35,1.63,2.4,1.48,100.16
20200123,7.59,3.9156,1.9186,2.0916,0.39,28.31,29.33,27.39,79.08,1.97,3.29,1.79,100.06
20200124,3.72,4.5566,3.0996,2.1096,0.45,28.68,30.0,27.46,78.61,2.27,4.09,1.99,100.01
20200125,8.65,4.7398,2.8471,2.2908,0.47,28.59,29.14,28.16,83.96,3.74,5.04,3.27,100.03
20200126,11.02,4.3553,1.3459,2.5608,0.43,28.16,28.5,27.9,83.08,2.33,3.16,2.05,100.01
20200127,10.53,5.2354,2.7842,2.5898,0.51,27.98,28.34,27.62,82.11,2.15,3.05,1.92,100.01
20200128,29.45,4.6702,1.4021,2.7211,0.46,28.02,28.58,27.38,80.65,2.62,4.82,2.31,100.05
20200129,36.29,3.1702,0.2119,2.2572,0.31,26.74,27.47,26.09,85.47,3.13,3.9,2.8,100.25
20200130,0.57,5.5258,1.7002,3.8604,0.54,27.67,28.82,26.08,76.88,2.39,3.46,2.15,100.08
20200131,1.61,4.6646,2.4334,3.1001,0.45,28.69,29.9,27.87,72.32,2.07,3.3,1.88,100.04
20200201,9.64,4.1321,2.5061,1.9985,0.4,27.89,28.95,26.59,78.79,1.56,2.49,1.41,100.06
20200202,14.88,4.115,1.1789,2.7847,0.4,28.13,28.58,27.75,82.14,2.66,4.57,2.37,100.11
20200203,36.14,5.1713,2.6626,2.736,0.5,28.1,29.24,26.7,77.31,2.09,3.96,1.88,100.13
20200204,0.68,4.7213,0.4699,3.4147,0.46,28.83,30.03,27.71,71.36,2.13,3.12,1.9,100.05
20200205,4.89,4.6687,2.0105,2.4612,0.45,27.36,28.0,26.94,81.62,1.72,2.69,1.56,100.07
20200206,7.07,3.7399,0.1022,2.814,0.36,27.94,28.64,27.25,82.26,3.59,5.6,3.15,100.09
20200207,40.07,4.0838,1.2816,2.6462,0.39,27.37,27.67,27.16,88.01,5.13,6.31,4.44,100.14
20200208,21.43,3.4164,0.6871,2.4576,0.33,26.48,27.07,26.16,84.27,3.14,5.85,2.79,100.33
20200209,1.55,4.9646,3.371,2.2382,0.48,27.65,28.49,26.77,73.93,1.23,2.37,1.13,100.2
20200210,5.21,4.788,1.2074,2.8848,0.46,27.9,28.5,26.9,76.57,1.9,3.03,1.73,100.14
20200211,3.59,4.6682,2.0045,2.5116,0.45,28.08,28.85,27.07,77.22,2.27,3.97,2.03,100.15
20200212,10.34,5.1154,2.1941,3.0967,0.49,29.08,29.69,28.59,73.95,2.08,3.8,1.86,100.14
20200213,17.71,4.6231,1.6555,2.6962,0.44,28.51,29.02,28.08,81.84,3.49,5.71,3.04,100.07
20200214,23.59,4.3637,1.037,2.6354,0.42,27.77,28.37,27.04,86.09,4.41,6.73,3.79,100.07
20200215,14.46,4.819,1.1369,3.1601,0.46,27.77,28.27,27.14,83.17,4.62,5.47,3.98,100.19
20200216,2.68,5.8483,2.8752,2.9969,0.56,27.35,27.84,26.78,80.75,2.71,4.46,2.38,100.29
20200217,12.39,5.9023,4.1575,2.405,0.57,27.76,28.83,26.93,76.85,1.82,3.33,1.64,100.26
20200218,6.74,4.2583,0.7531,2.6791,0.41,27.22,28.27,26.07,77.08,1.56,2.64,1.39,100.27
20200219,4.95,4.1525,0.761,2.7432,0.4,28.05,28.77,26.96,72.69,1.08,2.0,0.95,100.21
20200220,1.75,5.3186,3.6406,2.3328,0.51,28.72,30.04,27.67,73.57,1.55,2.39,1.4,100.09
20200221,0.65,5.0189,3.5698,2.0717,0.48,29.18,30.67,27.79,70.81,1.32,2.57,1.17,100.15
20200222,0.28,5.8932,4.7966,2.257,0.56,29.22,30.75,27.96,70.9,2.54,5.22,2.22,100.19
20200223,0.23,5.1794,3.935,2.0621,0.49,29.15,30.84,27.51,68.61,2.22,4.21,1.95,100.11
20200224,0.41,5.0021,3.4162,2.2373,0.48,29.43,30.92,27.94,70.47,2.26,4.29,2.0,100.0
20200225,0.87,5.0544,3.0151,2.3568,0.48,29.58,30.48,28.82,73.18,1.66,2.53,1.51,99.96
20200226,2.81,5.5572,3.487,2.6446,0.53,29.27,30.48,28.4,76.28,2.06,4.19,1.82,99.95
20200227,1.94,5.6388,4.0133,3.3134,0.54,29.27,30.25,28.29,74.84,1.25,2.2,1.17,99.93
20200228,3.55,5.5298,1.7465,3.041,0.53,29.06,29.96,28.21,77.27,1.53,3.25,1.39,99.89
20200229,27.36,5.8834,3.7006,3.3521,0.56,28.6,29.02,28.08,80.87,1.89,3.72,1.71,99.9
20200301,6.58,5.5632,3.2702,2.7737,0.53,28.76,29.32,28.29,78.63,1.64,2.9,1.48,99.98
20200302,12.71,4.6262,1.5922,2.8726,0.44,28.03,28.64,27.72,86.27,3.04,4.16,2.72,99.95
20200303,116.9,4.6094,1.6008,2.7929,0.44,27.81,28.1,27.49,86.65,3.97,6.28,3.49,99.97
20200304,21.21,5.4538,1.8802,2.9875,0.52,27.86,28.11,27.51,84.99,4.58,5.93,3.94,100.08
20200305,1.77,4.0104,0.5369,2.7331,0.38,27.87,28.38,27.44,80.54,2.54,4.56,2.23,100.15
20200306,0.69,5.8985,3.0516,2.8114,0.56,28.35,29.25,27.61,74.26,2.31,3.4,2.07,100.23
20200307,0.59,5.8831,3.0526,2.8675,0.56,28.72,29.67,27.93,73.69,1.36,2.17,1.23,100.21
20200308,11.23,4.9649,2.0095,2.7456,0.47,28.31,29.12,27.47,79.09,2.95,4.99,2.59,100.16
20200309,0.84,5.8387,2.8416,2.921,0.55,28.64,29.68,27.39,68.75,2.02,3.86,1.79,100.09
20200310,0.2,6.7262,6.066,1.8782,0.64,28.85,29.45,28.35,74.03,2.33,2.95,2.05,100.04
20200311,0.11,6.5273,4.9061,2.4602,0.62,29.0,29.79,28.15,77.84,3.86,4.9,3.34,100.07
20200312,1.54,5.6453,4.169,2.2366,0.54,29.06,29.76,28.51,80.07,4.57,4.86,3.95,100.18
20200313,6.11,5.9023,3.7198,2.4746,0.56,28.8,29.2,28.35,81.96,4.03,6.61,3.52,100.12
20200314,5.15,4.9632,3.3662,2.2027,0.47,29.09,30.0,28.27,77.19,1.89,3.51,1.74,99.97
20200315,3.56,5.3371,2.6957,2.8351,0.51,29.0,30.14,27.89,79.38,2.51,3.76,2.3,99.96
20200316,31.14,5.5092,2.7506,2.827,0.52,29.12,30.14,28.51,78.11,2.28,3.93,2.07,100.06
20200317,15.75,4.0543,1.7153,2.2426,0.39,28.52,29.21,27.83,81.46,2.03,6.45,1.82,100.11
20200318,13.77,4.5286,1.2197,2.7341,0.43,28.39,29.53,27.25,77.26,3.65,5.94,3.2,100.1
20200319,15.15,4.1083,0.8911,2.3762,0.39,27.41,28.13,26.64,82.96,3.34,4.81,2.9,100.18
20200320,6.88,5.6033,2.4979,2.7869,0.53,27.3,28.18,26.16,80.7,1.98,3.24,1.75,100.22
20200321,8.03,4.4422,2.0736,2.3066,0.42,27.94,28.5,27.53,80.02,2.41,3.25,2.14,100.19
20200322,22.97,4.639,1.8338,2.4854,0.44,27.93,28.6,27.14,78.95,2.36,3.02,2.09,100.17
20200323,3.91,4.3682,1.3716,2.5606,0.42,28.17,28.62,27.5,76.94,1.82,2.44,1.61,100.06
20200324,5.32,4.7093,2.1367,2.406,0.45,28.36,29.02,26.98,78.12,2.37,3.58,2.12,99.9
20200325,17.22,5.4746,3.4476,2.3285,0.52,27.83,28.62,26.64,81.09,2.48,2.96,2.21,99.85
20200326,43.15,4.273,1.2415,2.616,0.41,27.86,28.99,26.09,82.83,4.2,6.27,3.65,99.97
20200327,3.35,5.8486,3.5614,3.1663,0.56,27.6,28.95,25.53,76.37,1.47,2.14,1.32,100.13
20200328,8.29,4.6764,1.8802,2.4439,0.45,28.38,28.88,27.85,76.82,1.58,2.42,1.4,100.03
20200329,14.6,5.249,2.8951,2.3662,0.51,28.36,29.02,27.7,77.82,2.45,4.36,2.15,99.93
20200330,17.48,5.4154,2.1734,3.066,0.52,27.56,28.35,26.52,78.32,1.76,2.84,1.55,100.08
20200331,5.45,5.1451,1.1038,3.4577,0.5,27.98,28.5,27.43,77.13,1.67,2.33,1.47,100.09
20200401,3.69,5.5183,3.4661,2.3767,0.53,28.21,28.88,27.59,79.44,2.8,3.38,2.47,100.06
20200402,6.49,5.2562,2.7307,2.4766,0.51,28.0,28.37,27.48,81.83,2.57,3.57,2.25,100.01
20200403,7.11,5.5426,2.3988,2.8668,0.54,28.1,29.12,27.18,77.72,1.34,2.63,1.2,100.03
20200404,9.16,4.7158,2.6743,2.1766,0.46,28.19,28.91,27.51,79.93,1.75,4.28,1.55,100.01
20200405,58.13,4.1681,1.0608,2.4972,0.4,27.37,27.79,26.77,88.16,4.3,5.16,3.71,100.17
20200406,8.69,2.958,0.9122,1.9884,0.29,26.99,27.81,25.91,78.34,2.01,3.44,1.77,100.27
20200407,3.19,5.7559,2.5046,3.0235,0.56,28.14,29.11,27.34,71.45,1.96,3.83,1.74,100.17
20200408,4.54,5.1158,2.2606,2.6537,0.5,28.09,28.69,27.22,75.61,1.88,2.82,1.69,100.16
20200409,11.41,5.0083,2.4989,2.489,0.49,27.64,28.1,27.08,78.96,2.81,3.44,2.49,100.23
20200410,35.91,5.2452,2.2826,2.6928,0.51,27.34,27.79,26.66,83.42,2.09,3.4,1.84,100.24
20200411,11.25,4.2614,1.5862,2.544,0.42,28.69,29.82,27.22,76.79,2.06,3.09,1.84,100.15
20200412,8.67,4.7282,1.799,2.5752,0.46,28.67,29.31,28.33,80.99,2.69,5.14,2.38,100.07
20200413,7.42,5.7209,3.7728,2.3054,0.56,27.98,28.52,27.39,82.72,2.95,5.62,2.57,100.05
20200414,7.63,4.7558,1.6279,2.7365,0.47,28.26,28.66,27.86,80.65,1.67,2.46,1.51,100.08
20200415,14.11,5.6261,3.6914,2.3885,0.55,28.43,28.87,28.06,82.24,3.07,3.98,2.72,100.11
20200416,10.57,3.654,0.6151,2.2637,0.36,27.63,27.98,27.13,82.79,2.31,3.13,2.04,100.1
20200417,13.0,5.3021,3.1363,2.317,0.52,27.92,28.74,27.02,76.43,1.08,1.77,0.96,100.15
20200418,4.34,5.4706,3.4471,2.3837,0.54,28.17,28.72,27.5,78.06,1.49,2.53,1.37,100.12
20200419,4.91,5.1634,3.1255,2.3244,0.51,28.61,29.42,27.77,80.44,2.64,3.45,2.37,100.02
20200420,2.51,5.4005,4.4359,1.8619,0.54,29.24,30.58,28.23,74.57,1.14,1.95,1.06,99.97
20200421,2.87,5.9309,4.3447,2.3837,0.59,29.12,30.14,28.11,77.5,1.52,2.36,1.4,99.95
20200422,4.94,5.0086,3.4517,2.2272,0.5,29.16,30.14,28.41,77.55,1.22,3.0,1.09,99.92
20200423,11.9,4.2564,0.5345,3.0254,0.43,27.74,28.52,27.44,86.77,1.83,3.97,1.67,99.96
20200424,9.62,5.6806,3.4922,3.1826,0.57,28.42,29.27,27.29,76.77,2.23,3.95,2.04,99.93
20200425,21.23,4.4976,0.8746,2.8286,0.45,28.39,28.7,28.03,79.14,1.83,2.3,1.7,99.96
20200426,49.85,4.6135,1.3284,2.8488,0.46,27.93,28.45,27.5,83.57,2.88,4.1,2.56,100.05
20200427,6.74,4.9118,1.3301,3.2789,0.5,27.93,28.38,27.32,78.94,1.68,3.3,1.47,100.13
20200428,5.34,4.8497,1.033,3.4438,0.49,27.71,28.3,27.29,77.38,1.18,2.07,1.03,100.13
20200429,8.45,5.2639,2.4379,2.6496,0.53,27.69,28.31,27.04,80.38,1.95,3.03,1.73,100.06
20200430,17.94,4.5408,1.2612,2.8757,0.46,27.22,27.66,26.94,86.17,3.28,4.73,2.89,100.12
20200501,47.8,2.3714,0.151,1.759,0.24,27.14,27.37,26.83,88.94,5.04,6.45,4.35,100.07
20200502,13.73,3.7999,0.6055,2.5586,0.39,27.74,28.55,26.91,84.58,4.74,5.95,4.1,99.95
20200503,5.65,3.6492,0.7404,2.6218,0.37,27.79,28.36,27.29,84.17,4.01,5.28,3.5,100.01
20200504,6.44,5.9453,4.9507,2.1569,0.61,27.99,28.72,27.18,83.68,3.5,4.05,3.07,100.05
20200505,14.65,5.2711,2.13,3.1714,0.54,27.77,28.32,27.21,84.46,3.23,4.81,2.84,100.08
20200506,5.64,4.6598,0.6946,3.4205,0.48,27.97,28.72,27.01,83.73,2.84,3.38,2.52,99.96
20200507,6.8,4.9927,3.2642,2.2354,0.51,28.26,29.11,27.6,83.43,3.69,5.66,3.22,99.97
20200508,9.99,4.0668,0.7056,2.9702,0.42,28.24,28.81,27.59,87.52,5.28,7.18,4.49,99.94
20200509,9.18,4.7225,2.532,2.485,0.49,27.91,28.25,27.44,81.04,1.31,2.26,1.17,99.99
20200510,7.87,5.0741,3.5165,2.089,0.53,27.96,28.5,27.59,83.31,2.63,3.67,2.33,100.03
20200511,1.08,5.6347,3.9989,2.6623,0.58,28.53,29.42,27.58,77.9,1.88,3.67,1.66,99.99
20200512,8.9,5.3707,3.9017,2.3837,0.56,28.82,29.65,28.24,75.36,1.54,2.7,1.37,99.95
20200513,10.63,4.6572,1.7916,2.5481,0.48,28.4,28.98,27.87,81.03,1.97,2.93,1.75,99.95
20200514,5.35,4.7621,2.5999,2.417,0.5,28.58,29.15,28.12,79.0,2.13,3.0,1.89,99.85
20200515,34.83,5.2351,3.6845,2.2361,0.55,28.14,28.8,27.26,77.24,2.1,2.86,1.86,99.76
20200516,12.29,4.6874,2.2942,2.6201,0.49,28.96,29.87,28.33,79.11,2.52,4.42,2.23,99.65
20200517,18.65,2.9335,0.1646,2.0974,0.31,27.57,28.16,26.54,88.4,4.35,6.33,3.73,99.81
20200518,5.78,4.7009,2.67,3.1078,0.49,26.89,27.44,26.29,86.36,1.98,4.07,1.76,99.85
20200519,11.46,4.877,3.7699,2.3839,0.51,28.65,29.75,27.66,81.63,5.14,6.3,4.38,99.85
20200520,9.94,3.1003,0.1078,2.347,0.33,28.39,28.7,28.08,81.62,5.58,6.69,4.74,100.01
20200521,0.53,5.1691,2.7509,2.7574,0.55,28.91,29.89,28.05,74.74,5.22,6.65,4.43,99.94
20200522,2.01,4.9798,2.2193,2.7886,0.53,28.9,29.72,28.36,76.98,4.03,4.69,3.48,99.99
20200523,5.9,3.6139,0.3586,2.7223,0.38,28.23,28.84,27.75,84.57,4.0,4.92,3.45,100.08
20200524,4.55,5.5363,4.4621,2.4602,0.59,28.21,28.92,27.54,78.46,1.39,2.41,1.24,100.16
20200525,4.57,5.3878,4.2931,2.0474,0.57,28.15,28.88,27.56,80.39,2.04,3.18,1.82,100.23
20200526,14.76,3.713,2.309,1.8468,0.4,27.6,28.13,27.13,85.27,3.09,3.53,2.72,100.25
20200527,2.94,3.0,0.319,2.2253,0.32,28.02,28.96,27.06,78.65,1.9,2.94,1.68,100.2
20200528,0.8,5.3659,4.6872,2.3078,0.57,28.41,29.33,27.69,74.81,1.55,2.32,1.36,100.1
20200529,2.92,5.1799,2.617,3.1349,0.55,28.57,29.11,28.08,76.34,1.28,2.42,1.16,100.1
20200530,7.11,4.5492,2.6366,2.2176,0.49,27.95,28.4,27.49,83.03,2.26,3.09,2.01,100.16
20200531,5.64,4.8787,3.3173,2.209,0.52,27.97,28.86,27.04,76.86,2.44,4.2,2.13,100.22
20200601,1.1,4.2583,0.7068,2.8781,0.46,27.88,28.65,27.03,76.69,1.48,2.59,1.32,100.18
20200602,0.71,4.823,3.1226,2.1859,0.52,28.08,28.68,27.53,77.56,1.74,3.0,1.55,100.07
20200603,7.02,5.2488,3.4814,2.334,0.56,27.85,28.31,27.34,80.48,2.15,3.6,1.89,100.04
20200604,22.84,4.4914,1.0903,3.1507,0.48,26.28,27.17,25.34,88.43,2.46,3.92,2.16,100.14
20200605,14.17,2.9914,0.7574,1.9685,0.32,26.36,26.99,25.35,82.07,2.88,5.79,2.51,100.22
20200606,0.61,5.2056,3.2928,2.3714,0.56,27.55,28.86,25.96,68.34,1.52,2.28,1.37,100.14
20200607,1.46,6.1378,6.4961,1.6562,0.66,27.83,28.39,27.15,76.58,1.7,2.8,1.51,100.02
20200608,2.0,5.5579,4.5314,2.574,0.6,28.49,29.31,27.79,73.73,2.46,3.09,2.17,100.0
20200609,1.91,6.0612,5.7024,1.8437,0.66,28.54,29.41,27.78,72.33,1.87,2.86,1.64,100.01
20200610,0.99,5.6249,4.6505,2.1091,0.61,28.61,29.38,28.12,73.69,1.64,2.16,1.46,99.95
20200611,1.23,5.0381,3.6007,2.3849,0.55,28.34,28.88,27.95,78.81,1.79,3.6,1.6,99.85
20200612,11.31,4.1112,1.6795,2.2702,0.45,27.6,28.16,26.81,84.55,2.83,4.44,2.45,99.84
20200613,2.5,2.6815,0.09,2.0659,0.29,27.38,28.21,26.27,77.55,1.66,3.73,1.48,99.93
20200614,0.8,5.0124,3.8052,2.0873,0.54,28.25,28.9,27.71,77.7,1.44,2.35,1.28,99.94
20200615,1.74,5.4163,4.6291,1.9788,0.59,28.35,28.93,27.82,80.68,1.41,2.17,1.28,99.98
20200616,20.93,4.1621,2.2198,2.4749,0.45,28.03,28.56,27.56,83.51,2.34,3.42,2.14,99.99
20200617,3.31,4.451,1.7722,2.6467,0.48,27.44,27.89,26.96,81.77,2.41,3.24,2.16,100.06
20200618,4.76,3.7759,1.7251,2.0549,0.41,27.29,27.7,26.84,81.19,2.47,3.48,2.22,100.13
20200619,12.54,4.625,2.2262,2.4413,0.5,27.17,27.61,26.64,83.33,3.16,3.81,2.77,100.12
20200620,4.25,4.2046,0.5422,3.0144,0.46,26.69,27.22,26.18,87.75,3.46,4.18,3.02,100.02
20200621,18.57,4.4717,2.057,2.6074,0.49,26.29,26.98,25.66,87.22,2.83,3.47,2.5,99.95
20200622,13.93,3.9252,1.2041,2.597,0.43,26.46,27.04,25.88,85.28,3.32,4.49,2.93,100.01
20200623,35.55,5.1257,2.545,3.2791,0.56,26.58,27.06,25.81,84.93,2.37,3.43,2.13,100.04
20200624,15.8,3.6439,0.3403,2.5822,0.4,27.17,27.77,26.33,77.59,2.51,3.45,2.26,100.07
20200625,0.24,5.1571,4.0613,2.0806,0.56,28.1,28.91,27.53,69.6,1.44,2.68,1.29,100.0
20200626,0.28,5.9513,5.6191,1.9416,0.65,27.79,28.39,27.2,75.66,1.38,2.08,1.25,100.02
20200627,0.07,5.0803,2.7754,2.5066,0.55,28.29,29.26,27.67,70.99,1.47,2.27,1.31,100.01
20200628,0.2,5.3249,3.8069,2.3014,0.58,28.16,28.85,27.54,79.05,2.87,3.86,2.53,100.0
20200629,0.8,5.417,3.9163,2.321,0.59,28.04,28.56,27.68,82.59,2.55,3.42,2.26,99.94
20200630,9.32,4.3339,1.3692,2.6585,0.47,28.1,28.92,27.37,78.1,2.44,4.63,2.15,99.89
20200701,2.95,5.4326,4.0968,2.2277,0.59,28.35,29.45,27.58,76.44,1.68,2.88,1.48,99.9
20200702,2.81,5.3004,4.0452,2.0537,0.58,28.15,28.86,27.35,80.08,2.6,3.37,2.3,99.94
20200703,2.69,4.9786,3.539,2.1648,0.54,28.07,28.52,27.72,80.46,1.32,2.07,1.2,99.94
20200704,6.57,4.9625,3.0478,2.3412,0.54,27.83,28.85,26.28,77.76,2.06,4.79,1.88,99.93
20200705,2.23,5.2466,3.6706,2.2658,0.57,28.39,29.3,27.39,75.41,1.39,2.69,1.29,99.84
20200706,6.87,4.4868,2.5284,2.2786,0.49,27.74,28.25,26.77,83.4,3.06,3.68,2.74,99.86
20200707,6.03,4.4578,1.0834,3.0593,0.48,27.22,27.67,26.55,79.21,2.4,3.21,2.16,100.01
20200708,22.0,3.7224,0.3281,2.7847,0.4,26.96,27.33,26.49,83.12,2.67,3.92,2.41,100.03
20200709,96.86,4.1839,1.3814,2.7701,0.45,26.95,27.47,26.6,82.96,3.02,3.96,2.69,99.98
20200710,8.55,3.833,0.8242,2.6292,0.41,27.67,28.53,26.59,78.29,1.88,3.06,1.71,99.98
20200711,25.86,4.8557,3.4565,2.0782,0.52,27.41,27.75,26.75,82.57,2.77,3.98,2.46,99.99
20200712,20.33,4.6627,2.4722,2.2286,0.5,26.43,26.81,25.92,81.44,2.35,3.1,2.06,100.04
20200713,8.73,2.885,0.1956,2.1403,0.31,26.5,27.04,25.9,81.13,1.68,2.46,1.51,100.03
20200714,0.75,4.9234,2.0422,2.8118,0.53,28.09,29.38,26.97,72.07,1.99,3.17,1.79,99.88
20200715,1.92,5.0155,4.1849,2.0165,0.54,27.95,28.98,26.72,75.0,1.49,2.19,1.33,99.83
20200716,3.33,4.8403,3.294,2.2961,0.52,28.37,29.27,27.63,75.65,1.93,2.79,1.75,99.79
20200717,3.41,4.7489,3.503,2.0038,0.51,27.75,28.18,27.37,82.21,2.55,3.36,2.29,99.85
20200718,13.95,4.8439,2.958,2.4406,0.52,27.69,28.57,26.79,82.41,3.55,5.76,3.15,99.89
20200719,6.36,4.8185,2.4804,2.515,0.51,27.52,28.66,26.19,80.08,1.75,3.04,1.63,99.85
20200720,2.93,5.1434,4.3058,1.9738,0.55,28.21,29.02,27.39,79.14,1.72,2.8,1.56,99.81
20200721,6.94,5.0662,4.0006,2.2946,0.54,28.18,28.84,27.71,80.76,2.09,4.38,1.89,99.88
20200722,74.75,3.9883,0.3871,2.977,0.42,27.02,27.64,26.31,87.69,5.76,7.26,4.96,99.94
20200723,11.89,5.021,2.8135,2.8546,0.53,26.88,27.62,25.98,77.35,2.2,5.7,1.94,99.97
20200724,2.49,4.1906,2.2958,2.2178,0.44,28.32,29.21,27.54,71.86,1.17,2.47,1.07,99.9
20200725,9.26,3.7884,0.8686,2.3666,0.4,27.72,28.43,26.95,81.71,3.2,5.54,2.78,99.94
20200726,6.11,4.4808,2.9441,2.2354,0.47,27.81,28.31,27.42,83.83,3.87,6.44,3.33,99.89
20200727,13.56,4.5662,2.0114,2.627,0.48,27.43,27.72,27.03,81.94,2.44,3.79,2.14,99.92
20200728,12.6,4.3606,1.1261,3.0317,0.46,26.76,27.65,26.02,82.31,2.21,4.39,1.92,100.01
20200729,3.04,4.2749,0.8474,2.8699,0.45,27.32,28.29,25.98,73.1,1.64,2.5,1.43,100.05
20200730,3.55,5.0938,2.9309,2.3664,0.53,27.44,27.96,26.93,78.68,2.51,3.4,2.21,100.09
20200731,7.2,4.6738,1.1443,2.9839,0.49,27.05,27.7,26.43,79.84,2.56,4.01,2.24,100.09
20200801,5.08,5.268,2.9664,3.043,0.55,27.61,28.5,26.55,79.85,3.85,5.1,3.35,100.02
20200802,1.96,5.4677,3.8338,2.4274,0.57,27.54,28.05,27.02,78.06,3.07,4.04,2.7,100.0
20200803,3.45,4.9174,2.1989,2.6868,0.51,27.46,27.96,26.73,79.56,2.84,3.91,2.5,99.9
20200804,8.71,3.1442,0.2633,2.305,0.33,26.73,27.74,26.04,82.96,3.76,5.14,3.25,99.93
20200805,0.67,3.7385,0.1711,2.807,0.39,27.72,28.47,26.5,75.68,2.23,3.45,1.98,99.95
20200806,0.35,4.8734,1.4309,2.801,0.51,28.24,28.87,27.81,77.18,1.97,2.46,1.74,99.93
20200807,0.5,6.7394,6.9343,1.506,0.7,27.86,28.46,27.14,79.02,1.51,2.13,1.35,99.99
20200808,1.18,6.3197,6.719,2.4564,0.65,28.55,29.31,27.6,73.74,2.12,2.96,1.85,99.98
20200809,4.59,6.5026,6.1742,1.7849,0.67,28.2,28.82,27.73,77.86,2.32,2.89,2.03,100.03
20200810,1.52,5.7173,4.393,2.2378,0.59,28.08,28.93,27.47,79.42,2.42,3.28,2.16,100.06
20200811,2.24,4.3711,0.5227,3.1308,0.45,27.77,28.59,27.31,80.9,2.48,3.77,2.2,100.12
20200812,2.54,5.6758,3.6074,2.7166,0.58,27.94,28.73,27.23,75.29,1.48,2.22,1.33,100.21
20200813,2.78,4.9982,1.4474,2.9491,0.51,27.68,28.39,27.25,77.99,2.1,2.73,1.86,100.14
20200814,0.13,4.8,1.4767,2.7574,0.49,28.2,29.1,27.13,71.67,1.8,2.95,1.62,100.02
20200815,4.16,5.1696,3.5342,2.0911,0.53,28.15,28.99,27.54,76.28,1.92,3.09,1.71,99.98
20200816,4.69,5.5142,3.659,2.2186,0.56,27.45,28.23,26.13,76.1,1.78,3.16,1.57,100.03
20200817,20.42,4.0063,1.1146,2.3309,0.41,27.12,27.53,26.75,79.95,3.66,4.48,3.2,100.1
20200818,4.81,5.1876,2.8675,2.4835,0.53,27.41,28.43,26.17,75.72,3.73,5.72,3.25,100.01
20200819,1.27,4.201,1.7222,2.2358,0.43,28.25,28.89,27.81,72.61,1.87,3.33,1.68,99.91
20200820,1.57,5.1684,2.9652,2.3462,0.52,28.19,29.02,27.65,79.01,1.5,2.43,1.37,99.88
20200821,26.33,5.0076,3.5971,2.0753,0.51,27.99,28.63,27.53,84.33,3.76,5.94,3.3,100.01
20200822,7.33,4.6286,2.3006,2.4514,0.47,27.63,28.33,26.72,77.03,2.2,5.04,1.94,100.17
20200823,3.21,4.6788,2.4014,2.2174,0.47,27.92,28.45,27.39,76.66,1.42,2.43,1.27,100.12
20200824,1.76,5.2596,3.3811,2.2937,0.53,28.58,29.68,27.61,75.81,1.88,2.48,1.71,99.98
20200825,3.56,4.4213,2.8961,1.8948,0.44,28.61,29.53,27.97,75.35,1.15,2.02,1.05,100.06
20200826,3.29,4.0423,1.0018,2.6038,0.4,28.5,29.75,27.42,74.31,2.19,3.23,1.97,100.03
20200827,3.16,5.6923,4.2674,2.1806,0.57,27.97,28.53,27.67,78.73,2.23,2.75,1.99,99.94
20200828,3.04,5.999,4.7239,2.4197,0.6,27.97,28.93,27.26,79.27,2.13,2.89,1.91,99.85
20200829,4.57,5.281,3.5978,2.3117,0.53,27.43,28.07,26.89,84.56,2.9,4.01,2.57,99.81
20200830,3.98,5.0155,2.9604,2.311,0.5,27.44,28.2,26.46,81.48,2.45,3.37,2.23,99.85
20200831,10.03,4.6711,2.0717,2.5301,0.46,27.62,28.12,27.05,82.38,2.87,3.7,2.58,99.9
20200901,48.0,4.6058,2.0186,2.4845,0.46,27.53,28.26,26.79,86.03,4.3,5.46,3.76,99.88
20200902,5.29,4.8283,1.6822,2.8949,0.48,28.26,29.39,27.28,78.55,4.07,5.1,3.54,99.92
20200903,7.52,4.4621,1.8154,2.5039,0.44,28.19,29.41,27.21,76.72,2.31,3.26,2.09,100.02
20200904,30.58,4.7302,2.4607,2.3808,0.47,27.12,27.71,26.48,83.3,3.07,4.99,2.73,100.02
20200905,22.4,4.273,1.2401,2.485,0.42,25.79,26.42,25.23,87.07,2.95,6.07,2.57,100.04
20200906,3.03,5.057,2.3026,2.7751,0.5,27.2,28.31,25.24,79.37,2.77,3.38,2.47,99.99
20200907,0.6,5.2397,2.929,2.5486,0.52,27.97,28.52,27.4,77.77,1.83,2.63,1.67,99.99
20200908,7.0,4.4222,1.7726,2.4017,0.43,28.16,29.26,27.47,79.53,2.89,5.19,2.56,100.04
20200909,34.25,3.0986,0.5278,2.0321,0.3,27.48,28.2,26.65,87.02,6.89,8.7,5.83,99.99
20200910,23.23,3.2011,0.2366,2.3136,0.31,25.93,26.45,25.48,84.93,3.53,5.87,3.08,100.04
20200911,4.29,5.0762,2.0695,2.9671,0.5,26.08,26.88,25.23,85.66,3.53,5.19,3.08,100.08
20200912,8.76,5.0506,2.1679,2.6878,0.49,26.48,26.91,25.95,85.73,4.01,5.52,3.5,100.19
20200913,2.48,5.9695,3.9437,2.4946,0.58,26.81,27.32,26.08,79.98,1.8,2.97,1.57,100.19
20200914,1.74,5.2267,2.305,2.959,0.51,27.28,27.95,26.58,79.31,2.32,3.25,2.07,100.11
20200915,2.3,6.0214,4.4899,2.311,0.59,26.76,27.12,26.27,78.47,2.25,3.14,2.0,100.26
20200916,3.3,4.7513,1.2749,2.803,0.46,26.87,27.38,26.28,75.78,1.94,2.56,1.71,100.23
20200917,8.0,5.1106,3.0113,2.3962,0.5,27.3,28.06,26.46,75.06,2.44,3.34,2.15,100.11
20200918,13.66,4.0615,1.1484,2.513,0.39,26.9,27.65,25.98,81.89,4.34,5.92,3.74,100.0
20200919,8.11,4.0306,0.3835,2.9256,0.39,26.87,27.85,26.03,83.39,2.51,3.68,2.22,99.88
20200920,22.71,4.7868,1.6145,2.8745,0.46,27.27,27.69,26.81,81.25,3.1,3.84,2.77,99.95
20200921,9.6,3.503,0.1046,2.5831,0.34,26.79,27.83,25.68,82.93,1.74,2.84,1.61,100.07
20200922,8.85,5.1156,2.0251,2.7614,0.5,26.84,27.24,26.13,86.1,3.19,3.66,2.81,100.07
20200923,28.08,3.9434,2.0834,1.9788,0.38,27.15,27.89,26.63,82.74,3.92,5.54,3.39,100.17
20200924,7.45,4.7378,2.099,2.6467,0.46,26.36,27.23,24.76,77.27,1.64,2.79,1.45,100.27
20200925,7.61,3.3974,1.1052,2.051,0.33,27.02,27.52,26.61,80.36,2.15,2.87,1.92,100.18
20200926,47.49,2.2606,0.1786,1.601,0.22,26.04,26.47,25.58,86.6,3.64,4.81,3.22,100.19
20200927,2.79,4.6214,0.432,3.3418,0.45,26.58,27.28,25.52,78.09,1.67,2.31,1.49,100.17
20200928,4.49,5.4996,3.294,2.5488,0.53,27.18,27.55,26.72,79.43,2.16,2.78,1.89,100.09
20200929,5.78,4.8334,1.2926,2.983,0.47,27.87,28.88,26.79,79.85,1.78,2.45,1.62,99.95
20200930,5.59,4.4698,2.0503,2.3371,0.43,27.95,29.1,26.9,79.21,1.95,3.49,1.74,99.85
20201001,24.2,3.2138,0.8719,2.0458,0.31,27.22,28.03,26.68,85.74,2.55,6.35,2.27,99.84
20201002,68.94,4.5991,2.3844,2.245,0.44,26.74,27.34,26.41,84.08,4.01,5.34,3.51,100.05
20201003,4.96,5.7154,2.7564,2.5666,0.55,26.84,27.66,25.97,80.96,2.71,4.29,2.39,100.11
20201004,2.28,5.004,1.2612,2.9021,0.48,27.53,28.07,27.11,76.56,1.65,2.5,1.46,100.07
20201005,9.45,4.5835,2.2702,2.2654,0.44,27.04,27.86,26.19,82.71,2.66,3.69,2.33,100.07
20201006,9.98,4.7407,0.7046,3.1793,0.46,26.83,27.32,26.16,86.5,4.56,6.6,3.9,100.05
20201007,12.91,3.8239,0.233,2.7468,0.37,26.08,26.66,25.71,87.23,3.02,3.83,2.64,100.01
20201008,40.4,3.4111,0.3343,2.3354,0.33,26.23,26.82,25.79,88.16,4.67,6.34,4.02,100.0
20201009,12.71,4.1688,0.1771,3.0634,0.4,26.11,26.97,25.66,86.72,4.24,5.03,3.7,100.02
20201010,3.92,5.3698,1.2888,3.7634,0.52,26.76,27.82,25.93,81.4,3.25,5.75,2.83,99.94
20201011,5.58,5.6794,2.3628,3.4226,0.55,26.48,27.82,25.8,83.66,2.05,3.52,1.82,99.89
20201012,3.73,5.7398,2.0328,3.8057,0.55,26.78,27.49,26.21,81.95,2.06,3.57,1.8,99.88
20201013,7.39,5.2423,2.3239,2.8723,0.51,26.57,27.44,25.86,81.45,2.55,4.02,2.25,99.97
20201014,9.41,4.8574,1.2331,3.3348,0.47,26.45,27.32,25.52,84.67,2.52,3.61,2.21,100.07
20201015,4.16,5.689,2.545,3.0602,0.55,26.52,27.31,25.82,79.71,1.77,3.82,1.55,100.07
20201016,0.84,6.3163,5.1365,2.5726,0.61,27.01,27.95,25.98,78.3,1.89,2.41,1.68,99.96
20201017,6.62,6.2124,4.7033,2.7691,0.6,27.3,28.06,26.33,77.89,2.79,3.74,2.38,100.0
20201018,1.0,5.3542,1.4326,3.6797,0.52,27.53,28.34,26.93,77.5,1.87,2.79,1.63,100.0
20201019,2.93,6.0266,3.949,2.5219,0.58,27.73,28.47,27.16,77.44,1.38,2.38,1.21,99.97
20201020,7.96,5.6354,3.3881,2.6158,0.55,27.6,28.21,26.95,80.55,3.01,4.48,2.65,100.0
20201021,10.25,5.4588,2.1854,3.2767,0.53,27.68,28.2,27.13,80.23,4.68,5.86,4.0,100.04
20201022,13.06,5.0614,1.6654,3.3247,0.49,27.19,28.18,26.05,76.82,3.19,4.09,2.79,100.14
20201023,6.57,5.1864,1.1215,3.6382,0.5,26.67,27.77,25.54,75.64,1.43,3.14,1.25,100.11
20201024,10.37,4.4273,0.575,3.1733,0.43,26.63,27.15,26.14,76.3,2.39,3.9,2.09,100.21
20201025,9.43,4.2552,0.9734,3.0235,0.41,26.62,27.45,25.74,78.91,2.09,2.46,1.83,100.24
20201026,2.23,4.4016,0.3941,3.2642,0.43,26.28,26.95,25.71,80.05,1.78,2.78,1.57,100.2
20201027,2.73,6.5249,4.9999,2.5097,0.63,27.04,27.74,25.99,74.55,0.63,1.41,0.55,100.1
20201028,3.31,5.7454,2.9839,3.3607,0.56,27.6,28.45,26.91,74.56,1.21,2.68,1.05,100.12
20201029,3.1,5.5236,3.6094,2.6258,0.54,27.7,28.55,27.03,76.48,1.9,4.4,1.66,100.11
20201030,7.2,5.4617,2.7389,2.6674,0.53,27.52,28.12,26.96,79.71,3.51,4.26,3.04,100.11
20201031,17.67,4.6344,1.6802,2.8361,0.45,27.06,27.68,26.61,81.98,3.88,4.9,3.34,100.17
20201101,15.14,4.7148,1.5821,2.8603,0.46,26.96,27.72,26.16,74.42,1.81,2.96,1.59,100.22
20201102,9.67,4.7489,0.8414,3.391,0.46,27.12,27.83,26.32,80.83,3.17,3.78,2.76,100.23
20201103,12.33,4.7299,1.6214,2.8493,0.46,27.18,27.76,26.82,81.35,2.18,3.12,1.9,100.24
20201104,5.9,4.5113,0.5222,3.2743,0.44,27.1,27.76,26.59,80.34,2.04,3.18,1.8,100.18
20201105,1.1,4.9829,1.8864,3.1085,0.49,27.22,27.97,26.64,79.49,1.81,3.61,1.6,100.15
20201106,10.41,5.305,2.3491,3.0144,0.52,26.68,27.35,25.96,83.89,2.02,2.65,1.78,100.18
20201107,10.24,4.3003,0.7493,3.0348,0.42,26.58,27.35,25.9,83.91,1.82,2.69,1.63,100.16
20201108,18.29,4.2631,0.6264,2.9491,0.42,26.13,26.54,25.67,87.12,2.67,3.7,2.36,100.15
20201109,7.48,4.9675,2.0112,3.0931,0.49,26.4,27.4,25.34,84.3,2.09,2.84,1.86,100.1
20201110,4.42,5.2322,1.812,2.9938,0.51,26.17,27.27,25.8,84.36,2.08,2.65,1.84,100.05
20201111,4.73,5.1571,2.4797,2.8553,0.51,27.75,28.69,26.58,80.12,2.8,3.76,2.46,99.96
20201112,8.98,5.5632,3.7867,2.4005,0.55,28.08,29.12,27.34,82.4,2.47,3.79,2.19,99.95
20201113,53.55,5.1818,3.2052,2.7288,0.51,27.93,28.56,27.04,83.71,2.56,4.87,2.3,99.87
20201114,3.18,4.9754,2.471,2.8874,0.49,28.19,29.01,27.47,82.03,1.7,2.8,1.57,99.83
20201115,7.49,4.3814,1.5682,2.5366,0.43,27.94,28.79,27.25,82.24,1.35,2.29,1.29,99.92
20201116,20.09,4.2072,2.0806,2.2954,0.42,27.92,29.42,26.7,78.31,1.84,3.3,1.64,99.92
20201117,54.35,3.9749,0.5645,2.7158,0.39,26.83,27.3,26.45,85.64,2.33,3.18,2.14,99.94
20201118,15.25,5.159,1.8091,3.1001,0.51,27.2,28.5,26.21,81.42,1.71,3.68,1.56,99.86
20201119,58.29,4.8202,1.8269,2.7113,0.48,27.18,27.6,26.89,87.11,3.2,3.84,2.85,99.9
20201120,30.03,4.9354,1.8684,3.2892,0.49,27.27,27.89,26.79,84.04,2.83,4.25,2.53,99.91
20201121,22.41,2.9822,0.3214,2.046,0.3,26.54,27.04,26.27,89.5,4.23,5.74,3.68,99.99
20201122,7.2,5.1739,2.4619,2.9532,0.51,27.11,27.86,26.51,84.64,5.44,7.56,4.66,100.06
20201123,14.41,4.4554,1.1657,2.6537,0.44,27.28,28.2,26.74,80.3,4.36,7.17,3.79,100.1
20201124,15.91,4.1052,0.9202,2.6371,0.41,26.8,27.38,26.49,83.33,3.67,5.37,3.24,100.09
20201125,37.76,4.7268,1.2235,3.2215,0.47,26.34,26.77,25.88,84.78,2.61,3.76,2.31,100.01
20201126,25.7,3.7884,0.2316,2.789,0.38,26.05,26.26,25.65,87.56,3.31,3.86,2.92,100.04
20201127,9.63,4.3874,0.8758,2.8476,0.44,26.57,27.32,25.72,86.18,4.21,5.15,3.63,100.09
20201128,18.02,4.0186,0.3998,2.971,0.4,26.15,26.57,25.48,79.65,1.76,2.77,1.55,100.24
20201129,2.54,4.6637,1.6709,2.6837,0.47,26.5,27.09,25.58,78.69,1.51,2.42,1.33,100.16
20201130,0.74,4.9848,1.523,3.1447,0.5,26.99,27.56,26.05,79.26,2.14,3.13,1.89,100.1
20201201,0.8,6.8405,6.6286,1.8893,0.69,27.98,28.68,27.27,72.26,1.68,2.36,1.48,100.08
20201202,0.17,6.9305,6.9326,2.0506,0.69,27.86,28.57,27.26,76.26,2.87,3.52,2.54,100.01
20201203,0.4,6.3055,5.3839,2.8334,0.63,27.58,28.47,26.83,77.78,2.65,3.34,2.35,100.04
20201204,1.09,4.9344,1.8434,3.0329,0.5,27.52,28.23,26.97,78.09,1.73,2.93,1.55,100.05
20201205,2.16,5.053,1.0594,3.6326,0.51,27.75,28.86,27.02,76.4,2.92,4.33,2.58,100.1
20201206,3.13,5.4814,2.8054,2.9988,0.55,27.7,28.47,27.02,74.59,1.53,2.95,1.35,100.12
20201207,7.64,5.3513,1.8698,3.6571,0.54,27.43,27.91,26.85,81.33,2.98,3.37,2.61,100.21
20201208,8.54,5.9035,4.9934,2.1977,0.59,27.75,28.5,27.1,77.12,2.06,5.61,1.81,100.15
20201209,44.94,5.3184,1.9706,3.733,0.54,25.64,26.85,25.19,83.56,3.36,5.85,2.94,100.19
20201210,24.74,3.6012,0.229,2.7504,0.36,26.13,26.85,25.64,85.05,3.61,6.02,3.13,100.16
20201211,14.63,5.004,1.0817,3.2825,0.5,26.79,27.38,25.66,78.85,4.16,5.76,3.6,100.18
20201212,4.05,4.4189,1.897,2.8764,0.45,27.13,27.89,26.21,79.69,3.12,4.68,2.74,100.1
20201213,10.36,4.9409,1.3459,3.1104,0.5,26.94,27.77,25.69,76.79,3.85,5.81,3.34,100.08
20201214,3.66,5.2289,2.4516,3.0905,0.53,27.46,28.25,26.65,77.58,3.78,4.64,3.28,100.03
20201215,7.98,4.8605,0.9936,3.4666,0.49,26.38,26.8,25.95,82.84,2.38,3.12,2.13,100.13
20201216,14.24,3.6509,0.1711,2.7216,0.37,26.01,26.52,25.65,84.63,2.84,3.87,2.54,100.18
20201217,13.1,5.1497,1.7496,3.3437,0.52,26.28,27.38,25.5,85.67,3.81,4.66,3.34,100.09
20201218,13.97,3.8899,0.1402,2.9798,0.39,25.99,26.81,25.47,83.77,3.0,4.28,2.66,100.1
20201219,9.23,4.9872,1.3673,3.5611,0.5,26.81,27.54,25.75,75.61,2.1,3.28,1.88,100.12
20201220,0.19,5.7547,3.4618,2.8234,0.58,27.76,28.64,27.0,70.37,2.03,3.08,1.8,100.08
20201221,0.35,4.5382,0.4663,3.3372,0.46,28.14,29.11,27.39,69.83,1.42,2.75,1.26,99.97
20201222,2.83,5.3659,3.3329,2.6314,0.54,28.06,28.81,27.51,74.18,1.92,2.82,1.7,99.9
20201223,12.63,5.0066,3.0065,2.6261,0.5,27.66,28.1,27.28,80.13,2.28,3.17,1.99,99.89
20201224,17.55,3.6955,0.3629,2.6683,0.37,26.87,27.35,26.23,79.35,2.55,4.33,2.22,99.96
20201225,3.9,4.884,2.4946,2.8375,0.49,27.77,28.65,26.82,76.12,3.54,3.81,3.07,99.97
20201226,6.28,3.7608,0.5818,2.7228,0.38,26.88,27.61,26.27,79.09,2.32,3.12,2.05,100.1
20201227,7.45,5.7854,4.8698,2.118,0.58,27.23,28.17,26.24,75.12,2.79,3.54,2.45,100.06
20201228,8.58,3.4742,0.4625,2.4418,0.35,26.42,27.58,25.28,77.54,2.11,2.95,1.87,100.08
20201229,6.02,4.1326,0.8911,2.6287,0.42,26.43,27.28,25.86,67.96,1.1,1.88,0.99,100.06
20201230,7.05,3.991,0.4426,2.892,0.4,26.38,26.7,26.03,79.54,2.35,2.83,2.11,100.01
20201231,6.86,3.391,0.1706,2.5644,0.34,26.73,27.88,25.57,75.86,1.47,1.99,1.37,100.02
20210101,10.05,4.6241,1.4767,3.017,0.46,27.85,28.86,26.8,73.2,1.8,2.89,1.61,99.97
20210102,14.45,4.6507,1.0939,3.0365,0.47,27.58,28.66,26.5,77.76,1.85,2.55,1.65,99.94
20210103,12.51,4.5012,0.6276,3.1229,0.45,27.32,27.91,26.43,79.36,1.47,2.24,1.34,99.95
20210104,0.87,3.8174,0.4274,2.7845,0.38,28.11,28.75,27.53,70.73,1.57,2.14,1.4,99.91
20210105,1.35,5.4554,3.8407,2.3522,0.55,28.39,29.34,27.79,76.22,3.16,4.18,2.78,99.87
20210106,4.77,4.17,1.469,2.4439,0.42,28.25,29.12,27.65,78.65,4.67,5.53,4.02,99.88
20210107,4.27,5.2735,1.5466,3.6041,0.53,28.08,28.88,27.44,76.11,2.98,3.51,2.63,99.85
20210108,33.42,4.0488,0.7798,2.616,0.4,27.92,29.05,26.99,78.15,2.24,4.24,1.99,99.78
20210109,22.43,3.5544,0.0461,2.7211,0.35,26.41,26.82,26.08,80.46,1.71,3.68,1.51,99.94
20210110,7.12,3.0046,0.1068,2.2248,0.3,27.22,28.16,25.81,77.28,2.19,3.51,1.96,99.9
20210111,21.31,4.2401,0.4798,3.1025,0.42,26.67,27.26,26.19,84.48,2.6,4.22,2.37,99.96
20210112,19.67,2.5675,0.2318,1.8252,0.26,26.74,27.7,25.74,86.05,3.07,4.82,2.77,99.99
20210113,10.27,3.6538,0.9091,2.2687,0.36,26.63,27.99,25.14,80.05,1.94,3.34,1.77,100.04
20210114,0.64,5.165,1.5106,3.2712,0.51,27.89,29.18,25.66,61.43,1.54,2.92,1.42,100.04
20210115,0.45,6.2345,5.358,3.0797,0.62,28.29,28.99,27.63,70.33,2.0,3.18,1.77,99.96
20210116,1.96,5.5608,2.4218,3.3756,0.55,27.98,28.57,27.4,72.96,2.27,2.99,2.0,99.95
20210117,9.94,4.7366,1.2766,3.005,0.47,27.59,28.44,26.98,76.79,2.7,4.06,2.39,100.01
20210118,3.35,4.1971,1.729,2.5274,0.41,27.64,28.61,26.68,73.72,2.38,4.03,2.05,100.04
20210119,0.67,4.4467,0.4735,3.1666,0.44,27.99,29.11,26.82,70.29,2.05,3.05,1.8,99.99
20210120,1.98,5.3422,3.6869,2.401,0.53,28.01,28.8,27.51,75.2,2.53,3.72,2.26,100.04
20210121,3.11,5.4398,3.4522,2.665,0.54,27.87,28.81,27.18,77.83,2.56,3.66,2.27,100.02
20210122,5.75,5.7077,2.9671,3.1944,0.56,27.49,27.99,26.73,78.08,2.45,3.79,2.2,100.02
20210123,4.42,5.239,2.814,2.7574,0.51,28.0,28.66,27.27,73.32,3.32,4.29,2.93,99.98
20210124,7.02,5.8882,4.6762,2.2296,0.58,28.34,29.53,27.42,73.36,2.72,3.69,2.39,100.01
20210125,18.02,4.9445,0.7814,3.3646,0.48,27.41,27.95,26.45,78.66,2.57,3.18,2.26,100.08
20210126,6.23,3.9209,0.2525,2.7986,0.38,25.95,26.3,25.79,80.85,2.07,2.93,1.83,100.09
20210127,14.25,4.8674,1.9337,2.9189,0.48,26.62,27.54,25.39,77.93,2.01,3.2,1.79,100.01
20210128,7.07,4.2694,0.3074,3.1066,0.42,26.38,27.23,25.98,78.85,2.16,2.83,1.91,100.15
20210129,2.53,4.3176,1.056,2.7506,0.42,26.81,27.69,25.65,76.99,2.54,3.22,2.29,100.14
20210130,10.5,4.0632,0.8554,2.5954,0.4,27.08,28.0,26.0,78.29,2.63,3.08,2.37,100.09
20210131,8.37,5.4518,1.6774,3.7517,0.53,27.7,28.99,26.26,75.02,2.21,3.6,1.96,100.05
20210201,8.7,4.1738,1.2437,2.5817,0.41,27.2,27.61,26.89,82.63,2.57,3.74,2.33,100.11
20210202,4.92,4.7266,1.6716,2.6842,0.46,26.87,27.62,26.03,79.42,1.5,2.31,1.36,100.16
20210203,6.01,4.3483,0.6518,3.035,0.42,27.13,27.55,26.72,80.05,2.45,4.14,2.2,100.15
20210204,6.31,4.4988,1.674,2.527,0.44,27.48,28.12,27.13,76.68,1.82,2.88,1.62,100.1
20210205,2.67,4.7772,1.9238,2.6606,0.46,28.24,29.65,26.78,73.55,2.2,3.91,1.95,100.03
20210206,3.06,5.9011,4.0068,2.5906,0.57,28.92,30.28,27.61,70.42,2.28,3.06,2.0,99.92
20210207,2.71,5.9791,3.354,3.636,0.58,28.89,29.85,28.09,72.79,2.29,4.0,2.03,99.95
20210208,1.99,5.856,3.059,2.8942,0.57,28.79,29.59,28.24,71.43,1.59,3.07,1.44,99.96
20210209,1.04,5.5937,2.2814,3.3062,0.54,28.47,29.16,27.85,75.32,1.9,2.81,1.69,99.92
20210210,0.7,5.8598,4.1762,2.3026,0.56,28.33,29.07,27.88,75.54,1.48,2.37,1.32,99.94
20210211,0.17,5.5018,2.947,2.8013,0.53,28.18,28.77,27.63,76.21,1.78,2.62,1.57,99.97
20210212,0.51,6.2491,4.158,2.6558,0.6,28.54,29.4,27.93,72.36,1.75,3.19,1.56,100.04
20210213,2.01,5.7574,3.0235,2.7122,0.55,28.47,29.21,27.97,79.3,3.02,4.15,2.67,100.08
20210214,3.88,5.4809,3.0425,2.5771,0.53,28.37,28.8,27.7,80.49,3.58,4.41,3.15,100.08
20210215,0.87,5.0443,2.5886,2.592,0.48,28.72,29.16,28.14,76.95,3.39,3.67,2.99,99.99
20210216,3.41,5.2512,2.5486,2.6705,0.5,28.24,28.59,27.72,80.46,4.18,5.5,3.64,99.98
20210217,2.06,6.2887,3.7946,2.9378,0.6,27.98,28.94,27.05,78.7,2.54,4.49,2.23,100.02
20210218,6.84,4.0668,1.9817,2.0292,0.39,27.4,27.77,26.77,77.68,2.17,4.23,1.91,100.13
20210219,3.06,4.7345,2.3878,2.3556,0.45,27.88,28.97,26.61,73.38,2.35,4.06,2.1,100.1
20210220,4.33,4.3822,0.9394,2.8135,0.42,26.83,27.76,26.42,81.11,2.0,3.13,1.82,100.13
20210221,1.92,5.0496,2.6616,2.4451,0.48,28.22,29.49,26.94,76.67,2.22,3.54,1.98,100.01
20210222,6.78,5.7905,3.0588,2.7338,0.55,28.01,28.34,27.54,81.68,2.64,5.94,2.35,100.0
20210223,9.77,5.5404,3.1428,2.4319,0.53,27.5,28.18,26.7,81.3,3.17,6.46,2.75,100.01
20210224,5.34,5.8246,3.6646,2.5982,0.55,27.81,28.54,27.03,78.55,3.44,5.14,2.99,100.03
20210225,5.88,5.3822,1.2828,3.5611,0.51,27.88,28.84,26.83,77.13,4.16,4.97,3.61,100.01
20210226,9.0,4.2372,1.2722,2.6076,0.4,27.82,28.25,27.07,79.63,6.42,7.44,5.43,99.96
20210227,4.15,6.553,5.8246,2.1614,0.62,28.39,29.04,27.63,75.38,3.94,5.93,3.4,99.9
20210228,1.43,6.3326,3.8854,2.7828,0.6,28.25,28.95,27.9,75.09,2.22,3.38,1.96,99.95
20210301,9.17,6.0091,4.3416,2.3597,0.57,27.73,28.04,27.29,77.33,2.29,4.08,2.0,100.1
20210302,19.46,3.5669,1.3044,1.9848,0.34,28.12,29.47,26.11,64.26,2.26,3.32,1.99,100.12
20210303,6.54,4.8694,1.0783,3.1229,0.46,27.72,28.58,26.81,73.76,2.62,4.1,2.33,100.16
20210304,3.87,5.5039,2.8082,2.7763,0.52,28.02,29.61,25.65,73.22,2.13,3.47,1.92,100.12
20210305,7.03,4.1191,0.9298,2.4091,0.39,28.62,29.24,28.12,76.56,1.52,2.73,1.35,100.07
20210306,38.72,3.8698,1.6022,2.0873,0.37,27.42,28.04,26.49,85.35,4.46,7.3,3.88,100.12
20210307,44.45,4.3752,0.9758,2.6563,0.42,25.93,26.4,25.17,80.12,2.35,3.67,2.1,100.33
20210308,1.38,4.993,1.037,3.3026,0.47,26.97,28.4,25.5,70.55,1.45,3.86,1.3,100.26
20210309,6.48,4.7527,1.5797,2.6899,0.45,28.44,29.11,27.91,71.01,2.22,3.32,2.0,100.11
20210310,5.14,5.5978,2.5308,2.8174,0.53,28.23,29.53,27.23,77.11,2.99,4.35,2.64,100.07
20210311,11.07,5.1874,1.9608,2.7562,0.49,27.33,27.78,26.94,80.6,2.0,3.76,1.79,100.15
20210312,15.6,4.0426,0.3821,2.7511,0.38,27.36,27.7,26.78,81.46,3.12,3.67,2.75,100.19
20210313,5.1,5.2709,2.6234,2.5061,0.5,27.34,27.96,26.53,77.01,2.54,3.94,2.27,100.19
20210314,8.84,3.8986,0.12,2.9117,0.37,27.67,28.26,26.99,76.28,1.55,2.22,1.43,100.04
20210315,4.67,4.4832,1.1131,2.7077,0.43,27.93,28.73,27.16,77.2,1.54,2.81,1.36,99.97
20210316,9.02,4.4736,1.5948,2.4384,0.43,27.6,28.08,27.11,79.68,3.54,5.0,3.12,100.01
20210317,3.41,5.3736,2.9803,2.4365,0.51,27.88,28.34,27.41,72.94,1.81,2.85,1.63,99.99
20210318,4.27,5.4456,3.0694,2.46,0.52,27.97,28.54,27.57,76.85,1.92,2.88,1.74,99.91
20210319,5.56,5.483,3.1872,2.3431,0.52,27.01,27.57,26.0,81.96,2.62,3.24,2.34,99.93
20210320,47.25,4.7743,1.5547,2.6206,0.46,26.7,27.02,26.42,86.61,3.36,4.07,2.98,99.86
20210321,6.15,4.6531,1.7947,2.4398,0.44,26.72,27.36,25.89,83.48,3.05,4.32,2.72,99.87
20210322,67.89,4.8869,1.4162,3.1524,0.47,27.0,27.42,26.52,81.97,1.98,2.89,1.8,99.96
20210323,25.14,4.7021,1.6702,2.6981,0.45,27.19,27.91,26.36,81.79,2.27,3.63,2.1,99.99
20210324,20.27,4.4465,0.2402,3.2909,0.43,26.95,27.28,26.67,86.38,2.96,3.71,2.67,99.89
20210325,14.77,4.2893,0.3031,3.1613,0.41,26.98,27.4,26.62,86.64,3.46,4.77,3.07,99.85
20210326,48.4,5.1696,2.3748,2.5913,0.5,27.38,27.97,26.56,82.32,2.03,2.78,1.86,99.83
20210327,12.88,3.042,0.0571,2.2908,0.29,27.52,28.06,27.06,83.76,3.21,4.27,2.84,99.83
20210328,1.3,5.3846,3.5532,2.2447,0.52,27.37,27.96,26.53,81.97,2.19,2.8,1.93,99.86
20210329,19.0,4.1921,0.5064,2.9208,0.4,26.45,27.57,26.08,86.16,2.48,3.34,2.19,99.9
20210330,8.9,5.2428,2.5944,2.7139,0.5,27.54,28.35,26.84,84.59,4.57,7.09,3.92,99.84
20210331,43.06,4.1755,1.2235,2.5865,0.4,27.1,27.31,26.85,87.39,6.41,7.64,5.43,99.88
20210401,7.13,4.0267,0.2544,3.0149,0.39,27.07,27.66,26.6,83.84,5.5,7.44,4.69,99.95
20210402,6.99,4.5715,2.2224,2.6645,0.44,27.12,28.22,26.38,79.14,6.53,8.28,5.51,100.04
20210403,18.95,3.9223,0.355,2.7974,0.38,27.02,27.51,26.48,84.68,6.65,8.73,5.63,100.0
20210404,11.45,3.8604,0.4337,2.7581,0.37,27.47,28.19,26.67,81.57,6.38,9.26,5.37,100.02
20210405,5.23,4.855,1.0306,3.1978,0.47,27.81,28.45,27.12,75.03,3.2,4.46,2.8,100.12
20210406,6.8,5.7178,2.7451,2.8942,0.56,27.43,28.1,26.93,77.1,2.39,3.87,2.1,100.18
20210407,5.94,5.7547,3.037,2.6899,0.56,27.92,29.03,26.85,72.14,1.9,3.21,1.69,100.16
20210408,6.57,5.3633,1.5326,3.3134,0.52,27.83,28.73,27.08,78.75,3.23,4.55,2.84,100.02
20210409,10.11,5.34,2.9045,2.6054,0.52,27.86,28.68,26.94,82.57,3.51,4.55,3.1,99.98
20210410,8.16,4.6092,0.9509,2.965,0.45,28.45,29.89,27.39,79.65,2.72,3.5,2.45,100.07
20210411,10.35,5.1638,3.5006,2.1893,0.51,27.45,27.8,27.07,85.0,2.51,3.36,2.27,100.18
20210412,9.61,4.5204,1.777,2.6863,0.44,27.25,27.82,26.73,82.95,2.04,2.95,1.81,100.24
20210413,3.59,5.3614,3.6094,2.165,0.53,27.43,27.86,26.97,80.04,1.61,2.29,1.41,100.2
20210414,3.3,5.1571,2.6393,2.4775,0.51,27.87,28.61,27.03,74.96,1.39,1.99,1.27,100.14
20210415,1.31,4.195,1.5893,2.3345,0.41,27.92,28.49,27.51,77.02,2.39,3.45,2.13,100.11
20210416,1.56,5.0815,3.1272,2.113,0.5,27.89,28.25,27.45,76.75,1.97,2.55,1.73,100.11
20210417,23.63,2.6863,0.0156,2.0251,0.27,27.53,27.83,27.31,76.21,1.88,3.18,1.66,100.28
20210418,2.02,6.2986,5.4276,2.0071,0.62,27.74,28.67,27.01,75.34,1.82,3.13,1.6,100.25
20210419,4.64,5.8262,3.6367,2.761,0.58,27.7,28.17,27.2,78.63,2.35,3.6,2.07,100.16
20210420,1.81,5.6206,2.8166,2.879,0.56,27.76,28.33,27.14,78.13,1.84,3.42,1.62,100.1
20210421,6.95,5.2778,3.2882,2.4341,0.53,28.07,28.6,27.57,77.91,1.88,2.66,1.67,100.1
20210422,19.71,3.1373,0.0566,2.3614,0.31,27.25,27.96,26.54,82.66,2.75,3.6,2.41,100.19
20210423,4.17,5.2306,2.6422,2.6042,0.52,27.29,28.17,26.05,71.63,1.57,2.74,1.38,100.18
20210424,9.63,4.8797,0.6751,3.5398,0.49,27.88,28.39,27.34,74.69,1.77,2.39,1.56,100.14
20210425,6.22,5.4768,4.0169,2.0938,0.55,27.69,28.15,27.16,77.63,1.56,2.31,1.37,100.11
20210426,6.25,3.5496,0.655,2.3834,0.36,27.92,28.33,27.47,79.25,2.23,3.25,1.96,100.01
20210427,30.08,5.2397,3.684,2.1197,0.53,26.67,27.37,26.03,84.13,2.48,3.2,2.18,100.11
20210428,19.26,5.2294,2.6242,3.3624,0.53,27.36,28.19,26.36,80.61,2.23,3.71,1.98,100.18
20210429,5.62,4.7448,1.7897,2.7545,0.48,27.98,28.77,27.33,78.07,1.72,2.9,1.55,100.08
20210430,15.9,5.0482,1.5276,2.9573,0.51,28.17,28.84,27.39,75.49,1.92,3.11,1.68,100.04
20210501,7.11,4.8533,3.0638,2.2198,0.49,28.35,28.79,27.83,77.34,1.8,2.45,1.62,99.99
20210502,5.77,5.0988,3.2798,2.4079,0.52,28.57,29.3,27.76,79.74,2.08,2.4,1.87,99.94
20210503,3.18,4.9968,2.9354,2.7559,0.51,28.86,29.98,27.85,77.6,1.57,2.68,1.42,99.74
20210504,16.14,4.3567,1.1995,3.0686,0.45,28.41,28.92,27.75,82.1,2.35,3.35,2.11,99.77
20210505,43.76,4.3092,0.5242,3.0605,0.44,27.33,27.95,26.66,86.72,2.97,4.96,2.68,99.82
20210506,7.59,4.6858,1.4321,2.9064,0.48,27.06,27.98,25.82,78.89,2.6,4.3,2.3,100.03
20210507,10.45,4.2072,1.625,2.431,0.43,28.75,29.96,27.41,73.1,2.28,3.99,2.07,99.96
20210508,8.43,5.1442,3.5674,2.0693,0.53,28.34,28.74,28.07,77.81,1.21,2.21,1.13,99.93
20210509,7.5,4.927,3.0751,2.2632,0.51,27.99,28.35,27.49,81.44,1.54,2.49,1.41,99.89
20210510,10.64,3.2256,0.3125,2.3088,0.33,28.51,29.25,27.79,80.01,1.89,2.64,1.69,99.83
20210511,61.26,4.1542,0.708,2.988,0.43,28.4,28.59,28.25,84.76,3.3,4.68,2.87,99.79
20210512,11.83,3.3182,0.6749,2.1358,0.34,28.42,28.84,28.04,84.21,2.46,3.48,2.17,99.77
20210513,10.75,4.7498,2.5644,2.3266,0.49,28.25,28.74,27.69,82.48,1.42,2.08,1.31,99.72
20210514,19.56,4.3759,1.9968,2.3086,0.46,28.06,28.47,27.68,83.74,2.0,2.77,1.81,99.76
20210515,29.97,4.855,2.1526,2.7007,0.51,27.45,27.85,27.05,84.47,2.05,3.54,1.81,99.81
20210516,14.12,4.5132,1.3481,2.6827,0.47,28.06,28.46,27.63,83.27,3.23,4.53,2.81,99.85
20210517,20.31,3.6727,0.3677,2.7634,0.38,27.38,27.86,27.2,85.86,3.59,5.32,3.12,100.0
20210518,22.38,3.1104,0.9674,2.2006,0.33,27.22,27.67,26.71,79.93,2.63,4.39,2.3,100.04
20210519,0.07,5.0602,2.4379,2.7857,0.53,28.11,28.73,27.5,73.76,1.92,3.23,1.7,99.98
20210520,0.13,5.0246,3.3175,2.2282,0.53,28.15,28.64,27.74,79.53,2.19,2.81,1.91,100.03
20210521,1.05,5.411,3.4968,2.4394,0.57,27.89,28.4,27.5,79.98,1.5,2.66,1.34,100.1
20210522,0.92,4.0661,0.2033,3.1174,0.43,27.74,28.28,27.17,79.72,1.84,2.33,1.63,100.08
20210523,0.72,5.4317,3.9139,2.2488,0.58,28.02,28.42,27.41,78.82,2.03,2.73,1.79,100.03
20210524,2.65,5.0666,3.4176,2.1492,0.54,28.2,28.58,27.9,79.24,2.03,2.6,1.78,100.08
20210525,1.48,5.1014,3.15,2.3868,0.54,28.3,29.12,27.39,80.61,2.07,2.84,1.84,99.98
20210526,47.1,4.806,1.9598,3.037,0.51,27.87,28.49,27.01,86.46,3.12,3.93,2.76,99.9
20210527,3.9,4.001,0.8477,2.8147,0.43,28.27,29.39,27.08,80.21,2.76,4.03,2.49,100.01
20210528,21.83,3.9077,1.277,2.2517,0.42,28.34,29.11,27.77,83.86,4.69,6.21,4.07,100.11
20210529,13.63,3.7514,0.2832,2.7017,0.4,27.49,27.93,27.06,81.65,2.13,3.18,1.89,100.18
20210530,10.76,5.3002,3.7205,2.3066,0.57,27.81,28.6,27.14,80.07,2.31,3.97,2.05,100.06
20210531,5.94,5.0105,3.54,2.2135,0.54,27.47,27.99,27.02,83.38,2.87,3.72,2.51,100.02
20210601,1.38,5.2399,3.6156,2.3897,0.56,27.41,27.76,26.81,79.53,1.66,2.4,1.46,99.99
20210602,2.82,4.6226,2.2342,2.3945,0.5,28.06,28.85,27.2,80.26,2.3,2.72,2.05,99.91
20210603,12.75,5.4574,4.0978,2.4144,0.59,28.42,28.73,28.01,81.61,3.13,3.87,2.72,99.96
20210604,12.88,2.9942,0.3658,2.1142,0.32,27.23,28.35,25.47,84.76,2.68,3.76,2.34,100.07
20210605,11.11,3.4109,0.7301,2.4348,0.37,26.86,27.55,25.95,82.15,3.0,5.52,2.68,100.12
20210606,0.11,5.9964,5.526,2.0282,0.65,28.13,28.98,27.11,71.03,2.0,2.58,1.76,100.17
20210607,1.11,5.3458,3.8849,2.3206,0.58,28.12,28.62,27.63,75.33,2.21,2.61,1.91,100.18
20210608,7.69,5.3424,3.583,2.5826,0.58,27.66,27.92,27.42,77.44,1.91,2.31,1.68,100.17
20210609,3.5,5.2994,3.3732,2.4679,0.57,27.17,27.44,26.82,78.71,1.29,2.26,1.14,100.1
20210610,2.25,5.1614,3.8717,2.1365,0.56,27.5,28.17,26.7,77.33,1.76,2.67,1.55,100.01
20210611,1.94,4.6138,2.153,2.6438,0.5,27.68,28.28,27.17,78.6,1.97,3.91,1.72,100.02
20210612,5.75,4.4875,2.6957,2.0215,0.49,27.54,28.04,27.13,82.5,3.16,6.03,2.77,100.09
20210613,4.1,4.111,0.541,2.9064,0.45,27.64,28.38,26.77,77.61,2.12,6.17,1.85,100.11
20210614,3.18,4.0829,2.0208,2.1329,0.44,28.27,29.21,27.69,76.61,1.64,2.88,1.47,100.0
20210615,11.4,5.1156,3.8966,2.089,0.56,27.71,28.46,27.08,79.39,1.81,2.58,1.63,100.02
20210616,7.81,4.193,1.7779,2.328,0.46,27.34,27.95,26.48,72.72,1.76,2.84,1.56,100.22
20210617,2.48,5.9904,6.0598,1.6097,0.65,27.96,28.46,27.6,73.81,2.2,2.85,1.95,100.23
20210618,2.43,4.9301,2.8882,2.4247,0.54,27.92,28.49,27.44,76.1,1.69,2.97,1.51,100.26
20210619,1.75,5.143,2.3815,2.6971,0.56,27.92,28.6,27.27,73.39,1.15,2.18,1.04,100.26
20210620,4.41,5.7055,4.8254,2.315,0.62,27.21,27.85,26.67,79.33,1.96,2.39,1.73,100.3
20210621,14.48,5.1986,3.9298,2.2356,0.57,27.53,28.3,26.35,70.48,2.51,3.52,2.19,100.3
20210622,12.24,3.9312,0.9058,2.6093,0.43,27.03,27.78,26.42,82.54,5.39,8.47,4.6,100.25
20210623,2.02,4.5962,3.3007,1.9546,0.5,26.92,27.67,25.86,79.39,4.81,8.25,4.16,100.3
20210624,0.31,5.5306,4.0639,2.3496,0.6,28.11,29.19,26.87,73.75,2.29,3.72,2.06,100.13
20210625,5.68,4.907,3.6461,2.2025,0.53,27.66,28.13,27.3,78.96,1.84,4.07,1.63,100.06
20210626,23.69,5.0585,3.0439,2.4012,0.55,26.86,27.32,26.43,84.85,3.88,5.91,3.38,100.18
20210627,2.18,5.4396,4.3133,2.1113,0.59,26.85,27.38,26.22,80.43,1.92,3.17,1.7,100.23
20210628,3.26,5.2426,4.4095,1.8814,0.57,26.96,27.53,26.53,81.73,2.69,4.39,2.37,100.18
20210629,61.09,3.7754,1.5403,2.07,0.41,26.44,26.88,25.69,88.65,5.66,8.75,4.82,100.19
20210630,0.86,4.5929,1.5506,2.6894,0.5,26.87,27.94,25.33,77.92,2.72,4.92,2.41,100.15
20210701,1.17,4.7287,2.3765,2.3251,0.51,28.21,28.86,27.58,72.81,1.6,2.31,1.47,100.03
20210702,8.79,5.267,3.786,2.3707,0.57,28.16,28.91,27.29,78.24,2.0,3.06,1.82,99.97
20210703,7.71,4.9637,3.9593,1.9594,0.54,27.48,27.88,26.9,84.14,3.37,4.43,2.96,100.03
20210704,10.85,4.29,0.8513,2.892,0.47,26.99,27.49,26.49,81.55,2.45,4.18,2.17,100.08
20210705,17.18,4.0562,0.7618,2.8526,0.44,25.99,26.33,25.56,86.44,3.01,3.37,2.65,100.08
20210706,10.99,3.8443,0.595,2.6467,0.42,26.31,26.62,25.88,83.51,2.22,3.04,1.95,100.01
20210707,1.97,5.07,2.8805,2.5135,0.55,27.12,27.57,26.45,78.04,1.79,2.09,1.59,100.0
20210708,2.54,4.7726,3.0266,2.1658,0.52,27.86,28.52,27.47,73.59,1.59,2.64,1.42,99.99
20210709,6.53,4.3824,2.1761,2.279,0.47,28.05,28.95,27.36,74.46,1.68,2.79,1.5,99.84
20210710,5.24,3.0691,0.1915,2.2872,0.33,27.35,27.79,26.72,82.09,1.97,2.84,1.8,99.8
20210711,11.0,3.6682,0.5182,2.6086,0.4,27.93,29.22,27.0,78.94,2.86,5.95,2.49,99.92
20210712,28.75,4.4102,1.8118,2.6076,0.48,27.03,27.88,26.58,86.05,6.27,7.68,5.35,100.08
20210713,4.62,2.9993,0.1728,2.094,0.32,26.79,28.47,25.19,69.45,3.37,5.51,3.0,100.12
20210714,0.16,4.5672,0.9576,2.9762,0.49,28.68,29.21,28.25,63.03,2.44,3.4,2.13,100.01
20210715,0.77,6.5419,6.906,1.5775,0.7,28.04,28.75,27.2,71.42,1.89,4.89,1.66,100.08
20210716,0.31,5.6827,3.7699,2.7809,0.61,28.03,29.12,27.36,73.32,1.62,2.58,1.44,100.09
20210717,0.36,6.1507,5.803,1.9121,0.66,27.51,28.29,26.72,76.62,1.36,2.11,1.2,100.04
20210718,3.06,5.4154,4.5271,1.9726,0.58,27.33,27.91,26.81,78.3,1.7,2.25,1.49,100.0
20210719,3.67,4.8523,1.7952,3.1795,0.52,27.37,27.95,26.84,79.25,2.59,3.1,2.27,100.1
20210720,0.95,5.2246,2.3227,3.0799,0.56,27.57,28.24,26.92,78.23,1.65,2.36,1.45,100.22
20210721,2.25,5.4077,4.7676,2.3918,0.58,27.77,28.36,27.05,77.05,2.1,3.03,1.84,100.25
20210722,1.89,5.7214,4.0255,2.4502,0.61,27.86,28.55,27.41,77.64,1.84,3.42,1.64,100.12
20210723,2.15,5.7607,4.6985,2.1547,0.61,27.54,28.09,26.88,79.18,2.13,3.34,1.89,100.16
20210724,1.49,5.0858,2.5418,2.7785,0.54,27.9,28.41,27.23,78.37,2.28,3.0,2.02,100.12
20210725,0.23,5.4223,4.2497,2.1298,0.57,28.41,29.08,27.97,74.46,1.46,2.22,1.31,100.06
20210726,1.85,4.7242,2.7804,2.4058,0.5,28.23,28.87,27.74,77.42,1.87,3.37,1.66,100.02
20210727,1.47,5.4972,4.7791,1.9651,0.58,27.95,28.3,27.53,77.15,1.22,2.22,1.06,100.02
20210728,3.25,5.1696,3.8662,2.142,0.54,27.82,28.28,27.16,80.83,2.44,4.11,2.13,100.04
20210729,3.91,4.3536,2.665,2.125,0.46,27.54,28.16,26.82,80.8,2.37,3.73,2.1,100.15
20210730,3.66,5.5639,4.8283,2.0323,0.58,27.88,28.55,27.19,80.56,2.62,4.32,2.29,100.21
20210731,7.9,4.8374,2.1535,2.7994,0.51,26.6,27.34,25.56,84.46,3.26,4.26,2.86,100.31
20210801,8.65,4.1669,0.4663,3.0523,0.44,27.06,27.75,26.37,83.82,5.16,5.8,4.44,100.25
20210802,4.1,5.5154,3.305,2.8013,0.58,27.01,27.37,26.32,81.43,2.58,5.0,2.28,100.19
20210803,1.61,4.8941,2.8836,2.2771,0.51,28.0,28.94,27.24,76.7,2.33,5.13,2.06,100.18
20210804,4.47,3.7106,0.1003,2.8234,0.39,27.67,27.96,27.3,83.35,4.92,6.1,4.22,100.27
20210805,9.77,5.3974,3.1162,2.6618,0.56,27.27,27.72,26.91,79.71,2.41,4.41,2.12,100.29
20210806,3.97,5.1228,3.2738,2.52,0.53,27.48,28.32,26.8,80.62,1.8,2.97,1.61,100.15
20210807,4.48,5.0909,3.3038,2.2325,0.53,27.91,28.34,27.52,76.54,1.13,2.11,1.0,100.17
20210808,6.42,3.409,0.3782,2.4022,0.35,28.38,29.17,27.74,75.76,1.33,2.39,1.2,100.16
20210809,41.37,4.7057,1.2516,3.1613,0.49,27.63,28.2,26.94,86.59,4.32,6.31,3.75,100.09
20210810,13.24,4.6164,1.8295,2.6714,0.48,26.75,27.28,25.77,78.84,2.93,5.46,2.57,100.12
20210811,32.65,4.1899,0.6466,3.017,0.43,26.78,27.22,26.15,80.67,2.49,3.82,2.18,100.15
20210812,21.24,4.0466,2.0515,2.2054,0.42,26.9,27.29,26.3,85.77,5.31,7.48,4.54,100.25
20210813,3.13,5.7518,4.3243,2.2049,0.59,26.88,27.61,25.99,83.71,2.97,3.87,2.6,100.13
20210814,46.32,4.679,2.4557,2.4881,0.48,26.95,27.12,26.46,82.2,3.24,4.55,2.82,100.0
20210815,9.67,4.6178,1.2386,3.1538,0.47,26.74,27.76,25.7,83.28,3.4,4.17,3.0,100.11
20210816,6.94,4.4378,1.6735,2.5548,0.45,27.06,27.69,26.43,84.52,3.55,4.58,3.17,100.22
20210817,12.78,3.6166,0.6074,2.5639,0.37,26.66,27.47,25.98,85.28,4.65,6.43,4.05,100.23
20210818,40.2,4.1244,1.7318,2.2901,0.42,26.11,26.3,25.87,88.51,5.9,6.83,5.02,100.22
20210819,14.44,5.0863,1.956,2.7967,0.52,25.98,26.53,25.6,84.14,3.33,4.7,2.92,100.19
20210820,4.05,4.0963,0.4198,3.0,0.41,25.81,26.35,25.32,80.14,1.07,1.72,0.93,100.21
20210821,1.19,5.1905,2.4598,2.7847,0.52,27.23,27.96,26.12,76.93,2.43,3.1,2.16,100.14
20210822,7.57,3.847,1.3147,2.2694,0.39,27.33,28.24,26.78,79.01,2.08,4.59,1.85,100.07
20210823,15.52,4.0606,1.4256,2.3143,0.41,26.95,27.66,26.18,80.89,3.86,4.8,3.37,100.12
20210824,8.03,4.896,1.5708,2.958,0.49,26.79,27.72,25.58,74.72,2.32,4.1,2.03,100.16
20210825,0.5,5.3911,2.5246,2.7588,0.54,27.75,28.55,27.12,69.95,1.95,3.15,1.74,100.02
20210826,1.74,5.1682,2.4948,2.7178,0.52,28.11,28.81,27.45,74.13,1.71,3.3,1.55,99.93
20210827,3.54,5.1348,2.9774,2.3364,0.51,27.84,28.27,27.45,78.97,2.29,3.07,2.05,99.92
20210828,3.73,4.8043,2.5598,2.2706,0.48,27.43,28.02,26.73,79.12,2.49,4.26,2.16,99.87
20210829,1.54,5.5171,3.6401,2.2198,0.55,27.6,28.69,26.7,74.0,1.89,3.49,1.67,99.89
20210830,6.26,4.7782,2.263,2.5514,0.48,27.31,27.82,26.66,78.14,1.67,2.93,1.47,100.03
20210831,40.35,4.578,1.6661,2.5445,0.45,26.76,27.29,26.19,83.0,3.61,5.15,3.13,100.11
20210901,11.18,3.8172,0.3007,2.8334,0.38,26.14,26.37,25.82,85.93,4.63,6.62,4.0,100.18
20210902,1.2,4.0646,0.5755,2.7096,0.4,26.52,27.3,25.57,77.76,2.24,3.37,2.01,100.11
20210903,3.8,5.1041,2.7295,2.5118,0.5,27.54,28.44,26.6,75.25,1.87,2.57,1.68,100.0
20210904,9.81,4.7299,2.4598,2.2896,0.47,27.63,28.25,26.72,76.79,2.14,3.38,1.92,100.02
20210905,24.43,4.2055,1.0786,2.4245,0.41,27.29,28.05,26.51,80.97,2.0,4.05,1.85,100.02
20210906,16.12,5.2176,2.9688,2.3172,0.51,27.19,27.91,26.51,81.42,1.47,2.22,1.37,100.11
20210907,14.45,4.5149,1.5763,2.5277,0.44,26.72,27.18,25.96,81.67,2.72,4.28,2.42,100.2
20210908,4.66,4.6301,1.7717,2.5675,0.46,25.84,26.5,25.4,83.28,2.71,4.21,2.38,100.26
20210909,2.73,5.2932,3.4145,2.3666,0.52,26.31,27.01,25.34,79.73,1.93,2.87,1.69,100.19
20210910,4.18,4.8828,1.3368,2.8097,0.48,26.92,27.78,25.67,81.4,3.04,4.08,2.67,100.14
20210911,2.4,5.5663,3.0221,2.653,0.54,27.78,28.41,27.09,76.47,4.01,5.51,3.48,100.01
20210912,8.4,4.7393,1.0675,3.1937,0.46,27.76,28.26,27.32,76.94,2.76,3.94,2.42,99.94
20210913,3.15,3.9041,0.0761,2.9383,0.38,26.67,27.88,25.88,73.66,2.38,4.78,2.1,100.15
20210914,0.9,3.7375,0.1435,2.7929,0.36,27.57,28.48,26.42,64.7,1.32,2.44,1.18,100.17
20210915,0.73,6.0763,3.8563,2.6897,0.59,28.34,29.23,27.61,72.41,2.08,2.57,1.87,100.1
20210916,3.79,5.1677,3.337,2.1638,0.5,28.0,28.31,27.49,78.76,2.91,5.15,2.56,99.97
20210917,17.15,5.2853,3.5659,2.2841,0.51,28.19,29.15,27.41,77.45,1.84,3.51,1.65,99.88
20210918,55.63,3.3029,0.3792,2.3618,0.32,26.69,27.43,25.85,88.49,5.58,7.38,4.81,100.03
20210919,38.47,4.098,0.7627,2.7557,0.4,26.83,27.67,26.09,80.72,4.63,5.63,4.02,100.18
20210920,18.53,5.9098,3.985,2.5224,0.57,26.87,27.59,25.89,86.3,4.32,5.41,3.74,100.09
20210921,3.33,4.799,2.9407,2.0714,0.47,26.77,27.1,26.02,84.48,1.97,3.01,1.73,100.09
20210922,1.94,5.5742,3.469,2.4516,0.54,27.22,28.21,25.79,76.71,1.61,3.08,1.41,100.03
20210923,3.25,5.1562,1.5103,2.976,0.5,27.62,28.22,27.31,76.98,1.95,3.62,1.73,100.0
20210924,2.24,4.9975,2.0801,2.6081,0.48,27.96,28.64,27.22,77.64,1.68,2.99,1.48,99.97
20210925,28.32,5.1886,2.2075,2.8517,0.5,27.69,28.08,27.09,83.64,2.83,4.68,2.48,99.86
20210926,72.91,4.6068,0.9648,3.1217,0.45,27.06,27.72,26.06,88.34,4.42,6.37,3.85,99.82
20210927,25.28,5.1917,1.7609,3.5854,0.5,27.44,28.51,26.13,80.7,2.11,3.95,1.89,99.85
20210928,30.42,4.5365,1.697,2.58,0.44,27.12,27.54,26.7,88.71,3.65,5.04,3.19,99.88
20210929,80.44,3.6012,0.6192,2.3592,0.35,26.69,27.07,26.34,87.23,5.53,7.62,4.7,100.08
20210930,17.59,3.7121,0.1174,2.784,0.36,26.73,27.31,26.07,79.39,2.83,5.63,2.47,100.17
20211001,4.85,4.3942,0.835,2.9141,0.42,27.19,27.83,26.38,77.25,3.25,4.46,2.86,100.2
20211002,0.31,4.9704,1.0277,2.9942,0.48,28.8,29.73,27.85,63.12,2.59,3.23,2.32,100.03
20211003,1.67,5.3683,2.9112,2.4641,0.52,28.16,28.82,27.58,76.43,2.18,2.66,1.95,100.02
20211004,2.13,6.745,5.0844,2.4468,0.65,27.39,27.81,26.99,80.27,1.87,2.73,1.64,100.0
20211005,1.79,5.1941,1.7066,3.4308,0.5,27.47,28.27,26.71,77.38,1.46,2.91,1.28,99.99
20211006,2.92,6.0804,5.4418,2.0316,0.59,27.3,28.01,26.6,78.66,2.06,3.07,1.8,99.96
20211007,3.87,5.0707,1.5624,3.293,0.49,27.52,28.17,26.75,77.71,2.35,3.36,2.05,99.99
20211008,5.45,6.0331,3.7898,2.7559,0.58,27.54,28.26,26.85,80.25,2.35,3.25,2.07,100.01
20211009,10.03,5.3803,3.3562,2.4247,0.52,27.59,28.11,27.3,82.59,2.22,3.34,1.97,100.0
20211010,27.18,3.5326,0.8837,2.2987,0.34,26.58,27.3,26.27,83.77,3.39,4.33,2.96,100.16
20211011,2.05,5.7792,2.7595,3.0814,0.56,27.27,28.01,26.45,75.83,2.68,3.88,2.33,100.06
20211012,1.64,6.4178,5.0594,2.6868,0.62,27.53,28.17,26.97,77.77,2.04,2.75,1.77,99.95
20211013,1.57,5.8488,2.7014,3.1562,0.56,27.59,28.21,26.98,78.5,2.02,2.9,1.77,99.91
20211014,2.14,5.8459,3.0233,3.3605,0.56,27.27,27.56,26.86,80.31,1.88,2.46,1.65,99.95
20211015,2.36,6.3744,4.3817,2.611,0.62,27.94,28.72,27.2,74.66,1.56,3.05,1.35,99.86
20211016,2.61,6.3264,4.0721,2.8896,0.61,27.76,28.23,27.39,78.05,1.32,2.08,1.16,99.89
20211017,8.32,2.921,1.4616,1.5744,0.28,27.45,28.08,27.06,82.24,2.95,4.9,2.6,100.01
20211018,56.36,4.0346,0.4637,2.8711,0.39,26.57,26.92,25.96,87.93,4.57,5.81,3.95,100.17
20211019,11.87,5.3563,1.4359,3.5002,0.52,26.57,27.3,25.41,83.78,2.54,3.2,2.25,100.36
20211020,35.31,1.649,0.215,1.1746,0.16,26.09,27.19,25.26,87.02,2.66,3.51,2.34,100.35
20211021,4.08,5.5526,3.5006,2.4319,0.54,26.53,27.33,25.26,82.15,2.19,3.47,1.93,100.3
20211022,2.84,4.7364,0.5942,3.3005,0.46,27.56,28.63,26.33,74.04,2.09,2.92,1.85,100.27
20211023,3.87,5.4679,3.0775,2.6213,0.53,27.3,27.75,26.76,80.13,2.86,3.51,2.52,100.25
20211024,17.25,4.7964,1.445,2.8642,0.46,26.51,26.91,26.12,87.69,3.9,5.03,3.41,100.2
20211025,24.35,4.2175,0.84,2.851,0.41,26.32,26.63,26.15,87.96,2.85,4.27,2.5,100.07
20211026,42.46,5.6477,3.1762,3.0218,0.55,27.1,27.87,26.1,85.29,4.46,6.78,3.8,100.01
20211027,2.39,5.5846,2.928,2.947,0.54,26.25,26.74,25.54,85.04,2.53,5.0,2.23,100.16
20211028,0.94,6.1154,3.7692,2.8097,0.59,27.46,28.23,26.32,76.34,1.73,2.65,1.54,100.08
20211029,5.6,5.7725,2.873,2.9981,0.56,28.07,29.12,27.29,78.99,3.62,6.08,3.13,100.11
20211030,17.26,4.1585,2.0062,2.1305,0.4,26.85,27.73,25.78,81.44,3.18,6.12,2.76,100.23
20211031,6.3,5.6189,3.5782,2.4742,0.55,25.75,26.71,24.71,83.13,1.72,3.29,1.49,100.25
20211101,6.32,4.873,1.4544,3.193,0.48,25.76,26.4,25.21,85.62,2.37,3.58,2.08,100.2
20211102,6.29,5.4012,3.0026,2.6405,0.53,25.7,26.78,24.29,82.21,1.49,2.14,1.33,100.17
20211103,18.14,4.0286,0.4817,2.9575,0.39,25.52,26.14,24.89,86.32,1.69,3.37,1.49,100.12
20211104,50.82,5.0323,1.8458,3.1406,0.49,26.02,26.62,25.62,87.3,3.56,4.25,3.11,100.11
20211105,15.42,4.6044,1.5079,2.9191,0.45,25.78,26.25,25.16,86.93,2.8,3.44,2.46,100.07
20211106,13.74,5.0664,1.9932,3.071,0.5,25.59,26.29,24.86,88.39,3.34,4.71,2.91,99.96
20211107,16.78,4.5156,0.9674,3.209,0.44,25.79,26.47,25.08,86.71,2.3,2.97,2.03,99.91
20211108,16.04,4.7136,2.5236,2.7264,0.46,26.45,26.92,25.78,89.05,4.09,6.63,3.49,99.85
20211109,20.54,6.259,5.0326,2.5793,0.61,27.66,28.48,26.77,83.26,5.44,6.13,4.64,99.94
20211110,11.66,3.3156,0.1085,2.4818,0.33,26.72,27.62,25.38,79.58,4.05,5.12,3.54,100.1
20211111,0.14,4.9387,1.6142,3.0547,0.49,27.22,28.32,25.24,70.51,3.05,4.27,2.7,100.03
20211112,5.74,5.7955,3.2371,3.6185,0.57,28.0,28.94,27.28,75.31,2.55,3.42,2.25,100.04
20211113,4.84,3.8549,0.2482,2.8901,0.38,27.41,27.91,26.98,80.8,2.59,3.49,2.27,100.1
20211114,0.33,5.3395,2.6717,2.8226,0.53,27.11,27.71,26.6,79.69,1.41,2.06,1.22,100.09
20211115,0.55,6.3974,4.357,2.669,0.63,27.04,27.76,26.47,82.21,2.59,3.41,2.28,100.01
20211116,1.6,6.7932,5.9585,2.2906,0.67,27.38,28.29,26.43,79.23,2.38,3.03,2.1,99.97
20211117,8.91,5.5884,3.1975,2.7211,0.55,27.25,28.31,26.61,80.5,2.75,4.7,2.4,100.03
20211118,11.11,5.3076,1.7155,3.2585,0.53,26.86,27.22,26.31,81.84,2.9,5.39,2.55,99.95
20211119,6.42,5.1048,1.8667,3.078,0.51,26.93,27.61,26.42,79.31,1.51,2.01,1.33,99.87
20211120,2.9,5.1154,1.7182,3.4507,0.51,27.45,28.12,26.41,76.64,2.66,3.6,2.34,99.9
20211121,9.42,4.189,1.5734,2.4295,0.42,27.22,27.76,26.84,80.09,1.85,2.58,1.62,99.99
20211122,7.46,5.8176,3.7063,2.682,0.58,27.13,27.99,26.49,79.13,2.22,3.1,1.95,100.03
20211123,9.96,4.9346,1.549,3.3492,0.49,26.78,27.35,26.03,76.05,2.16,3.24,1.91,100.03
20211124,1.12,5.4449,3.2947,2.911,0.54,28.25,29.11,27.22,68.45,1.2,2.74,1.05,100.0
20211125,4.5,5.3854,2.813,2.7941,0.54,27.92,28.61,26.83,71.38,2.62,4.14,2.29,100.03
20211126,2.98,5.4802,1.9802,3.6854,0.55,28.09,28.91,27.2,75.79,4.36,4.89,3.75,100.0
20211127,3.04,5.3059,1.3248,3.7687,0.53,27.94,28.56,27.49,76.04,2.86,4.41,2.48,100.06
20211128,1.86,4.8307,2.6657,2.7866,0.48,27.57,28.24,26.96,77.39,1.71,2.15,1.5,100.07
20211129,5.31,6.0038,4.4599,3.2534,0.6,27.1,27.86,26.42,79.46,2.11,2.77,1.85,100.09
20211130,10.51,4.3574,2.7982,2.1521,0.44,26.76,27.28,26.26,82.0,3.22,4.35,2.81,100.09
20211201,2.72,4.7489,3.8868,1.9186,0.48,26.94,27.56,26.43,81.35,2.82,3.78,2.47,100.08
20211202,6.4,4.093,0.2748,3.0698,0.41,26.93,27.57,25.86,75.81,2.36,3.06,2.08,100.19
20211203,3.57,5.8354,3.0787,3.1704,0.59,28.02,28.9,27.04,73.68,3.58,4.39,3.12,100.18
20211204,13.51,4.8497,1.2542,3.335,0.49,27.76,28.37,27.31,80.27,4.27,6.38,3.67,100.23
20211205,9.05,3.2311,0.1961,2.3508,0.32,27.34,27.8,26.84,77.94,2.29,3.69,2.04,100.22
20211206,1.19,5.3438,3.6977,2.3628,0.54,27.79,28.62,26.97,74.75,2.94,4.19,2.61,100.11
20211207,5.22,4.9526,2.5188,2.7218,0.5,27.89,28.6,27.44,76.36,1.94,3.57,1.73,100.12
20211208,8.42,5.1463,3.7862,2.267,0.52,27.92,29.01,26.87,78.82,2.15,3.95,1.92,100.06
20211209,27.69,4.5012,2.321,2.3731,0.45,27.43,27.81,27.19,83.95,3.27,4.43,2.89,100.1
20211210,17.39,3.0809,0.0895,2.37,0.31,26.99,27.27,26.71,81.52,2.32,3.57,2.08,100.15
20211211,14.75,4.794,2.5745,2.4886,0.48,27.21,28.2,26.62,81.78,2.64,4.76,2.35,100.13
20211212,7.52,3.9523,1.9754,2.1893,0.4,27.5,28.73,26.67,79.22,2.57,4.37,2.28,100.08
20211213,4.27,4.1194,0.6862,2.9285,0.42,26.99,27.44,26.27,81.94,1.25,2.48,1.14,100.03
20211214,5.87,4.0356,2.5534,1.8919,0.41,27.38,27.79,26.9,80.72,2.07,3.42,1.85,99.93
20211215,12.36,4.709,2.543,2.4139,0.47,27.15,27.63,26.49,82.46,1.74,2.75,1.53,99.95
20211216,15.45,3.8198,0.7241,2.4941,0.39,27.14,27.47,26.48,86.33,3.65,5.7,3.15,100.01
20211217,47.67,1.8766,0.1992,1.3862,0.19,26.71,27.39,26.21,87.97,5.66,6.7,4.85,100.04
20211218,62.01,1.913,0.1795,1.3814,0.19,27.35,27.85,26.61,84.95,6.83,7.81,5.74,100.07
20211219,26.93,4.5727,0.8592,3.3866,0.46,26.83,27.23,26.25,85.43,5.1,8.77,4.35,100.14
20211220,8.34,3.991,0.2105,3.0101,0.4,26.74,27.55,25.62,77.38,2.77,5.32,2.43,100.27
20211221,1.38,5.5188,2.9618,3.1049,0.56,27.83,28.68,27.18,74.97,2.13,2.83,1.9,100.19
20211222,9.11,4.0478,0.5712,2.9604,0.41,27.27,27.93,26.72,83.44,2.89,3.68,2.55,100.2
20211223,6.82,5.064,1.6349,2.9899,0.51,26.94,27.4,26.29,79.16,1.78,3.15,1.6,100.11
20211224,5.32,5.232,2.4588,2.6794,0.53,27.33,27.84,26.88,82.73,2.94,3.38,2.6,100.07
20211225,3.17,5.1893,3.8249,2.233,0.52,27.67,28.04,27.19,82.06,3.31,4.01,2.89,100.08
20211226,4.64,5.0842,2.9839,2.8022,0.51,27.9,28.65,27.38,79.78,2.89,3.9,2.55,100.16
20211227,6.18,4.3037,1.2701,2.7595,0.43,27.72,28.26,27.15,80.32,2.47,3.89,2.21,100.18
20211228,3.04,5.2956,2.1691,3.3302,0.53,27.58,28.19,27.06,78.56,1.84,3.64,1.66,100.1
20211229,2.94,5.2142,2.9796,2.8716,0.52,27.72,28.56,26.75,78.81,2.63,3.59,2.34,100.07
20211230,4.47,5.1314,2.694,2.7725,0.52,28.15,29.2,27.46,79.66,2.0,3.96,1.82,100.06
20211231,34.53,4.1112,0.5302,2.9191,0.41,27.13,27.91,26.37,84.66,1.83,3.18,1.64,100.09
20220101,14.24,4.7232,1.1081,3.1519,0.47,26.27,26.82,25.79,88.09,2.84,4.62,2.49,100.15
20220102,12.42,3.7762,0.4918,2.8306,0.38,26.19,26.74,25.66,83.32,2.67,4.45,2.36,100.13
20220103,0.55,4.992,2.4283,2.7221,0.5,27.51,28.27,26.82,76.89,2.06,3.13,1.83,100.07
20220104,1.63,5.351,3.0804,2.6179,0.54,27.85,28.72,27.26,75.84,2.09,3.33,1.85,100.17
20220105,0.78,5.827,4.3812,2.6002,0.58,27.62,28.34,26.85,77.43,1.85,3.12,1.66,100.13
20220106,2.11,5.2685,2.988,2.8082,0.53,27.71,28.29,27.21,79.27,2.39,3.29,2.11,100.15
20220107,2.05,5.1943,3.1733,2.5433,0.52,28.02,28.82,27.22,79.47,3.36,4.28,2.93,100.17
20220108,6.42,4.2665,1.8886,2.3556,0.43,27.5,27.93,26.97,83.18,3.28,4.1,2.88,100.12
20220109,35.8,4.4225,1.584,2.5901,0.44,27.17,28.02,25.83,74.25,1.67,2.33,1.51,100.09
20220110,17.03,3.3317,0.2453,2.3453,0.33,27.09,27.46,26.83,87.08,4.66,6.24,4.03,100.07
20220111,12.66,5.5334,3.9182,2.3878,0.55,27.44,28.13,26.55,81.43,2.38,4.64,2.14,100.14
20220112,6.36,5.0074,2.4367,2.8582,0.5,27.76,28.63,27.28,80.65,2.52,3.98,2.27,100.13
20220113,6.19,5.3724,3.3665,2.5046,0.53,27.65,28.22,27.06,79.23,1.82,3.15,1.68,100.14
20220114,4.54,4.5948,2.2622,2.5666,0.46,28.11,29.33,27.0,74.79,1.5,2.06,1.38,100.1
20220115,1.17,5.1101,4.0162,2.009,0.51,28.46,29.8,27.23,72.85,2.04,3.05,1.8,100.09
20220116,7.42,4.9154,2.017,2.8349,0.49,28.02,28.81,27.39,79.05,1.76,3.43,1.59,100.08
20220117,15.35,3.8966,1.6378,2.2169,0.39,27.41,27.83,27.07,84.24,2.57,3.99,2.31,100.1
20220118,12.93,3.5184,0.1613,2.515,0.35,27.01,27.35,26.38,82.0,3.29,3.95,2.9,100.13
20220119,13.83,2.3242,0.0823,1.7407,0.23,26.09,26.47,25.8,85.42,3.81,4.4,3.36,100.16
20220120,6.35,6.503,6.061,2.0537,0.64,26.73,27.65,25.45,79.07,2.65,3.75,2.37,100.1
20220121,7.01,5.1362,3.0456,2.4221,0.51,27.3,28.23,26.63,79.73,3.29,4.61,2.9,100.07
20220122,5.0,4.8125,1.3246,3.0065,0.47,27.07,27.84,26.32,81.38,3.62,4.07,3.19,100.02
20220123,9.85,4.08,0.4219,2.9998,0.4,26.57,27.02,26.21,86.33,4.03,4.89,3.52,100.03
20220124,8.52,4.1549,0.3247,3.1222,0.41,26.1,26.47,25.76,82.5,1.83,3.94,1.62,100.04
20220125,1.16,4.6075,0.4049,3.3175,0.45,27.08,27.94,25.8,73.27,1.7,2.49,1.49,100.0
20220126,0.89,4.1746,0.2743,3.0314,0.41,28.62,30.29,27.3,68.68,1.63,3.27,1.47,99.89
20220127,2.24,5.8531,3.2654,3.2042,0.57,28.07,29.23,27.19,77.73,2.21,3.24,1.95,99.96
20220128,2.32,5.7538,3.4222,2.7163,0.56,28.01,28.96,27.23,79.36,1.67,2.76,1.52,100.02
20220129,2.18,5.4739,2.4931,3.0485,0.53,28.12,29.2,27.37,79.81,1.91,3.45,1.7,99.99
20220130,32.3,4.9634,1.9622,3.0878,0.48,27.3,27.75,26.41,80.82,3.94,8.15,3.41,100.02
20220131,4.41,4.5722,0.7222,3.3106,0.45,27.85,28.67,26.94,77.63,2.18,2.9,1.94,99.98
20220201,12.11,3.6139,1.1309,2.2123,0.35,27.45,28.11,26.64,82.42,3.1,4.48,2.73,100.01
20220202,6.57,5.3134,2.2106,2.9758,0.52,27.54,28.26,26.47,72.67,2.62,3.54,2.33,100.1
20220203,3.69,4.9284,1.6394,3.0425,0.48,27.89,28.99,27.09,77.38,2.21,3.54,1.95,99.94
20220204,57.45,4.1534,0.521,2.681,0.4,26.6,27.52,25.93,86.36,4.46,5.42,3.91,99.95
20220205,46.17,3.899,0.3103,2.6882,0.38,25.71,26.1,25.23,86.83,3.57,4.64,3.16,100.12
20220206,53.09,4.4702,1.523,2.7631,0.43,26.31,27.23,24.79,73.55,1.45,4.54,1.25,100.23
20220207,5.73,5.5685,3.5107,2.9244,0.54,27.14,28.19,26.09,76.46,3.59,4.62,3.14,100.14
20220208,3.84,6.0166,3.587,2.7931,0.58,28.13,29.0,26.96,68.51,2.89,4.42,2.52,100.09
20220209,3.11,5.1062,0.8086,3.6528,0.49,28.01,28.89,26.99,64.76,2.0,3.38,1.77,100.11
20220210,3.93,4.4741,0.3583,3.2911,0.43,26.53,27.69,24.95,71.33,1.51,2.58,1.35,100.1
20220211,1.55,5.0088,2.6383,3.1284,0.48,28.34,29.21,27.61,68.81,1.77,2.31,1.58,99.94
20220212,1.75,5.7396,2.5356,3.5669,0.55,28.21,29.0,27.5,73.29,2.16,3.4,1.92,99.81
20220213,4.2,5.3419,1.7093,3.2011,0.51,28.23,28.74,27.5,75.22,2.41,3.31,2.11,99.73
20220214,5.12,5.5951,1.9536,3.4198,0.54,28.64,29.43,27.81,74.42,2.99,3.8,2.59,99.76
20220215,6.72,5.6335,3.0043,3.0276,0.54,28.4,29.52,27.31,74.75,3.04,3.71,2.67,99.87
20220216,5.47,3.3838,1.0202,2.2934,0.32,27.37,28.39,26.18,77.51,3.41,4.17,3.0,99.83
20220217,15.13,5.0846,1.6973,3.048,0.49,27.38,28.2,26.3,80.14,3.52,4.03,3.09,99.81
20220218,2.0,5.6182,3.1728,2.753,0.54,27.96,28.99,26.92,78.51,3.99,4.72,3.47,99.94
20220219,1.43,5.6738,2.4653,3.0422,0.54,27.43,28.42,26.2,74.87,1.25,2.53,1.1,100.06
20220220,0.42,6.9818,5.7358,2.3522,0.67,28.54,29.23,28.04,68.97,1.54,1.99,1.4,99.98
20220221,1.04,5.1674,2.321,2.778,0.49,28.32,29.32,27.5,76.0,3.1,4.05,2.74,100.0
20220222,4.66,5.2133,1.7554,2.9148,0.5,28.18,28.95,27.7,77.84,2.46,3.28,2.19,100.09
20220223,5.17,6.0257,3.3444,2.7792,0.57,27.76,28.52,26.94,77.07,1.91,3.23,1.7,100.23
20220224,1.76,5.6038,2.0921,3.0797,0.53,28.08,29.14,27.28,74.97,2.19,3.3,1.94,100.19
20220225,4.56,5.9011,3.3905,2.8565,0.56,27.98,28.75,27.26,76.32,2.18,4.21,1.93,100.1
20220226,14.83,4.6961,1.4758,2.9302,0.45,27.66,28.12,27.14,81.67,3.63,4.18,3.17,100.08
20220227,10.99,4.992,1.4314,2.8524,0.47,27.51,28.08,26.95,78.27,3.47,4.93,3.04,100.13
20220228,18.27,4.8463,2.1828,2.4931,0.46,28.33,29.62,27.56,73.6,3.2,4.74,2.78,100.08
20220301,12.7,5.1859,0.9689,3.6106,0.49,27.47,27.9,27.11,74.18,1.85,4.19,1.63,100.15
20220302,8.55,5.4478,2.8661,2.6686,0.52,27.78,28.61,27.0,72.7,1.64,2.69,1.46,100.12
20220303,13.17,4.4832,0.9931,2.7842,0.43,27.2,27.78,26.53,79.59,2.78,3.26,2.46,100.1
20220304,4.81,6.2143,3.7822,3.0098,0.59,27.76,28.66,26.7,78.65,3.71,4.36,3.24,100.04
20220305,9.86,5.6102,2.0506,3.293,0.53,27.44,28.04,26.81,81.08,3.24,3.59,2.85,100.01
20220306,10.55,4.2384,0.4906,2.9976,0.4,27.06,28.02,26.21,80.33,2.53,3.62,2.25,100.03
20220307,6.67,4.901,1.5775,2.8229,0.47,27.09,27.88,26.66,78.53,1.84,3.13,1.62,100.03
20220308,5.95,5.7214,2.4079,2.8198,0.54,27.47,28.1,26.45,77.22,2.27,3.18,2.0,99.96
20220309,16.95,5.6808,3.0638,3.0046,0.54,27.5,27.87,26.71,79.04,2.29,3.19,2.0,99.97
20220310,4.98,5.1823,1.4503,3.0742,0.49,26.77,27.3,26.12,83.95,2.71,3.63,2.39,100.0
20220311,12.82,5.7852,3.0737,2.6443,0.55,26.8,27.65,26.16,84.95,4.68,5.69,4.07,99.92
20220312,9.17,6.2246,3.7073,2.7077,0.59,27.63,28.16,26.94,80.69,3.49,4.51,3.04,99.81
20220313,8.75,5.3695,2.2426,2.7778,0.51,27.23,27.61,26.69,84.34,2.85,3.45,2.51,99.81
20220314,21.9,4.5384,0.918,2.7077,0.43,26.56,26.97,25.93,84.11,1.65,3.03,1.48,99.91
20220315,4.1,5.5613,2.3556,2.8517,0.53,27.7,28.59,26.83,77.07,1.55,2.78,1.39,99.8
20220316,12.29,5.803,3.2059,2.5862,0.55,28.2,29.32,27.25,77.35,2.55,3.53,2.25,99.77
20220317,26.71,3.7762,0.2594,2.6508,0.36,26.9,27.6,26.59,84.18,3.67,4.46,3.23,99.9
20220318,12.23,3.3828,0.8234,2.3491,0.32,27.36,28.01,26.62,82.26,4.11,5.4,3.57,99.9
20220319,3.97,6.3696,5.52,2.5212,0.61,27.84,28.56,26.78,74.74,2.05,3.71,1.8,99.89
20220320,9.84,5.712,2.4168,2.9074,0.54,27.87,28.4,27.41,73.01,1.7,3.62,1.49,99.99
20220321,0.88,6.0245,3.6761,2.6234,0.57,28.49,29.11,27.97,71.56,1.99,3.04,1.74,100.06
20220322,4.62,6.6122,4.9949,2.3916,0.63,28.22,28.97,27.75,75.7,1.66,2.18,1.47,100.04
20220323,0.94,6.3823,4.5197,2.609,0.61,28.07,28.71,27.6,77.62,2.24,2.94,1.99,100.03
20220324,0.01,7.321,6.8431,1.9202,0.7,28.04,28.77,27.52,70.48,1.24,2.43,1.1,99.97
20220325,0.0,6.6048,4.4201,2.695,0.63,28.28,29.24,27.39,66.8,1.35,2.36,1.23,100.04
20220326,0.05,7.1726,6.4094,2.227,0.69,28.06,28.74,27.53,74.13,2.25,3.21,1.98,100.17
20220327,0.19,7.2031,5.8486,2.4089,0.69,27.76,28.6,26.98,75.08,2.44,3.35,2.17,100.13
20220328,0.01,7.3486,6.6194,1.9255,0.71,28.04,28.91,27.4,68.92,2.33,3.51,2.1,100.08
20220329,0.39,7.3932,6.841,1.9366,0.71,27.97,28.94,27.13,72.48,2.55,3.58,2.28,100.03
20220330,1.53,6.779,5.5058,2.3071,0.65,28.02,28.66,27.58,77.51,3.41,4.61,2.99,100.03
20220331,0.78,4.5866,0.5398,3.2052,0.44,27.8,28.5,27.27,74.8,2.63,3.61,2.31,100.13
20220401,0.31,6.8966,5.8985,2.1578,0.67,28.05,29.1,27.2,70.9,1.88,2.59,1.67,100.09
20220402,0.19,6.1286,3.8465,2.5193,0.59,28.17,29.01,27.62,71.75,1.91,2.97,1.7,100.11
20220403,0.12,5.5766,2.2464,3.0314,0.54,27.83,28.38,27.3,74.06,2.39,3.41,2.13,100.12
20220404,0.14,6.7882,5.9645,1.8821,0.66,28.07,28.88,27.2,72.88,2.03,3.48,1.81,100.13
20220405,12.5,5.7024,2.8049,2.869,0.55,27.93,28.64,27.29,75.53,2.91,4.16,2.56,100.18
20220406,7.7,5.2531,3.2278,2.2073,0.51,27.69,28.24,27.26,80.8,2.99,4.16,2.64,100.18
20220407,9.34,4.0138,0.2539,2.9306,0.39,27.19,27.63,26.57,76.74,3.5,4.27,3.09,100.26
20220408,1.56,4.3774,1.5835,2.4602,0.43,27.5,28.04,26.9,74.39,1.91,2.82,1.72,100.12
20220409,2.92,5.4842,2.4612,3.1219,0.53,27.67,28.24,27.02,74.96,1.52,1.97,1.36,100.07
20220410,5.39,5.5855,4.248,1.9778,0.55,27.59,28.23,27.1,78.1,1.73,2.99,1.53,100.04
20220411,12.92,4.6344,1.6985,2.6028,0.45,27.56,28.11,27.06,81.16,2.69,3.51,2.36,100.03
20220412,6.48,5.1862,3.1694,2.2836,0.51,27.48,28.03,26.9,79.38,1.79,2.16,1.58,99.96
20220413,2.16,4.8943,2.8433,2.3098,0.48,27.58,28.16,26.9,79.34,1.82,2.14,1.61,99.9
20220414,2.47,5.7852,4.6183,2.0256,0.57,27.83,28.58,27.11,78.77,1.93,2.68,1.7,99.87
20220415,5.08,5.0952,2.1967,2.7118,0.5,27.92,28.32,27.55,79.35,1.9,2.33,1.66,99.93
20220416,5.5,5.538,3.185,2.6758,0.55,28.04,28.64,27.54,79.25,1.81,2.74,1.59,99.87
20220417,6.21,5.2082,3.1193,2.5094,0.51,28.7,29.57,28.02,75.36,1.54,3.07,1.37,99.75
20220418,17.28,2.1046,0.1687,1.4993,0.21,28.36,28.65,28.14,76.61,1.79,2.85,1.57,99.93
20220419,18.41,4.4743,2.3465,2.131,0.44,27.71,28.18,26.65,83.61,2.91,3.66,2.55,100.04
20220420,11.23,4.5295,0.6821,3.0336,0.45,27.18,28.25,26.23,79.6,2.42,3.78,2.14,100.07
20220421,5.61,4.6932,0.9562,3.3566,0.47,27.57,28.48,26.59,78.77,2.31,3.02,2.05,100.0
20220422,7.93,5.2589,3.4596,2.3162,0.52,28.35,29.34,27.39,76.04,1.98,2.98,1.77,99.94
20220423,11.81,4.5516,1.1122,2.7379,0.45,28.05,28.43,27.58,83.12,3.98,4.59,3.46,99.94
20220424,16.8,4.6805,1.4251,2.7766,0.47,27.79,28.61,27.21,81.45,2.49,3.99,2.18,99.9
20220425,32.26,3.5047,0.3293,2.4598,0.35,26.75,27.47,25.7,83.23,2.57,4.04,2.25,99.99
20220426,3.77,5.3078,2.1574,2.7516,0.53,27.5,28.66,25.55,77.01,2.52,4.2,2.22,99.93
20220427,4.44,4.7263,2.1422,2.5474,0.48,28.51,29.23,27.9,79.13,3.03,4.24,2.66,99.83
20220428,9.79,4.6812,1.5578,2.7739,0.47,28.2,28.64,27.9,79.04,1.67,3.09,1.46,99.94
20220429,8.26,5.6095,3.8926,2.3225,0.57,27.91,28.38,27.46,79.41,1.48,2.09,1.3,99.96
20220430,12.26,4.7609,2.4374,2.3107,0.48,27.7,28.24,27.33,81.46,1.75,2.37,1.54,99.92
20220501,13.19,4.6068,1.8041,2.6928,0.47,27.27,27.99,26.64,81.04,1.73,2.46,1.51,99.89
20220502,16.88,4.4726,0.5054,3.0326,0.45,26.98,27.58,26.36,82.97,1.96,3.53,1.74,99.9
20220503,17.58,5.1722,1.8571,2.9011,0.53,26.93,27.15,26.62,87.51,3.52,4.02,3.11,99.95
20220504,1.24,4.823,1.949,3.2549,0.49,26.9,27.48,26.35,81.98,1.32,2.42,1.18,99.98
20220505,2.57,4.7131,1.002,3.3151,0.48,28.04,29.01,27.16,76.66,1.98,3.28,1.75,99.83
20220506,8.7,4.7959,1.4407,3.0869,0.49,27.62,28.35,27.07,81.52,2.79,3.7,2.45,99.84
20220507,3.12,4.2686,0.3898,3.101,0.44,27.14,27.76,26.64,82.14,1.46,2.08,1.33,99.83
20220508,3.23,4.4261,0.4526,3.2899,0.46,27.99,28.87,26.91,76.64,1.2,2.02,1.04,99.79
20220509,0.97,5.4422,4.643,2.3266,0.56,28.89,29.71,28.14,72.59,1.19,2.07,1.07,99.79
20220510,6.3,4.8516,3.4159,2.0335,0.5,28.77,29.36,28.02,77.44,1.11,2.13,0.98,99.87
20220511,18.69,4.2679,2.1322,2.195,0.44,27.89,28.84,27.22,80.59,3.1,7.25,2.67,100.04
20220512,16.83,5.3863,3.7778,2.1674,0.56,27.78,28.05,27.27,81.88,4.75,7.38,4.08,100.08
20220513,0.57,5.7809,4.3925,2.5416,0.6,28.25,29.23,27.43,79.21,2.06,2.88,1.84,99.97
20220514,0.22,5.8248,5.1823,1.8773,0.61,28.29,29.18,27.71,79.22,1.58,2.18,1.4,100.0
20220515,12.95,4.6272,2.011,2.4204,0.48,28.08,28.71,27.83,83.53,1.99,3.22,1.76,100.07
20220516,14.65,3.3206,0.4622,2.3621,0.35,27.9,28.69,27.46,81.54,2.64,4.06,2.32,100.14
20220517,0.21,5.9114,4.7652,2.2937,0.62,28.21,29.1,27.43,73.61,1.62,2.62,1.44,100.02
20220518,0.02,6.5045,6.0718,1.891,0.68,28.3,29.11,27.7,71.39,1.36,2.24,1.22,100.09
20220519,0.15,5.286,2.8728,2.9854,0.56,28.44,29.16,27.79,68.16,1.02,1.95,0.9,100.18
20220520,0.49,4.4482,1.8564,2.449,0.47,28.43,29.07,27.95,73.92,1.68,2.92,1.48,100.08
20220521,7.34,4.9438,1.9896,2.7048,0.52,27.67,28.28,26.9,77.53,1.66,3.06,1.46,100.07
20220522,2.93,5.5502,4.4935,2.0568,0.59,27.83,28.51,26.91,76.05,1.35,2.17,1.21,99.92
20220523,1.49,5.7506,4.6066,2.0892,0.61,28.26,28.96,27.66,78.36,1.65,2.53,1.48,99.88
20220524,12.59,4.2653,2.2464,2.1341,0.45,28.33,28.87,27.84,81.68,3.07,5.23,2.69,100.04
20220525,17.35,2.7293,0.3859,2.0006,0.29,27.23,27.64,26.81,80.45,4.9,6.47,4.22,100.25
20220526,3.82,5.5608,3.6586,2.574,0.59,28.06,29.02,27.04,74.96,3.71,4.16,3.24,100.11
20220527,6.26,5.3777,4.8012,1.8655,0.57,28.28,28.88,27.53,80.37,3.91,5.59,3.39,100.02
20220528,5.06,4.3786,1.087,2.707,0.47,27.42,28.06,26.38,79.6,3.84,5.29,3.32,100.12
20220529,3.21,5.5342,4.0757,2.5006,0.59,28.01,28.65,27.64,78.48,3.35,4.7,2.91,99.99
20220530,4.54,6.1073,6.1745,1.5902,0.65,27.64,28.19,27.2,83.46,2.99,4.06,2.64,99.93
20220531,3.77,5.137,3.979,2.3465,0.55,27.6,28.11,27.03,83.91,3.68,4.36,3.22,99.92
20220601,4.32,5.2435,3.8426,2.3839,0.56,27.76,28.53,27.05,82.44,3.0,3.78,2.63,99.96
20220602,8.72,4.2665,1.0678,3.079,0.46,27.89,28.74,26.98,77.69,4.73,5.83,4.06,100.08
20220603,10.47,5.418,4.2766,2.3177,0.58,26.96,27.47,26.07,78.62,2.62,4.07,2.33,100.13
20220604,0.57,5.3369,3.719,2.3719,0.57,27.82,28.51,26.9,74.91,2.6,3.05,2.31,100.02
20220605,2.96,5.1374,3.1699,2.3513,0.55,28.04,28.5,27.62,74.09,1.57,3.0,1.39,99.99
20220606,4.65,4.6493,2.2865,2.4574,0.5,27.64,28.18,27.14,78.71,1.77,2.28,1.55,99.95
20220607,3.92,5.0582,2.9861,2.3765,0.55,27.52,28.01,27.1,79.93,2.37,3.39,2.08,99.97
20220608,8.31,4.2922,1.7542,2.443,0.46,27.36,27.99,26.34,82.42,3.44,4.2,3.0,99.96
20220609,15.65,4.5638,2.4372,2.3405,0.49,26.79,27.71,25.62,81.18,2.11,3.31,1.87,100.02
20220610,5.08,4.7916,2.7734,2.2973,0.52,27.52,28.47,26.74,82.39,4.2,6.3,3.62,99.93
20220611,65.53,3.0437,0.3511,2.2308,0.33,26.4,26.75,26.04,89.23,4.17,5.77,3.64,100.07
20220612,22.36,4.4472,1.4378,2.861,0.48,26.43,27.18,25.33,82.42,2.0,2.87,1.81,100.1
20220613,5.62,4.8545,2.7725,2.3062,0.53,27.77,28.52,27.1,76.59,2.02,3.0,1.8,100.02
20220614,20.2,4.8226,2.4622,2.6318,0.52,26.45,27.37,26.0,83.37,2.58,4.84,2.27,100.04
20220615,8.84,3.959,0.618,2.6587,0.43,27.02,27.57,26.55,80.99,2.94,4.88,2.6,100.05
20220616,7.78,5.0945,3.2465,2.3141,0.55,26.93,27.64,26.46,85.68,3.9,4.91,3.43,100.03
20220617,11.94,4.0411,1.7167,2.3654,0.44,25.91,26.42,24.78,86.01,2.99,5.9,2.65,100.11
20220618,7.51,4.5648,1.758,2.6186,0.5,26.31,27.69,24.46,77.91,1.84,2.95,1.62,100.1
20220619,11.42,4.2389,2.418,2.0614,0.46,26.46,27.01,25.63,85.97,3.0,4.68,2.61,100.01
20220620,8.56,4.5029,1.751,2.5217,0.49,27.18,28.41,25.6,80.45,2.77,3.89,2.44,99.9
20220621,9.39,4.835,3.1702,2.2438,0.53,27.27,27.53,26.87,83.26,3.73,4.1,3.24,99.9
20220622,5.15,4.3603,2.2622,2.1098,0.47,26.72,27.34,26.08,80.48,2.22,3.51,1.95,100.07
20220623,21.99,4.0296,1.3181,2.4878,0.44,26.62,26.83,26.17,85.18,3.21,3.81,2.83,100.11
20220624,27.68,4.1842,1.8907,2.3796,0.46,26.57,27.12,26.19,86.73,3.58,4.7,3.13,100.02
20220625,16.45,5.1312,2.9856,2.49,0.56,26.42,27.45,25.54,85.06,2.49,3.88,2.21,99.97
20220626,0.57,5.2039,3.9866,2.0986,0.57,27.64,28.28,26.85,78.67,1.68,2.21,1.5,99.98
20220627,4.04,5.1768,3.9022,2.0611,0.56,27.66,28.15,27.22,78.78,1.49,2.48,1.32,100.03
20220628,15.85,3.8712,2.0544,2.1653,0.42,27.34,27.65,27.04,80.74,3.46,4.48,3.01,100.06
20220629,16.21,3.9643,2.5601,1.8898,0.43,26.87,27.24,26.31,81.47,5.81,10.65,4.92,100.03
20220630,2.14,3.6166,0.0708,2.6885,0.39,26.65,27.19,25.98,76.86,4.05,9.14,3.47,100.03
20220701,0.44,6.0506,5.508,1.9003,0.66,27.68,28.48,26.97,71.11,2.23,3.09,1.96,99.92
20220702,0.69,5.2205,4.08,2.3057,0.57,27.33,27.91,26.44,75.34,1.48,2.23,1.31,99.89
20220703,0.23,5.593,4.5106,2.2666,0.61,27.77,28.44,27.14,74.75,1.89,2.4,1.69,99.86
20220704,0.69,5.778,4.9975,2.047,0.63,28.46,29.23,27.74,75.08,3.52,4.85,3.04,99.86
20220705,3.14,4.8948,2.777,2.8486,0.53,27.5,28.08,26.93,83.08,3.71,5.56,3.22,99.98
20220706,3.95,3.8597,1.6853,2.0762,0.42,27.41,27.92,26.73,76.91,1.09,2.01,0.98,100.09
20220707,0.98,5.4079,4.8163,1.8646,0.59,28.03,28.68,27.52,74.15,1.51,2.52,1.33,100.0
20220708,2.53,4.8614,2.929,2.2471,0.53,27.69,28.14,27.12,80.57,1.93,2.54,1.7,100.04
20220709,2.09,5.6134,4.9198,2.1523,0.61,27.42,28.09,26.75,81.52,2.55,3.45,2.25,99.95
20220710,2.8,4.1393,1.0548,2.7722,0.45,27.1,27.59,26.68,83.03,3.4,4.31,2.99,99.95
20220711,3.09,4.4712,1.0462,3.0475,0.48,27.24,27.77,26.68,80.06,3.04,5.02,2.65,100.01
20220712,4.59,3.9982,0.871,2.7398,0.43,27.88,28.61,27.16,76.17,3.12,4.18,2.76,99.94
20220713,3.28,4.5833,1.4736,2.9573,0.49,27.73,28.32,26.93,79.84,1.91,2.61,1.73,99.84
20220714,5.34,4.4239,2.003,2.3016,0.48,27.71,28.44,27.3,80.96,1.72,2.8,1.55,99.86
20220715,12.23,4.9601,2.3986,2.6995,0.53,27.6,28.23,26.91,80.97,3.46,3.9,3.03,99.97
20220716,1.58,6.0298,5.5934,1.927,0.65,28.3,28.93,27.5,74.06,2.19,3.32,1.95,100.01
20220717,1.16,6.2496,6.1685,1.6524,0.67,28.68,29.91,27.96,70.3,1.58,2.4,1.41,100.0
20220718,0.29,5.935,6.1946,1.56,0.63,28.38,29.33,27.78,75.16,1.9,3.17,1.69,99.92
20220719,1.99,5.6054,5.1617,1.8446,0.6,28.22,28.8,27.74,75.31,1.69,2.69,1.49,99.92
20220720,6.34,4.4726,1.2468,2.9647,0.48,27.93,28.33,27.43,79.41,2.71,3.92,2.36,100.01
20220721,2.55,4.7796,3.0278,2.3059,0.51,28.0,28.5,27.57,75.28,1.45,2.26,1.27,99.96
20220722,23.69,3.2124,0.3209,2.2267,0.34,27.51,28.06,26.99,81.24,1.58,3.11,1.43,100.0
20220723,12.81,4.3997,2.3695,2.238,0.47,27.75,28.69,26.49,81.1,1.68,3.04,1.57,99.92
20220724,15.49,2.5766,0.2162,1.9582,0.27,27.38,27.95,26.66,86.59,3.57,6.6,3.14,99.82
20220725,39.89,2.441,0.1594,1.7232,0.26,26.71,27.64,25.98,88.32,5.53,9.81,4.7,99.99
20220726,10.78,4.301,2.5937,2.3986,0.45,26.37,26.86,25.68,81.21,2.08,3.23,1.83,100.04
20220727,9.75,4.1806,2.334,2.1996,0.44,26.79,27.27,26.0,78.34,2.21,2.91,1.94,99.98
20220728,3.81,5.1638,3.6346,2.1895,0.54,27.61,28.44,26.76,77.49,2.53,2.95,2.25,99.94
20220729,9.3,4.0003,0.4958,2.7576,0.42,26.75,27.1,26.12,84.41,2.83,4.2,2.53,100.01
20220730,4.18,4.543,2.3431,2.4322,0.48,27.09,27.49,26.5,80.84,2.29,2.9,2.07,99.98
20220731,0.64,5.3935,4.7882,1.8562,0.57,28.1,29.21,27.2,76.98,2.3,3.09,2.07,99.78
20220801,1.58,5.0642,2.9088,2.4667,0.53,27.96,28.53,27.52,78.7,1.78,2.31,1.61,99.78
20220802,17.06,2.5908,0.2498,1.7928,0.27,26.83,27.56,25.61,84.77,3.28,5.71,2.84,99.93
20220803,14.56,3.7452,0.9298,2.3885,0.39,25.89,26.61,24.82,84.89,2.47,3.08,2.2,100.1
20220804,2.42,4.3582,1.002,2.8128,0.45,26.3,27.22,25.24,81.51,2.37,2.91,2.12,100.12
20220805,0.06,4.0733,0.7286,2.7418,0.42,27.8,28.46,27.07,73.93,1.85,2.32,1.64,100.07
20220806,0.9,4.6649,3.3348,2.1343,0.48,27.85,28.53,27.33,77.14,2.9,3.44,2.53,100.05
20220807,0.6,5.4821,3.4603,2.557,0.57,27.66,28.59,26.91,76.32,2.67,3.72,2.35,99.97
20220808,1.19,5.3333,3.8818,2.154,0.55,27.64,28.14,27.2,78.32,2.08,2.43,1.82,99.98
20220809,1.8,5.2337,3.7934,2.1881,0.54,27.52,28.01,27.02,79.24,2.3,2.9,2.01,99.95
20220810,1.45,5.2483,4.0123,2.1434,0.54,27.67,28.24,27.03,77.67,1.52,2.31,1.33,99.95
20220811,0.44,5.425,4.0831,2.0813,0.56,28.01,28.56,27.43,77.48,1.92,2.67,1.68,99.96
20220812,1.53,4.9306,3.3077,2.1578,0.51,27.92,28.22,27.63,79.47,2.53,2.86,2.22,100.03
20220813,1.67,4.8535,1.7338,3.036,0.5,27.45,28.05,27.09,79.64,1.33,2.57,1.19,100.03
20220814,2.7,3.4464,1.1806,2.0911,0.35,27.78,28.74,27.0,78.3,1.43,2.34,1.27,100.02
20220815,3.91,5.0772,3.3504,2.0993,0.52,27.47,28.1,27.04,80.86,2.24,2.94,1.98,100.13
20220816,1.6,5.238,2.1425,2.9477,0.53,27.44,28.31,26.52,77.71,2.41,3.37,2.15,100.12
20220817,1.07,5.0921,3.2419,2.3155,0.52,28.14,29.03,27.39,77.36,2.81,3.28,2.48,100.01
20220818,35.05,4.7592,2.9762,2.1914,0.48,28.1,28.78,27.72,79.75,1.93,4.31,1.74,99.92
20220819,14.19,5.0417,3.3043,2.2176,0.51,28.29,29.31,27.51,78.08,1.75,3.46,1.56,99.89
20220820,43.39,3.7937,0.672,2.5438,0.38,27.51,28.09,27.03,85.96,4.44,6.82,3.83,99.96
20220821,6.69,4.315,0.7606,2.8745,0.44,26.75,27.07,26.26,85.37,3.73,5.39,3.25,100.06
20220822,8.73,5.7742,4.2569,2.3537,0.58,27.2,28.24,25.81,78.79,1.89,2.77,1.68,100.03
20220823,8.58,4.2895,0.9598,2.7761,0.43,26.91,27.34,26.41,84.87,3.47,4.8,3.04,100.04
20220824,39.34,4.23,1.5566,2.3964,0.43,26.74,27.33,26.33,84.72,4.24,5.81,3.69,100.06
20220825,10.38,4.3807,2.3669,2.2913,0.44,26.59,27.26,25.94,86.95,4.04,4.51,3.52,99.96
20220826,14.34,3.6086,0.1625,2.6395,0.36,26.67,27.11,26.04,86.27,3.78,4.25,3.31,99.93
20220827,11.58,3.835,1.4088,2.2279,0.38,27.24,28.32,26.44,83.63,4.02,4.51,3.52,99.92
20220828,36.78,4.1076,0.9331,2.8183,0.41,26.55,27.39,26.05,84.09,2.55,3.42,2.34,99.96
20220829,122.79,3.2364,0.8494,1.9925,0.32,26.12,26.81,25.14,88.19,4.64,6.73,4.03,100.03
20220830,4.35,5.3645,1.7654,3.624,0.53,26.06,26.37,25.67,83.58,2.41,4.62,2.11,100.06
20220831,1.93,5.3657,4.379,1.9567,0.53,26.86,27.46,25.95,82.01,2.46,4.04,2.16,99.94
20220901,13.96,4.0838,0.7262,2.6806,0.41,26.84,27.48,26.21,85.72,3.71,4.55,3.24,100.04
20220902,17.58,3.1862,0.1658,2.3215,0.32,26.41,26.93,25.83,85.2,5.47,7.34,4.68,100.2
20220903,3.91,4.5598,2.4319,2.7425,0.45,26.53,27.38,25.55,79.61,2.17,3.15,1.93,100.18
20220904,1.94,4.3819,1.283,2.8757,0.43,26.53,26.95,26.07,78.89,1.4,1.98,1.22,100.2
20220905,2.49,5.2426,2.113,2.8205,0.52,27.51,28.29,26.61,77.11,1.85,2.54,1.65,100.14
20220906,13.56,4.747,2.1,2.5433,0.47,27.59,28.06,27.08,79.74,2.5,3.41,2.21,100.1
20220907,5.57,4.6087,0.6706,3.1406,0.45,26.89,27.58,25.86,75.62,1.67,3.58,1.48,100.24
20220908,1.76,5.4394,2.4324,2.826,0.53,27.64,28.93,26.66,71.98,1.52,3.29,1.35,100.22
20220909,5.85,4.3685,1.3553,2.7166,0.43,27.49,28.14,26.94,73.08,1.08,1.72,0.96,100.25
20220910,2.6,5.7254,2.4221,3.1426,0.56,27.43,28.36,26.55,73.04,2.36,2.59,2.1,100.18
20220911,1.18,5.2961,2.2416,2.7941,0.52,27.38,28.04,26.67,74.91,1.78,2.33,1.58,100.11
20220912,3.69,5.4866,2.4797,2.8207,0.54,27.37,27.99,26.94,76.41,1.58,2.62,1.39,100.1
20220913,14.58,4.1786,0.6216,2.8094,0.41,26.69,27.12,26.02,77.76,1.84,3.09,1.61,100.32
20220914,2.07,4.8089,1.3126,2.9736,0.47,27.58,28.85,26.06,72.66,2.29,3.36,2.06,100.33
20220915,3.79,5.7161,3.8594,2.2793,0.56,27.69,28.74,27.0,78.75,2.03,3.27,1.82,100.18
20220916,14.25,4.8823,1.4496,2.9506,0.48,27.19,27.47,26.97,80.43,2.91,5.49,2.53,100.12
20220917,17.13,4.6613,1.495,2.827,0.45,26.8,27.46,26.09,79.67,2.27,3.12,2.01,100.16
20220918,20.97,3.636,0.2177,2.6386,0.35,26.05,26.56,25.53,80.07,2.0,3.76,1.78,100.29
20220919,6.47,4.3462,0.4591,3.0986,0.42,26.86,27.73,26.09,72.43,1.08,2.06,0.96,100.22
20220920,6.17,5.3664,2.1262,2.8985,0.52,27.17,28.36,26.06,75.48,1.48,2.79,1.3,100.16
20220921,46.06,4.512,0.9182,2.9549,0.44,26.12,26.96,25.27,85.77,4.07,5.91,3.51,100.18
20220922,19.48,3.8498,0.1654,2.8589,0.37,25.84,26.7,24.85,78.77,2.3,4.19,2.01,100.24
20220923,4.63,5.8397,3.3871,2.6887,0.57,27.51,28.33,26.64,72.33,1.54,2.21,1.36,100.13
20220924,17.91,5.5829,3.191,2.7706,0.54,26.21,27.28,25.63,82.32,2.91,4.04,2.54,100.16
20220925,3.9,4.9402,1.2638,3.0017,0.48,26.56,27.59,25.17,78.06,2.71,3.42,2.38,100.11
20220926,2.06,5.8637,3.1925,2.9825,0.57,27.14,27.64,26.59,82.43,2.8,3.32,2.45,100.0
20220927,13.14,5.1062,1.6949,2.9724,0.49,26.8,27.23,26.43,86.58,3.33,5.48,2.86,99.94
20220928,25.82,4.2348,0.4279,2.9726,0.41,26.36,26.79,26.15,84.95,3.63,5.84,3.14,99.9
20220929,5.27,4.2686,0.5935,2.9141,0.41,27.14,28.1,26.12,77.9,2.34,4.17,2.04,99.85
20220930,13.6,3.8933,1.056,2.405,0.38,27.36,28.22,26.48,83.74,4.75,5.98,4.09,99.9
20221001,88.43,5.4295,3.7212,2.46,0.52,26.49,26.95,26.26,89.57,4.38,6.24,3.82,99.94
20221002,34.66,3.1498,0.6624,2.0347,0.3,26.81,27.8,26.16,84.67,2.88,3.89,2.55,99.95
20221003,11.54,5.1178,1.8938,2.8114,0.49,26.82,27.56,25.92,84.87,4.56,5.6,3.94,99.93
20221004,24.51,4.8794,1.1911,2.9213,0.47,26.74,27.36,25.48,79.56,2.18,5.42,1.9,100.04
20221005,7.99,4.4309,0.5422,3.2762,0.43,26.48,27.19,25.37,83.25,3.1,4.14,2.74,100.07
20221006,7.83,3.8693,0.3413,2.7691,0.37,26.71,27.29,26.35,81.34,2.76,3.72,2.43,100.08
20221007,6.54,3.3931,0.2374,2.4298,0.33,25.63,26.19,25.13,82.83,1.21,2.12,1.08,100.15
20221008,3.42,4.9346,1.2497,3.0677,0.48,26.97,28.25,25.29,76.59,1.78,2.93,1.57,100.14
20221009,3.33,5.1559,1.319,3.3821,0.5,26.63,27.1,25.86,80.43,2.35,3.01,2.07,100.23
20221010,3.38,4.2806,0.4812,2.8118,0.41,27.38,28.21,26.73,75.91,2.68,4.12,2.36,100.26
20221011,7.5,5.1401,2.9482,2.3294,0.5,26.78,27.49,26.15,79.33,3.11,3.86,2.73,100.27
20221012,9.86,4.6822,1.9428,2.4307,0.45,26.59,27.27,26.07,78.55,2.36,3.11,2.07,100.24
20221013,8.87,5.1847,2.2915,2.8752,0.5,26.52,27.26,25.75,81.47,2.69,3.73,2.36,100.14
20221014,5.24,3.3931,0.2568,2.371,0.33,26.59,27.11,26.12,80.85,2.63,3.22,2.29,100.07
20221015,18.53,3.7704,0.7901,2.3381,0.36,26.32,26.95,25.83,85.26,3.92,5.08,3.41,100.05
20221016,31.69,4.1618,0.673,2.8682,0.4,26.3,26.7,25.92,87.18,3.7,5.06,3.22,100.16
20221017,19.4,5.3854,2.203,2.869,0.52,26.08,26.4,25.69,86.2,2.9,4.18,2.53,100.16
20221018,11.94,4.8641,0.6545,3.4678,0.47,26.35,26.97,25.71,84.31,2.82,3.45,2.47,100.11
20221019,6.39,5.4408,2.7014,2.7763,0.53,26.65,27.5,25.84,80.96,3.34,4.71,2.89,100.1
20221020,3.47,4.7542,1.1345,3.1327,0.46,26.62,27.21,26.25,82.44,4.14,4.76,3.58,100.17
20221021,3.22,4.7554,1.2672,3.0341,0.46,26.49,27.22,25.72,83.29,2.78,3.75,2.44,100.2
20221022,6.28,5.4828,2.7758,3.4435,0.53,26.31,26.87,25.6,85.67,2.74,3.4,2.44,100.19
20221023,36.57,3.39,0.2208,2.4547,0.33,26.55,27.14,26.11,86.85,3.89,4.7,3.39,100.17
20221024,17.88,5.2901,1.8569,3.3845,0.51,26.74,27.55,25.96,87.34,5.08,6.34,4.34,100.14
20221025,10.11,3.9329,0.4267,2.7398,0.38,26.53,26.8,26.23,85.76,4.58,7.31,3.92,100.2
20221026,18.64,4.8439,1.7458,2.6861,0.47,26.19,26.7,25.65,85.69,2.67,3.35,2.35,100.21
20221027,13.83,5.4682,2.688,2.809,0.53,25.95,26.66,25.0,83.86,2.21,3.14,1.93,100.1
20221028,8.37,4.6687,0.8863,3.2311,0.45,26.4,27.06,26.0,83.01,2.22,2.82,1.95,99.98
20221029,12.72,4.6188,1.3243,2.7372,0.45,26.0,26.43,25.44,83.08,1.79,2.33,1.6,99.96
20221030,52.72,2.9856,0.5278,1.9831,0.29,26.04,26.44,25.62,85.23,3.19,4.25,2.76,100.02
20221031,19.29,4.3932,0.3077,3.2227,0.43,26.0,26.67,25.32,84.52,2.07,3.2,1.79,100.08
20221101,4.52,4.3966,0.312,3.2114,0.43,25.74,26.17,25.03,84.15,2.08,3.05,1.84,100.15
20221102,6.46,5.9942,3.6602,2.9436,0.58,26.15,26.91,25.48,82.44,1.81,2.76,1.6,100.12
20221103,9.25,4.3207,0.7207,2.94,0.42,25.82,26.33,25.23,85.33,1.91,3.02,1.71,100.11
20221104,7.9,4.3488,0.402,3.2093,0.42,26.25,26.91,25.47,86.38,4.09,4.76,3.56,100.25
20221105,5.44,3.846,0.1788,2.8399,0.38,25.96,26.47,25.66,82.66,1.49,4.17,1.31,100.33
20221106,8.53,4.9637,1.4143,2.9309,0.49,26.06,27.13,25.26,79.25,0.94,1.82,0.83,100.3
20221107,6.34,4.6805,1.031,3.2378,0.46,25.82,26.41,25.09,84.47,2.94,4.38,2.58,100.23
20221108,5.46,4.7724,0.5669,3.5153,0.47,26.3,26.91,25.79,85.49,3.03,4.01,2.67,100.12
20221109,38.77,4.0882,0.2686,2.977,0.4,26.15,26.63,25.63,86.33,3.13,4.11,2.76,100.12
20221110,40.15,3.9166,0.1594,2.9326,0.38,26.36,27.27,25.44,84.82,2.72,4.53,2.42,100.06
20221111,47.04,3.8042,0.4879,2.5858,0.37,26.47,26.81,26.06,87.73,4.54,6.37,3.93,100.05
20221112,19.46,3.8695,0.2474,2.9047,0.38,26.66,26.97,26.42,86.02,4.33,6.87,3.73,99.99
20221113,26.69,3.1987,0.1565,2.3911,0.32,26.33,26.65,25.85,82.98,2.3,3.98,2.0,100.05
20221114,24.54,3.5172,0.013,2.6722,0.35,26.29,27.01,25.55,86.5,3.85,6.22,3.35,100.07
20221115,22.74,3.5731,0.1906,2.6854,0.35,27.07,27.64,26.69,83.55,5.61,6.46,4.79,100.06
20221116,29.42,2.9834,0.3838,2.1458,0.29,27.17,27.81,26.52,84.6,7.22,9.76,6.05,99.99
20221117,19.16,3.4337,0.0809,2.6182,0.34,26.58,26.9,26.3,84.82,4.99,6.13,4.3,100.01
20221118,5.07,3.7226,0.2722,2.7482,0.37,27.06,27.59,26.34,84.72,4.86,5.74,4.19,99.99
20221119,25.33,3.7615,0.4469,2.6215,0.37,26.2,26.45,25.93,84.03,4.02,4.48,3.54,100.03
20221120,12.85,4.2442,0.366,3.1368,0.42,26.93,27.92,25.86,82.9,4.17,4.8,3.6,99.94
20221121,6.74,4.8072,0.887,3.5234,0.48,27.12,27.81,26.42,82.01,3.07,3.87,2.68,99.92
20221122,18.22,3.8467,1.3483,2.2226,0.38,26.92,27.49,26.5,83.87,3.45,5.18,3.0,100.03
20221123,31.59,2.5061,0.1037,1.878,0.25,26.5,26.99,25.97,83.16,4.04,4.73,3.51,100.13
20221124,28.82,3.3175,0.9346,1.9951,0.33,26.61,27.63,25.57,83.59,4.12,5.59,3.57,100.16
20221125,10.7,3.5016,0.7776,2.4828,0.35,26.58,27.11,25.79,81.25,3.29,6.16,2.83,100.25
20221126,4.85,5.1936,3.8832,2.2771,0.52,26.85,27.66,26.15,80.92,2.06,3.37,1.83,100.1
20221127,4.25,5.5783,3.3554,2.6038,0.56,27.03,27.79,26.62,78.73,1.3,2.34,1.14,100.0
20221128,1.35,5.0592,2.85,2.4818,0.51,27.34,28.32,26.63,79.03,1.98,3.15,1.76,99.96
20221129,4.01,3.6298,0.503,2.5224,0.36,26.53,27.06,26.12,81.87,3.95,6.16,3.43,100.02
20221130,10.13,4.9075,2.7074,2.3928,0.49,27.29,28.08,26.82,70.82,1.82,2.77,1.62,100.02
20221201,15.68,4.932,3.2491,2.1895,0.49,26.6,27.2,26.19,81.59,2.02,3.2,1.76,99.95
20221202,31.06,3.9134,0.1548,2.9407,0.39,26.04,26.31,25.72,88.84,4.89,6.76,4.21,99.9
20221203,9.97,3.9034,0.672,2.7336,0.39,26.05,26.47,25.7,86.24,3.25,3.68,2.86,99.89
20221204,17.63,2.1761,0.2604,1.536,0.22,26.28,26.72,25.95,85.19,3.11,3.71,2.71,99.93
20221205,11.78,3.9401,0.7373,2.6597,0.4,26.51,27.41,25.89,83.78,2.83,4.14,2.49,99.94
20221206,11.33,5.0302,2.243,2.7122,0.51,26.58,27.43,25.65,83.75,3.03,3.88,2.67,99.92
20221207,18.85,4.0836,0.6175,3.035,0.41,26.54,27.25,25.76,83.91,2.96,4.3,2.61,99.86
20221208,15.73,3.7877,0.5006,2.6846,0.38,26.89,27.77,26.07,81.15,2.53,4.07,2.25,99.88
20221209,15.15,3.7104,0.4358,2.7646,0.37,26.56,27.2,25.84,83.18,4.63,5.97,3.99,99.93
20221210,18.29,3.8258,0.7769,2.5032,0.39,25.81,26.25,25.39,85.41,3.01,5.24,2.63,99.99
20221211,44.27,2.6738,0.1162,1.9646,0.27,26.46,27.1,25.91,85.24,5.38,6.67,4.58,100.03
20221212,34.27,3.1656,0.0403,2.4634,0.32,26.1,26.78,25.44,84.32,3.29,5.62,2.87,100.02
20221213,10.9,2.5572,0.0569,1.9838,0.26,25.66,26.22,25.02,86.16,2.26,3.53,1.99,100.03
20221214,18.29,4.0404,0.4217,3.0029,0.41,25.85,26.28,25.3,86.93,2.33,2.78,2.07,99.98
20221215,2.25,4.4568,0.8278,3.1272,0.45,26.46,27.02,25.91,85.9,2.11,3.77,1.86,99.83
20221216,1.2,5.4965,2.8358,2.8322,0.55,27.3,27.95,26.43,76.66,1.06,1.59,0.94,99.79
20221217,1.77,4.6654,1.0493,2.9542,0.47,27.62,28.5,27.05,77.54,1.57,3.53,1.39,99.75
20221218,4.15,5.556,4.0841,2.4012,0.56,27.36,28.15,26.86,80.87,1.92,2.76,1.73,99.7
20221219,3.22,5.2423,3.5402,2.4773,0.53,27.78,28.82,26.62,78.05,2.07,3.0,1.86,99.67
20221220,4.37,5.2159,3.4574,2.4139,0.53,27.88,28.75,27.24,78.75,3.61,4.17,3.15,99.73
20221221,5.48,5.5603,3.1579,3.0106,0.56,27.51,28.46,26.59,79.81,3.72,4.4,3.23,99.8
20221222,3.91,3.8302,0.1999,2.8651,0.39,27.48,28.0,26.73,76.61,3.92,5.74,3.39,99.88
20221223,2.44,4.883,1.4098,2.9318,0.49,27.78,28.27,27.21,76.45,2.26,2.9,2.03,99.95
20221224,2.07,6.2614,5.9662,2.0758,0.63,27.85,28.91,27.23,76.93,2.16,3.25,1.9,100.04
20221225,7.16,4.8305,1.0301,3.2242,0.49,27.73,28.28,27.05,73.6,2.13,3.31,1.88,100.15
20221226,3.5,4.5754,1.0068,3.2208,0.46,28.35,29.78,27.25,72.47,2.15,3.32,1.9,100.22
20221227,9.22,4.4244,0.4025,3.3247,0.45,27.83,28.61,27.24,78.17,2.17,3.58,1.9,100.26
20221228,42.44,3.69,0.1553,2.8121,0.37,26.41,27.59,25.43,83.49,3.01,4.76,2.61,100.41
20221229,12.76,3.204,0.1615,2.4442,0.32,25.77,26.39,25.24,83.77,2.35,3.46,2.08,100.45
20221230,19.92,3.5398,1.3582,2.5238,0.36,26.78,27.53,26.0,84.38,4.89,5.45,4.19,100.42
20221231,6.55,4.9699,3.3602,2.4466,0.5,26.57,26.98,26.12,84.91,4.46,5.54,3.86,100.35
20230101,7.17,5.0933,2.4854,3.1361,0.51,26.92,27.65,26.31,79.48,1.86,2.92,1.66,100.26
20230102,11.16,4.3666,0.3679,3.3086,0.44,26.56,27.28,25.68,79.89,2.06,2.92,1.82,100.34
20230103,3.67,3.9574,0.1973,2.9986,0.4,27.18,28.21,26.12,74.33,1.62,3.15,1.45,100.26
20230104,1.88,4.3104,0.3072,3.2273,0.43,27.38,28.38,26.63,75.24,1.49,2.77,1.34,100.2
20230105,6.53,5.1132,2.0366,3.0343,0.51,27.33,28.25,26.63,80.27,2.37,4.19,2.1,100.12
20230106,15.65,3.324,0.7973,2.0875,0.33,27.02,27.43,26.69,83.71,3.12,3.9,2.72,100.16
20230107,13.78,3.6079,1.0426,2.1295,0.36,26.96,27.5,26.45,81.25,2.72,3.05,2.39,100.13
20230108,9.75,4.2451,0.4651,2.8152,0.42,26.67,27.38,25.99,81.17,2.54,3.27,2.25,100.2
20230109,2.16,5.1929,1.6663,3.401,0.52,27.01,27.6,26.33,76.0,1.68,2.37,1.52,100.25
20230110,9.42,4.0754,0.3895,3.0298,0.41,26.76,27.23,26.31,80.64,1.81,2.81,1.61,100.23
20230111,9.31,4.4914,1.1155,2.9623,0.45,25.91,26.43,25.44,81.98,1.47,2.72,1.31,100.22
20230112,2.0,5.5622,4.0949,2.352,0.55,27.23,28.17,26.24,72.41,1.3,2.63,1.15,100.07
20230113,7.13,4.3656,0.8455,2.9791,0.43,27.55,28.4,26.93,74.15,1.4,3.01,1.24,100.11
20230114,8.97,5.2402,2.8411,3.2357,0.52,26.7,26.86,26.5,80.58,1.77,2.61,1.55,100.1
20230115,13.68,3.888,0.2009,2.9134,0.39,26.61,26.93,26.27,78.92,1.37,1.88,1.2,100.07
20230116,5.19,5.3148,2.3791,3.3564,0.53,26.41,27.13,25.59,79.05,1.46,2.26,1.29,100.08
20230117,10.07,3.7373,0.4027,2.7679,0.37,26.78,27.38,26.32,81.52,2.82,4.32,2.51,100.11
20230118,28.29,4.579,0.6494,3.2508,0.45,26.49,27.26,25.31,77.14,1.85,4.29,1.66,100.17
20230119,6.31,3.9098,0.4214,2.737,0.39,26.8,27.5,26.4,78.9,2.1,4.01,1.87,100.1
20230120,22.01,4.0428,0.4394,2.7521,0.4,26.19,26.66,25.61,85.03,2.71,3.63,2.42,100.05
20230121,12.51,4.081,0.8302,2.8066,0.4,25.41,25.85,24.78,86.01,2.45,3.74,2.19,100.02
20230122,13.7,4.3094,0.8213,2.8598,0.42,25.95,26.88,25.04,85.12,2.85,4.29,2.54,99.96
20230123,14.13,3.0451,0.133,2.3045,0.3,26.01,26.35,25.72,90.16,5.12,7.93,4.38,99.9
20230124,17.98,4.0094,0.2654,3.0173,0.39,26.02,26.54,25.28,85.35,3.92,6.42,3.41,99.98
20230125,10.61,4.5048,0.2638,3.3679,0.44,25.74,26.21,25.19,81.72,1.76,2.81,1.59,100.01
20230126,10.71,4.8919,0.8892,3.3305,0.48,27.05,28.38,25.68,76.65,2.91,5.25,2.55,99.97
20230127,16.27,3.6098,0.3547,2.4718,0.35,26.26,26.71,25.85,85.62,5.43,6.11,4.67,99.93
20230128,8.75,4.025,0.5796,2.952,0.39,26.74,27.53,25.81,86.25,5.95,6.76,5.07,99.82
20230129,2.03,4.1021,0.1646,3.0619,0.4,27.4,28.59,26.01,74.26,3.86,5.75,3.35,99.89
20230130,7.17,4.8422,1.3186,3.1373,0.47,27.58,28.67,26.59,79.21,2.34,3.41,2.07,99.94
20230131,11.56,4.4148,0.623,2.9827,0.43,27.29,28.46,26.51,81.39,2.22,3.31,1.97,99.91
20230201,7.14,5.5423,2.5315,3.3274,0.54,26.78,27.49,26.14,79.55,3.78,4.77,3.29,99.98
20230202,2.33,5.6554,2.6482,3.0103,0.55,27.64,28.39,27.1,75.62,2.73,3.62,2.4,100.0
20230203,2.68,5.2099,1.4986,3.2839,0.51,27.63,28.36,26.86,76.4,2.05,3.24,1.81,99.95
20230204,12.62,5.0866,2.0242,2.7302,0.49,27.44,28.19,26.64,80.62,3.3,3.92,2.9,99.92
20230205,19.57,3.5647,0.1826,2.6239,0.34,26.62,27.38,25.83,78.64,2.41,3.3,2.16,99.96
20230206,4.55,4.807,2.178,2.7852,0.46,27.25,28.13,26.3,71.4,3.43,3.93,3.02,99.97
20230207,3.63,5.4326,1.3714,3.846,0.52,27.78,28.26,27.27,73.76,2.61,3.51,2.3,99.97
20230208,2.22,5.7362,4.0224,2.4307,0.55,28.04,28.84,27.59,76.29,2.45,3.23,2.18,99.96
20230209,9.08,4.8276,0.9043,3.3168,0.47,27.28,28.32,26.09,76.82,1.99,3.31,1.77,100.04
20230210,2.62,5.0933,2.5327,2.5418,0.49,26.13,26.89,24.98,82.42,3.48,5.17,3.05,100.1
20230211,23.97,2.9196,0.623,1.9951,0.28,26.68,27.36,26.32,83.21,5.4,6.48,4.62,100.15
20230212,6.81,3.6173,0.0775,2.7204,0.35,26.71,27.47,26.08,77.45,1.48,4.61,1.32,100.19
20230213,3.6,4.6927,1.1467,3.1217,0.45,26.71,27.26,26.14,79.73,1.82,2.49,1.62,100.18
20230214,6.06,4.7182,2.4122,2.4989,0.45,26.75,27.35,26.13,80.54,1.42,2.09,1.27,100.1
20230215,3.54,4.4671,0.7946,3.1524,0.43,27.18,28.14,26.3,79.87,1.94,3.52,1.71,100.04
20230216,1.65,4.007,0.9912,2.431,0.38,27.69,28.66,26.88,78.18,3.37,4.19,2.96,100.08
20230217,0.81,5.8615,4.0601,2.3302,0.56,27.67,28.42,27.08,76.92,1.89,3.06,1.72,100.06
20230218,0.61,5.5193,3.481,2.5243,0.53,28.12,29.15,27.33,74.87,1.91,2.9,1.7,100.03
20230219,0.93,4.0147,0.6773,2.6153,0.38,27.89,28.65,27.34,78.85,2.75,3.52,2.42,100.1
20230220,6.61,4.9898,2.2193,2.604,0.48,27.3,27.85,26.74,81.1,2.15,2.59,1.91,100.1
20230221,9.97,2.9052,0.924,1.8703,0.28,26.65,27.52,25.77,78.96,1.68,2.44,1.47,100.21
20230222,5.27,3.8292,0.9108,2.3695,0.37,26.63,27.54,25.85,80.27,1.61,3.13,1.45,100.21
20230223,5.28,4.6968,1.5026,2.6719,0.45,27.27,28.19,26.32,76.21,1.93,3.54,1.71,100.08
20230224,25.05,3.0134,0.1999,2.0482,0.29,26.67,27.11,26.25,86.29,3.14,4.0,2.77,100.07
20230225,13.13,5.8867,2.999,2.9124,0.56,27.32,28.17,26.02,80.08,1.83,2.88,1.64,100.15
20230226,3.06,5.185,2.3674,2.7626,0.49,28.03,29.2,27.26,75.59,1.97,3.65,1.74,100.23
20230227,6.73,5.1497,2.148,2.7715,0.49,27.63,28.95,26.92,77.62,2.76,4.92,2.41,100.26
20230228,12.95,4.067,0.4949,2.6736,0.39,26.65,27.33,25.45,76.98,3.16,4.36,2.77,100.38
20230301,3.73,2.8507,0.1423,2.0729,0.27,27.83,28.93,27.05,72.82,3.72,4.86,3.24,100.31
20230302,8.67,5.2694,3.2822,2.4329,0.5,27.32,27.93,26.65,78.18,2.48,3.33,2.2,100.33
20230303,6.38,4.007,0.2165,2.8908,0.38,27.58,28.13,27.02,78.65,4.05,4.97,3.51,100.43
20230304,1.4,5.0729,1.651,2.9702,0.48,27.97,29.06,26.91,71.02,3.21,4.94,2.82,100.39
20230305,3.88,4.9126,2.6935,2.6846,0.47,27.99,29.38,26.55,69.95,1.83,2.74,1.66,100.35
20230306,4.44,4.8504,2.2752,2.4809,0.46,27.49,28.06,26.86,77.84,2.13,3.25,1.91,100.26
20230307,5.38,3.9566,2.0066,1.9802,0.38,27.11,27.27,26.79,82.03,1.78,3.15,1.61,100.19
20230308,2.41,4.8775,2.7406,2.3702,0.46,27.79,28.97,26.96,76.17,1.76,3.61,1.56,100.14
20230309,7.73,4.8667,2.3542,2.4439,0.46,27.47,27.72,27.01,82.7,3.06,4.98,2.71,100.07
20230310,15.0,3.2513,0.4716,2.1598,0.31,27.51,28.09,27.12,83.58,3.73,4.89,3.28,100.04
20230311,25.62,2.707,0.107,1.9994,0.26,26.74,27.73,24.72,81.88,2.63,4.36,2.31,100.19
20230312,2.01,5.184,2.3088,2.7017,0.49,26.27,27.46,24.41,70.26,1.56,2.63,1.43,100.2
20230313,9.93,3.1625,0.2244,2.2601,0.3,27.34,27.56,27.06,80.82,2.23,3.07,2.0,99.96
20230314,9.27,4.3781,1.8355,2.4142,0.42,27.55,28.46,26.33,74.2,1.88,3.99,1.71,99.95
20230315,2.69,4.11,0.8674,2.5368,0.39,27.8,28.21,27.42,78.1,1.79,2.71,1.63,100.0
20230316,5.41,4.1479,2.0998,2.0851,0.39,28.15,28.82,27.45,78.79,2.24,3.22,2.01,100.0
20230317,22.49,4.6826,2.7132,2.2471,0.45,27.28,27.97,26.97,83.96,1.71,2.94,1.57,100.02
20230318,4.77,4.3541,2.7564,2.0981,0.41,27.97,28.78,27.19,80.5,1.63,3.18,1.47,99.91
20230319,14.1,4.5173,0.4939,3.203,0.43,27.67,28.55,26.82,83.43,3.46,5.82,3.05,99.9
20230320,12.07,4.8,1.7328,2.7106,0.46,27.08,27.6,26.25,83.12,2.43,4.04,2.19,99.93
20230321,40.57,4.1774,2.0131,2.4216,0.4,27.7,28.49,26.98,77.52,1.9,3.9,1.69,99.94
20230322,2.84,5.5404,3.3101,2.5102,0.53,27.8,28.42,27.33,79.69,1.84,2.69,1.63,99.86
20230323,4.39,5.2337,2.7242,2.4631,0.5,27.47,28.1,26.99,83.23,3.01,3.76,2.62,99.88
20230324,33.42,5.2572,1.0421,3.3708,0.5,27.36,28.05,26.68,83.65,3.06,3.85,2.67,99.97
20230325,11.99,4.9498,0.9199,3.4183,0.47,26.7,27.08,26.44,85.53,3.08,3.77,2.73,100.06
20230326,3.96,5.4034,1.1861,3.588,0.52,27.47,28.28,26.54,79.92,2.91,4.06,2.57,99.97
20230327,7.89,5.4017,2.1545,2.9086,0.52,27.73,28.31,27.24,79.65,1.59,2.09,1.43,99.93
20230328,25.75,5.7686,3.7106,2.4017,0.55,27.42,27.65,26.95,82.87,3.1,4.39,2.7,100.05
20230329,9.04,5.4314,1.4292,3.5834,0.52,27.86,28.63,26.85,77.47,3.57,4.3,3.11,100.11
20230330,28.35,2.9021,0.1039,2.149,0.28,27.0,27.75,25.89,83.1,3.65,5.97,3.18,100.09
20230331,4.26,5.2956,2.0753,2.8752,0.51,26.99,27.91,25.85,75.9,1.43,2.44,1.27,100.1
20230401,9.39,3.9077,0.726,2.5812,0.38,27.3,28.08,26.73,76.34,1.61,3.21,1.42,100.09
20230402,10.59,5.335,1.7897,2.941,0.51,26.75,27.17,26.47,81.89,2.96,4.29,2.6,100.07
20230403,7.02,4.1647,0.6509,2.6681,0.4,27.07,27.66,26.16,81.68,3.09,3.75,2.72,100.05
20230404,7.44,5.6441,4.133,2.1108,0.55,27.56,28.01,26.95,78.57,1.62,2.4,1.42,100.04
20230405,15.31,3.9967,0.4253,2.797,0.39,27.28,27.75,26.99,82.34,2.66,3.51,2.34,100.04
20230406,7.94,5.4214,1.6572,3.2604,0.53,27.2,27.76,26.57,78.73,1.41,2.0,1.23,100.07
20230407,7.88,5.6846,3.7985,2.3796,0.55,27.48,28.33,26.83,79.5,1.52,2.65,1.36,100.15
20230408,7.88,6.3125,5.1871,2.1007,0.61,27.65,28.21,26.78,78.8,2.27,2.96,2.04,100.25
20230409,7.34,4.2998,0.9202,2.5678,0.42,28.02,28.62,27.48,76.62,2.59,4.24,2.31,100.22
20230410,8.52,4.5914,2.5246,2.1895,0.45,27.46,28.04,26.5,77.61,2.15,2.74,1.92,100.18
20230411,3.58,5.7559,4.495,1.9774,0.56,28.05,28.73,27.21,77.46,2.6,3.48,2.32,100.06
20230412,2.85,4.9831,2.6266,2.3774,0.49,27.97,28.43,27.49,81.53,3.11,3.9,2.71,100.08
20230413,1.86,5.8046,4.4918,2.1559,0.57,28.25,29.17,27.38,76.9,1.69,2.43,1.49,100.04
20230414,6.56,5.6167,2.7468,2.9681,0.55,28.64,29.36,28.12,76.04,2.46,3.32,2.14,100.03
20230415,12.31,4.2581,0.8254,2.7557,0.42,27.92,28.35,27.59,81.28,2.65,4.23,2.31,100.03
20230416,4.19,4.2386,1.3586,2.4626,0.42,27.65,28.22,27.1,81.12,1.69,2.71,1.5,100.01
20230417,1.06,6.0161,4.9783,2.0263,0.59,27.65,28.33,26.76,79.88,1.34,2.01,1.19,100.06
20230418,4.15,4.6174,2.2771,2.2687,0.46,28.31,28.82,27.86,81.18,3.45,3.8,2.98,100.1
20230419,2.87,5.0347,3.7411,1.8967,0.5,28.18,28.85,27.57,80.34,2.86,3.7,2.49,99.87
20230420,2.29,5.1533,2.5894,2.4684,0.51,27.83,28.45,27.21,80.09,1.59,2.01,1.41,99.79
20230421,2.72,5.34,3.7565,2.2663,0.53,28.19,29.0,27.56,80.26,2.24,3.27,1.99,99.77
20230422,6.11,5.0484,2.9167,2.3222,0.5,28.46,29.02,27.85,82.29,2.62,3.55,2.33,99.76
20230423,8.75,4.5223,1.3188,2.5798,0.45,28.29,28.77,27.7,83.74,2.48,3.32,2.2,99.83
20230424,10.4,5.3938,4.1443,2.0107,0.54,28.09,28.61,27.63,79.41,0.88,1.89,0.8,99.91
20230425,12.39,4.9474,1.8415,3.3187,0.5,27.65,28.49,27.09,80.55,1.82,4.24,1.61,99.91
20230426,22.01,4.5907,1.8535,2.7763,0.46,28.02,28.63,27.22,81.63,3.4,4.8,2.97,99.82
20230427,13.7,4.3886,0.6156,3.1651,0.44,27.91,28.41,27.29,81.3,2.35,4.32,2.06,99.88
20230428,31.53,4.71,2.3858,2.4259,0.47,27.34,27.96,26.67,83.61,3.05,4.36,2.68,99.93
20230429,48.36,4.8077,1.5878,3.2734,0.49,27.2,27.97,26.28,84.38,2.51,3.45,2.22,99.89
20230430,4.87,4.3322,2.1934,2.1415,0.44,28.03,28.63,27.42,81.76,2.73,3.4,2.39,99.79
20230501,5.44,5.136,3.1534,2.3496,0.52,28.63,29.04,27.98,80.62,2.85,4.37,2.49,99.82
20230502,4.2,4.3306,1.9615,2.2879,0.44,28.63,29.11,28.26,82.4,3.28,4.62,2.85,99.87
20230503,17.24,4.2394,1.0265,2.737,0.43,28.01,28.42,27.47,81.69,1.35,2.99,1.21,99.97
20230504,1.93,4.2955,0.4896,3.0286,0.44,28.52,28.93,28.2,80.11,1.79,2.71,1.6,99.88
20230505,9.12,4.1014,1.5156,2.3693,0.42,28.27,28.72,27.86,82.2,3.4,4.86,2.96,99.79
20230506,26.93,3.5801,0.4272,2.453,0.37,27.75,28.46,27.29,86.44,5.0,7.95,4.26,99.84
20230507,17.41,3.0206,0.1368,2.2668,0.31,26.96,27.22,26.73,86.59,2.83,5.5,2.46,99.94
20230508,22.2,3.4997,0.9814,2.2817,0.36,28.04,29.07,27.01,80.7,3.53,5.75,3.09,99.89
20230509,0.92,4.6114,0.9564,3.2275,0.48,28.37,29.32,27.23,76.74,2.0,2.95,1.8,99.88
20230510,3.17,4.9589,3.3139,2.0947,0.51,29.08,29.94,28.01,75.0,1.54,1.97,1.4,99.89
20230511,1.67,4.7623,3.4186,1.9829,0.49,29.19,29.97,28.6,78.19,1.52,2.01,1.4,99.96
20230512,23.28,4.2965,2.3198,2.202,0.45,29.02,29.67,28.22,82.75,1.94,3.1,1.76,100.02
20230513,0.95,5.0779,3.5722,2.3952,0.53,28.87,29.45,28.5,83.78,3.1,3.9,2.76,100.1
20230514,2.01,5.2181,4.1887,1.981,0.54,28.79,29.18,28.31,85.25,3.8,4.88,3.3,100.11
20230515,1.28,5.539,4.7638,1.8041,0.58,28.83,29.6,28.41,82.53,2.38,3.62,2.1,100.15
20230516,2.56,5.4794,4.9541,1.9046,0.57,28.66,29.21,28.25,83.06,2.86,3.87,2.52,100.21
20230517,3.64,5.063,3.1802,2.3844,0.53,28.09,28.4,27.69,83.03,2.18,2.86,1.94,100.23
20230518,4.98,4.3718,1.1117,3.0624,0.46,27.9,28.52,27.04,82.45,2.15,3.18,1.89,100.24
20230519,8.02,4.1866,1.3013,2.5097,0.44,27.8,27.94,27.62,82.94,2.54,3.26,2.24,100.2
20230520,2.25,5.4437,3.9996,2.1593,0.57,28.13,28.77,27.48,79.12,1.55,2.13,1.36,100.12
20230521,1.35,4.9985,1.8893,3.1644,0.53,27.96,28.31,27.58,81.11,1.88,2.88,1.67,100.23
20230522,4.41,5.0398,3.6144,2.1098,0.53,27.97,28.26,27.77,82.72,2.58,3.3,2.26,100.24
20230523,9.06,4.9282,2.7773,2.4161,0.52,27.83,28.22,27.2,81.15,1.69,2.26,1.47,100.25
20230524,3.17,5.2951,4.325,1.925,0.56,28.24,28.87,27.52,79.97,2.4,3.13,2.11,100.26
20230525,2.95,5.251,4.4558,1.7606,0.56,28.35,29.07,27.55,81.09,2.8,3.4,2.46,100.2
20230526,4.8,4.2242,1.3207,2.5942,0.45,28.28,28.74,27.89,82.32,3.14,4.11,2.73,100.18
20230527,7.03,4.6378,2.5034,2.2438,0.49,27.85,28.24,27.55,82.58,2.19,3.15,1.93,100.07
20230528,9.67,4.429,2.6844,2.1218,0.47,28.06,28.48,27.6,83.66,3.12,3.7,2.73,100.03
20230529,4.66,4.4803,2.0834,2.4946,0.48,28.08,28.44,27.59,81.72,3.11,3.93,2.72,100.08
20230530,6.03,4.7443,3.0065,2.1775,0.51,28.04,28.63,27.64,83.17,2.93,3.97,2.56,100.09
20230531,5.09,5.0167,3.6074,2.0323,0.54,27.49,27.95,26.92,83.03,1.36,1.96,1.2,100.05
20230601,2.54,2.4878,0.1829,1.8396,0.27,27.68,28.13,26.97,83.43,2.41,3.29,2.14,100.04
20230602,0.81,5.4569,4.2122,2.3311,0.59,28.71,29.64,27.87,78.98,2.26,2.84,2.02,99.99
20230603,4.91,4.5324,2.5164,2.1864,0.49,28.23,28.9,27.28,81.92,3.18,5.6,2.78,100.04
20230604,5.66,2.6018,0.3646,1.8398,0.28,28.14,28.79,27.19,72.08,1.6,2.48,1.46,100.05
20230605,1.13,4.8828,2.8896,2.3618,0.53,28.2,28.85,27.63,77.57,1.85,2.5,1.63,99.99
20230606,12.99,4.885,2.6758,2.3498,0.53,27.66,28.3,26.94,82.96,3.5,4.66,3.04,100.02
20230607,16.84,3.6302,0.6331,2.6182,0.39,27.2,27.55,26.84,83.16,2.39,3.73,2.1,100.09
20230608,0.13,5.0575,2.3681,2.7773,0.55,28.03,28.8,27.18,77.97,1.7,2.69,1.54,100.07
20230609,3.9,4.6267,2.7084,2.3525,0.5,28.39,28.99,27.94,77.39,2.12,4.14,1.87,99.97
20230610,5.46,5.5882,4.4362,2.1312,0.6,28.04,28.52,27.43,76.88,1.9,3.78,1.67,99.95
20230611,3.06,5.5716,4.8223,2.017,0.6,28.44,28.93,27.83,75.45,2.07,2.94,1.8,99.94
20230612,4.03,4.7419,2.4986,2.4811,0.51,28.32,29.23,27.3,76.44,2.65,4.46,2.34,99.95
20230613,2.31,5.0885,3.5323,2.2301,0.55,28.13,28.65,27.66,80.87,2.32,3.59,2.07,100.0
20230614,3.22,5.0837,2.6834,2.6071,0.55,27.85,28.64,27.09,79.15,2.06,3.04,1.81,100.11
20230615,7.63,5.4631,4.6421,2.0102,0.59,27.34,27.59,26.88,85.96,3.6,4.81,3.13,100.12
20230616,0.42,6.3209,6.7716,1.7902,0.69,28.08,29.07,26.86,76.09,2.43,3.47,2.13,100.06
20230617,3.41,5.2908,4.6524,1.9997,0.58,28.64,29.47,28.04,78.51,2.97,3.63,2.63,100.06
20230618,4.71,6.1536,6.2882,1.5427,0.67,28.36,29.08,27.57,78.11,3.88,4.8,3.38,100.13
20230619,5.95,5.2159,3.1154,2.5486,0.57,28.65,29.43,28.17,75.54,2.35,3.67,2.07,100.09
20230620,4.41,5.5046,4.7604,2.0323,0.6,28.4,29.02,27.89,78.08,1.56,2.65,1.38,100.04
20230621,1.03,5.2068,4.854,1.7513,0.57,28.43,29.01,27.74,81.6,2.78,3.39,2.46,100.02
20230622,13.5,4.6706,3.48,2.0518,0.51,28.55,29.22,27.84,82.26,2.31,3.44,2.07,99.99
20230623,35.64,3.5112,0.5539,2.4905,0.38,28.12,28.45,27.35,85.62,3.5,5.52,3.04,99.97
20230624,4.1,4.8017,2.8774,2.2574,0.52,27.58,28.19,27.14,84.34,2.21,3.46,1.95,99.97
20230625,15.88,4.369,2.5342,2.0966,0.48,27.06,27.43,26.76,85.49,2.94,5.88,2.57,100.03
20230626,6.04,4.7801,1.7578,2.993,0.52,27.57,28.3,26.74,74.06,2.46,6.05,2.14,100.1
20230627,3.96,4.9267,3.6458,1.9747,0.54,28.04,28.54,27.57,75.06,1.99,2.26,1.74,100.11
20230628,3.31,4.848,3.0168,2.2356,0.53,28.12,28.85,27.46,76.79,1.77,2.35,1.57,100.14
20230629,6.12,4.7388,3.275,2.1146,0.52,28.08,28.68,27.64,78.9,2.19,3.62,1.91,100.11
20230630,16.96,3.6413,1.061,2.317,0.4,27.77,28.14,27.34,83.62,4.02,6.14,3.49,100.13
20230701,4.01,3.4946,0.3742,2.5193,0.38,27.87,28.6,27.38,79.68,3.69,7.28,3.19,100.19
20230702,1.39,4.8672,3.5124,2.2044,0.53,28.0,28.68,27.24,77.31,2.23,3.45,1.97,100.19
20230703,1.99,4.3466,1.2804,2.6765,0.47,28.1,28.73,27.63,79.52,1.76,3.05,1.6,100.06
20230704,11.84,3.9197,2.4434,1.962,0.43,27.99,28.59,27.52,84.72,3.22,5.73,2.82,99.97
20230705,36.98,2.6971,0.8525,1.6534,0.29,27.16,27.64,26.45,89.41,6.04,7.77,5.13,100.0
20230706,2.89,4.7465,2.9527,2.2399,0.51,27.53,28.85,25.76,71.59,2.35,4.6,2.1,100.15
20230707,3.18,4.9099,3.6391,2.1614,0.53,27.93,28.53,27.34,79.74,2.79,3.37,2.47,100.2
20230708,4.52,4.3099,2.641,2.1144,0.47,27.99,28.8,27.14,80.39,3.63,4.52,3.17,100.18
20230709,7.08,4.6618,3.0305,2.1742,0.5,27.64,28.05,27.39,81.94,2.18,3.23,1.93,100.06
20230710,44.73,3.5078,0.3931,2.5666,0.38,27.07,27.51,26.4,85.49,4.17,5.62,3.63,100.11
20230711,8.03,4.9718,2.874,2.515,0.54,27.46,28.66,26.32,81.48,2.85,3.61,2.55,100.11
20230712,6.88,4.3663,2.3201,2.2346,0.47,27.87,28.54,27.37,80.34,2.91,4.62,2.55,100.15
20230713,39.39,5.0429,4.2662,1.8684,0.54,26.94,27.63,25.71,82.77,2.57,4.71,2.25,100.26
20230714,17.54,3.1526,0.1298,2.3527,0.34,26.94,27.56,26.37,83.69,3.01,5.11,2.6,100.32
20230715,0.28,5.401,3.7524,2.6678,0.58,27.13,27.66,26.22,78.77,1.68,3.17,1.49,100.19
20230716,0.52,4.6486,3.5182,1.9642,0.5,27.91,28.51,27.28,77.42,2.13,2.93,1.87,100.08
20230717,1.62,4.3627,1.6445,2.6988,0.47,27.84,28.44,27.41,78.26,1.39,2.35,1.21,99.98
20230718,1.59,3.4248,0.341,2.3338,0.37,27.76,28.55,26.95,80.3,1.61,2.58,1.45,99.96
20230719,2.38,4.2854,0.7378,2.8711,0.46,27.17,27.57,26.83,86.31,3.1,5.41,2.62,99.95
20230720,14.24,2.4734,0.1106,1.8038,0.26,26.35,27.1,25.52,86.48,3.05,6.39,2.63,100.07
20230721,0.66,4.7491,2.9429,2.3902,0.51,27.19,28.15,25.82,80.37,2.16,2.74,1.94,100.12
20230722,3.53,5.3054,3.9595,2.2327,0.56,27.95,28.43,27.5,82.37,2.67,3.02,2.37,100.15
20230723,5.66,3.8611,2.2649,1.8202,0.41,27.81,28.21,27.5,79.24,1.47,2.38,1.32,100.24
20230724,0.81,4.5264,2.4878,2.5841,0.48,28.04,28.7,27.33,73.49,1.56,2.36,1.38,100.12
20230725,0.67,6.1255,6.0271,1.7287,0.65,28.03,28.57,27.56,77.34,2.25,2.8,1.97,100.14
20230726,0.25,5.6261,4.6663,2.1946,0.59,28.27,29.06,27.37,78.1,2.67,3.28,2.35,100.19
20230727,0.96,5.6638,4.14,2.4334,0.6,28.16,28.66,27.66,81.84,2.76,3.19,2.44,100.22
20230728,0.85,5.3515,3.1435,2.6674,0.56,27.88,28.45,27.32,83.25,2.54,2.78,2.26,100.12
20230729,1.2,5.1406,3.186,2.4751,0.54,27.89,28.59,27.2,82.92,2.6,3.11,2.31,100.09
20230730,2.59,4.3164,2.3971,2.2313,0.45,28.21,28.78,27.46,82.89,4.09,5.24,3.55,100.04
20230731,3.49,4.1333,1.565,2.4742,0.43,28.39,29.33,27.72,79.63,2.94,4.77,2.61,99.97
20230801,22.3,2.8099,0.4673,1.927,0.29,28.06,28.55,27.52,81.36,3.34,5.23,2.92,100.09
20230802,1.9,5.4199,3.7447,2.2529,0.57,27.85,28.36,27.11,78.73,2.1,2.77,1.84,100.23
20230803,1.24,4.7251,0.9794,2.959,0.49,28.34,28.86,27.79,75.69,1.71,3.38,1.53,100.27
20230804,2.99,5.1866,4.0087,2.0594,0.54,28.41,29.01,27.82,83.5,3.15,3.63,2.76,100.32
20230805,3.87,4.8924,3.4896,2.1288,0.51,28.47,29.13,27.94,82.88,1.98,3.1,1.76,100.3
20230806,22.2,5.2783,4.1642,2.0004,0.55,27.99,28.41,27.7,82.57,2.66,5.0,2.31,100.23
20230807,3.09,5.0434,3.7966,2.1209,0.52,27.68,28.27,26.89,80.98,1.89,2.88,1.66,100.13
20230808,17.11,4.5679,2.117,2.4034,0.47,27.47,27.79,26.99,88.23,2.94,4.74,2.54,100.14
20230809,34.11,4.6512,2.5735,2.2637,0.48,27.8,28.24,27.56,86.67,4.05,5.87,3.5,100.2
20230810,69.64,4.5842,2.7274,2.0813,0.47,27.88,28.44,27.51,86.6,4.5,7.42,3.87,100.2
20230811,7.47,5.2807,3.6794,2.2097,0.54,27.94,28.41,27.31,83.78,3.25,4.27,2.83,100.15
20230812,7.15,3.9144,1.6985,2.1173,0.4,27.98,28.33,27.54,82.93,4.38,5.12,3.79,100.06
20230813,4.6,4.2612,0.8635,2.5884,0.44,27.56,27.9,27.21,85.71,5.91,7.64,5.03,100.08
20230814,6.64,2.7458,0.1025,2.0122,0.28,27.32,27.55,27.06,82.72,4.58,7.27,3.91,100.18
20230815,4.21,5.5344,3.5798,2.5027,0.56,27.49,28.19,26.73,80.12,2.97,3.5,2.62,100.22
20230816,11.47,4.6274,1.7167,2.5942,0.47,27.7,28.37,26.9,83.08,4.48,5.81,3.87,100.17
20230817,41.71,2.634,0.2671,1.8156,0.27,28.13,28.69,27.65,83.85,5.12,6.9,4.38,100.08
20230818,13.06,4.6884,1.2931,2.736,0.48,27.47,27.92,26.81,82.33,4.06,6.96,3.51,100.06
20230819,7.82,3.6295,0.5616,2.2342,0.37,27.54,27.9,27.24,83.81,2.95,4.01,2.6,100.08
20230820,10.04,4.5545,2.4876,2.1494,0.46,27.32,28.17,26.6,83.78,3.89,4.65,3.4,100.13
20230821,3.81,2.8102,0.1577,2.0371,0.28,27.6,28.01,27.01,77.84,3.37,4.91,2.96,100.12
20230822,5.45,4.7076,2.4857,2.3386,0.47,27.88,28.7,27.28,80.41,2.52,3.32,2.25,100.04
20230823,6.43,5.4048,3.2191,2.4226,0.54,27.96,28.99,26.83,77.91,3.22,4.76,2.83,100.03
20230824,5.58,4.979,2.8601,2.3244,0.5,28.11,28.87,27.53,82.0,2.51,3.61,2.23,99.99
20230825,34.83,3.6288,1.3459,1.9913,0.36,26.99,28.02,25.82,86.08,3.84,6.1,3.33,100.09
20230826,51.57,4.613,2.0587,2.3431,0.46,27.23,28.35,25.85,79.33,3.46,5.49,3.02,100.14
20230827,40.77,5.4684,3.3288,2.5483,0.55,27.21,27.65,26.62,87.3,4.27,5.04,3.71,100.08
20230828,8.7,4.3555,1.5137,2.3734,0.43,27.07,27.54,26.71,87.84,3.42,4.09,2.97,100.06
20230829,6.35,4.5725,1.603,2.5646,0.46,26.96,27.31,26.42,85.61,2.95,4.15,2.61,100.07
20230830,3.91,4.8466,1.4472,2.8145,0.48,27.63,28.59,26.43,82.81,2.96,4.53,2.61,100.05
20230831,4.16,4.4777,1.3793,2.5603,0.44,27.89,28.38,27.31,83.38,5.27,5.99,4.5,100.12
20230901,1.47,5.6501,3.2258,2.8435,0.56,27.73,28.36,27.14,80.35,5.27,5.77,4.51,100.13
20230902,0.87,5.5649,3.3204,2.7974,0.55,27.38,28.16,26.78,80.79,4.82,5.25,4.15,100.06
20230903,3.9,4.3586,1.4542,2.5058,0.43,27.54,28.22,26.85,82.35,6.4,7.0,5.41,99.94
20230904,4.92,4.2127,0.78,2.6806,0.42,27.96,29.14,26.94,80.82,4.76,6.91,4.1,99.8
20230905,19.8,3.373,0.5342,2.2594,0.33,27.46,28.53,26.48,85.9,5.22,6.43,4.46,99.93
20230906,49.15,1.9493,0.1774,1.3836,0.19,26.87,27.8,26.14,88.09,4.64,6.62,4.03,100.12
20230907,11.32,4.0325,0.4301,2.8428,0.4,27.54,28.45,26.47,84.56,3.24,4.58,2.88,100.1
20230908,4.65,4.8466,2.5951,2.3885,0.48,27.93,28.87,27.41,84.15,3.96,6.08,3.46,100.08
20230909,7.98,3.1963,0.6218,2.0522,0.31,26.77,27.23,26.32,86.5,5.26,6.61,4.5,100.15
20230910,1.04,4.5355,1.8593,2.4847,0.44,26.84,27.64,26.05,83.22,5.51,6.21,4.72,100.14
20230911,0.16,4.9898,2.573,2.4634,0.49,27.3,28.52,26.33,81.33,4.27,5.66,3.73,100.09
20230912,1.77,5.0028,2.4998,2.388,0.49,27.31,28.18,26.4,84.43,4.08,4.66,3.57,100.14
20230913,1.03,5.417,3.7574,2.2294,0.53,27.6,28.67,26.72,83.66,4.51,5.93,3.9,100.14
20230914,0.5,5.0314,2.6892,2.4242,0.49,26.97,27.86,26.28,85.27,5.88,6.67,5.02,100.14
20230915,2.42,4.9423,2.8997,2.2534,0.48,26.91,27.68,26.09,85.0,5.71,6.32,4.88,100.07
20230916,2.55,5.443,3.8458,2.1074,0.53,27.01,28.2,25.91,86.05,4.59,5.84,3.97,100.07
20230917,1.38,4.7323,2.2874,2.3736,0.46,26.93,27.82,26.24,86.81,5.22,6.72,4.47,100.04
20230918,8.54,4.4707,1.8737,2.3566,0.43,26.44,26.79,26.1,89.15,4.81,5.42,4.15,100.05
20230919,10.07,4.2463,1.7878,2.2637,0.41,26.82,28.0,25.83,87.31,4.82,5.78,4.16,100.06
20230920,15.82,3.9329,1.3267,2.28,0.38,26.49,27.37,25.78,89.05,6.08,7.05,5.19,100.06
20230921,33.11,4.254,2.1694,2.1888,0.41,25.63,25.89,25.25,90.09,4.25,4.9,3.69,100.21
20230922,0.82,4.8684,2.3342,2.4629,0.47,26.06,26.58,25.32,86.18,4.3,5.43,3.74,100.21
20230923,0.25,5.8663,3.8386,2.4082,0.57,26.32,27.19,25.63,84.26,4.94,5.89,4.26,100.15
20230924,0.38,5.3333,1.5526,3.1042,0.52,25.89,26.54,25.24,81.84,4.17,5.53,3.63,100.17
20230925,0.13,5.5447,3.2918,2.6172,0.54,25.88,26.4,25.37,81.83,3.74,4.61,3.26,100.16
20230926,0.36,5.9722,4.146,2.3837,0.58,26.43,27.52,25.46,83.32,3.25,3.8,2.84,100.08
20230927,1.48,5.6196,3.5174,2.4775,0.54,26.42,27.14,25.62,85.58,3.56,4.06,3.11,100.1
20230928,0.68,5.759,3.7574,2.411,0.56,26.65,27.54,25.76,85.45,4.18,4.71,3.63,100.1
20230929,1.1,5.1355,2.8097,2.3335,0.5,26.61,27.4,25.76,85.82,4.63,5.12,3.99,100.27
20230930,0.79,4.3507,0.7774,2.7622,0.42,26.74,27.78,25.93,85.08,3.28,4.25,2.88,100.24
20231001,1.24,4.2962,1.099,2.5596,0.41,26.46,27.15,25.88,86.87,5.15,5.57,4.41,100.22
20231002,0.49,4.8787,2.0114,2.6198,0.47,26.08,26.51,25.72,84.63,5.23,5.95,4.47,100.35
20231003,0.15,3.1416,0.1457,2.2294,0.3,25.87,26.71,25.07,82.03,5.07,5.78,4.36,100.37
20231004,0.64,4.6392,1.925,2.5176,0.45,25.8,26.77,24.95,84.36,3.81,4.96,3.32,100.26
20231005,1.96,3.0634,0.8899,1.7827,0.3,26.04,26.97,25.2,85.72,3.62,4.3,3.14,100.14
20231006,5.4,3.9346,0.6571,2.4106,0.38,25.78,26.24,25.09,90.33,4.55,6.13,3.9,100.11
20231007,1.34,5.1917,2.2678,2.659,0.5,26.22,27.19,25.57,88.69,2.3,2.9,1.99,100.13
20231008,1.17,4.561,2.3976,2.2334,0.44,26.24,27.29,25.41,89.61,4.19,4.57,3.58,100.24
20231009,1.31,3.9482,1.404,2.2234,0.38,26.16,27.06,25.15,88.94,4.56,4.89,3.91,100.25
20231010,1.25,4.6303,2.2193,2.3443,0.45,26.31,27.31,25.52,88.53,4.46,5.11,3.81,100.19
20231011,3.46,4.7791,2.6256,2.2579,0.46,26.36,27.24,25.63,89.86,3.34,4.53,2.89,100.17
20231012,6.75,3.9264,1.716,2.0064,0.38,26.35,27.18,25.68,90.14,3.52,4.15,3.03,100.22
20231013,2.23,4.4376,2.0962,2.293,0.43,26.1,26.9,25.46,90.59,4.37,5.04,3.73,100.22
20231014,4.97,4.7393,2.2553,2.389,0.46,26.07,26.95,25.31,89.8,4.18,5.03,3.57,100.19
20231015,3.65,4.3894,2.0386,2.1583,0.42,25.98,26.75,25.28,89.63,3.71,4.41,3.18,100.15
20231016,8.32,4.056,0.5777,2.6882,0.39,25.79,26.35,25.26,90.13,3.22,4.52,2.8,100.15
20231017,3.51,4.8578,1.7184,2.6539,0.47,26.05,26.92,25.22,89.99,3.42,3.93,2.94,100.21
20231018,2.2,4.6747,1.1244,2.8358,0.45,26.33,27.44,25.39,87.42,2.19,2.92,1.96,100.22
20231019,3.58,4.0517,0.9538,2.3794,0.39,26.53,27.69,25.51,86.26,1.59,3.57,1.45,100.2
20231020,6.79,4.4314,1.4561,2.563,0.43,26.35,27.11,25.8,88.06,2.89,4.09,2.56,100.23
20231021,12.91,4.3154,1.195,2.395,0.42,25.75,26.06,25.35,89.95,2.48,3.95,2.18,100.31
20231022,14.09,4.1359,0.6871,2.7178,0.4,25.73,26.06,25.22,90.3,2.34,2.89,2.06,100.3
20231023,4.0,4.8242,1.3822,2.8402,0.47,26.3,27.0,25.64,86.85,2.66,3.23,2.33,100.26
20231024,20.94,4.0586,0.9406,2.4269,0.39,26.64,27.4,25.97,86.9,3.82,4.71,3.31,100.22
20231025,29.9,4.7971,1.8598,2.461,0.46,25.82,26.11,25.57,87.42,2.94,5.28,2.55,100.3
20231026,5.37,4.0944,1.1417,2.3378,0.4,26.44,26.89,25.77,87.34,3.76,5.6,3.26,100.26
20231027,2.65,5.1017,2.5723,2.4814,0.49,26.88,27.65,26.24,87.8,3.36,4.19,2.94,100.18
20231028,1.48,4.4095,2.1209,2.2217,0.43,27.18,28.11,26.28,85.06,3.31,3.72,2.92,100.12
20231029,1.65,4.6817,2.4053,2.3052,0.45,27.02,28.08,26.25,85.88,2.91,3.81,2.58,100.06
20231030,7.1,3.9857,1.2593,2.3198,0.39,26.62,27.61,25.89,87.55,3.6,4.54,3.14,100.02
20231031,3.57,3.246,0.361,2.2075,0.32,26.09,27.18,25.16,89.84,3.78,4.63,3.28,100.04
20231101,5.13,4.2806,1.2127,2.5471,0.42,26.02,26.88,25.46,90.89,3.15,3.99,2.72,100.1
20231102,15.1,4.1976,1.1251,2.4962,0.41,25.85,26.86,25.17,88.83,3.28,5.37,2.84,100.06
20231103,12.41,5.1744,2.7223,2.5423,0.5,25.8,26.46,25.2,90.5,2.72,3.68,2.38,100.01
20231104,6.27,4.1556,1.5893,2.2735,0.41,25.95,26.62,25.24,89.27,2.81,3.48,2.47,100.02
20231105,15.96,5.2171,2.6693,2.5699,0.51,26.22,26.66,25.59,89.58,2.62,3.25,2.32,100.06
20231106,9.97,4.4614,1.9411,2.3803,0.44,26.65,27.59,25.97,88.57,2.76,3.54,2.43,100.1
20231107,9.84,4.7064,1.5358,2.6906,0.46,25.97,26.4,25.67,89.66,2.92,3.54,2.57,100.12
20231108,10.92,5.3736,2.557,2.7845,0.53,25.9,26.89,24.73,86.43,1.97,2.96,1.74,100.1
20231109,6.06,3.2153,0.7961,1.998,0.32,25.88,26.48,25.18,86.74,1.78,2.63,1.59,100.17
20231110,2.26,5.4516,2.8464,2.7432,0.54,26.39,27.14,25.47,83.88,2.01,3.21,1.78,100.22
20231111,6.0,4.1657,0.5743,2.6935,0.41,26.7,27.27,26.3,84.04,3.5,4.7,3.04,100.24
20231112,2.09,5.7432,3.5688,2.5834,0.57,26.81,27.73,25.93,83.77,2.81,3.37,2.48,100.18
20231113,5.55,4.5161,2.4814,2.1439,0.44,26.61,26.82,26.13,89.32,3.54,4.25,3.08,100.12
20231114,9.06,3.4728,0.1622,2.5068,0.34,25.75,26.03,25.42,86.15,2.97,3.86,2.62,100.2
20231115,15.75,5.3894,3.8426,2.2685,0.53,26.72,27.77,25.82,81.23,2.12,3.27,1.89,100.19
20231116,6.15,5.3105,2.1185,3.1183,0.52,26.72,27.51,25.98,86.24,1.61,2.98,1.43,100.23
20231117,5.79,4.1506,1.3018,2.4955,0.41,26.91,27.81,26.07,85.68,2.07,3.1,1.84,100.21
20231118,7.72,4.1309,2.178,2.1559,0.41,26.89,27.74,26.42,88.14,3.56,4.65,3.12,100.1
20231119,8.84,4.4767,1.7515,2.4785,0.44,26.81,27.67,25.87,87.0,2.62,3.83,2.35,100.13
20231120,4.58,5.1211,3.2695,2.388,0.51,26.82,27.74,26.28,88.37,3.54,4.74,3.07,100.12
20231121,1.72,3.2378,0.1025,2.4326,0.32,25.96,26.2,25.74,86.47,3.36,4.99,2.92,100.08
20231122,0.35,5.3842,2.244,3.0029,0.53,26.24,27.16,25.48,82.73,1.55,2.15,1.36,100.03
20231123,1.06,4.6478,1.5098,2.7168,0.46,26.29,27.15,25.74,83.06,1.47,2.68,1.29,99.97
20231124,4.3,5.1408,2.3714,2.7485,0.51,26.37,27.15,25.67,84.1,1.49,2.63,1.31,99.97
20231125,11.53,4.4748,0.3864,3.2834,0.45,26.56,27.33,25.94,81.52,2.25,3.1,2.0,100.05
20231126,3.85,4.1155,1.1038,2.4605,0.41,26.25,27.14,25.6,84.04,1.53,2.33,1.33,100.08
20231127,3.3,4.6651,0.8239,3.169,0.47,26.41,27.38,25.34,83.36,1.51,2.58,1.31,100.02
20231128,0.93,5.5274,3.9559,2.2738,0.55,26.93,27.84,26.24,83.29,2.42,3.86,2.14,99.92
20231129,0.94,4.4904,2.3023,2.3698,0.45,26.95,27.78,26.47,84.91,3.28,4.37,2.85,99.9
20231130,3.4,2.2685,0.156,1.7256,0.23,26.16,27.21,24.62,88.25,2.86,3.76,2.52,100.03
20231201,5.65,4.2334,1.8413,2.2699,0.42,26.24,27.42,24.55,82.25,3.06,4.36,2.7,99.97
20231202,12.13,4.4268,2.688,2.1686,0.44,26.99,27.7,26.46,82.26,2.5,3.48,2.2,99.95
20231203,4.16,4.1897,0.5069,3.0746,0.42,26.63,27.36,26.09,82.97,1.68,2.7,1.49,100.05
20231204,1.38,3.6835,0.1015,2.8265,0.37,27.26,28.45,26.28,79.37,2.82,3.43,2.49,100.04
20231205,6.01,4.4782,2.2817,2.4,0.45,27.29,28.11,26.79,83.94,3.04,3.98,2.7,99.99
20231206,23.07,2.7744,0.2359,2.0482,0.28,26.26,26.77,25.84,87.42,2.03,2.62,1.81,100.14
20231207,2.0,4.955,2.9244,2.4314,0.5,26.83,27.61,26.16,81.87,1.7,2.84,1.49,100.12
20231208,2.95,4.5319,2.568,2.2891,0.46,27.4,28.72,26.33,84.15,2.75,4.41,2.39,100.06
20231209,4.11,4.3253,0.7361,3.029,0.43,26.89,27.27,26.51,88.81,4.05,4.9,3.51,100.05
20231210,2.42,4.8082,2.196,2.5466,0.48,26.92,27.59,26.31,85.23,3.43,3.9,3.0,100.03
20231211,2.28,4.7604,2.7461,2.3297,0.48,27.06,27.85,26.5,83.41,2.58,3.06,2.26,100.01
20231212,10.66,3.8825,1.0862,2.2327,0.39,26.76,27.31,26.28,83.49,2.33,3.31,2.05,100.02
20231213,4.51,5.0386,2.8327,2.5042,0.51,27.03,27.9,26.21,82.29,1.9,3.11,1.67,100.01
20231214,8.93,3.8662,0.5023,2.7643,0.39,26.77,27.1,26.38,85.52,2.71,4.39,2.39,100.12
20231215,1.44,4.7107,2.2603,2.4019,0.47,27.39,28.28,26.75,82.18,1.97,3.1,1.75,100.07
20231216,1.39,4.1695,0.5299,2.8159,0.42,27.52,28.31,26.95,82.19,1.99,3.03,1.78,100.0
20231217,3.37,4.5886,2.3388,2.4199,0.46,27.51,28.07,26.94,85.25,4.18,5.69,3.62,99.99
20231218,7.31,3.0617,0.317,2.039,0.31,26.86,28.38,25.04,76.21,2.12,3.71,1.89,100.13
20231219,4.99,4.6726,2.5382,2.334,0.47,26.63,27.51,25.08,84.13,3.04,3.96,2.7,100.15
20231220,16.2,3.9902,2.5399,1.8266,0.4,27.06,27.35,26.49,86.52,3.66,4.22,3.21,100.05
20231221,30.99,3.7013,0.9362,2.3412,0.37,26.63,27.13,26.24,89.39,3.32,4.07,2.95,100.09
20231222,8.69,4.2329,2.1312,2.3664,0.43,27.41,28.61,26.1,83.68,2.09,4.27,1.88,100.1
20231223,17.89,4.6186,1.5005,2.7533,0.47,27.54,28.42,26.98,87.15,4.36,5.33,3.79,100.1
20231224,3.8,4.1057,0.8467,2.634,0.41,27.48,28.23,26.76,87.19,3.25,3.92,2.83,100.16
20231225,7.09,3.7639,0.377,2.6352,0.38,27.31,27.6,27.03,84.7,1.38,2.2,1.21,100.19
20231226,11.27,3.8028,1.1501,2.2397,0.38,27.49,28.27,26.57,84.27,1.89,2.73,1.71,100.21
20231227,4.1,3.87,2.0438,2.0338,0.39,28.2,29.58,27.06,77.98,1.75,2.73,1.56,100.24
20231228,7.49,3.7289,2.376,1.9061,0.37,28.06,29.08,27.24,81.89,1.75,3.16,1.57,100.11
20231229,13.84,4.0006,1.9262,2.1295,0.4,28.13,29.03,27.55,83.07,2.66,3.59,2.36,100.02
20231230,31.92,3.8237,0.9792,2.4619,0.38,27.17,27.58,26.75,86.03,2.66,3.4,2.35,100.07
20231231,21.16,4.3944,1.9858,2.4247,0.44,27.67,28.38,27.11,85.16,3.49,3.89,3.08,100.07
20240101,5.48,4.2226,0.5765,2.8414,0.42,27.39,28.04,26.56,83.22,2.0,3.21,1.83,100.12
20240102,28.58,4.7186,2.4185,2.4082,0.47,27.93,28.47,27.41,82.43,2.39,3.79,2.1,100.04
20240103,27.49,3.829,0.3874,2.6138,0.38,26.83,27.86,26.33,87.28,2.54,3.58,2.25,100.1
20240104,1.97,4.2917,0.7462,2.7996,0.43,27.79,28.9,26.32,79.42,1.22,2.45,1.12,100.07
20240105,11.86,4.5706,2.6628,2.2034,0.46,27.96,28.72,27.08,83.1,2.14,3.97,1.94,100.03
20240106,37.87,2.3378,0.2033,1.6042,0.23,26.94,27.48,26.66,87.71,3.29,4.27,2.93,100.09
20240107,15.39,3.8801,0.0941,2.9582,0.39,27.67,28.25,26.72,84.75,3.85,4.68,3.37,100.05
20240108,12.7,4.501,1.5888,2.7852,0.45,28.12,28.95,27.44,82.06,2.68,3.99,2.42,100.03
20240109,56.15,4.2096,1.4604,2.527,0.42,27.39,27.93,27.0,87.11,3.55,4.38,3.15,100.0
20240110,47.91,3.0264,0.1999,2.1314,0.3,26.88,27.12,26.66,89.77,2.8,4.02,2.52,99.95
20240111,23.62,3.8086,0.7747,2.5121,0.38,27.84,29.04,26.99,82.78,1.72,3.37,1.57,100.01
20240112,11.72,4.1102,0.9926,2.6683,0.41,27.63,28.34,26.84,82.28,2.35,3.63,2.13,100.02
20240113,7.51,4.8996,2.6405,2.5286,0.49,27.26,28.09,26.74,82.09,3.28,4.09,2.91,100.04
20240114,15.09,4.1731,1.0654,2.6798,0.41,27.2,27.7,26.83,83.33,1.58,3.13,1.41,100.04
20240115,2.19,4.2665,1.5792,2.6556,0.42,27.52,27.99,27.09,81.18,2.06,3.43,1.84,100.02
20240116,14.44,3.689,0.402,2.5918,0.37,28.0,29.17,26.86,80.66,2.0,2.95,1.81,99.98
20240117,34.67,1.8478,0.1013,1.3658,0.18,26.79,27.45,25.98,87.84,3.22,4.34,2.86,100.02
20240118,15.57,3.4754,0.7003,2.154,0.34,26.24,27.16,25.62,84.8,2.81,4.01,2.5,100.07
20240119,32.18,4.8907,1.3486,3.0691,0.48,26.89,28.19,26.09,81.39,2.05,2.66,1.84,100.09
20240120,3.87,4.6721,1.7227,2.5932,0.46,27.24,28.12,25.96,76.62,1.28,2.68,1.15,100.15
20240121,1.05,5.3107,3.113,2.4782,0.52,28.12,28.85,27.5,78.09,2.02,2.61,1.77,100.14
20240122,2.41,4.6987,2.2356,2.4967,0.46,28.39,29.41,27.87,78.27,2.52,3.94,2.23,100.19
20240123,3.01,4.6802,2.8327,2.2253,0.46,28.04,28.54,27.37,83.99,3.88,4.44,3.37,100.19
20240124,4.68,4.5082,1.8533,2.3813,0.44,28.78,29.74,27.95,79.82,3.32,4.38,2.92,100.19
20240125,3.75,5.0438,2.4058,2.7713,0.49,28.77,29.59,28.18,80.61,2.13,3.02,1.92,100.26
20240126,3.99,4.1707,1.3709,2.4204,0.41,28.82,29.74,28.06,79.21,1.85,2.68,1.7,100.31
20240127,26.41,4.1959,1.0363,2.5171,0.41,28.24,29.23,27.08,78.82,2.1,3.79,1.88,100.31
20240128,6.56,4.9483,3.2818,2.2819,0.48,28.25,28.9,27.67,80.16,1.46,2.78,1.35,100.31
20240129,6.77,5.304,3.8098,2.2975,0.52,28.23,29.27,27.43,82.39,2.77,4.73,2.46,100.25
20240130,16.77,5.7751,3.4433,2.8486,0.56,28.15,28.62,27.82,82.2,2.95,5.91,2.62,100.24
20240131,4.02,4.8473,3.2218,2.185,0.47,28.45,29.16,27.8,78.65,1.63,2.97,1.44,100.23
20240201,17.31,5.0138,2.0609,2.7965,0.49,27.99,28.26,27.83,84.36,2.61,3.89,2.32,100.29
20240202,9.66,3.2794,0.2981,2.3162,0.32,27.73,28.3,26.93,84.51,3.3,3.89,2.9,100.34
20240203,20.6,2.082,0.1476,1.5199,0.2,27.34,27.94,26.83,82.7,3.14,4.54,2.74,100.37
20240204,0.32,6.1793,5.125,2.149,0.6,28.13,29.44,26.46,75.87,1.54,2.93,1.4,100.37
20240205,3.71,4.9318,1.717,2.8258,0.48,28.41,28.96,27.95,79.48,2.26,3.1,1.99,100.36
20240206,6.61,4.4926,1.549,2.4514,0.43,28.06,28.94,27.3,81.16,2.11,3.35,1.88,100.36
20240207,5.95,3.8578,0.4754,2.561,0.37,28.3,29.1,27.66,77.84,1.66,2.92,1.5,100.25
20240208,4.57,4.6877,2.2536,2.395,0.45,28.23,29.0,27.69,80.94,1.92,2.45,1.73,100.11
20240209,15.2,3.7562,1.2554,2.2015,0.36,28.19,28.57,27.6,81.95,2.24,3.03,1.98,100.15
20240210,52.34,3.5491,0.6158,2.2764,0.34,27.77,28.4,27.25,83.04,2.77,3.68,2.48,100.34
20240211,4.66,4.4434,2.4821,2.2464,0.43,28.4,29.4,27.54,76.22,1.55,2.33,1.48,100.35
20240212,1.19,4.7549,2.7881,2.2807,0.46,29.18,30.64,27.93,73.1,2.07,3.28,1.86,100.23
20240213,2.52,4.5758,2.6803,2.2061,0.44,29.16,30.43,28.29,76.18,1.84,3.06,1.66,100.13
20240214,4.65,3.9274,1.6987,2.1317,0.38,29.26,30.43,28.42,76.26,1.9,2.81,1.74,100.08
20240215,9.18,4.2074,1.4057,2.471,0.4,28.89,29.88,28.02,79.37,1.34,2.6,1.25,100.08
20240216,37.89,4.7311,2.1677,2.5483,0.45,28.2,29.41,27.48,78.56,1.71,2.66,1.53,100.12
20240217,6.53,4.2907,2.3431,2.0477,0.41,27.95,28.81,27.16,82.91,2.54,5.06,2.28,100.05
20240218,4.4,4.6966,2.2133,2.4487,0.45,28.95,29.88,28.43,78.15,2.92,4.42,2.57,100.09
20240219,15.63,4.0526,1.3046,2.3942,0.39,28.69,29.38,28.09,81.32,2.79,3.58,2.47,100.09
20240220,10.75,4.8247,2.3309,2.5738,0.46,27.72,28.33,26.64,87.14,3.89,5.13,3.38,100.13
20240221,23.55,5.4005,2.5675,2.7379,0.52,27.75,28.33,27.38,86.12,3.84,4.81,3.33,100.17
20240222,7.52,4.9654,2.0441,2.6486,0.47,28.17,28.75,27.28,79.5,1.96,3.16,1.74,100.24
20240223,6.4,5.1317,2.9942,2.2541,0.49,28.65,29.17,28.26,78.45,2.34,3.61,2.07,100.2
20240224,4.69,4.9198,2.3794,2.5231,0.47,28.23,28.89,27.68,80.89,2.66,3.03,2.34,100.16
20240225,3.76,3.5522,0.7769,2.4238,0.34,28.25,29.26,26.75,76.61,1.4,2.24,1.26,100.05
20240226,1.28,4.4458,2.483,2.1386,0.42,29.35,30.05,28.68,74.9,0.84,1.69,0.79,99.96
20240227,1.45,4.5929,2.611,2.0911,0.44,29.4,30.48,28.36,75.12,1.45,2.22,1.33,99.92
20240228,12.16,3.8246,1.7786,2.3594,0.36,29.04,30.03,28.43,78.18,2.33,3.32,2.08,99.85
20240229,2.56,4.9817,3.1853,2.3278,0.47,29.25,30.34,28.31,77.85,1.88,3.43,1.69,99.88
20240301,4.79,5.6614,3.4426,2.5416,0.54,29.03,29.9,28.43,78.72,2.23,3.2,2.01,99.98
20240302,41.35,4.7333,1.3548,2.7708,0.45,28.53,29.34,27.66,84.06,3.5,5.53,3.12,99.99
20240303,21.21,4.099,0.7742,2.5061,0.39,27.83,28.61,27.26,84.58,3.66,6.23,3.24,100.07
20240304,6.1,4.5554,0.8969,2.8363,0.43,28.17,29.04,27.27,79.24,2.82,4.25,2.52,100.08
20240305,13.03,3.7128,0.7658,2.2922,0.35,26.98,27.4,26.6,87.6,3.94,4.82,3.45,100.09
20240306,20.16,5.4386,2.3028,3.1586,0.52,27.23,27.95,26.5,86.04,3.23,5.35,2.83,100.02
20240307,97.3,3.461,0.8563,2.2344,0.33,27.21,27.66,26.88,89.2,4.28,7.61,3.72,100.02
20240308,41.06,3.426,0.161,2.5462,0.33,27.5,27.91,27.03,85.27,5.16,7.95,4.43,100.07
20240309,21.44,3.2364,0.018,2.4394,0.31,27.06,27.48,26.57,85.45,2.74,4.96,2.42,100.09
20240310,10.4,4.0699,0.8832,2.5805,0.39,27.46,28.1,26.92,86.64,3.93,4.98,3.43,100.16
20240311,1.29,4.1784,1.3692,2.3638,0.4,28.37,29.14,27.28,73.56,3.15,5.22,2.77,100.3
20240312,1.46,3.7212,1.1359,2.1924,0.35,28.4,28.77,27.85,71.91,2.42,3.6,2.15,100.33
20240313,0.01,6.0902,3.3818,3.084,0.58,29.16,30.08,28.37,65.85,3.49,4.46,3.06,100.22
20240314,0.24,6.2388,2.9909,3.1586,0.59,28.8,29.5,28.3,74.9,2.29,3.13,2.04,100.19
20240315,3.75,5.6314,2.345,2.9501,0.54,28.4,29.14,27.68,76.59,1.79,2.77,1.57,100.18
20240316,3.95,4.3831,0.9554,2.7149,0.42,28.07,28.55,27.7,80.27,2.88,3.31,2.52,100.25
20240317,1.53,5.4691,2.311,2.8224,0.52,28.26,28.78,27.68,77.74,2.02,2.93,1.79,100.12
20240318,3.61,5.5522,2.6822,2.7902,0.53,28.49,29.09,27.82,81.93,3.66,4.71,3.18,100.04
20240319,2.39,5.1799,2.3261,2.6753,0.49,28.9,29.84,28.13,79.96,3.68,4.9,3.2,100.05
20240320,0.39,6.0276,3.2758,2.8793,0.57,29.01,30.27,28.16,77.98,3.85,5.28,3.33,100.08
20240321,0.77,5.5231,3.1025,2.5471,0.53,29.06,30.05,28.47,74.37,2.05,3.41,1.84,100.0
20240322,0.6,5.6522,3.059,2.6266,0.54,28.86,29.54,28.28,77.31,2.48,3.29,2.2,99.85
20240323,5.84,4.6819,1.9783,2.3676,0.45,28.56,29.11,28.17,80.16,2.33,4.03,2.04,99.92
20240324,6.33,4.0154,1.0639,2.4144,0.38,28.27,29.11,27.44,83.51,2.75,4.62,2.44,100.02
20240325,19.64,4.787,2.3515,2.3734,0.46,28.66,29.82,27.73,82.24,2.4,3.84,2.16,99.99
20240326,4.71,4.5797,1.7518,2.5217,0.44,29.14,30.11,28.26,80.0,2.71,3.75,2.42,100.11
20240327,2.73,4.9764,1.1894,3.0026,0.48,28.69,29.74,27.67,82.0,3.28,5.79,2.89,100.26
20240328,10.49,5.2178,2.0614,2.9338,0.5,27.76,28.42,27.04,85.47,3.17,4.66,2.8,100.2
20240329,11.42,4.8785,2.118,2.5255,0.47,28.91,29.81,28.3,79.46,3.02,3.89,2.68,100.12
20240330,13.14,5.0858,2.2426,2.6251,0.49,27.99,28.54,27.51,82.74,3.09,4.39,2.78,100.24
20240331,20.54,4.8804,2.3786,2.3822,0.47,27.74,28.47,26.56,83.1,2.2,3.19,1.99,100.26
20240401,20.4,4.6447,2.5613,2.2985,0.45,28.37,29.18,27.75,82.16,2.11,3.74,1.91,100.06
20240402,20.18,5.2171,2.4871,2.6225,0.5,28.41,29.09,27.57,84.95,3.54,4.35,3.1,99.93
20240403,20.63,4.7638,1.9682,2.5445,0.46,28.43,29.04,28.03,83.59,3.16,4.85,2.75,99.98
20240404,6.09,5.5428,3.7248,2.2879,0.54,27.84,28.41,27.51,85.11,2.76,3.67,2.42,99.94
20240405,11.27,4.8679,2.1989,2.4972,0.47,28.38,29.07,27.58,81.34,2.51,3.61,2.21,99.94
20240406,15.11,5.5248,3.7308,2.303,0.54,28.48,28.9,27.9,84.8,2.84,3.32,2.49,99.89
20240407,10.73,4.7261,1.9123,2.4475,0.46,28.63,28.91,28.4,83.63,3.1,4.35,2.7,99.85
20240408,4.34,5.5176,3.0864,2.6042,0.54,28.64,29.53,27.96,82.06,2.36,3.21,2.08,99.92
20240409,8.71,5.2416,3.7231,2.1094,0.51,28.08,28.43,27.62,85.67,3.01,3.55,2.63,99.97
20240410,19.49,4.3956,1.9236,2.3671,0.43,27.74,28.33,27.4,84.4,1.71,3.11,1.51,100.01
20240411,3.95,5.1629,2.0707,2.7485,0.51,29.02,30.23,27.5,75.92,1.32,1.95,1.24,99.95
20240412,8.3,5.0647,2.7492,2.5066,0.5,29.16,30.04,28.47,79.27,2.34,3.14,2.13,99.93
20240413,6.5,5.4132,3.1956,2.5039,0.53,28.75,29.79,27.8,82.08,2.1,3.53,1.91,99.93
20240414,7.7,5.0897,2.5843,2.5757,0.5,28.72,29.52,28.13,82.54,2.39,2.96,2.11,100.01
20240415,10.95,5.1185,2.3921,2.682,0.5,28.99,29.79,27.49,83.51,3.46,4.5,2.99,99.99
20240416,16.15,4.5883,2.2034,2.4446,0.45,28.21,29.28,26.71,80.64,1.78,3.7,1.57,100.0
20240417,5.5,4.3692,1.1275,2.7521,0.43,28.81,29.56,27.82,73.52,1.31,2.2,1.18,100.0
20240418,6.06,3.8064,1.1561,2.3782,0.38,28.89,29.53,28.48,77.08,2.19,3.18,1.92,99.93
20240419,3.68,5.2303,3.2638,2.2798,0.52,28.48,28.94,27.83,82.23,2.54,3.91,2.25,99.82
20240420,19.98,2.5709,0.1409,1.8718,0.26,28.44,28.75,28.23,86.43,4.57,5.24,3.95,99.83
20240421,2.28,5.0791,2.5798,2.5147,0.51,28.62,29.02,28.21,83.37,3.57,5.1,3.11,99.85
20240422,7.36,5.1082,3.1776,2.2562,0.51,28.73,29.54,27.84,82.61,2.2,2.93,1.96,99.85
20240423,27.12,4.9082,2.7934,2.3314,0.49,28.5,29.59,27.15,80.43,2.25,3.93,1.98,99.84
20240424,2.15,4.6183,0.7745,3.2328,0.46,28.82,29.43,28.26,81.5,1.99,3.04,1.76,99.79
20240425,13.77,3.3782,0.6463,2.106,0.34,28.79,29.05,28.41,83.12,2.95,3.56,2.61,99.8
20240426,26.18,5.0784,2.862,2.5025,0.51,28.6,29.61,27.2,80.52,2.55,3.67,2.27,99.78
20240427,101.81,4.8706,2.3246,2.6278,0.49,27.68,28.74,27.05,88.31,4.26,5.87,3.74,99.82
20240428,9.55,5.5075,2.9554,3.1666,0.56,27.96,29.56,27.0,85.47,2.95,4.74,2.63,99.93
20240429,26.9,5.3057,3.7313,2.1686,0.54,29.53,30.23,28.88,81.62,1.46,1.95,1.36,99.88
20240430,23.16,5.1523,3.3197,2.4557,0.52,29.27,30.21,28.66,82.89,1.96,3.82,1.75,99.78
20240501,34.94,4.2055,0.6907,2.9369,0.43,28.62,28.92,28.29,85.17,3.29,4.58,2.87,99.73
20240502,4.09,4.9788,3.4567,2.1984,0.51,29.22,30.0,28.4,79.86,2.74,3.9,2.42,99.75
20240503,15.94,4.5365,1.728,2.8219,0.46,28.99,29.54,28.51,83.28,2.53,4.43,2.26,99.86
20240504,37.27,3.1814,0.1013,2.387,0.33,28.47,28.75,28.17,85.31,2.67,4.91,2.35,99.9
20240505,8.21,3.6648,0.925,2.315,0.38,28.72,29.09,28.25,81.94,2.37,2.7,2.09,99.86
20240506,5.1,4.6238,2.9076,2.1622,0.47,28.98,29.48,28.41,83.16,3.45,4.61,2.99,99.92
20240507,11.05,3.5107,0.9566,2.0822,0.36,28.29,28.76,27.88,82.53,2.08,3.06,1.82,100.08
20240508,3.67,4.9118,2.3878,2.3438,0.51,28.66,29.44,27.92,76.17,1.51,2.71,1.33,99.98
20240509,4.69,4.6711,3.2686,2.0688,0.48,29.01,29.75,28.28,79.63,3.06,4.78,2.69,99.89
20240510,10.14,4.0618,1.445,2.227,0.42,28.86,29.48,28.14,79.19,2.46,3.65,2.19,99.92
20240511,14.97,4.5955,2.6198,2.1828,0.48,28.95,29.37,28.44,81.2,2.57,3.46,2.28,99.99
20240512,20.43,5.0364,2.6542,2.3712,0.52,28.59,29.09,27.87,81.22,1.9,3.97,1.66,100.02
20240513,15.89,4.8238,3.0852,2.1883,0.5,28.93,29.44,28.46,80.7,2.83,4.43,2.48,99.89
20240514,13.07,4.6409,1.9126,2.5862,0.48,28.5,29.03,27.92,80.32,2.16,4.04,1.91,99.94
20240515,5.43,4.5458,0.9502,3.1615,0.47,29.09,29.81,28.49,77.7,2.14,3.81,1.88,99.94
20240516,26.32,3.983,0.5534,2.8111,0.42,28.0,28.93,27.48,81.3,2.41,5.17,2.09,100.02
20240517,0.84,4.9258,3.851,1.9807,0.52,28.78,29.46,28.08,75.37,1.77,2.73,1.58,99.92
20240518,6.58,4.7748,2.5596,2.5702,0.5,28.35,28.82,27.85,83.25,2.77,3.62,2.43,99.87
20240519,2.79,5.0011,3.1963,2.2291,0.53,28.79,29.66,27.93,80.46,2.03,3.04,1.81,99.71
20240520,37.97,4.2,0.6722,2.8949,0.44,28.02,28.8,27.68,84.49,2.47,4.17,2.21,99.79
20240521,6.39,3.8662,0.3307,2.7811,0.41,28.27,28.97,27.81,84.52,3.16,3.6,2.78,99.84
20240522,47.66,2.9186,0.0643,2.2464,0.31,28.17,29.2,27.58,87.49,3.77,5.73,3.29,99.91
20240523,0.95,5.1838,2.7012,2.621,0.55,28.8,29.67,27.59,76.28,3.46,5.9,3.02,99.84
20240524,4.07,3.443,0.3893,2.2826,0.37,29.44,30.21,28.61,77.93,2.29,3.71,2.05,99.79
20240525,8.91,4.1287,1.3949,2.6285,0.44,27.93,28.56,27.46,86.24,3.05,4.06,2.7,99.9
20240526,8.07,3.3005,0.3936,2.321,0.35,29.27,30.62,27.91,84.0,2.92,5.31,2.56,99.95
20240527,8.42,4.9375,3.0816,2.2334,0.53,28.15,28.88,27.16,82.42,4.36,5.71,3.78,100.08
20240528,1.32,4.6987,3.0187,2.2738,0.5,29.51,30.65,27.98,75.7,2.93,4.69,2.59,99.93
20240529,9.24,4.3272,1.416,2.7734,0.46,29.48,29.92,29.06,84.96,3.81,7.78,3.26,99.86
20240530,4.63,4.0303,0.8448,2.9059,0.43,28.74,29.09,28.43,83.9,2.98,6.88,2.59,99.99
20240531,19.04,2.9112,0.5088,1.931,0.31,27.96,28.57,27.31,86.5,3.5,4.83,3.05,100.08
20240601,9.15,3.9245,0.6871,2.8342,0.42,28.51,29.41,26.95,76.04,1.88,4.13,1.69,100.18
20240602,4.18,4.668,2.2075,2.3741,0.5,28.98,29.54,28.47,76.26,2.0,2.59,1.79,100.15
20240603,5.13,4.7198,2.1125,2.5337,0.51,29.34,30.51,28.44,75.4,2.02,3.53,1.8,100.06
20240604,62.94,3.6094,0.9036,2.3206,0.39,28.3,28.91,27.48,87.35,3.44,6.11,3.05,100.12
20240605,9.32,5.4336,4.302,2.0287,0.59,28.23,28.86,27.03,80.83,3.1,5.14,2.72,100.22
20240606,7.58,3.6403,0.8333,2.2258,0.39,27.92,28.55,27.62,82.47,2.31,2.88,2.05,100.2
20240607,19.83,5.2193,3.9655,2.2949,0.56,28.62,29.58,27.82,79.38,2.02,2.78,1.8,100.04
20240608,3.2,4.8787,2.8615,2.3854,0.53,28.74,29.17,28.23,82.17,3.13,4.23,2.72,99.99
20240609,3.74,4.65,1.9507,2.5814,0.5,28.64,29.06,28.36,77.93,2.05,2.82,1.79,100.09
20240610,2.47,5.3362,4.4614,1.9908,0.58,29.03,29.89,28.26,73.97,1.54,2.9,1.37,100.11
20240611,14.67,4.1398,2.1254,2.0429,0.45,28.21,28.77,27.77,81.76,2.92,4.22,2.56,100.26
20240612,7.78,4.6246,2.8543,2.2512,0.5,28.19,28.79,27.68,78.88,2.28,2.94,2.01,100.3
20240613,7.22,4.739,3.1882,2.1274,0.51,28.29,29.08,27.38,79.22,2.43,3.6,2.16,100.17
20240614,19.59,4.938,3.1078,2.3952,0.54,27.91,28.38,27.64,84.15,3.5,4.59,3.08,100.06
20240615,21.28,5.0899,2.8135,2.5471,0.55,27.92,28.53,27.47,82.75,2.37,3.36,2.09,100.0
20240616,18.63,3.9187,1.2535,2.2632,0.43,27.18,27.56,26.9,87.0,3.28,4.49,2.87,100.12
20240617,8.92,4.908,2.2106,2.6417,0.53,27.31,27.88,26.71,84.35,4.13,6.25,3.58,100.13
20240618,3.09,4.4587,2.3059,2.3446,0.49,28.11,28.49,27.7,78.47,2.42,3.36,2.15,100.06
20240619,2.59,4.9603,3.1392,2.6846,0.54,28.42,29.46,27.33,75.84,2.24,3.78,1.98,99.92
20240620,15.0,4.2271,1.6361,2.3254,0.46,28.21,28.75,27.7,84.31,3.8,4.91,3.31,99.92
20240621,21.93,3.6895,0.9619,2.3347,0.4,27.38,27.78,26.89,84.68,4.19,4.86,3.66,100.06
20240622,3.21,4.3723,0.9202,2.9354,0.48,27.71,28.54,26.43,78.15,2.24,3.77,1.97,100.01
20240623,4.16,4.6226,3.2333,1.9757,0.5,28.52,29.28,27.9,77.19,2.32,3.45,2.05,99.93
20240624,11.06,4.8703,4.045,1.9663,0.53,28.21,28.58,27.81,78.29,2.06,2.82,1.84,99.93
20240625,1.7,5.3052,4.2994,2.0729,0.58,28.68,29.27,28.04,75.25,1.58,2.12,1.41,99.86
20240626,1.29,4.9562,3.7606,1.9891,0.54,28.97,29.96,28.05,78.71,1.59,2.86,1.42,99.79
20240627,12.09,4.6166,2.8351,2.2594,0.5,28.37,29.05,27.12,76.82,3.04,5.02,2.64,99.95
20240628,1.24,4.7618,3.211,2.249,0.52,28.66,29.24,28.1,76.4,1.8,2.83,1.65,100.03
20240629,4.1,4.3246,2.6568,2.1221,0.47,28.07,28.74,27.43,80.41,3.1,4.81,2.72,100.13
20240630,2.36,3.6612,0.144,2.7876,0.4,28.33,28.96,27.82,77.75,1.87,2.89,1.67,100.13
20240701,1.31,4.6476,2.6376,2.2373,0.5,28.72,29.35,28.04,74.28,1.18,1.82,1.1,99.99
20240702,2.96,3.996,1.7143,2.1269,0.43,28.48,28.93,28.14,79.23,1.89,2.93,1.73,99.96
20240703,11.33,5.4247,4.9668,1.765,0.59,28.48,28.85,28.08,82.53,3.42,4.55,2.99,100.04
20240704,1.27,5.0323,3.762,2.0988,0.55,28.78,29.74,28.11,78.6,1.94,2.95,1.74,100.09
20240705,6.92,5.3417,4.0174,2.0777,0.58,28.16,28.67,27.55,84.25,3.41,4.32,3.0,99.91
20240706,8.71,4.6255,1.6951,2.6455,0.5,28.0,28.2,27.78,79.27,2.99,4.29,2.63,99.88
20240707,9.62,4.9896,3.4152,2.2054,0.54,28.29,29.04,27.59,76.85,2.47,4.68,2.18,99.94
20240708,13.28,4.6277,1.7863,2.6165,0.5,27.79,28.59,27.19,81.55,3.14,4.75,2.76,99.93
20240709,2.95,4.2427,1.0044,2.8385,0.46,29.37,30.38,28.38,68.19,1.94,3.86,1.72,99.98
20240710,7.15,4.1796,1.6279,2.4672,0.45,27.65,28.38,27.2,80.17,3.73,4.15,3.27,100.3
20240711,2.1,5.6861,5.178,1.7976,0.61,27.81,28.4,27.32,77.54,2.46,3.97,2.14,100.16
20240712,3.31,4.237,1.6651,2.6561,0.46,27.68,28.26,27.15,80.13,2.18,3.25,1.92,99.97
20240713,7.19,5.0868,3.9151,2.1046,0.55,27.93,28.4,27.32,81.1,3.23,4.26,2.82,99.9
20240714,0.72,3.6919,0.3806,2.6112,0.4,28.14,28.78,27.51,78.13,2.88,3.79,2.52,99.93
20240715,1.42,4.8734,2.3863,2.6954,0.52,27.89,28.43,27.25,79.79,2.52,3.08,2.24,99.95
20240716,1.65,4.7849,2.7528,2.3662,0.51,27.79,28.17,27.38,81.1,3.03,3.95,2.67,99.97
20240717,2.33,4.5595,1.8679,2.5702,0.49,28.16,28.82,27.65,79.77,2.37,2.89,2.08,100.0
20240718,1.04,5.3866,3.9626,2.2483,0.58,28.57,29.31,27.58,78.57,3.09,3.79,2.7,100.05
20240719,0.7,5.4067,4.1335,2.167,0.58,28.6,29.3,28.04,78.72,2.17,2.84,1.94,99.95
20240720,0.41,5.6738,4.6423,2.1142,0.6,28.44,29.07,28.01,80.53,1.13,2.12,1.0,100.02
20240721,0.3,5.4454,3.2873,2.9141,0.58,28.65,29.5,27.66,80.6,2.92,3.69,2.57,100.1
20240722,0.23,5.7257,4.5754,2.2608,0.61,28.62,29.06,28.01,83.9,4.28,4.95,3.7,100.17
20240723,0.29,5.3146,4.4333,2.064,0.56,28.67,29.18,28.05,80.97,4.4,5.15,3.8,100.16
20240724,0.09,5.4593,4.6399,2.2596,0.58,28.53,29.1,27.97,78.38,4.91,5.97,4.2,100.05
20240725,0.41,6.1954,6.3722,1.6762,0.65,28.57,29.3,27.87,75.62,4.09,4.69,3.54,99.94
20240726,0.3,5.8526,6.066,2.3448,0.62,28.4,29.18,27.51,79.31,4.47,5.07,3.85,99.95
20240727,0.07,5.3926,3.7728,2.5658,0.57,28.65,29.45,27.91,78.45,3.4,3.83,2.97,100.01
20240728,0.73,5.6191,3.943,2.4643,0.59,28.54,29.08,27.83,81.19,3.02,3.41,2.65,99.98
20240729,1.98,4.9529,2.1802,2.6863,0.52,28.53,29.34,27.85,78.83,1.95,2.23,1.74,99.89
20240730,4.17,5.2896,3.433,2.2726,0.56,28.52,29.27,27.95,78.14,1.86,2.72,1.67,99.99
20240731,24.02,4.1083,1.1491,2.5075,0.43,27.85,28.29,27.46,83.84,3.02,4.07,2.65,100.16
20240801,15.79,4.4482,1.249,2.7518,0.47,28.04,28.81,26.64,76.01,1.68,2.28,1.48,100.17
20240802,2.37,4.7141,2.6518,2.2159,0.49,28.67,29.32,28.06,79.23,2.39,3.16,2.16,100.04
20240803,39.44,4.8026,2.7307,2.4259,0.5,28.13,28.74,27.31,86.57,4.07,6.53,3.55,100.12
20240804,9.58,4.7122,1.757,2.5392,0.49,27.75,28.08,27.47,84.53,3.21,4.98,2.8,100.14
20240805,15.91,4.3462,2.767,2.1214,0.45,27.87,28.73,26.68,81.79,2.54,3.76,2.27,100.04
20240806,16.69,4.5446,2.7269,2.1912,0.47,27.62,28.16,26.97,82.77,1.71,2.74,1.5,100.0
20240807,8.2,4.3363,1.5533,2.4451,0.45,27.76,28.38,26.93,79.07,1.21,2.16,1.1,100.04
20240808,4.56,4.2631,1.2254,2.7475,0.44,28.58,29.88,27.11,79.61,2.16,3.49,1.92,100.04
20240809,4.06,3.9026,1.325,2.3222,0.4,28.75,29.51,28.23,81.93,2.72,3.53,2.41,100.01
20240810,33.19,4.1611,1.2991,2.4518,0.43,28.06,28.6,27.7,86.42,3.54,4.6,3.13,99.98
20240811,48.57,3.8899,1.4642,2.2668,0.4,27.41,27.75,27.15,89.71,4.42,5.39,3.79,99.87
20240812,14.38,5.7828,4.6046,2.1216,0.59,27.9,28.8,26.93,83.33,3.22,5.57,2.83,99.88
20240813,3.79,4.8144,2.8903,2.267,0.49,28.27,29.24,27.0,81.86,3.55,4.38,3.11,99.91
20240814,1.52,4.9985,2.9609,2.5344,0.51,28.97,30.23,27.77,78.35,2.6,4.08,2.32,99.88
20240815,4.68,4.1844,1.445,2.3842,0.43,28.91,30.01,28.4,81.39,3.74,5.87,3.27,99.82
20240816,33.44,4.1484,1.1395,2.3522,0.42,28.21,28.88,27.59,84.0,4.46,6.26,3.88,99.83
20240817,12.86,3.9792,1.8778,2.0587,0.4,28.32,29.06,27.43,83.46,4.29,6.24,3.73,99.9
20240818,9.88,3.9775,1.5914,2.1086,0.4,28.61,29.33,27.72,84.28,5.72,7.62,4.88,99.93
20240819,38.73,4.4407,2.1641,2.257,0.45,28.18,28.87,27.68,84.67,5.58,7.77,4.75,99.93
20240820,17.02,2.8375,0.4488,1.9786,0.29,27.53,27.95,27.16,85.61,6.71,8.32,5.67,100.09
20240821,2.43,4.9968,1.6183,2.9477,0.5,28.4,29.5,27.23,78.21,1.71,4.04,1.58,100.07
20240822,50.32,3.9823,0.8294,2.4809,0.4,28.39,29.19,27.25,82.2,2.3,4.12,2.08,100.1
20240823,58.67,2.6431,0.473,1.7114,0.27,27.28,28.39,26.55,88.08,5.5,8.82,4.69,100.22
20240824,34.34,3.6703,0.3998,2.5423,0.37,26.82,27.45,26.28,87.68,4.8,6.62,4.12,100.24
20240825,11.0,4.8473,1.8166,2.6875,0.49,27.05,27.83,26.27,86.44,2.31,3.19,2.06,100.1
20240826,25.59,4.507,1.9814,2.3782,0.45,27.07,27.35,26.71,89.05,3.71,6.33,3.18,100.07
20240827,23.03,3.2621,0.4877,2.1528,0.33,26.82,27.41,26.01,78.85,4.16,7.81,3.56,100.29
20240828,1.53,5.2027,1.6325,3.0638,0.52,27.63,28.54,26.98,76.76,2.63,4.24,2.3,100.23
20240829,1.22,5.2788,2.2778,2.628,0.53,27.8,28.52,27.28,80.74,2.64,3.41,2.34,100.16
20240830,3.59,4.6462,0.9768,2.8834,0.46,27.86,28.76,27.04,80.36,3.3,4.47,2.89,100.15
20240831,0.92,4.7998,1.697,2.7142,0.48,27.98,29.05,26.81,74.88,2.49,4.42,2.19,100.06
20240901,0.58,5.4389,2.8937,2.6393,0.54,28.17,28.85,27.77,80.16,2.28,2.8,2.03,99.98
20240902,3.37,5.2037,2.4091,2.7264,0.51,28.11,28.47,27.48,85.21,3.46,4.22,3.01,100.06
20240903,3.74,5.304,2.0045,3.0233,0.52,28.24,28.66,27.81,84.24,4.42,5.27,3.79,100.15
20240904,7.36,3.3502,0.1442,2.4434,0.33,28.02,28.5,27.6,81.16,3.64,4.7,3.16,100.09
20240905,2.28,4.9613,1.7827,2.8934,0.49,27.93,28.66,27.11,80.9,3.64,4.35,3.17,99.99
20240906,2.54,5.0047,1.321,3.2702,0.49,27.74,28.6,26.65,82.76,3.56,4.25,3.12,99.97
20240907,40.11,5.2958,3.4637,2.3525,0.52,28.24,29.74,27.28,83.17,2.71,3.86,2.42,100.01
20240908,24.28,4.7242,1.8533,2.4922,0.46,28.01,28.86,27.14,85.88,4.34,5.44,3.75,100.1
20240909,31.21,2.4869,0.4418,1.5674,0.24,27.33,27.88,26.67,80.11,2.23,6.8,1.91,100.1
20240910,2.83,3.9458,0.5275,2.663,0.39,27.22,28.0,26.12,76.96,1.58,2.56,1.41,100.08
20240911,1.35,3.7742,1.6654,2.0114,0.37,27.9,28.76,27.19,76.95,2.51,3.8,2.21,100.1
20240912,5.46,3.7478,0.8839,2.484,0.37,26.21,26.94,25.31,79.58,1.22,2.82,1.09,100.26
20240913,2.33,5.0388,3.2357,2.1545,0.49,27.46,28.27,26.7,74.1,1.82,2.93,1.59,100.14
20240914,8.86,5.1835,2.3112,2.6933,0.51,27.55,28.24,26.96,81.08,3.5,4.29,3.04,100.05
20240915,15.89,5.003,1.4016,3.1226,0.49,27.09,27.75,26.55,82.17,2.28,2.98,2.0,100.07
20240916,11.33,4.903,1.3488,2.9669,0.48,26.46,27.02,25.84,83.68,3.27,4.01,2.86,100.14
20240917,17.68,2.7216,0.2534,1.8346,0.26,26.58,27.16,25.89,83.7,3.46,5.28,3.02,100.05
20240918,4.99,3.9955,1.8946,2.1048,0.39,27.46,28.04,26.73,78.69,5.16,5.59,4.42,99.94
20240919,1.6,4.3193,1.2173,2.6962,0.42,27.59,28.17,26.94,79.11,3.97,4.62,3.43,99.93
20240920,2.53,4.1906,0.6312,2.8145,0.41,27.52,28.09,27.18,80.03,3.85,5.04,3.33,99.94
20240921,1.56,5.3374,1.6075,3.2446,0.52,27.63,28.33,26.69,77.33,1.84,2.33,1.62,99.96
20240922,0.28,5.9628,3.6564,2.6962,0.58,28.13,28.57,27.61,76.85,1.45,1.96,1.29,99.96
20240923,1.62,4.7594,2.7257,2.2992,0.46,28.43,29.28,27.9,76.61,1.26,2.13,1.13,100.01
20240924,3.75,5.3381,2.1322,2.778,0.52,28.32,29.32,27.42,77.21,2.34,3.16,2.07,100.06
20240925,7.77,4.9862,2.1658,2.484,0.48,28.23,28.73,27.71,80.51,1.88,2.76,1.71,100.04
20240926,4.79,4.2012,1.1042,2.5956,0.41,28.38,28.96,28.05,78.53,1.65,2.47,1.49,100.06
20240927,5.85,5.3028,2.8687,2.4394,0.51,28.74,29.84,27.74,77.04,3.36,3.84,2.93,99.99
20240928,39.56,3.8419,0.7226,2.3395,0.37,27.69,28.57,27.16,84.43,3.41,5.54,3.02,100.06
20240929,88.68,4.4335,0.5654,3.1486,0.43,27.28,27.98,26.73,85.38,3.89,4.83,3.43,100.12
20240930,24.4,4.9445,2.1821,2.6515,0.48,27.59,28.68,26.59,82.76,2.86,3.94,2.56,100.02
20241001,26.08,4.4146,0.9058,2.9686,0.43,27.81,28.61,27.27,80.86,2.94,3.92,2.63,99.99
20241002,18.62,4.7671,2.263,2.351,0.46,27.6,27.93,27.18,82.7,2.51,3.4,2.26,100.0
20241003,8.59,4.482,1.5446,2.5284,0.43,27.89,28.94,26.97,83.66,2.87,4.65,2.56,100.03
20241004,67.0,3.8854,0.5398,2.5428,0.37,27.63,28.64,26.94,84.57,4.84,5.88,4.2,100.03
20241005,16.37,4.4246,1.1575,2.5704,0.43,26.79,27.14,26.29,88.3,3.65,5.3,3.21,100.09
20241006,9.82,4.9524,1.7458,2.7984,0.48,27.1,27.76,26.16,82.05,2.55,3.46,2.25,100.11
20241007,36.83,4.867,1.7112,2.7974,0.47,26.85,27.48,26.57,84.55,2.56,3.92,2.25,100.2
20241008,3.5,5.0218,2.2812,2.5466,0.48,27.61,28.47,26.58,80.38,1.66,2.52,1.51,100.14
20241009,8.37,5.5027,3.1346,2.5752,0.53,27.93,28.67,27.41,81.14,2.11,3.05,1.91,100.02
20241010,8.02,4.2074,0.6576,2.6856,0.41,27.78,28.68,26.99,84.97,2.75,6.29,2.41,99.92
20241011,14.88,4.8077,0.9118,3.1702,0.46,27.19,27.7,26.68,87.22,4.46,6.56,3.85,99.94
20241012,40.59,4.4062,0.9266,2.8469,0.42,27.22,27.64,26.93,86.71,4.78,6.18,4.12,100.04
20241013,34.77,4.6133,0.4658,3.1006,0.44,26.44,26.92,26.05,89.0,5.37,6.69,4.6,100.11
20241014,11.88,6.1394,4.1107,2.9964,0.59,26.84,27.36,26.16,83.44,4.17,5.74,3.62,100.13
20241015,6.27,4.3709,1.41,2.5039,0.42,26.79,27.56,25.76,81.05,2.77,5.05,2.43,100.17
20241016,0.72,4.807,1.469,2.8531,0.46,27.84,28.84,27.23,78.62,2.59,4.08,2.27,100.17
20241017,7.06,5.3316,2.5464,2.7914,0.51,27.5,28.28,27.05,82.52,2.91,4.17,2.53,100.23
20241018,0.44,5.3249,3.2609,2.3887,0.51,27.97,28.69,27.07,76.02,2.25,3.13,1.97,100.17
20241019,0.72,6.2513,5.2195,2.1977,0.6,27.87,28.32,27.27,77.53,2.05,2.66,1.81,100.2
20241020,0.88,5.9995,5.2906,1.9102,0.58,27.39,27.82,26.82,78.8,2.19,3.21,1.95,100.3
20241021,0.09,6.324,5.3474,2.1485,0.61,27.95,28.5,27.59,75.74,1.58,2.01,1.41,100.19
20241022,0.79,6.3391,5.5354,1.9942,0.61,27.41,27.8,27.02,80.59,1.65,2.35,1.45,100.16
20241023,1.2,5.9047,2.9285,3.2174,0.57,27.78,28.53,26.76,79.48,1.88,2.68,1.67,100.13
20241024,1.45,5.8834,3.289,3.0475,0.57,28.12,28.73,27.51,79.42,2.55,2.95,2.23,100.15
20241025,1.71,5.4713,2.118,3.4601,0.53,27.71,28.11,27.26,79.6,2.03,2.69,1.78,100.2
20241026,0.24,5.8685,3.7543,2.7336,0.57,28.2,28.88,27.4,74.66,1.92,2.53,1.68,100.15
20241027,1.01,5.9309,4.5478,2.5049,0.58,28.38,29.05,27.76,73.77,2.06,2.72,1.8,100.04
20241028,0.91,5.9177,5.0515,2.215,0.58,28.62,29.37,27.9,73.26,2.32,3.1,2.02,100.05
20241029,1.49,6.3972,5.5162,2.2639,0.62,28.77,29.39,28.17,75.22,2.13,2.94,1.86,100.13
20241030,4.04,5.8068,4.5204,2.13,0.57,28.4,28.84,27.95,80.41,2.76,3.43,2.4,100.15
20241031,13.89,4.7062,0.9962,3.0506,0.46,27.63,28.32,26.31,83.7,2.74,3.66,2.39,100.14
20241101,3.28,5.4072,3.1692,2.4852,0.53,27.54,28.5,26.04,80.63,3.12,4.25,2.74,100.15
20241102,10.83,3.8798,0.384,2.6254,0.38,26.65,27.65,26.17,85.32,2.82,3.54,2.49,100.27
20241103,1.99,5.7197,3.6238,2.4871,0.56,26.95,27.74,25.81,78.92,2.15,2.59,1.9,100.22
20241104,8.08,5.5966,2.6614,2.879,0.55,27.36,27.92,26.67,74.36,1.59,2.47,1.42,100.13
20241105,10.54,4.7028,1.8977,2.5159,0.46,27.24,28.48,25.7,75.22,2.64,3.22,2.32,100.18
20241106,2.65,4.513,0.6893,3.1346,0.44,26.86,27.75,25.47,75.84,2.13,3.63,1.91,100.19
20241107,8.2,4.5754,1.0512,2.9186,0.45,26.68,26.95,26.45,80.03,1.77,2.9,1.59,100.21
20241108,1.42,5.7168,3.043,2.9839,0.56,27.72,28.63,26.81,78.35,2.35,3.57,2.09,100.11
20241109,5.05,4.9344,2.8402,2.489,0.48,27.98,28.73,27.46,80.08,2.51,3.94,2.2,100.1
20241110,8.51,5.0846,1.9363,2.9035,0.5,26.78,27.62,26.16,82.33,2.13,3.14,1.88,100.15
20241111,3.22,5.203,3.1982,2.3294,0.51,26.8,27.26,26.35,84.05,2.31,3.27,2.01,100.08
20241112,7.19,5.4905,2.2826,3.3163,0.54,27.1,27.86,25.97,81.37,2.02,3.08,1.77,99.99
20241113,9.53,5.095,1.8946,2.8438,0.5,27.64,28.33,26.81,82.34,2.7,3.51,2.39,99.91
20241114,36.25,4.2883,1.6306,2.4629,0.42,27.41,27.82,26.75,85.95,3.77,4.75,3.31,99.95
20241115,11.64,4.7266,1.4436,3.0797,0.47,27.21,27.9,26.22,83.58,2.78,3.91,2.46,99.98
20241116,50.83,4.4549,0.9667,2.8157,0.44,27.02,27.65,26.37,85.5,3.21,4.11,2.81,99.88
20241117,32.42,4.3361,0.8088,3.083,0.43,27.07,27.6,26.17,89.26,3.76,6.36,3.29,99.83
20241118,5.83,4.6104,1.1102,2.9976,0.46,27.6,28.74,26.94,82.58,3.21,7.09,2.85,99.85
20241119,5.54,4.721,0.7702,3.2388,0.47,27.92,28.92,26.86,77.88,1.49,2.46,1.4,99.91
20241120,12.88,4.1786,1.1455,2.723,0.41,27.17,27.53,26.85,87.26,3.06,4.65,2.73,99.84
20241121,39.46,3.4582,0.2837,2.4859,0.34,26.91,27.47,26.51,89.63,4.19,5.7,3.63,99.86
20241122,14.37,4.7328,1.123,3.4529,0.47,26.7,27.38,25.96,84.1,2.18,4.49,1.93,99.92
20241123,5.84,3.5309,0.3874,2.4641,0.35,26.7,27.58,26.12,84.94,2.36,4.18,2.08,99.96
20241124,13.8,3.4615,0.1351,2.5378,0.34,26.86,27.45,25.89,83.42,1.35,2.66,1.2,99.95
20241125,2.87,5.305,1.9598,3.5426,0.53,27.61,28.05,27.16,80.81,1.78,3.38,1.58,99.87
20241126,4.77,4.9073,1.5864,3.1253,0.49,27.25,28.07,26.48,84.55,5.42,6.62,4.64,99.87
20241127,2.95,3.6082,0.2486,2.6182,0.36,27.77,28.73,26.29,80.06,4.4,7.66,3.8,99.84
20241128,4.22,4.3709,0.9197,2.9508,0.44,27.21,27.98,26.85,82.36,2.32,3.05,2.09,99.95
20241129,2.79,3.2292,0.1678,2.351,0.32,27.55,28.38,27.13,72.96,1.58,3.11,1.4,99.97
20241130,4.98,5.1266,1.3956,3.5486,0.51,27.21,28.02,26.34,82.4,2.75,4.81,2.4,100.0
20241201,13.88,5.8219,4.5223,3.265,0.58,26.83,27.77,25.81,83.53,2.9,4.02,2.55,99.98
20241202,18.75,3.1351,0.1166,2.3174,0.31,26.61,27.22,25.78,86.95,5.19,8.33,4.41,100.01
20241203,11.11,3.2006,0.2011,2.3671,0.32,26.62,27.39,25.95,84.52,4.36,4.87,3.77,100.07
20241204,29.02,3.787,0.9946,2.6018,0.38,26.85,27.45,26.06,82.21,4.36,5.54,3.78,100.1
20241205,18.88,3.9902,0.211,2.9798,0.4,26.41,27.01,25.94,82.5,4.06,5.55,3.51,100.09
20241206,2.26,3.8496,0.6014,2.724,0.39,27.2,28.21,26.56,78.2,3.37,3.92,2.92,100.0
20241207,6.55,3.809,0.4913,2.7718,0.38,27.3,28.17,26.39,84.37,4.78,5.48,4.1,99.95
20241208,9.79,5.003,3.672,2.3268,0.5,27.72,28.56,26.97,84.37,6.22,7.48,5.26,99.94
20241209,15.33,4.9882,2.6861,2.8644,0.5,27.87,28.43,27.52,83.23,5.9,6.96,4.99,99.92
20241210,7.16,5.4415,3.3958,2.6558,0.55,27.66,28.43,27.01,82.51,5.57,6.38,4.73,99.91
20241211,8.67,3.9017,1.0716,2.3952,0.39,27.22,28.06,26.41,84.07,5.45,7.2,4.65,99.9
20241212,21.77,3.6994,1.6253,2.1396,0.37,27.3,27.88,26.49,83.32,4.68,5.62,4.02,99.89
20241213,4.74,3.3497,0.1286,2.489,0.34,27.21,28.02,26.29,76.25,4.21,4.93,3.65,99.98
20241214,11.49,4.4086,2.3621,2.4043,0.44,27.18,27.76,26.53,83.05,3.65,4.43,3.18,100.0
20241215,8.06,4.4292,0.6686,3.2158,0.45,26.87,27.53,26.05,81.61,1.33,2.12,1.17,100.11
20241216,5.07,4.6085,0.8609,3.3302,0.46,27.63,28.56,26.85,80.19,1.8,3.63,1.58,100.09
20241217,7.15,5.0578,2.3837,2.9786,0.51,27.31,28.72,25.33,77.68,2.75,3.66,2.42,100.09
20241218,6.18,4.2461,1.5737,2.5284,0.43,27.67,28.15,27.14,79.1,4.27,5.18,3.68,100.1
20241219,8.73,3.8983,0.7637,2.6719,0.39,27.53,28.44,26.84,79.86,3.02,3.98,2.65,100.11
20241220,9.79,4.2034,1.8547,2.5846,0.42,26.93,28.13,26.32,83.46,3.61,4.49,3.17,100.14
20241221,4.16,5.2344,2.2433,3.3367,0.53,26.81,27.42,26.0,85.0,3.62,4.43,3.18,100.09
20241222,13.82,5.1838,2.0126,3.259,0.52,27.42,28.43,26.42,83.4,3.2,3.64,2.8,100.04
20241223,18.69,1.4208,0.1774,1.0433,0.14,26.62,27.05,25.97,87.17,5.08,8.43,4.34,100.13
20241224,30.59,2.9086,0.323,2.119,0.29,26.96,27.72,26.43,83.24,4.85,6.69,4.17,100.11
20241225,5.88,5.4341,4.2821,2.3378,0.55,27.33,28.1,26.21,80.93,2.79,3.55,2.48,100.14
20241226,5.43,4.8511,1.4815,2.9974,0.49,28.25,29.36,27.29,74.42,1.99,2.56,1.76,100.18
20241227,3.11,5.387,3.4685,2.5697,0.54,28.25,29.09,27.73,77.46,2.01,2.55,1.75,100.23
20241228,1.87,5.2987,4.0445,2.4811,0.53,27.88,28.67,27.26,78.38,1.57,2.64,1.39,100.18
20241229,2.76,4.2178,1.915,2.2471,0.42,27.9,28.52,27.5,79.17,1.77,2.28,1.57,100.15
20241230,1.2,4.0721,0.2722,3.047,0.41,27.23,27.59,26.86,81.84,1.71,2.33,1.53,100.24
20241231,0.13,5.7528,5.1403,1.9937,0.58,27.84,28.94,26.56,72.94,2.68,3.54,2.38,100.17
20250101,1.51,5.7487,3.888,2.5277,0.58,27.5,27.95,27.14,76.42,1.52,2.07,1.35,100.09
20250102,1.25,4.9937,3.1822,2.3782,0.5,27.31,28.13,26.55,79.77,1.61,2.65,1.43,100.05
20250103,0.48,4.805,1.0428,3.1704,0.48,27.53,28.16,26.93,77.24,2.07,2.7,1.84,100.07
20250104,0.52,5.6945,3.2177,3.2045,0.57,27.92,28.8,27.32,72.99,1.42,2.49,1.27,100.05
20250105,0.92,4.7184,1.9594,2.6789,0.47,28.07,28.89,27.39,76.45,2.1,3.79,1.86,100.01
20250106,5.79,2.6645,0.2374,1.8842,0.27,27.75,28.68,27.14,79.99,2.94,6.15,2.57,100.11
20250107,57.39,4.4244,0.965,2.8056,0.44,26.91,27.17,26.58,84.83,5.25,6.6,4.52,100.12
20250108,6.46,4.9733,2.0054,2.694,0.5,27.37,28.13,26.44,82.22,3.39,4.48,2.99,100.06
20250109,12.82,4.3704,0.5587,3.0034,0.44,27.57,27.89,27.26,84.01,4.49,5.3,3.89,100.08
20250110,13.86,4.7503,1.0706,3.1826,0.47,27.5,27.87,27.12,81.46,3.42,4.1,3.03,100.18
20250111,14.04,3.427,0.6389,2.2123,0.34,26.29,27.0,25.93,86.42,2.6,3.55,2.32,100.24
20250112,18.4,2.7893,0.1262,2.1086,0.28,26.25,26.89,25.62,85.51,2.54,3.44,2.29,100.12
20250113,17.61,2.7379,0.1795,2.0846,0.27,26.61,27.52,25.61,83.29,2.2,3.13,2.01,100.05
20250114,24.86,3.931,0.8762,2.7247,0.39,26.63,27.09,25.86,85.58,2.3,3.18,2.11,100.06
20250115,40.23,2.9436,0.2573,2.1401,0.29,26.72,27.91,25.18,80.7,2.58,4.36,2.33,100.09
20250116,39.0,4.4856,2.5202,2.3462,0.44,26.68,27.38,25.76,81.21,2.13,2.94,1.92,100.05
20250117,56.26,3.3737,0.2894,2.4732,0.33,26.61,27.16,26.25,86.51,3.12,4.48,2.8,100.02
20250118,6.65,3.6053,0.125,2.7706,0.36,27.0,27.75,25.87,78.83,2.61,4.38,2.33,99.95
20250119,18.56,4.0351,0.8102,2.5022,0.4,26.67,27.29,26.27,85.41,4.03,5.2,3.52,99.9
20250120,19.43,3.7846,0.1368,2.8142,0.37,27.57,28.18,26.62,77.32,3.01,4.38,2.65,99.88
20250121,24.4,3.0463,0.1392,2.3081,0.3,26.65,27.21,25.83,86.99,4.41,5.55,3.83,99.93
20250122,8.94,3.589,0.1406,2.7398,0.35,26.67,27.65,25.24,80.1,2.02,2.87,1.83,99.97
20250123,15.94,3.4217,0.4577,2.3256,0.34,27.04,27.57,26.5,81.49,2.3,2.94,2.09,99.96
20250124,17.53,3.4294,0.2366,2.5121,0.34,26.75,27.17,26.53,85.01,3.12,3.69,2.78,99.89
20250125,60.47,3.3538,0.2266,2.3779,0.33,26.25,27.06,25.41,85.01,2.8,3.34,2.49,100.02
20250126,8.1,5.592,3.8414,3.1824,0.55,26.69,27.46,25.67,80.66,1.93,2.68,1.71,99.98
20250127,9.99,3.9274,0.395,2.6683,0.38,27.38,28.13,26.7,75.92,1.98,3.02,1.76,99.92
20250128,7.31,3.5174,0.1207,2.6189,0.34,27.7,29.06,25.96,75.55,2.89,4.03,2.55,100.01
20250129,3.47,4.4806,1.4179,2.7418,0.44,28.24,29.23,27.35,74.83,2.27,2.91,2.01,100.07
20250130,5.33,5.0263,2.1151,3.0175,0.49,27.88,29.08,27.04,76.79,2.2,4.05,1.97,99.98
20250131,4.39,5.382,2.8968,2.6227,0.52,27.49,27.75,27.13,77.08,2.49,3.29,2.24,99.93
20250201,3.34,5.7754,2.8771,3.1082,0.56,27.58,28.53,26.85,79.92,3.71,4.58,3.24,99.92
20250202,1.93,5.8447,2.9383,3.1723,0.57,27.47,28.11,26.36,79.59,4.52,5.77,3.91,99.95
20250203,1.03,5.561,2.1605,3.319,0.54,28.24,28.96,27.64,77.86,3.04,3.88,2.7,99.95
20250204,3.71,4.8353,0.9137,3.301,0.47,27.79,28.57,27.26,79.19,2.27,3.37,2.03,100.02
20250205,4.89,3.7966,0.3307,2.7398,0.37,26.75,27.16,26.48,79.81,1.97,2.6,1.74,100.02
20250206,2.07,4.9862,2.9952,2.3359,0.48,27.32,28.75,25.51,77.55,2.66,3.75,2.36,99.96
20250207,4.3,3.8875,1.0601,2.3842,0.38,27.98,28.5,27.48,80.06,3.03,4.12,2.65,99.96
20250208,5.61,2.0278,0.3194,1.4491,0.2,27.93,28.5,27.32,81.79,2.65,3.65,2.36,99.94
20250209,2.37,4.5086,1.6063,2.6938,0.43,28.28,29.37,27.41,77.57,1.49,2.42,1.35,99.93
20250210,0.12,4.9193,0.7819,3.3338,0.47,28.49,29.97,27.33,73.05,1.89,2.82,1.65,100.0
20250211,0.47,5.5687,2.1828,3.1562,0.54,28.61,30.25,27.41,73.44,2.71,3.64,2.34,100.08
20250212,1.23,5.3405,2.3218,3.0254,0.51,28.52,29.64,27.81,76.04,2.43,3.12,2.16,100.15
20250213,2.47,5.2651,2.5759,2.7547,0.51,28.45,29.33,27.92,81.33,3.14,4.19,2.76,100.13
20250214,4.63,4.5895,0.3919,3.3511,0.44,28.37,29.28,27.75,80.19,3.99,4.57,3.46,100.07
20250215,7.26,5.371,3.5659,2.4314,0.51,27.75,28.57,26.86,81.62,2.86,3.64,2.5,100.06
20250216,3.75,4.3934,0.4802,3.1015,0.42,26.97,27.55,26.31,80.66,1.83,3.37,1.63,100.14
20250217,9.96,5.383,2.2404,2.8462,0.51,27.49,27.78,27.19,79.25,2.15,3.08,1.91,100.18
20250218,29.3,4.075,0.4505,2.7526,0.39,27.08,27.64,25.76,82.48,2.72,4.03,2.4,100.21
20250219,14.48,4.3906,0.6271,2.8894,0.42,26.97,28.1,25.23,75.91,2.2,3.66,1.97,100.21
20250220,9.7,5.0993,1.6102,3.0286,0.49,28.32,29.58,27.31,73.97,2.11,3.55,1.81,100.07
20250221,14.54,4.0819,0.5822,2.5313,0.39,27.59,28.09,26.67,80.9,2.48,3.66,2.17,100.18
20250222,15.01,4.374,0.3098,3.197,0.42,26.55,27.11,25.78,84.03,2.31,3.49,2.03,100.24
20250223,8.49,4.0951,0.1205,3.036,0.39,27.12,28.09,26.3,81.01,2.84,3.48,2.52,100.26
20250224,3.39,4.6675,0.8743,2.9417,0.44,26.91,27.55,25.98,80.63,1.98,2.82,1.75,100.25
20250225,4.47,3.4488,0.3024,2.3887,0.33,27.48,28.31,26.12,75.18,1.52,2.47,1.39,100.29
20250226,9.65,4.1981,1.7273,2.2536,0.4,28.12,29.26,26.83,77.17,1.85,2.8,1.68,100.18
20250227,37.87,2.4151,0.1714,1.6493,0.23,27.31,27.86,26.69,81.77,1.42,2.19,1.29,100.15
20250228,5.18,5.4842,2.8114,2.6626,0.52,28.18,29.51,26.94,76.67,1.57,2.8,1.42,100.02
20250301,9.21,3.5374,1.1669,2.0808,0.34,27.28,27.92,26.48,84.37,1.69,4.56,1.51,99.97
20250302,9.44,3.9547,0.7913,2.4953,0.38,28.2,28.59,27.71,77.17,2.01,3.11,1.82,99.87
20250303,108.59,4.1162,1.135,2.3669,0.39,27.57,28.33,27.33,85.27,3.1,5.49,2.68,99.9
20250304,5.87,4.561,1.549,2.586,0.43,27.86,28.87,26.71,82.83,2.56,3.95,2.24,99.91
20250305,13.53,3.4025,1.3306,1.7376,0.32,27.3,27.87,26.86,86.35,3.64,6.33,3.19,99.93
20250306,22.69,3.643,0.5782,2.46,0.35,27.22,27.98,26.29,86.75,5.79,8.45,4.93,100.08
20250307,8.15,5.3558,1.7861,3.4752,0.51,26.53,27.23,25.91,83.99,2.92,3.96,2.58,100.07
20250308,11.18,4.422,0.7193,3.0084,0.42,27.63,28.29,26.67,77.69,3.28,4.89,2.86,99.95
20250309,1.65,4.9114,1.3498,2.8274,0.47,28.56,29.36,27.66,72.83,2.5,3.27,2.25,100.0
20250310,4.11,4.5108,0.6641,2.9798,0.43,28.94,29.93,28.08,73.63,1.32,2.29,1.21,100.02
20250311,16.05,4.2451,1.2151,2.4905,0.4,28.61,29.27,27.93,78.44,1.71,3.33,1.56,99.95
20250312,26.11,4.3637,1.0171,2.5594,0.41,28.25,29.3,27.58,79.82,2.05,3.51,1.84,99.94
20250313,45.48,4.5281,1.3315,2.6834,0.43,27.65,28.56,27.09,80.12,2.66,3.85,2.35,99.99
20250314,20.85,3.9014,0.4013,2.5373,0.37,26.73,27.17,26.3,81.96,2.51,3.51,2.25,100.11
20250315,6.69,4.7597,1.7501,2.6213,0.45,27.98,28.83,27.01,72.5,2.06,3.16,1.83,100.1
20250316,3.77,5.9952,3.8028,2.5097,0.57,27.64,28.54,26.91,81.56,2.44,3.55,2.14,100.04
20250317,14.09,4.2679,0.6566,2.8039,0.41,26.87,27.33,26.52,84.72,4.43,5.37,3.85,100.1
20250318,6.66,4.9442,0.9955,3.0982,0.47,27.16,28.14,25.85,78.18,5.31,7.14,4.59,100.21
20250319,23.2,2.9292,0.3444,1.973,0.28,26.63,27.32,25.86,83.83,4.01,5.4,3.5,100.33
20250320,11.27,3.6024,0.2078,2.5663,0.34,26.94,28.12,25.88,79.42,3.11,4.44,2.73,100.36
20250321,1.03,4.4213,1.9363,2.2015,0.42,28.46,29.99,26.92,71.73,2.74,4.7,2.4,100.23
20250322,6.5,1.835,0.055,1.3963,0.18,27.74,28.54,27.5,81.62,2.05,2.56,1.88,100.22
20250323,8.84,4.2022,0.7766,2.6498,0.4,27.95,28.92,27.15,81.74,2.58,3.62,2.3,100.18
20250324,3.24,4.7232,1.5535,2.7235,0.45,28.07,28.99,27.2,85.3,3.86,4.76,3.36,100.06
20250325,2.58,5.7408,2.3374,3.2844,0.55,28.09,28.74,27.46,84.99,4.18,5.06,3.63,99.87
20250326,1.05,5.8154,3.4313,2.6222,0.56,27.92,28.5,27.49,83.71,3.5,4.28,3.06,99.8
20250327,28.16,4.6267,2.2855,2.3542,0.44,28.2,28.87,27.45,82.96,5.29,8.2,4.47,99.82
20250328,28.9,4.4242,0.5986,3.234,0.42,28.07,28.49,27.5,81.52,6.56,7.57,5.52,99.92
20250329,13.74,5.1394,1.032,3.569,0.49,28.31,28.89,27.79,80.81,4.47,5.37,3.83,99.92
20250330,9.72,4.3118,0.8765,2.8601,0.41,27.7,28.19,27.3,83.21,3.39,3.95,2.96,100.06
20250331,14.32,5.1631,1.1474,3.533,0.5,27.52,28.11,27.05,82.05,3.2,3.82,2.81,100.06
20250401,8.42,6.0547,4.9399,2.1871,0.58,27.56,28.48,26.73,82.16,2.8,3.61,2.46,100.0
20250402,5.57,4.639,0.4582,3.2381,0.45,27.41,28.2,26.46,81.99,2.65,3.85,2.36,100.06
20250403,1.52,4.831,0.8371,3.1334,0.47,27.93,28.87,27.05,77.58,1.96,3.28,1.74,100.1
20250404,18.2,4.6661,1.8912,2.4372,0.45,27.88,28.4,27.14,81.35,3.02,4.29,2.62,100.08
20250405,20.77,3.4483,0.0684,2.5985,0.33,26.95,27.41,26.56,87.1,3.31,4.62,2.92,100.09
20250406,5.69,3.769,1.8742,1.9586,0.37,27.38,28.57,26.32,81.48,2.28,2.93,2.04,100.03
20250407,11.26,4.1918,0.8652,2.5466,0.41,26.41,27.15,25.48,84.77,2.33,4.35,2.09,100.21
20250408,9.06,4.6958,1.277,2.7602,0.46,28.23,29.59,27.04,78.8,3.14,4.32,2.76,100.17
20250409,6.5,4.6183,1.7719,2.5831,0.45,28.13,28.82,27.73,81.54,2.93,4.06,2.58,100.12
20250410,6.32,5.4072,3.0533,2.4358,0.53,27.75,28.06,27.42,80.13,2.64,3.35,2.31,100.03
20250411,19.82,4.7722,1.2278,3.1637,0.47,27.81,28.63,27.2,82.74,3.88,5.09,3.38,100.04
20250412,15.21,5.04,2.597,2.5418,0.49,27.63,28.14,26.84,85.39,4.8,5.38,4.16,100.08
20250413,14.52,4.3406,0.786,2.7667,0.43,27.23,27.81,26.86,85.7,5.14,7.37,4.39,100.15
20250414,5.87,5.8123,4.4988,2.0028,0.57,27.98,28.88,26.69,72.57,1.26,2.6,1.12,100.12
20250415,10.39,5.0498,2.7547,2.3921,0.5,27.33,28.28,26.54,79.48,3.65,5.38,3.18,100.22
20250416,12.09,5.4492,4.1489,2.262,0.54,27.93,28.72,26.33,77.58,4.38,5.11,3.75,100.14
20250417,11.49,4.2298,0.785,2.766,0.42,28.21,28.71,27.51,77.53,5.31,6.04,4.51,100.11
20250418,2.32,6.9158,6.985,1.5521,0.68,28.64,29.34,27.98,76.26,5.07,6.31,4.31,100.02
20250419,9.04,5.5793,3.6653,2.7386,0.55,27.81,28.31,27.13,80.72,5.69,7.9,4.82,100.0
20250420,8.05,5.0071,1.9087,2.7588,0.5,27.94,28.69,27.08,79.6,4.65,5.76,3.98,100.03
20250421,11.02,5.3186,3.1898,2.4953,0.53,28.11,28.86,27.56,78.25,2.66,3.86,2.34,100.16
20250422,14.29,5.1458,3.157,2.3239,0.51,27.44,28.07,26.84,79.09,1.71,3.21,1.52,100.26
20250423,12.82,4.71,1.2175,2.9995,0.47,26.99,27.76,26.37,79.27,1.82,2.55,1.61,100.27
20250424,6.89,5.0856,2.4482,2.7168,0.51,27.14,27.97,25.98,77.07,2.02,2.57,1.8,100.17
20250425,0.51,6.0523,4.4021,2.6698,0.61,27.7,28.57,27.0,75.12,1.16,1.89,1.03,100.07
20250426,1.56,4.9735,1.4899,2.9215,0.5,27.96,28.88,27.05,77.04,1.59,2.31,1.44,100.05
20250427,6.04,5.0743,3.551,2.1139,0.51,28.07,28.4,27.68,82.85,2.71,3.86,2.41,100.04
20250428,13.49,3.1243,0.2952,2.3033,0.32,27.79,28.14,27.31,86.91,4.58,5.72,3.94,99.98
20250429,2.13,5.304,3.5422,2.2913,0.54,27.39,27.86,26.67,82.42,1.89,3.52,1.67,99.94
20250430,5.44,3.9439,1.2182,2.357,0.4,27.54,27.64,27.36,81.9,2.05,2.78,1.8,99.96
20250501,9.66,4.2886,1.4443,2.5174,0.44,27.5,28.18,26.83,81.01,1.89,2.65,1.67,100.06
20250502,8.66,4.6435,1.4028,2.5651,0.47,27.9,28.5,27.14,79.53,2.34,2.78,2.06,100.03
20250503,3.65,5.203,3.1001,2.4982,0.53,28.29,29.0,27.67,78.4,2.19,2.92,1.93,99.97
20250504,2.46,4.9162,2.507,2.5469,0.5,28.44,29.1,27.93,78.18,2.43,3.12,2.12,99.92
20250505,2.12,5.4634,3.383,2.4694,0.56,28.29,28.65,28.01,78.39,1.77,2.18,1.57,99.96
20250506,1.68,5.6035,4.5487,2.0489,0.58,28.46,29.14,27.95,80.76,2.33,3.2,2.07,99.94
20250507,3.95,5.4317,4.134,2.1024,0.56,28.33,29.06,27.63,81.44,2.13,2.7,1.88,99.87
20250508,7.27,4.5288,2.5193,2.1816,0.47,28.55,28.93,28.11,79.18,3.13,4.63,2.72,99.93
20250509,2.92,5.0398,1.9183,3.1874,0.52,28.33,28.79,27.92,78.68,2.93,4.81,2.56,99.99
20250510,8.84,4.783,2.885,2.2123,0.49,27.79,28.54,26.82,83.34,2.8,3.56,2.47,99.98
20250511,33.64,3.8844,1.0908,2.5178,0.4,27.24,28.07,26.45,87.92,3.96,6.15,3.43,99.91
20250512,11.08,5.4749,3.113,3.0694,0.57,27.92,28.33,27.31,83.64,4.62,6.78,3.99,99.85
20250513,12.44,5.3357,4.2274,2.1221,0.55,27.76,28.21,27.32,84.69,5.25,6.4,4.51,99.92
20250514,8.46,4.841,2.0657,2.574,0.5,27.88,28.37,27.24,79.66,2.79,3.57,2.45,100.06
20250515,2.19,5.0602,3.7942,2.0388,0.53,27.81,28.49,26.99,79.01,1.52,2.31,1.36,100.03
20250516,10.69,3.629,0.6226,2.4922,0.38,26.98,27.44,26.59,82.65,1.68,2.69,1.51,100.06
20250517,1.58,5.1631,3.6946,2.4182,0.54,28.03,28.84,27.04,81.95,2.79,4.06,2.46,99.95
20250518,2.55,5.4091,2.7552,2.8243,0.57,28.23,28.79,27.77,83.07,2.28,3.19,2.03,99.94
20250519,1.37,5.6597,4.9046,1.8653,0.59,28.27,29.03,27.55,81.27,1.6,3.34,1.42,99.89
20250520,1.91,4.771,3.1378,2.1665,0.5,28.58,29.39,28.0,83.78,4.22,4.72,3.65,99.89
20250521,4.86,5.3695,4.4153,1.9541,0.57,28.37,28.97,27.89,80.1,2.94,4.25,2.56,99.98
20250522,11.96,5.346,3.2726,2.5985,0.56,28.25,29.07,27.4,78.4,2.66,3.47,2.33,99.99
20250523,10.91,4.632,3.7234,1.9303,0.49,27.16,27.81,25.93,78.11,2.67,3.66,2.36,99.96
20250524,3.33,5.0136,3.8146,2.1504,0.53,28.04,28.6,27.42,80.36,2.71,3.19,2.37,99.9
20250525,5.42,5.1938,3.6593,2.2536,0.55,28.36,28.99,27.91,82.42,4.14,5.71,3.57,99.99
20250526,2.08,5.5831,4.7554,2.9047,0.59,28.53,29.12,27.94,81.05,5.02,5.89,4.29,100.03
20250527,0.28,5.8349,5.2207,1.9685,0.62,28.77,29.66,28.18,76.14,4.27,5.32,3.67,100.01
20250528,0.75,4.6102,2.7907,2.3594,0.49,28.49,29.22,27.96,80.04,1.95,3.37,1.75,99.99
20250529,0.92,4.4854,1.8067,2.6861,0.48,28.0,28.57,27.56,79.46,1.48,2.67,1.34,100.11
20250530,1.3,4.9082,2.5666,2.3767,0.53,28.28,29.43,27.25,77.49,1.81,3.45,1.61,100.13
20250531,4.43,1.9142,0.4601,1.3176,0.21,28.29,28.79,27.63,79.21,1.85,3.59,1.63,100.23
20250601,2.81,5.5498,4.3462,2.1679,0.6,28.5,29.0,27.81,80.56,2.64,3.12,2.33,100.24
20250602,4.62,5.7595,5.1019,1.9723,0.62,28.59,29.07,28.19,81.12,1.97,2.35,1.75,100.14
20250603,3.61,5.1509,3.8254,2.2848,0.55,27.96,28.31,27.63,81.77,1.83,2.5,1.61,100.13
20250604,9.84,5.0906,2.9239,2.6302,0.55,27.83,28.22,27.41,83.36,2.43,3.62,2.14,100.21
20250605,12.53,4.8415,2.256,2.7118,0.52,27.43,27.68,27.05,83.32,3.21,4.28,2.8,100.22
20250606,21.47,5.1254,2.4096,3.0586,0.55,27.14,27.48,26.78,83.91,3.24,3.86,2.85,100.25
20250607,3.92,4.1438,2.3856,2.2486,0.45,27.99,28.79,26.95,78.65,4.49,5.37,3.86,100.23
20250608,7.05,5.117,4.2965,1.9661,0.55,27.88,28.28,27.46,82.67,5.9,7.03,5.01,100.14
20250609,14.04,5.0402,2.911,2.6088,0.55,27.67,27.91,27.33,82.95,5.83,7.52,4.96,100.1
20250610,9.3,2.9736,0.0475,2.2884,0.32,27.35,27.77,26.84,81.53,5.87,7.77,5.0,100.1
20250611,2.52,5.6347,4.7851,2.4413,0.61,28.09,28.77,27.43,74.7,1.65,4.2,1.44,99.91
20250612,1.86,5.1977,3.2407,2.4103,0.56,28.37,29.2,27.71,74.59,1.73,2.83,1.51,99.96
20250613,0.9,4.9594,3.8897,2.0172,0.54,28.42,29.15,27.96,74.94,1.42,3.07,1.25,100.05
20250614,2.37,4.6728,2.3124,2.6928,0.51,28.76,29.2,28.09,75.76,1.7,2.9,1.55,100.0
20250615,5.74,5.058,4.23,1.909,0.55,28.93,30.08,27.92,77.73,1.79,2.92,1.6,99.94
20250616,27.69,4.313,1.7633,2.4415,0.47,27.59,28.51,27.06,84.97,4.69,8.08,4.06,100.07
20250617,14.19,2.8399,0.3926,1.7983,0.31,27.09,27.29,26.65,82.76,5.94,7.59,5.08,100.29
20250618,1.54,4.3387,1.1302,2.7907,0.47,28.01,28.74,27.2,72.3,3.04,4.51,2.65,100.21
20250619,1.41,4.6092,2.8315,2.4545,0.5,28.12,28.75,27.66,73.31,1.79,2.29,1.57,100.12
20250620,2.3,5.8831,5.4787,1.974,0.64,28.23,28.81,27.47,77.7,3.1,3.75,2.69,100.16
20250621,1.62,5.7007,5.6652,1.7791,0.62,28.09,28.43,27.61,79.86,3.88,4.19,3.35,100.17
20250622,3.82,5.4262,5.3887,1.764,0.59,27.61,28.02,27.11,79.41,2.01,3.88,1.77,100.17
20250623,2.37,5.0275,3.0802,2.5973,0.55,28.06,28.81,27.08,75.17,3.44,5.02,3.02,100.07
20250624,2.24,5.3414,4.7453,2.0662,0.58,28.38,28.84,27.89,78.15,4.0,5.3,3.49,100.09
20250625,0.33,5.0669,3.611,2.4401,0.55,28.29,28.93,27.74,74.59,2.62,3.42,2.3,100.17
20250626,1.28,5.8193,4.6022,2.2452,0.63,28.38,29.09,27.78,76.63,3.27,4.1,2.89,100.08
20250627,1.38,5.7761,4.7222,2.1686,0.63,28.23,28.77,27.78,78.96,2.54,3.42,2.27,100.06
20250628,5.22,4.2482,2.1929,2.1929,0.46,27.75,28.11,27.46,80.19,2.87,3.9,2.55,100.14
20250629,0.1,4.6267,3.0298,2.3345,0.5,28.05,28.92,27.07,70.98,2.16,3.56,1.89,99.98
20250630,1.1,5.0227,4.2235,2.039,0.55,27.76,28.14,27.03,79.28,3.04,4.2,2.64,99.93
20250701,0.64,5.687,5.6016,1.7674,0.62,27.9,28.21,27.54,78.68,2.86,4.51,2.51,100.04
20250702,0.48,5.0386,2.6815,2.8589,0.55,27.78,28.17,27.5,75.2,1.17,2.12,1.05,100.11
20250703,0.63,4.7618,2.1478,2.4722,0.52,28.08,28.76,27.51,75.5,1.92,2.25,1.74,100.12
20250704,1.61,4.1522,2.2834,2.0741,0.45,27.63,28.21,27.13,80.33,2.07,2.56,1.84,100.16
20250705,7.07,4.0954,0.5911,2.5759,0.44,27.51,28.25,27.01,78.51,1.37,2.68,1.22,100.15
20250706,10.81,3.7212,2.5133,1.7294,0.4,27.14,27.69,26.46,78.84,1.94,2.65,1.73,100.18
20250707,5.6,5.1314,3.397,2.4065,0.56,27.98,28.71,27.38,75.31,1.54,2.39,1.38,100.12
20250708,15.58,5.1238,3.0598,2.6011,0.55,27.36,27.72,26.86,81.6,1.55,2.79,1.36,100.19
20250709,22.76,5.4072,4.7947,1.9973,0.58,27.13,27.7,26.4,78.11,2.15,2.61,1.9,100.21
20250710,1.08,4.7731,4.7458,1.7393,0.51,27.51,28.01,27.06,77.45,1.82,2.4,1.61,99.98
20250711,3.48,4.4561,1.3241,2.6366,0.48,27.44,27.98,26.81,80.42,2.85,3.89,2.48,99.91
20250712,2.44,4.831,2.0467,2.8963,0.52,27.75,28.44,27.29,78.1,2.16,3.64,1.89,99.98
20250713,8.81,4.4964,1.715,3.0142,0.48,26.83,27.4,25.99,84.94,3.28,5.52,2.88,100.07
20250714,21.82,2.7456,0.4061,1.8701,0.29,27.12,27.53,26.41,85.02,5.56,7.96,4.74,100.16
20250715,2.46,4.6339,1.3702,2.783,0.5,27.07,27.81,26.49,81.23,3.25,4.36,2.87,100.12
20250716,0.94,5.6227,4.621,2.1115,0.6,27.29,27.95,26.32,78.99,1.39,2.29,1.21,100.08
20250717,0.17,5.6525,3.9101,2.5831,0.61,27.93,28.37,27.54,75.81,1.97,2.93,1.75,100.1
20250718,0.03,6.3139,6.1063,1.9164,0.67,28.11,28.86,27.25,73.67,2.32,3.37,2.02,100.04
20250719,0.14,5.568,4.1568,2.7235,0.59,28.38,29.0,27.82,71.3,2.38,3.23,2.08,99.91
20250720,3.04,5.478,4.0526,2.412,0.58,28.16,28.85,27.6,74.64,2.81,3.65,2.45,99.93
20250721,1.87,5.0928,3.2854,2.3131,0.54,27.96,28.9,27.13,77.38,2.78,3.9,2.44,100.0
20250722,0.34,5.1823,3.3677,2.3486,0.55,27.61,28.01,27.2,75.72,1.45,1.95,1.26,99.96
20250723,1.59,5.0554,3.7186,2.0779,0.54,27.5,28.13,26.96,78.72,2.33,3.22,2.06,99.91
20250724,2.59,4.3414,2.5992,2.1082,0.46,27.65,28.4,26.89,77.85,1.98,2.96,1.72,99.91
20250725,35.0,3.643,0.8942,2.335,0.39,27.48,27.96,26.98,81.39,2.37,3.27,2.07,100.0
20250726,7.57,2.9568,0.2302,2.0959,0.31,27.89,28.5,27.5,85.01,2.71,3.71,2.38,100.05
20250727,1.1,5.1089,3.7301,2.1096,0.54,28.1,28.83,27.54,80.83,3.09,3.53,2.71,100.08
20250728,2.55,4.4407,2.1425,2.3966,0.47,28.2,28.84,27.54,82.48,3.2,3.93,2.81,99.99
20250729,8.48,3.6682,2.339,1.7621,0.39,28.67,29.29,28.06,83.03,3.02,3.48,2.65,99.98
20250730,8.38,3.1282,0.5458,2.2349,0.33,27.77,28.24,27.0,86.34,2.32,3.4,2.05,100.07
20250731,3.86,4.8552,1.5521,3.1795,0.51,27.45,28.24,26.78,78.59,2.28,3.34,2.01,100.07
20250801,21.82,3.6965,0.7562,2.4374,0.39,27.48,28.15,26.96,80.54,2.39,4.13,2.11,100.03
20250802,13.59,4.5972,2.1967,2.3501,0.48,27.83,28.52,27.21,82.79,4.39,5.2,3.77,100.09
20250803,6.98,5.4024,3.0924,2.7348,0.56,27.77,28.13,27.18,80.4,1.65,2.44,1.48,100.1
20250804,7.33,4.579,2.1401,2.533,0.48,28.33,29.0,27.44,77.76,3.29,4.25,2.88,100.12
20250805,3.18,4.6898,2.1922,2.7036,0.49,28.05,29.21,27.1,73.43,2.54,3.6,2.25,100.1
20250806,4.67,5.1031,4.2914,1.9286,0.53,27.81,28.38,27.43,75.48,1.86,2.58,1.63,100.1
20250807,26.3,4.4386,2.383,2.1324,0.46,26.96,27.87,25.81,80.5,2.19,4.13,1.96,100.12
20250808,26.54,2.9798,1.1438,1.8288,0.31,26.57,26.84,26.37,84.26,1.99,3.49,1.77,100.23
20250809,32.2,5.4629,3.546,2.3081,0.56,28.15,29.75,26.58,75.93,2.38,3.97,2.1,100.2
20250810,8.73,4.194,1.181,2.5987,0.43,26.6,27.66,25.57,86.59,4.43,6.47,3.81,100.25
20250811,26.88,3.8038,0.2705,2.7286,0.39,26.1,26.45,25.71,83.82,2.97,5.05,2.63,100.21
20250812,9.68,5.2814,2.7914,2.5954,0.54,26.86,27.45,26.41,79.4,2.0,3.36,1.79,100.11
20250813,2.79,5.2382,2.4125,2.6371,0.54,26.37,26.82,25.86,77.6,1.9,3.16,1.69,100.24
20250814,3.48,4.6238,1.7167,2.5284,0.47,26.84,27.7,26.03,77.97,1.75,2.46,1.57,100.16
20250815,7.84,4.3346,0.8621,2.8982,0.44,26.74,27.47,26.0,77.2,1.1,1.66,0.99,100.02
20250816,0.86,4.2698,0.6545,2.9196,0.43,27.33,28.29,26.17,74.96,1.56,2.51,1.42,99.95
20250817,2.63,4.0442,1.601,2.2793,0.41,27.93,28.81,27.19,74.97,2.44,3.18,2.18,99.99
20250818,2.21,4.9267,1.6778,2.7744,0.5,27.88,28.71,27.28,75.0,1.6,2.45,1.45,100.14
20250819,1.25,5.34,2.424,2.7948,0.54,27.63,28.3,26.87,74.89,1.4,2.04,1.26,100.19
20250820,1.35,4.8444,1.7455,2.7372,0.49,27.41,28.01,26.91,77.46,2.41,3.12,2.13,100.19
20250821,0.69,5.1559,2.2457,2.8975,0.52,27.22,28.1,26.56,76.42,1.69,2.82,1.5,100.25
20250822,2.19,6.7843,6.9533,1.5521,0.68,27.19,27.91,26.5,79.01,2.52,3.41,2.21,100.19
20250823,4.74,4.2329,1.7083,2.3486,0.43,27.36,28.06,26.67,78.7,3.1,3.56,2.72,100.13
20250824,4.83,4.5262,0.6706,3.1846,0.45,26.13,27.06,25.34,81.03,2.54,3.44,2.24,100.27
20250825,1.73,5.6945,3.4966,2.5918,0.57,27.14,28.17,26.06,75.5,2.6,3.18,2.28,100.23
20250826,1.71,6.1476,5.7943,1.8425,0.62,27.37,28.08,26.64,78.2,1.96,2.84,1.72,100.18
20250827,1.6,5.1917,2.7233,2.4626,0.52,28.0,29.17,27.12,74.68,1.66,2.73,1.48,100.11
20250828,25.54,4.8511,1.4765,2.8709,0.48,27.26,27.65,26.64,81.88,3.16,4.69,2.77,100.18
20250829,36.17,4.9128,2.0218,2.6112,0.49,26.84,27.35,26.48,82.7,3.09,4.93,2.68,100.25
20250830,8.18,4.3277,0.8162,2.8092,0.43,26.64,27.13,26.02,86.73,2.6,3.74,2.23,100.2
20250831,3.14,4.6097,2.4209,2.3544,0.46,26.71,27.55,26.02,84.35,3.12,4.65,2.74,100.1
20250901,2.98,3.6934,0.5083,2.6441,0.37,26.34,26.78,25.96,78.8,1.76,3.59,1.56,100.06
20250902,7.43,4.1976,0.5513,2.8154,0.42,27.26,28.14,26.65,79.76,2.85,4.71,2.53,100.05
20250903,12.15,5.0215,2.5682,2.4641,0.5,27.48,28.55,26.56,76.7,2.98,4.78,2.65,100.09
20250904,48.0,4.6742,2.238,2.4041,0.46,27.15,27.89,26.27,83.67,4.11,5.47,3.6,100.08
20250905,10.0,3.8136,0.3948,2.6842,0.38,27.0,27.59,25.86,86.23,5.57,7.47,4.75,100.12
20250906,3.95,4.699,2.6731,2.1874,0.46,26.84,27.42,25.84,84.74,3.38,4.16,2.96,100.2
20250907,6.54,4.5125,0.6154,3.0106,0.44,27.08,27.63,26.32,83.07,4.81,5.8,4.14,100.15
20250908,1.17,5.6263,2.4979,2.9592,0.55,27.82,28.67,26.84,77.6,4.47,6.43,3.86,100.1
20250909,1.98,4.8838,0.571,3.5287,0.48,27.7,28.33,27.1,76.15,2.25,2.88,2.03,100.19
20250910,9.34,5.1694,2.479,2.5975,0.51,27.95,29.07,26.98,76.78,3.3,5.24,2.89,100.07
20250911,14.74,4.4002,1.0428,2.8678,0.43,27.02,27.81,26.68,81.66,4.69,5.8,4.05,100.14
20250912,9.25,4.0826,0.7622,2.7785,0.4,26.42,26.9,25.76,82.95,3.47,4.45,3.06,100.24
20250913,18.69,3.816,0.264,2.7722,0.37,26.32,26.9,25.61,83.81,3.01,3.94,2.66,100.3
20250914,7.16,3.9806,1.818,2.107,0.39,26.3,27.04,25.72,83.02,2.18,2.77,1.92,100.28
20250915,6.24,5.3635,2.4708,2.9887,0.52,26.76,27.64,25.91,80.95,2.57,4.04,2.26,100.27
20250916,13.88,4.3178,0.5112,2.9959,0.42,26.34,26.89,25.88,86.6,4.69,6.54,4.03,100.25
20250917,3.73,4.0567,0.3934,2.8126,0.39,26.48,27.34,25.52,79.55,1.66,2.93,1.48,100.21
20250918,1.35,6.215,4.9025,2.1773,0.6,27.38,28.3,26.62,78.65,2.76,3.78,2.42,100.13
20250919,1.94,5.1365,2.3246,2.6268,0.5,27.37,28.07,26.7,79.55,1.7,2.39,1.5,100.14
20250920,11.06,3.8736,1.3762,2.257,0.38,27.03,27.41,26.55,84.82,2.67,4.72,2.35,100.12
20250921,5.06,5.4353,3.1034,2.4492,0.53,27.71,28.95,26.48,77.09,2.69,5.07,2.36,100.08
20250922,4.48,5.2452,3.2899,2.3165,0.51,28.06,28.84,27.39,80.34,2.32,2.93,2.08,100.09
20250923,19.63,5.3803,2.2159,2.9981,0.52,27.42,28.04,26.98,81.99,1.49,2.27,1.32,100.14
20250924,25.07,4.3582,1.7858,2.2862,0.42,26.99,27.69,26.49,85.09,4.99,6.39,4.27,100.19
20250925,4.97,4.2432,1.5859,2.3558,0.41,26.62,27.33,26.05,82.52,4.31,5.59,3.73,100.22
20250926,2.13,5.5373,2.9422,2.6424,0.54,27.37,28.17,26.37,79.15,2.1,3.67,1.89,100.11
20250927,4.39,4.421,1.4311,2.5454,0.43,27.59,28.48,26.87,80.0,1.66,2.61,1.49,100.11
20250928,22.06,2.5164,0.6206,1.6507,0.24,26.43,26.77,25.9,88.32,3.5,5.06,3.04,100.2
20250929,4.08,3.9852,0.6878,2.7694,0.38,26.49,27.18,25.8,81.01,1.82,3.26,1.6,100.18
20250930,2.53,5.7247,2.9206,3.2206,0.55,27.61,28.88,26.27,72.91,1.54,2.34,1.38,100.08
20251001,3.12,5.0974,1.9186,2.7838,0.49,27.7,28.26,27.19,77.58,1.67,3.06,1.51,100.07
20251002,1.18,5.057,2.6184,2.3515,0.49,27.54,28.76,25.92,70.58,2.01,3.27,1.77,100.12
20251003,3.3,3.8707,1.3135,2.1965,0.37,27.06,27.94,25.97,77.98,2.8,4.24,2.47,100.34
20251004,0.53,6.4543,4.1093,2.741,0.62,28.59,30.31,26.56,64.14,3.29,4.59,2.87,100.29
20251005,4.27,4.6954,2.0926,2.305,0.45,28.27,29.26,27.22,78.59,3.43,4.23,3.0,100.32
20251006,7.03,4.9894,1.5115,3.2203,0.48,27.73,28.27,26.84,80.06,3.22,3.62,2.84,100.34
20251007,4.57,4.8271,1.331,2.7341,0.47,27.16,27.97,26.15,76.7,2.84,3.89,2.49,100.4
20251008,0.08,5.9758,3.247,2.8488,0.58,27.29,28.35,26.29,73.0,2.08,3.11,1.84,100.29
20251009,1.95,4.5821,0.4649,3.3024,0.44,27.45,27.74,27.09,77.04,1.87,2.45,1.64,100.23
20251010,3.56,5.262,1.5456,3.2237,0.51,27.84,28.48,27.35,75.82,2.28,2.74,1.99,100.16
20251011,9.69,5.6542,3.4692,2.4353,0.54,27.46,27.97,26.9,79.41,2.58,4.04,2.27,100.09
20251012,12.4,2.3244,0.0742,1.7275,0.22,27.02,27.34,26.73,83.26,3.34,4.19,2.92,100.05
20251013,1.3,5.5289,2.4792,2.7686,0.53,27.74,28.89,26.61,78.57,2.37,3.24,2.12,99.97
20251014,4.78,5.053,2.9486,2.4115,0.49,28.32,29.14,27.65,76.98,1.4,2.5,1.32,99.86
20251015,2.91,4.9058,3.3228,2.0909,0.47,28.51,29.89,27.21,77.7,1.08,2.16,0.99,99.69
20251016,42.6,4.4678,0.4404,3.2578,0.43,28.36,29.06,27.69,80.63,2.31,4.35,2.0,99.77
20251017,53.48,3.4956,0.371,2.3772,0.34,27.63,27.95,27.21,88.32,5.22,6.32,4.5,99.73
20251018,31.13,5.1017,3.0226,2.2092,0.49,27.4,27.97,26.99,88.63,2.06,3.61,1.78,99.68
20251019,15.38,3.8033,0.5592,2.6057,0.37,27.33,28.46,26.45,86.15,5.78,7.53,4.92,99.72
20251020,16.89,3.7692,0.2938,2.5649,0.36,27.73,28.8,26.59,81.71,5.3,8.53,4.52,99.74
20251021,2.23,5.9167,3.7049,3.1598,0.57,27.83,28.71,26.88,81.77,6.19,8.47,5.23,99.88
20251022,2.28,4.4935,0.7178,3.145,0.43,27.85,28.55,26.65,78.2,4.7,6.44,4.06,99.98
20251023,2.17,5.3561,1.6666,3.3307,0.52,27.89,28.42,27.28,76.72,2.17,2.38,1.93,100.07
20251024,10.86,4.7376,0.977,3.1584,0.46,27.46,28.1,26.61,77.22,3.2,5.16,2.77,100.16
20251025,6.75,5.9234,3.5938,2.6419,0.57,27.52,27.9,27.08,75.64,3.44,5.33,2.96,100.19
20251026,2.9,5.8097,3.3403,3.0775,0.56,27.91,28.63,27.3,72.87,2.26,3.55,1.95,100.17
20251027,1.21,5.7382,2.6448,3.1898,0.56,27.69,28.32,27.06,75.4,1.19,2.04,1.03,100.18
20251028,0.93,6.4414,4.6913,2.5092,0.63,27.7,28.3,27.08,76.46,1.37,2.58,1.2,100.22
20251029,0.82,4.6774,0.6648,3.4082,0.45,27.89,28.43,27.39,75.83,1.97,2.51,1.71,100.18
20251030,1.64,6.8693,6.5933,1.8799,0.67,28.06,28.81,27.25,76.44,2.18,2.59,1.9,100.17
20251031,1.69,6.059,4.3339,2.706,0.59,28.43,29.05,27.81,76.1,2.62,3.27,2.29,100.22
20251101,1.79,6.4884,6.1229,1.8482,0.63,28.26,28.85,27.64,79.07,3.41,3.79,2.97,100.2
20251102,2.46,5.8728,4.1419,2.3537,0.57,28.11,28.71,27.63,78.24,2.95,4.0,2.57,100.23
20251103,8.74,6.5249,5.3522,2.4694,0.64,27.98,28.51,27.41,81.73,4.25,6.31,3.68,100.17
20251104,11.15,5.4422,2.353,3.5738,0.53,27.38,27.99,26.58,82.63,6.71,9.63,5.65,100.24
20251105,4.24,4.7129,0.9842,3.0835,0.46,27.11,28.08,26.0,79.99,3.58,6.6,3.09,100.13
20251106,9.8,4.1748,0.5587,3.1229,0.41,27.12,27.53,26.68,83.96,4.19,5.01,3.61,100.1
20251107,26.83,5.2567,1.3308,3.4663,0.52,27.4,28.24,26.57,76.82,4.88,5.36,4.17,100.18
20251108,8.23,5.5198,4.075,2.3172,0.54,27.56,28.04,26.97,78.84,3.79,4.73,3.27,100.2
20251109,5.81,4.8523,1.0896,3.5599,0.48,27.36,27.91,26.8,81.49,3.59,4.52,3.12,100.12
20251110,11.69,3.991,0.2779,2.899,0.39,27.34,28.03,26.61,80.78,5.18,6.26,4.44,100.14
20251111,25.82,3.6005,0.5189,2.6453,0.35,27.34,28.03,26.98,80.02,6.58,7.58,5.55,100.21
20251112,5.73,5.1382,1.1237,3.623,0.51,27.29,27.51,26.95,79.55,4.17,5.73,3.6,100.24
20251113,1.93,5.6976,2.6138,3.2885,0.56,27.83,28.5,27.16,78.45,3.95,4.5,3.42,100.21
20251114,2.46,5.1019,3.6329,2.3741,0.5,28.0,29.05,27.15,79.16,4.19,4.71,3.62,100.07
20251115,9.67,5.1468,1.9786,3.0192,0.51,28.05,28.88,27.45,80.57,3.82,4.78,3.3,100.06
20251116,37.51,3.8858,0.439,2.7149,0.38,27.17,27.48,26.86,84.91,3.79,5.1,3.3,100.14
20251117,42.14,3.5338,0.8482,2.473,0.35,27.09,27.82,26.48,80.87,3.47,5.28,3.04,100.15
20251118,15.27,4.9255,1.1758,3.4471,0.49,27.32,28.11,26.46,83.48,5.78,6.77,4.93,100.02
20251119,16.9,3.4018,0.0386,2.6074,0.34,27.26,27.85,26.82,83.69,5.88,6.46,5.02,100.04
20251120,25.55,4.2161,0.6708,2.9894,0.42,27.03,27.75,26.45,84.58,5.9,6.22,5.03,100.13
20251121,44.46,3.7082,0.0199,2.8301,0.37,26.71,27.19,26.0,87.01,6.25,7.93,5.31,100.15
20251122,32.51,2.8838,0.0914,2.2106,0.29,26.84,27.46,26.26,83.45,6.54,7.82,5.54,100.16
20251123,25.29,3.0089,0.037,2.2966,0.3,27.14,27.51,26.77,83.13,7.16,7.9,6.01,100.08
20251124,57.36,2.4595,0.1498,1.8144,0.24,26.48,26.91,26.14,87.25,5.64,6.73,4.8,100.05
20251125,64.05,2.7048,0.1198,1.9867,0.27,26.02,26.44,25.45,86.84,3.74,5.16,3.25,100.0
20251126,26.94,2.6458,0.3283,1.7959,0.26,27.06,27.69,26.19,86.58,5.91,6.9,4.96,100.01
20251127,32.47,1.2898,0.4464,0.8129,0.13,27.3,27.86,26.66,85.28,6.93,8.12,5.76,100.08
20251128,22.09,2.562,0.029,1.9805,0.26,26.46,26.87,26.07,85.42,4.51,5.74,3.87,100.15
20251129,9.48,5.357,4.4011,2.1744,0.54,26.43,27.12,25.85,82.89,2.03,3.34,1.78,100.14
20251130,25.21,4.2396,0.4651,2.9201,0.42,26.71,27.44,25.99,80.69,1.31,2.1,1.16,100.17
20251201,4.12,5.8627,5.1091,2.0117,0.59,27.28,28.23,26.55,79.76,1.51,2.74,1.34,100.14
20251202,4.89,4.8355,2.016,2.9417,0.48,27.34,28.02,26.78,80.63,1.57,2.29,1.4,100.08
20251203,15.68,5.1787,2.8003,2.6772,0.52,27.76,28.2,27.18,78.02,2.01,3.4,1.76,100.11
20251204,0.15,4.7753,1.2492,2.8181,0.48,27.17,27.78,26.83,81.23,3.05,3.99,2.67,100.16
20251205,1.48,4.446,1.3351,2.6316,0.45,27.49,28.22,26.77,78.74,2.09,2.99,1.87,100.17
20251206,6.12,4.8209,2.2966,2.5219,0.48,26.85,27.3,26.4,82.92,1.42,2.7,1.27,100.12
20251207,55.17,3.8467,1.1028,2.394,0.39,26.79,27.51,26.16,87.76,5.49,7.15,4.71,100.14
20251208,17.95,4.2283,0.4478,3.0312,0.43,25.88,26.17,25.61,85.28,1.83,3.7,1.61,100.18
20251209,60.58,4.0178,0.9228,2.6292,0.4,26.32,27.15,25.56,82.87,1.72,4.53,1.51,100.03
20251210,51.04,1.9805,0.143,1.446,0.2,26.64,27.09,26.04,87.6,5.12,8.08,4.38,100.02
20251211,21.38,3.4378,0.246,2.5306,0.35,26.53,26.96,25.93,84.7,5.0,6.64,4.29,100.04
20251212,11.77,4.0558,1.1225,2.675,0.41,27.26,28.14,26.62,78.61,3.08,4.58,2.68,99.95
20251213,28.6,3.7452,0.3106,2.6112,0.38,26.91,27.47,26.35,74.38,1.85,3.06,1.63,99.98
20251214,11.37,3.697,0.4793,2.6503,0.37,26.03,26.78,25.31,84.33,1.82,2.77,1.62,100.01
20251215,10.31,3.1632,0.383,2.2181,0.32,25.99,26.35,25.37,82.26,1.44,2.39,1.31,100.08
20251216,9.09,4.0697,1.4186,2.3976,0.41,26.13,26.69,25.6,83.39,2.42,3.65,2.13,100.06
20251217,16.64,4.0502,0.5549,2.6897,0.41,26.09,26.29,25.64,86.49,2.85,5.19,2.5,100.1
20251218,5.68,5.22,4.1623,2.2577,0.53,26.74,27.44,25.75,82.5,3.5,5.68,3.06,100.05
20251219,4.21,4.9459,3.8837,2.2783,0.5,27.29,27.98,26.66,82.26,2.83,3.44,2.49,99.93
20251220,5.02,5.1288,3.1637,2.436,0.52,27.2,27.97,26.48,83.69,2.85,3.6,2.52,99.89
20251221,3.66,4.7328,1.3891,2.7926,0.48,27.26,27.85,26.6,83.75,2.41,2.91,2.15,99.9
20251222,2.04,5.2867,3.3,2.4634,0.53,27.72,28.56,27.05,81.9,2.27,3.48,2.02,99.88
20251223,1.08,5.4746,4.2835,2.0518,0.55,27.9,28.86,27.0,78.14,2.66,3.53,2.36,99.9
20251224,4.03,4.469,2.0635,2.3614,0.45,27.65,28.47,26.76,78.51,1.99,2.93,1.76,99.86
20251225,16.47,3.39,0.8318,2.0287,0.34,27.03,27.88,26.3,85.83,4.06,5.02,3.53,99.94
20251226,19.26,4.9224,1.5967,3.3377,0.5,26.8,27.45,26.31,83.56,2.82,5.04,2.48,99.98
20251227,3.58,4.3229,0.48,3.2227,0.43,26.79,27.63,25.74,81.9,1.2,2.28,1.05,100.03
20251228,17.06,3.5378,0.1399,2.695,0.36,26.62,26.87,26.27,84.66,2.77,3.86,2.47,100.12
20251229,13.34,4.5785,1.6025,2.7139,0.46,27.17,27.93,26.41,78.89,1.79,3.14,1.59,100.07
20251230,10.87,2.9568,0.5438,1.9716,0.3,27.57,28.41,26.95,80.78,3.12,5.95,2.7,99.96
20251231,16.64,5.5831,3.6403,3.2573,0.56,27.26,27.85,26.82,84.27,3.94,5.92,3.42,99.93
20260101,31.6,4.7983,0.7992,3.5554,0.48,26.73,27.37,25.94,86.03,3.57,4.58,3.12,100.0
20260102,60.89,1.6186,0.2659,1.1167,0.16,26.26,26.88,25.77,86.66,5.14,6.81,4.41,100.21
20260103,22.73,5.0712,1.7518,3.1147,0.51,25.8,26.35,25.38,85.45,3.13,4.03,2.78,100.25
20260104,3.55,4.6063,0.978,2.971,0.46,26.84,27.72,25.63,74.32,1.83,2.4,1.64,100.24
20260105,0.36,4.5298,1.4371,3.2873,0.45,27.68,28.61,26.95,75.49,3.17,3.81,2.79,100.17
20260106,0.91,4.6397,2.2718,2.3779,0.46,28.37,29.76,26.97,74.89,2.32,3.19,2.07,100.07
20260107,7.66,4.7316,2.0263,2.7192,0.47,28.37,29.49,27.29,74.65,2.26,3.12,1.95,100.13
20260108,10.53,2.1492,0.133,1.5682,0.21,27.76,29.17,26.53,78.22,2.24,3.31,1.98,100.18
20260109,20.58,3.4834,0.9982,2.1938,0.35,26.77,27.56,25.93,76.54,2.59,4.61,2.29,100.27
20260110,10.22,4.697,2.2879,2.3758,0.47,26.95,27.6,26.14,74.83,1.54,2.66,1.36,100.27
20260111,3.72,4.7688,2.7134,2.1809,0.48,27.57,28.59,26.75,75.42,1.89,3.12,1.68,100.28
20260112,4.04,4.2746,1.1813,2.6189,0.43,27.29,27.92,26.77,77.19,1.82,2.61,1.64,100.34
20260113,3.68,5.5183,3.8657,2.3628,0.55,27.38,28.45,26.45,79.49,3.04,3.79,2.68,100.28
20260114,6.27,5.3419,2.3009,3.1006,0.53,26.92,27.34,26.5,80.27,1.91,2.94,1.68,100.24
20260115,7.88,4.2778,1.4959,2.7276,0.42,26.95,27.64,26.34,78.63,1.46,2.21,1.29,100.19
20260116,5.62,4.7856,0.9454,3.4675,0.47,27.34,28.27,26.43,78.1,2.3,3.87,2.02,100.06
20260117,12.85,4.427,0.426,3.1493,0.44,27.56,27.98,27.08,79.77,3.72,4.32,3.24,99.94
20260118,2.06,5.9309,4.9164,3.0247,0.59,27.65,28.41,26.92,78.37,2.85,3.34,2.51,99.87
20260119,1.93,4.9692,1.0339,3.6146,0.49,27.91,28.66,27.45,77.38,2.65,3.9,2.33,99.95
20260120,0.73,4.8593,1.1179,3.348,0.48,27.0,27.38,26.5,80.39,1.9,3.4,1.68,100.07
20260121,0.05,5.9705,4.6298,3.001,0.59,27.08,27.92,26.22,75.49,1.32,2.38,1.19,100.14
20260122,0.33,5.6285,2.7883,3.3778,0.55,27.63,28.88,26.83,72.43,2.16,2.64,1.9,100.14
20260123,3.72,5.303,2.1895,3.0096,0.52,27.92,29.18,26.82,74.11,2.76,4.12,2.44,100.22
20260124,4.73,5.7286,2.9482,3.4402,0.56,28.36,29.86,26.99,71.23,3.15,4.97,2.76,100.17
20260125,4.99,5.6143,3.5806,2.7343,0.55,28.49,29.82,27.25,69.63,1.88,3.01,1.68,100.14
20260126,0.96,4.8218,2.5085,2.4763,0.47,28.25,29.51,27.29,73.95,2.17,3.65,1.92,100.17
20260127,5.59,4.2552,0.9211,2.8937,0.42,27.85,28.69,27.07,78.32,1.89,2.96,1.68,100.25
20260128,11.18,3.6862,1.117,2.0954,0.36,27.9,28.58,27.45,74.2,1.82,2.33,1.63,100.28
20260129,5.59,4.2857,1.5156,2.4245,0.42,27.43,27.99,26.9,79.7,2.31,2.99,2.08,100.2
20260130,1.29,4.4021,1.3414,2.6285,0.43,27.67,28.53,26.75,77.63,2.04,3.19,1.83,100.23
20260131,5.62,3.9931,1.8055,2.1132,0.39,27.29,27.73,26.55,82.21,2.73,3.36,2.42,100.28
