# NASA POWER daily point,lat=-2.5547,lon=120.3242,grid_elev_m=658.23,period=19960101-20260131
DATE,PRECTOTCORR,ALLSKY_SFC_SW_DWN,ALLSKY_SFC_SW_DNI,ALLSKY_SFC_SW_DIFF,ALLSKY_KT,T2M,T2M_MAX,T2M_MIN,RH2M,WS10M,WS10M_MAX,WS2M,PS
19960101,45.31,4.2674,-999.0,3.528,-999.0,22.97,25.53,20.93,89.31,1.28,2.11,0.8,93.85
19960102,36.14,4.314,-999.0,3.5352,-999.0,22.76,24.79,21.24,89.35,0.61,1.47,0.4,93.9
19960103,2.04,4.5998,-999.0,3.4656,-999.0,22.69,24.56,21.17,87.29,0.75,1.1,0.47,93.82
19960104,15.03,4.728,-999.0,3.8208,-999.0,22.74,25.49,20.66,88.42,0.67,1.35,0.4,93.67
19960105,3.95,5.0256,-999.0,3.912,-999.0,22.46,25.4,20.09,88.68,0.87,1.81,0.55,93.64
19960106,23.73,5.1934,-999.0,4.2696,-999.0,22.37,24.7,20.92,90.83,1.01,1.76,0.59,93.67
19960107,51.9,4.7897,-999.0,3.024,-999.0,22.48,24.94,20.88,93.22,1.3,2.19,0.77,93.7
19960108,39.52,4.4275,-999.0,3.7728,-999.0,22.73,25.06,21.45,89.49,0.68,1.1,0.43,93.7
19960109,9.89,4.4062,-999.0,3.912,-999.0,22.64,26.05,20.78,88.07,1.2,2.43,0.74,93.68
19960110,0.66,5.5344,-999.0,4.4472,-999.0,23.13,25.12,21.46,83.96,0.97,1.54,0.63,93.71
19960111,0.22,4.9728,-999.0,4.4664,-999.0,23.06,25.55,21.43,87.22,0.91,1.52,0.56,93.69
19960112,19.13,4.0884,-999.0,3.2616,-999.0,22.75,24.49,21.67,90.17,0.94,1.71,0.56,93.69
19960113,3.73,5.4046,-999.0,4.7664,-999.0,23.11,25.14,21.96,85.3,0.82,1.52,0.51,93.67
19960114,0.99,5.4082,-999.0,2.9448,-999.0,23.01,25.29,21.35,90.25,1.27,2.08,0.79,93.62
19960115,2.62,4.9687,-999.0,3.9384,-999.0,23.31,25.53,21.83,90.81,1.37,1.73,0.8,93.62
19960116,4.76,5.3066,-999.0,3.3744,-999.0,23.08,24.4,21.93,91.67,0.89,1.74,0.58,93.6
19960117,4.91,5.3453,-999.0,4.3584,-999.0,23.39,26.73,21.66,91.11,1.87,2.84,1.16,93.57
19960118,8.96,5.2111,-999.0,4.2,-999.0,23.36,25.99,21.74,92.02,1.55,2.03,0.92,93.53
19960119,19.13,4.5502,-999.0,3.5088,-999.0,23.07,25.33,21.66,92.29,1.26,1.61,0.75,93.43
19960120,2.39,5.0052,-999.0,4.6704,-999.0,23.4,25.34,21.86,86.7,0.64,1.23,0.42,93.39
19960121,1.73,6.2093,-999.0,2.7024,-999.0,22.84,24.91,21.67,86.25,1.24,1.98,0.79,93.47
19960122,0.28,5.2908,-999.0,3.9336,-999.0,23.17,25.89,21.31,88.68,1.4,1.96,0.88,93.56
19960123,9.54,5.4794,-999.0,3.3048,-999.0,23.44,26.08,21.58,88.9,1.14,1.79,0.68,93.56
19960124,6.62,5.0594,-999.0,4.6944,-999.0,22.97,25.21,21.55,90.5,0.85,1.44,0.53,93.51
19960125,1.35,5.1859,-999.0,4.5216,-999.0,22.86,25.46,21.0,83.16,1.0,1.49,0.62,93.46
19960126,2.5,4.621,-999.0,4.2576,-999.0,23.57,26.98,21.11,83.2,0.87,1.29,0.56,93.38
19960127,1.14,4.8024,-999.0,4.0272,-999.0,22.96,25.93,20.83,83.58,1.2,1.95,0.75,93.51
19960128,0.36,5.7175,-999.0,3.8448,-999.0,23.46,27.2,20.62,81.63,1.42,1.78,0.88,93.54
19960129,0.42,4.5324,-999.0,4.2432,-999.0,24.05,27.0,21.7,81.81,0.8,1.2,0.52,93.5
19960130,0.77,4.9519,-999.0,4.5264,-999.0,23.52,25.84,21.78,84.7,0.91,1.33,0.58,93.46
19960131,10.58,4.9051,-999.0,3.972,-999.0,23.34,25.55,22.0,89.31,1.06,1.48,0.67,93.48
19960201,3.64,5.2742,-999.0,4.6512,-999.0,23.14,25.4,21.48,89.37,0.86,1.34,0.52,93.46
19960202,4.14,4.7988,-999.0,4.0104,-999.0,24.24,27.74,21.38,81.87,1.0,1.52,0.63,93.35
19960203,4.12,4.1858,-999.0,3.5856,-999.0,23.73,27.2,21.17,87.25,1.07,2.06,0.66,93.35
19960204,12.78,4.7957,-999.0,4.4832,-999.0,22.94,25.45,21.35,88.03,0.8,1.19,0.48,93.48
19960205,16.95,4.2941,-999.0,3.7944,-999.0,23.09,25.61,20.87,88.81,1.4,2.28,0.88,93.54
19960206,70.98,4.1834,-999.0,3.48,-999.0,23.09,25.28,22.01,91.68,0.93,1.28,0.61,93.59
19960207,42.87,5.4866,-999.0,4.8744,-999.0,23.41,25.94,21.65,89.37,1.19,1.77,0.75,93.56
19960208,23.1,5.0251,-999.0,2.8992,-999.0,23.38,25.01,22.3,93.36,1.14,1.5,0.7,93.56
19960209,2.79,4.181,-999.0,3.2832,-999.0,22.87,24.69,21.35,88.81,0.81,1.79,0.49,93.7
19960210,5.39,4.991,-999.0,3.2016,-999.0,23.45,26.48,21.18,87.93,1.27,2.03,0.78,93.66
19960211,13.55,5.3791,-999.0,3.9816,-999.0,23.34,25.13,22.0,91.64,0.78,1.58,0.5,93.6
19960212,16.47,4.7935,-999.0,4.2768,-999.0,23.43,25.44,21.84,88.3,0.89,1.36,0.52,93.58
19960213,20.45,5.323,-999.0,4.4472,-999.0,23.57,25.84,22.18,90.74,1.07,1.41,0.68,93.56
19960214,3.03,5.6808,-999.0,3.2568,-999.0,23.44,24.98,22.21,94.59,1.32,1.97,0.77,93.48
19960215,10.8,5.3201,-999.0,3.6984,-999.0,23.47,25.89,21.52,90.75,1.43,1.95,0.92,93.55
19960216,8.7,5.1674,-999.0,3.7488,-999.0,23.69,26.5,22.21,89.43,1.11,1.8,0.67,93.5
19960217,4.69,5.9071,-999.0,4.3176,-999.0,23.07,24.99,21.47,89.44,1.1,1.71,0.71,93.65
19960218,2.09,6.0958,-999.0,3.3912,-999.0,23.97,26.98,21.36,86.68,1.39,2.32,0.89,93.71
19960219,3.69,5.5726,-999.0,5.0544,-999.0,23.8,25.89,22.16,91.15,1.65,2.42,1.04,93.7
19960220,17.85,4.8295,-999.0,3.9288,-999.0,22.39,23.83,21.47,91.12,0.95,1.85,0.62,93.78
19960221,5.63,5.3249,-999.0,4.116,-999.0,22.37,24.15,20.66,87.77,1.17,1.96,0.73,93.77
19960222,23.94,5.443,-999.0,4.5384,-999.0,23.34,25.96,20.88,80.61,0.84,1.52,0.58,93.8
19960223,61.0,5.3539,-999.0,4.008,-999.0,23.62,26.36,21.81,86.86,1.27,2.43,0.83,93.68
19960224,35.61,6.0326,-999.0,3.5904,-999.0,23.03,25.41,21.36,90.55,0.95,1.36,0.61,93.65
19960225,34.89,4.7203,-999.0,4.1784,-999.0,23.38,26.08,21.49,88.18,0.75,1.4,0.46,93.64
19960226,20.38,4.0747,-999.0,3.4176,-999.0,23.62,26.42,21.63,84.91,0.63,0.85,0.38,93.64
19960227,6.3,5.4871,-999.0,5.0328,-999.0,23.71,27.11,21.13,82.7,1.1,1.54,0.7,93.64
19960228,1.19,6.113,-999.0,4.7832,-999.0,23.82,27.2,21.03,78.87,1.06,1.83,0.64,93.66
19960229,1.12,6.0288,-999.0,3.5136,-999.0,23.63,27.13,20.63,80.32,1.09,1.71,0.66,93.65
19960301,0.63,6.0144,-999.0,4.272,-999.0,23.84,26.9,20.77,78.98,0.81,1.52,0.51,93.67
19960302,0.34,4.1309,-999.0,3.6816,-999.0,23.69,26.82,20.6,83.37,1.04,1.54,0.64,93.57
19960303,0.85,6.2124,-999.0,3.132,-999.0,24.03,26.61,21.82,82.12,0.82,1.49,0.55,93.63
19960304,2.6,5.0606,-999.0,4.3608,-999.0,23.96,27.12,21.42,81.14,0.96,1.62,0.62,93.66
19960305,0.35,5.2548,-999.0,4.8456,-999.0,24.02,27.08,21.26,79.61,0.78,1.18,0.52,93.65
19960306,0.07,4.9219,-999.0,4.3248,-999.0,24.19,27.72,20.75,80.17,0.89,1.3,0.59,93.65
19960307,0.01,6.4025,-999.0,2.796,-999.0,24.46,28.15,21.36,79.87,1.03,1.67,0.64,93.69
19960308,0.45,6.0967,-999.0,3.2184,-999.0,24.75,27.58,22.18,82.08,0.79,1.5,0.51,93.72
19960309,1.54,6.1426,-999.0,3.288,-999.0,24.5,27.54,21.85,80.17,0.64,1.16,0.4,93.72
19960310,1.69,6.0938,-999.0,3.4128,-999.0,24.49,27.67,21.88,83.33,0.79,1.32,0.48,93.69
19960311,0.91,5.935,-999.0,4.1976,-999.0,23.79,26.15,21.65,86.01,1.03,1.6,0.61,93.76
19960312,3.09,5.5694,-999.0,3.1416,-999.0,23.71,25.39,22.64,91.85,2.19,3.42,1.32,93.86
19960313,4.57,5.3842,-999.0,4.8936,-999.0,23.58,26.19,21.31,89.14,1.3,1.68,0.82,93.86
19960314,1.6,6.5606,-999.0,3.0672,-999.0,24.58,27.82,21.62,83.39,1.26,1.63,0.8,93.76
19960315,2.28,5.5625,-999.0,4.7472,-999.0,24.01,26.74,21.61,85.77,0.8,1.38,0.52,93.76
19960316,1.3,5.9537,-999.0,4.7472,-999.0,23.9,27.56,20.95,84.79,1.32,2.14,0.84,93.68
19960317,17.2,6.319,-999.0,4.3632,-999.0,24.21,27.57,21.76,85.06,1.34,1.99,0.86,93.7
19960318,8.49,6.096,-999.0,3.984,-999.0,23.92,27.54,20.66,85.6,1.48,1.72,0.89,93.64
19960319,1.91,6.2294,-999.0,5.0568,-999.0,24.35,28.01,21.66,85.01,1.37,2.22,0.87,93.51
19960320,1.5,5.3942,-999.0,5.0016,-999.0,23.88,26.81,21.49,87.64,1.57,2.05,0.94,93.53
19960321,11.44,6.0725,-999.0,3.996,-999.0,24.03,26.97,21.48,86.8,1.42,1.75,0.85,93.62
19960322,35.48,5.0292,-999.0,3.6336,-999.0,23.97,26.43,22.36,88.71,1.51,2.19,0.98,93.67
19960323,11.86,5.3342,-999.0,3.8112,-999.0,23.14,25.14,21.5,91.45,1.5,2.31,0.94,93.71
19960324,33.72,4.5384,-999.0,3.7104,-999.0,23.21,24.95,22.11,92.82,1.39,2.24,0.89,93.67
19960325,8.98,5.2889,-999.0,3.4032,-999.0,22.38,24.48,21.14,92.73,0.9,1.9,0.57,93.64
19960326,20.07,5.1396,-999.0,3.84,-999.0,22.93,24.81,20.93,90.22,0.98,1.72,0.61,93.59
19960327,53.75,5.0371,-999.0,4.2912,-999.0,23.74,26.24,22.0,90.46,1.27,1.59,0.79,93.47
19960328,16.74,6.1882,-999.0,3.3168,-999.0,23.69,27.22,21.5,86.9,1.26,1.84,0.78,93.57
19960329,5.39,4.6205,-999.0,3.9864,-999.0,23.0,24.58,21.75,93.0,1.41,1.98,0.85,93.62
19960330,3.24,5.8954,-999.0,4.3944,-999.0,23.92,26.96,22.07,91.15,1.67,2.44,1.04,93.55
19960331,1.32,5.3705,-999.0,4.2768,-999.0,24.16,27.51,21.55,86.24,1.52,2.12,0.97,93.57
19960401,1.51,5.9467,-999.0,3.6336,-999.0,24.48,27.21,22.82,86.87,1.33,1.54,0.82,93.55
19960402,19.01,5.3724,-999.0,3.228,-999.0,23.03,24.38,21.73,92.02,1.26,1.91,0.81,93.59
19960403,8.86,3.6082,-999.0,2.8776,-999.0,23.65,26.53,22.05,86.02,1.13,2.22,0.73,93.68
19960404,0.23,4.89,-999.0,3.9144,-999.0,23.79,26.31,21.82,83.86,0.76,1.23,0.49,93.7
19960405,12.1,5.9309,-999.0,3.5952,-999.0,24.02,25.84,22.17,85.86,1.0,1.5,0.65,93.67
19960406,4.5,5.244,-999.0,4.3848,-999.0,24.03,26.47,21.98,82.4,0.69,1.47,0.45,93.71
19960407,1.65,4.9642,-999.0,3.912,-999.0,24.64,27.65,21.8,83.42,1.03,1.71,0.63,93.68
19960408,3.01,4.3925,-999.0,4.0632,-999.0,24.49,27.27,23.04,88.97,0.83,1.41,0.52,93.6
19960409,0.91,4.2401,-999.0,3.876,-999.0,23.52,25.99,21.43,88.26,0.91,1.88,0.54,93.59
19960410,19.59,5.6153,-999.0,3.3072,-999.0,23.75,26.44,22.04,87.63,0.93,1.6,0.58,93.6
19960411,12.81,4.2384,-999.0,4.02,-999.0,23.61,26.64,21.21,86.95,1.23,1.8,0.79,93.74
19960412,22.92,3.8138,-999.0,3.336,-999.0,23.5,25.59,22.19,86.77,0.61,1.08,0.41,93.83
19960413,37.78,5.1677,-999.0,3.0648,-999.0,23.04,25.54,21.21,88.6,1.33,1.81,0.8,93.89
19960414,16.14,5.435,-999.0,4.1328,-999.0,22.77,24.13,21.58,95.0,1.85,2.83,1.12,93.91
19960415,10.79,5.5778,-999.0,4.1376,-999.0,23.58,26.63,20.97,87.3,1.4,1.75,0.85,93.76
19960416,15.21,5.4497,-999.0,4.1904,-999.0,23.54,25.86,21.81,88.49,1.02,1.64,0.68,93.65
19960417,5.86,5.7007,-999.0,3.5808,-999.0,23.47,26.65,20.74,87.33,1.32,2.0,0.83,93.73
19960418,48.02,5.8085,-999.0,3.9888,-999.0,23.54,26.62,20.6,87.49,1.51,2.15,0.95,93.72
19960419,19.84,5.9974,-999.0,3.0552,-999.0,23.61,26.51,20.71,85.79,1.31,1.81,0.81,93.7
19960420,11.63,4.8199,-999.0,4.3536,-999.0,23.77,25.57,22.45,91.44,1.22,2.21,0.8,93.65
19960421,2.68,4.5516,-999.0,4.1688,-999.0,23.53,26.52,21.97,87.81,1.26,1.89,0.77,93.74
19960422,1.39,5.617,-999.0,3.6984,-999.0,23.2,25.92,21.63,89.16,1.29,2.41,0.84,93.79
19960423,0.97,4.0154,-999.0,3.6816,-999.0,22.86,25.47,20.75,88.41,1.68,2.74,1.04,93.77
19960424,86.33,4.5031,-999.0,3.984,-999.0,23.0,25.16,21.42,90.86,1.39,2.42,0.86,93.72
19960425,44.26,4.6661,-999.0,2.9952,-999.0,22.64,23.98,21.71,95.47,1.88,2.65,1.13,93.7
19960426,9.22,4.2202,-999.0,4.0104,-999.0,23.05,25.13,21.7,91.7,1.54,1.74,0.96,93.75
19960427,0.97,5.238,-999.0,4.176,-999.0,23.51,25.99,22.01,90.24,1.67,2.04,1.06,93.7
19960428,0.91,4.6375,-999.0,3.9792,-999.0,23.26,25.46,21.8,89.33,1.84,2.77,1.15,93.62
19960429,48.92,5.9777,-999.0,2.604,-999.0,24.03,26.96,21.98,85.41,1.17,2.28,0.77,93.56
19960430,28.02,4.559,-999.0,4.2888,-999.0,23.61,25.97,21.44,90.13,1.4,2.44,0.85,93.53
19960501,10.35,5.3582,-999.0,4.044,-999.0,23.39,25.07,22.64,93.04,1.2,1.69,0.73,93.58
19960502,13.19,4.2247,-999.0,3.9312,-999.0,23.32,25.38,21.84,92.85,1.07,1.52,0.66,93.66
19960503,2.78,4.525,-999.0,4.0872,-999.0,22.94,24.52,21.89,95.1,1.77,2.39,1.08,93.77
19960504,1.85,4.8175,-999.0,4.2216,-999.0,23.22,25.18,21.71,92.73,1.85,2.63,1.12,93.76
19960505,33.67,4.8034,-999.0,3.828,-999.0,22.33,23.63,21.61,93.71,1.71,2.66,1.05,93.77
19960506,22.26,4.3061,-999.0,4.0296,-999.0,22.44,23.66,21.49,94.44,1.54,2.41,0.98,93.86
19960507,30.18,5.3062,-999.0,3.5232,-999.0,23.54,26.64,21.94,90.55,1.34,1.86,0.87,93.87
19960508,16.27,4.4174,-999.0,3.936,-999.0,22.48,24.0,21.33,92.99,1.81,2.49,1.09,93.9
19960509,0.66,5.4331,-999.0,3.4992,-999.0,23.49,26.85,21.15,88.3,1.52,2.26,0.97,93.86
19960510,0.31,5.4614,-999.0,3.1464,-999.0,23.26,26.01,21.37,89.89,1.58,1.99,0.99,93.89
19960511,8.78,4.211,-999.0,3.8376,-999.0,22.89,24.41,21.79,93.46,2.13,3.24,1.3,93.96
19960512,21.47,4.8612,-999.0,3.8976,-999.0,23.01,25.92,20.99,91.47,2.04,2.77,1.25,93.96
19960513,4.48,5.6194,-999.0,2.7672,-999.0,22.71,25.33,21.27,90.01,1.72,2.73,1.06,93.85
19960514,0.0,6.312,-999.0,1.716,-999.0,23.26,26.01,21.15,86.91,1.6,2.29,1.03,93.75
19960515,4.48,6.391,-999.0,2.0424,-999.0,23.54,25.64,21.97,89.23,2.1,2.93,1.32,93.82
19960516,1.26,5.1665,-999.0,3.2784,-999.0,23.69,25.97,22.1,90.04,1.71,2.6,1.04,93.94
19960517,0.27,5.4343,-999.0,3.4056,-999.0,23.54,26.52,21.7,87.76,1.82,2.89,1.16,93.88
19960518,0.2,5.3688,-999.0,3.408,-999.0,22.97,25.23,20.86,88.93,1.45,2.96,0.9,93.74
19960519,5.6,5.7523,-999.0,2.7864,-999.0,23.37,25.88,21.22,89.17,1.31,2.17,0.84,93.7
19960520,5.5,5.2073,-999.0,3.7584,-999.0,23.36,25.25,22.12,91.83,1.16,1.6,0.73,93.82
19960521,18.71,4.7407,-999.0,3.348,-999.0,23.11,25.42,20.78,91.28,1.4,2.13,0.88,93.88
19960522,5.44,5.4672,-999.0,3.2232,-999.0,23.4,26.24,21.12,88.04,1.43,2.58,0.9,93.85
19960523,2.33,4.8346,-999.0,4.4184,-999.0,22.74,24.28,21.17,94.46,1.5,3.22,0.91,93.81
19960524,8.11,4.7033,-999.0,3.612,-999.0,23.07,25.55,21.16,86.55,1.27,2.06,0.82,93.85
19960525,53.76,4.6013,-999.0,3.1704,-999.0,22.99,25.65,20.65,87.77,1.18,1.77,0.74,93.93
19960526,29.55,4.2372,-999.0,4.1496,-999.0,22.88,24.51,21.89,88.35,1.05,1.67,0.66,93.89
19960527,29.1,4.2098,-999.0,3.5856,-999.0,23.0,25.8,21.5,87.54,1.33,2.32,0.85,93.78
19960528,5.25,4.0207,-999.0,3.6912,-999.0,23.07,25.55,21.15,85.54,0.88,1.53,0.55,93.73
19960529,1.42,5.166,-999.0,2.8776,-999.0,23.81,26.5,21.77,84.15,1.09,1.83,0.69,93.67
19960530,16.5,4.9195,-999.0,3.9288,-999.0,23.46,25.65,21.82,88.43,1.2,1.69,0.74,93.76
19960531,11.49,5.3551,-999.0,3.2976,-999.0,22.79,25.29,20.93,87.93,1.01,1.54,0.6,93.8
19960601,3.25,4.1921,-999.0,3.612,-999.0,23.24,25.68,21.42,85.43,1.05,1.66,0.66,93.7
19960602,8.55,4.9236,-999.0,3.4152,-999.0,23.36,25.76,21.54,86.21,1.46,2.2,0.91,93.67
19960603,11.21,3.2232,-999.0,3.1512,-999.0,22.64,23.82,21.76,88.86,1.18,2.5,0.76,93.72
19960604,11.84,4.4827,-999.0,4.044,-999.0,23.06,25.77,21.17,88.59,1.49,2.13,0.95,93.73
19960605,19.28,3.8993,-999.0,3.864,-999.0,22.67,25.08,21.2,89.85,1.39,2.1,0.89,93.75
19960606,6.91,4.0301,-999.0,3.9048,-999.0,22.63,25.25,20.79,85.73,1.09,1.52,0.7,93.78
19960607,14.43,4.4038,-999.0,3.6984,-999.0,23.27,26.18,21.32,88.19,1.22,2.12,0.79,93.6
19960608,13.16,3.5568,-999.0,3.3816,-999.0,22.33,23.86,20.88,91.84,0.8,1.35,0.47,93.56
19960609,2.65,4.4021,-999.0,4.0776,-999.0,22.55,24.0,21.13,91.01,0.79,1.59,0.51,93.54
19960610,3.23,3.6418,-999.0,3.6336,-999.0,22.77,25.21,20.75,90.11,1.08,1.69,0.66,93.62
19960611,0.33,4.2526,-999.0,4.0752,-999.0,23.35,26.34,20.9,85.24,1.43,2.34,0.87,93.67
19960612,1.99,5.4185,-999.0,3.048,-999.0,23.32,26.3,21.19,84.9,1.09,2.23,0.69,93.65
19960613,1.06,5.7521,-999.0,2.2752,-999.0,23.46,26.85,21.0,85.54,1.12,1.7,0.68,93.61
19960614,9.82,4.8266,-999.0,3.5328,-999.0,23.22,26.12,20.74,86.81,1.29,1.75,0.8,93.63
19960615,6.84,4.7525,-999.0,4.0656,-999.0,23.28,26.31,20.44,86.46,1.38,1.95,0.86,93.63
19960616,25.54,3.6108,-999.0,3.5232,-999.0,22.89,24.82,21.63,93.24,1.16,2.12,0.76,93.7
19960617,5.67,3.5383,-999.0,3.3168,-999.0,22.84,25.13,21.31,90.42,1.13,1.62,0.74,93.82
19960618,0.08,6.0106,-999.0,1.344,-999.0,23.51,26.89,20.37,82.86,1.11,1.68,0.72,93.74
19960619,67.19,4.4477,-999.0,3.6912,-999.0,23.09,25.19,21.44,92.41,1.79,3.1,1.14,93.79
19960620,16.12,3.2215,-999.0,3.2328,-999.0,22.39,24.17,21.14,93.22,1.63,2.48,1.01,93.93
19960621,14.52,4.2218,-999.0,3.7584,-999.0,22.43,24.72,20.99,90.09,1.36,2.02,0.83,93.94
19960622,4.02,4.7446,-999.0,4.0776,-999.0,22.84,25.72,21.09,90.23,1.88,2.45,1.19,93.91
19960623,0.28,4.9126,-999.0,3.5712,-999.0,23.08,25.83,21.28,89.02,1.59,2.48,1.0,93.81
19960624,27.11,4.1273,-999.0,2.7768,-999.0,22.91,25.39,20.96,92.18,1.49,2.41,0.94,93.85
19960625,7.99,4.3229,-999.0,3.7248,-999.0,23.1,25.05,21.85,91.07,1.1,1.85,0.7,93.9
19960626,0.71,4.7652,-999.0,3.7776,-999.0,22.73,24.54,21.39,90.1,1.0,1.56,0.61,93.95
19960627,39.47,3.9211,-999.0,3.5448,-999.0,22.7,25.42,20.62,91.13,1.49,2.3,0.95,94.01
19960628,4.25,5.6426,-999.0,2.4216,-999.0,22.78,25.18,20.96,89.92,1.09,1.89,0.68,93.99
19960629,3.83,5.0882,-999.0,3.1896,-999.0,23.36,26.14,21.45,86.3,0.96,1.57,0.58,93.96
19960630,5.8,3.1968,-999.0,3.0744,-999.0,22.45,24.81,21.12,88.23,1.01,1.65,0.68,94.01
19960701,1.24,4.4002,-999.0,3.2616,-999.0,22.56,25.36,20.17,89.22,1.1,1.81,0.73,93.92
19960702,47.09,3.5717,-999.0,3.5472,-999.0,22.93,25.67,21.23,89.36,1.47,1.82,0.9,93.88
19960703,4.71,3.0485,-999.0,3.072,-999.0,22.76,25.55,20.68,87.27,1.22,1.6,0.75,93.88
19960704,33.32,4.8427,-999.0,4.0584,-999.0,23.03,25.47,21.38,90.03,1.14,2.53,0.72,93.74
19960705,33.36,3.809,-999.0,3.9024,-999.0,22.64,24.84,20.74,92.01,1.17,1.87,0.73,93.57
19960706,17.27,3.6926,-999.0,3.5328,-999.0,22.98,25.37,21.6,92.4,1.67,2.78,1.04,93.47
19960707,8.34,4.4798,-999.0,3.9072,-999.0,22.87,25.69,20.69,90.15,1.3,1.91,0.8,93.56
19960708,8.52,2.5313,-999.0,2.6016,-999.0,22.62,25.24,20.39,90.91,1.11,1.74,0.71,93.68
19960709,9.88,1.4189,-999.0,1.1376,-999.0,22.78,25.14,20.61,91.78,1.31,2.07,0.82,93.64
19960710,7.04,2.5296,-999.0,2.4912,-999.0,22.27,23.61,20.96,95.71,1.21,2.15,0.78,93.64
19960711,0.68,4.6834,-999.0,3.2256,-999.0,22.76,24.93,21.19,87.07,0.9,1.26,0.54,93.63
19960712,7.85,3.7402,-999.0,3.7248,-999.0,23.02,25.99,20.69,86.38,1.28,1.91,0.8,93.69
19960713,20.1,2.9537,-999.0,3.0312,-999.0,22.45,25.32,20.38,90.1,1.34,1.77,0.85,93.77
19960714,4.61,5.0573,-999.0,3.6456,-999.0,22.51,26.11,19.72,86.51,1.59,2.59,1.0,93.77
19960715,0.04,5.3755,-999.0,3.4584,-999.0,22.47,25.07,20.71,88.46,1.63,2.61,1.03,93.8
19960716,0.57,4.1515,-999.0,4.464,-999.0,22.39,24.9,20.35,89.53,1.84,2.99,1.13,93.79
19960717,0.1,4.5228,-999.0,4.2264,-999.0,22.47,25.01,20.77,88.08,1.83,3.28,1.15,93.85
19960718,0.04,4.8893,-999.0,3.6504,-999.0,22.4,25.42,20.35,88.38,1.78,2.57,1.1,93.87
19960719,0.02,5.3978,-999.0,3.288,-999.0,22.43,25.46,20.36,87.78,1.83,2.72,1.13,93.8
19960720,1.38,4.6346,-999.0,3.3672,-999.0,21.89,24.93,19.82,84.77,1.69,2.62,1.04,93.84
19960721,3.82,5.399,-999.0,2.7864,-999.0,21.76,25.18,18.71,86.24,1.76,2.53,1.1,93.84
19960722,0.96,4.6121,-999.0,4.0896,-999.0,22.75,25.99,20.07,85.27,1.17,2.4,0.74,93.75
19960723,19.12,4.909,-999.0,3.6192,-999.0,22.89,25.97,20.63,86.83,1.32,2.43,0.85,93.76
19960724,9.04,4.5247,-999.0,4.1136,-999.0,22.39,24.74,20.3,89.89,1.31,2.12,0.83,93.75
19960725,1.86,4.7602,-999.0,4.6944,-999.0,22.57,25.33,20.9,90.77,1.43,2.53,0.92,93.78
19960726,4.43,4.0579,-999.0,3.996,-999.0,21.72,23.15,20.6,90.75,1.19,2.02,0.76,93.92
19960727,6.91,4.915,-999.0,2.8872,-999.0,22.27,24.67,20.59,90.55,1.53,2.98,1.0,93.84
19960728,1.5,5.7302,-999.0,2.8752,-999.0,22.98,26.48,20.64,86.12,1.65,2.67,1.06,93.71
19960729,0.29,5.5013,-999.0,3.096,-999.0,22.66,25.4,20.59,88.51,1.93,2.54,1.2,93.71
19960730,0.23,5.328,-999.0,3.6816,-999.0,22.63,25.3,20.73,89.05,1.93,2.9,1.21,93.8
19960731,28.62,5.496,-999.0,2.2968,-999.0,22.83,25.58,21.01,87.74,1.13,1.62,0.71,93.86
19960801,10.43,4.4191,-999.0,3.612,-999.0,22.05,24.13,20.8,93.56,1.64,2.55,1.02,93.89
19960802,0.33,6.0574,-999.0,1.3464,-999.0,22.32,24.82,20.98,91.6,1.29,1.64,0.78,93.85
19960803,3.58,4.9154,-999.0,3.6888,-999.0,22.86,25.1,21.39,91.73,1.74,2.51,1.09,93.81
19960804,1.75,5.4559,-999.0,3.8304,-999.0,22.71,25.21,21.19,90.86,1.65,2.54,1.01,93.88
19960805,61.14,5.0566,-999.0,4.476,-999.0,22.2,24.52,20.18,89.59,1.24,1.7,0.76,93.96
19960806,5.47,5.729,-999.0,3.288,-999.0,22.7,25.82,19.92,85.31,1.37,2.05,0.85,93.93
19960807,1.1,4.1618,-999.0,4.0104,-999.0,22.77,25.78,20.97,90.12,1.69,2.73,1.05,93.86
19960808,0.7,3.7865,-999.0,3.3696,-999.0,22.93,25.73,20.86,86.02,1.05,1.59,0.63,93.82
19960809,1.43,6.0115,-999.0,3.0264,-999.0,23.36,26.67,20.68,82.84,1.46,1.95,0.9,93.71
19960810,13.62,5.5229,-999.0,3.8088,-999.0,23.03,26.36,19.72,85.13,1.43,1.9,0.85,93.76
19960811,11.03,5.0345,-999.0,4.02,-999.0,23.04,26.58,20.16,87.32,1.71,2.16,1.03,93.81
19960812,20.0,3.3538,-999.0,3.264,-999.0,22.71,25.19,21.05,87.47,1.53,2.42,0.95,93.8
19960813,52.32,5.6381,-999.0,3.3672,-999.0,22.83,25.59,20.72,86.79,1.23,1.94,0.77,93.76
19960814,9.02,5.531,-999.0,3.7656,-999.0,23.26,26.44,20.95,84.95,1.29,2.1,0.82,93.73
19960815,26.49,4.7076,-999.0,4.0416,-999.0,22.68,25.56,20.55,89.47,1.52,2.34,0.93,93.75
19960816,12.59,4.2538,-999.0,3.744,-999.0,22.87,25.83,20.35,87.05,1.43,2.27,0.91,93.76
19960817,29.36,4.6385,-999.0,4.1568,-999.0,23.07,26.04,21.02,87.12,1.48,1.89,0.91,93.71
19960818,10.27,4.8338,-999.0,4.2552,-999.0,23.14,26.44,20.94,87.58,1.17,1.73,0.72,93.71
19960819,2.27,4.2089,-999.0,3.9912,-999.0,22.65,25.73,20.32,86.13,1.18,1.5,0.74,93.72
19960820,0.46,4.8487,-999.0,4.2288,-999.0,22.79,25.88,20.35,80.22,1.28,1.92,0.79,93.77
19960821,0.46,5.5999,-999.0,3.996,-999.0,22.47,25.61,19.59,83.73,1.39,1.93,0.87,93.87
19960822,0.1,4.6116,-999.0,3.3504,-999.0,22.22,25.01,20.45,84.45,1.54,1.85,0.94,93.89
19960823,0.43,4.5434,-999.0,4.4256,-999.0,22.39,24.96,20.19,83.13,1.25,2.24,0.79,93.79
19960824,2.79,3.4454,-999.0,3.4608,-999.0,23.01,26.12,20.73,85.55,1.4,2.17,0.91,93.73
19960825,3.51,4.7381,-999.0,4.0296,-999.0,22.94,25.86,20.72,88.0,1.56,2.3,0.96,93.77
19960826,8.0,5.4566,-999.0,4.1856,-999.0,23.1,26.04,20.34,86.31,1.41,1.79,0.86,93.88
19960827,9.94,4.7369,-999.0,4.2288,-999.0,23.07,25.8,20.68,85.74,1.45,1.89,0.89,93.87
19960828,6.98,4.3442,-999.0,4.3056,-999.0,23.19,25.34,21.8,90.43,1.43,3.06,0.93,93.68
19960829,7.77,5.0755,-999.0,4.2144,-999.0,23.4,26.43,21.68,88.72,1.26,2.29,0.81,93.66
19960830,12.01,4.2283,-999.0,4.1784,-999.0,22.93,25.07,21.61,92.82,1.56,3.02,1.0,93.73
19960831,15.25,4.764,-999.0,4.7736,-999.0,22.84,25.51,21.43,91.08,1.36,2.51,0.9,93.78
19960901,12.12,3.4106,-999.0,3.1272,-999.0,22.48,24.78,20.96,90.66,1.49,2.29,0.95,93.75
19960902,2.72,4.4698,-999.0,4.2072,-999.0,21.91,24.63,20.12,91.58,1.55,3.18,0.99,93.69
19960903,0.87,5.1276,-999.0,3.9552,-999.0,22.43,25.49,20.05,87.1,1.69,2.39,1.07,93.7
19960904,1.86,5.9546,-999.0,3.5688,-999.0,22.77,25.97,20.59,84.6,1.27,1.82,0.81,93.68
19960905,0.6,6.0638,-999.0,3.4824,-999.0,23.06,26.82,20.02,83.63,1.57,2.04,0.98,93.69
19960906,1.32,4.2487,-999.0,4.0104,-999.0,22.84,25.4,21.09,85.7,1.74,2.91,1.11,93.64
19960907,0.25,6.2302,-999.0,3.9168,-999.0,23.07,26.47,20.7,84.29,1.56,2.29,0.99,93.57
19960908,0.54,5.4276,-999.0,4.4352,-999.0,22.95,25.94,20.83,83.53,1.77,3.33,1.13,93.55
19960909,0.25,4.9829,-999.0,4.1352,-999.0,23.24,26.57,21.02,82.61,1.36,2.39,0.87,93.51
19960910,0.0,5.3585,-999.0,4.3824,-999.0,23.2,25.75,21.09,86.83,1.77,2.71,1.1,93.48
19960911,0.71,5.9808,-999.0,4.3392,-999.0,23.26,26.08,21.1,88.07,1.89,2.74,1.17,93.54
19960912,0.22,5.5625,-999.0,4.908,-999.0,23.18,25.99,21.28,87.28,1.9,2.53,1.17,93.6
19960913,1.16,5.4288,-999.0,4.3488,-999.0,23.35,26.03,21.66,85.97,1.26,1.88,0.82,93.64
19960914,0.55,5.6606,-999.0,5.2248,-999.0,24.1,27.77,20.95,79.96,1.07,1.9,0.69,93.63
19960915,0.0,6.113,-999.0,4.0776,-999.0,24.01,27.37,21.26,85.17,1.2,1.86,0.79,93.7
19960916,0.07,6.5537,-999.0,2.8656,-999.0,24.24,27.45,21.58,81.51,1.12,2.2,0.7,93.78
19960917,0.82,5.4912,-999.0,4.0056,-999.0,23.73,26.73,21.4,86.59,1.49,2.29,0.95,93.73
19960918,4.97,5.8502,-999.0,4.284,-999.0,23.79,27.14,21.45,86.92,1.33,1.95,0.82,93.69
19960919,6.0,5.6794,-999.0,3.828,-999.0,23.77,27.32,20.61,82.22,1.3,1.9,0.8,93.74
19960920,1.08,6.2671,-999.0,4.0536,-999.0,24.18,27.67,21.78,83.84,1.26,2.52,0.81,93.8
19960921,0.41,6.0463,-999.0,3.7224,-999.0,23.55,26.44,21.73,87.5,1.14,1.99,0.7,93.85
19960922,0.19,5.947,-999.0,4.0632,-999.0,23.54,25.94,21.57,85.43,1.22,1.97,0.79,93.75
19960923,12.64,5.1943,-999.0,4.2864,-999.0,22.94,24.49,21.73,89.93,1.82,2.59,1.1,93.72
19960924,2.87,6.2314,-999.0,4.3992,-999.0,22.92,25.09,21.2,85.91,1.42,2.18,0.88,93.72
19960925,23.52,5.8399,-999.0,3.9192,-999.0,22.77,25.15,20.64,88.69,1.75,2.35,1.08,93.75
19960926,15.45,5.7461,-999.0,4.3968,-999.0,23.25,26.09,21.56,88.01,2.07,2.69,1.27,93.74
19960927,0.36,5.9282,-999.0,3.708,-999.0,23.29,26.12,21.36,85.78,2.15,2.91,1.35,93.68
19960928,6.12,5.5198,-999.0,4.296,-999.0,23.52,27.23,21.01,87.83,1.58,2.49,1.02,93.66
19960929,10.92,4.6034,-999.0,3.9312,-999.0,22.96,25.32,21.34,92.32,1.74,2.35,1.11,93.65
19960930,39.0,4.9118,-999.0,4.4184,-999.0,23.12,25.37,21.62,90.52,1.21,2.41,0.76,93.69
19961001,6.37,5.419,-999.0,4.4568,-999.0,23.53,26.69,21.04,85.3,1.39,1.91,0.87,93.85
19961002,10.87,6.0905,-999.0,4.3704,-999.0,23.24,25.74,21.8,83.54,0.93,1.43,0.61,93.92
19961003,5.2,5.7612,-999.0,3.96,-999.0,23.63,27.11,20.53,83.89,1.5,1.93,0.93,93.84
19961004,15.16,5.447,-999.0,3.78,-999.0,23.07,26.32,20.48,88.32,1.45,2.21,0.92,93.81
19961005,6.16,4.5619,-999.0,3.6984,-999.0,22.98,25.3,21.27,88.04,0.85,1.57,0.56,93.8
19961006,3.11,6.3199,-999.0,3.3936,-999.0,23.32,26.78,20.77,83.96,1.31,2.36,0.83,93.72
19961007,11.51,5.8658,-999.0,4.8984,-999.0,23.53,26.55,20.82,86.45,1.17,1.76,0.71,93.75
19961008,6.14,4.7263,-999.0,4.0104,-999.0,22.97,26.12,20.7,88.85,1.46,2.46,0.93,93.78
19961009,1.36,5.6292,-999.0,3.2832,-999.0,23.16,26.79,20.24,82.27,1.43,2.05,0.89,93.69
19961010,13.7,5.7329,-999.0,4.0176,-999.0,23.07,25.38,21.52,91.98,1.82,2.85,1.12,93.58
19961011,6.73,5.8409,-999.0,3.6048,-999.0,22.76,24.7,21.36,91.05,1.58,2.7,1.01,93.66
19961012,12.8,5.8438,-999.0,3.5688,-999.0,23.75,26.49,21.86,90.39,1.89,2.77,1.18,93.69
19961013,3.62,5.9798,-999.0,3.8304,-999.0,23.34,26.3,20.6,87.48,1.25,1.89,0.78,93.74
19961014,0.12,5.8217,-999.0,4.9848,-999.0,23.65,25.89,21.54,89.24,1.33,2.34,0.81,93.67
19961015,2.92,6.7742,-999.0,2.7816,-999.0,24.03,27.76,20.38,83.37,1.58,1.91,0.96,93.64
19961016,1.58,6.4402,-999.0,4.0056,-999.0,24.31,27.33,22.11,84.47,1.21,2.11,0.79,93.7
19961017,10.62,6.0288,-999.0,4.824,-999.0,24.18,26.85,22.24,85.45,0.99,1.43,0.65,93.71
19961018,4.24,5.8169,-999.0,3.9936,-999.0,24.24,27.72,21.75,83.02,1.48,2.47,0.91,93.63
19961019,0.35,5.407,-999.0,4.0008,-999.0,23.7,26.1,21.78,87.7,1.55,2.18,0.96,93.61
19961020,1.21,6.0427,-999.0,4.3032,-999.0,24.0,27.25,21.55,83.88,1.17,1.58,0.72,93.59
19961021,12.54,6.3756,-999.0,3.3144,-999.0,23.57,25.98,21.63,88.18,1.79,3.01,1.13,93.58
19961022,33.69,4.8434,-999.0,3.96,-999.0,23.22,25.92,21.38,90.77,1.07,1.6,0.67,93.61
19961023,23.1,5.2018,-999.0,3.9864,-999.0,23.43,26.19,20.86,89.14,1.47,1.87,0.9,93.69
19961024,19.79,5.3772,-999.0,4.3776,-999.0,22.71,24.3,21.3,89.81,1.27,1.81,0.78,93.75
19961025,25.16,5.6261,-999.0,4.6224,-999.0,22.98,24.91,21.52,90.1,1.19,1.98,0.73,93.69
19961026,48.83,5.0342,-999.0,3.5352,-999.0,23.03,25.92,21.16,89.79,1.33,2.22,0.82,93.63
19961027,15.16,5.7082,-999.0,3.792,-999.0,23.36,26.63,20.74,88.98,1.65,2.3,1.04,93.57
19961028,53.35,5.382,-999.0,4.4376,-999.0,23.64,27.27,21.0,88.95,1.41,1.83,0.9,93.63
19961029,30.04,4.243,-999.0,3.84,-999.0,22.86,24.42,21.16,89.8,1.03,1.97,0.65,93.69
19961030,25.4,6.1106,-999.0,4.0392,-999.0,23.77,26.17,22.08,89.04,1.03,1.79,0.64,93.56
19961031,7.56,3.8911,-999.0,3.2328,-999.0,23.12,23.91,22.47,92.64,1.2,2.02,0.73,93.52
19961101,13.66,5.4545,-999.0,4.476,-999.0,23.14,24.99,21.78,89.46,1.33,1.86,0.83,93.52
19961102,8.65,5.8265,-999.0,4.836,-999.0,22.54,24.34,21.1,90.4,1.34,2.02,0.84,93.54
19961103,12.31,4.9901,-999.0,4.1616,-999.0,23.76,27.19,21.13,84.39,1.28,1.99,0.82,93.51
19961104,24.66,4.6354,-999.0,3.7656,-999.0,22.47,24.28,21.39,94.02,1.65,2.34,1.02,93.57
19961105,7.6,3.9206,-999.0,2.9472,-999.0,22.65,25.48,20.7,90.1,1.25,1.68,0.75,93.58
19961106,12.05,5.3556,-999.0,4.3152,-999.0,22.61,24.36,21.23,89.17,1.38,2.13,0.85,93.57
19961107,8.71,3.972,-999.0,3.3144,-999.0,23.06,25.22,21.88,91.97,1.98,2.79,1.24,93.6
19961108,7.89,5.2044,-999.0,4.4784,-999.0,23.44,25.87,21.87,90.03,1.86,2.7,1.15,93.67
19961109,2.31,5.3839,-999.0,4.5168,-999.0,23.19,24.97,22.01,91.91,1.41,2.15,0.86,93.75
19961110,0.87,6.7282,-999.0,3.6504,-999.0,23.29,26.25,21.19,86.43,1.64,2.31,1.0,93.76
19961111,0.15,6.8335,-999.0,1.7064,-999.0,23.76,27.25,20.78,81.79,1.5,2.05,0.93,93.72
19961112,22.25,5.4485,-999.0,4.8672,-999.0,23.4,24.89,22.42,88.57,1.1,1.57,0.71,93.65
19961113,35.46,5.267,-999.0,3.4416,-999.0,23.13,24.88,21.71,92.83,1.55,2.51,0.98,93.66
19961114,18.37,3.9816,-999.0,2.6664,-999.0,22.67,24.25,21.64,94.21,1.66,2.24,0.99,93.79
19961115,3.19,5.837,-999.0,3.7776,-999.0,23.09,25.88,21.23,88.07,1.17,1.97,0.72,93.82
19961116,6.78,5.3873,-999.0,3.5808,-999.0,23.74,26.4,21.98,89.48,1.28,2.1,0.78,93.68
19961117,2.74,5.7266,-999.0,4.3008,-999.0,23.68,26.66,21.44,85.57,1.21,2.42,0.75,93.72
19961118,16.83,5.5008,-999.0,3.5136,-999.0,23.78,26.43,22.39,89.31,1.24,1.86,0.81,93.73
19961119,3.69,5.7276,-999.0,4.6176,-999.0,23.54,26.08,22.22,89.61,1.9,2.62,1.16,93.73
19961120,1.82,5.388,-999.0,4.6944,-999.0,23.13,24.52,22.17,88.62,1.16,1.78,0.73,93.7
19961121,5.96,5.5111,-999.0,2.5344,-999.0,23.52,26.08,21.91,90.98,1.21,1.83,0.77,93.54
19961122,3.81,4.7114,-999.0,3.816,-999.0,23.07,24.33,21.94,94.8,1.72,2.35,1.02,93.53
19961123,64.57,5.251,-999.0,4.3176,-999.0,23.02,24.8,21.63,92.59,1.21,2.07,0.78,93.56
19961124,20.05,4.6714,-999.0,3.2496,-999.0,23.09,24.91,21.72,94.25,2.32,3.43,1.42,93.57
19961125,1.43,5.3246,-999.0,3.9576,-999.0,23.61,25.58,22.21,92.32,2.01,2.87,1.21,93.54
19961126,0.2,5.5342,-999.0,3.5952,-999.0,23.46,26.86,20.84,85.56,1.45,2.23,0.88,93.61
19961127,0.01,5.2258,-999.0,4.716,-999.0,24.26,28.21,21.6,83.24,1.36,2.18,0.85,93.53
19961128,34.93,5.7905,-999.0,3.1752,-999.0,23.82,26.39,22.39,90.62,1.15,1.68,0.71,93.53
19961129,5.88,5.9554,-999.0,3.9072,-999.0,23.83,26.24,21.96,87.85,1.31,1.86,0.82,93.58
19961130,1.25,6.24,-999.0,3.456,-999.0,24.13,27.31,21.18,83.89,1.32,1.87,0.79,93.56
19961201,16.08,5.3383,-999.0,3.4248,-999.0,24.16,27.28,21.55,83.64,1.42,2.43,0.92,93.62
19961202,7.95,5.9338,-999.0,4.6536,-999.0,23.5,26.16,21.79,88.98,1.51,2.13,0.96,93.71
19961203,3.57,5.3664,-999.0,4.5528,-999.0,23.21,24.89,22.0,93.1,1.78,2.96,1.09,93.64
19961204,0.52,6.2707,-999.0,3.0936,-999.0,23.5,26.05,21.35,87.47,1.27,2.04,0.79,93.55
19961205,5.3,5.5502,-999.0,4.9584,-999.0,23.52,25.92,21.86,85.47,1.0,2.05,0.64,93.5
19961206,10.09,5.9011,-999.0,2.9952,-999.0,23.24,25.31,21.67,93.01,1.76,2.76,1.08,93.57
19961207,7.78,5.6568,-999.0,3.7584,-999.0,23.28,25.71,21.71,88.96,1.19,1.78,0.77,93.61
19961208,41.08,5.7739,-999.0,2.8344,-999.0,23.01,25.55,21.34,92.66,1.52,2.19,0.92,93.6
19961209,10.18,5.7103,-999.0,3.1704,-999.0,23.24,26.2,21.43,88.47,0.85,1.6,0.54,93.57
19961210,11.55,4.5007,-999.0,3.5136,-999.0,23.33,25.65,21.85,91.62,1.37,1.74,0.84,93.58
19961211,1.84,5.1331,-999.0,4.4376,-999.0,23.71,26.65,21.86,87.97,1.52,2.04,0.94,93.59
19961212,8.28,4.5499,-999.0,3.6144,-999.0,23.36,24.97,22.43,93.53,1.27,1.58,0.79,93.53
19961213,2.46,4.937,-999.0,4.2,-999.0,23.3,25.76,21.77,89.91,0.93,1.96,0.58,93.57
19961214,0.78,5.5546,-999.0,3.4536,-999.0,23.83,27.46,20.66,80.73,0.92,1.7,0.58,93.53
19961215,0.75,6.4675,-999.0,2.4456,-999.0,23.86,26.86,21.72,79.62,0.86,1.54,0.54,93.51
19961216,0.22,4.4218,-999.0,3.24,-999.0,23.33,26.63,20.56,84.67,1.37,1.79,0.84,93.59
19961217,31.79,4.4858,-999.0,3.5688,-999.0,23.8,26.3,21.61,83.86,0.72,1.67,0.47,93.6
19961218,8.77,4.5204,-999.0,3.6456,-999.0,23.57,26.56,21.43,86.71,1.65,2.53,1.01,93.55
19961219,2.19,4.8833,-999.0,4.0752,-999.0,23.65,26.13,21.49,82.76,1.09,1.8,0.69,93.59
19961220,2.17,5.2457,-999.0,4.788,-999.0,23.63,26.83,20.91,82.64,1.17,1.85,0.74,93.59
19961221,1.04,4.5893,-999.0,4.1304,-999.0,23.93,27.74,20.99,79.95,1.23,1.95,0.77,93.66
19961222,0.7,4.5677,-999.0,4.0776,-999.0,23.48,26.8,20.97,79.06,1.35,2.03,0.82,93.7
19961223,0.78,3.9998,-999.0,3.4608,-999.0,23.31,26.01,21.18,81.12,1.15,1.57,0.73,93.77
19961224,1.16,3.6934,-999.0,2.9784,-999.0,23.42,26.76,20.58,81.25,1.17,1.61,0.7,93.69
19961225,13.22,3.8496,-999.0,3.0024,-999.0,23.11,25.93,21.04,87.9,1.14,2.11,0.68,93.65
19961226,3.44,4.9937,-999.0,4.6512,-999.0,23.81,26.96,21.57,84.22,0.94,2.14,0.55,93.61
19961227,2.31,4.2223,-999.0,3.5568,-999.0,24.01,27.77,20.97,79.82,1.21,2.42,0.72,93.6
19961228,0.88,3.492,-999.0,2.7696,-999.0,23.29,26.37,20.95,81.23,1.57,2.19,0.92,93.66
19961229,1.51,3.6125,-999.0,2.9832,-999.0,23.86,27.78,20.8,79.98,1.51,2.58,0.94,93.61
19961230,0.81,5.1929,-999.0,3.8232,-999.0,23.75,27.9,19.95,83.41,1.38,2.6,0.83,93.68
19961231,1.55,4.9042,-999.0,3.9936,-999.0,23.58,26.71,20.78,85.61,1.54,1.98,0.94,93.77
19970101,0.47,5.347,-999.0,4.6056,-999.0,23.75,26.69,21.87,89.91,1.25,2.22,0.78,93.76
19970102,0.28,4.1038,-999.0,2.7792,-999.0,23.42,24.94,21.97,92.71,2.37,3.93,1.42,93.72
19970103,2.07,2.5956,-999.0,1.8288,-999.0,22.84,24.11,21.84,92.69,1.71,2.4,1.07,93.78
19970104,1.39,5.0326,-999.0,4.0128,-999.0,23.33,25.69,21.88,90.59,1.27,2.25,0.81,93.75
19970105,1.05,5.7178,-999.0,4.0584,-999.0,22.83,25.1,21.54,89.45,1.5,2.48,0.93,93.83
19970106,19.23,5.3736,-999.0,4.8672,-999.0,22.52,23.62,21.54,92.93,1.64,2.6,1.0,93.83
19970107,10.15,5.4574,-999.0,3.708,-999.0,22.86,24.48,21.57,89.83,1.0,1.94,0.63,93.85
19970108,7.84,5.315,-999.0,4.4472,-999.0,22.54,24.04,21.23,90.93,1.21,1.57,0.74,93.86
19970109,9.57,4.8713,-999.0,4.548,-999.0,22.75,25.62,21.13,89.87,1.21,1.93,0.76,93.83
19970110,9.96,5.1866,-999.0,3.8712,-999.0,22.22,24.25,20.98,90.42,1.31,2.35,0.82,93.81
19970111,22.22,4.8542,-999.0,4.0248,-999.0,22.02,23.88,20.55,92.05,0.67,1.77,0.41,93.85
19970112,62.93,5.3462,-999.0,4.404,-999.0,22.78,25.92,20.85,88.67,1.23,1.81,0.74,93.81
19970113,20.0,5.6822,-999.0,3.5832,-999.0,23.06,26.89,20.6,88.6,1.48,2.04,0.92,93.74
19970114,6.49,4.7616,-999.0,2.6376,-999.0,22.67,24.31,21.7,91.93,1.0,1.76,0.62,93.72
19970115,0.6,5.3191,-999.0,3.4368,-999.0,23.01,25.32,21.5,86.62,0.91,1.68,0.56,93.73
19970116,4.81,4.7695,-999.0,4.02,-999.0,23.33,25.92,20.86,84.67,0.94,1.45,0.59,93.62
19970117,2.5,4.2857,-999.0,3.4848,-999.0,23.19,26.41,21.21,85.19,1.21,1.8,0.73,93.63
19970118,9.07,5.0724,-999.0,3.6144,-999.0,22.93,26.09,20.47,84.51,1.12,2.01,0.71,93.7
19970119,2.49,6.2268,-999.0,2.268,-999.0,23.19,26.61,20.07,86.4,1.64,2.05,0.99,93.67
19970120,7.51,5.4055,-999.0,4.6368,-999.0,23.48,25.27,22.27,89.08,0.99,1.37,0.62,93.68
19970121,9.72,5.1593,-999.0,3.8448,-999.0,23.67,25.53,22.12,89.72,1.21,1.72,0.75,93.62
19970122,8.36,4.8655,-999.0,3.6504,-999.0,23.34,25.39,21.7,88.99,0.65,1.26,0.39,93.58
19970123,0.56,5.2685,-999.0,3.132,-999.0,23.73,26.7,21.21,82.58,0.64,1.1,0.38,93.52
19970124,0.35,4.3867,-999.0,4.0608,-999.0,23.53,26.67,21.44,82.64,0.9,1.36,0.56,93.53
19970125,1.01,4.5845,-999.0,3.7752,-999.0,22.97,25.96,20.62,84.54,1.12,2.18,0.71,93.59
19970126,8.52,5.8982,-999.0,3.6528,-999.0,22.81,25.07,20.98,86.06,0.85,1.42,0.51,93.69
19970127,1.37,5.4862,-999.0,3.8184,-999.0,23.47,27.26,20.47,82.83,1.38,1.95,0.85,93.62
19970128,0.0,6.4385,-999.0,2.856,-999.0,23.48,25.9,21.79,87.58,0.99,1.46,0.6,93.63
19970129,1.39,5.6352,-999.0,4.08,-999.0,23.14,24.49,22.32,92.72,1.63,2.4,1.02,93.62
19970130,0.53,4.9248,-999.0,4.512,-999.0,23.21,25.68,21.65,87.53,1.49,1.91,0.88,93.58
19970131,0.17,5.9755,-999.0,2.6904,-999.0,23.88,26.79,21.83,85.36,1.32,2.29,0.82,93.58
19970201,0.07,5.9813,-999.0,3.8904,-999.0,23.22,25.15,22.1,87.45,1.16,1.58,0.68,93.69
19970202,0.79,5.3618,-999.0,4.6392,-999.0,23.91,27.12,21.76,81.66,1.36,2.3,0.88,93.62
19970203,1.42,4.8878,-999.0,4.092,-999.0,23.55,26.47,20.95,83.89,1.4,2.15,0.88,93.55
19970204,6.25,4.8958,-999.0,4.416,-999.0,22.49,23.86,21.31,92.37,1.21,1.9,0.74,93.61
19970205,4.09,4.2214,-999.0,3.3768,-999.0,22.53,23.38,21.93,88.82,0.63,0.93,0.43,93.6
19970206,9.91,5.0882,-999.0,3.9696,-999.0,23.39,26.09,21.4,86.18,1.19,1.99,0.76,93.56
19970207,1.27,4.7018,-999.0,3.8544,-999.0,22.73,25.31,20.14,85.29,1.27,1.77,0.8,93.58
19970208,1.76,5.1406,-999.0,4.116,-999.0,23.7,26.0,22.21,84.07,1.04,1.38,0.67,93.56
19970209,33.35,4.1678,-999.0,3.504,-999.0,22.73,24.08,21.94,94.94,1.68,2.99,1.01,93.59
19970210,3.81,5.8838,-999.0,3.2856,-999.0,23.87,26.8,21.94,85.25,1.33,2.17,0.87,93.54
19970211,2.32,5.6234,-999.0,4.6992,-999.0,23.39,24.65,22.13,90.15,1.18,2.03,0.73,93.57
19970212,13.64,6.2827,-999.0,4.608,-999.0,23.23,25.16,21.79,93.75,1.28,1.91,0.77,93.54
19970213,37.68,5.3376,-999.0,5.1288,-999.0,23.15,24.98,22.07,93.01,0.92,1.73,0.54,93.55
19970214,14.21,4.9303,-999.0,3.5616,-999.0,23.45,26.72,21.22,87.71,1.05,1.83,0.65,93.5
19970215,12.32,5.004,-999.0,4.0656,-999.0,23.59,25.06,22.3,91.96,1.0,1.58,0.59,93.44
19970216,5.62,5.0765,-999.0,3.0168,-999.0,23.41,25.78,21.37,88.78,1.08,1.72,0.64,93.52
19970217,0.29,5.5831,-999.0,3.8136,-999.0,23.89,26.41,22.3,88.48,1.26,1.8,0.78,93.53
19970218,0.79,6.1685,-999.0,3.1224,-999.0,23.37,25.99,21.33,84.87,0.99,1.5,0.62,93.59
19970219,0.05,6.1812,-999.0,4.3104,-999.0,23.96,27.37,20.54,78.6,1.04,2.09,0.66,93.59
19970220,0.21,6.4202,-999.0,2.9976,-999.0,23.91,26.33,22.16,84.69,1.56,2.58,0.95,93.67
19970221,1.9,5.5536,-999.0,4.5648,-999.0,23.95,26.75,21.77,86.62,0.99,1.66,0.62,93.7
19970222,2.29,3.599,-999.0,2.9352,-999.0,23.35,24.77,22.13,87.31,0.85,1.45,0.55,93.65
19970223,1.95,4.1422,-999.0,3.5088,-999.0,23.78,27.34,21.23,83.42,1.28,1.8,0.78,93.65
19970224,0.25,5.3993,-999.0,5.136,-999.0,22.82,25.75,20.05,85.93,1.43,2.2,0.87,93.72
19970225,0.68,5.2051,-999.0,5.0496,-999.0,23.76,26.39,21.42,80.61,0.89,1.63,0.54,93.76
19970226,2.57,4.1712,-999.0,3.6648,-999.0,23.35,25.68,21.47,83.23,0.84,1.2,0.5,93.76
19970227,3.35,4.3598,-999.0,3.7872,-999.0,23.17,25.58,21.2,88.32,1.17,1.94,0.75,93.71
19970228,4.33,4.8228,-999.0,3.7992,-999.0,23.44,25.54,21.56,83.95,1.08,2.14,0.64,93.72
19970301,7.67,3.997,-999.0,3.312,-999.0,23.23,26.72,20.86,83.87,1.08,1.8,0.62,93.63
19970302,0.87,5.5675,-999.0,4.6728,-999.0,23.47,26.83,20.09,79.4,1.26,2.12,0.76,93.74
19970303,0.73,4.5689,-999.0,2.9304,-999.0,23.54,26.91,20.31,80.15,1.31,2.17,0.81,93.79
19970304,1.48,4.0272,-999.0,3.0432,-999.0,23.3,26.83,20.2,82.61,1.14,1.72,0.69,93.79
19970305,0.44,4.1546,-999.0,3.4896,-999.0,23.95,27.82,21.6,75.29,1.4,2.5,0.86,93.83
19970306,0.17,5.6184,-999.0,5.3328,-999.0,23.86,27.82,20.5,80.04,1.14,1.55,0.7,93.84
19970307,1.02,5.4012,-999.0,3.4296,-999.0,23.78,26.81,21.44,77.29,1.15,2.07,0.71,93.92
19970308,18.62,5.3467,-999.0,4.6776,-999.0,23.29,27.09,20.69,82.42,1.02,1.71,0.62,93.89
19970309,9.16,5.0902,-999.0,4.3752,-999.0,23.14,25.39,21.55,85.1,0.83,1.53,0.51,93.93
19970310,2.76,5.4223,-999.0,4.1592,-999.0,23.6,26.57,21.4,86.52,1.15,1.63,0.71,93.95
19970311,2.94,5.5745,-999.0,5.0904,-999.0,23.28,25.44,22.15,88.63,0.93,1.42,0.58,94.03
19970312,0.5,4.1765,-999.0,3.5112,-999.0,23.57,27.02,20.84,85.38,1.08,1.74,0.66,93.96
19970313,0.53,6.1757,-999.0,4.476,-999.0,24.33,27.65,22.07,85.37,1.12,1.65,0.67,93.85
19970314,3.93,6.0096,-999.0,4.3992,-999.0,23.87,26.42,22.38,90.08,1.5,1.88,0.91,93.82
19970315,18.4,5.6347,-999.0,4.6104,-999.0,23.87,26.61,22.21,91.29,1.81,2.17,1.1,93.85
19970316,15.96,5.5114,-999.0,4.6272,-999.0,23.76,26.41,22.25,91.54,2.06,2.56,1.27,93.89
19970317,33.31,4.5682,-999.0,4.1544,-999.0,23.07,24.98,22.05,93.04,1.89,2.29,1.16,93.96
19970318,13.99,5.7096,-999.0,3.7632,-999.0,22.71,23.94,21.99,95.48,1.78,2.54,1.08,94.01
19970319,8.86,6.229,-999.0,3.9936,-999.0,22.86,24.62,21.68,93.34,1.37,1.8,0.84,94.01
19970320,3.65,5.388,-999.0,4.3128,-999.0,23.07,25.17,21.57,93.1,1.67,2.38,1.04,93.98
19970321,3.55,6.2134,-999.0,4.1736,-999.0,23.73,26.51,21.97,90.1,1.25,2.11,0.79,93.96
19970322,6.88,4.116,-999.0,3.5976,-999.0,23.24,25.13,22.1,92.44,1.56,2.32,0.96,93.92
19970323,6.09,6.2023,-999.0,3.8112,-999.0,24.15,27.24,21.71,85.79,1.46,2.34,0.93,93.84
19970324,5.11,5.9678,-999.0,5.2632,-999.0,22.98,24.53,21.97,91.64,1.24,2.63,0.78,93.9
19970325,7.07,6.8237,-999.0,2.7,-999.0,23.55,25.82,21.59,89.24,1.24,1.62,0.75,93.86
19970326,14.92,6.5981,-999.0,3.696,-999.0,23.52,26.87,21.15,88.06,1.86,2.58,1.11,93.92
19970327,7.46,5.9314,-999.0,5.0472,-999.0,23.73,27.6,20.36,85.14,1.66,2.16,1.0,93.88
19970328,17.4,6.5525,-999.0,4.2072,-999.0,23.95,27.52,21.5,86.12,1.52,2.38,0.95,93.77
19970329,33.92,5.887,-999.0,4.92,-999.0,23.89,27.4,21.41,85.06,1.23,2.11,0.76,93.78
19970330,3.86,6.0002,-999.0,4.8624,-999.0,23.7,27.47,20.16,83.71,1.61,2.22,0.96,93.77
19970331,10.09,6.3919,-999.0,4.932,-999.0,23.86,27.33,20.97,83.54,1.3,1.93,0.81,93.72
19970401,5.28,6.3468,-999.0,4.7928,-999.0,23.69,27.25,20.82,87.15,1.64,2.28,1.01,93.59
19970402,19.41,5.2975,-999.0,4.7736,-999.0,23.31,25.89,21.44,90.39,1.18,1.95,0.77,93.59
19970403,43.51,4.0723,-999.0,3.588,-999.0,23.18,25.38,21.27,89.19,1.32,2.12,0.82,93.71
19970404,11.77,4.1062,-999.0,3.4128,-999.0,22.43,23.67,21.03,92.36,0.78,1.64,0.48,93.82
19970405,49.06,6.521,-999.0,3.0432,-999.0,23.9,27.25,21.2,86.78,1.34,1.73,0.81,93.77
19970406,36.55,5.5445,-999.0,4.9824,-999.0,23.04,25.91,21.17,90.9,1.61,2.62,1.0,93.79
19970407,2.87,5.2502,-999.0,3.6936,-999.0,22.81,24.78,21.59,93.02,1.53,2.27,0.95,93.76
19970408,6.04,5.7156,-999.0,3.7944,-999.0,22.91,25.96,21.0,89.78,1.46,2.52,0.9,93.74
19970409,5.34,3.9698,-999.0,3.3384,-999.0,22.93,25.48,21.21,89.38,1.44,2.5,0.92,93.92
19970410,0.56,6.5347,-999.0,3.6384,-999.0,22.46,25.12,20.21,88.26,0.88,1.78,0.55,93.99
19970411,0.92,4.2847,-999.0,4.0344,-999.0,22.27,24.88,20.51,90.47,1.18,2.99,0.74,93.95
19970412,10.83,4.7268,-999.0,3.0552,-999.0,23.03,26.25,20.11,85.19,1.1,1.86,0.7,93.93
19970413,3.54,6.3732,-999.0,4.3656,-999.0,23.86,26.44,22.25,89.34,1.76,2.21,1.11,93.89
19970414,6.78,5.7401,-999.0,3.8448,-999.0,23.72,26.69,21.5,87.44,1.34,1.82,0.81,94.0
19970415,2.39,6.0742,-999.0,3.3624,-999.0,23.19,26.07,21.32,87.09,1.33,1.7,0.86,93.93
19970416,0.44,5.5922,-999.0,2.9184,-999.0,22.83,24.9,21.42,87.24,1.19,1.99,0.74,93.9
19970417,3.06,4.044,-999.0,3.6456,-999.0,23.25,26.6,21.08,85.7,1.21,1.92,0.73,93.95
19970418,4.69,5.2397,-999.0,4.2432,-999.0,22.79,24.33,21.63,90.08,1.14,1.61,0.71,94.01
19970419,3.65,5.4454,-999.0,3.9576,-999.0,22.23,23.19,21.39,92.73,1.87,3.6,1.14,94.0
19970420,13.56,5.6902,-999.0,3.0864,-999.0,23.16,25.98,21.02,87.95,1.31,2.06,0.84,93.85
19970421,9.96,4.0812,-999.0,3.7464,-999.0,22.93,25.55,21.5,89.49,1.49,1.91,0.91,93.87
19970422,0.84,5.502,-999.0,4.5192,-999.0,23.66,27.38,20.75,85.91,1.78,2.73,1.1,93.83
19970423,5.06,6.18,-999.0,3.0024,-999.0,23.09,26.4,19.98,81.76,1.29,1.56,0.8,93.91
19970424,3.38,5.8231,-999.0,3.852,-999.0,23.6,27.27,21.21,82.01,1.29,1.85,0.8,93.85
19970425,2.13,5.7998,-999.0,3.2496,-999.0,23.68,27.35,20.45,81.58,1.34,1.76,0.86,93.83
19970426,34.92,5.6071,-999.0,4.332,-999.0,23.69,26.74,21.35,87.04,1.07,1.32,0.67,93.87
19970427,6.14,5.7478,-999.0,3.5736,-999.0,23.87,26.89,21.44,86.32,1.4,1.79,0.85,93.88
19970428,48.4,5.2277,-999.0,4.08,-999.0,24.14,27.02,22.28,85.48,1.2,1.81,0.76,93.79
19970429,39.63,5.1247,-999.0,4.3392,-999.0,23.95,26.63,21.57,84.91,1.13,1.54,0.71,93.79
19970430,39.84,4.667,-999.0,3.732,-999.0,23.15,25.76,21.79,89.39,1.51,2.1,0.92,93.76
19970501,24.01,2.1607,-999.0,1.9632,-999.0,22.3,23.58,20.92,93.86,1.37,2.3,0.83,93.94
19970502,0.82,5.6448,-999.0,3.8976,-999.0,23.05,26.77,20.42,86.22,1.31,1.72,0.81,93.85
19970503,3.43,4.1352,-999.0,3.7824,-999.0,23.0,24.93,21.64,90.4,1.84,3.38,1.17,93.75
19970504,2.1,5.3112,-999.0,4.0848,-999.0,23.56,26.9,21.33,85.14,1.36,2.29,0.87,93.71
19970505,9.77,5.0256,-999.0,4.1472,-999.0,23.3,26.65,20.26,87.93,1.74,2.06,1.07,93.71
19970506,7.41,4.4378,-999.0,3.8712,-999.0,22.71,24.99,21.19,91.21,1.23,1.75,0.73,93.79
19970507,28.73,4.7875,-999.0,4.3728,-999.0,23.47,26.6,21.15,88.34,1.37,1.75,0.85,93.8
19970508,43.54,5.3242,-999.0,3.6792,-999.0,23.32,25.73,21.72,92.12,1.34,1.8,0.83,93.73
19970509,19.59,5.1917,-999.0,3.4608,-999.0,23.38,26.45,21.11,88.68,1.37,2.08,0.84,93.69
19970510,7.03,4.8674,-999.0,4.1448,-999.0,23.14,25.85,21.2,88.63,1.4,2.11,0.87,93.61
19970511,2.87,5.5615,-999.0,3.9768,-999.0,23.81,27.39,20.66,85.07,1.53,1.84,0.92,93.61
19970512,5.97,5.1588,-999.0,3.96,-999.0,23.87,27.18,21.35,86.13,1.47,2.27,0.92,93.66
19970513,0.34,6.1171,-999.0,2.3664,-999.0,23.78,27.27,20.52,81.93,1.31,1.71,0.82,93.67
19970514,0.83,6.3245,-999.0,1.3944,-999.0,23.99,27.47,21.06,80.49,0.95,1.93,0.62,93.67
19970515,1.35,5.5061,-999.0,3.54,-999.0,24.06,27.38,21.22,80.0,1.09,1.58,0.69,93.66
19970516,41.52,4.8142,-999.0,3.7224,-999.0,24.0,27.0,22.06,87.59,1.13,2.08,0.74,93.7
19970517,37.31,5.0234,-999.0,4.3488,-999.0,23.78,26.58,21.59,89.8,1.22,1.95,0.76,93.72
19970518,28.61,4.2816,-999.0,3.9432,-999.0,22.91,25.94,20.07,90.79,1.48,2.0,0.91,93.82
19970519,59.12,4.7122,-999.0,3.5568,-999.0,22.5,23.5,21.84,96.24,1.48,2.74,0.93,93.79
19970520,14.15,3.9005,-999.0,3.8544,-999.0,22.52,24.57,21.1,89.78,0.8,1.27,0.51,93.89
19970521,1.06,5.3033,-999.0,2.7216,-999.0,23.08,25.89,20.74,88.11,1.47,1.92,0.9,93.91
19970522,0.51,5.8466,-999.0,3.0936,-999.0,22.43,24.13,21.23,92.75,1.29,1.81,0.81,93.94
19970523,0.0,5.79,-999.0,2.6088,-999.0,23.39,26.17,21.29,86.2,1.32,2.38,0.84,93.94
19970524,0.01,5.2327,-999.0,3.6624,-999.0,23.32,25.59,21.67,87.26,1.83,2.83,1.11,93.93
19970525,7.34,5.2222,-999.0,3.3624,-999.0,23.21,26.04,21.35,87.63,1.68,2.62,1.04,93.96
19970526,3.42,5.2795,-999.0,3.5592,-999.0,22.98,26.37,20.07,85.16,1.34,1.81,0.83,94.0
19970527,2.61,5.2973,-999.0,3.1632,-999.0,23.57,27.13,20.7,87.54,1.94,2.67,1.2,93.9
19970528,1.55,5.3894,-999.0,2.9184,-999.0,23.34,25.68,21.76,90.62,1.57,2.12,0.93,93.9
19970529,0.22,5.1362,-999.0,3.7752,-999.0,23.5,26.03,22.03,89.92,1.92,2.48,1.18,93.89
19970530,0.0,5.7722,-999.0,2.4696,-999.0,23.14,25.18,21.55,89.26,1.63,2.24,0.99,94.01
19970531,3.69,4.9718,-999.0,3.6696,-999.0,23.01,26.28,20.66,84.19,1.57,2.14,0.99,94.05
19970601,8.46,5.1662,-999.0,3.324,-999.0,22.63,26.3,19.22,86.9,1.59,1.83,0.97,94.09
19970602,3.17,5.1509,-999.0,3.3576,-999.0,22.96,26.68,20.16,86.42,1.65,2.36,1.04,94.04
19970603,6.13,4.8485,-999.0,3.6912,-999.0,22.76,26.33,19.84,86.9,1.51,2.2,0.97,94.13
19970604,2.02,5.315,-999.0,3.3888,-999.0,23.19,27.1,20.03,87.53,1.66,2.2,1.05,94.11
19970605,2.1,5.0863,-999.0,3.612,-999.0,22.86,25.17,21.41,89.89,1.51,2.03,0.95,94.06
19970606,1.25,4.3994,-999.0,4.008,-999.0,22.76,24.95,21.42,90.82,1.67,1.83,1.04,94.02
19970607,1.18,4.361,-999.0,3.7392,-999.0,22.76,25.69,21.25,88.61,1.54,2.04,0.94,94.12
19970608,1.89,5.4662,-999.0,3.3192,-999.0,22.84,26.39,20.55,86.0,1.5,2.41,0.95,94.17
19970609,0.01,5.755,-999.0,2.196,-999.0,22.6,26.52,19.61,81.64,1.44,1.82,0.9,94.1
19970610,0.21,6.0278,-999.0,1.3632,-999.0,22.57,26.57,18.6,81.69,1.39,1.8,0.86,93.98
19970611,0.42,5.7602,-999.0,1.968,-999.0,22.96,26.44,19.88,83.72,1.56,2.33,0.97,93.94
19970612,0.32,4.9483,-999.0,3.3144,-999.0,23.08,26.63,20.89,82.74,1.35,2.07,0.85,94.02
19970613,0.01,5.6278,-999.0,2.5896,-999.0,22.85,26.6,19.4,81.26,1.57,1.91,0.97,93.93
19970614,11.62,5.099,-999.0,3.7536,-999.0,22.99,26.53,19.75,83.84,1.41,2.1,0.88,93.87
19970615,4.22,5.6558,-999.0,2.6856,-999.0,22.86,26.39,20.11,83.97,1.53,2.13,0.94,93.94
19970616,0.0,5.814,-999.0,2.2656,-999.0,22.55,26.13,19.68,82.04,1.51,1.96,0.95,93.95
19970617,0.3,5.7432,-999.0,2.3376,-999.0,22.82,26.57,19.99,82.3,1.38,1.82,0.86,93.93
19970618,11.24,4.7962,-999.0,3.7272,-999.0,22.86,26.25,20.38,86.87,1.44,1.72,0.9,93.9
19970619,28.1,3.0502,-999.0,2.9352,-999.0,22.93,26.39,20.36,90.31,1.75,2.49,1.1,93.9
19970620,4.58,4.1515,-999.0,4.1232,-999.0,22.62,25.29,20.42,89.25,1.44,1.63,0.88,94.04
19970621,0.59,4.393,-999.0,3.7632,-999.0,23.2,26.74,21.01,88.36,1.34,2.4,0.85,93.97
19970622,6.13,3.96,-999.0,3.6216,-999.0,22.25,25.11,19.98,87.75,1.56,2.07,0.98,93.94
19970623,1.71,4.8773,-999.0,3.696,-999.0,22.72,26.19,20.32,88.07,1.46,2.22,0.92,93.78
19970624,13.64,3.6799,-999.0,3.5928,-999.0,22.0,23.55,20.74,91.77,1.43,2.87,0.92,93.75
19970625,3.52,4.0236,-999.0,3.576,-999.0,22.48,25.81,20.03,87.65,1.31,2.16,0.83,93.76
19970626,5.61,4.8718,-999.0,4.0752,-999.0,22.35,25.45,19.78,86.72,1.55,2.0,0.94,93.77
19970627,5.39,4.609,-999.0,3.5736,-999.0,22.46,25.44,20.37,86.84,1.04,1.67,0.64,93.74
19970628,13.09,3.8258,-999.0,3.9888,-999.0,22.13,25.02,20.02,90.14,1.41,2.15,0.88,93.67
19970629,14.28,4.9051,-999.0,4.2192,-999.0,22.59,25.94,20.4,90.08,1.23,2.34,0.76,93.62
19970630,9.77,4.6037,-999.0,3.5376,-999.0,23.01,26.37,20.72,90.43,1.36,2.27,0.84,93.59
19970701,3.21,3.4714,-999.0,3.408,-999.0,23.23,26.87,20.4,87.3,1.37,1.91,0.85,93.65
19970702,7.45,3.738,-999.0,3.4992,-999.0,22.84,25.9,20.58,89.31,1.67,2.35,1.01,93.71
19970703,11.61,4.0795,-999.0,3.432,-999.0,22.35,24.41,20.57,90.56,1.27,1.87,0.78,93.75
19970704,16.95,3.7774,-999.0,3.9168,-999.0,22.56,25.24,20.9,90.53,1.38,1.82,0.87,93.8
19970705,1.05,4.6555,-999.0,3.7296,-999.0,22.6,25.76,20.71,89.04,1.34,2.31,0.88,93.86
19970706,6.15,4.5478,-999.0,4.0224,-999.0,22.04,24.43,20.21,91.95,1.62,2.17,1.03,93.83
19970707,5.31,4.7484,-999.0,3.816,-999.0,22.4,24.96,20.68,90.26,2.09,3.09,1.31,93.85
19970708,13.27,3.7536,-999.0,3.6744,-999.0,21.94,24.31,20.26,92.02,1.87,2.84,1.16,93.89
19970709,15.22,3.4238,-999.0,3.3624,-999.0,22.22,25.05,20.6,90.87,1.99,2.86,1.22,93.91
19970710,12.06,3.5952,-999.0,3.5592,-999.0,21.5,22.9,20.39,94.15,1.34,1.76,0.82,93.93
19970711,3.94,4.5641,-999.0,3.8784,-999.0,22.22,25.25,20.29,89.87,1.43,2.61,0.87,93.89
19970712,2.29,4.8708,-999.0,4.3032,-999.0,22.41,25.6,19.76,89.29,1.35,2.04,0.85,93.91
19970713,0.47,3.6874,-999.0,3.7656,-999.0,22.01,23.96,20.68,91.4,1.25,1.92,0.79,93.96
19970714,0.91,4.0474,-999.0,4.3464,-999.0,22.39,24.91,20.73,90.62,1.53,1.89,0.96,93.96
19970715,14.67,3.7637,-999.0,3.756,-999.0,22.77,25.75,20.49,89.93,1.39,2.32,0.88,93.82
19970716,4.3,3.5234,-999.0,3.7224,-999.0,22.18,24.58,20.43,90.71,1.38,1.85,0.85,93.83
19970717,0.65,4.7724,-999.0,4.1232,-999.0,22.88,25.79,20.7,89.16,1.32,1.85,0.85,93.85
19970718,5.14,4.5766,-999.0,4.14,-999.0,23.23,26.46,21.01,89.48,1.42,2.26,0.88,93.89
19970719,2.87,3.7313,-999.0,3.3072,-999.0,22.61,25.84,20.28,88.29,1.98,2.71,1.21,93.83
19970720,0.27,5.3609,-999.0,3.4464,-999.0,22.27,25.86,19.58,86.4,1.56,2.12,0.98,93.79
19970721,0.98,4.3886,-999.0,3.7752,-999.0,22.33,25.5,19.92,85.82,1.7,2.68,1.04,93.82
19970722,1.64,4.4213,-999.0,3.7392,-999.0,22.44,25.76,20.0,86.95,1.9,2.74,1.18,93.85
19970723,3.16,4.7537,-999.0,3.9888,-999.0,22.0,25.22,19.35,86.91,1.61,2.22,1.02,93.89
19970724,1.07,4.3646,-999.0,4.2096,-999.0,22.64,25.71,20.25,86.97,1.54,2.34,0.99,93.89
19970725,0.63,4.4393,-999.0,3.9888,-999.0,22.51,25.89,20.7,86.54,1.31,1.96,0.83,93.97
19970726,0.27,3.7925,-999.0,3.6456,-999.0,22.49,25.99,20.23,87.73,1.5,2.53,0.96,94.02
19970727,0.1,5.533,-999.0,2.5464,-999.0,22.38,25.49,20.45,87.13,1.71,2.89,1.09,94.07
19970728,0.0,5.8577,-999.0,2.0736,-999.0,22.46,26.12,19.97,84.25,1.59,2.62,1.01,94.08
19970729,0.0,4.5367,-999.0,3.3768,-999.0,22.06,25.1,20.14,82.79,1.57,2.59,1.03,94.02
19970730,0.0,5.2061,-999.0,2.8008,-999.0,22.18,25.8,19.83,82.5,1.5,2.1,0.95,93.97
19970731,0.02,5.5279,-999.0,2.6808,-999.0,21.79,25.25,19.0,83.36,1.8,2.41,1.12,93.93
19970801,0.05,5.3839,-999.0,3.1872,-999.0,22.2,26.03,19.09,84.49,1.63,2.19,1.02,93.86
19970802,0.04,5.3765,-999.0,3.084,-999.0,22.4,25.99,19.35,85.26,1.64,2.38,1.03,93.96
19970803,0.0,5.4958,-999.0,3.2424,-999.0,22.62,26.14,19.8,84.65,1.54,2.24,0.96,94.0
19970804,0.0,5.1641,-999.0,3.984,-999.0,22.79,26.59,20.28,83.02,1.26,2.1,0.81,94.02
19970805,0.0,5.8992,-999.0,3.1608,-999.0,22.83,26.28,20.21,84.31,1.33,2.3,0.85,94.06
19970806,0.14,5.7043,-999.0,3.1512,-999.0,22.61,25.89,20.45,84.5,1.46,2.55,0.94,94.05
19970807,2.59,5.839,-999.0,2.616,-999.0,22.17,25.92,18.71,84.65,1.53,1.99,0.97,94.02
19970808,1.9,6.006,-999.0,2.2056,-999.0,22.38,25.36,20.77,88.44,1.83,2.48,1.13,94.07
19970809,0.0,5.7619,-999.0,2.8416,-999.0,22.97,26.38,20.47,86.03,1.76,2.38,1.1,94.14
19970810,0.04,5.5092,-999.0,3.3624,-999.0,22.92,26.19,21.07,86.78,1.79,2.31,1.11,94.18
19970811,0.01,4.8948,-999.0,4.5888,-999.0,22.12,25.19,20.21,86.35,1.51,1.97,0.94,94.23
19970812,0.0,5.0611,-999.0,4.0944,-999.0,22.35,26.04,20.22,85.36,1.78,3.01,1.11,94.25
19970813,0.0,5.3945,-999.0,4.1784,-999.0,22.33,26.13,19.83,84.61,1.7,2.48,1.08,94.16
19970814,0.0,5.862,-999.0,3.3192,-999.0,21.76,25.48,18.89,82.76,1.37,2.4,0.9,94.12
19970815,0.0,5.4802,-999.0,4.5696,-999.0,21.8,25.58,19.19,83.1,1.62,2.1,1.01,94.06
19970816,0.0,5.7998,-999.0,3.6216,-999.0,21.78,25.4,19.41,82.97,1.87,2.63,1.16,93.98
19970817,0.0,5.5529,-999.0,3.9048,-999.0,21.67,25.2,19.03,82.14,1.9,2.66,1.2,93.92
19970818,0.0,6.474,-999.0,2.1792,-999.0,21.65,25.5,18.54,81.45,1.77,2.21,1.12,93.88
19970819,0.0,5.8978,-999.0,3.408,-999.0,21.84,25.52,19.26,84.15,1.94,2.39,1.22,93.87
19970820,0.0,5.9647,-999.0,2.9472,-999.0,22.31,26.14,19.49,81.94,1.43,2.63,0.94,93.88
19970821,0.0,5.5685,-999.0,3.7416,-999.0,22.81,26.8,19.75,84.18,1.39,2.33,0.88,93.86
19970822,0.0,5.7072,-999.0,3.444,-999.0,22.85,26.7,20.13,83.02,1.44,2.52,0.91,93.86
19970823,7.68,5.3964,-999.0,4.3584,-999.0,22.74,26.41,20.0,85.88,1.64,2.23,1.01,93.87
19970824,2.08,5.2829,-999.0,4.2624,-999.0,22.35,26.19,19.36,86.12,1.64,2.51,1.03,93.93
19970825,6.42,5.5253,-999.0,4.236,-999.0,22.89,26.26,20.46,86.72,1.65,2.53,1.05,93.95
19970826,2.24,5.8404,-999.0,3.7104,-999.0,22.7,26.87,19.29,86.0,1.76,2.08,1.09,93.91
19970827,1.73,5.4302,-999.0,3.828,-999.0,23.05,27.33,19.83,84.48,1.61,2.49,1.01,93.95
19970828,0.0,5.215,-999.0,4.4496,-999.0,23.03,27.51,19.34,83.07,1.41,2.25,0.89,93.9
19970829,0.0,5.7763,-999.0,4.2528,-999.0,22.93,27.27,19.48,83.06,1.54,2.21,0.94,93.99
19970830,0.0,6.0569,-999.0,3.972,-999.0,22.22,26.03,18.82,80.43,1.74,2.58,1.03,94.06
19970831,0.0,5.9813,-999.0,4.224,-999.0,22.69,26.69,19.39,76.9,1.24,2.19,0.81,94.04
19970901,0.0,6.1925,-999.0,3.8016,-999.0,22.74,26.25,20.16,84.48,1.57,2.52,1.0,94.03
19970902,0.77,5.6162,-999.0,4.8888,-999.0,22.36,25.72,19.66,83.79,1.62,2.3,0.99,94.02
19970903,0.04,6.9708,-999.0,2.0376,-999.0,23.0,26.83,20.23,82.0,1.22,1.98,0.8,93.98
19970904,0.04,6.8146,-999.0,2.9712,-999.0,22.85,26.87,19.66,80.98,1.18,1.81,0.78,94.03
19970905,1.5,7.2086,-999.0,1.1352,-999.0,22.9,27.08,19.51,79.41,1.03,1.69,0.67,94.01
19970906,0.0,6.9602,-999.0,2.3376,-999.0,23.19,26.78,20.38,80.43,1.16,2.12,0.76,94.02
19970907,0.0,5.7756,-999.0,4.5192,-999.0,22.98,26.53,19.89,84.06,1.68,2.4,1.08,94.0
19970908,1.89,5.3376,-999.0,4.9656,-999.0,23.07,26.31,20.72,85.21,1.92,2.58,1.2,93.96
19970909,1.25,3.5335,-999.0,3.4128,-999.0,23.01,26.61,20.75,86.99,1.69,2.48,1.08,93.97
19970910,0.05,6.0053,-999.0,4.5336,-999.0,22.92,26.51,20.26,85.37,1.55,2.6,1.0,93.96
19970911,0.0,6.9168,-999.0,2.8104,-999.0,22.02,26.09,18.18,81.5,1.13,1.84,0.74,93.97
19970912,0.0,7.1234,-999.0,1.9656,-999.0,21.9,26.28,18.75,77.71,1.17,2.03,0.78,93.92
19970913,0.0,7.0963,-999.0,1.7328,-999.0,21.5,26.32,17.37,79.49,1.47,2.03,0.93,93.97
19970914,0.0,6.4022,-999.0,4.296,-999.0,21.84,25.99,18.04,77.88,1.43,2.21,0.93,93.99
19970915,0.0,6.4378,-999.0,4.1064,-999.0,21.94,25.99,18.33,79.23,1.56,2.04,1.01,93.94
19970916,0.0,6.2707,-999.0,4.2192,-999.0,22.48,26.49,18.92,80.94,1.6,2.24,1.0,94.0
19970917,0.0,6.1908,-999.0,4.8192,-999.0,22.4,25.71,19.13,82.26,1.48,2.37,0.94,94.11
19970918,3.15,5.7079,-999.0,4.9656,-999.0,22.58,26.32,20.07,84.49,1.53,2.66,0.97,94.11
19970919,0.86,4.291,-999.0,3.624,-999.0,22.27,26.13,19.45,83.66,1.6,2.73,1.01,94.09
19970920,0.0,6.113,-999.0,4.8576,-999.0,22.44,26.66,18.66,79.46,1.33,1.99,0.87,94.0
19970921,0.0,5.1569,-999.0,4.5312,-999.0,22.75,26.46,19.58,82.7,1.6,2.76,1.04,94.03
19970922,0.0,5.9534,-999.0,4.2336,-999.0,23.06,27.33,19.74,81.04,1.46,2.34,0.91,94.05
19970923,0.0,6.7418,-999.0,3.084,-999.0,23.05,27.27,19.39,81.71,1.43,2.36,0.91,94.12
19970924,0.0,6.2902,-999.0,4.6032,-999.0,23.76,27.75,20.52,84.06,1.53,2.04,0.96,94.03
19970925,0.0,6.5107,-999.0,4.0944,-999.0,23.94,28.07,20.82,83.02,1.58,2.31,1.0,93.96
19970926,0.28,6.3758,-999.0,4.188,-999.0,23.74,27.55,20.46,82.8,1.42,1.89,0.86,94.0
19970927,0.31,5.8913,-999.0,5.2512,-999.0,23.84,27.64,20.45,83.19,1.39,2.28,0.87,94.08
19970928,0.01,6.6847,-999.0,3.5664,-999.0,23.85,27.73,20.76,81.29,1.09,1.74,0.7,94.11
19970929,0.0,6.365,-999.0,4.4592,-999.0,23.74,27.72,20.81,79.49,1.04,2.51,0.69,94.16
19970930,1.32,5.9172,-999.0,4.7688,-999.0,23.94,27.43,20.94,82.37,1.04,2.3,0.67,94.1
19971001,4.6,5.2512,-999.0,4.4688,-999.0,23.76,27.07,21.54,86.45,1.86,2.85,1.17,94.02
19971002,4.37,4.9135,-999.0,4.1784,-999.0,22.28,24.02,20.95,91.35,1.37,2.67,0.86,94.1
19971003,1.69,5.495,-999.0,4.1064,-999.0,23.37,27.11,20.21,81.95,1.52,1.97,0.94,94.11
19971004,1.11,4.4808,-999.0,4.14,-999.0,22.82,25.53,20.88,86.01,1.59,3.29,0.99,94.12
19971005,0.41,5.6474,-999.0,4.7376,-999.0,23.92,27.76,20.79,80.74,1.28,2.07,0.8,94.01
19971006,0.02,6.7298,-999.0,3.1488,-999.0,23.86,27.3,21.21,83.17,1.54,2.69,1.01,93.99
19971007,0.01,6.0713,-999.0,4.2096,-999.0,22.74,24.72,21.1,86.21,1.17,1.46,0.73,94.05
19971008,0.0,6.1106,-999.0,4.3776,-999.0,23.53,27.03,20.59,81.41,1.2,2.16,0.74,94.04
19971009,0.03,6.2194,-999.0,4.536,-999.0,23.72,27.67,20.8,79.15,1.16,2.07,0.71,94.05
19971010,0.08,6.4589,-999.0,3.072,-999.0,23.46,27.75,20.54,77.16,1.17,1.87,0.72,94.05
19971011,0.0,5.8183,-999.0,4.3104,-999.0,23.87,28.13,20.91,75.45,1.24,2.01,0.81,94.11
19971012,0.0,6.7279,-999.0,4.0464,-999.0,23.91,28.11,20.72,74.54,1.09,2.04,0.7,94.07
19971013,0.0,6.8839,-999.0,3.12,-999.0,23.83,28.38,20.66,70.1,1.07,1.44,0.7,93.99
19971014,0.0,6.1037,-999.0,3.996,-999.0,23.89,28.29,20.19,75.23,1.41,2.28,0.89,93.89
19971015,0.04,5.4072,-999.0,5.1456,-999.0,24.07,27.6,21.6,80.46,1.24,2.01,0.78,93.83
19971016,0.0,6.918,-999.0,2.0712,-999.0,24.04,27.58,21.06,74.13,1.14,1.77,0.71,93.91
19971017,0.0,7.3241,-999.0,1.1736,-999.0,23.32,28.59,19.22,68.23,1.42,2.22,0.89,93.94
19971018,0.0,7.1981,-999.0,1.3728,-999.0,23.9,28.94,20.0,66.12,1.25,1.92,0.78,93.91
19971019,0.0,7.0166,-999.0,2.004,-999.0,24.57,29.01,20.95,73.59,1.06,2.08,0.69,93.92
19971020,0.0,7.2007,-999.0,1.704,-999.0,24.35,29.56,20.26,69.99,1.35,1.93,0.85,93.9
19971021,0.07,6.2626,-999.0,2.8872,-999.0,24.33,29.72,19.85,65.9,1.25,1.88,0.78,93.94
19971022,0.22,6.8069,-999.0,3.7512,-999.0,24.54,30.34,19.67,64.66,1.27,1.78,0.79,93.91
19971023,0.0,6.8681,-999.0,3.4896,-999.0,24.86,29.79,20.95,71.69,1.06,1.77,0.67,93.94
19971024,0.0,6.2338,-999.0,4.3464,-999.0,24.47,28.22,21.44,73.78,1.04,1.61,0.68,94.01
19971025,2.07,5.8157,-999.0,4.1808,-999.0,24.17,27.7,21.91,77.88,1.18,2.31,0.77,94.02
19971026,0.58,5.9621,-999.0,5.2224,-999.0,23.83,26.66,21.5,80.75,1.33,3.02,0.87,94.05
19971027,0.01,6.84,-999.0,3.4776,-999.0,24.51,28.82,21.4,76.1,1.64,2.67,1.03,94.09
19971028,0.0,7.3411,-999.0,1.1064,-999.0,24.37,28.65,21.2,69.28,1.42,2.63,0.94,94.06
19971029,0.0,6.8386,-999.0,3.3048,-999.0,24.09,28.95,20.0,70.61,1.43,2.52,0.94,93.99
19971030,0.25,6.4054,-999.0,4.1616,-999.0,24.52,29.11,21.26,74.99,1.36,2.17,0.86,93.93
19971031,0.17,6.7049,-999.0,4.1064,-999.0,23.79,27.38,21.1,80.08,1.0,2.0,0.62,93.86
19971101,3.95,5.3582,-999.0,4.524,-999.0,24.11,27.09,21.96,83.09,1.87,2.8,1.13,93.88
19971102,4.61,5.4432,-999.0,4.6464,-999.0,24.14,28.83,21.01,81.11,1.17,1.45,0.7,93.95
19971103,0.59,5.3366,-999.0,4.836,-999.0,24.18,27.22,21.77,82.19,1.44,2.68,0.92,94.01
19971104,2.16,5.3827,-999.0,4.2288,-999.0,24.5,28.17,21.72,79.12,1.51,2.63,0.95,94.06
19971105,0.22,6.8501,-999.0,3.5304,-999.0,24.71,29.25,21.84,70.73,1.4,2.29,0.88,94.01
19971106,0.0,7.1318,-999.0,1.6296,-999.0,24.52,29.14,20.55,68.89,1.08,2.08,0.67,94.07
19971107,0.02,6.7464,-999.0,4.0176,-999.0,24.57,29.76,19.96,71.51,1.27,2.07,0.79,94.12
19971108,0.25,5.9515,-999.0,4.6296,-999.0,25.19,29.68,21.81,73.83,1.03,2.23,0.7,93.99
19971109,0.04,5.4535,-999.0,4.548,-999.0,25.21,29.52,21.93,75.07,1.31,2.83,0.84,93.96
19971110,0.08,6.3986,-999.0,5.22,-999.0,25.27,29.34,22.59,74.89,1.23,2.16,0.78,93.98
19971111,0.07,6.8402,-999.0,3.3888,-999.0,24.88,30.13,20.75,67.47,1.17,1.72,0.73,93.99
19971112,2.51,6.4399,-999.0,3.1176,-999.0,24.69,29.36,20.88,72.61,1.27,1.81,0.81,93.94
19971113,2.6,5.5728,-999.0,5.004,-999.0,25.01,29.52,21.82,76.59,1.09,2.01,0.71,93.87
19971114,6.65,5.8769,-999.0,4.9056,-999.0,25.13,29.74,21.62,76.13,0.98,1.59,0.62,93.84
19971115,14.51,5.5553,-999.0,5.0928,-999.0,23.98,27.66,20.97,83.89,1.48,1.87,0.9,93.81
19971116,2.69,5.2284,-999.0,4.7208,-999.0,24.04,27.94,20.95,80.82,1.36,1.76,0.84,93.82
19971117,5.27,5.7569,-999.0,4.2648,-999.0,24.47,28.56,21.88,80.52,1.13,1.71,0.73,93.79
19971118,2.49,5.7283,-999.0,4.128,-999.0,24.52,28.39,21.9,77.54,1.16,1.9,0.71,93.77
19971119,0.38,5.579,-999.0,4.224,-999.0,24.87,29.37,21.19,73.29,1.33,1.85,0.83,93.81
19971120,0.6,5.5488,-999.0,4.0992,-999.0,24.84,28.65,21.8,79.66,1.3,1.89,0.83,93.88
19971121,2.39,5.5358,-999.0,4.704,-999.0,24.82,28.56,22.36,81.98,1.33,1.96,0.84,93.88
19971122,0.94,4.9315,-999.0,3.84,-999.0,23.81,26.15,22.33,89.16,1.57,2.63,0.97,93.83
19971123,0.39,5.6138,-999.0,4.3008,-999.0,24.6,28.35,22.45,81.73,1.63,2.5,1.0,93.78
19971124,2.18,5.4653,-999.0,4.6488,-999.0,24.59,28.4,22.07,82.41,1.75,3.22,1.08,93.81
19971125,7.58,5.8622,-999.0,3.6096,-999.0,24.59,29.86,19.86,76.2,1.45,1.87,0.88,93.82
19971126,6.35,5.7562,-999.0,3.6672,-999.0,24.34,27.74,21.82,83.89,1.5,2.17,0.94,93.91
19971127,1.39,5.6093,-999.0,4.3632,-999.0,23.9,27.18,21.63,81.19,1.19,2.14,0.75,93.91
19971128,40.21,5.8049,-999.0,3.564,-999.0,23.33,26.13,21.26,86.87,1.48,2.46,0.92,93.89
19971129,9.68,5.9578,-999.0,3.8112,-999.0,24.08,27.36,21.88,82.88,1.08,2.06,0.71,93.88
19971130,32.4,5.8843,-999.0,3.804,-999.0,23.53,26.35,21.62,87.58,1.2,1.78,0.74,93.86
19971201,15.34,5.6945,-999.0,4.4712,-999.0,24.27,28.06,21.8,81.84,1.21,2.05,0.74,93.88
19971202,0.2,6.3487,-999.0,3.312,-999.0,24.65,28.4,21.52,79.07,1.33,1.86,0.84,93.84
19971203,6.84,6.0682,-999.0,3.7344,-999.0,24.82,28.25,22.23,78.22,1.27,2.25,0.81,93.8
19971204,1.17,6.5407,-999.0,2.8128,-999.0,24.51,28.03,21.06,77.47,1.29,1.62,0.8,93.82
19971205,0.21,5.94,-999.0,4.0104,-999.0,25.28,28.99,22.79,77.77,1.17,1.78,0.76,93.83
19971206,0.17,6.1078,-999.0,3.528,-999.0,24.3,26.26,22.71,86.29,1.38,1.88,0.86,93.74
19971207,31.75,4.5806,-999.0,3.9696,-999.0,23.68,25.59,22.03,90.23,1.45,2.45,0.91,93.63
19971208,13.06,4.6212,-999.0,4.0032,-999.0,23.45,25.71,21.94,92.23,1.31,2.38,0.85,93.7
19971209,3.71,5.3374,-999.0,4.0056,-999.0,23.9,26.11,22.25,91.47,1.71,2.75,1.05,93.79
19971210,1.99,4.5739,-999.0,3.768,-999.0,23.33,26.27,21.26,83.99,0.85,1.36,0.51,93.83
19971211,2.56,5.4564,-999.0,2.9736,-999.0,22.97,25.08,21.6,90.0,1.17,1.86,0.7,93.9
19971212,1.15,5.8092,-999.0,4.2792,-999.0,23.79,26.41,22.17,85.38,1.2,1.87,0.75,93.94
19971213,15.41,5.3304,-999.0,3.12,-999.0,23.33,24.73,22.27,92.81,1.81,2.79,1.07,93.92
19971214,27.87,5.4684,-999.0,1.7136,-999.0,23.67,26.28,21.81,86.99,1.22,1.62,0.72,93.87
19971215,6.99,5.8116,-999.0,3.3144,-999.0,23.48,26.49,21.4,89.46,1.41,2.11,0.85,93.88
19971216,26.26,5.5471,-999.0,2.7864,-999.0,23.42,25.47,21.53,90.07,1.32,1.75,0.83,93.91
19971217,11.29,5.8255,-999.0,2.9088,-999.0,23.74,25.49,22.58,92.85,1.91,3.31,1.18,93.83
19971218,5.92,5.8015,-999.0,4.2,-999.0,23.9,26.59,21.84,88.68,1.38,1.97,0.87,93.76
19971219,2.05,4.4086,-999.0,3.7728,-999.0,23.42,24.71,22.24,90.42,0.97,1.45,0.62,93.77
19971220,13.71,5.0801,-999.0,3.8424,-999.0,24.07,27.57,21.9,87.14,1.03,1.74,0.63,93.83
19971221,6.64,5.3858,-999.0,4.6296,-999.0,23.25,25.14,21.56,90.52,1.39,2.19,0.87,93.9
19971222,2.22,4.776,-999.0,4.044,-999.0,23.4,24.78,22.34,90.82,1.34,2.0,0.8,93.89
19971223,48.64,5.5738,-999.0,3.6936,-999.0,23.43,24.96,22.34,92.25,1.02,1.72,0.65,93.82
19971224,13.4,4.2538,-999.0,3.7032,-999.0,23.69,26.06,21.89,90.48,0.79,1.08,0.5,93.74
19971225,0.89,5.8627,-999.0,4.8144,-999.0,24.09,27.24,21.8,84.71,0.97,1.78,0.58,93.75
19971226,31.67,4.6416,-999.0,4.008,-999.0,23.59,26.23,21.52,87.52,0.94,1.53,0.56,93.82
19971227,28.84,5.3052,-999.0,4.2216,-999.0,22.72,24.64,21.25,91.15,1.36,2.09,0.85,93.88
19971228,6.89,4.7597,-999.0,4.0608,-999.0,23.37,26.32,20.92,84.82,1.49,2.64,0.93,93.94
19971229,1.99,4.8886,-999.0,3.6864,-999.0,23.07,25.01,21.86,91.21,1.74,2.85,1.08,93.92
19971230,0.55,4.7952,-999.0,4.0704,-999.0,22.74,24.92,21.39,89.91,1.02,1.64,0.62,93.93
19971231,1.31,5.676,-999.0,3.6504,-999.0,23.64,26.96,21.17,84.56,0.82,1.26,0.5,93.84
19980101,29.3,5.2214,-999.0,4.4352,-999.0,23.57,26.84,21.25,85.65,1.14,1.73,0.68,93.78
19980102,9.0,5.5186,-999.0,5.1144,-999.0,23.34,25.9,21.51,88.93,1.16,1.74,0.7,93.85
19980103,0.7,5.8831,-999.0,4.3872,-999.0,23.72,26.36,22.14,87.4,1.68,2.71,1.02,93.96
19980104,1.1,5.3705,-999.0,3.9936,-999.0,24.45,27.98,22.05,84.17,1.38,2.2,0.86,93.92
19980105,7.37,4.795,-999.0,4.536,-999.0,23.61,25.22,22.66,93.29,1.57,1.85,0.94,93.88
19980106,0.27,5.2543,-999.0,4.9176,-999.0,23.72,26.52,21.29,85.69,0.96,1.37,0.56,93.94
19980107,9.22,4.8893,-999.0,3.972,-999.0,24.08,26.67,22.21,89.68,2.1,3.5,1.28,93.88
19980108,3.29,5.3834,-999.0,3.5664,-999.0,23.98,26.89,22.2,88.6,1.36,2.09,0.85,93.85
19980109,27.88,6.2282,-999.0,2.2296,-999.0,24.52,27.5,22.34,86.85,1.52,2.06,0.93,93.75
19980110,18.98,5.7396,-999.0,4.764,-999.0,24.47,27.95,21.89,84.89,1.4,2.59,0.87,93.7
19980111,0.1,5.7262,-999.0,4.2384,-999.0,24.59,28.18,21.62,84.25,1.43,1.83,0.89,93.74
19980112,0.01,5.6933,-999.0,4.776,-999.0,25.02,28.91,22.2,85.38,1.84,3.05,1.1,93.62
19980113,0.32,5.6662,-999.0,4.152,-999.0,24.81,28.3,22.61,85.1,1.63,2.37,1.0,93.69
19980114,0.01,6.3917,-999.0,3.5688,-999.0,24.76,28.94,21.46,78.57,1.41,1.67,0.87,93.77
19980115,0.13,6.4639,-999.0,2.9424,-999.0,25.35,29.63,22.05,78.69,1.21,2.01,0.78,93.71
19980116,0.48,6.3427,-999.0,2.7504,-999.0,25.39,29.3,22.4,81.59,1.26,1.92,0.81,93.73
19980117,1.01,5.2865,-999.0,4.9896,-999.0,24.51,27.12,22.65,88.2,1.69,2.43,1.04,93.84
19980118,12.09,6.0043,-999.0,4.0104,-999.0,23.49,25.58,21.85,91.19,1.17,2.18,0.74,93.87
19980119,16.17,5.3762,-999.0,4.8096,-999.0,24.04,27.37,21.65,86.51,1.17,1.92,0.75,93.91
19980120,3.46,6.3084,-999.0,2.4192,-999.0,24.37,27.87,22.09,84.42,1.21,1.86,0.76,93.95
19980121,0.21,6.2568,-999.0,3.1464,-999.0,24.58,28.18,21.87,83.64,1.13,1.84,0.69,93.9
19980122,0.08,5.5193,-999.0,3.7416,-999.0,24.53,27.78,22.25,85.47,1.49,2.08,0.92,93.73
19980123,0.02,6.407,-999.0,2.7864,-999.0,24.29,26.99,21.97,83.5,1.41,1.78,0.86,93.73
19980124,28.7,5.8267,-999.0,3.6888,-999.0,24.57,28.21,21.94,82.27,0.91,1.72,0.58,93.86
19980125,14.21,5.7475,-999.0,4.0656,-999.0,24.9,28.17,22.47,83.74,1.02,1.54,0.68,93.9
19980126,6.29,6.0089,-999.0,3.2184,-999.0,24.52,27.66,22.09,85.2,0.83,1.44,0.52,93.93
19980127,1.5,5.9897,-999.0,4.4544,-999.0,24.75,28.93,21.11,82.11,1.71,2.17,1.04,93.94
19980128,6.17,6.3,-999.0,3.8376,-999.0,24.22,27.4,21.31,85.66,1.37,1.9,0.85,94.02
19980129,1.9,6.0374,-999.0,4.6944,-999.0,24.64,28.5,21.95,84.8,1.31,2.02,0.82,94.03
19980130,1.21,5.6573,-999.0,4.1712,-999.0,24.23,27.26,22.08,83.74,0.99,1.33,0.6,94.05
19980131,2.52,4.943,-999.0,4.3296,-999.0,23.77,25.54,22.26,89.54,1.22,2.03,0.78,94.07
19980201,1.92,5.8733,-999.0,4.356,-999.0,24.11,27.02,21.74,87.71,1.35,1.88,0.82,94.08
19980202,9.82,5.6287,-999.0,4.5192,-999.0,24.04,27.16,21.89,87.91,1.12,1.61,0.68,94.02
19980203,14.14,6.2486,-999.0,3.8712,-999.0,24.0,27.29,22.01,86.76,1.05,1.33,0.66,94.04
19980204,7.3,6.071,-999.0,4.224,-999.0,24.18,26.72,22.5,89.72,1.48,2.38,0.93,93.98
19980205,10.29,5.4247,-999.0,4.4904,-999.0,24.32,27.23,22.52,88.73,1.38,1.94,0.86,93.92
19980206,4.96,5.8949,-999.0,4.0296,-999.0,24.61,27.84,22.49,87.76,1.67,2.55,1.05,93.88
19980207,27.56,5.4763,-999.0,4.356,-999.0,24.01,26.57,22.42,88.78,0.99,1.5,0.59,93.93
19980208,3.15,4.679,-999.0,3.8928,-999.0,24.95,29.14,21.76,86.18,1.72,2.3,1.04,93.88
19980209,0.46,6.3302,-999.0,2.5848,-999.0,24.38,28.1,22.01,85.59,1.1,2.24,0.67,94.02
19980210,0.0,6.7783,-999.0,2.8824,-999.0,24.11,27.36,21.61,84.05,0.96,2.09,0.62,94.05
19980211,6.64,5.7902,-999.0,4.3632,-999.0,24.04,26.41,22.4,86.67,1.07,1.49,0.68,94.02
19980212,1.89,5.802,-999.0,4.4928,-999.0,23.78,26.74,21.54,86.95,1.61,2.3,0.99,94.06
19980213,1.99,6.8297,-999.0,2.9712,-999.0,24.5,28.06,21.98,82.47,1.2,1.8,0.76,94.04
19980214,0.51,5.8738,-999.0,4.6344,-999.0,24.03,26.71,21.99,87.89,1.42,2.38,0.88,94.01
19980215,8.77,5.0654,-999.0,3.8976,-999.0,23.99,26.13,22.48,90.63,1.72,2.47,1.04,93.96
19980216,12.78,6.5227,-999.0,2.9784,-999.0,24.17,27.39,21.71,87.35,1.44,1.84,0.88,93.91
19980217,4.18,5.9112,-999.0,5.3976,-999.0,24.79,28.24,21.99,83.75,1.25,2.07,0.78,93.9
19980218,43.53,5.5829,-999.0,4.9704,-999.0,24.41,26.74,22.89,90.14,1.61,2.25,0.99,93.84
19980219,31.14,6.0173,-999.0,4.644,-999.0,24.45,27.24,22.43,89.99,1.31,1.75,0.81,93.81
19980220,15.46,5.0501,-999.0,4.3536,-999.0,24.28,26.16,23.31,94.68,1.45,2.08,0.89,93.84
19980221,3.68,6.8266,-999.0,2.568,-999.0,24.11,26.65,22.44,89.78,1.15,1.94,0.75,93.95
19980222,76.52,5.4593,-999.0,4.152,-999.0,23.35,25.44,22.13,91.84,1.54,1.89,0.94,94.06
19980223,15.12,5.8358,-999.0,4.2816,-999.0,23.63,26.04,21.81,91.58,1.18,1.94,0.74,94.04
19980224,0.34,6.1157,-999.0,3.8496,-999.0,24.81,28.1,22.16,87.15,1.22,2.02,0.76,93.9
19980225,12.81,5.4785,-999.0,4.596,-999.0,24.48,27.44,22.18,87.46,1.17,1.74,0.75,93.87
19980226,4.63,6.389,-999.0,4.0824,-999.0,24.26,26.22,22.77,90.7,1.25,1.74,0.77,93.82
19980227,21.02,5.9138,-999.0,4.6488,-999.0,24.85,28.77,22.02,85.99,1.42,2.08,0.87,93.79
19980228,31.11,4.596,-999.0,4.3152,-999.0,23.26,24.8,22.29,92.73,1.31,1.67,0.82,93.88
19980301,0.56,4.5422,-999.0,3.852,-999.0,24.11,26.54,22.47,89.34,1.02,1.46,0.63,93.83
19980302,0.69,6.2592,-999.0,4.1712,-999.0,24.27,28.05,21.7,85.04,1.56,2.41,0.96,93.85
19980303,4.5,6.7001,-999.0,2.4888,-999.0,24.51,28.6,21.74,86.21,1.55,2.58,0.99,93.83
19980304,2.05,5.4067,-999.0,4.068,-999.0,24.56,28.22,21.37,85.85,1.6,2.68,1.02,93.82
19980305,3.0,5.3957,-999.0,4.3968,-999.0,23.34,24.9,21.89,88.65,1.11,1.64,0.7,93.83
19980306,2.09,4.0392,-999.0,3.444,-999.0,24.07,27.23,22.14,84.08,1.1,2.01,0.71,93.82
19980307,1.8,5.1629,-999.0,4.0008,-999.0,23.99,26.85,21.86,88.18,1.46,2.06,0.91,93.75
19980308,2.44,5.5733,-999.0,3.6984,-999.0,24.88,28.88,21.51,85.63,1.46,1.86,0.92,93.64
19980309,0.87,5.885,-999.0,4.2408,-999.0,24.56,28.2,22.15,87.75,1.15,2.15,0.73,93.71
19980310,0.1,4.867,-999.0,4.152,-999.0,24.58,27.25,22.96,89.27,1.89,3.74,1.14,93.77
19980311,3.39,5.7283,-999.0,4.1208,-999.0,25.04,28.45,22.32,85.22,1.55,2.22,0.98,93.87
19980312,4.01,4.5919,-999.0,3.504,-999.0,24.67,27.56,22.05,86.31,1.36,1.88,0.87,93.93
19980313,2.0,6.3852,-999.0,3.3816,-999.0,24.38,26.7,22.77,88.9,1.4,1.74,0.87,93.91
19980314,7.39,6.216,-999.0,4.1976,-999.0,24.29,27.16,21.73,85.22,1.23,1.6,0.76,93.84
19980315,8.48,4.3226,-999.0,3.5592,-999.0,24.64,27.6,22.33,86.28,1.24,2.04,0.77,93.86
19980316,4.16,6.3876,-999.0,3.3,-999.0,24.63,27.72,22.89,88.88,1.41,2.1,0.85,93.9
19980317,1.04,5.9129,-999.0,4.3176,-999.0,24.36,27.56,22.05,84.98,1.17,1.74,0.74,93.94
19980318,2.43,5.1178,-999.0,3.8688,-999.0,24.16,27.4,21.48,87.49,1.55,2.75,0.96,93.91
19980319,2.88,5.2147,-999.0,3.8616,-999.0,23.31,24.69,21.98,89.76,0.86,1.24,0.54,93.89
19980320,90.77,5.1247,-999.0,3.7872,-999.0,23.18,24.63,22.15,90.38,0.97,2.04,0.67,93.88
19980321,29.81,5.9549,-999.0,3.2232,-999.0,23.91,26.73,22.02,88.51,1.35,1.72,0.88,93.92
19980322,30.82,5.2646,-999.0,4.3272,-999.0,23.63,25.22,22.25,95.52,1.61,2.2,0.96,93.92
19980323,8.53,5.9755,-999.0,4.0992,-999.0,24.32,27.92,21.38,88.6,1.72,2.57,1.04,93.93
19980324,2.37,5.7305,-999.0,4.0944,-999.0,24.73,27.89,22.24,84.65,1.4,2.06,0.87,93.84
19980325,0.83,6.1958,-999.0,3.6144,-999.0,24.42,27.19,22.04,86.68,1.35,2.27,0.85,93.82
19980326,32.69,5.7192,-999.0,3.8376,-999.0,24.38,27.8,21.68,87.33,1.55,2.33,0.95,93.87
19980327,10.53,6.1973,-999.0,3.5424,-999.0,24.26,26.72,22.45,91.69,1.67,2.2,0.99,93.89
19980328,1.7,6.1886,-999.0,4.068,-999.0,24.59,27.6,22.4,88.54,1.71,2.05,1.04,93.89
19980329,13.07,4.5187,-999.0,4.0704,-999.0,23.89,26.42,22.09,90.58,1.53,2.09,0.92,93.95
19980330,8.18,6.3283,-999.0,3.5784,-999.0,23.63,25.44,22.15,92.55,1.41,1.85,0.88,93.9
19980331,50.77,6.2304,-999.0,3.372,-999.0,24.67,28.17,22.21,87.39,1.54,2.15,0.95,93.85
19980401,10.52,5.2735,-999.0,4.0992,-999.0,23.93,25.98,22.41,94.35,1.34,1.92,0.83,93.84
19980402,2.4,4.4839,-999.0,4.296,-999.0,24.45,28.14,22.1,87.62,1.31,2.1,0.81,93.91
19980403,16.05,5.143,-999.0,3.5976,-999.0,23.46,24.55,22.49,93.57,1.28,2.24,0.77,93.92
19980404,17.22,5.6578,-999.0,4.6416,-999.0,24.17,27.31,21.91,89.58,1.35,1.75,0.83,93.96
19980405,112.0,5.5774,-999.0,4.1976,-999.0,24.54,28.28,22.11,89.42,1.65,2.14,1.01,93.94
19980406,43.17,5.3172,-999.0,4.4064,-999.0,24.27,26.26,22.88,92.53,1.36,1.74,0.85,93.84
19980407,44.68,4.5727,-999.0,3.7368,-999.0,24.02,25.49,22.83,94.96,1.46,1.93,0.89,93.77
19980408,12.02,5.3059,-999.0,3.8928,-999.0,24.49,26.96,22.82,92.23,1.39,1.94,0.84,93.68
19980409,64.38,5.6141,-999.0,4.4376,-999.0,24.35,25.76,23.42,94.56,1.08,1.43,0.66,93.7
19980410,31.12,5.6225,-999.0,4.8216,-999.0,24.53,27.42,22.7,89.15,1.06,1.96,0.68,93.77
19980411,40.58,5.0969,-999.0,4.3584,-999.0,24.21,26.66,22.74,89.53,1.37,2.22,0.86,93.78
19980412,40.19,5.8625,-999.0,2.9424,-999.0,24.55,27.2,22.64,86.1,1.25,2.17,0.79,93.71
19980413,46.39,5.5788,-999.0,4.212,-999.0,24.38,27.4,22.18,90.06,1.38,1.89,0.86,93.68
19980414,10.1,6.2038,-999.0,3.144,-999.0,24.45,27.97,21.72,88.88,1.58,2.26,0.92,93.77
19980415,90.62,5.3429,-999.0,3.9504,-999.0,24.57,28.04,22.08,89.69,1.54,2.79,0.96,93.82
19980416,40.19,5.2546,-999.0,4.4472,-999.0,24.11,27.11,21.82,92.28,1.4,2.14,0.87,93.81
19980417,32.79,5.304,-999.0,4.0776,-999.0,24.1,26.96,22.33,90.7,1.16,1.53,0.72,93.82
19980418,15.41,5.3933,-999.0,4.1208,-999.0,24.73,27.58,23.1,89.61,1.31,1.92,0.82,93.75
19980419,4.96,6.3034,-999.0,2.9304,-999.0,24.89,28.38,21.97,87.64,1.54,1.91,0.93,93.76
19980420,13.19,5.916,-999.0,3.7512,-999.0,24.52,27.79,22.42,88.83,1.76,2.3,1.05,93.83
19980421,1.57,5.2807,-999.0,4.08,-999.0,25.05,28.11,22.38,82.98,1.08,1.61,0.67,93.9
19980422,17.17,5.2973,-999.0,3.4872,-999.0,24.72,26.93,23.29,88.73,1.26,2.17,0.79,93.82
19980423,18.27,5.5459,-999.0,4.344,-999.0,24.64,26.95,23.33,92.17,1.0,1.53,0.62,93.83
19980424,11.98,3.5974,-999.0,3.108,-999.0,23.92,25.21,23.07,91.31,1.04,1.6,0.63,93.93
19980425,9.73,5.8308,-999.0,3.1008,-999.0,24.49,27.11,22.55,88.28,0.97,1.63,0.63,93.89
19980426,29.29,5.472,-999.0,3.72,-999.0,24.57,27.64,22.6,87.43,1.23,1.97,0.79,93.84
19980427,23.81,5.9124,-999.0,3.2304,-999.0,24.15,27.4,21.8,89.63,1.38,2.31,0.85,93.8
19980428,5.66,5.2346,-999.0,4.7136,-999.0,24.1,26.96,21.28,90.94,1.65,2.17,1.03,93.79
19980429,27.22,4.9075,-999.0,4.4784,-999.0,24.48,27.17,22.88,90.06,1.2,1.86,0.73,93.78
19980430,8.5,5.2294,-999.0,3.5448,-999.0,23.93,25.91,22.51,90.22,0.96,1.3,0.58,93.8
19980501,20.1,4.6889,-999.0,4.2384,-999.0,24.24,26.69,22.91,88.33,1.19,2.05,0.74,93.82
19980502,14.34,4.8869,-999.0,4.5576,-999.0,23.55,25.91,21.29,90.49,1.18,1.85,0.73,93.9
19980503,2.67,5.5466,-999.0,3.984,-999.0,23.63,25.48,22.24,90.73,0.74,1.3,0.44,93.87
19980504,3.15,5.3434,-999.0,4.08,-999.0,24.07,27.18,21.43,86.84,1.36,1.7,0.82,93.63
19980505,25.98,4.7561,-999.0,4.5816,-999.0,24.17,27.37,22.21,90.87,1.9,2.79,1.17,93.61
19980506,2.66,5.9441,-999.0,3.1728,-999.0,24.23,27.89,20.74,87.01,1.56,1.76,0.96,93.69
19980507,41.13,5.3141,-999.0,4.1328,-999.0,24.26,27.08,22.73,91.93,1.26,2.23,0.81,93.67
19980508,26.32,4.4887,-999.0,4.3488,-999.0,23.79,25.8,22.47,93.75,1.13,2.23,0.68,93.66
19980509,4.76,4.585,-999.0,4.3824,-999.0,24.17,27.34,21.71,91.05,1.64,1.93,1.01,93.56
19980510,8.28,4.795,-999.0,4.6656,-999.0,24.19,26.81,22.39,90.35,1.39,1.94,0.84,93.52
19980511,78.04,4.8103,-999.0,4.3104,-999.0,24.48,27.75,21.95,88.32,1.53,2.37,0.93,93.54
19980512,3.94,4.5322,-999.0,3.9024,-999.0,24.81,27.96,22.5,90.32,1.52,1.91,0.92,93.53
19980513,26.98,5.0563,-999.0,3.4896,-999.0,24.8,28.1,22.69,89.42,1.58,2.51,0.95,93.56
19980514,20.24,4.2641,-999.0,4.1784,-999.0,24.44,27.09,22.85,89.89,1.34,2.27,0.84,93.52
19980515,15.45,5.0035,-999.0,4.4064,-999.0,23.81,26.63,21.99,93.53,1.47,2.05,0.9,93.5
19980516,19.41,3.8074,-999.0,3.8064,-999.0,23.72,24.94,22.8,94.81,1.17,1.54,0.74,93.62
19980517,26.46,4.7938,-999.0,3.936,-999.0,23.95,25.39,22.99,95.62,1.94,2.72,1.2,93.8
19980518,19.12,5.6016,-999.0,2.7288,-999.0,24.06,26.29,22.65,92.87,1.43,1.86,0.9,93.84
19980519,40.49,4.6109,-999.0,4.2144,-999.0,24.11,25.21,23.25,92.45,0.96,1.79,0.63,93.85
19980520,11.75,5.1569,-999.0,3.8856,-999.0,24.19,25.87,22.76,92.04,0.88,1.16,0.57,93.84
19980521,5.86,5.1497,-999.0,3.7392,-999.0,24.36,25.68,23.23,91.96,1.26,2.35,0.77,93.83
19980522,6.54,4.301,-999.0,3.4008,-999.0,24.39,27.11,22.79,90.35,1.48,2.72,0.97,93.75
19980523,1.31,5.4278,-999.0,3.6288,-999.0,24.11,25.94,22.88,93.38,1.39,2.23,0.86,93.75
19980524,0.26,5.1938,-999.0,4.2672,-999.0,24.25,26.23,23.15,90.5,1.1,2.57,0.69,93.76
19980525,0.25,5.3899,-999.0,3.504,-999.0,23.94,25.43,22.5,89.65,0.95,2.11,0.64,93.78
19980526,42.65,5.2178,-999.0,4.1064,-999.0,24.29,27.99,21.69,89.21,1.26,1.85,0.78,93.91
19980527,29.06,5.2795,-999.0,3.4968,-999.0,24.15,26.52,22.26,92.03,1.27,2.12,0.79,93.99
19980528,12.97,4.6666,-999.0,4.2144,-999.0,23.47,24.59,22.7,92.86,0.52,0.91,0.34,93.95
19980529,1.33,5.5082,-999.0,2.5488,-999.0,24.65,27.64,22.68,87.78,1.45,2.43,0.92,93.79
19980530,21.93,4.4729,-999.0,3.6216,-999.0,23.72,24.99,22.74,93.64,1.26,2.09,0.75,93.82
19980531,3.42,5.3974,-999.0,2.88,-999.0,24.39,27.21,22.68,88.29,1.29,1.71,0.8,93.92
19980601,16.71,4.8761,-999.0,3.4464,-999.0,24.14,26.45,22.22,88.4,0.99,1.53,0.65,93.84
19980602,20.12,3.8813,-999.0,3.4296,-999.0,23.94,25.9,22.4,90.33,1.07,2.35,0.68,93.74
19980603,8.4,4.7378,-999.0,3.7464,-999.0,23.54,25.56,22.14,91.71,1.22,2.21,0.79,93.73
19980604,1.91,4.633,-999.0,4.1808,-999.0,24.01,27.43,20.95,85.67,1.44,2.12,0.91,93.75
19980605,5.6,4.8566,-999.0,4.3752,-999.0,23.38,25.09,22.35,92.43,0.97,1.64,0.62,93.8
19980606,30.62,4.7446,-999.0,3.9288,-999.0,24.11,26.82,22.28,90.88,1.53,2.55,0.96,93.77
19980607,13.6,3.6542,-999.0,3.6288,-999.0,24.16,27.06,22.32,90.88,1.57,2.06,0.97,93.72
19980608,15.21,4.5672,-999.0,3.9624,-999.0,23.46,25.34,21.81,93.11,1.52,2.59,0.93,93.76
19980609,8.33,5.075,-999.0,3.4728,-999.0,23.45,26.14,21.07,90.96,1.53,2.29,0.97,93.77
19980610,9.55,2.2522,-999.0,1.8384,-999.0,23.16,24.36,22.26,94.34,1.04,2.18,0.67,93.84
19980611,2.43,4.6186,-999.0,3.7056,-999.0,23.18,25.66,21.18,89.13,1.25,1.72,0.77,93.82
19980612,12.8,5.1202,-999.0,2.4264,-999.0,24.01,25.87,22.6,90.97,0.99,1.61,0.6,93.72
19980613,5.25,5.4161,-999.0,3.084,-999.0,23.41,24.63,22.53,93.56,1.26,2.01,0.76,93.8
19980614,0.1,6.0523,-999.0,1.3752,-999.0,24.29,27.1,22.24,85.83,1.3,2.33,0.84,93.83
19980615,24.23,5.5954,-999.0,2.5464,-999.0,24.26,26.94,21.87,88.51,1.34,1.72,0.82,93.85
19980616,21.77,5.3496,-999.0,2.9088,-999.0,23.49,26.23,21.51,90.46,1.2,1.77,0.74,93.81
19980617,12.87,3.9149,-999.0,3.6552,-999.0,23.37,25.09,21.93,93.32,1.54,1.95,0.93,93.75
19980618,27.89,4.5787,-999.0,3.624,-999.0,23.74,25.83,22.44,88.08,1.15,1.62,0.72,93.76
19980619,16.64,5.2075,-999.0,2.7624,-999.0,23.84,26.66,21.72,87.23,1.18,1.85,0.74,93.78
19980620,7.9,5.0004,-999.0,3.744,-999.0,23.13,25.14,21.81,92.4,1.34,2.47,0.86,93.8
19980621,3.14,4.2979,-999.0,4.1208,-999.0,22.93,24.95,21.22,93.67,1.21,1.62,0.76,93.74
19980622,8.02,4.7165,-999.0,3.888,-999.0,23.02,24.38,22.1,95.26,1.39,2.15,0.88,93.66
19980623,5.77,3.6053,-999.0,3.4392,-999.0,22.98,24.77,21.93,92.94,1.54,2.32,0.94,93.68
19980624,1.36,3.4421,-999.0,3.5232,-999.0,22.67,24.55,21.41,87.42,0.99,1.36,0.64,93.73
19980625,2.74,3.2926,-999.0,3.1248,-999.0,23.03,25.34,21.0,91.58,1.27,1.48,0.79,93.64
19980626,0.57,4.1599,-999.0,3.9072,-999.0,23.46,26.36,21.28,88.85,1.16,1.71,0.72,93.71
19980627,10.6,3.5006,-999.0,3.3432,-999.0,23.53,26.38,21.56,91.11,1.13,1.65,0.7,93.72
19980628,11.82,4.5734,-999.0,3.7776,-999.0,22.88,24.49,21.74,93.9,1.03,1.55,0.63,93.78
19980629,29.71,4.0968,-999.0,3.6936,-999.0,22.79,24.75,21.41,90.43,1.39,1.98,0.86,93.75
19980630,7.58,5.545,-999.0,2.1288,-999.0,23.66,26.2,22.05,89.4,1.45,2.16,0.9,93.73
19980701,0.07,5.0746,-999.0,2.34,-999.0,23.42,25.6,21.32,86.07,1.04,1.57,0.64,93.75
19980702,0.04,5.3146,-999.0,2.7816,-999.0,23.56,25.47,21.2,86.33,0.95,1.45,0.6,93.77
19980703,1.59,5.1518,-999.0,2.9184,-999.0,23.36,25.72,21.45,89.32,0.81,1.49,0.51,93.81
19980704,7.76,4.2588,-999.0,3.1776,-999.0,23.6,26.0,21.6,89.56,1.27,1.68,0.77,93.84
19980705,27.74,5.0789,-999.0,3.2712,-999.0,23.43,26.56,20.6,88.71,1.47,1.97,0.89,93.91
19980706,18.9,4.9411,-999.0,3.5472,-999.0,22.98,25.41,20.88,90.56,1.3,1.66,0.81,93.94
19980707,13.98,4.5022,-999.0,3.4272,-999.0,23.15,25.48,21.49,89.25,1.05,2.01,0.67,93.91
19980708,17.86,4.3634,-999.0,3.6216,-999.0,22.94,25.2,21.04,88.99,1.29,2.3,0.8,93.84
19980709,7.88,4.6831,-999.0,3.8448,-999.0,22.89,25.14,21.56,90.25,1.27,1.88,0.8,93.79
19980710,6.52,4.2814,-999.0,4.0872,-999.0,22.5,23.69,21.56,94.99,1.31,2.44,0.83,93.75
19980711,20.56,1.9558,-999.0,1.4616,-999.0,22.55,24.55,21.29,93.37,1.15,1.58,0.72,93.77
19980712,3.05,5.3498,-999.0,2.8968,-999.0,22.91,25.46,21.63,91.71,1.13,2.23,0.75,93.77
19980713,10.94,3.402,-999.0,3.36,-999.0,22.4,24.07,21.08,92.92,1.11,1.8,0.69,93.86
19980714,3.58,4.3274,-999.0,4.0872,-999.0,22.57,24.88,21.05,89.95,0.94,1.35,0.6,93.9
19980715,0.97,5.142,-999.0,3.2112,-999.0,22.45,24.23,21.06,91.17,0.66,1.31,0.41,93.83
19980716,12.44,4.5271,-999.0,4.0296,-999.0,23.31,25.95,21.44,90.37,1.08,1.63,0.68,93.72
19980717,8.68,4.955,-999.0,3.612,-999.0,23.45,26.47,21.09,87.94,1.47,1.78,0.89,93.7
19980718,10.23,5.0119,-999.0,3.7488,-999.0,23.35,26.56,20.82,86.53,1.46,1.84,0.88,93.76
19980719,2.08,4.3267,-999.0,3.9264,-999.0,24.09,27.24,21.72,84.87,1.31,2.03,0.79,93.72
19980720,6.35,5.0093,-999.0,4.584,-999.0,23.78,26.44,21.7,85.21,1.13,1.32,0.7,93.63
19980721,4.07,3.4279,-999.0,3.384,-999.0,22.95,24.7,21.34,92.23,1.4,2.27,0.85,93.59
19980722,18.1,4.9123,-999.0,4.0008,-999.0,23.44,26.09,21.12,89.15,1.39,1.77,0.84,93.6
19980723,24.09,4.6231,-999.0,4.0296,-999.0,23.34,26.02,21.24,90.22,1.3,1.8,0.8,93.66
19980724,12.9,4.5497,-999.0,3.7104,-999.0,23.6,25.87,22.19,89.84,1.22,2.05,0.77,93.67
19980725,26.59,3.7985,-999.0,3.5976,-999.0,22.87,24.13,21.95,93.77,1.32,2.43,0.83,93.66
19980726,59.4,4.5403,-999.0,4.0752,-999.0,23.19,25.6,21.47,92.23,1.21,1.43,0.74,93.62
19980727,30.1,5.3378,-999.0,3.3912,-999.0,23.94,26.87,21.79,88.8,1.39,1.96,0.85,93.61
19980728,1.25,4.6553,-999.0,3.5352,-999.0,23.79,26.44,21.29,87.86,1.49,2.16,0.93,93.58
19980729,10.86,4.1172,-999.0,3.6168,-999.0,23.64,25.87,21.73,90.38,1.09,1.61,0.68,93.62
19980730,15.93,4.223,-999.0,3.9432,-999.0,23.14,25.58,21.17,89.94,1.33,1.67,0.8,93.69
19980731,14.63,4.4335,-999.0,4.2384,-999.0,23.24,25.98,21.1,89.52,1.29,1.99,0.79,93.79
19980801,3.64,3.03,-999.0,2.916,-999.0,23.21,26.4,20.94,89.78,1.33,1.82,0.85,93.84
19980802,0.17,5.4967,-999.0,3.7416,-999.0,23.31,26.16,21.73,88.84,1.3,2.22,0.85,93.85
19980803,2.75,5.3772,-999.0,3.6792,-999.0,23.67,26.94,21.46,86.62,1.24,2.08,0.79,93.83
19980804,60.01,3.3547,-999.0,3.204,-999.0,23.29,25.99,21.7,89.7,1.36,1.9,0.82,93.86
19980805,9.75,5.1684,-999.0,3.7248,-999.0,23.29,26.13,21.35,85.58,1.08,1.9,0.66,93.87
19980806,2.69,5.5574,-999.0,3.6216,-999.0,23.63,26.95,20.98,88.25,1.61,1.99,1.0,93.83
19980807,0.51,5.0628,-999.0,3.6168,-999.0,23.7,26.8,21.51,86.7,1.4,1.93,0.86,93.9
19980808,12.74,5.3837,-999.0,3.612,-999.0,22.94,25.9,20.89,86.98,1.49,2.04,0.93,93.88
19980809,6.39,4.0913,-999.0,4.2,-999.0,22.7,25.54,20.6,89.32,1.83,2.59,1.14,93.88
19980810,0.35,5.7859,-999.0,3.396,-999.0,22.6,26.11,19.54,82.2,1.3,2.09,0.82,93.93
19980811,1.12,5.2284,-999.0,4.0968,-999.0,23.13,26.03,20.68,85.83,1.47,2.29,0.9,93.89
19980812,2.05,3.991,-999.0,4.1376,-999.0,23.38,26.13,21.47,87.01,1.38,2.33,0.85,93.78
19980813,13.2,3.8213,-999.0,3.876,-999.0,22.81,24.92,21.52,88.72,1.15,1.64,0.69,93.78
19980814,63.96,4.7002,-999.0,4.356,-999.0,23.0,25.96,20.31,87.07,1.2,1.74,0.75,93.76
19980815,100.61,3.6254,-999.0,3.2856,-999.0,23.35,26.47,21.21,90.69,1.55,2.73,0.96,93.75
19980816,12.19,3.9919,-999.0,4.1184,-999.0,22.72,25.89,20.09,89.81,1.65,2.31,1.03,93.73
19980817,19.3,4.0992,-999.0,3.8088,-999.0,23.02,25.63,21.33,88.66,1.47,2.08,0.92,93.74
19980818,13.44,4.9846,-999.0,4.8528,-999.0,23.06,26.49,20.42,86.96,1.4,2.05,0.87,93.76
19980819,2.28,3.8234,-999.0,3.6624,-999.0,23.3,26.93,21.04,87.75,1.18,1.8,0.72,93.7
19980820,23.85,6.0274,-999.0,3.1104,-999.0,23.18,26.55,20.23,87.04,1.4,1.87,0.87,93.66
19980821,20.92,4.9882,-999.0,4.0488,-999.0,23.59,26.77,21.31,89.48,1.27,2.21,0.83,93.7
19980822,47.14,5.5303,-999.0,4.3368,-999.0,23.9,26.85,21.9,88.61,1.06,1.52,0.64,93.74
19980823,35.91,3.8462,-999.0,3.732,-999.0,23.29,24.9,22.24,92.63,1.39,2.15,0.82,93.81
19980824,8.08,4.891,-999.0,4.236,-999.0,23.54,26.45,21.5,88.15,1.21,1.47,0.73,93.85
19980825,41.01,4.517,-999.0,4.1232,-999.0,23.45,26.13,21.75,90.03,1.34,1.88,0.84,93.79
19980826,22.02,4.3145,-999.0,4.128,-999.0,22.92,25.48,20.64,89.73,1.21,1.85,0.76,93.84
19980827,7.07,3.2705,-999.0,3.2184,-999.0,22.54,24.66,20.6,92.09,1.26,2.14,0.8,93.95
19980828,0.06,6.9161,-999.0,1.6272,-999.0,22.33,25.63,20.2,80.03,1.46,2.04,0.95,93.97
19980829,0.0,6.1625,-999.0,2.9856,-999.0,22.54,25.53,20.07,84.13,1.54,2.59,1.01,93.78
19980830,3.93,5.4286,-999.0,3.5808,-999.0,23.11,26.56,20.41,81.98,1.35,2.41,0.85,93.73
19980831,38.33,4.823,-999.0,4.2048,-999.0,22.93,26.59,19.59,86.47,1.59,2.57,1.0,93.81
19980901,12.37,5.9786,-999.0,4.1688,-999.0,23.26,26.74,20.22,84.63,1.42,2.05,0.87,93.9
19980902,1.97,6.1906,-999.0,3.732,-999.0,23.69,27.21,20.85,84.08,1.46,2.11,0.91,93.98
19980903,7.1,5.9297,-999.0,3.6264,-999.0,23.43,27.07,20.71,85.87,1.58,2.36,0.99,93.99
19980904,3.83,5.5493,-999.0,4.4424,-999.0,22.96,26.07,21.15,87.71,1.55,3.0,1.01,93.99
19980905,24.18,5.863,-999.0,4.212,-999.0,22.4,25.15,20.29,87.92,1.68,2.42,1.06,93.92
19980906,1.38,6.1176,-999.0,3.9264,-999.0,23.01,26.64,20.53,83.11,1.46,2.21,0.91,93.96
19980907,2.84,5.6597,-999.0,3.6504,-999.0,23.08,26.75,19.66,84.41,1.36,1.78,0.86,93.96
19980908,10.4,4.1981,-999.0,4.0512,-999.0,23.37,26.45,20.57,88.19,1.42,2.01,0.87,93.95
19980909,1.65,4.7827,-999.0,4.3248,-999.0,23.53,26.93,20.89,85.82,1.29,1.71,0.83,93.83
19980910,0.17,6.4826,-999.0,3.264,-999.0,23.26,25.94,21.63,83.43,1.13,1.89,0.72,93.82
19980911,0.02,6.9955,-999.0,1.7664,-999.0,23.01,26.14,20.53,82.54,1.11,2.29,0.73,93.78
19980912,3.04,5.0736,-999.0,3.9768,-999.0,22.92,26.13,20.55,83.58,1.29,2.11,0.83,93.77
19980913,5.63,5.737,-999.0,3.9672,-999.0,23.39,26.76,21.3,86.3,1.67,2.8,1.07,93.74
19980914,1.04,5.7576,-999.0,4.308,-999.0,23.33,26.2,21.4,87.08,1.2,1.77,0.78,93.73
19980915,7.21,5.9006,-999.0,4.7376,-999.0,23.8,26.81,21.95,86.67,1.15,1.76,0.73,93.68
19980916,41.13,6.0017,-999.0,4.8552,-999.0,23.45,27.08,20.92,86.26,1.33,2.1,0.84,93.69
19980917,15.27,6.8467,-999.0,2.7912,-999.0,23.86,27.34,21.04,85.65,1.21,2.01,0.76,93.69
19980918,7.53,5.844,-999.0,4.9416,-999.0,23.43,26.17,21.2,87.89,1.26,1.95,0.82,93.64
19980919,3.62,6.0338,-999.0,5.3424,-999.0,23.84,27.08,21.76,86.45,1.24,2.0,0.76,93.69
19980920,5.41,5.695,-999.0,4.9608,-999.0,23.07,25.61,21.2,85.24,1.14,1.6,0.71,93.78
19980921,6.19,5.6242,-999.0,4.428,-999.0,23.79,26.77,21.51,84.83,1.15,1.61,0.71,93.75
19980922,0.72,5.5757,-999.0,4.6056,-999.0,24.17,27.06,21.48,88.34,1.41,2.22,0.89,93.7
19980923,52.67,5.8596,-999.0,4.3632,-999.0,23.79,25.84,22.24,92.03,1.44,2.13,0.87,93.67
19980924,43.67,4.0817,-999.0,3.9216,-999.0,23.08,25.4,21.64,91.67,1.04,1.79,0.6,93.66
19980925,10.93,5.3861,-999.0,4.4688,-999.0,22.96,25.23,21.44,92.19,1.05,1.83,0.65,93.63
19980926,7.2,5.4943,-999.0,3.8544,-999.0,23.92,26.93,21.89,87.77,1.59,2.07,0.98,93.64
19980927,18.55,5.1526,-999.0,4.5408,-999.0,23.35,25.39,22.08,90.58,1.41,2.47,0.89,93.69
19980928,1.86,5.4379,-999.0,4.5816,-999.0,23.93,26.98,21.34,85.22,1.18,2.15,0.77,93.68
19980929,2.14,5.2248,-999.0,3.6984,-999.0,23.96,26.75,21.61,87.74,1.02,1.67,0.66,93.64
19980930,0.96,5.9107,-999.0,4.1904,-999.0,23.91,27.39,20.77,84.7,1.52,2.02,0.95,93.63
19981001,10.86,5.1437,-999.0,4.116,-999.0,23.65,26.32,21.0,85.86,1.44,2.04,0.93,93.71
19981002,13.94,4.4383,-999.0,4.1712,-999.0,23.41,25.57,22.04,90.41,1.42,1.99,0.91,93.72
19981003,1.96,5.311,-999.0,4.584,-999.0,23.28,25.82,21.68,87.55,1.06,1.58,0.67,93.7
19981004,57.41,5.0995,-999.0,4.524,-999.0,23.4,25.38,22.2,89.75,1.16,1.46,0.71,93.68
19981005,17.78,5.4024,-999.0,4.5384,-999.0,22.57,24.11,21.35,91.53,1.36,2.52,0.86,93.74
19981006,5.75,4.5696,-999.0,3.8424,-999.0,23.22,25.96,21.33,88.52,1.28,2.63,0.81,93.69
19981007,0.68,6.0732,-999.0,4.0656,-999.0,24.11,27.32,21.83,85.55,1.18,2.01,0.77,93.64
19981008,34.4,5.8529,-999.0,5.1216,-999.0,23.65,25.89,21.8,87.26,1.42,2.29,0.91,93.65
19981009,47.42,4.1566,-999.0,3.8616,-999.0,23.45,24.95,22.36,88.13,0.97,1.9,0.59,93.69
19981010,5.22,5.6268,-999.0,4.8816,-999.0,23.84,26.45,22.18,86.09,1.12,2.17,0.7,93.75
19981011,5.55,4.7206,-999.0,2.8344,-999.0,24.07,26.4,22.7,88.76,1.37,2.14,0.87,93.72
19981012,0.74,6.4174,-999.0,3.9696,-999.0,23.97,26.91,21.85,86.4,1.41,2.35,0.91,93.72
19981013,1.78,6.529,-999.0,4.5456,-999.0,23.91,27.37,20.44,81.71,1.43,2.02,0.89,93.72
19981014,0.52,6.3154,-999.0,4.4688,-999.0,24.62,28.13,22.23,81.1,1.11,1.92,0.71,93.65
19981015,0.55,6.8441,-999.0,1.8624,-999.0,24.03,26.56,21.58,83.76,1.27,1.69,0.79,93.69
19981016,1.1,5.837,-999.0,4.032,-999.0,24.24,27.04,22.36,84.22,1.25,2.3,0.8,93.73
19981017,1.88,5.6815,-999.0,4.4976,-999.0,24.02,26.8,21.84,85.17,1.34,1.81,0.84,93.75
19981018,0.51,5.1814,-999.0,5.0064,-999.0,23.74,26.0,22.48,87.79,1.24,2.01,0.76,93.69
19981019,2.89,5.5267,-999.0,3.6072,-999.0,24.38,27.54,22.16,86.03,1.36,1.93,0.86,93.65
19981020,0.67,6.3504,-999.0,3.6408,-999.0,24.23,26.9,22.74,88.86,1.66,2.53,1.04,93.71
19981021,1.48,6.1186,-999.0,4.2072,-999.0,24.25,27.26,22.35,88.34,1.75,2.71,1.08,93.69
19981022,5.53,5.7163,-999.0,5.3088,-999.0,24.25,27.25,22.09,90.05,1.65,2.47,1.03,93.62
19981023,4.6,6.3569,-999.0,4.3104,-999.0,24.17,27.61,20.73,85.63,1.53,2.03,0.92,93.61
19981024,2.81,4.8569,-999.0,4.2744,-999.0,23.57,25.94,21.33,87.86,1.4,1.76,0.84,93.68
19981025,1.43,6.1178,-999.0,3.3552,-999.0,24.65,28.2,22.06,84.79,1.17,1.95,0.73,93.62
19981026,1.79,5.6782,-999.0,3.6768,-999.0,24.32,27.36,22.06,88.08,1.36,2.07,0.83,93.69
19981027,10.03,4.9937,-999.0,4.1496,-999.0,24.0,26.87,21.5,87.32,1.4,1.96,0.87,93.77
19981028,2.48,6.1706,-999.0,3.9168,-999.0,24.47,27.56,22.06,85.2,1.1,1.61,0.7,93.78
19981029,14.38,5.6278,-999.0,4.752,-999.0,24.15,26.45,22.51,88.09,1.36,2.05,0.87,93.75
19981030,9.83,6.8143,-999.0,3.3048,-999.0,24.08,26.88,21.81,89.43,1.38,2.21,0.89,93.65
19981031,4.95,5.8018,-999.0,4.8888,-999.0,23.6,25.97,22.22,90.17,1.6,2.19,0.99,93.65
19981101,8.28,6.3763,-999.0,4.4568,-999.0,23.42,25.72,21.6,85.98,1.18,1.71,0.76,93.65
19981102,11.34,5.0621,-999.0,3.7968,-999.0,23.29,24.72,22.11,91.95,1.5,2.3,0.92,93.62
19981103,3.58,5.4461,-999.0,4.5888,-999.0,24.01,26.61,22.69,86.55,0.84,1.57,0.55,93.62
19981104,6.52,5.5927,-999.0,4.7544,-999.0,24.21,27.61,21.82,88.54,1.52,2.16,0.95,93.57
19981105,7.82,6.2698,-999.0,3.6864,-999.0,23.82,25.99,22.6,89.37,1.17,2.37,0.77,93.57
19981106,9.38,5.537,-999.0,4.0464,-999.0,23.25,26.4,21.64,87.84,1.16,2.23,0.72,93.55
19981107,3.82,6.2369,-999.0,4.3776,-999.0,24.0,26.81,22.33,86.22,1.07,1.79,0.68,93.51
19981108,4.7,4.8982,-999.0,4.4496,-999.0,23.03,24.38,22.04,92.79,1.25,1.79,0.78,93.57
19981109,41.86,5.6117,-999.0,4.8048,-999.0,23.83,25.95,22.26,89.64,1.4,2.04,0.88,93.57
19981110,38.58,3.9475,-999.0,3.2448,-999.0,24.08,26.61,22.64,89.3,0.97,1.53,0.59,93.58
19981111,19.65,5.6561,-999.0,4.6848,-999.0,23.93,26.89,22.0,88.86,1.33,2.3,0.81,93.5
19981112,21.42,5.3918,-999.0,4.1952,-999.0,23.25,24.65,22.05,95.79,1.38,1.88,0.79,93.47
19981113,23.31,3.5503,-999.0,2.9232,-999.0,23.87,26.54,22.37,87.6,0.79,1.31,0.47,93.44
19981114,7.1,4.225,-999.0,3.4584,-999.0,23.39,25.65,22.01,91.22,0.82,1.99,0.51,93.58
19981115,9.68,4.3673,-999.0,3.5328,-999.0,23.58,25.99,22.06,85.46,0.88,1.64,0.52,93.66
19981116,11.45,6.0804,-999.0,4.1424,-999.0,24.02,27.0,21.64,85.12,0.92,1.56,0.56,93.5
19981117,5.25,4.3702,-999.0,3.4512,-999.0,23.55,25.32,22.04,87.53,0.6,1.17,0.38,93.45
19981118,0.96,5.8325,-999.0,4.1376,-999.0,24.13,27.46,21.98,83.54,0.92,1.99,0.57,93.49
19981119,27.81,5.7302,-999.0,3.8208,-999.0,23.61,25.65,22.08,87.53,0.65,1.22,0.38,93.59
19981120,12.46,5.321,-999.0,4.6392,-999.0,24.28,26.86,22.33,84.05,0.69,1.14,0.47,93.59
19981121,1.46,5.0827,-999.0,4.596,-999.0,24.12,26.26,22.73,86.66,0.79,1.46,0.53,93.59
19981122,1.21,4.4254,-999.0,3.5112,-999.0,23.9,27.09,22.1,86.04,0.9,1.8,0.54,93.57
19981123,1.38,5.479,-999.0,4.7688,-999.0,23.82,26.37,22.1,86.26,0.82,1.53,0.53,93.6
19981124,8.0,5.525,-999.0,4.3824,-999.0,23.64,25.5,22.05,88.94,0.62,1.28,0.37,93.6
19981125,44.01,5.5073,-999.0,4.1112,-999.0,23.84,25.99,22.26,87.92,1.32,2.62,0.82,93.54
19981126,38.14,4.0025,-999.0,3.3024,-999.0,22.17,23.37,21.14,88.64,0.87,1.76,0.52,93.72
19981127,17.59,5.0314,-999.0,3.9792,-999.0,23.02,24.94,21.51,87.28,0.81,1.25,0.52,93.74
19981128,6.84,5.3126,-999.0,3.3216,-999.0,23.07,25.22,21.61,89.74,0.64,1.27,0.42,93.74
19981129,0.8,5.3148,-999.0,3.7416,-999.0,23.71,26.79,21.59,84.99,0.93,1.71,0.58,93.72
19981130,4.46,5.3986,-999.0,3.3288,-999.0,23.24,24.96,21.81,87.52,0.71,1.21,0.43,93.78
19981201,10.45,5.3297,-999.0,4.2696,-999.0,24.13,27.57,21.74,85.65,0.87,1.75,0.57,93.66
19981202,6.69,5.6525,-999.0,3.804,-999.0,24.19,27.55,22.1,85.77,0.59,1.0,0.37,93.65
19981203,12.39,5.3954,-999.0,3.5952,-999.0,23.37,25.94,21.64,85.98,1.1,1.51,0.67,93.68
19981204,1.81,5.0921,-999.0,4.1856,-999.0,23.63,26.8,20.9,85.82,1.22,1.96,0.77,93.63
19981205,0.73,5.1106,-999.0,4.3968,-999.0,24.38,27.45,22.18,83.89,0.82,1.35,0.51,93.55
19981206,23.06,4.8235,-999.0,4.1616,-999.0,23.44,25.35,22.02,90.01,0.9,2.0,0.57,93.6
19981207,11.73,5.0851,-999.0,3.9144,-999.0,24.03,26.81,22.07,88.77,1.26,2.59,0.75,93.51
19981208,9.01,4.9934,-999.0,4.3056,-999.0,24.04,26.49,22.25,89.96,0.82,1.36,0.51,93.47
19981209,7.97,5.6986,-999.0,3.4728,-999.0,23.55,25.56,22.25,92.01,1.3,2.19,0.83,93.52
19981210,0.83,5.7989,-999.0,4.536,-999.0,23.19,25.44,21.68,89.57,0.81,1.53,0.5,93.58
19981211,0.22,5.3616,-999.0,4.1256,-999.0,23.3,26.74,20.81,85.99,0.97,1.4,0.58,93.61
19981212,0.13,6.564,-999.0,2.1816,-999.0,23.33,25.54,21.62,86.69,1.09,1.57,0.66,93.64
19981213,21.95,5.1559,-999.0,3.564,-999.0,23.42,25.16,22.46,92.47,1.59,2.54,0.98,93.63
19981214,21.33,4.7086,-999.0,3.6288,-999.0,23.4,25.71,22.01,90.84,0.99,1.66,0.62,93.68
19981215,9.39,5.5536,-999.0,4.1856,-999.0,23.98,27.32,22.1,85.71,0.77,2.22,0.5,93.63
19981216,2.36,4.2271,-999.0,3.3912,-999.0,23.44,26.0,22.07,90.78,1.05,1.62,0.62,93.66
19981217,2.13,5.3513,-999.0,3.7872,-999.0,23.91,26.99,21.57,88.2,1.09,1.97,0.68,93.63
19981218,2.97,5.5126,-999.0,4.2984,-999.0,23.26,25.09,21.86,86.99,0.74,1.31,0.45,93.6
19981219,4.07,5.3472,-999.0,4.7616,-999.0,23.52,26.42,21.48,88.24,1.22,1.88,0.76,93.53
19981220,5.68,5.2524,-999.0,3.6168,-999.0,22.93,24.52,21.72,94.38,1.65,2.41,1.0,93.5
19981221,5.65,4.6639,-999.0,3.312,-999.0,23.6,26.51,21.67,81.49,0.89,1.34,0.56,93.55
19981222,10.55,4.8314,-999.0,3.936,-999.0,23.6,26.2,22.18,86.5,1.1,1.91,0.71,93.64
19981223,3.95,5.6342,-999.0,3.5352,-999.0,23.18,25.57,21.32,88.18,1.09,1.84,0.69,93.68
19981224,0.97,5.07,-999.0,3.0504,-999.0,23.74,25.74,22.08,88.2,1.1,1.89,0.65,93.63
19981225,29.13,5.4926,-999.0,4.0152,-999.0,23.23,25.22,22.13,89.85,0.56,0.95,0.35,93.61
19981226,21.89,5.0597,-999.0,3.9504,-999.0,23.64,26.64,21.39,89.67,1.36,1.86,0.84,93.56
19981227,41.49,5.3554,-999.0,3.8088,-999.0,23.57,25.4,22.31,93.92,1.39,1.91,0.83,93.57
19981228,21.23,4.6174,-999.0,3.8328,-999.0,22.95,24.89,21.41,94.18,1.14,1.76,0.72,93.65
19981229,2.06,4.2646,-999.0,3.4128,-999.0,23.86,27.96,20.48,84.44,1.07,1.77,0.66,93.55
19981230,13.4,4.5566,-999.0,3.6048,-999.0,23.63,26.91,21.53,86.72,1.1,1.95,0.69,93.52
19981231,3.39,4.5151,-999.0,3.2544,-999.0,23.81,26.9,21.69,87.15,0.62,1.09,0.35,93.53
19990101,2.46,4.3922,-999.0,3.7224,-999.0,23.65,26.63,21.93,87.5,0.67,1.16,0.44,93.51
19990102,5.39,3.9442,-999.0,3.1512,-999.0,24.11,26.7,21.63,83.16,0.61,1.21,0.4,93.34
19990103,8.93,3.3377,-999.0,2.6568,-999.0,23.72,26.63,21.85,87.45,0.67,1.27,0.43,93.3
19990104,5.67,3.7718,-999.0,2.9304,-999.0,23.91,26.95,21.52,89.2,1.1,2.1,0.7,93.27
19990105,2.29,4.3272,-999.0,3.8184,-999.0,23.82,26.01,22.32,91.0,1.4,2.58,0.81,93.33
19990106,12.95,4.2319,-999.0,3.6048,-999.0,23.68,26.01,22.39,89.41,1.14,2.43,0.7,93.38
19990107,40.7,4.9318,-999.0,4.0776,-999.0,23.4,25.36,22.07,90.64,0.97,2.12,0.59,93.4
19990108,5.71,6.1054,-999.0,2.8464,-999.0,23.14,25.55,21.44,88.94,0.68,1.13,0.43,93.49
19990109,2.08,4.2482,-999.0,3.744,-999.0,23.27,25.63,21.77,87.29,0.65,1.19,0.42,93.55
19990110,10.53,5.6947,-999.0,3.8856,-999.0,23.16,25.47,21.83,88.31,0.83,1.45,0.49,93.62
19990111,11.38,3.9041,-999.0,2.9592,-999.0,22.89,24.54,21.75,90.69,1.34,1.9,0.8,93.71
19990112,3.96,4.8295,-999.0,3.288,-999.0,23.15,25.43,21.78,89.15,1.5,2.07,0.92,93.81
19990113,0.0,5.8462,-999.0,3.1056,-999.0,24.04,27.47,21.54,82.9,1.36,2.18,0.85,93.76
19990114,24.96,6.4678,-999.0,2.5896,-999.0,24.38,27.86,21.37,83.24,1.47,1.8,0.92,93.71
19990115,9.62,6.486,-999.0,3.2568,-999.0,24.08,27.12,21.73,88.63,1.54,2.08,0.98,93.72
19990116,3.43,5.0218,-999.0,4.4256,-999.0,23.15,24.4,21.81,92.86,1.29,2.16,0.78,93.69
19990117,1.06,5.2078,-999.0,4.6272,-999.0,22.56,24.33,21.24,91.97,1.03,1.61,0.62,93.63
19990118,4.18,5.3806,-999.0,3.9984,-999.0,23.42,25.44,21.83,91.83,1.3,2.16,0.82,93.41
19990119,6.61,6.0043,-999.0,2.7576,-999.0,23.63,26.1,21.91,87.69,1.07,1.5,0.65,93.4
19990120,1.7,6.0019,-999.0,3.012,-999.0,23.72,25.39,22.44,88.1,0.77,1.22,0.48,93.42
19990121,21.5,5.3462,-999.0,3.4248,-999.0,23.76,25.73,21.95,84.05,0.86,1.47,0.52,93.43
19990122,26.02,5.0462,-999.0,3.6504,-999.0,23.6,25.79,21.58,86.47,1.22,1.76,0.74,93.39
19990123,24.64,5.0198,-999.0,4.3536,-999.0,23.7,25.5,21.78,89.96,0.99,2.45,0.61,93.35
19990124,16.53,4.812,-999.0,3.6552,-999.0,24.17,26.21,22.49,88.51,0.71,1.34,0.44,93.35
19990125,18.35,4.278,-999.0,3.5832,-999.0,23.85,25.65,22.65,91.37,0.82,1.91,0.48,93.31
19990126,17.59,3.9526,-999.0,3.3312,-999.0,24.15,26.23,22.92,88.72,0.87,1.75,0.55,93.28
19990127,22.34,3.881,-999.0,3.1656,-999.0,23.53,24.69,22.58,93.06,1.11,2.24,0.68,93.35
19990128,4.39,3.3655,-999.0,2.58,-999.0,23.41,25.77,22.24,88.71,1.11,1.85,0.68,93.48
19990129,1.0,4.8091,-999.0,4.5336,-999.0,23.76,26.12,21.5,84.03,1.02,1.46,0.65,93.49
19990130,1.46,4.7359,-999.0,4.1928,-999.0,24.06,27.24,21.97,82.06,1.29,1.85,0.79,93.44
19990131,0.05,3.719,-999.0,2.8752,-999.0,24.58,28.49,20.94,80.37,1.3,2.16,0.81,93.4
19990201,0.04,5.4079,-999.0,4.488,-999.0,24.18,27.1,21.87,79.24,1.18,1.56,0.7,93.53
19990202,0.52,5.9791,-999.0,3.8064,-999.0,23.33,26.71,19.96,82.0,1.1,2.02,0.67,93.54
19990203,1.27,3.8234,-999.0,2.9952,-999.0,23.35,26.6,20.6,83.36,1.53,1.89,0.93,93.53
19990204,3.84,4.6889,-999.0,4.0464,-999.0,23.98,27.62,22.02,87.04,0.78,1.6,0.48,93.53
19990205,3.01,3.6624,-999.0,2.7504,-999.0,23.41,26.65,21.5,87.61,1.04,1.66,0.64,93.59
19990206,1.37,4.9267,-999.0,3.96,-999.0,23.57,26.83,20.92,82.68,0.81,1.18,0.51,93.63
19990207,0.31,5.4094,-999.0,4.6488,-999.0,23.69,26.99,20.94,81.14,0.82,1.43,0.53,93.63
19990208,0.39,5.7614,-999.0,5.4528,-999.0,23.14,25.13,21.49,86.25,0.86,1.28,0.51,93.69
19990209,0.97,5.3726,-999.0,4.9104,-999.0,23.9,27.3,21.68,83.12,1.08,2.25,0.67,93.68
19990210,0.73,5.3251,-999.0,3.9072,-999.0,23.59,25.48,22.32,86.28,1.14,1.8,0.72,93.67
19990211,0.51,5.1922,-999.0,4.0224,-999.0,23.57,26.06,21.7,85.47,0.99,1.84,0.61,93.79
19990212,0.07,6.4553,-999.0,2.5656,-999.0,23.89,26.64,21.72,82.13,0.95,1.43,0.58,93.83
19990213,6.95,5.1101,-999.0,4.404,-999.0,23.41,25.39,22.29,89.6,0.8,1.39,0.55,93.77
19990214,2.17,5.4362,-999.0,5.1072,-999.0,23.84,27.43,20.9,82.84,0.87,1.45,0.54,93.74
19990215,3.84,4.9313,-999.0,3.804,-999.0,23.77,26.47,22.1,85.84,0.82,1.38,0.5,93.82
19990216,1.85,5.0686,-999.0,4.2552,-999.0,23.52,26.14,21.51,83.44,0.82,1.19,0.51,93.8
19990217,1.24,4.5713,-999.0,3.9912,-999.0,24.0,26.44,22.09,84.85,0.87,1.91,0.57,93.78
19990218,0.8,4.5744,-999.0,3.9336,-999.0,23.82,26.89,21.66,84.46,0.69,1.23,0.43,93.75
19990219,11.99,5.1466,-999.0,4.5048,-999.0,22.61,24.64,21.25,89.77,1.24,1.79,0.77,93.79
19990220,13.84,4.5562,-999.0,4.1808,-999.0,23.02,24.94,21.66,91.37,1.03,1.69,0.63,93.7
19990221,13.25,5.1446,-999.0,3.5904,-999.0,23.53,26.06,21.75,90.25,1.1,1.73,0.68,93.7
19990222,15.38,5.8502,-999.0,4.0224,-999.0,23.16,25.15,22.08,91.0,1.22,1.52,0.77,93.76
19990223,10.67,4.8497,-999.0,3.8544,-999.0,22.93,24.33,22.01,92.13,0.83,1.2,0.54,93.79
19990224,7.94,5.4334,-999.0,3.4824,-999.0,23.1,26.66,20.7,89.49,1.12,2.07,0.68,93.73
19990225,6.64,4.847,-999.0,4.212,-999.0,23.03,25.42,21.91,89.12,0.62,1.28,0.4,93.7
19990226,1.61,5.4864,-999.0,3.8208,-999.0,23.89,26.25,21.68,83.9,0.85,1.35,0.52,93.6
19990227,24.76,5.3642,-999.0,4.0896,-999.0,23.09,24.01,21.96,91.48,0.8,1.49,0.5,93.53
19990228,17.66,3.8902,-999.0,3.3072,-999.0,23.18,25.73,21.67,87.81,0.92,1.55,0.58,93.59
19990301,1.47,5.6114,-999.0,4.2888,-999.0,23.46,26.03,21.42,83.79,0.94,1.64,0.59,93.51
19990302,1.37,5.5978,-999.0,4.0704,-999.0,23.62,26.42,21.49,86.1,1.35,1.8,0.84,93.4
19990303,1.01,4.2514,-999.0,3.6744,-999.0,23.83,25.85,22.06,89.56,0.73,1.17,0.47,93.29
19990304,27.88,5.485,-999.0,3.5856,-999.0,23.18,25.22,22.02,89.24,0.8,1.86,0.5,93.31
19990305,63.53,3.2071,-999.0,2.7408,-999.0,23.1,25.5,21.67,90.71,1.1,1.66,0.71,93.35
19990306,34.73,4.1592,-999.0,2.712,-999.0,22.68,24.15,21.42,90.32,0.92,1.4,0.59,93.4
19990307,10.48,4.248,-999.0,3.9072,-999.0,23.5,25.79,22.25,88.65,1.33,2.3,0.87,93.34
19990308,5.55,6.0432,-999.0,3.5112,-999.0,23.4,25.93,21.23,86.29,1.35,1.71,0.85,93.43
19990309,0.06,6.175,-999.0,4.368,-999.0,23.8,26.23,22.51,87.1,1.32,1.76,0.83,93.49
19990310,5.25,5.879,-999.0,3.7464,-999.0,24.21,26.56,22.23,87.07,1.13,1.54,0.7,93.47
19990311,1.77,5.6203,-999.0,3.876,-999.0,23.98,26.03,22.81,91.39,1.51,2.0,0.94,93.46
19990312,6.29,5.6422,-999.0,2.868,-999.0,23.85,26.3,22.02,89.1,1.11,1.98,0.68,93.43
19990313,4.44,6.5326,-999.0,2.844,-999.0,23.35,24.81,22.11,92.95,1.62,1.92,0.95,93.45
19990314,14.15,5.0057,-999.0,4.44,-999.0,23.29,25.03,22.1,91.92,1.2,1.97,0.69,93.49
19990315,6.62,5.6762,-999.0,3.2736,-999.0,23.45,25.54,22.08,87.64,1.04,1.78,0.63,93.42
19990316,2.97,5.3184,-999.0,4.1832,-999.0,23.61,25.57,22.05,89.0,0.7,1.62,0.42,93.34
19990317,3.14,6.1277,-999.0,2.9472,-999.0,23.44,25.89,21.57,88.26,1.17,2.12,0.73,93.39
19990318,0.68,5.9647,-999.0,4.2648,-999.0,23.24,25.2,22.02,90.35,1.15,2.48,0.77,93.46
19990319,22.64,5.5294,-999.0,4.152,-999.0,23.69,26.17,22.26,86.58,1.09,2.11,0.73,93.45
19990320,39.64,5.9323,-999.0,3.96,-999.0,24.12,26.97,21.99,86.56,1.62,2.48,1.02,93.38
19990321,49.17,4.3171,-999.0,3.9576,-999.0,22.85,23.73,21.98,91.71,1.21,1.85,0.76,93.49
19990322,42.56,4.0898,-999.0,3.3672,-999.0,22.62,24.22,21.45,92.47,1.11,1.63,0.68,93.66
19990323,12.04,4.5326,-999.0,4.2888,-999.0,23.1,24.96,21.91,90.77,1.31,1.97,0.82,93.71
19990324,3.88,4.1251,-999.0,3.2616,-999.0,23.43,25.21,22.15,93.4,1.83,2.41,1.13,93.66
19990325,15.36,4.6692,-999.0,4.2216,-999.0,23.36,24.84,22.14,93.21,1.18,1.59,0.72,93.63
19990326,0.87,5.3112,-999.0,4.3632,-999.0,23.88,26.25,21.81,86.25,0.86,1.47,0.51,93.59
19990327,1.63,4.6282,-999.0,3.996,-999.0,23.84,26.33,22.39,89.79,1.25,2.44,0.75,93.6
19990328,5.87,3.7351,-999.0,3.2232,-999.0,23.46,24.95,22.47,93.32,1.33,2.0,0.82,93.56
19990329,0.73,5.3837,-999.0,3.864,-999.0,23.97,26.72,22.32,87.16,1.57,2.44,0.99,93.54
19990330,0.94,5.8858,-999.0,3.636,-999.0,23.68,25.37,22.52,90.13,1.47,1.8,0.89,93.54
19990331,7.17,4.7734,-999.0,4.1952,-999.0,23.53,25.7,22.26,91.98,1.53,2.02,0.95,93.61
19990401,3.59,5.2594,-999.0,3.4416,-999.0,24.03,26.59,22.09,87.48,0.91,1.58,0.57,93.58
19990402,57.12,5.4626,-999.0,3.1992,-999.0,24.01,26.94,22.28,91.51,1.09,1.89,0.71,93.62
19990403,44.58,4.4909,-999.0,3.8208,-999.0,23.67,25.59,22.04,87.93,0.63,1.54,0.38,93.67
19990404,20.2,5.1331,-999.0,3.636,-999.0,23.29,25.12,22.23,89.35,0.69,1.1,0.43,93.68
19990405,6.97,4.4609,-999.0,3.6408,-999.0,23.51,25.19,22.02,89.42,0.68,0.87,0.44,93.6
19990406,0.07,5.3186,-999.0,4.0728,-999.0,22.78,24.52,20.88,87.39,0.87,1.83,0.56,93.58
19990407,0.07,6.2285,-999.0,2.5656,-999.0,24.19,27.02,22.03,85.55,0.94,1.83,0.58,93.54
19990408,7.58,5.34,-999.0,3.6288,-999.0,23.28,24.37,22.31,90.64,1.38,2.16,0.85,93.61
19990409,4.0,5.3016,-999.0,3.0648,-999.0,23.87,26.26,21.79,86.19,0.85,1.38,0.54,93.7
19990410,7.17,5.7773,-999.0,3.5784,-999.0,23.91,26.35,22.1,87.28,1.12,1.7,0.72,93.72
19990411,1.42,5.831,-999.0,3.408,-999.0,23.61,25.62,21.92,89.62,1.24,1.69,0.76,93.59
19990412,26.73,4.825,-999.0,3.5856,-999.0,23.47,24.79,22.49,90.79,0.87,1.55,0.54,93.58
19990413,9.62,5.4696,-999.0,4.776,-999.0,23.77,26.31,22.06,91.44,1.3,2.11,0.8,93.55
19990414,25.57,4.5137,-999.0,3.7848,-999.0,23.14,24.18,22.55,96.08,1.37,2.0,0.83,93.62
19990415,5.52,5.0172,-999.0,4.0848,-999.0,23.85,26.79,22.07,87.72,1.16,1.53,0.69,93.65
19990416,13.18,4.0488,-999.0,3.4896,-999.0,23.1,24.12,21.98,93.52,1.1,1.79,0.64,93.62
19990417,5.12,3.8335,-999.0,3.492,-999.0,22.88,24.54,21.4,86.74,0.69,1.56,0.43,93.63
19990418,2.26,3.653,-999.0,3.2904,-999.0,23.51,25.48,21.86,86.87,0.73,1.61,0.42,93.57
19990419,14.02,4.2024,-999.0,3.6144,-999.0,23.91,26.88,21.45,83.84,1.25,1.48,0.77,93.56
19990420,5.39,2.8613,-999.0,2.6568,-999.0,23.44,24.79,22.49,94.69,1.46,1.95,0.88,93.57
19990421,11.01,5.1588,-999.0,3.6672,-999.0,23.11,24.66,22.14,90.58,1.27,2.02,0.75,93.75
19990422,0.96,5.933,-999.0,2.9472,-999.0,23.26,25.62,21.98,91.61,1.81,2.54,1.09,93.67
19990423,1.78,5.8668,-999.0,3.276,-999.0,23.41,25.76,21.86,91.38,1.7,2.08,1.04,93.56
19990424,24.26,5.5999,-999.0,3.2112,-999.0,22.76,23.75,22.13,94.39,1.53,2.39,0.93,93.56
19990425,5.25,5.9842,-999.0,2.6544,-999.0,22.8,24.29,21.46,92.84,1.4,1.78,0.84,93.6
19990426,0.01,5.9789,-999.0,2.6808,-999.0,23.2,25.04,21.85,91.91,1.63,2.47,1.0,93.64
19990427,1.33,5.3952,-999.0,3.4632,-999.0,23.06,25.86,21.05,87.55,1.32,1.99,0.81,93.67
19990428,0.68,5.2332,-999.0,3.6432,-999.0,23.6,26.55,20.93,86.0,1.45,1.96,0.85,93.69
19990429,7.25,4.3298,-999.0,3.3672,-999.0,23.19,25.49,21.66,87.5,1.16,1.71,0.73,93.77
19990430,11.09,4.1602,-999.0,3.552,-999.0,23.53,26.78,21.18,89.78,1.65,2.14,1.0,93.76
19990501,32.34,4.6649,-999.0,3.744,-999.0,22.61,24.07,21.45,94.72,1.43,2.33,0.86,93.84
19990502,7.88,4.4866,-999.0,4.1448,-999.0,22.69,25.22,21.11,89.07,1.7,2.66,1.05,93.84
19990503,19.61,4.4808,-999.0,4.188,-999.0,22.99,25.41,20.82,89.02,1.28,1.84,0.79,93.72
19990504,8.52,5.3347,-999.0,3.6456,-999.0,22.0,23.4,20.94,91.21,0.95,1.72,0.6,93.74
19990505,21.12,4.4462,-999.0,3.804,-999.0,22.16,24.24,20.21,93.26,1.44,2.0,0.88,93.81
19990506,2.92,5.4878,-999.0,3.1968,-999.0,23.18,25.42,21.5,89.01,1.25,2.23,0.79,93.76
19990507,0.88,4.5062,-999.0,3.9528,-999.0,23.41,26.11,21.77,89.27,1.24,2.49,0.8,93.7
19990508,6.64,4.7215,-999.0,3.8664,-999.0,22.98,24.75,21.59,88.2,1.04,1.67,0.65,93.77
19990509,3.44,4.2826,-999.0,3.7416,-999.0,22.65,25.0,21.34,91.27,1.16,1.71,0.73,93.77
19990510,25.13,4.4287,-999.0,3.7776,-999.0,22.16,24.44,20.53,91.64,1.57,2.27,0.98,93.75
19990511,12.85,4.5209,-999.0,3.9,-999.0,22.47,23.94,21.0,93.64,1.29,2.36,0.81,93.75
19990512,4.02,4.5038,-999.0,4.3512,-999.0,22.63,23.61,21.65,94.29,1.24,1.86,0.79,93.7
19990513,21.32,5.101,-999.0,4.1784,-999.0,22.63,24.6,21.28,92.11,1.21,1.7,0.74,93.7
19990514,1.74,4.7278,-999.0,3.612,-999.0,23.05,25.69,20.74,86.31,1.38,2.26,0.84,93.67
19990515,0.41,5.2538,-999.0,3.192,-999.0,23.75,26.84,21.27,86.64,1.14,1.86,0.71,93.62
19990516,3.15,3.9842,-999.0,3.84,-999.0,23.39,26.41,21.48,87.42,1.27,1.91,0.79,93.66
19990517,2.36,4.3776,-999.0,3.5136,-999.0,23.17,26.23,21.18,89.08,1.3,2.38,0.82,93.66
19990518,2.27,4.5559,-999.0,3.648,-999.0,22.67,24.91,20.89,88.77,0.99,1.49,0.61,93.68
19990519,4.14,4.7201,-999.0,3.876,-999.0,23.29,26.13,21.54,88.94,1.1,1.82,0.72,93.72
19990520,29.79,4.4707,-999.0,4.3056,-999.0,22.82,24.76,21.3,91.04,1.16,1.82,0.75,93.73
19990521,15.8,3.9737,-999.0,3.8808,-999.0,22.42,25.16,20.5,91.97,1.55,2.19,0.97,93.72
19990522,7.41,4.6824,-999.0,3.924,-999.0,22.85,25.41,21.03,93.04,1.58,2.72,0.98,93.68
19990523,17.58,3.761,-999.0,3.5808,-999.0,21.91,22.98,20.73,92.23,1.45,2.5,0.9,93.77
19990524,24.98,4.4366,-999.0,3.864,-999.0,22.67,26.17,20.42,88.51,1.27,2.18,0.81,93.71
19990525,34.89,5.0074,-999.0,3.924,-999.0,23.25,26.12,21.39,89.86,1.48,2.23,0.94,93.66
19990526,9.83,4.9181,-999.0,4.032,-999.0,23.43,26.61,21.43,88.49,1.46,2.56,0.91,93.85
19990527,0.81,2.6839,-999.0,2.4624,-999.0,23.26,26.1,20.95,88.18,1.28,1.9,0.82,93.9
19990528,10.63,3.6679,-999.0,3.3,-999.0,22.86,25.61,21.47,90.7,1.46,2.3,0.92,93.83
19990529,0.66,5.3578,-999.0,3.3672,-999.0,22.71,25.73,20.48,87.42,1.79,2.37,1.08,93.77
19990530,0.0,5.7737,-999.0,2.7312,-999.0,22.63,25.71,20.56,87.87,1.81,2.34,1.1,93.83
19990531,0.04,5.5214,-999.0,3.1416,-999.0,22.86,25.9,20.3,85.7,1.75,2.49,1.09,93.95
19990601,3.93,5.1662,-999.0,3.3048,-999.0,22.73,25.8,20.23,89.02,1.57,2.19,0.95,93.93
19990602,14.01,5.028,-999.0,3.5304,-999.0,23.41,26.14,21.44,89.66,1.55,2.48,0.96,93.79
19990603,3.82,4.752,-999.0,4.3704,-999.0,23.18,25.8,21.35,87.43,1.23,1.64,0.78,93.69
19990604,13.74,4.0709,-999.0,3.5976,-999.0,21.59,22.38,20.66,92.15,1.33,2.49,0.85,93.7
19990605,9.23,3.7512,-999.0,3.5112,-999.0,22.02,24.14,20.61,88.72,0.96,1.62,0.63,93.71
19990606,2.55,5.1617,-999.0,3.2352,-999.0,22.01,24.26,20.95,92.66,1.03,1.43,0.65,93.78
19990607,14.88,5.0796,-999.0,3.3792,-999.0,22.32,24.31,20.86,94.1,1.29,1.73,0.8,93.82
19990608,4.27,5.1516,-999.0,2.9832,-999.0,23.02,26.21,21.51,92.68,1.48,2.5,0.9,93.79
19990609,7.41,4.4515,-999.0,3.2376,-999.0,22.76,25.04,21.24,89.62,1.02,1.39,0.6,93.84
19990610,3.64,4.8024,-999.0,3.7296,-999.0,22.93,25.19,21.45,88.39,1.29,1.51,0.79,93.83
19990611,1.07,3.3991,-999.0,3.4104,-999.0,22.32,24.22,20.79,88.01,1.19,1.73,0.74,93.89
19990612,0.1,5.8754,-999.0,1.452,-999.0,22.83,26.03,20.17,85.97,1.73,2.4,1.07,93.88
19990613,1.0,4.6241,-999.0,4.2264,-999.0,23.04,26.05,20.47,85.54,1.49,2.01,0.95,93.84
19990614,0.25,5.0062,-999.0,3.2904,-999.0,22.12,23.49,21.37,89.37,0.94,1.37,0.58,93.85
19990615,2.38,3.7166,-999.0,3.0864,-999.0,22.87,25.74,20.75,86.89,0.98,1.66,0.64,93.81
19990616,8.87,3.6442,-999.0,3.5184,-999.0,22.37,23.96,21.35,93.74,1.49,2.34,0.93,93.8
19990617,0.76,4.2019,-999.0,4.0992,-999.0,22.56,25.54,20.63,88.66,1.43,2.22,0.9,93.82
19990618,5.11,4.7508,-999.0,3.6552,-999.0,22.81,24.6,21.42,90.69,1.45,2.23,0.92,93.84
19990619,3.93,5.2178,-999.0,2.832,-999.0,22.86,25.51,21.01,92.44,1.92,2.63,1.17,93.82
19990620,4.59,4.5125,-999.0,3.828,-999.0,21.95,23.39,21.1,95.58,1.36,1.89,0.8,93.77
19990621,53.94,3.4932,-999.0,3.1224,-999.0,22.29,23.31,21.5,94.89,1.65,3.38,1.02,93.8
19990622,30.75,4.7165,-999.0,3.1944,-999.0,21.55,22.6,20.88,93.67,1.01,1.96,0.64,93.92
19990623,40.36,4.409,-999.0,3.1512,-999.0,22.15,24.36,20.42,91.61,1.36,2.2,0.84,93.86
19990624,23.89,3.2434,-999.0,2.9544,-999.0,21.66,22.68,20.97,95.78,1.61,2.54,0.99,93.81
19990625,4.92,4.6565,-999.0,3.5688,-999.0,22.06,23.78,20.86,91.47,1.05,1.72,0.66,93.75
19990626,27.33,3.8808,-999.0,3.4296,-999.0,21.7,22.68,20.78,96.95,1.74,2.61,1.05,93.76
19990627,6.47,4.3478,-999.0,3.6216,-999.0,21.6,22.71,20.82,91.71,1.12,2.41,0.72,93.82
19990628,9.84,3.6994,-999.0,3.2808,-999.0,21.88,23.63,20.66,89.94,1.59,2.4,1.02,93.82
19990629,4.74,4.3553,-999.0,4.0896,-999.0,22.22,24.85,20.82,87.98,1.86,2.65,1.17,93.85
19990630,0.18,5.8039,-999.0,1.728,-999.0,22.52,25.73,20.38,80.9,1.37,2.04,0.85,93.79
19990701,6.51,4.5326,-999.0,3.9456,-999.0,22.01,24.16,20.5,90.99,1.33,1.98,0.85,93.74
19990702,23.68,4.5588,-999.0,3.9792,-999.0,21.97,23.45,20.83,95.41,1.57,2.13,0.93,93.69
19990703,7.18,2.6522,-999.0,2.2704,-999.0,21.71,23.15,20.57,91.88,1.29,2.52,0.79,93.78
19990704,10.04,4.0106,-999.0,3.9144,-999.0,22.39,25.19,20.61,91.42,0.9,1.56,0.56,93.77
19990705,4.31,4.4628,-999.0,2.9568,-999.0,22.51,25.18,20.89,88.69,1.33,2.32,0.8,93.75
19990706,23.37,4.3687,-999.0,4.3368,-999.0,22.06,25.02,19.64,89.14,1.59,1.96,0.99,93.74
19990707,10.47,4.2578,-999.0,4.3272,-999.0,21.19,22.95,19.11,92.5,1.62,2.33,1.01,93.83
19990708,1.57,4.2355,-999.0,3.7728,-999.0,22.05,25.25,19.36,87.14,1.42,2.18,0.9,93.84
19990709,1.04,4.3961,-999.0,4.0968,-999.0,22.66,25.51,20.56,87.21,1.29,2.59,0.83,93.8
19990710,0.11,4.7146,-999.0,2.9352,-999.0,22.53,25.39,20.59,85.43,1.32,1.81,0.81,93.8
19990711,0.47,2.5793,-999.0,2.6688,-999.0,22.19,24.21,20.79,90.93,1.57,2.65,0.96,93.78
19990712,4.32,3.9859,-999.0,4.0128,-999.0,22.07,23.69,21.17,89.02,1.42,2.27,0.85,93.8
19990713,1.29,5.6414,-999.0,2.3064,-999.0,22.6,25.97,20.16,83.58,1.43,2.01,0.91,93.75
19990714,3.82,4.6392,-999.0,3.4368,-999.0,22.69,25.98,20.66,85.21,1.3,2.34,0.83,93.77
19990715,0.75,4.541,-999.0,3.4848,-999.0,22.3,25.62,19.67,88.05,1.32,1.77,0.85,93.78
19990716,0.21,4.2754,-999.0,4.128,-999.0,22.73,25.87,21.2,88.91,1.31,2.21,0.84,93.76
19990717,1.13,4.1899,-999.0,3.7968,-999.0,22.03,23.82,20.5,92.07,1.04,1.52,0.67,93.81
19990718,2.8,2.6047,-999.0,2.1864,-999.0,21.88,23.79,20.62,92.42,1.31,1.66,0.82,93.87
19990719,0.34,4.0042,-999.0,3.4056,-999.0,21.42,23.33,20.08,90.0,1.34,1.51,0.8,93.89
19990720,0.03,3.7661,-999.0,3.7056,-999.0,21.75,24.3,19.9,89.21,1.38,1.71,0.85,93.86
19990721,1.14,4.8991,-999.0,3.612,-999.0,22.56,25.47,20.65,88.94,1.69,3.07,1.07,93.79
19990722,15.77,3.2489,-999.0,3.2352,-999.0,21.81,23.66,20.61,90.77,1.49,2.24,0.94,93.79
19990723,33.88,4.1734,-999.0,3.7728,-999.0,21.5,23.82,20.45,93.69,1.76,3.11,1.12,93.81
19990724,6.25,4.411,-999.0,4.0368,-999.0,21.73,24.83,20.02,87.19,1.35,2.35,0.88,93.83
19990725,0.0,5.5795,-999.0,3.5184,-999.0,22.19,25.53,20.1,82.64,1.42,2.11,0.9,93.89
19990726,0.0,5.1941,-999.0,2.8992,-999.0,22.37,25.83,19.7,84.14,1.53,2.24,0.96,93.9
19990727,0.02,5.5529,-999.0,2.6568,-999.0,23.49,27.0,20.97,83.42,1.06,2.06,0.68,93.79
19990728,1.76,5.2925,-999.0,3.5904,-999.0,22.53,24.3,21.65,91.15,1.12,1.77,0.7,93.72
19990729,0.65,5.4538,-999.0,3.012,-999.0,22.88,25.32,21.45,89.85,1.75,2.33,1.08,93.65
19990730,7.92,4.0685,-999.0,3.864,-999.0,22.38,24.93,20.99,90.62,1.88,3.14,1.17,93.65
19990731,1.91,3.3451,-999.0,3.468,-999.0,22.15,25.31,20.62,89.58,1.51,2.19,0.95,93.79
19990801,5.72,5.4072,-999.0,2.8728,-999.0,22.27,25.51,19.98,83.74,1.17,2.36,0.73,93.87
19990802,0.95,4.5552,-999.0,3.6984,-999.0,22.42,25.81,20.1,84.54,1.23,2.27,0.81,93.82
19990803,0.1,5.1106,-999.0,4.2264,-999.0,22.56,25.75,19.85,87.22,1.56,2.26,1.0,93.77
19990804,0.23,5.129,-999.0,4.0368,-999.0,22.79,26.46,20.02,85.01,1.48,2.03,0.94,93.78
19990805,31.48,4.1582,-999.0,3.3816,-999.0,21.89,23.72,20.59,92.24,1.46,2.65,0.96,93.88
19990806,16.15,3.8102,-999.0,3.7008,-999.0,21.9,24.43,20.85,90.12,1.27,2.59,0.8,93.94
19990807,8.43,4.6903,-999.0,4.5216,-999.0,21.75,24.25,20.26,87.32,1.15,2.0,0.74,93.92
19990808,39.84,4.4366,-999.0,3.3336,-999.0,22.33,25.0,20.03,88.47,1.37,1.64,0.84,93.85
19990809,20.88,4.8413,-999.0,4.0224,-999.0,21.91,24.33,20.25,92.51,1.34,2.08,0.81,93.85
19990810,0.79,6.2767,-999.0,2.0448,-999.0,21.8,25.18,19.11,80.56,1.27,1.97,0.79,93.97
19990811,1.8,5.556,-999.0,3.4272,-999.0,21.95,25.51,19.58,84.19,1.58,3.12,0.99,93.93
19990812,0.81,5.2687,-999.0,4.2936,-999.0,21.65,25.34,18.79,84.71,1.23,1.89,0.79,93.97
19990813,0.08,4.3219,-999.0,4.116,-999.0,22.04,24.73,20.18,85.7,1.37,1.98,0.82,93.93
19990814,1.44,4.8386,-999.0,3.8256,-999.0,21.97,24.67,20.06,85.08,1.55,2.09,0.97,93.95
19990815,0.1,4.5595,-999.0,3.8544,-999.0,21.6,25.01,18.87,84.49,1.67,2.21,1.06,94.0
19990816,1.55,3.5971,-999.0,3.3864,-999.0,21.57,24.23,19.92,88.74,1.99,3.27,1.27,93.89
19990817,0.58,5.6062,-999.0,3.3816,-999.0,21.72,25.0,19.86,87.44,1.91,3.31,1.22,93.86
19990818,0.49,4.2941,-999.0,3.684,-999.0,21.63,23.81,20.16,87.56,1.71,2.45,1.1,93.95
19990819,0.52,4.1311,-999.0,3.8472,-999.0,21.55,23.58,19.94,87.11,1.84,2.79,1.15,93.98
19990820,2.94,4.2557,-999.0,4.0656,-999.0,22.3,25.57,20.19,85.46,1.35,2.15,0.85,93.77
19990821,55.26,4.3054,-999.0,4.1304,-999.0,22.35,25.52,19.9,89.28,1.67,2.19,0.99,93.68
19990822,16.59,4.1784,-999.0,4.1544,-999.0,22.77,26.09,19.92,89.1,1.64,2.07,0.98,93.72
19990823,1.67,3.8794,-999.0,3.8976,-999.0,23.31,27.03,20.03,86.65,1.67,1.97,1.01,93.88
19990824,0.1,5.785,-999.0,3.588,-999.0,23.2,26.75,20.52,84.29,1.47,1.95,0.92,93.89
19990825,1.02,5.8406,-999.0,3.7512,-999.0,23.06,26.69,20.71,84.0,1.39,2.11,0.89,93.88
19990826,1.44,5.8502,-999.0,3.6,-999.0,22.71,25.86,21.02,84.12,1.23,1.91,0.82,93.95
19990827,2.53,4.2662,-999.0,4.2504,-999.0,22.36,25.19,20.63,89.49,1.64,2.55,1.04,93.95
19990828,0.56,4.0253,-999.0,3.9912,-999.0,21.65,23.66,20.35,85.17,0.85,1.57,0.53,94.0
19990829,0.0,5.3491,-999.0,4.1688,-999.0,21.81,25.33,18.83,81.48,1.41,2.52,0.86,93.98
19990830,0.0,6.1291,-999.0,3.7536,-999.0,21.53,25.45,18.34,79.58,1.5,2.56,0.99,93.96
19990831,0.62,4.7698,-999.0,3.8976,-999.0,21.71,25.18,19.23,81.89,1.35,2.86,0.9,93.94
19990901,3.06,5.6273,-999.0,3.6384,-999.0,21.83,25.77,19.51,85.84,1.53,3.03,1.0,93.93
19990902,2.75,5.117,-999.0,4.3296,-999.0,21.65,24.81,19.18,87.23,1.27,1.86,0.84,93.85
19990903,12.93,5.1871,-999.0,3.9792,-999.0,22.3,24.93,20.35,88.8,1.41,2.59,0.87,93.85
19990904,34.28,4.878,-999.0,4.2048,-999.0,22.51,25.87,20.42,89.3,1.34,2.09,0.83,93.83
19990905,13.93,5.0714,-999.0,4.02,-999.0,22.92,26.3,20.77,84.86,1.27,2.08,0.81,93.82
19990906,3.28,5.0748,-999.0,4.1328,-999.0,22.87,26.27,20.11,85.73,1.47,2.06,0.95,93.8
19990907,0.74,5.6033,-999.0,4.656,-999.0,22.77,26.01,20.63,87.27,1.4,2.46,0.88,93.84
19990908,0.12,6.3936,-999.0,3.5688,-999.0,23.2,26.64,20.78,84.62,1.49,2.35,0.91,93.88
19990909,0.0,6.5498,-999.0,3.1008,-999.0,22.86,26.36,20.65,85.63,1.68,2.55,1.04,93.85
19990910,0.0,6.4826,-999.0,3.2424,-999.0,22.51,25.86,20.14,79.74,1.57,2.57,0.99,93.82
19990911,0.0,6.6881,-999.0,2.5056,-999.0,22.7,26.2,19.96,76.55,1.18,1.59,0.72,93.81
19990912,1.33,5.7602,-999.0,4.116,-999.0,22.6,25.6,19.73,80.63,1.18,1.96,0.73,93.75
19990913,3.22,4.3942,-999.0,3.4776,-999.0,22.42,25.6,20.48,85.51,1.45,2.11,0.89,93.82
19990914,10.24,6.0161,-999.0,4.248,-999.0,22.45,24.96,20.57,88.27,1.37,2.19,0.87,93.8
19990915,6.59,5.4912,-999.0,2.9736,-999.0,22.71,25.88,19.69,87.73,1.35,1.77,0.81,93.75
19990916,11.55,6.1212,-999.0,4.14,-999.0,23.04,25.94,20.95,90.05,1.25,1.55,0.75,93.73
19990917,7.18,6.0653,-999.0,4.1208,-999.0,23.28,26.61,20.9,86.49,1.31,1.67,0.84,93.78
19990918,4.38,5.4914,-999.0,3.7224,-999.0,22.9,25.13,21.55,90.21,1.68,2.74,1.05,93.82
19990919,3.26,5.5085,-999.0,4.2336,-999.0,22.91,24.96,21.14,84.9,1.22,2.07,0.78,93.91
19990920,5.41,5.9107,-999.0,4.0392,-999.0,23.1,26.19,20.63,83.33,1.21,1.56,0.79,93.95
19990921,2.01,6.4783,-999.0,3.7056,-999.0,23.67,26.86,21.53,82.96,1.68,2.45,1.04,93.91
19990922,10.89,5.9465,-999.0,4.1448,-999.0,23.16,25.15,21.81,84.94,1.35,2.77,0.84,93.91
19990923,4.69,4.5046,-999.0,4.1472,-999.0,22.6,24.98,21.06,86.13,0.96,2.16,0.62,93.95
19990924,0.15,6.9444,-999.0,1.9176,-999.0,23.32,26.59,20.97,82.91,1.28,1.98,0.82,93.92
19990925,3.96,5.022,-999.0,3.8736,-999.0,22.55,24.74,20.82,88.94,1.69,2.56,1.02,93.84
19990926,3.33,4.8816,-999.0,3.6672,-999.0,22.94,26.14,20.41,85.92,1.59,2.23,0.97,93.76
19990927,2.56,3.5258,-999.0,3.0144,-999.0,22.65,25.23,21.1,85.99,1.46,2.26,0.91,93.72
19990928,3.64,3.9893,-999.0,3.624,-999.0,22.89,26.36,20.47,86.26,1.42,2.19,0.9,93.68
19990929,4.16,4.4918,-999.0,3.5136,-999.0,23.0,26.37,20.98,87.98,1.69,2.74,1.07,93.61
19990930,18.54,6.2052,-999.0,4.02,-999.0,23.1,26.67,20.27,84.7,1.65,2.39,1.02,93.68
19991001,60.57,4.9754,-999.0,4.368,-999.0,22.62,25.81,20.76,89.29,1.57,2.45,0.94,93.68
19991002,19.13,4.1009,-999.0,3.7392,-999.0,22.06,24.59,19.9,87.35,1.62,2.74,0.97,93.79
19991003,1.77,6.3408,-999.0,2.7408,-999.0,22.76,26.11,20.09,83.55,1.28,1.7,0.81,93.77
19991004,7.44,5.7516,-999.0,3.876,-999.0,23.17,26.57,20.0,82.2,1.37,1.88,0.85,93.75
19991005,11.26,6.3982,-999.0,3.7488,-999.0,23.62,26.8,21.26,85.91,1.33,2.31,0.85,93.73
19991006,5.7,5.2428,-999.0,4.1424,-999.0,23.53,26.93,20.65,88.11,1.67,2.38,1.01,93.74
19991007,15.21,4.585,-999.0,3.612,-999.0,23.43,26.08,21.26,87.4,1.34,1.59,0.8,93.7
19991008,7.16,5.5157,-999.0,3.1896,-999.0,22.81,25.31,21.29,85.36,1.06,1.57,0.66,93.73
19991009,16.21,5.285,-999.0,4.8072,-999.0,22.47,24.53,20.92,90.45,1.09,1.46,0.69,93.74
19991010,52.18,5.6093,-999.0,4.2744,-999.0,22.12,24.38,20.93,93.51,1.4,2.45,0.86,93.75
19991011,43.37,5.7048,-999.0,4.2888,-999.0,22.49,25.28,20.59,88.2,0.77,1.5,0.48,93.74
19991012,5.59,6.1711,-999.0,4.2216,-999.0,23.35,26.81,20.93,87.29,1.2,1.84,0.76,93.71
19991013,9.46,6.1526,-999.0,4.8336,-999.0,23.48,26.59,20.64,85.34,1.4,1.73,0.84,93.68
19991014,0.83,5.9911,-999.0,4.1472,-999.0,23.82,27.54,21.01,80.69,1.04,1.52,0.64,93.72
19991015,0.17,6.5371,-999.0,3.528,-999.0,23.25,25.72,21.83,86.89,0.7,1.55,0.46,93.71
19991016,2.04,6.8998,-999.0,2.4456,-999.0,23.91,26.57,22.22,83.49,1.26,2.04,0.83,93.68
19991017,1.68,6.5042,-999.0,3.5592,-999.0,24.21,27.64,22.03,82.39,1.28,2.09,0.84,93.64
19991018,32.76,6.3194,-999.0,3.9048,-999.0,24.08,27.74,21.42,83.04,1.33,1.97,0.85,93.68
19991019,40.7,5.4631,-999.0,4.2216,-999.0,23.14,25.82,20.83,88.8,1.43,1.89,0.86,93.71
19991020,16.59,5.3813,-999.0,5.0232,-999.0,23.16,25.35,21.82,89.01,1.26,2.76,0.78,93.68
19991021,4.45,6.1385,-999.0,3.132,-999.0,22.67,24.41,21.53,89.18,1.51,2.16,0.91,93.75
19991022,0.27,6.4709,-999.0,3.5808,-999.0,22.68,24.32,20.94,89.11,1.5,2.52,0.93,93.76
19991023,26.78,6.2614,-999.0,3.0312,-999.0,23.53,26.17,21.56,87.53,1.43,2.59,0.92,93.69
19991024,7.08,5.8174,-999.0,4.5336,-999.0,23.89,26.92,21.3,88.05,1.48,1.92,0.91,93.61
19991025,4.6,5.3455,-999.0,4.1448,-999.0,23.57,25.34,22.3,92.15,1.65,2.99,1.01,93.62
19991026,3.76,5.9705,-999.0,3.8856,-999.0,23.6,26.27,22.11,89.49,1.0,1.64,0.64,93.68
19991027,1.72,5.567,-999.0,4.4424,-999.0,23.53,25.18,22.19,91.52,1.53,3.02,0.95,93.67
19991028,2.81,5.5212,-999.0,3.7848,-999.0,23.64,26.14,21.79,83.26,1.46,2.27,0.92,93.71
19991029,3.75,5.7077,-999.0,3.9336,-999.0,23.09,25.95,20.89,86.89,1.52,2.31,0.93,93.61
19991030,35.57,4.9594,-999.0,4.3248,-999.0,22.52,23.87,21.68,92.51,1.24,1.58,0.77,93.65
19991031,6.84,5.6549,-999.0,3.9072,-999.0,22.84,24.34,21.53,89.74,0.9,1.57,0.6,93.65
19991101,34.8,5.5927,-999.0,4.4064,-999.0,23.7,26.66,21.34,87.68,1.08,1.71,0.68,93.59
19991102,16.7,3.9665,-999.0,3.5232,-999.0,23.13,24.8,22.12,90.68,0.85,1.4,0.54,93.62
19991103,3.52,5.5704,-999.0,4.5768,-999.0,23.21,25.72,21.44,91.14,1.34,2.3,0.83,93.57
19991104,1.33,5.0287,-999.0,4.2552,-999.0,23.15,25.25,21.91,89.67,0.86,2.04,0.53,93.52
19991105,12.52,5.7026,-999.0,3.7128,-999.0,23.5,26.37,20.68,88.12,0.95,1.65,0.55,93.53
19991106,6.66,5.9443,-999.0,2.8296,-999.0,23.92,26.95,21.74,85.68,1.27,1.88,0.75,93.63
19991107,2.68,5.8802,-999.0,3.2376,-999.0,23.47,25.83,22.15,88.69,0.83,1.35,0.53,93.65
19991108,4.0,5.4514,-999.0,3.9744,-999.0,23.06,25.49,21.45,85.19,1.07,1.77,0.66,93.65
19991109,9.23,5.7542,-999.0,3.3864,-999.0,23.45,25.89,21.9,88.46,1.15,1.85,0.68,93.69
19991110,2.55,4.9589,-999.0,3.4224,-999.0,23.41,25.13,22.16,90.33,1.47,1.91,0.88,93.77
19991111,0.18,5.6098,-999.0,3.9888,-999.0,23.29,25.51,21.61,90.5,1.98,3.2,1.23,93.78
19991112,0.63,4.4364,-999.0,3.6384,-999.0,22.81,25.11,20.97,90.57,1.45,1.67,0.88,93.71
19991113,36.03,5.2692,-999.0,3.7056,-999.0,22.64,24.17,21.51,94.7,1.67,2.41,1.05,93.69
19991114,15.27,4.7878,-999.0,4.26,-999.0,22.7,24.93,21.08,92.62,1.95,3.04,1.2,93.72
19991115,13.18,5.0402,-999.0,4.2888,-999.0,22.43,24.94,20.82,90.93,1.22,2.4,0.79,93.77
19991116,11.41,4.9922,-999.0,4.4232,-999.0,22.81,25.65,20.86,89.71,1.67,2.34,1.03,93.77
19991117,7.56,4.8658,-999.0,4.0176,-999.0,22.23,23.64,21.08,94.48,1.66,2.17,1.04,93.83
19991118,13.73,5.7708,-999.0,3.672,-999.0,22.14,24.44,20.55,91.8,1.24,1.62,0.75,93.74
19991119,10.45,5.707,-999.0,3.132,-999.0,22.24,24.86,20.59,89.43,1.15,2.51,0.73,93.68
19991120,5.37,6.1342,-999.0,2.6088,-999.0,23.02,26.17,20.37,87.26,1.84,2.5,1.12,93.62
19991121,9.2,4.9049,-999.0,3.6024,-999.0,23.18,25.45,21.74,91.77,1.2,1.51,0.74,93.64
19991122,16.79,5.5742,-999.0,3.024,-999.0,23.21,24.84,22.05,94.11,1.11,1.46,0.71,93.62
19991123,8.19,5.9026,-999.0,3.3648,-999.0,22.82,25.02,21.51,91.87,1.23,1.71,0.76,93.6
19991124,3.91,5.7098,-999.0,4.7544,-999.0,22.76,24.44,21.41,91.13,0.92,1.3,0.57,93.55
19991125,0.79,5.1715,-999.0,3.4416,-999.0,23.1,25.89,21.41,88.49,1.35,1.98,0.84,93.53
19991126,0.08,4.6498,-999.0,2.8176,-999.0,23.28,24.79,21.99,88.1,0.99,1.95,0.62,93.54
19991127,11.2,5.8138,-999.0,2.6136,-999.0,22.86,25.11,21.49,89.63,0.6,1.03,0.37,93.57
19991128,8.6,5.5637,-999.0,4.0824,-999.0,23.25,25.61,21.81,89.99,0.88,1.76,0.57,93.46
19991129,8.27,5.5342,-999.0,3.816,-999.0,23.68,26.1,21.99,88.69,1.42,2.22,0.87,93.4
19991130,12.08,5.1187,-999.0,3.9768,-999.0,23.27,25.62,21.82,90.3,1.11,1.97,0.71,93.56
19991201,11.05,5.8243,-999.0,4.116,-999.0,23.69,25.95,21.98,90.47,1.4,2.12,0.89,93.59
19991202,3.07,6.1171,-999.0,3.7128,-999.0,23.86,26.57,21.96,90.58,1.21,2.04,0.78,93.64
19991203,1.63,5.5937,-999.0,4.5912,-999.0,23.23,24.19,22.37,91.56,1.22,2.26,0.77,93.72
19991204,0.32,5.5555,-999.0,2.8944,-999.0,24.09,26.84,22.2,86.28,0.94,1.78,0.58,93.59
19991205,12.16,5.2939,-999.0,3.9168,-999.0,23.42,25.78,21.8,88.79,1.16,1.67,0.71,93.54
19991206,4.13,5.2862,-999.0,4.6968,-999.0,24.39,27.9,22.12,87.21,0.82,1.35,0.5,93.45
19991207,2.01,5.0755,-999.0,4.4064,-999.0,23.99,26.8,21.74,86.18,0.95,1.51,0.58,93.5
19991208,6.06,5.0561,-999.0,4.6632,-999.0,24.16,26.9,22.01,86.14,1.17,2.27,0.73,93.48
19991209,5.53,5.0148,-999.0,4.4064,-999.0,24.42,27.08,22.38,85.67,0.73,1.39,0.45,93.37
19991210,9.35,5.311,-999.0,4.4832,-999.0,24.13,26.65,21.87,85.46,0.71,1.28,0.42,93.43
19991211,5.99,4.8991,-999.0,4.284,-999.0,23.84,27.06,21.84,87.15,0.79,1.79,0.49,93.49
19991212,1.96,4.8965,-999.0,4.2864,-999.0,23.45,25.52,21.78,88.63,0.7,1.08,0.43,93.51
19991213,10.54,6.6067,-999.0,2.568,-999.0,23.83,26.79,21.81,83.1,1.06,1.56,0.65,93.49
19991214,5.49,5.8294,-999.0,4.2072,-999.0,23.76,26.78,20.96,85.58,1.6,2.41,0.98,93.47
19991215,1.17,5.9136,-999.0,4.3872,-999.0,24.12,27.08,22.24,84.3,0.97,1.39,0.62,93.52
19991216,2.0,4.9248,-999.0,4.0656,-999.0,23.82,26.24,21.75,85.95,0.73,1.19,0.49,93.58
19991217,2.98,5.0834,-999.0,4.2816,-999.0,23.75,26.01,21.83,85.6,0.84,1.2,0.54,93.58
19991218,2.04,5.0518,-999.0,4.4736,-999.0,22.89,24.73,21.62,87.71,0.81,1.12,0.48,93.62
19991219,13.9,4.4153,-999.0,3.4128,-999.0,22.49,24.58,21.12,90.59,1.34,2.15,0.8,93.61
19991220,5.55,5.5447,-999.0,3.7056,-999.0,23.45,26.85,21.3,87.11,1.79,3.14,1.1,93.59
19991221,0.4,5.3774,-999.0,3.1824,-999.0,23.59,26.92,21.75,88.1,1.29,2.11,0.77,93.6
19991222,26.42,5.31,-999.0,4.1184,-999.0,23.44,24.96,22.14,93.33,1.57,1.99,0.99,93.55
19991223,43.26,5.4478,-999.0,3.9792,-999.0,23.37,25.43,22.05,94.29,1.29,1.68,0.79,93.54
19991224,12.5,5.3299,-999.0,3.9744,-999.0,23.23,24.65,22.24,92.58,0.98,1.66,0.63,93.56
19991225,5.57,5.2135,-999.0,3.4248,-999.0,23.44,25.82,22.25,89.08,0.68,1.1,0.43,93.57
19991226,2.87,5.7072,-999.0,3.8712,-999.0,22.88,24.4,21.96,92.35,0.94,1.94,0.58,93.63
19991227,1.17,5.2469,-999.0,3.7224,-999.0,23.92,26.86,21.94,85.17,0.83,1.68,0.5,93.71
19991228,0.31,6.2899,-999.0,3.1632,-999.0,23.48,25.14,22.42,91.03,1.18,1.54,0.78,93.72
19991229,0.55,5.0902,-999.0,3.684,-999.0,23.33,25.4,21.78,89.07,1.05,1.78,0.68,93.57
19991230,58.46,5.4079,-999.0,3.6168,-999.0,23.4,25.92,22.12,90.53,1.2,1.8,0.72,93.45
19991231,13.29,5.8562,-999.0,3.72,-999.0,23.2,25.62,21.7,89.45,1.15,1.55,0.71,93.47
20000101,0.1,5.2558,-999.0,4.1472,-999.0,23.66,26.65,21.69,88.33,1.26,2.29,0.79,93.44
20000102,0.14,5.1679,-999.0,4.8288,-999.0,23.43,26.19,21.48,87.17,1.37,1.99,0.81,93.42
20000103,0.1,5.5466,-999.0,3.6384,-999.0,22.74,25.01,20.88,86.97,1.14,1.66,0.71,93.53
20000104,0.01,5.3515,-999.0,3.8712,-999.0,23.12,26.85,20.04,85.08,1.38,1.99,0.86,93.57
20000105,0.69,5.1665,-999.0,4.7928,-999.0,23.18,26.06,20.92,84.12,1.46,2.25,0.89,93.58
20000106,0.42,5.9268,-999.0,4.2456,-999.0,23.59,26.89,21.23,85.32,1.3,2.1,0.84,93.52
20000107,21.55,5.1977,-999.0,3.8952,-999.0,23.24,25.47,21.7,90.85,1.42,2.15,0.93,93.5
20000108,4.96,4.5727,-999.0,3.2208,-999.0,22.32,24.17,21.08,90.72,1.16,2.17,0.73,93.59
20000109,0.09,5.2478,-999.0,3.6312,-999.0,23.07,26.53,20.99,85.35,1.08,2.4,0.69,93.63
20000110,2.59,3.4742,-999.0,2.6904,-999.0,23.0,25.24,21.13,85.28,1.16,1.82,0.72,93.58
20000111,4.84,5.2116,-999.0,3.8088,-999.0,23.47,26.66,21.54,88.17,1.28,2.45,0.81,93.45
20000112,1.32,4.4194,-999.0,3.4416,-999.0,23.05,25.99,21.05,89.06,1.09,1.89,0.68,93.5
20000113,1.44,6.3689,-999.0,3.3984,-999.0,22.97,25.14,21.28,85.47,1.15,1.9,0.65,93.48
20000114,0.73,4.7878,-999.0,3.8856,-999.0,23.14,25.45,21.44,85.8,0.79,1.31,0.44,93.49
20000115,1.72,4.9346,-999.0,3.5352,-999.0,23.03,25.1,21.67,89.71,1.11,1.62,0.71,93.57
20000116,0.47,4.2125,-999.0,3.3792,-999.0,22.93,24.97,21.45,89.5,0.98,1.67,0.61,93.61
20000117,0.34,5.0105,-999.0,4.0104,-999.0,22.66,25.68,20.59,89.98,1.5,1.97,0.91,93.63
20000118,11.38,4.1609,-999.0,3.3336,-999.0,22.24,23.71,21.07,94.32,1.23,1.67,0.75,93.62
20000119,4.02,5.165,-999.0,4.836,-999.0,22.75,26.12,20.57,87.65,0.88,1.48,0.54,93.66
20000120,0.23,5.5248,-999.0,3.8616,-999.0,23.21,25.99,20.91,86.17,0.95,1.78,0.57,93.64
20000121,2.9,5.519,-999.0,3.5184,-999.0,22.71,24.49,21.75,93.13,1.19,2.33,0.74,93.68
20000122,3.03,4.7743,-999.0,4.0536,-999.0,22.67,24.56,21.4,93.0,1.45,2.13,0.88,93.67
20000123,2.17,4.823,-999.0,3.384,-999.0,23.22,26.43,20.75,86.58,1.49,2.51,0.93,93.58
20000124,10.3,6.2436,-999.0,2.6544,-999.0,22.7,25.14,20.73,90.13,1.03,1.6,0.66,93.61
20000125,2.5,5.5142,-999.0,3.432,-999.0,23.43,26.1,21.35,87.13,1.21,1.98,0.74,93.61
20000126,0.87,5.4456,-999.0,3.5496,-999.0,22.84,24.99,20.76,89.85,1.45,1.98,0.91,93.59
20000127,1.82,5.0878,-999.0,4.3416,-999.0,23.08,25.36,21.34,89.39,0.97,1.61,0.61,93.6
20000128,6.99,5.2135,-999.0,4.524,-999.0,22.7,24.27,21.47,93.45,1.43,2.6,0.91,93.61
20000129,7.18,4.5886,-999.0,4.1256,-999.0,22.86,24.84,21.14,94.88,1.33,2.05,0.82,93.66
20000130,29.54,4.0702,-999.0,3.4776,-999.0,23.66,26.46,21.67,87.15,1.16,1.64,0.73,93.7
20000131,12.17,4.8535,-999.0,4.1808,-999.0,23.67,26.84,21.57,85.77,1.12,1.58,0.67,93.65
20000201,0.92,4.1914,-999.0,3.4608,-999.0,23.35,25.77,21.29,84.12,0.88,1.69,0.55,93.67
20000202,3.38,5.5063,-999.0,4.0752,-999.0,23.81,26.76,21.79,87.52,1.47,2.52,0.92,93.62
20000203,2.95,5.406,-999.0,4.2432,-999.0,23.65,26.41,22.18,90.67,1.38,2.59,0.82,93.59
20000204,5.49,3.9005,-999.0,3.0312,-999.0,23.44,24.84,22.22,92.16,1.54,2.28,0.9,93.53
20000205,17.98,4.8154,-999.0,4.4448,-999.0,23.5,26.06,21.85,91.15,1.44,2.01,0.87,93.54
20000206,8.14,5.4146,-999.0,4.1208,-999.0,23.85,26.39,22.16,90.26,1.24,1.92,0.77,93.45
20000207,6.87,4.578,-999.0,3.8784,-999.0,23.38,25.69,21.67,90.47,0.85,1.36,0.52,93.44
20000208,1.84,4.6618,-999.0,4.3896,-999.0,23.06,25.45,21.33,87.26,1.12,1.53,0.69,93.47
20000209,0.42,4.2581,-999.0,3.888,-999.0,23.46,26.59,21.1,87.58,1.22,1.73,0.76,93.52
20000210,0.45,5.9654,-999.0,4.4664,-999.0,22.79,24.32,21.91,90.69,0.84,1.41,0.54,93.68
20000211,0.47,5.1156,-999.0,4.104,-999.0,22.62,24.07,21.64,88.56,0.81,1.33,0.5,93.71
20000212,0.32,5.8752,-999.0,3.1008,-999.0,22.51,24.65,21.09,88.46,0.7,1.52,0.43,93.67
20000213,0.04,6.4634,-999.0,2.0352,-999.0,23.52,26.67,21.05,81.05,1.04,1.5,0.65,93.56
20000214,8.76,4.7527,-999.0,4.0632,-999.0,23.19,24.95,21.97,86.92,0.94,1.79,0.62,93.54
20000215,4.87,5.3882,-999.0,4.1712,-999.0,23.06,25.22,21.65,87.89,0.77,1.46,0.48,93.58
20000216,0.29,5.8176,-999.0,4.6536,-999.0,23.32,26.39,21.25,87.94,1.35,1.84,0.84,93.56
20000217,4.66,5.0059,-999.0,4.2648,-999.0,22.81,24.16,21.76,92.39,0.95,1.5,0.58,93.56
20000218,2.76,5.3448,-999.0,3.912,-999.0,22.54,24.07,21.44,93.05,1.07,1.92,0.69,93.59
20000219,10.65,6.0646,-999.0,3.9144,-999.0,23.3,25.97,20.87,86.84,1.14,1.49,0.71,93.57
20000220,5.2,4.2674,-999.0,3.5664,-999.0,23.62,26.7,21.5,88.78,1.31,1.91,0.8,93.55
20000221,3.69,4.8521,-999.0,4.2768,-999.0,22.83,25.18,20.8,91.57,1.59,2.58,1.0,93.64
20000222,2.37,4.9908,-999.0,3.9744,-999.0,22.95,25.72,20.72,87.9,1.36,2.0,0.87,93.69
20000223,10.37,5.1125,-999.0,4.3872,-999.0,22.73,25.12,21.35,91.4,1.34,2.19,0.83,93.64
20000224,19.21,5.8543,-999.0,3.288,-999.0,22.93,25.39,20.97,89.22,0.86,1.37,0.53,93.56
20000225,21.05,5.347,-999.0,4.9176,-999.0,23.32,26.63,20.67,87.2,0.92,1.56,0.58,93.5
20000226,9.01,4.6793,-999.0,3.648,-999.0,22.08,24.15,20.75,89.77,1.01,1.78,0.62,93.51
20000227,0.77,4.171,-999.0,3.6528,-999.0,23.02,25.06,21.41,88.29,1.05,1.72,0.67,93.53
20000228,0.99,5.4938,-999.0,3.3456,-999.0,23.62,26.26,21.02,84.54,0.8,1.47,0.47,93.6
20000229,0.11,6.5201,-999.0,3.084,-999.0,23.7,26.89,21.08,82.57,0.87,1.77,0.51,93.61
20000301,0.0,5.2202,-999.0,3.6432,-999.0,23.27,26.31,20.94,83.5,1.05,2.29,0.61,93.65
20000302,0.0,7.1635,-999.0,1.2744,-999.0,23.4,28.02,18.85,80.9,1.46,2.21,0.85,93.61
20000303,0.34,6.504,-999.0,4.0728,-999.0,24.11,26.97,22.07,82.86,0.71,1.24,0.47,93.66
20000304,0.32,6.5117,-999.0,2.7048,-999.0,23.23,25.78,21.58,80.91,1.13,1.69,0.72,93.68
20000305,0.08,5.8447,-999.0,4.2384,-999.0,23.76,27.38,21.31,83.94,1.09,2.29,0.69,93.59
20000306,10.77,4.5859,-999.0,3.8232,-999.0,22.6,24.61,20.31,85.48,1.16,1.49,0.72,93.71
20000307,8.82,4.9853,-999.0,4.368,-999.0,22.27,26.28,19.12,84.52,1.0,1.51,0.6,93.78
20000308,3.08,4.5974,-999.0,4.0512,-999.0,22.87,25.93,20.61,85.42,0.9,1.39,0.55,93.77
20000309,0.93,5.2399,-999.0,3.696,-999.0,23.68,26.8,21.35,85.38,1.17,1.67,0.71,93.71
20000310,9.22,4.9663,-999.0,4.2072,-999.0,22.45,23.87,21.44,93.69,1.03,1.67,0.61,93.75
20000311,1.83,5.8966,-999.0,3.3984,-999.0,22.52,23.82,21.22,90.77,1.3,2.06,0.79,93.7
20000312,0.73,5.6796,-999.0,4.1664,-999.0,23.8,27.33,20.79,78.36,0.99,1.39,0.62,93.57
20000313,0.57,5.1794,-999.0,4.068,-999.0,23.12,26.45,19.91,83.28,1.21,2.53,0.72,93.58
20000314,4.04,4.9339,-999.0,3.6096,-999.0,22.78,25.57,20.18,87.27,1.05,1.99,0.62,93.56
20000315,0.6,5.1209,-999.0,4.7472,-999.0,23.42,26.92,20.73,81.28,0.98,1.58,0.58,93.48
20000316,0.27,4.5569,-999.0,4.332,-999.0,23.63,26.83,20.86,80.29,0.91,1.29,0.54,93.4
20000317,2.59,4.9279,-999.0,3.9144,-999.0,23.16,26.31,20.6,83.72,1.27,1.81,0.77,93.47
20000318,1.07,4.014,-999.0,3.288,-999.0,23.05,25.04,21.91,90.31,1.73,2.6,1.07,93.58
20000319,17.13,5.735,-999.0,4.0632,-999.0,23.57,26.59,21.2,87.53,1.92,2.51,1.18,93.54
20000320,9.76,5.3179,-999.0,4.2384,-999.0,23.26,24.92,22.22,91.97,1.57,2.21,1.0,93.55
20000321,11.18,5.6681,-999.0,4.548,-999.0,23.35,25.57,22.12,91.91,1.46,2.06,0.87,93.59
20000322,3.07,4.6476,-999.0,3.7272,-999.0,23.34,26.44,21.34,87.85,1.27,1.89,0.78,93.6
20000323,1.56,4.2,-999.0,3.2496,-999.0,23.44,26.8,21.2,86.76,1.17,1.48,0.72,93.66
20000324,0.39,4.5698,-999.0,4.092,-999.0,23.16,26.22,20.54,80.85,1.05,1.58,0.65,93.72
20000325,0.09,6.5182,-999.0,3.2664,-999.0,23.17,26.2,20.87,86.64,1.21,1.5,0.76,93.72
20000326,0.08,5.669,-999.0,3.8112,-999.0,23.5,26.91,21.22,87.34,1.34,2.22,0.85,93.7
20000327,4.51,5.7173,-999.0,3.9648,-999.0,23.76,26.95,21.39,84.81,1.36,2.26,0.87,93.63
20000328,19.41,5.231,-999.0,3.8928,-999.0,22.92,25.08,20.42,90.23,1.39,1.82,0.88,93.69
20000329,3.91,5.5378,-999.0,4.188,-999.0,22.59,24.57,20.74,91.1,0.95,1.68,0.6,93.74
20000330,4.61,5.6822,-999.0,4.0104,-999.0,23.3,25.6,21.54,90.32,1.19,2.05,0.76,93.59
20000331,1.17,5.6575,-999.0,3.576,-999.0,23.2,25.07,21.95,86.54,0.72,1.34,0.43,93.5
20000401,7.96,4.8228,-999.0,3.2472,-999.0,22.91,24.86,21.51,91.25,1.25,2.04,0.77,93.54
20000402,10.67,5.7288,-999.0,3.1752,-999.0,22.99,24.68,21.74,95.04,1.85,3.14,1.16,93.56
20000403,3.71,5.5435,-999.0,4.2744,-999.0,23.58,26.18,21.69,84.62,0.95,1.36,0.59,93.6
20000404,8.12,4.8775,-999.0,3.4776,-999.0,23.16,25.24,21.77,88.2,0.87,1.67,0.56,93.57
20000405,6.12,4.7177,-999.0,4.1136,-999.0,23.3,26.25,20.95,88.45,1.47,2.01,0.93,93.53
20000406,3.25,5.5466,-999.0,3.8568,-999.0,23.72,26.63,21.89,89.88,1.28,2.03,0.79,93.54
20000407,0.3,5.3669,-999.0,4.5048,-999.0,23.07,24.76,22.08,90.07,0.88,1.31,0.54,93.64
20000408,16.96,5.7485,-999.0,4.1448,-999.0,23.56,26.4,21.74,90.96,1.51,1.99,0.93,93.56
20000409,8.48,5.5882,-999.0,3.6672,-999.0,22.96,24.77,21.89,92.03,1.12,1.46,0.68,93.55
20000410,0.54,5.477,-999.0,3.7368,-999.0,23.58,26.24,21.54,87.25,1.32,2.19,0.85,93.62
20000411,3.71,5.6076,-999.0,3.0312,-999.0,23.18,24.67,21.68,93.7,1.27,2.36,0.79,93.56
20000412,23.91,5.6194,-999.0,4.2864,-999.0,23.92,27.43,21.53,89.88,1.54,2.36,0.94,93.52
20000413,9.27,4.5293,-999.0,4.0416,-999.0,22.49,23.74,21.25,90.37,0.86,1.47,0.53,93.59
20000414,16.08,5.2802,-999.0,3.06,-999.0,23.17,26.1,21.19,86.75,1.28,2.0,0.78,93.55
20000415,2.03,5.7838,-999.0,3.0504,-999.0,23.66,26.67,21.78,88.78,0.97,1.63,0.6,93.56
20000416,1.87,5.4398,-999.0,3.8808,-999.0,22.78,24.09,21.77,90.28,1.01,1.94,0.62,93.6
20000417,7.01,6.1975,-999.0,2.5776,-999.0,23.14,24.91,21.86,89.37,0.62,0.96,0.42,93.65
20000418,2.23,3.2014,-999.0,2.748,-999.0,22.83,23.8,21.76,88.06,0.42,0.77,0.29,93.74
20000419,5.1,5.4758,-999.0,3.0288,-999.0,23.73,26.79,21.83,87.92,1.22,2.11,0.75,93.68
20000420,7.25,5.9834,-999.0,3.204,-999.0,23.4,25.21,22.32,91.65,1.35,2.07,0.77,93.66
20000421,3.69,4.9068,-999.0,3.2208,-999.0,23.05,24.7,21.46,87.76,0.99,1.72,0.58,93.68
20000422,45.67,5.1576,-999.0,2.88,-999.0,23.99,26.54,22.21,88.68,1.28,2.11,0.78,93.62
20000423,33.08,5.4108,-999.0,3.528,-999.0,23.56,25.24,22.15,93.82,1.54,2.92,0.96,93.62
20000424,12.77,5.7401,-999.0,3.9,-999.0,23.7,26.37,21.55,84.54,1.08,1.87,0.69,93.65
20000425,6.78,5.6414,-999.0,3.72,-999.0,23.39,25.82,21.72,89.18,1.12,1.91,0.72,93.62
20000426,2.67,5.8392,-999.0,3.9384,-999.0,23.2,25.32,21.16,90.82,1.09,1.66,0.71,93.63
20000427,67.24,5.3678,-999.0,3.8208,-999.0,23.93,26.2,22.76,88.59,0.99,1.63,0.63,93.64
20000428,12.24,5.5354,-999.0,3.336,-999.0,23.64,25.75,22.52,90.47,1.14,1.66,0.72,93.68
20000429,3.05,4.429,-999.0,3.2184,-999.0,23.22,24.77,22.2,91.3,1.3,1.99,0.76,93.78
20000430,40.5,5.5793,-999.0,2.6376,-999.0,22.93,24.19,22.04,95.34,1.42,1.79,0.84,93.74
20000501,21.49,4.8518,-999.0,4.2456,-999.0,23.57,26.21,22.06,90.05,1.15,1.53,0.71,93.71
20000502,4.04,3.5611,-999.0,3.1056,-999.0,22.96,24.39,21.93,89.4,0.81,1.37,0.48,93.76
20000503,1.61,5.0837,-999.0,4.4544,-999.0,22.89,24.52,21.71,92.84,1.11,1.99,0.68,93.77
20000504,10.76,4.4777,-999.0,3.9816,-999.0,22.97,25.18,21.51,91.87,1.23,1.8,0.74,93.79
20000505,7.08,5.3213,-999.0,4.3368,-999.0,23.29,25.37,22.24,91.68,1.3,1.82,0.78,93.82
20000506,16.7,4.5605,-999.0,4.4448,-999.0,23.0,23.99,21.99,95.63,1.67,2.65,1.06,93.84
20000507,43.24,4.3025,-999.0,3.8544,-999.0,22.6,23.82,21.56,95.24,1.52,2.18,0.9,93.81
20000508,7.43,4.5026,-999.0,3.6072,-999.0,22.64,24.39,21.54,91.46,0.84,1.34,0.52,93.79
20000509,33.63,4.5084,-999.0,3.7224,-999.0,22.66,24.01,21.74,95.97,1.94,2.74,1.17,93.72
20000510,7.63,5.3587,-999.0,4.1496,-999.0,23.0,25.6,21.2,88.11,1.42,2.13,0.86,93.71
20000511,0.09,6.1255,-999.0,1.9992,-999.0,23.95,26.8,21.94,87.23,1.62,2.17,1.01,93.58
20000512,0.02,3.9235,-999.0,3.2712,-999.0,23.52,24.84,22.81,89.99,1.33,2.46,0.79,93.6
20000513,26.8,6.1985,-999.0,1.944,-999.0,24.33,27.53,22.23,86.49,0.94,1.79,0.57,93.64
20000514,12.59,4.8588,-999.0,4.548,-999.0,23.17,24.59,22.16,92.51,1.07,1.77,0.68,93.75
20000515,5.01,5.689,-999.0,2.7144,-999.0,23.5,25.62,21.74,87.44,0.96,1.21,0.59,93.81
20000516,4.85,5.387,-999.0,2.3112,-999.0,24.01,26.64,22.44,84.33,1.09,1.36,0.67,93.79
20000517,1.41,4.9318,-999.0,3.684,-999.0,22.99,25.05,21.94,91.69,1.06,1.57,0.66,93.8
20000518,0.35,4.8065,-999.0,3.6408,-999.0,23.0,24.85,21.9,89.55,0.69,1.36,0.41,93.82
20000519,27.2,5.4562,-999.0,2.2128,-999.0,23.32,25.73,21.79,88.05,1.1,1.76,0.71,93.77
20000520,53.41,5.1108,-999.0,3.2256,-999.0,23.21,24.95,22.06,93.64,1.71,2.92,1.05,93.79
20000521,12.52,5.8018,-999.0,2.8416,-999.0,23.02,24.81,21.73,92.19,1.3,1.94,0.77,93.83
20000522,13.43,4.9054,-999.0,3.108,-999.0,23.26,25.04,22.02,89.5,1.21,1.69,0.76,93.86
20000523,3.04,5.2637,-999.0,2.9328,-999.0,23.29,25.64,21.61,91.94,1.07,1.93,0.68,93.75
20000524,0.35,5.2531,-999.0,2.3208,-999.0,23.41,24.82,22.17,90.69,1.53,2.58,0.94,93.71
20000525,0.38,4.7674,-999.0,4.2816,-999.0,23.08,24.9,21.49,91.38,1.37,1.92,0.84,93.67
20000526,32.58,3.6521,-999.0,3.3792,-999.0,22.9,24.51,21.67,92.4,1.67,3.18,1.05,93.67
20000527,10.34,5.1662,-999.0,2.8992,-999.0,22.98,25.53,21.08,88.84,1.02,1.87,0.66,93.65
20000528,10.8,4.2389,-999.0,2.4672,-999.0,22.55,24.38,21.43,93.41,1.34,2.34,0.85,93.67
20000529,2.03,4.8187,-999.0,3.552,-999.0,22.31,23.65,21.4,93.0,1.31,1.78,0.81,93.68
20000530,2.47,4.2924,-999.0,4.164,-999.0,22.19,23.59,20.61,94.72,1.73,3.04,1.06,93.64
20000531,31.92,4.6721,-999.0,3.6696,-999.0,21.86,23.76,20.32,93.74,1.37,1.68,0.8,93.62
20000601,46.45,4.7993,-999.0,3.2784,-999.0,22.92,25.53,21.12,91.91,1.18,1.76,0.72,93.52
20000602,22.13,4.2118,-999.0,3.9384,-999.0,22.47,23.58,21.36,94.61,1.29,2.6,0.82,93.61
20000603,19.44,4.9584,-999.0,3.9048,-999.0,22.77,25.18,20.99,91.29,1.12,1.61,0.71,93.56
20000604,29.85,3.6876,-999.0,3.6624,-999.0,22.91,25.41,21.21,90.69,1.16,1.79,0.72,93.6
20000605,21.59,3.3487,-999.0,3.3816,-999.0,22.74,24.55,21.32,90.51,0.94,1.18,0.58,93.7
20000606,2.79,4.049,-999.0,3.6984,-999.0,22.94,25.4,21.31,92.46,1.12,1.81,0.68,93.73
20000607,8.95,4.4323,-999.0,4.0536,-999.0,22.99,24.96,20.95,89.35,1.49,1.98,0.92,93.75
20000608,7.13,4.176,-999.0,4.0296,-999.0,22.57,24.09,21.3,91.14,1.11,1.6,0.66,93.82
20000609,37.72,5.0681,-999.0,3.396,-999.0,22.78,25.23,20.68,91.04,1.36,1.74,0.83,93.85
20000610,13.93,3.5954,-999.0,3.1176,-999.0,22.27,23.9,20.51,93.58,1.12,1.52,0.69,93.86
20000611,2.82,3.715,-999.0,3.3552,-999.0,22.63,23.81,21.72,93.93,1.45,3.01,0.93,93.85
20000612,22.7,5.0218,-999.0,2.7456,-999.0,22.3,23.6,21.05,92.01,1.26,2.21,0.78,93.82
20000613,9.55,3.9475,-999.0,3.7272,-999.0,22.35,23.78,21.34,92.1,1.37,2.61,0.85,93.88
20000614,27.56,4.429,-999.0,3.852,-999.0,21.99,23.16,21.04,94.94,1.6,2.59,0.96,93.89
20000615,20.62,4.1861,-999.0,3.9456,-999.0,22.19,23.61,21.1,92.55,1.33,2.25,0.76,93.88
20000616,18.27,3.3811,-999.0,3.336,-999.0,21.88,23.75,20.54,91.96,1.3,2.19,0.79,93.85
20000617,3.21,5.3496,-999.0,2.6736,-999.0,22.07,24.64,20.13,89.51,1.12,1.76,0.7,93.79
20000618,4.05,3.7574,-999.0,3.6576,-999.0,22.48,25.31,20.18,90.05,1.56,2.06,0.96,93.75
20000619,7.69,4.9987,-999.0,3.5352,-999.0,22.48,24.86,20.61,89.97,1.42,2.19,0.84,93.73
20000620,7.47,2.928,-999.0,2.8776,-999.0,22.08,23.63,20.2,93.66,1.22,2.54,0.76,93.82
20000621,77.02,4.331,-999.0,2.736,-999.0,22.38,23.95,21.2,92.39,1.15,1.57,0.69,93.87
20000622,10.62,2.5382,-999.0,2.0688,-999.0,21.91,23.66,20.74,93.81,1.07,1.68,0.69,93.91
20000623,7.13,2.6098,-999.0,2.5008,-999.0,21.89,23.7,20.6,93.2,1.37,2.68,0.88,93.86
20000624,4.86,3.1853,-999.0,3.0696,-999.0,21.64,23.21,20.43,89.56,0.81,1.48,0.49,93.8
20000625,1.74,3.3482,-999.0,3.2616,-999.0,21.57,23.37,20.01,93.29,1.3,2.24,0.81,93.71
20000626,1.39,4.6102,-999.0,4.2648,-999.0,22.32,24.5,20.51,91.35,1.21,1.86,0.76,93.67
20000627,0.58,3.7978,-999.0,3.9456,-999.0,21.93,23.28,20.7,89.44,0.8,1.55,0.5,93.68
20000628,20.37,3.6264,-999.0,3.6528,-999.0,21.72,22.79,20.72,92.52,0.68,1.26,0.45,93.61
20000629,9.78,3.7061,-999.0,3.7824,-999.0,21.69,23.07,20.51,93.64,1.28,1.83,0.8,93.61
20000630,11.51,4.4131,-999.0,3.4032,-999.0,21.89,24.27,20.22,92.2,1.56,2.16,0.93,93.59
20000701,2.9,4.272,-999.0,3.6984,-999.0,22.46,25.52,20.19,87.07,1.09,1.54,0.68,93.65
20000702,2.36,3.6072,-999.0,3.7464,-999.0,22.36,24.0,20.97,92.07,0.95,1.91,0.57,93.53
20000703,39.98,4.0795,-999.0,4.152,-999.0,22.82,25.32,21.0,90.44,1.53,2.05,0.92,93.47
20000704,34.21,2.5949,-999.0,2.5056,-999.0,22.39,24.24,21.03,93.21,1.49,1.99,0.89,93.5
20000705,6.9,3.8786,-999.0,4.0464,-999.0,22.38,24.04,20.96,91.47,0.99,1.48,0.63,93.63
20000706,11.34,2.5466,-999.0,2.2176,-999.0,21.89,22.94,21.1,94.96,1.1,1.63,0.69,93.71
20000707,2.59,3.1063,-999.0,2.9688,-999.0,21.91,23.37,21.13,92.43,1.52,1.89,0.92,93.74
20000708,5.63,3.7502,-999.0,3.6,-999.0,21.88,23.5,20.57,92.07,1.2,1.48,0.74,93.68
20000709,5.5,4.4746,-999.0,3.4416,-999.0,22.05,24.8,20.24,93.74,1.58,1.95,0.96,93.63
20000710,0.8,5.364,-999.0,3.5232,-999.0,22.74,26.28,20.46,88.14,1.09,1.72,0.7,93.78
20000711,0.93,5.4996,-999.0,2.7,-999.0,22.47,24.91,21.15,89.69,1.04,1.39,0.62,93.81
20000712,5.18,4.6219,-999.0,3.744,-999.0,22.21,25.04,20.66,90.33,1.63,3.14,1.0,93.81
20000713,15.07,4.2581,-999.0,3.6408,-999.0,21.72,23.73,20.21,92.77,1.68,2.96,1.06,93.88
20000714,0.45,5.4218,-999.0,2.9616,-999.0,22.16,25.1,19.9,88.79,1.77,2.55,1.12,93.85
20000715,0.79,4.5686,-999.0,3.24,-999.0,22.09,25.11,20.23,88.3,1.61,2.13,0.99,93.82
20000716,0.07,4.553,-999.0,3.8904,-999.0,22.07,25.65,19.12,84.57,1.53,2.06,0.93,93.88
20000717,0.57,4.5396,-999.0,3.9288,-999.0,22.37,25.28,20.11,85.75,1.47,1.94,0.9,93.94
20000718,35.37,5.4701,-999.0,2.9736,-999.0,22.4,24.82,20.62,84.6,0.93,1.57,0.55,93.9
20000719,8.77,5.0666,-999.0,3.1944,-999.0,22.75,25.91,20.4,84.9,1.15,1.68,0.73,93.75
20000720,0.3,3.4133,-999.0,3.2352,-999.0,22.46,25.34,20.87,87.81,2.3,3.26,1.44,93.82
20000721,0.94,5.79,-999.0,1.8,-999.0,22.45,25.58,20.41,85.77,1.49,2.28,0.98,93.86
20000722,0.77,5.0556,-999.0,3.1992,-999.0,21.73,24.02,20.04,89.18,1.54,2.18,0.96,93.79
20000723,0.39,4.8749,-999.0,3.9264,-999.0,22.25,24.81,20.36,86.32,1.12,1.82,0.69,93.74
20000724,0.21,4.6159,-999.0,4.2432,-999.0,22.68,26.13,19.97,86.46,1.61,2.25,0.98,93.78
20000725,21.79,5.2766,-999.0,3.504,-999.0,22.65,25.3,20.61,89.12,1.39,2.05,0.84,93.77
20000726,37.3,4.9128,-999.0,3.8208,-999.0,22.21,24.79,20.26,91.08,1.61,2.15,0.97,93.74
20000727,53.95,4.1705,-999.0,3.8448,-999.0,22.35,25.02,20.17,89.69,1.51,1.91,0.92,93.71
20000728,12.84,3.8398,-999.0,3.8304,-999.0,21.75,24.23,19.93,90.19,1.73,2.78,1.06,93.81
20000729,4.7,4.1861,-999.0,4.4928,-999.0,22.05,25.32,19.33,87.96,1.39,1.93,0.87,93.84
20000730,11.04,4.7722,-999.0,3.9384,-999.0,22.13,24.95,19.8,90.11,1.36,1.94,0.86,93.83
20000731,10.0,4.2187,-999.0,4.0128,-999.0,22.23,24.75,20.16,90.33,1.56,2.47,0.94,93.78
20000801,4.49,3.0749,-999.0,3.0912,-999.0,22.53,25.35,20.52,89.86,1.53,2.22,0.92,93.71
20000802,9.2,2.6424,-999.0,2.64,-999.0,22.29,24.98,20.2,90.1,1.55,2.79,0.94,93.73
20000803,6.35,4.0046,-999.0,3.6528,-999.0,21.76,24.37,20.23,89.88,1.68,1.97,1.04,93.79
20000804,3.72,2.7658,-999.0,2.1048,-999.0,21.72,24.38,20.24,89.15,1.6,2.34,0.96,93.83
20000805,8.68,3.786,-999.0,3.8568,-999.0,21.83,23.89,20.33,90.57,1.34,2.06,0.83,93.8
20000806,10.87,4.4285,-999.0,4.0824,-999.0,22.41,25.11,20.54,90.06,1.5,2.07,0.89,93.75
20000807,44.05,4.5806,-999.0,4.3032,-999.0,22.14,25.26,19.65,91.16,1.45,2.08,0.87,93.78
20000808,13.62,3.1152,-999.0,3.0288,-999.0,22.53,25.74,20.47,88.49,1.42,2.09,0.87,93.82
20000809,2.32,5.4622,-999.0,3.8664,-999.0,22.5,26.0,19.84,87.16,1.64,2.38,1.02,93.73
20000810,1.12,4.0572,-999.0,3.108,-999.0,22.3,25.63,20.34,88.65,1.51,2.77,0.96,93.7
20000811,0.11,5.4874,-999.0,3.324,-999.0,22.3,25.9,19.61,86.45,1.39,2.3,0.88,93.73
20000812,0.04,5.357,-999.0,3.9144,-999.0,21.69,25.46,18.58,82.97,1.55,2.14,0.97,93.91
20000813,0.24,4.1472,-999.0,4.1088,-999.0,21.89,25.01,19.3,86.57,1.31,2.29,0.85,93.97
20000814,1.17,2.6474,-999.0,2.6496,-999.0,21.57,23.96,20.3,89.69,1.06,1.36,0.67,93.95
20000815,0.52,3.8006,-999.0,3.7896,-999.0,22.39,25.75,19.94,86.31,1.45,2.56,0.93,93.82
20000816,0.77,4.8043,-999.0,4.3128,-999.0,22.18,25.08,20.47,86.02,1.49,2.3,0.95,93.75
20000817,0.2,4.943,-999.0,3.9624,-999.0,21.98,25.38,20.12,86.88,1.58,3.35,1.02,93.75
20000818,0.0,4.9111,-999.0,3.636,-999.0,21.91,25.14,19.69,86.59,1.32,2.26,0.85,93.79
20000819,6.05,5.3275,-999.0,4.1136,-999.0,21.85,24.77,20.08,88.76,1.46,2.3,0.93,93.77
20000820,9.26,4.6354,-999.0,3.7392,-999.0,21.78,24.49,20.46,91.61,1.67,2.26,1.06,93.73
20000821,0.89,6.1092,-999.0,2.6928,-999.0,22.83,26.16,20.42,85.83,1.5,2.4,0.98,93.64
20000822,5.08,5.0837,-999.0,4.3728,-999.0,23.07,25.64,21.48,89.57,1.58,2.21,1.0,93.67
20000823,3.25,4.0836,-999.0,4.032,-999.0,23.29,26.45,21.05,87.36,1.25,1.68,0.77,93.73
20000824,0.08,4.6394,-999.0,4.4064,-999.0,22.86,25.2,21.13,87.64,0.97,1.66,0.59,93.81
20000825,26.15,4.6582,-999.0,2.9928,-999.0,23.04,25.85,21.22,91.23,1.39,1.96,0.87,93.8
20000826,3.86,6.5119,-999.0,2.0808,-999.0,22.79,25.84,20.5,86.49,1.18,1.69,0.74,93.86
20000827,0.24,5.6057,-999.0,3.5064,-999.0,22.89,25.28,20.96,87.08,1.35,2.28,0.85,93.85
20000828,0.03,4.9848,-999.0,4.26,-999.0,22.59,24.71,20.65,86.68,1.09,1.48,0.66,93.84
20000829,0.01,5.6035,-999.0,3.0648,-999.0,23.14,25.57,21.53,88.21,1.86,2.55,1.17,93.76
20000830,0.0,5.971,-999.0,3.2112,-999.0,23.26,26.97,21.08,83.52,1.26,2.27,0.78,93.73
20000831,15.1,4.8259,-999.0,3.7872,-999.0,22.62,25.43,20.38,87.08,1.52,2.6,0.94,93.83
20000901,7.1,5.5466,-999.0,4.0056,-999.0,22.75,25.82,20.72,90.46,1.18,1.44,0.73,93.83
20000902,0.9,5.971,-999.0,3.9192,-999.0,23.52,26.69,21.62,86.59,1.64,2.54,1.02,93.86
20000903,0.05,6.7522,-999.0,2.5392,-999.0,23.68,26.99,21.24,82.35,1.15,1.96,0.7,93.87
20000904,0.0,6.7546,-999.0,2.4456,-999.0,23.6,27.3,20.9,80.26,1.02,1.75,0.63,93.9
20000905,1.32,5.9021,-999.0,3.9576,-999.0,22.34,24.67,19.64,78.88,1.16,1.76,0.75,93.9
20000906,0.67,6.9228,-999.0,2.1192,-999.0,22.5,25.91,19.32,84.21,1.46,2.1,0.93,93.87
20000907,5.25,6.7145,-999.0,2.4456,-999.0,22.9,25.62,20.24,83.56,1.5,2.12,0.9,93.86
20000908,6.09,4.6066,-999.0,3.8688,-999.0,22.97,25.81,21.26,87.57,1.49,3.01,0.96,93.85
20000909,0.08,6.9809,-999.0,1.9848,-999.0,23.22,26.79,20.66,77.99,1.15,1.62,0.73,93.88
20000910,0.0,7.2223,-999.0,0.9384,-999.0,22.35,24.86,20.02,82.82,0.96,1.21,0.62,93.83
20000911,4.91,5.5013,-999.0,3.4368,-999.0,22.23,24.74,20.58,85.37,1.38,1.73,0.83,93.79
20000912,0.51,6.5002,-999.0,3.1896,-999.0,23.1,26.97,19.59,79.09,1.5,1.84,0.91,93.83
20000913,0.05,7.1273,-999.0,1.3992,-999.0,23.08,26.67,20.65,80.73,1.24,1.66,0.79,93.82
20000914,0.08,4.0363,-999.0,3.564,-999.0,22.96,25.7,20.91,85.25,1.24,1.74,0.78,93.77
20000915,0.02,4.3682,-999.0,4.104,-999.0,23.39,26.81,21.07,84.78,1.51,2.0,0.93,93.72
20000916,1.96,4.003,-999.0,3.8184,-999.0,23.28,26.47,20.74,86.33,1.53,2.22,0.9,93.78
20000917,4.09,3.4243,-999.0,3.0792,-999.0,22.64,25.26,20.35,90.15,1.36,1.79,0.8,93.79
20000918,2.88,3.7118,-999.0,3.3672,-999.0,22.73,24.45,21.56,89.08,1.25,1.94,0.75,93.75
20000919,3.74,5.5723,-999.0,4.3392,-999.0,23.44,26.99,20.82,87.72,1.32,2.16,0.82,93.6
20000920,5.26,4.915,-999.0,4.4616,-999.0,22.96,26.54,20.62,88.69,1.25,1.93,0.78,93.67
20000921,9.11,4.8278,-999.0,4.3224,-999.0,22.97,26.24,20.41,87.49,1.41,2.06,0.86,93.76
20000922,17.15,4.8034,-999.0,4.0056,-999.0,23.34,27.03,20.17,85.99,1.42,1.82,0.85,93.77
20000923,4.12,5.7154,-999.0,4.2672,-999.0,23.77,27.21,21.17,86.28,1.43,2.17,0.91,93.77
20000924,29.47,5.5843,-999.0,5.1192,-999.0,23.61,26.32,21.77,85.63,1.09,1.6,0.66,93.77
20000925,8.79,5.7235,-999.0,4.3608,-999.0,23.02,25.87,21.42,84.74,0.86,1.95,0.56,93.82
20000926,1.75,7.2,-999.0,1.452,-999.0,23.44,27.1,20.42,78.18,1.25,1.7,0.8,93.82
20000927,18.78,6.1752,-999.0,4.9128,-999.0,23.78,27.14,21.16,82.88,1.32,2.05,0.85,93.78
20000928,32.6,5.099,-999.0,4.86,-999.0,23.18,26.13,20.96,90.7,1.7,2.86,1.04,93.76
20000929,1.94,5.1022,-999.0,4.524,-999.0,23.22,27.44,20.33,87.72,1.55,2.2,0.96,93.8
20000930,0.47,6.5107,-999.0,2.8992,-999.0,23.24,26.63,20.23,83.15,1.51,2.38,0.9,93.87
20001001,14.14,6.4776,-999.0,3.6864,-999.0,23.34,27.22,20.06,84.84,1.47,1.75,0.91,93.79
20001002,4.97,5.574,-999.0,4.4544,-999.0,23.52,26.99,20.48,88.06,1.32,2.16,0.84,93.72
20001003,0.71,5.0196,-999.0,4.3848,-999.0,23.26,25.61,21.32,89.28,0.86,1.35,0.55,93.63
20001004,6.31,5.49,-999.0,4.464,-999.0,22.33,23.99,21.18,92.89,1.7,3.64,1.04,93.66
20001005,1.87,5.6141,-999.0,4.5096,-999.0,22.84,24.96,21.11,88.55,1.29,1.89,0.76,93.7
20001006,0.91,5.917,-999.0,4.5336,-999.0,22.78,25.51,20.69,85.87,1.18,1.84,0.75,93.74
20001007,5.47,4.1839,-999.0,3.264,-999.0,22.67,25.44,20.5,91.54,1.85,2.49,1.14,93.67
20001008,14.09,4.201,-999.0,3.7296,-999.0,21.54,22.63,20.59,92.81,1.12,1.45,0.7,93.69
20001009,37.54,5.027,-999.0,4.308,-999.0,22.6,25.45,20.02,87.34,1.45,2.13,0.91,93.62
20001010,4.32,5.0568,-999.0,3.96,-999.0,22.97,26.99,19.5,84.68,1.41,1.92,0.83,93.61
20001011,0.53,5.3326,-999.0,3.4608,-999.0,23.08,25.76,21.29,87.58,1.23,2.22,0.76,93.69
20001012,8.81,5.5162,-999.0,4.1016,-999.0,23.43,26.12,21.54,88.51,0.95,1.62,0.58,93.64
20001013,2.01,6.1692,-999.0,3.3144,-999.0,23.1,25.29,21.18,84.77,1.01,1.53,0.63,93.53
20001014,0.12,5.2188,-999.0,3.516,-999.0,23.92,25.98,22.33,84.53,0.86,1.42,0.53,93.51
20001015,12.95,5.5939,-999.0,3.9648,-999.0,23.81,26.5,21.66,88.09,1.29,2.22,0.83,93.65
20001016,70.4,4.9594,-999.0,4.0152,-999.0,22.84,23.92,22.07,95.25,2.03,3.12,1.24,93.72
20001017,2.31,5.599,-999.0,3.864,-999.0,23.28,25.66,21.69,92.1,1.72,2.37,1.03,93.59
20001018,7.18,5.5229,-999.0,3.5856,-999.0,23.44,24.56,22.52,94.08,1.85,2.14,1.09,93.49
20001019,5.12,5.1406,-999.0,3.8256,-999.0,23.2,24.4,22.09,94.71,1.22,1.54,0.75,93.6
20001020,1.47,5.3026,-999.0,4.7568,-999.0,23.12,24.79,22.0,94.16,1.55,2.47,0.94,93.68
20001021,2.86,5.3275,-999.0,3.8784,-999.0,23.47,25.89,21.91,90.33,1.18,2.3,0.72,93.65
20001022,4.66,5.2327,-999.0,4.7616,-999.0,23.67,26.41,22.01,91.69,1.43,2.26,0.85,93.55
20001023,5.79,4.4839,-999.0,3.6648,-999.0,23.91,26.52,22.58,88.92,1.53,2.41,0.9,93.49
20001024,3.36,3.9802,-999.0,3.036,-999.0,22.94,24.4,21.96,94.77,1.88,2.73,1.14,93.68
20001025,18.8,4.074,-999.0,3.4272,-999.0,23.06,25.7,21.55,92.11,1.88,2.55,1.19,93.75
20001026,14.82,3.8729,-999.0,3.1872,-999.0,22.43,23.84,21.63,95.34,1.77,2.75,1.11,93.75
20001027,4.1,6.2462,-999.0,2.9472,-999.0,23.18,25.71,21.66,90.85,1.87,2.39,1.13,93.74
20001028,0.76,6.3794,-999.0,3.5448,-999.0,23.63,26.6,21.55,84.89,1.35,1.92,0.85,93.78
20001029,0.47,6.7795,-999.0,2.556,-999.0,23.61,26.98,20.48,83.64,1.38,2.14,0.86,93.68
20001030,1.56,5.3354,-999.0,4.032,-999.0,23.96,26.96,22.07,87.47,1.52,2.26,0.93,93.63
20001031,0.97,5.5123,-999.0,4.3872,-999.0,23.53,26.08,21.72,89.93,1.25,2.05,0.73,93.58
20001101,4.19,4.9073,-999.0,3.8424,-999.0,22.9,24.63,21.72,92.47,1.14,1.77,0.66,93.64
20001102,2.59,5.855,-999.0,4.44,-999.0,22.78,24.53,21.57,91.62,1.27,2.23,0.78,93.66
20001103,0.73,6.4831,-999.0,3.6,-999.0,24.51,28.64,21.27,84.07,1.27,1.9,0.84,93.7
20001104,0.23,6.083,-999.0,4.8024,-999.0,24.02,26.72,22.07,87.43,1.49,2.56,0.93,93.78
20001105,2.5,5.5747,-999.0,3.8856,-999.0,23.48,26.16,21.83,88.67,1.04,2.01,0.69,93.68
20001106,7.43,5.6035,-999.0,3.6144,-999.0,22.48,23.75,20.96,93.14,1.24,1.94,0.77,93.62
20001107,12.03,5.8546,-999.0,4.6488,-999.0,22.23,25.36,19.53,90.22,1.28,1.75,0.8,93.7
20001108,2.05,5.8438,-999.0,3.5424,-999.0,22.73,26.26,20.8,89.13,1.31,2.2,0.79,93.67
20001109,0.79,6.438,-999.0,2.976,-999.0,23.77,26.92,21.29,85.74,1.2,2.18,0.72,93.58
20001110,3.3,5.7427,-999.0,4.7424,-999.0,23.68,25.97,21.89,89.54,1.5,2.26,0.91,93.66
20001111,3.42,5.7761,-999.0,4.0224,-999.0,23.41,26.24,21.56,88.77,1.04,1.5,0.62,93.63
20001112,1.86,5.6998,-999.0,4.5672,-999.0,23.98,27.39,21.33,83.9,0.99,1.36,0.6,93.47
20001113,1.39,6.0276,-999.0,4.3056,-999.0,24.36,27.3,22.15,84.93,1.29,1.8,0.8,93.4
20001114,1.5,6.0768,-999.0,4.2288,-999.0,24.06,26.38,22.07,87.19,1.11,1.51,0.67,93.4
20001115,2.0,6.1058,-999.0,3.1128,-999.0,24.91,28.35,22.51,80.56,1.04,1.42,0.67,93.42
20001116,7.93,5.6779,-999.0,3.7104,-999.0,23.92,25.41,23.0,90.62,1.37,2.36,0.88,93.4
20001117,2.93,5.7931,-999.0,4.5648,-999.0,24.56,27.88,22.46,82.04,0.82,1.64,0.53,93.46
20001118,5.52,5.7012,-999.0,4.8216,-999.0,24.04,26.62,22.21,86.54,1.16,1.74,0.72,93.43
20001119,17.75,6.0734,-999.0,3.7632,-999.0,24.04,27.0,21.91,88.09,1.39,1.66,0.86,93.41
20001120,27.48,5.2615,-999.0,4.284,-999.0,23.7,25.47,22.8,91.66,1.34,1.73,0.86,93.4
20001121,8.9,5.4888,-999.0,2.9232,-999.0,23.52,26.06,22.0,91.23,1.51,2.06,0.92,93.4
20001122,11.06,6.3672,-999.0,3.7968,-999.0,23.43,26.14,21.34,88.9,1.35,1.78,0.84,93.52
20001123,19.06,5.4876,-999.0,4.188,-999.0,23.64,26.04,21.75,90.32,1.26,1.9,0.8,93.55
20001124,27.8,5.0124,-999.0,3.7992,-999.0,23.22,24.76,22.35,88.53,0.64,1.36,0.39,93.61
20001125,19.61,5.1989,-999.0,4.1064,-999.0,23.37,25.81,22.13,89.43,1.01,1.61,0.61,93.6
20001126,2.73,4.5437,-999.0,3.5304,-999.0,23.87,27.06,21.85,87.53,0.99,1.8,0.62,93.67
20001127,1.44,3.7272,-999.0,3.2496,-999.0,23.48,26.45,21.31,86.84,0.94,1.33,0.59,93.63
20001128,9.4,5.3647,-999.0,4.332,-999.0,23.03,25.74,20.77,86.18,1.3,2.07,0.78,93.56
20001129,9.78,5.347,-999.0,4.6728,-999.0,23.54,27.09,21.21,85.75,1.26,2.13,0.74,93.52
20001130,7.34,4.6519,-999.0,3.84,-999.0,23.93,26.49,21.84,87.1,1.29,1.73,0.76,93.49
20001201,1.54,5.4331,-999.0,4.812,-999.0,23.86,25.87,22.67,87.81,0.66,1.2,0.41,93.48
20001202,7.63,4.6531,-999.0,4.1088,-999.0,23.05,24.83,21.67,90.82,0.67,1.19,0.42,93.47
20001203,10.6,3.0,-999.0,1.6704,-999.0,23.07,25.38,20.98,90.43,0.79,1.17,0.49,93.48
20001204,2.3,3.7248,-999.0,2.9064,-999.0,24.03,27.24,21.93,82.54,0.91,1.43,0.57,93.49
20001205,0.86,5.3616,-999.0,3.7008,-999.0,23.77,26.9,21.08,84.4,0.87,1.47,0.51,93.44
20001206,0.2,6.3809,-999.0,2.8872,-999.0,23.97,27.77,20.14,80.72,1.46,2.05,0.86,93.5
20001207,0.22,6.4306,-999.0,3.3144,-999.0,24.5,27.59,21.55,79.21,0.85,1.61,0.55,93.52
20001208,0.53,5.6141,-999.0,3.6408,-999.0,24.77,28.87,20.36,78.8,1.2,2.18,0.73,93.45
20001209,22.18,5.5234,-999.0,4.7352,-999.0,24.36,26.97,22.64,85.59,0.51,0.97,0.33,93.53
20001210,4.37,4.6704,-999.0,3.4056,-999.0,23.76,26.57,21.47,87.19,1.1,1.72,0.66,93.69
20001211,0.95,5.4216,-999.0,3.3696,-999.0,23.76,25.94,22.18,86.11,1.24,1.63,0.75,93.69
20001212,5.11,4.241,-999.0,2.9976,-999.0,22.99,24.72,22.02,90.83,1.29,2.01,0.81,93.63
20001213,2.29,6.199,-999.0,1.9104,-999.0,23.38,25.3,21.98,91.39,1.6,1.84,0.97,93.57
20001214,40.79,5.0069,-999.0,4.1496,-999.0,23.07,24.9,22.03,93.13,1.18,1.94,0.72,93.62
20001215,19.79,5.238,-999.0,3.732,-999.0,22.74,24.05,21.81,95.45,1.67,2.26,1.01,93.66
20001216,2.84,5.0986,-999.0,3.7272,-999.0,22.64,24.35,21.37,92.39,1.67,1.91,1.03,93.73
20001217,12.03,5.2632,-999.0,3.612,-999.0,23.23,24.9,21.66,92.87,2.02,2.97,1.25,93.65
20001218,12.65,5.0518,-999.0,3.8184,-999.0,23.65,26.12,21.86,89.28,1.7,2.88,1.08,93.57
20001219,1.77,5.2562,-999.0,3.6264,-999.0,23.61,25.84,22.07,91.24,1.39,1.97,0.87,93.5
20001220,22.72,5.5906,-999.0,4.0128,-999.0,23.64,25.53,22.4,92.4,1.0,1.8,0.62,93.52
20001221,11.25,5.093,-999.0,3.6336,-999.0,23.15,24.23,22.31,94.53,1.37,1.68,0.84,93.52
20001222,2.51,5.2538,-999.0,4.2144,-999.0,23.0,24.55,22.09,94.22,1.75,2.74,1.08,93.56
20001223,0.44,5.1353,-999.0,4.6128,-999.0,23.5,25.79,21.99,90.86,1.6,1.97,0.97,93.54
20001224,5.25,4.9831,-999.0,3.72,-999.0,22.92,24.67,21.78,92.65,1.44,2.43,0.89,93.53
20001225,24.4,5.0798,-999.0,3.96,-999.0,22.33,23.99,21.28,93.78,1.63,3.55,1.04,93.63
20001226,13.64,5.111,-999.0,4.2792,-999.0,23.12,25.67,21.29,91.51,1.75,2.49,1.07,93.64
20001227,1.91,4.967,-999.0,4.6632,-999.0,22.99,24.49,21.61,93.0,1.36,1.81,0.85,93.6
20001228,17.26,5.7977,-999.0,3.7752,-999.0,23.08,24.97,22.01,91.41,0.96,1.66,0.62,93.6
20001229,5.84,5.7648,-999.0,4.152,-999.0,23.33,25.27,21.89,92.42,1.33,2.31,0.82,93.5
20001230,0.84,4.926,-999.0,3.768,-999.0,22.87,24.29,21.59,88.0,1.81,3.27,1.07,93.57
20001231,0.38,5.2567,-999.0,4.4424,-999.0,23.08,26.01,20.09,81.96,1.71,3.32,1.06,93.6
20010101,12.03,4.277,1.7964,2.3326,0.42,22.67,24.03,21.49,90.21,1.54,2.33,0.95,93.62
20010102,6.04,5.6362,3.4598,3.0377,0.55,23.07,25.59,21.13,83.74,1.17,1.79,0.74,93.67
20010103,4.44,4.423,1.2521,2.689,0.43,23.45,26.12,21.33,89.4,1.29,2.02,0.79,93.63
20010104,4.85,5.4206,2.5658,2.9928,0.53,22.62,23.8,21.65,95.0,1.42,2.52,0.87,93.68
20010105,57.49,4.788,1.9858,2.7758,0.47,23.11,26.51,21.08,87.89,1.15,1.72,0.72,93.73
20010106,36.24,4.3975,0.5302,3.101,0.43,22.68,24.45,21.59,88.73,0.86,1.32,0.5,93.7
20010107,11.88,4.8922,0.9492,3.2597,0.48,23.06,25.51,21.77,89.74,1.09,1.83,0.68,93.54
20010108,19.52,5.3376,2.8193,3.1514,0.52,22.73,25.04,21.4,90.07,1.33,2.06,0.82,93.46
20010109,36.98,4.6762,1.4856,2.8018,0.46,23.08,25.3,21.49,92.56,1.46,1.83,0.91,93.49
20010110,32.23,4.3694,0.5585,3.0828,0.43,22.71,23.95,21.79,93.46,0.96,1.61,0.59,93.53
20010111,11.06,4.4242,0.9739,2.8356,0.43,23.0,25.69,21.21,88.93,1.1,1.98,0.7,93.55
20010112,1.63,4.5398,1.3512,2.8445,0.44,22.9,25.11,21.74,90.91,1.53,1.97,0.93,93.65
20010113,0.31,3.3948,0.1416,2.5253,0.33,22.52,24.56,21.2,90.51,1.59,2.23,0.97,93.61
20010114,0.31,5.9698,3.8786,2.797,0.58,23.12,25.92,21.05,87.14,0.83,1.25,0.52,93.53
20010115,24.8,4.3524,1.6937,2.5202,0.42,22.22,23.82,20.97,90.1,0.86,1.42,0.51,93.62
20010116,28.83,5.0724,2.5469,2.6916,0.49,22.7,24.48,21.17,89.86,0.55,1.21,0.35,93.66
20010117,8.26,5.6054,2.7432,2.9251,0.54,22.75,24.62,21.24,90.42,0.99,1.52,0.59,93.64
20010118,39.77,5.5294,4.1503,2.4415,0.54,23.22,25.25,21.7,92.47,1.25,1.6,0.76,93.63
20010119,43.06,5.2217,1.7614,3.0828,0.51,22.96,24.89,21.93,91.96,1.16,1.95,0.71,93.64
20010120,14.76,5.6299,2.6834,3.0247,0.54,23.45,25.86,22.02,88.16,1.28,2.15,0.8,93.6
20010121,8.17,6.1078,3.9247,2.5615,0.59,22.99,24.66,21.92,91.52,0.77,1.53,0.47,93.52
20010122,21.15,4.7602,0.677,3.4013,0.46,22.97,24.51,21.84,93.48,1.76,3.35,1.08,93.5
20010123,3.25,5.7115,3.0989,3.1063,0.55,23.21,25.44,21.2,88.59,1.07,1.58,0.66,93.59
20010124,31.98,4.9366,1.4911,3.0874,0.48,22.94,24.6,21.54,91.66,1.22,1.9,0.76,93.66
20010125,4.6,5.5798,3.3938,2.4626,0.54,22.96,25.53,20.9,88.67,1.22,1.73,0.74,93.6
20010126,0.5,5.7149,3.3953,2.6705,0.55,23.82,27.18,20.87,87.77,1.6,1.98,1.01,93.54
20010127,14.45,5.567,2.2867,3.3677,0.54,23.17,24.57,22.06,93.86,1.36,2.5,0.83,93.54
20010128,57.23,5.052,3.042,2.7346,0.49,23.29,25.23,22.02,90.52,0.86,1.48,0.52,93.5
20010129,9.17,5.6258,1.6344,3.6113,0.54,23.72,26.52,21.99,88.33,0.89,1.63,0.56,93.54
20010130,13.38,5.711,3.8016,2.5325,0.55,24.19,27.01,22.04,88.0,1.75,2.44,1.08,93.51
20010131,8.15,5.6256,3.1932,2.9258,0.54,23.63,25.74,22.0,91.08,1.49,2.21,0.94,93.45
20010201,1.95,4.7251,0.8071,3.1272,0.45,23.41,25.99,21.57,89.22,1.34,2.32,0.86,93.44
20010202,4.5,4.9174,1.453,2.7617,0.47,22.3,23.49,21.12,94.83,1.3,1.91,0.8,93.44
20010203,1.61,4.4988,0.3718,3.3202,0.43,23.31,25.7,21.17,84.03,1.2,1.65,0.71,93.43
20010204,1.55,4.0212,0.3062,2.7516,0.38,23.58,27.23,20.81,84.09,1.3,2.27,0.78,93.4
20010205,1.47,4.277,0.4294,2.8236,0.41,23.63,26.85,20.64,82.91,1.33,2.21,0.8,93.39
20010206,0.41,4.7124,0.5722,3.2525,0.45,23.64,27.54,20.53,82.24,1.4,1.97,0.83,93.35
20010207,1.02,4.2624,0.221,3.1954,0.41,23.65,27.19,20.18,83.96,1.31,2.12,0.81,93.29
20010208,8.77,4.1887,0.7754,2.8733,0.4,23.82,27.47,20.69,84.06,1.14,2.08,0.7,93.24
20010209,2.68,3.7555,0.1706,2.7204,0.36,23.49,26.43,21.88,87.09,0.94,1.37,0.57,93.27
20010210,0.24,3.7795,0.2909,2.7535,0.36,23.45,26.15,21.42,85.85,0.96,1.78,0.59,93.28
20010211,0.4,3.9024,0.1982,2.897,0.37,23.61,26.29,21.46,84.8,0.94,1.35,0.57,93.35
20010212,0.46,4.566,1.0944,2.9765,0.43,24.36,27.59,22.13,84.58,1.28,1.86,0.8,93.31
20010213,2.5,5.352,0.9924,3.8122,0.51,23.63,25.61,22.31,88.93,0.78,1.4,0.45,93.25
20010214,0.46,3.3598,0.1673,2.4264,0.32,23.61,26.6,21.59,82.79,1.31,1.89,0.79,93.4
20010215,0.71,6.2794,3.9336,3.0898,0.59,23.58,26.73,20.95,85.45,1.28,1.95,0.77,93.54
20010216,0.2,5.9244,2.8433,3.4087,0.56,23.13,25.51,21.42,87.21,0.87,1.2,0.5,93.7
20010217,2.66,4.9656,1.8065,3.0286,0.47,23.24,26.23,20.95,86.51,1.23,1.77,0.74,93.72
20010218,1.94,4.9932,1.7189,3.0538,0.47,23.66,26.85,21.25,87.05,1.0,1.9,0.61,93.62
20010219,3.1,3.6394,0.2165,2.7271,0.34,23.41,26.66,21.03,89.36,1.02,2.32,0.63,93.6
20010220,1.56,4.7642,1.2614,2.999,0.45,23.65,27.27,20.62,86.2,0.8,1.88,0.55,93.59
20010221,0.82,4.9932,1.867,2.7274,0.47,23.64,26.39,21.39,87.22,0.61,1.28,0.39,93.62
20010222,2.27,4.872,1.0231,3.1615,0.46,23.38,25.63,22.09,89.89,1.2,1.6,0.74,93.74
20010223,19.13,5.2582,2.9729,2.6129,0.5,23.38,26.02,21.58,91.41,1.64,2.78,1.03,93.74
20010224,14.23,5.0122,2.6304,2.3597,0.47,23.03,25.2,21.81,94.06,1.55,2.43,0.97,93.71
20010225,6.64,6.2177,4.0759,2.8291,0.59,22.63,24.91,20.94,90.84,0.92,1.55,0.58,93.76
20010226,6.35,5.8183,3.1764,2.9746,0.55,23.54,25.63,21.99,88.9,1.03,1.31,0.68,93.79
20010227,9.83,6.3391,4.081,2.8051,0.6,23.57,25.35,22.17,91.63,1.24,1.62,0.79,93.79
20010228,6.67,5.49,1.319,3.6542,0.52,23.89,26.5,22.13,88.23,0.52,1.13,0.31,93.76
20010301,12.7,5.6395,3.5494,2.5061,0.53,23.85,27.26,21.55,85.99,0.83,1.6,0.53,93.76
20010302,8.67,5.3275,2.513,2.9352,0.5,23.7,26.5,21.87,89.94,1.47,2.04,0.9,93.71
20010303,3.9,5.0806,1.5598,3.2942,0.48,23.28,25.08,22.29,91.71,0.95,1.39,0.59,93.65
20010304,43.44,5.5654,1.8806,3.5158,0.53,22.97,25.54,21.67,92.23,0.8,1.44,0.51,93.62
20010305,6.99,5.6045,2.7379,2.8488,0.53,23.29,25.92,21.34,87.61,0.95,1.57,0.58,93.63
20010306,3.06,5.1235,1.4321,3.1603,0.48,23.31,25.54,21.53,86.95,0.8,1.53,0.49,93.67
20010307,18.53,4.9471,2.1859,2.6098,0.47,23.29,25.91,21.3,87.02,0.91,1.63,0.55,93.71
20010308,7.96,5.2378,2.269,2.7638,0.5,23.39,25.76,21.76,84.71,0.7,1.39,0.43,93.7
20010309,24.56,5.1516,1.5185,3.1596,0.49,23.16,24.86,21.84,89.8,1.29,2.12,0.78,93.69
20010310,38.71,4.4362,0.6053,3.0691,0.42,22.81,26.04,20.89,90.39,1.52,2.06,0.92,93.75
20010311,18.69,4.3591,0.9475,2.5944,0.41,23.47,25.31,22.01,93.06,1.45,1.94,0.87,93.71
20010312,5.36,4.0378,0.2693,2.9417,0.38,23.2,25.87,21.61,85.92,0.79,1.3,0.49,93.67
20010313,0.58,3.7466,0.3876,2.6482,0.36,22.94,25.25,21.4,85.49,1.03,1.55,0.62,93.71
20010314,10.6,5.0035,1.3454,3.072,0.48,22.89,24.8,21.33,90.74,1.12,1.85,0.69,93.8
20010315,49.75,4.0927,0.2592,2.9834,0.39,22.6,24.39,21.34,90.91,1.08,1.53,0.67,93.75
20010316,7.41,3.2431,0.0137,2.467,0.31,22.85,25.23,21.44,87.23,0.97,1.34,0.6,93.66
20010317,3.89,5.3998,3.1963,2.413,0.51,24.05,27.21,21.5,80.99,0.8,1.19,0.52,93.6
20010318,1.12,5.027,1.0514,3.3962,0.48,23.67,26.28,21.62,82.45,0.8,1.47,0.49,93.63
20010319,5.23,5.9021,3.4231,2.735,0.56,23.74,27.09,20.7,81.27,1.29,2.3,0.8,93.64
20010320,7.34,5.8481,3.6058,2.9998,0.56,23.18,26.25,20.95,85.86,1.3,2.09,0.83,93.6
20010321,5.33,6.1164,3.9766,2.7564,0.58,23.17,25.45,20.93,84.78,0.87,1.36,0.57,93.56
20010322,1.33,5.6652,2.7792,3.1879,0.54,22.99,24.6,21.85,88.52,0.73,1.29,0.46,93.57
20010323,3.57,5.5901,3.3077,2.5742,0.54,23.83,26.8,21.34,87.38,1.43,1.95,0.9,93.57
20010324,3.3,4.9068,1.2509,2.9842,0.47,23.51,25.39,21.86,93.12,1.69,2.09,1.02,93.56
20010325,7.54,3.9751,0.5748,2.645,0.38,22.29,23.61,20.84,90.24,1.12,1.87,0.69,93.66
20010326,17.02,5.1617,2.6088,2.7794,0.5,23.0,25.95,21.13,88.15,1.48,2.36,0.92,93.59
20010327,8.37,5.5913,3.2923,2.5793,0.54,23.2,25.47,21.54,92.39,1.6,2.34,1.02,93.62
20010328,19.04,6.0482,3.7589,2.7413,0.58,22.9,24.57,21.55,93.89,1.08,1.74,0.68,93.69
20010329,38.34,5.1149,1.219,3.3437,0.49,23.31,25.09,22.25,89.94,0.88,1.32,0.56,93.62
20010330,11.14,5.994,3.9794,2.6045,0.58,23.09,25.69,21.48,89.67,1.06,1.56,0.65,93.67
20010331,3.36,5.0472,2.1434,2.8807,0.49,23.12,24.6,21.99,91.28,1.74,2.14,1.08,93.78
20010401,33.12,5.6263,3.5635,2.4451,0.55,23.43,24.7,22.5,94.78,1.84,2.72,1.09,93.7
20010402,14.25,5.6506,3.2678,2.8728,0.55,23.34,25.79,21.56,89.94,1.32,1.74,0.8,93.64
20010403,5.79,5.4535,2.988,2.6215,0.53,23.43,25.4,22.01,92.15,1.31,2.04,0.83,93.62
20010404,4.48,5.5627,3.703,2.4653,0.54,23.46,25.27,22.11,93.12,1.41,1.79,0.83,93.62
20010405,3.02,5.8656,3.901,2.6102,0.57,24.19,26.77,22.43,91.55,1.96,2.8,1.21,93.68
20010406,1.76,5.807,3.8376,2.5135,0.57,23.72,26.22,22.12,91.05,1.47,1.83,0.9,93.79
20010407,4.76,5.5589,3.3775,2.532,0.54,23.56,26.04,21.96,86.74,1.37,2.21,0.84,93.82
20010408,2.7,4.8845,2.4185,2.593,0.48,23.49,25.83,21.85,87.11,1.32,2.24,0.84,93.66
20010409,8.39,5.1346,1.9366,2.8574,0.51,23.3,26.02,21.19,91.37,1.41,2.07,0.9,93.74
20010410,3.11,5.3834,2.9026,2.6453,0.53,23.06,25.06,21.83,92.04,1.35,2.04,0.84,93.86
20010411,3.78,4.1686,0.4162,2.8366,0.41,22.81,25.2,21.46,92.0,1.37,1.91,0.84,93.85
20010412,28.49,4.7746,2.6057,2.2332,0.47,23.11,25.99,20.8,89.24,1.36,2.09,0.86,93.75
20010413,13.41,5.9119,4.1971,2.6131,0.59,23.09,25.83,20.86,88.77,1.41,1.94,0.89,93.86
20010414,9.59,5.5558,3.8484,2.4946,0.55,22.97,24.44,21.9,93.24,1.99,3.17,1.21,93.92
20010415,47.62,5.1936,2.2198,2.8718,0.52,21.94,23.74,20.5,90.63,1.07,1.59,0.65,93.95
20010416,27.28,5.5109,3.1181,2.6856,0.55,22.97,25.38,21.42,91.06,1.61,2.7,1.02,93.78
20010417,10.5,4.9757,1.8979,2.7715,0.5,23.24,24.65,21.97,94.7,1.75,2.57,1.1,93.64
20010418,0.79,5.2927,3.3334,2.3741,0.53,23.49,25.01,22.61,89.46,0.95,1.52,0.59,93.61
20010419,4.41,4.8281,1.8298,2.7019,0.48,23.21,25.14,21.7,89.33,0.73,1.27,0.46,93.64
20010420,0.79,5.2764,2.7487,2.6827,0.53,23.04,24.23,22.13,92.08,0.9,1.68,0.57,93.61
20010421,1.22,4.589,1.2398,2.8951,0.46,23.66,26.04,22.07,89.57,1.05,1.45,0.64,93.55
20010422,0.55,4.0538,0.7774,2.7938,0.41,23.74,26.37,21.51,85.44,1.29,1.73,0.82,93.61
20010423,3.0,4.3805,1.2965,2.6705,0.44,23.92,26.21,22.14,88.47,1.53,2.12,0.94,93.6
20010424,6.55,5.6131,3.565,2.5891,0.57,23.74,26.16,22.3,92.9,1.4,2.27,0.88,93.57
20010425,12.26,4.8062,2.521,2.3981,0.49,23.23,25.49,21.71,92.39,1.5,2.4,0.93,93.61
20010426,2.82,5.5174,2.2145,3.1589,0.56,22.78,24.2,21.34,90.68,1.07,1.73,0.64,93.67
20010427,17.49,5.4715,3.5926,2.4322,0.56,23.1,24.41,21.68,92.34,1.23,1.97,0.78,93.62
20010428,33.54,4.3994,1.2394,2.6582,0.45,23.41,25.46,22.09,93.28,1.29,1.7,0.77,93.58
20010429,20.85,4.8926,2.2716,2.5013,0.5,23.64,26.06,21.75,89.78,1.32,1.79,0.81,93.64
20010430,4.41,5.67,4.0416,2.3407,0.58,23.03,24.08,22.04,91.57,1.43,1.96,0.84,93.78
20010501,25.26,3.941,1.1784,2.4221,0.41,22.7,24.53,20.89,92.64,1.58,2.08,0.95,93.79
20010502,13.49,4.7755,2.0287,2.5046,0.49,22.21,24.39,20.33,91.66,1.35,1.76,0.81,93.7
20010503,7.55,4.9889,2.07,2.6616,0.52,22.67,24.13,21.34,93.19,1.13,1.85,0.67,93.71
20010504,1.41,5.6626,3.8491,2.5591,0.59,23.84,26.52,21.93,89.26,1.35,1.67,0.84,93.78
20010505,19.94,4.7846,1.925,2.6359,0.5,23.52,25.59,21.96,91.39,1.3,1.82,0.8,93.82
20010506,4.11,4.8593,2.5123,2.5178,0.51,23.85,25.57,22.59,87.61,1.59,2.77,0.96,93.81
20010507,0.33,5.4144,3.3432,2.6215,0.57,24.28,27.54,22.39,84.96,0.98,1.71,0.66,93.73
20010508,0.92,4.8372,3.0804,2.3606,0.51,23.45,25.39,22.3,87.94,1.16,1.9,0.73,93.7
20010509,0.67,4.5523,2.0213,2.4845,0.48,23.16,24.76,21.71,91.1,1.63,2.68,1.04,93.72
20010510,3.67,5.3172,2.8867,2.7816,0.56,22.96,24.48,21.94,90.69,1.32,1.79,0.81,93.82
20010511,0.5,5.5078,3.8947,2.3052,0.58,22.68,24.5,21.68,89.52,0.92,1.43,0.58,93.81
20010512,0.33,5.3918,3.4572,2.6004,0.57,23.6,26.5,21.79,87.73,1.21,1.71,0.78,93.75
20010513,0.18,4.6675,1.8094,2.6676,0.49,23.83,26.2,21.79,88.34,1.31,1.79,0.83,93.73
20010514,5.25,4.4666,2.843,2.123,0.47,23.02,24.02,22.27,93.73,1.7,2.99,1.01,93.83
20010515,1.55,4.6831,2.1017,2.5332,0.5,23.05,24.63,21.8,90.0,1.0,1.53,0.63,93.92
20010516,7.7,4.9198,3.4409,2.2978,0.52,23.29,25.27,21.92,92.19,1.23,1.54,0.73,93.89
20010517,10.72,4.0786,2.3131,2.0354,0.44,22.98,24.9,21.52,93.41,1.46,1.88,0.88,93.88
20010518,1.07,5.0196,3.9482,2.1533,0.54,23.28,25.98,21.08,88.05,1.28,1.82,0.8,93.9
20010519,1.07,4.471,3.4471,2.0844,0.48,23.31,25.07,21.71,86.84,1.29,2.72,0.83,93.85
20010520,0.21,4.5547,2.3988,2.4298,0.49,22.78,24.35,21.55,89.92,1.3,2.59,0.85,93.77
20010521,0.45,6.133,5.0719,2.3707,0.66,22.62,24.3,21.11,89.01,1.12,1.5,0.7,93.76
20010522,1.11,4.4719,1.6862,2.5702,0.48,23.58,26.87,21.16,86.96,1.6,2.36,0.99,93.77
20010523,3.73,4.8785,2.478,2.5548,0.53,22.94,24.96,21.56,89.83,0.96,1.58,0.58,93.79
20010524,1.62,4.7496,2.3695,2.454,0.51,23.15,26.27,21.5,87.35,1.51,1.92,0.9,93.73
20010525,3.21,3.5503,0.4558,2.459,0.39,22.75,25.8,20.73,89.42,1.72,2.12,1.04,93.76
20010526,0.46,4.2089,1.9627,2.3693,0.46,23.06,26.39,20.63,84.8,1.37,1.65,0.82,93.82
20010527,0.14,5.651,4.7561,2.2858,0.62,22.97,25.58,20.94,83.3,1.35,2.03,0.84,93.82
20010528,0.24,5.6244,4.2773,2.477,0.61,23.1,25.92,21.15,82.26,1.17,1.6,0.76,93.78
20010529,8.62,4.5811,2.0018,2.5651,0.5,22.69,24.47,21.01,91.7,1.19,1.88,0.73,93.72
20010530,22.13,4.8564,2.5442,2.5915,0.53,23.13,25.47,21.45,89.54,1.47,1.94,0.9,93.68
20010531,32.83,5.0645,4.1746,2.1372,0.56,22.72,25.08,21.07,90.84,1.34,1.8,0.83,93.7
20010601,9.22,4.4318,1.2986,2.9297,0.49,22.53,25.08,21.15,89.21,1.14,1.64,0.71,93.8
20010602,1.15,5.316,4.6411,2.0066,0.58,23.18,26.03,20.71,86.87,1.05,1.77,0.64,93.83
20010603,44.56,4.709,4.0754,1.9946,0.52,23.02,24.63,21.75,89.29,0.94,2.05,0.6,93.8
20010604,22.69,5.3736,3.6838,2.6779,0.59,23.58,26.12,21.76,88.29,1.22,1.58,0.73,93.66
20010605,11.07,4.8622,3.2926,2.3525,0.54,23.34,25.79,21.24,89.29,1.51,2.3,0.92,93.63
20010606,87.66,4.4561,2.7084,2.2692,0.49,23.02,25.29,20.84,91.94,1.5,2.37,0.91,93.59
20010607,6.88,5.0239,3.4591,2.2942,0.56,23.29,25.58,21.45,90.45,1.26,1.73,0.78,93.53
20010608,3.48,4.7945,2.3654,2.6314,0.53,23.55,25.99,21.86,87.56,0.94,1.71,0.6,93.5
20010609,2.64,3.9703,1.351,2.4655,0.44,22.52,23.93,21.21,91.1,0.76,2.23,0.47,93.65
20010610,20.17,4.0728,2.947,2.0011,0.45,21.69,23.47,20.54,89.12,1.19,2.27,0.76,93.81
20010611,0.24,5.281,3.8078,2.3179,0.59,22.44,24.69,20.5,88.89,1.24,1.61,0.77,93.81
20010612,4.91,5.2433,3.9646,2.3285,0.58,23.3,25.81,21.24,87.12,1.42,1.69,0.88,93.84
20010613,20.28,5.0806,3.8016,2.2474,0.57,23.19,26.0,21.19,87.56,1.4,1.79,0.88,93.82
20010614,1.45,5.3057,4.3301,2.2279,0.59,22.96,25.36,21.27,87.62,1.06,1.71,0.66,93.79
20010615,47.46,3.3816,1.6032,1.9046,0.38,22.16,24.4,20.68,90.27,1.16,1.74,0.72,93.72
20010616,11.4,4.0567,1.015,2.623,0.45,22.61,24.3,20.94,89.38,1.08,1.9,0.68,93.69
20010617,3.56,3.3415,0.5609,2.2764,0.37,22.0,23.11,21.2,91.85,1.51,2.19,0.92,93.72
20010618,1.87,3.2424,0.6998,2.3208,0.36,22.27,24.17,21.09,91.92,2.22,3.33,1.35,93.75
20010619,2.67,4.3848,2.8704,2.2534,0.49,22.56,25.05,20.73,90.14,1.72,2.2,1.06,93.65
20010620,48.85,4.0051,2.9434,1.9498,0.45,22.33,24.25,21.15,94.07,1.38,2.04,0.84,93.64
20010621,11.59,4.1191,1.2295,2.5733,0.46,21.97,23.65,21.07,93.52,1.65,2.65,1.0,93.78
20010622,0.03,5.2219,3.4706,2.5006,0.58,22.45,24.79,20.99,89.26,1.3,1.73,0.8,93.86
20010623,0.01,5.1614,4.0642,2.3618,0.58,22.66,25.26,20.27,86.27,1.42,1.71,0.88,93.9
20010624,2.65,4.7098,3.7759,2.1391,0.53,22.79,25.36,20.6,85.48,1.29,1.7,0.8,93.89
20010625,5.78,4.3145,2.2601,2.3006,0.48,22.11,23.74,21.19,89.41,1.07,2.19,0.7,93.85
20010626,14.55,5.0614,3.9883,2.1338,0.56,22.6,24.97,21.12,89.41,1.28,1.99,0.82,93.72
20010627,31.38,4.3704,2.3695,2.3758,0.49,22.75,25.06,21.36,93.39,1.22,1.74,0.75,93.75
20010628,21.61,4.7292,3.3845,2.2742,0.53,22.4,24.4,20.43,90.8,1.2,1.67,0.73,93.86
20010629,6.63,4.6092,3.2112,2.1115,0.51,22.62,25.36,20.75,91.37,1.52,2.24,0.95,93.87
20010630,3.14,3.4178,1.4743,2.1816,0.38,22.24,24.31,20.78,91.98,1.84,2.95,1.15,93.9
20010701,2.0,5.4439,5.4535,1.7441,0.61,21.9,24.59,20.18,89.96,1.97,2.9,1.23,93.9
20010702,0.52,4.5631,4.3286,1.7914,0.51,21.81,24.82,19.93,89.11,1.96,2.9,1.22,93.81
20010703,0.49,4.3123,4.7136,1.6039,0.48,21.36,24.34,19.46,89.61,2.01,2.69,1.25,93.71
20010704,0.09,4.5223,2.813,2.441,0.5,21.24,24.5,19.35,85.76,2.09,2.67,1.3,93.7
20010705,0.0,5.4578,4.7741,2.2183,0.61,21.63,25.51,18.3,80.54,1.5,2.06,0.94,93.76
20010706,0.0,5.3498,4.6682,2.1518,0.59,22.59,26.09,19.93,86.03,1.39,1.73,0.87,93.78
20010707,0.04,5.7139,5.017,2.1461,0.63,23.06,26.62,20.4,86.15,1.21,1.72,0.77,93.76
20010708,0.03,5.4982,4.3992,2.2654,0.61,23.09,26.49,21.04,88.08,1.39,1.9,0.87,93.82
20010709,0.08,5.4298,4.3685,2.2099,0.6,22.87,25.78,20.62,88.76,1.52,1.84,0.93,93.92
20010710,0.55,5.573,4.5358,2.3074,0.62,23.05,26.41,21.13,89.34,1.68,2.34,1.04,93.93
20010711,0.37,5.335,4.267,2.2579,0.59,23.14,26.46,20.72,87.35,1.59,2.04,0.97,93.86
20010712,0.01,5.3945,3.7102,2.3933,0.59,22.7,24.49,21.2,90.04,1.83,2.27,1.15,93.78
20010713,22.83,4.7904,3.1349,2.3302,0.53,22.81,26.33,20.16,88.16,1.62,2.07,1.01,93.86
20010714,24.4,5.6138,3.965,2.4674,0.62,22.74,26.29,19.95,88.28,1.69,2.26,1.04,93.94
20010715,7.78,5.8226,4.0764,2.663,0.64,22.97,26.39,20.32,86.68,1.61,2.21,1.0,94.0
20010716,0.0,5.8001,5.4007,2.106,0.64,23.16,26.55,20.55,84.15,1.37,2.02,0.86,93.93
20010717,0.14,4.5883,3.5544,2.0273,0.5,22.83,24.9,21.48,89.68,1.65,2.41,1.01,93.83
20010718,0.07,5.1103,4.4546,1.9778,0.56,22.56,25.3,20.49,88.0,1.15,1.74,0.73,93.8
20010719,0.39,5.6522,4.6589,2.3038,0.62,22.64,25.49,20.78,85.39,0.76,1.32,0.48,93.81
20010720,0.14,5.1934,3.3622,2.3945,0.57,23.01,25.93,20.86,86.58,1.3,2.0,0.79,93.72
20010721,0.01,5.1917,4.3721,2.1797,0.56,22.98,26.56,20.15,86.01,1.59,2.38,0.99,93.68
20010722,4.93,4.6397,2.0734,2.5697,0.5,22.7,25.8,20.06,86.71,1.42,1.92,0.87,93.72
20010723,8.48,3.9598,1.0982,2.4511,0.43,21.99,23.63,20.7,91.44,1.12,2.12,0.71,93.74
20010724,0.91,4.5679,3.0038,2.1684,0.49,22.47,25.3,20.73,87.13,1.2,1.71,0.74,93.7
20010725,15.95,2.4955,0.9406,1.7405,0.27,22.14,24.4,20.37,89.39,1.42,1.86,0.87,93.76
20010726,16.44,3.3835,0.8246,2.1643,0.36,22.49,25.46,20.33,88.7,1.84,2.6,1.12,93.76
20010727,36.76,3.2371,0.3053,2.3446,0.35,22.46,25.3,20.53,89.7,1.59,2.57,0.98,93.75
20010728,31.01,3.5791,0.8232,2.1977,0.38,22.4,25.38,20.5,90.43,1.48,2.33,0.91,93.79
20010729,2.7,3.4474,1.3349,2.1768,0.37,22.07,24.82,19.67,88.83,1.5,2.16,0.95,93.9
20010730,11.88,3.3566,0.5369,2.3376,0.36,22.5,25.48,20.48,89.85,1.39,2.05,0.88,93.9
20010731,16.9,3.5465,0.8208,2.3249,0.38,22.58,25.54,20.37,89.72,1.61,2.28,1.0,93.81
20010801,15.37,2.6429,0.7752,1.848,0.28,21.88,23.41,20.64,94.69,1.87,2.59,1.19,93.69
20010802,17.51,4.0517,1.4988,2.3873,0.43,21.67,24.35,20.04,92.82,1.75,2.43,1.1,93.65
20010803,1.27,4.4597,2.8558,2.2162,0.47,21.71,24.73,20.05,90.51,1.94,3.28,1.23,93.76
20010804,0.48,3.8167,2.4377,1.9954,0.4,21.97,24.53,20.05,89.46,1.73,2.67,1.1,93.9
20010805,0.91,3.9862,2.1691,2.1022,0.42,22.24,25.17,20.27,89.33,1.39,2.59,0.88,93.93
20010806,3.28,3.2777,1.0493,2.1821,0.35,22.15,25.53,19.91,88.13,1.46,2.89,0.93,93.86
20010807,22.63,3.8256,1.811,2.352,0.4,22.04,25.81,18.79,87.55,1.44,2.26,0.89,93.84
20010808,25.29,4.74,2.9062,2.3328,0.5,22.47,25.42,19.81,87.6,1.38,2.33,0.83,93.91
20010809,4.5,5.9042,5.0748,2.2378,0.62,22.84,26.09,20.62,86.53,1.31,2.31,0.8,93.96
20010810,0.05,6.2645,5.1809,2.4036,0.66,22.33,25.21,20.34,84.74,1.62,2.66,1.04,93.94
20010811,0.0,4.9601,3.0077,2.5046,0.52,22.09,25.75,19.24,83.96,1.6,2.58,1.04,93.87
20010812,0.05,4.6402,2.0906,2.5589,0.48,21.53,24.66,19.56,87.11,1.73,2.54,1.1,93.95
20010813,0.0,4.3574,1.068,2.8579,0.45,22.03,25.11,19.77,84.68,1.7,3.07,1.06,93.94
20010814,0.15,5.1432,3.4193,2.3218,0.53,22.74,26.02,20.36,82.82,1.39,2.36,0.87,94.04
20010815,0.1,3.7579,2.5226,2.2421,0.39,22.66,25.95,20.4,85.67,1.72,2.81,1.1,94.04
20010816,0.01,5.6868,3.9281,2.5898,0.59,22.54,25.62,20.56,87.8,1.96,3.05,1.22,93.88
20010817,0.0,4.6718,3.2818,2.4156,0.48,22.17,25.68,20.1,86.41,1.76,2.85,1.11,93.78
20010818,0.01,5.1122,3.4457,2.4482,0.53,22.4,25.95,19.92,85.83,1.68,2.61,1.09,93.82
20010819,0.0,5.8898,4.614,2.2454,0.6,22.77,26.02,20.43,85.75,1.57,2.63,1.03,93.85
20010820,0.0,5.4881,3.7894,2.3402,0.56,22.91,26.27,20.88,87.1,1.56,2.36,0.98,93.93
20010821,0.02,6.0847,4.3243,2.497,0.62,23.26,26.94,20.39,86.03,1.63,2.17,1.01,93.88
20010822,0.16,5.5171,3.7512,2.4286,0.56,23.05,26.46,20.86,87.73,1.99,2.85,1.26,93.81
20010823,0.06,5.1586,4.4246,2.3366,0.53,22.58,25.87,20.36,85.46,1.88,2.64,1.18,93.81
20010824,0.0,5.7595,3.8962,2.4547,0.59,22.98,26.76,20.49,82.55,1.35,2.25,0.88,93.82
20010825,0.0,5.052,3.2558,2.4754,0.51,22.85,26.45,20.22,85.67,1.65,2.64,1.04,93.84
20010826,0.0,5.1235,2.7355,2.4516,0.52,22.65,25.92,20.49,85.83,1.65,2.51,1.04,93.83
20010827,0.03,5.1893,3.6089,2.2934,0.52,22.64,26.41,19.62,85.78,1.48,1.85,0.93,93.72
20010828,2.72,5.3246,4.0543,2.297,0.54,22.97,26.73,20.63,87.15,1.51,2.6,0.96,93.69
20010829,0.73,5.2375,2.9453,2.466,0.53,22.74,26.55,19.37,84.38,1.58,2.29,0.97,93.76
20010830,0.0,6.7001,5.5903,2.2954,0.67,23.12,26.4,20.24,84.19,1.5,1.77,0.89,93.75
20010831,0.0,6.2858,4.915,2.4586,0.63,23.05,27.19,19.66,82.16,1.39,2.33,0.86,93.8
20010901,0.0,6.4927,5.6582,2.2234,0.65,23.5,27.09,21.22,85.63,1.28,1.98,0.8,93.77
20010902,0.0,6.4819,5.9124,2.2138,0.65,23.39,26.92,20.95,85.33,1.45,2.5,0.91,93.76
20010903,0.0,7.0572,6.9058,1.861,0.7,23.07,26.93,19.65,77.77,1.26,2.11,0.79,93.86
20010904,1.84,6.9403,6.2986,2.0854,0.69,23.48,27.22,20.8,82.8,1.23,1.89,0.78,93.88
20010905,4.32,4.9906,2.2702,2.6292,0.5,22.58,26.06,19.77,85.49,1.47,1.83,0.88,93.88
20010906,9.28,6.6898,6.1183,1.9344,0.66,22.55,25.84,20.04,80.84,1.24,1.72,0.78,93.97
20010907,0.71,6.9319,6.5791,2.0998,0.69,22.88,26.8,19.92,83.49,1.38,2.01,0.86,93.97
20010908,0.78,5.579,4.4806,2.2246,0.55,22.68,25.22,20.79,85.35,1.29,1.89,0.8,93.96
20010909,14.16,4.4904,2.5229,2.2968,0.44,22.06,23.69,20.77,88.98,0.84,1.66,0.5,93.84
20010910,19.91,5.8224,3.8117,2.6323,0.57,22.75,26.31,20.32,88.29,1.47,2.31,0.88,93.78
20010911,1.66,5.2639,3.3439,2.3422,0.52,22.98,26.97,19.16,87.43,1.61,2.33,0.98,93.79
20010912,1.46,5.861,3.8489,2.4271,0.58,23.22,26.66,20.57,85.58,1.58,2.03,0.95,93.83
20010913,0.16,5.5752,3.714,2.4984,0.55,22.82,25.92,20.66,85.07,1.34,1.88,0.85,93.82
20010914,8.71,5.2956,3.3254,2.4518,0.52,22.93,26.5,20.6,84.77,1.3,2.06,0.8,93.84
20010915,2.12,4.734,2.327,2.4329,0.46,22.69,26.13,19.98,86.59,1.62,2.33,0.98,93.84
20010916,0.0,6.7699,6.6816,1.8907,0.66,23.43,26.89,20.7,81.56,1.14,2.41,0.7,93.84
20010917,0.08,7.2086,7.0054,1.9037,0.7,23.57,27.04,20.69,78.6,1.03,1.86,0.68,93.82
20010918,0.02,6.9202,7.6445,2.371,0.67,23.54,27.01,20.78,78.66,1.06,1.95,0.71,93.79
20010919,0.01,6.5359,5.37,2.4617,0.64,23.46,26.68,21.22,81.99,1.15,1.85,0.74,93.8
20010920,0.76,5.4257,4.1904,2.1341,0.53,23.35,26.65,21.34,84.28,1.41,2.02,0.9,93.82
20010921,1.04,7.2701,7.3046,1.6982,0.71,23.33,27.01,20.31,81.56,1.5,1.8,0.95,93.79
20010922,28.59,5.8034,3.9672,2.7209,0.56,22.86,25.18,21.08,89.21,1.61,2.84,1.02,93.75
20010923,36.1,4.447,1.3457,2.6374,0.43,22.65,25.15,20.77,90.63,1.19,1.79,0.71,93.75
20010924,8.01,5.6873,3.677,2.4602,0.55,23.18,26.67,20.45,87.81,1.42,1.8,0.86,93.74
20010925,7.49,4.7825,2.149,2.7545,0.46,23.03,26.12,20.7,87.52,1.39,1.79,0.84,93.68
20010926,19.62,5.2325,3.0485,2.688,0.51,23.21,26.06,21.28,88.59,1.26,1.97,0.77,93.62
20010927,19.68,4.9771,3.1937,2.201,0.48,23.51,26.53,21.33,88.32,1.29,1.82,0.83,93.65
20010928,11.37,4.4148,1.2554,2.5831,0.43,23.12,25.8,21.38,90.1,1.54,2.28,0.92,93.66
20010929,2.8,3.7138,0.4714,2.6707,0.36,22.98,25.44,20.84,88.73,1.32,1.87,0.8,93.73
20010930,21.15,5.0861,1.9006,2.8306,0.49,22.41,23.97,21.17,91.08,1.27,2.37,0.84,93.76
20011001,9.44,5.1077,2.3755,2.8159,0.49,22.28,24.69,20.78,91.65,1.22,1.69,0.76,93.76
20011002,0.96,6.5316,5.3803,2.4643,0.63,22.65,25.57,19.95,82.39,1.1,1.47,0.67,93.78
20011003,0.05,6.5568,5.1497,2.58,0.63,23.57,26.97,21.16,84.37,1.43,2.81,0.92,93.74
20011004,0.0,6.0893,5.051,2.2433,0.58,23.67,27.23,20.62,82.89,1.31,2.37,0.86,93.75
20011005,0.02,6.289,4.0987,2.7295,0.6,23.83,26.93,21.77,84.25,1.68,3.6,1.08,93.75
20011006,0.0,7.0416,6.1858,2.1626,0.68,23.73,27.56,20.9,81.57,1.63,2.16,1.03,93.81
20011007,0.0,6.2198,4.4854,2.8466,0.6,24.11,28.07,21.23,85.57,1.68,2.29,1.06,93.81
20011008,0.56,6.7992,6.1822,2.3966,0.65,23.71,26.78,21.2,83.49,1.42,1.91,0.87,93.85
20011009,0.15,5.9875,3.066,3.2498,0.57,24.0,27.14,22.17,82.25,1.3,2.15,0.83,93.83
20011010,0.02,5.4288,2.9333,2.6741,0.52,23.23,25.01,21.91,86.73,1.41,2.74,0.9,93.9
20011011,0.1,5.6722,2.7821,3.0209,0.54,23.46,25.52,21.5,85.02,1.21,2.0,0.76,93.93
20011012,0.29,6.8225,5.4662,2.4379,0.65,24.04,26.98,21.66,81.74,1.14,1.97,0.75,93.81
20011013,0.04,6.2134,4.6049,2.6666,0.59,23.71,26.23,21.83,84.72,1.49,2.25,0.96,93.71
20011014,0.17,5.3561,3.5357,2.5572,0.51,23.2,25.22,21.73,89.49,1.64,3.25,1.04,93.71
20011015,0.01,6.4759,4.9718,2.598,0.62,23.76,27.87,20.82,86.0,1.25,1.83,0.74,93.75
20011016,0.01,5.3527,3.1534,2.483,0.51,23.89,26.83,21.67,84.87,1.5,2.03,0.93,93.72
20011017,8.75,6.1826,4.4758,2.5723,0.59,24.23,27.39,21.88,80.09,1.14,1.92,0.73,93.69
20011018,12.92,5.4461,3.0756,2.5762,0.52,23.02,24.65,22.06,90.75,1.46,2.15,0.95,93.75
20011019,2.4,6.0689,3.8818,2.8418,0.58,23.12,25.4,21.56,88.4,1.21,1.72,0.75,93.83
20011020,0.5,6.1236,5.2754,2.501,0.59,23.61,25.8,21.76,83.47,1.19,2.5,0.78,93.69
20011021,0.68,6.1555,3.799,2.9239,0.59,23.89,27.03,21.52,82.32,1.16,1.99,0.72,93.6
20011022,2.17,4.938,2.2066,2.7816,0.47,23.73,26.03,21.77,86.12,1.14,1.43,0.71,93.6
20011023,24.3,5.1782,1.4206,3.1908,0.5,23.27,25.21,21.97,90.02,1.34,2.4,0.8,93.64
20011024,6.76,5.5555,3.2266,2.6366,0.53,23.96,26.74,22.1,88.01,0.98,1.48,0.61,93.6
20011025,0.16,6.1243,4.141,2.6306,0.59,24.08,26.52,22.68,87.62,1.33,1.87,0.82,93.58
20011026,2.58,6.6331,5.5526,2.3606,0.64,24.41,27.88,21.51,82.29,1.36,2.24,0.88,93.6
20011027,1.02,6.7766,5.9729,2.1739,0.65,24.6,28.15,22.17,81.63,1.33,2.01,0.85,93.67
20011028,0.24,6.3742,4.9639,2.5702,0.61,24.49,27.98,21.44,81.61,1.43,2.01,0.91,93.69
20011029,0.0,6.7039,5.1797,2.5634,0.64,24.49,28.05,21.75,83.28,1.47,2.64,0.95,93.73
20011030,0.79,4.9032,2.2682,2.7641,0.47,23.51,25.76,22.06,86.82,1.4,2.6,0.88,93.83
20011031,26.99,5.9076,4.2948,2.7614,0.57,23.58,26.97,21.1,85.2,1.17,2.17,0.71,93.83
20011101,12.59,5.2735,1.3939,3.4198,0.51,23.34,25.61,21.63,90.29,1.42,2.87,0.91,93.85
20011102,13.98,4.6572,1.446,3.2897,0.45,23.35,26.08,21.48,91.73,1.27,2.53,0.83,93.8
20011103,2.57,4.7302,1.103,3.157,0.46,23.12,25.37,21.58,90.27,1.29,2.49,0.82,93.75
20011104,0.3,6.1961,4.1086,2.6722,0.6,23.93,26.77,21.72,85.75,1.57,2.93,1.0,93.71
20011105,1.79,5.6244,3.143,2.6753,0.54,22.98,24.46,21.29,86.95,0.96,1.65,0.61,93.78
20011106,0.24,5.8008,3.7282,2.6551,0.56,24.05,27.69,21.22,82.26,1.56,2.16,0.98,93.65
20011107,0.51,4.6176,1.2302,2.7286,0.45,23.18,25.11,21.71,88.82,1.08,1.9,0.67,93.59
20011108,2.88,4.9954,1.1162,3.1872,0.48,22.93,24.98,21.62,90.91,1.66,2.61,1.02,93.55
20011109,22.47,5.6215,3.5729,2.7917,0.54,22.25,24.5,20.98,90.64,1.76,3.61,1.05,93.64
20011110,8.67,5.7878,3.1846,2.8334,0.56,22.74,25.05,20.86,86.81,1.41,2.3,0.87,93.66
20011111,23.91,4.9222,2.0998,2.7514,0.48,22.38,23.59,21.13,90.98,1.01,1.5,0.63,93.68
20011112,10.34,5.6626,4.1566,2.508,0.55,23.72,26.34,22.14,86.78,1.07,1.46,0.65,93.7
20011113,61.1,5.7703,3.3422,2.8673,0.56,23.37,25.48,21.99,88.0,1.14,1.74,0.7,93.77
20011114,23.37,5.4974,3.1574,2.8279,0.53,23.32,25.84,21.16,88.55,1.68,2.52,1.06,93.77
20011115,2.17,5.7888,3.9432,2.6026,0.56,23.48,27.35,20.09,83.32,1.39,2.25,0.87,93.76
20011116,3.97,5.502,3.5498,2.7787,0.53,23.54,25.66,22.07,89.6,1.62,2.35,1.04,93.73
20011117,3.42,5.281,2.3095,3.169,0.51,22.89,25.34,20.93,89.18,1.21,1.76,0.77,93.76
20011118,1.12,5.2927,1.8893,3.0602,0.51,23.48,25.28,21.64,87.64,1.15,2.38,0.71,93.69
20011119,0.05,5.5243,3.1226,2.6414,0.54,23.8,26.23,21.85,81.62,1.15,1.77,0.75,93.74
20011120,0.01,5.6498,3.6432,2.8584,0.55,23.72,26.55,21.47,83.1,1.75,2.53,1.1,93.74
20011121,3.15,5.3239,2.7326,3.1438,0.52,23.1,25.13,21.98,89.12,1.84,2.99,1.11,93.79
20011122,57.84,5.4425,3.3115,2.7778,0.53,23.41,25.69,22.25,89.46,1.6,2.58,0.98,93.7
20011123,5.8,5.0035,1.817,3.3982,0.49,23.82,26.48,22.34,89.04,1.37,1.86,0.85,93.61
20011124,1.71,5.6954,4.3498,2.4614,0.56,23.46,25.89,22.1,86.95,0.93,1.69,0.57,93.57
20011125,11.06,5.105,1.9596,3.2179,0.5,23.49,25.7,21.84,89.55,0.88,1.53,0.54,93.6
20011126,42.99,5.25,2.8205,2.6153,0.51,23.55,26.51,21.49,89.27,1.1,1.9,0.65,93.68
20011127,50.34,5.484,2.5327,2.8721,0.54,22.98,24.27,21.84,92.16,0.96,1.33,0.59,93.7
20011128,33.17,4.6644,0.6689,3.2762,0.46,23.2,25.13,21.91,89.4,0.8,1.4,0.5,93.64
20011129,21.41,4.2646,1.0481,2.6494,0.42,23.09,24.75,21.84,90.98,0.57,1.03,0.33,93.61
20011130,47.6,5.1655,2.0844,2.8394,0.51,23.28,25.79,21.11,90.15,1.14,1.67,0.7,93.54
20011201,5.88,4.459,0.6182,3.2405,0.44,23.67,25.87,21.75,87.58,0.75,1.23,0.48,93.48
20011202,1.49,4.9829,1.5857,3.0218,0.49,23.63,27.35,20.98,83.76,0.98,1.54,0.6,93.52
20011203,2.01,4.5206,0.9199,3.2098,0.44,23.14,26.04,20.82,84.32,0.88,1.57,0.52,93.54
20011204,1.92,4.4386,0.9593,3.0106,0.44,23.32,26.38,20.25,85.15,1.06,1.96,0.66,93.47
20011205,3.39,4.8473,2.6182,2.5145,0.48,23.42,26.43,20.71,84.99,0.92,1.72,0.58,93.5
20011206,2.27,3.5962,0.305,2.568,0.35,23.35,25.63,21.41,86.8,0.65,1.48,0.41,93.52
20011207,2.16,3.6526,0.3547,2.6885,0.36,23.05,25.6,21.06,85.93,0.73,1.07,0.46,93.57
20011208,1.42,3.1466,0.1138,2.4122,0.31,23.3,26.25,20.65,82.55,0.74,1.15,0.47,93.63
20011209,1.33,5.6486,3.9794,2.622,0.56,23.89,27.53,20.79,82.47,0.75,1.33,0.49,93.7
20011210,1.55,4.0452,0.2525,2.9734,0.4,23.15,25.9,20.98,86.91,0.66,1.16,0.44,93.7
20011211,2.32,4.9728,1.9294,3.0684,0.49,23.22,26.54,20.91,84.91,1.16,1.79,0.71,93.71
20011212,1.59,4.1693,0.5503,2.6832,0.41,23.09,25.68,21.33,85.1,0.95,2.07,0.6,93.82
20011213,0.13,4.9469,3.2952,2.2627,0.49,23.47,26.62,20.7,83.01,1.36,2.15,0.82,93.85
20011214,54.3,5.0251,1.6867,3.0638,0.49,23.68,25.46,22.6,88.25,0.99,1.42,0.66,93.86
20011215,30.69,4.4777,0.9235,2.7936,0.44,23.36,25.55,21.66,91.2,1.32,1.85,0.82,93.89
20011216,2.42,4.9092,2.0071,2.6431,0.48,23.88,26.44,22.19,87.41,0.88,1.49,0.54,93.83
20011217,62.8,6.0674,4.4165,2.6508,0.6,23.33,25.56,21.96,91.59,0.86,1.62,0.56,93.8
20011218,46.1,5.3892,3.2287,2.5922,0.53,22.94,24.7,21.91,91.18,0.87,1.39,0.52,93.91
20011219,10.62,6.0806,5.4658,2.105,0.6,23.22,25.97,21.19,88.74,1.39,1.98,0.87,93.87
20011220,16.58,4.8816,1.4066,3.0958,0.48,22.87,24.98,21.16,92.36,1.45,2.46,0.94,93.82
20011221,9.48,5.651,3.7867,2.6095,0.56,22.14,23.58,21.03,93.26,0.99,1.71,0.67,93.87
20011222,2.56,4.5562,1.4246,2.8284,0.45,22.12,23.9,20.93,90.09,1.07,2.14,0.72,93.89
20011223,0.05,5.4917,4.0649,2.4026,0.54,23.59,26.91,21.18,82.84,1.35,2.5,0.86,93.85
20011224,7.81,4.4611,2.543,2.4144,0.44,23.03,25.52,21.23,89.84,0.79,1.37,0.52,93.85
20011225,6.47,5.1478,2.5531,2.6554,0.51,23.18,25.09,21.9,89.79,0.78,1.34,0.5,93.87
20011226,3.83,4.4465,0.6792,3.2479,0.44,23.09,25.34,21.56,90.54,1.04,1.64,0.65,93.98
20011227,16.13,4.655,0.9444,3.0857,0.46,23.19,26.13,21.0,90.8,1.23,1.84,0.75,94.01
20011228,48.96,4.9862,3.2897,2.4094,0.49,22.52,23.81,21.52,93.56,0.88,1.52,0.54,94.01
20011229,13.98,4.729,1.4383,2.9129,0.46,23.41,26.7,21.37,83.47,0.95,1.51,0.56,93.92
20011230,2.92,5.7456,3.8546,2.5075,0.56,23.34,26.67,21.09,84.38,1.42,2.49,0.88,93.83
20011231,6.23,5.1362,1.2869,3.3228,0.5,23.14,24.16,22.25,94.52,1.81,2.43,1.14,93.8
20020101,40.27,4.0349,2.2013,2.0124,0.4,23.32,24.67,22.02,94.2,1.59,1.97,0.97,93.85
20020102,3.33,4.926,2.8375,2.4571,0.48,23.95,26.71,22.15,86.51,1.41,2.41,0.88,93.86
20020103,2.39,5.5538,3.5544,2.695,0.54,23.96,26.5,22.5,83.55,0.75,1.45,0.46,93.87
20020104,0.93,5.3009,1.8895,3.066,0.52,23.46,25.71,21.91,87.54,0.85,1.4,0.51,93.85
20020105,4.6,5.6407,4.9404,2.3587,0.55,23.75,26.24,22.04,84.48,0.44,1.0,0.29,93.8
20020106,4.46,4.5746,0.6953,3.042,0.45,23.51,26.27,21.11,88.95,1.54,2.55,0.97,93.8
20020107,45.3,5.2373,2.1523,3.0449,0.51,22.79,24.24,21.38,94.17,1.53,2.07,0.98,93.88
20020108,27.79,4.8674,2.2968,2.5702,0.48,22.89,25.38,20.82,91.57,1.53,2.45,0.96,93.81
20020109,40.11,4.2185,0.3684,2.9551,0.41,22.7,24.56,21.57,92.3,1.11,1.71,0.66,93.85
20020110,4.59,4.8074,1.6207,2.7605,0.47,22.52,23.87,21.38,90.63,1.0,1.49,0.61,93.84
20020111,1.44,5.3602,2.5781,2.7466,0.52,23.46,25.95,21.42,87.43,1.24,1.89,0.78,93.71
20020112,5.9,5.405,2.6657,2.813,0.53,23.45,26.24,20.99,85.24,1.39,2.02,0.87,93.65
20020113,37.64,5.3446,2.2951,2.9237,0.52,23.21,24.59,22.2,92.55,1.01,1.8,0.63,93.59
20020114,12.29,5.3542,2.4082,2.9669,0.52,23.21,25.89,20.92,92.1,1.41,1.9,0.86,93.61
20020115,7.3,5.2759,3.1346,2.5022,0.51,22.53,23.81,21.38,91.66,1.17,2.32,0.72,93.7
20020116,4.21,4.6908,2.34,3.0197,0.46,23.04,25.32,21.19,92.53,1.42,2.04,0.89,93.64
20020117,4.61,5.268,3.2014,2.3945,0.51,23.17,24.97,21.77,93.35,1.59,2.39,0.97,93.57
20020118,1.74,5.2558,2.9371,2.5836,0.51,23.46,25.88,21.75,88.7,1.5,1.91,0.92,93.57
20020119,1.48,5.5637,3.7027,2.5994,0.54,23.43,26.73,21.02,86.1,1.3,2.13,0.77,93.66
20020120,11.21,5.2874,1.6922,3.4008,0.51,23.39,26.4,20.89,88.05,1.6,2.12,0.98,93.63
20020121,9.5,6.1831,4.2595,2.5694,0.6,23.06,25.75,20.87,88.34,1.22,1.79,0.75,93.6
20020122,5.53,4.6613,0.5882,3.132,0.45,23.16,25.51,21.45,88.36,0.93,1.6,0.61,93.65
20020123,3.73,5.5973,2.8068,2.8649,0.54,23.06,25.33,21.67,89.03,1.55,2.64,0.96,93.67
20020124,9.3,4.9884,2.5997,2.5253,0.48,23.16,25.92,21.39,89.72,1.4,2.04,0.86,93.66
20020125,15.53,4.6154,1.4587,2.6635,0.44,22.34,23.77,20.84,91.03,1.3,2.0,0.79,93.69
20020126,30.76,5.3208,1.6814,3.1853,0.51,22.79,24.92,21.34,89.99,1.43,2.6,0.93,93.67
20020127,16.38,5.8238,3.6883,2.7002,0.56,23.45,26.14,21.44,89.89,1.74,2.55,1.1,93.64
20020128,2.05,5.5745,4.1177,2.4192,0.54,24.17,28.06,21.59,87.56,1.42,2.15,0.91,93.68
20020129,29.13,4.777,2.724,2.2997,0.46,22.37,23.98,20.97,93.18,1.37,2.87,0.86,93.76
20020130,9.53,5.7823,3.8508,2.7276,0.55,22.68,25.57,20.88,88.93,1.42,1.88,0.88,93.82
20020131,7.18,5.6506,2.1566,3.2935,0.54,22.99,24.91,21.33,87.63,1.24,1.82,0.77,93.82
20020201,3.14,5.2824,2.7151,2.6249,0.51,23.14,26.8,20.18,87.26,1.44,1.85,0.89,93.84
20020202,2.85,5.7533,3.0948,2.7634,0.55,23.23,25.88,21.21,91.21,1.45,1.94,0.85,93.81
20020203,10.93,5.0957,2.7828,3.0518,0.49,23.34,24.64,22.5,95.04,1.73,2.6,1.06,93.72
20020204,4.08,4.8814,2.0136,2.6868,0.47,23.26,25.29,21.85,91.83,1.23,1.88,0.76,93.71
20020205,6.16,5.557,2.7324,2.7602,0.53,23.49,25.86,21.4,86.0,0.73,1.17,0.45,93.73
20020206,0.52,6.4315,4.3241,2.7766,0.61,24.12,27.32,22.24,82.69,0.85,1.37,0.58,93.73
20020207,0.0,4.6243,0.5664,3.1877,0.44,23.16,25.39,21.49,87.01,0.79,1.26,0.5,93.76
20020208,24.09,4.1119,0.1745,3.0545,0.39,23.87,27.27,21.82,81.8,0.9,1.63,0.57,93.78
20020209,3.46,5.6952,2.9052,2.8757,0.54,23.81,26.3,21.9,82.62,0.72,1.17,0.48,93.69
20020210,0.27,5.5615,2.5735,3.2184,0.53,23.84,26.43,21.68,83.29,0.8,1.33,0.49,93.67
20020211,0.08,4.9642,0.9986,3.347,0.47,23.78,26.5,21.92,84.75,1.09,1.7,0.68,93.79
20020212,0.51,5.1607,1.2998,3.167,0.49,23.41,25.86,21.77,86.53,1.24,1.68,0.79,93.88
20020213,1.15,3.8326,0.7394,2.7571,0.36,22.74,25.13,21.17,89.93,1.15,1.54,0.71,93.83
20020214,69.39,4.9464,1.3661,2.9825,0.47,23.04,25.5,21.31,89.24,1.07,1.52,0.67,93.88
20020215,28.72,4.507,0.6866,2.8471,0.43,22.94,24.61,21.87,88.32,0.73,1.23,0.44,93.81
20020216,1.5,5.1775,3.5047,2.2361,0.49,23.21,25.53,21.93,87.89,0.85,1.29,0.54,93.73
20020217,24.49,5.6297,3.3492,2.622,0.53,23.24,25.92,21.45,89.87,1.27,1.68,0.77,93.83
20020218,54.51,5.5726,2.9722,2.7727,0.53,23.44,26.35,21.66,89.4,1.18,1.7,0.72,93.93
20020219,4.98,5.6477,3.9758,2.3611,0.53,22.9,25.54,20.43,87.63,1.04,1.58,0.63,93.97
20020220,18.93,4.3522,0.3701,3.1865,0.41,23.41,25.84,21.8,90.11,1.29,2.25,0.77,93.85
20020221,63.52,4.2456,0.8297,2.7458,0.4,23.17,24.65,21.81,91.55,0.77,1.61,0.46,93.95
20020222,9.85,4.8036,1.3781,3.059,0.45,23.3,26.18,21.5,86.43,1.26,1.96,0.76,94.06
20020223,0.7,5.3318,1.3553,3.5148,0.5,23.14,25.53,21.56,89.37,1.33,2.04,0.79,93.97
20020224,6.85,5.3326,2.7938,2.6878,0.5,23.47,25.58,22.2,89.39,1.02,1.51,0.67,93.88
20020225,7.99,4.9258,1.6282,2.8109,0.47,23.3,25.74,21.47,86.68,0.68,1.48,0.43,93.93
20020226,11.78,4.7002,1.194,3.0072,0.44,23.34,25.7,21.68,91.13,1.58,2.14,0.96,93.83
20020227,3.9,5.615,3.277,2.6798,0.53,23.36,25.39,22.1,90.52,0.89,1.46,0.54,93.77
20020228,0.81,4.6908,1.0685,2.946,0.44,23.51,25.28,22.33,92.56,1.67,2.61,1.04,93.72
20020301,18.38,4.8847,2.255,2.508,0.46,23.04,24.63,22.12,92.81,1.17,1.64,0.72,93.7
20020302,7.68,5.7204,2.8963,2.8325,0.54,23.84,26.85,21.56,87.12,1.2,1.85,0.77,93.64
20020303,12.24,6.2568,4.7242,2.3671,0.59,23.1,25.1,21.66,91.36,1.54,2.13,0.91,93.58
20020304,7.3,6.0773,4.3366,2.5999,0.57,23.11,24.42,21.8,93.19,1.63,2.38,1.01,93.59
20020305,28.65,5.8392,3.857,2.7338,0.55,23.03,24.69,21.87,92.52,1.46,2.27,0.89,93.65
20020306,12.04,4.7131,2.2073,2.4106,0.45,22.66,24.35,21.62,92.95,1.26,2.09,0.74,93.66
20020307,23.62,5.1574,2.0659,3.1058,0.49,23.9,27.52,21.3,85.27,1.2,1.61,0.73,93.69
20020308,7.38,4.6469,0.3979,3.3204,0.44,22.95,25.21,21.49,90.13,1.38,1.91,0.83,93.8
20020309,2.57,5.4271,2.7814,2.8625,0.51,23.56,26.8,21.3,88.53,1.47,1.99,0.89,93.82
20020310,0.79,4.7057,2.0124,2.4838,0.45,22.69,23.66,21.95,94.63,1.56,2.25,0.96,93.83
20020311,5.43,4.9848,2.2622,2.801,0.47,22.97,25.7,21.55,90.72,1.46,2.28,0.92,93.84
20020312,2.33,5.3856,3.0192,2.6578,0.51,22.7,24.42,21.12,89.22,1.18,2.17,0.75,93.95
20020313,49.2,5.6323,2.869,2.8282,0.53,22.77,25.04,21.47,87.97,1.08,1.71,0.67,93.93
20020314,57.87,5.2764,2.3611,2.6938,0.5,22.98,24.29,21.0,92.83,1.9,2.6,1.18,93.88
20020315,12.37,5.431,2.2279,2.863,0.52,23.23,25.54,20.86,86.2,1.26,2.27,0.82,93.92
20020316,4.5,5.777,3.521,2.6095,0.55,23.49,26.89,20.71,85.57,1.31,1.61,0.85,93.74
20020317,2.2,5.6119,4.5442,2.1893,0.53,23.23,24.84,22.02,92.06,1.82,3.27,1.12,93.76
20020318,25.72,5.0623,2.3801,2.689,0.48,23.98,27.05,22.12,88.67,1.3,2.19,0.82,93.76
20020319,20.47,6.0065,4.6046,2.3306,0.57,23.77,26.55,21.99,92.13,1.75,2.34,1.12,93.8
20020320,2.5,5.2963,4.0104,2.1919,0.51,23.43,25.05,21.92,95.03,1.87,2.82,1.15,93.69
20020321,0.28,4.1794,1.1016,2.5954,0.4,23.7,26.35,21.8,89.52,1.67,2.15,1.06,93.63
20020322,8.12,5.1552,2.7451,2.5332,0.49,23.22,24.8,22.08,88.71,1.54,2.09,0.99,93.6
20020323,8.94,5.3911,2.2834,2.8793,0.52,22.85,24.16,21.72,92.41,0.94,1.33,0.56,93.61
20020324,0.82,5.1542,2.0186,3.2758,0.49,23.27,25.74,21.54,90.07,1.41,2.28,0.86,93.62
20020325,0.64,5.7511,3.3533,2.6448,0.55,24.06,27.26,21.36,85.15,1.29,2.01,0.83,93.62
20020326,15.9,6.0456,4.4431,2.4151,0.58,23.03,24.46,21.8,93.56,1.05,1.86,0.65,93.58
20020327,12.58,5.7353,4.2305,2.3604,0.55,22.82,24.37,21.39,94.2,1.53,2.35,0.98,93.64
20020328,4.9,5.3186,4.2739,2.3297,0.51,22.82,24.27,21.78,93.08,1.98,2.93,1.2,93.71
20020329,27.1,5.8322,4.7066,2.2411,0.56,23.16,25.93,21.49,90.44,1.46,2.09,0.89,93.77
20020330,43.45,4.854,2.1847,2.5082,0.47,23.01,24.57,22.0,93.97,1.73,2.6,1.1,93.74
20020331,17.91,5.2488,2.2332,2.6316,0.51,23.41,26.25,21.27,89.64,1.24,1.5,0.76,93.81
20020401,16.63,5.593,3.6094,2.4634,0.54,23.46,26.08,21.66,89.06,1.43,2.12,0.92,93.89
20020402,4.24,5.8704,3.4716,2.7931,0.57,22.82,24.32,21.69,90.2,0.83,1.4,0.53,93.86
20020403,12.75,4.5266,1.3344,2.6815,0.44,23.48,26.47,21.4,85.42,0.7,1.11,0.46,93.69
20020404,10.41,4.8017,1.8245,2.5781,0.47,23.24,25.04,22.03,89.87,1.32,2.08,0.84,93.64
20020405,19.56,4.471,1.3217,2.5246,0.44,22.64,24.01,21.47,91.48,1.16,1.64,0.73,93.8
20020406,1.47,6.5861,4.9428,2.5183,0.64,23.75,26.44,21.68,85.85,1.06,1.38,0.67,93.89
20020407,15.42,5.6206,4.327,2.3503,0.55,22.53,24.97,20.18,91.21,1.59,4.04,1.0,93.86
20020408,3.57,6.4565,5.1514,2.3362,0.63,23.18,27.16,19.44,84.0,1.55,2.07,0.93,93.81
20020409,2.62,5.261,2.1619,2.7881,0.52,23.16,24.96,21.67,92.49,1.5,2.69,0.95,93.72
20020410,1.22,5.0947,1.2502,3.1217,0.5,23.17,24.61,21.74,88.91,0.8,1.38,0.53,93.72
20020411,5.02,5.7209,3.7675,2.5025,0.56,23.47,26.01,21.88,88.76,0.65,1.11,0.4,93.74
20020412,3.36,5.9887,3.9353,2.9196,0.59,23.61,26.51,21.57,86.66,1.0,1.41,0.6,93.79
20020413,3.6,6.5184,5.3928,2.4074,0.65,23.66,25.77,22.11,89.01,1.33,1.79,0.87,93.75
20020414,3.15,6.1704,4.9162,2.501,0.61,23.56,26.81,21.34,89.12,1.27,1.66,0.77,93.71
20020415,6.78,5.8145,4.4126,2.418,0.58,23.34,24.6,22.4,92.9,1.38,2.03,0.9,93.76
20020416,15.22,5.7226,4.5559,2.165,0.57,22.65,24.27,21.66,90.02,1.29,1.64,0.81,93.81
20020417,2.34,6.2518,4.7926,2.4763,0.62,22.58,23.91,21.54,93.17,1.45,2.08,0.94,93.72
20020418,0.11,6.1277,4.7395,2.5277,0.61,22.74,24.28,21.53,93.31,1.52,2.4,0.94,93.72
20020419,1.79,6.4546,5.6479,2.2298,0.65,23.51,26.3,21.72,87.04,1.25,2.45,0.79,93.81
20020420,1.58,4.7839,2.8723,2.2886,0.48,23.34,25.99,21.41,85.07,1.13,1.85,0.68,93.77
20020421,58.85,5.5886,4.1611,2.2529,0.56,23.93,26.58,22.22,86.05,1.31,2.18,0.83,93.62
20020422,21.34,6.095,4.9526,2.3923,0.62,23.27,24.22,22.51,90.54,0.78,1.28,0.49,93.63
20020423,4.44,5.5291,3.5902,2.4967,0.56,23.32,24.91,22.22,89.46,1.19,2.45,0.74,93.65
20020424,3.59,6.1135,5.6177,2.3314,0.62,23.53,26.11,21.42,89.68,1.48,2.19,0.9,93.62
20020425,1.64,4.3918,1.2715,2.784,0.45,23.17,24.62,22.02,92.96,1.23,2.67,0.81,93.6
20020426,28.11,4.667,2.5445,2.3678,0.48,23.11,24.78,21.79,93.99,1.76,2.77,1.11,93.61
20020427,41.54,5.5202,3.7807,2.4182,0.56,23.18,25.95,21.42,90.32,1.61,2.82,0.99,93.68
20020428,13.0,3.3127,0.5861,2.0954,0.34,23.12,25.32,21.54,90.31,1.94,3.11,1.19,93.7
20020429,3.98,5.4091,4.0277,2.2154,0.55,22.98,24.74,21.43,91.35,1.47,2.38,0.92,93.58
20020430,6.97,5.7984,4.2694,2.376,0.6,23.51,26.03,22.2,89.4,1.2,1.92,0.76,93.51
20020501,2.08,4.8206,2.515,2.4761,0.5,23.06,25.28,21.61,91.47,1.04,1.57,0.64,93.46
20020502,9.59,4.3764,0.959,2.6513,0.45,23.14,24.5,21.66,93.23,1.22,1.86,0.75,93.61
20020503,10.14,3.5902,0.3134,2.5786,0.37,22.81,24.79,21.63,94.64,1.48,2.54,0.94,93.59
20020504,10.46,4.7026,2.495,2.4518,0.49,23.97,26.64,22.07,90.88,1.49,1.88,0.92,93.48
20020505,3.0,4.7978,2.6136,2.431,0.5,23.75,26.02,22.72,92.25,1.54,2.06,0.95,93.4
20020506,8.07,4.2859,1.0106,2.616,0.45,23.61,25.84,21.91,91.81,1.51,2.32,0.92,93.44
20020507,21.44,3.4236,1.1155,2.0256,0.36,23.58,26.45,21.66,92.21,1.3,2.61,0.83,93.48
20020508,17.96,5.0582,3.1735,2.3954,0.53,23.63,25.76,21.99,92.97,1.28,1.83,0.81,93.61
20020509,5.15,3.0442,0.5573,2.1912,0.32,23.44,24.93,22.48,94.64,1.44,2.11,0.9,93.68
20020510,5.74,4.369,2.0347,2.2498,0.46,23.37,25.93,21.98,90.75,1.09,1.77,0.68,93.73
20020511,4.75,4.1885,0.7471,2.7878,0.44,23.19,25.53,21.52,91.58,1.52,2.11,0.93,93.84
20020512,1.0,6.2753,6.1385,1.9193,0.66,24.3,27.42,22.04,86.2,1.5,2.1,0.93,93.88
20020513,0.76,5.2037,4.9822,1.8838,0.55,23.91,25.71,22.89,91.63,1.96,2.78,1.17,93.88
20020514,0.02,5.7252,4.583,2.377,0.61,23.95,26.71,22.01,86.82,1.88,2.46,1.18,93.96
20020515,0.0,6.0168,5.9172,2.0155,0.64,23.53,26.5,21.32,86.1,1.47,1.84,0.91,93.94
20020516,0.13,5.197,4.4489,2.1802,0.55,23.34,26.39,21.27,87.72,1.8,2.15,1.1,93.93
20020517,0.08,5.5126,5.4002,1.8276,0.59,23.62,26.61,21.83,87.52,1.84,2.64,1.15,93.88
20020518,0.76,5.6441,4.7515,2.2099,0.6,23.75,26.8,21.58,85.84,1.76,2.27,1.11,93.89
20020519,0.37,4.9951,3.1507,2.4204,0.54,23.63,26.71,21.55,87.06,1.72,2.29,1.09,93.87
20020520,0.06,5.4514,4.0402,2.3758,0.59,23.04,25.31,21.3,88.23,1.27,1.99,0.78,93.85
20020521,6.05,5.2543,4.6486,2.0462,0.57,23.23,25.44,21.67,90.44,1.7,2.16,1.04,93.83
20020522,14.69,4.7242,2.1413,2.461,0.51,22.65,24.63,21.36,92.72,1.45,1.83,0.87,93.99
20020523,2.33,5.3153,4.2619,2.143,0.57,23.48,26.26,21.61,88.27,1.55,2.22,0.98,93.99
20020524,0.87,5.946,4.7496,2.5622,0.64,23.61,26.59,21.68,87.03,1.74,2.21,1.09,93.99
20020525,0.2,5.3062,3.9343,2.287,0.58,23.47,26.42,21.34,86.89,1.7,2.63,1.07,93.98
20020526,0.0,6.0458,5.1302,2.298,0.66,23.05,25.59,21.21,86.49,1.63,2.78,1.03,93.98
20020527,6.99,4.7186,3.6917,2.1991,0.51,23.3,26.22,21.21,86.33,1.61,2.59,1.04,93.94
20020528,0.73,6.0811,6.5532,1.7203,0.66,23.59,26.51,21.71,83.35,1.43,2.7,0.92,93.98
20020529,0.05,5.8534,4.7846,2.3546,0.64,23.05,25.98,20.6,85.12,1.57,2.03,0.98,93.98
20020530,8.26,4.3872,1.177,2.7019,0.48,22.89,25.08,21.46,89.38,1.68,2.42,1.06,93.9
20020531,7.31,3.7111,1.5857,2.2865,0.41,23.12,26.16,21.11,89.14,1.94,2.67,1.19,93.92
20020601,20.83,4.7328,4.2756,1.8967,0.52,22.41,24.1,21.04,92.58,1.31,1.7,0.8,93.87
20020602,15.49,3.9684,1.8874,2.2846,0.44,22.53,25.11,21.11,90.62,1.2,1.94,0.73,93.85
20020603,2.3,4.2156,2.0093,2.424,0.46,23.15,25.96,21.14,89.9,1.43,2.75,0.86,93.79
20020604,2.35,4.1705,2.0592,2.4122,0.46,23.18,25.6,21.31,90.08,1.37,1.59,0.8,93.78
20020605,2.04,2.9974,0.2789,2.219,0.33,23.14,25.49,21.01,90.03,1.26,1.66,0.77,93.8
20020606,1.38,4.445,2.609,2.2764,0.49,23.62,26.31,21.96,89.11,1.29,1.73,0.77,93.74
20020607,8.46,4.103,2.0959,2.2762,0.45,23.36,25.85,21.79,91.43,1.57,2.49,0.95,93.76
20020608,13.91,3.9799,1.6483,2.3434,0.44,23.23,26.04,21.12,90.93,1.39,2.13,0.84,93.74
20020609,1.74,3.2815,0.7913,2.1926,0.36,23.32,25.78,21.66,88.85,1.33,2.08,0.8,93.71
20020610,3.91,3.0672,1.8562,1.6555,0.34,23.1,25.91,20.96,89.7,1.61,2.09,0.99,93.69
20020611,6.49,2.7538,0.2635,2.0582,0.31,22.97,25.14,21.19,92.63,1.33,1.59,0.8,93.69
20020612,2.24,3.2527,1.3344,1.9188,0.36,22.96,24.93,21.45,90.54,1.02,1.77,0.63,93.64
20020613,50.15,3.7402,1.1225,2.371,0.42,23.15,25.15,21.96,92.08,1.06,2.29,0.67,93.57
20020614,25.2,3.7997,1.1186,2.3194,0.42,23.01,24.89,21.81,93.84,1.2,2.35,0.75,93.54
20020615,5.58,4.3082,2.3534,2.2502,0.48,22.61,25.08,21.06,91.04,0.96,1.42,0.58,93.63
20020616,1.57,4.1134,2.0794,2.2987,0.46,22.43,24.2,21.15,93.73,1.49,3.0,0.94,93.71
20020617,1.91,3.2254,0.6482,2.1386,0.36,22.56,24.19,21.38,94.04,1.8,3.18,1.14,93.77
20020618,1.99,4.3085,2.3052,2.2229,0.48,22.73,25.15,21.07,92.58,1.51,2.81,0.96,93.78
20020619,5.96,3.6353,1.009,2.268,0.41,22.15,23.03,21.1,93.36,1.39,2.68,0.87,93.79
20020620,7.42,2.4247,0.0065,1.889,0.27,21.73,23.3,20.55,93.33,1.54,3.04,0.97,93.84
20020621,1.67,3.6394,1.5612,2.1886,0.41,22.13,24.43,20.88,90.73,0.89,1.34,0.55,93.84
20020622,13.29,4.7609,2.8963,2.3748,0.53,23.24,26.13,21.07,89.04,1.21,1.64,0.76,93.89
20020623,38.75,4.6351,2.1365,2.5001,0.52,22.4,23.66,21.44,96.64,1.53,2.51,0.96,93.95
20020624,37.43,4.6807,2.749,2.4194,0.52,22.43,23.77,21.35,96.57,1.4,2.19,0.88,93.99
20020625,33.45,5.0563,2.2829,3.1622,0.56,22.61,24.67,21.41,95.23,1.98,2.99,1.21,94.0
20020626,4.97,5.1346,4.1273,2.1002,0.57,22.53,25.03,21.42,93.09,1.7,2.42,1.04,93.99
20020627,4.65,3.7634,1.0176,2.335,0.42,22.21,23.73,21.13,94.57,1.88,2.86,1.16,94.01
20020628,0.67,4.9289,4.0764,2.0683,0.55,22.76,26.03,20.56,89.59,1.74,2.41,1.1,93.97
20020629,5.96,3.942,2.16,2.0278,0.44,22.15,24.38,20.74,91.98,1.8,2.47,1.12,94.01
20020630,0.56,4.3877,3.257,2.1312,0.49,22.58,25.63,20.54,87.73,1.45,2.3,0.92,93.9
20020701,0.27,3.9782,3.0756,1.8096,0.44,22.5,25.4,20.55,89.17,2.09,3.04,1.29,93.81
20020702,0.71,4.5994,3.6588,2.19,0.51,22.28,25.37,20.48,87.0,1.87,2.46,1.15,93.97
20020703,0.21,5.5978,5.1862,1.9992,0.62,22.07,24.58,20.15,88.51,1.54,1.85,0.95,94.02
20020704,0.39,2.4881,0.703,1.7842,0.28,22.01,23.75,20.36,90.11,1.23,1.49,0.76,93.95
20020705,0.04,5.345,4.9061,1.9627,0.59,22.18,24.91,20.78,85.39,1.17,1.91,0.74,93.99
20020706,0.0,4.367,3.7757,1.961,0.48,22.56,25.74,20.34,82.33,1.39,2.37,0.91,93.9
20020707,0.0,4.835,3.4255,2.3033,0.54,22.28,24.83,20.68,87.68,1.42,2.83,0.91,93.89
20020708,0.0,5.3354,3.8568,2.3453,0.59,23.01,26.6,20.79,84.72,1.21,2.23,0.78,93.9
20020709,0.0,5.3971,4.3716,2.321,0.6,23.26,26.75,20.87,87.75,1.72,2.46,1.08,93.85
20020710,0.0,5.2543,4.0094,2.2752,0.58,23.21,26.34,21.22,88.4,1.78,2.66,1.13,93.85
20020711,0.05,4.0385,2.7785,2.0213,0.45,23.37,26.55,21.41,88.15,1.92,2.89,1.19,93.81
20020712,0.01,4.6778,4.0858,1.8662,0.52,23.35,26.64,21.36,86.62,1.42,2.55,0.92,93.85
20020713,0.0,4.8163,4.0519,1.9793,0.53,22.96,26.25,20.81,87.73,1.77,2.61,1.11,93.85
20020714,0.0,4.3639,2.2831,2.5397,0.48,22.82,25.95,20.47,85.24,1.45,2.32,0.93,93.93
20020715,4.4,4.9589,4.0195,1.9354,0.55,22.94,26.16,20.9,87.9,1.66,2.44,1.04,93.92
20020716,1.61,5.6993,4.2962,2.5469,0.63,22.3,25.9,19.82,85.9,1.45,2.27,0.9,93.97
20020717,0.02,5.5267,4.7062,2.154,0.61,22.3,24.86,20.55,86.71,1.13,1.71,0.69,93.94
20020718,23.96,3.4255,2.1917,1.7842,0.37,22.14,24.47,20.67,90.74,1.97,2.98,1.26,93.95
20020719,9.23,5.8565,5.1223,2.0215,0.64,22.23,25.47,20.5,87.73,1.62,2.71,1.05,94.03
20020720,2.14,5.3758,3.6811,2.4917,0.59,22.33,25.37,20.37,87.15,1.9,2.38,1.18,94.05
20020721,1.02,5.267,4.0279,2.1859,0.57,22.35,24.7,20.92,88.61,1.76,2.63,1.1,94.0
20020722,40.35,4.1664,2.8553,2.0119,0.45,21.89,24.06,20.65,90.72,1.53,2.33,0.95,94.04
20020723,11.48,4.8763,3.5376,2.045,0.53,22.16,24.49,20.37,88.35,1.71,2.79,1.06,94.13
20020724,0.07,5.563,5.3266,1.8437,0.6,22.34,25.93,19.68,85.81,1.53,2.33,0.95,94.1
20020725,0.01,5.183,4.6901,2.0453,0.56,22.41,25.2,20.75,85.52,1.47,2.45,0.94,93.95
20020726,0.36,5.1487,3.7922,2.2229,0.56,22.66,25.86,20.61,84.62,1.29,2.16,0.85,93.86
20020727,4.87,4.0054,2.358,1.9872,0.43,22.52,25.6,20.75,90.11,1.48,2.74,0.93,93.9
20020728,1.27,5.0105,3.649,2.2378,0.54,22.75,26.19,19.85,87.69,1.45,2.16,0.9,93.89
20020729,2.89,5.5152,4.1748,2.2721,0.59,23.3,26.42,21.28,88.02,1.35,2.4,0.83,93.81
20020730,0.61,5.3693,3.7526,2.3578,0.58,22.62,26.01,20.01,89.49,1.7,2.69,1.06,93.75
20020731,0.05,5.509,4.2847,2.2445,0.59,23.12,26.37,21.18,85.38,1.58,2.54,1.0,93.81
20020801,0.58,5.4605,4.1947,2.5298,0.58,22.74,25.93,20.44,85.35,1.48,2.48,0.93,93.81
20020802,10.18,6.3763,6.012,2.1115,0.68,22.55,26.07,20.39,85.89,1.48,1.98,0.92,93.75
20020803,20.79,5.2298,3.4183,2.5255,0.56,22.44,26.01,19.75,87.2,1.62,2.22,1.02,93.76
20020804,6.54,4.9925,4.3968,1.8175,0.53,22.88,26.65,20.53,86.4,1.51,2.25,0.96,93.78
20020805,37.13,4.0354,2.3441,2.0741,0.43,22.17,25.05,20.28,89.65,1.66,2.45,1.03,93.89
20020806,17.71,4.3762,2.1283,2.3045,0.46,22.12,25.51,19.44,89.63,1.83,2.59,1.13,93.92
20020807,14.4,4.5744,3.5969,2.131,0.48,22.02,25.02,19.18,88.47,1.47,2.08,0.93,93.97
20020808,0.35,5.7276,4.2002,2.4698,0.6,23.02,26.14,20.98,85.78,1.21,2.21,0.79,93.86
20020809,0.0,6.4265,5.9909,2.1631,0.67,23.1,26.48,20.84,83.65,1.39,2.18,0.89,93.86
20020810,0.0,6.0919,4.903,2.3866,0.64,22.68,26.41,20.12,82.37,1.25,2.4,0.79,93.95
20020811,0.0,5.9287,4.777,2.262,0.62,21.34,24.39,18.88,84.36,2.15,3.03,1.3,94.03
20020812,0.0,5.5327,3.1183,2.7605,0.58,20.92,24.47,18.03,78.58,1.47,2.67,0.94,94.03
20020813,0.2,5.8032,4.7662,2.299,0.6,21.33,24.82,18.81,82.73,1.69,3.11,1.1,93.89
20020814,0.32,4.8374,2.388,2.8382,0.5,21.49,24.74,19.31,87.88,1.98,2.88,1.24,93.87
20020815,0.08,4.8362,3.6727,1.9752,0.5,21.77,25.37,19.49,86.58,1.85,2.52,1.17,93.83
20020816,0.0,5.3419,3.8242,2.1742,0.55,22.2,26.08,19.62,84.48,1.32,2.16,0.85,93.74
20020817,0.0,4.0649,2.4226,2.2687,0.42,21.8,25.32,19.44,86.15,1.52,2.31,0.95,93.87
20020818,0.0,4.9162,2.8085,2.3741,0.51,21.78,25.53,19.32,83.78,1.27,2.16,0.81,93.94
20020819,1.61,4.9958,2.6208,2.4509,0.51,22.38,26.34,19.54,84.95,1.38,2.32,0.88,93.97
20020820,0.96,5.6986,3.2633,2.6594,0.58,22.99,27.08,19.79,86.56,1.45,1.92,0.9,93.93
20020821,3.97,4.9414,2.5145,2.4734,0.51,23.18,26.58,20.84,88.75,1.53,1.93,0.95,93.85
20020822,1.42,4.3068,2.495,2.0508,0.44,23.06,26.67,20.84,89.27,1.45,2.05,0.93,93.89
20020823,0.09,5.2049,2.9938,2.4079,0.53,22.76,26.78,20.61,87.82,1.43,2.5,0.87,93.97
20020824,0.29,5.0131,2.3935,2.4922,0.51,22.82,26.33,20.98,86.38,1.49,2.69,0.93,94.02
20020825,0.09,4.9637,3.4699,2.1151,0.5,22.36,25.62,20.35,85.42,1.5,2.75,0.97,93.91
20020826,0.0,4.1357,2.9878,1.9332,0.42,22.22,25.42,20.25,86.35,1.69,2.53,1.1,93.91
20020827,0.0,4.9022,2.5788,2.3198,0.5,22.21,25.76,19.67,86.33,1.61,2.5,1.01,93.88
20020828,0.0,4.879,1.9949,2.6213,0.49,22.03,24.87,20.08,87.12,1.63,2.41,1.03,93.92
20020829,0.0,4.9399,2.5382,2.4024,0.5,22.39,26.0,20.24,86.7,1.86,2.9,1.18,93.96
20020830,0.01,4.5365,3.2434,2.3278,0.46,21.98,25.12,20.05,86.25,2.0,3.21,1.26,93.98
20020831,3.63,4.3082,1.4018,2.6078,0.43,22.21,25.88,19.41,85.66,1.51,2.55,0.95,93.89
20020901,1.55,5.0364,2.988,2.2927,0.5,21.71,24.57,19.26,87.13,1.39,2.27,0.86,93.96
20020902,0.0,5.7749,3.3818,2.7091,0.58,22.97,26.95,20.14,84.66,1.4,2.58,0.89,93.98
20020903,0.0,5.1228,2.989,2.4379,0.51,22.42,25.25,20.66,88.88,1.11,1.66,0.7,93.93
20020904,0.05,4.3147,1.6298,2.3794,0.43,22.64,25.61,20.84,88.03,1.81,2.54,1.15,93.88
20020905,0.02,5.1792,2.9954,2.3726,0.51,22.84,26.48,20.55,86.27,1.6,2.69,1.02,93.84
20020906,0.0,5.1302,2.2884,2.67,0.51,22.1,25.24,20.2,86.68,1.82,2.51,1.15,93.88
20020907,0.0,3.8597,1.6639,2.029,0.38,22.77,26.49,20.25,86.02,1.61,2.23,1.02,93.82
20020908,0.09,2.8795,0.7202,1.8456,0.28,22.59,26.32,20.19,85.75,1.46,2.98,0.94,93.82
20020909,0.03,5.4053,3.2246,2.5694,0.53,22.59,26.0,20.02,85.29,1.32,2.69,0.82,93.81
20020910,0.0,5.995,4.597,2.3414,0.59,23.08,27.1,19.21,84.34,1.66,2.53,1.02,93.81
20020911,7.15,5.663,4.2569,2.3455,0.56,22.97,26.28,20.49,85.98,1.25,1.97,0.8,93.94
20020912,7.33,5.8229,4.1251,2.3909,0.57,23.11,26.72,20.19,87.48,1.5,2.06,0.92,93.96
20020913,1.67,5.9712,3.9185,2.5577,0.59,23.39,26.56,21.18,87.87,1.73,2.85,1.11,94.03
20020914,0.04,6.3821,5.167,2.4034,0.63,23.2,26.11,21.09,84.18,1.77,2.47,1.13,94.12
20020915,0.01,6.8369,6.3334,2.13,0.67,22.79,25.77,20.6,81.71,1.19,1.7,0.78,94.15
20020916,0.0,6.7579,5.8922,2.3851,0.66,22.92,26.3,20.47,81.55,1.62,2.74,1.06,94.09
20020917,0.0,5.9813,4.6452,2.287,0.58,22.97,26.35,20.59,81.02,1.39,2.58,0.92,94.0
20020918,0.14,6.5333,5.9575,2.6203,0.64,22.75,25.74,20.69,80.41,1.48,2.68,0.94,94.0
20020919,0.08,6.6444,5.4662,2.3585,0.65,22.44,25.96,19.82,78.73,1.31,1.92,0.8,94.03
20020920,0.08,6.3134,4.1861,2.5946,0.61,22.76,26.48,20.05,81.47,1.39,2.53,0.91,94.0
20020921,0.0,5.5094,3.3094,2.4974,0.54,23.09,26.68,20.24,83.72,1.39,2.36,0.89,93.93
20020922,0.29,5.899,4.458,2.3076,0.57,23.24,26.7,20.4,82.92,1.47,2.5,0.91,93.89
20020923,0.14,5.3035,4.3238,2.2994,0.51,23.55,27.37,21.06,84.12,1.5,2.51,0.92,93.86
20020924,4.49,5.327,2.9328,2.7007,0.52,23.39,26.77,20.96,85.01,1.21,2.39,0.77,93.94
20020925,8.65,5.8447,3.289,2.7406,0.57,22.97,26.25,20.81,89.97,1.4,1.89,0.87,93.94
20020926,1.1,6.2386,4.3423,2.4955,0.6,23.35,26.97,20.02,84.72,1.54,1.97,0.93,93.91
20020927,0.0,7.0584,6.1944,2.1634,0.68,23.47,27.4,20.47,78.4,1.27,1.82,0.83,93.88
20020928,0.0,7.0721,6.4558,1.9776,0.68,23.26,26.93,20.39,80.12,1.33,2.13,0.88,93.89
20020929,0.07,6.7651,5.0016,2.6957,0.65,23.12,26.98,20.3,80.41,1.19,2.27,0.78,93.89
20020930,0.1,6.221,4.0584,2.7058,0.6,22.39,26.01,19.47,83.5,1.5,2.69,0.96,93.9
20021001,11.84,5.7821,3.1642,2.748,0.56,22.84,26.58,19.79,83.9,1.25,1.91,0.81,93.89
20021002,3.86,6.4205,4.403,2.7751,0.62,23.14,27.29,19.37,82.75,1.68,2.12,1.01,93.86
20021003,0.25,7.189,6.6065,2.0294,0.69,23.55,27.61,19.79,80.27,1.57,1.86,0.94,93.82
20021004,0.66,6.4373,5.2126,2.4586,0.62,23.8,26.98,21.68,81.88,1.28,1.84,0.84,93.72
20021005,0.1,5.849,4.4398,2.3722,0.56,23.23,25.86,21.26,86.73,1.89,3.22,1.17,93.71
20021006,0.0,6.8146,5.9316,2.477,0.65,23.78,27.64,20.63,83.38,1.66,2.23,1.04,93.72
20021007,8.42,4.6366,4.241,1.8415,0.44,23.11,25.88,21.1,86.11,1.47,2.27,0.9,93.81
20021008,1.11,4.7021,1.6956,2.6429,0.45,22.94,26.06,20.43,81.97,1.14,2.27,0.74,93.92
20021009,0.0,6.9619,5.9856,2.2795,0.67,23.1,27.05,20.34,78.39,1.4,2.01,0.91,93.94
20021010,0.0,7.0428,6.1567,2.2718,0.68,23.27,27.39,19.66,77.74,1.2,1.82,0.8,93.92
20021011,0.0,7.0685,6.5042,2.1156,0.68,23.44,27.39,20.3,77.2,1.14,1.94,0.76,93.88
20021012,0.0,7.2353,6.7742,1.9267,0.69,23.47,27.4,19.54,79.16,1.32,2.02,0.86,93.85
20021013,0.0,7.0037,5.9506,2.2666,0.67,23.63,27.64,20.19,75.76,1.25,1.78,0.81,93.85
20021014,2.29,6.3787,4.9606,2.4828,0.61,23.87,28.0,20.69,79.23,1.36,1.77,0.87,93.86
20021015,1.66,5.611,3.3398,2.5934,0.54,23.93,27.29,21.12,81.73,1.21,2.37,0.78,93.98
20021016,0.06,6.7224,4.9658,2.6095,0.64,24.15,27.98,21.6,80.67,1.32,2.17,0.84,93.91
20021017,0.0,6.4538,4.5005,2.7266,0.62,23.97,27.69,21.03,80.41,1.33,2.52,0.86,93.85
20021018,0.0,6.947,5.557,2.4151,0.67,24.12,27.61,21.85,78.06,0.99,2.28,0.68,93.84
20021019,0.0,7.2276,6.9396,1.8526,0.69,24.11,27.96,21.01,73.69,1.06,2.07,0.71,93.81
20021020,0.0,6.8412,5.2546,2.6398,0.66,23.59,27.87,19.91,77.4,1.35,2.22,0.89,93.88
20021021,0.0,6.7584,5.4984,2.3878,0.65,23.42,27.41,20.54,74.79,1.5,2.56,0.99,93.86
20021022,0.0,6.755,5.5243,2.4499,0.65,23.34,27.24,20.97,72.33,1.32,1.86,0.85,93.78
20021023,0.0,5.5771,2.9846,2.8586,0.53,23.79,27.61,21.11,78.77,1.33,2.57,0.85,93.74
20021024,0.0,6.0821,4.9426,2.7134,0.58,24.16,27.58,21.52,83.33,1.14,2.0,0.71,93.75
20021025,0.0,6.259,3.984,2.8198,0.6,24.38,28.21,21.72,76.85,1.15,1.82,0.74,93.85
20021026,0.0,6.0053,3.2244,2.7574,0.58,24.06,27.98,20.51,78.58,1.29,2.17,0.86,93.84
20021027,0.03,6.2969,3.6084,3.0022,0.6,24.38,28.22,20.89,75.36,1.4,1.76,0.91,93.77
20021028,0.03,5.7998,3.8897,2.4588,0.56,24.05,27.73,21.47,76.66,1.42,2.23,0.92,93.74
20021029,0.0,4.8991,3.354,2.3599,0.47,23.95,28.26,20.6,76.44,1.41,1.73,0.89,93.74
20021030,0.03,6.463,4.8955,2.5512,0.62,24.52,29.08,20.97,75.73,1.48,1.91,0.91,93.81
20021031,31.99,6.1286,3.6886,2.8459,0.59,24.24,28.4,20.35,79.1,1.4,1.93,0.86,93.85
20021101,12.14,5.4307,3.1918,2.5481,0.52,24.36,27.23,22.07,79.52,1.19,1.94,0.78,93.85
20021102,0.29,6.7152,4.8502,2.6868,0.65,24.63,28.49,21.57,76.0,1.04,1.64,0.68,93.8
20021103,0.09,6.606,4.7287,2.8606,0.64,24.68,28.4,22.02,77.72,1.0,1.84,0.69,93.82
20021104,0.11,5.8337,4.1962,2.4295,0.56,24.01,26.95,21.63,84.36,1.22,1.77,0.78,93.69
20021105,0.69,5.5406,3.1579,2.6616,0.53,23.84,27.58,21.21,84.0,1.13,1.8,0.68,93.67
20021106,27.98,5.4619,3.6595,2.5034,0.53,24.14,27.28,21.4,84.08,1.39,1.83,0.88,93.69
20021107,2.57,6.3773,3.8782,3.0557,0.62,24.39,28.62,20.89,79.3,1.41,1.91,0.91,93.75
20021108,3.85,4.5744,1.1071,2.8781,0.44,22.95,24.83,21.37,88.78,1.32,2.66,0.88,93.8
20021109,5.87,5.969,3.8316,2.621,0.58,23.99,27.38,21.0,81.01,1.47,1.88,0.87,93.79
20021110,0.5,5.9542,4.9387,2.0964,0.58,24.34,28.51,20.62,77.26,1.41,1.92,0.86,93.77
20021111,0.58,6.8959,6.5239,2.2476,0.67,24.87,28.67,22.06,80.8,1.19,1.93,0.77,93.77
20021112,15.86,6.6547,5.5882,2.4655,0.64,24.54,27.6,22.14,84.34,1.31,2.34,0.83,93.67
20021113,6.46,5.5116,3.7558,2.3935,0.53,24.32,27.6,21.54,83.5,1.33,1.81,0.82,93.64
20021114,0.97,6.1116,4.1141,2.7941,0.59,24.38,27.39,22.44,82.44,1.12,1.72,0.7,93.61
20021115,8.39,6.5676,5.8409,2.3539,0.64,24.4,27.66,21.89,82.52,1.26,1.7,0.79,93.67
20021116,14.86,6.03,4.3327,2.8646,0.59,24.16,26.98,22.51,85.08,1.06,1.76,0.69,93.76
20021117,1.53,6.4975,5.5517,2.3088,0.63,24.05,26.67,22.31,86.25,1.38,2.72,0.89,93.73
20021118,0.81,5.8958,4.1964,2.591,0.57,24.54,28.32,21.62,78.16,1.31,1.75,0.81,93.59
20021119,25.38,4.9949,2.2121,2.7833,0.49,23.88,25.89,22.64,85.88,0.93,1.57,0.61,93.58
20021120,10.6,5.4787,4.2605,2.1888,0.53,23.88,26.75,21.84,88.46,1.22,2.0,0.77,93.59
20021121,1.94,5.0422,2.2447,2.7058,0.49,23.58,25.03,22.53,89.95,0.95,1.68,0.61,93.62
20021122,0.17,6.4546,5.4497,2.7782,0.63,24.71,28.5,21.6,77.01,1.32,2.22,0.85,93.65
20021123,0.4,6.3182,4.8031,2.6484,0.62,24.84,28.01,22.92,81.91,1.27,2.65,0.84,93.68
20021124,2.42,5.2524,4.2564,2.2824,0.51,24.1,26.25,22.53,87.99,1.74,2.61,1.06,93.75
20021125,0.78,5.4811,3.281,2.7727,0.54,24.06,26.69,22.36,86.98,1.54,2.65,0.98,93.77
20021126,3.84,5.3422,2.0064,2.9962,0.52,23.59,26.43,21.55,87.49,1.13,1.9,0.69,93.81
20021127,41.61,5.485,3.9125,2.5901,0.54,23.71,26.17,21.87,86.35,0.92,1.47,0.56,93.88
20021128,25.92,5.394,2.7986,2.8008,0.53,22.72,24.21,21.67,92.34,1.06,1.4,0.62,94.0
20021129,32.01,6.1956,5.2238,2.3112,0.61,23.92,26.82,21.9,86.7,0.94,1.26,0.6,93.94
20021130,18.73,5.1192,2.8603,2.8344,0.5,23.12,25.39,21.7,92.48,1.34,2.77,0.82,93.8
20021201,1.63,5.7238,3.5772,2.5891,0.56,23.54,27.36,20.92,84.01,1.0,1.78,0.63,93.77
20021202,0.79,5.7821,3.8822,2.6443,0.57,23.59,26.05,21.82,85.65,0.67,1.57,0.41,93.8
20021203,0.1,5.807,4.4671,2.3904,0.57,23.34,25.13,21.88,89.0,1.09,2.38,0.7,93.84
20021204,7.96,5.5942,3.7049,2.5661,0.55,23.47,26.37,20.63,84.76,1.43,2.16,0.84,93.85
20021205,1.9,5.9542,4.4892,2.6009,0.58,23.95,26.97,21.74,87.19,1.0,1.65,0.62,93.83
20021206,0.76,5.8877,5.2956,2.2138,0.58,23.53,25.02,22.26,89.0,1.11,1.77,0.68,93.82
20021207,7.28,6.8194,6.2851,2.4502,0.67,24.62,27.85,22.44,81.15,0.98,1.69,0.63,93.8
20021208,2.89,6.0055,4.7246,2.5486,0.59,24.61,27.91,22.55,82.63,1.2,1.84,0.79,93.8
20021209,0.43,6.1382,4.829,2.4677,0.6,24.82,28.27,22.48,82.25,1.14,2.15,0.76,93.8
20021210,0.14,5.2925,3.6998,2.3038,0.52,24.17,26.8,22.38,86.79,1.44,1.77,0.86,93.87
20021211,3.01,5.2865,4.1695,2.2435,0.52,23.3,26.21,21.83,88.22,1.33,2.22,0.86,93.97
20021212,4.07,5.0064,2.0371,2.7823,0.49,22.8,24.87,21.36,90.51,1.01,1.47,0.64,94.1
20021213,6.87,6.1202,5.9899,1.9651,0.6,23.31,25.83,21.2,87.45,0.83,1.67,0.51,94.07
20021214,2.78,5.3527,3.6324,2.4497,0.53,23.25,26.44,21.32,85.0,1.24,2.12,0.79,94.01
20021215,0.13,5.8147,4.2703,2.4098,0.57,23.76,26.23,21.89,85.83,1.38,2.46,0.87,93.95
20021216,22.47,5.765,4.5264,2.43,0.57,23.69,26.4,21.61,87.11,0.84,1.57,0.51,93.96
20021217,6.37,6.3187,5.5642,2.1684,0.62,24.02,27.07,21.42,82.01,1.12,1.58,0.72,93.95
20021218,2.39,6.4694,5.6093,2.3316,0.64,25.02,28.83,22.47,79.09,1.42,1.84,0.9,93.75
20021219,10.35,5.9921,4.8826,2.4718,0.59,23.5,24.74,22.4,90.0,1.3,2.68,0.8,93.65
20021220,6.74,5.6246,3.792,2.6906,0.55,23.95,26.3,21.97,87.88,1.97,2.98,1.23,93.55
20021221,3.69,5.2529,3.4673,2.3789,0.52,24.13,25.52,22.99,87.91,1.12,2.29,0.7,93.58
20021222,1.9,6.011,5.0453,2.2306,0.59,24.86,28.79,22.1,86.47,1.68,2.47,1.05,93.55
20021223,0.81,5.653,5.2882,2.4168,0.56,25.12,28.66,22.37,84.18,1.56,2.13,0.96,93.55
20021224,0.92,5.8099,4.8262,2.3707,0.57,24.74,27.25,23.19,86.24,1.1,1.83,0.71,93.58
20021225,0.14,5.6935,3.1877,2.873,0.56,23.62,25.7,22.29,88.34,1.08,1.87,0.68,93.63
20021226,5.48,5.7055,3.3305,2.8754,0.56,23.62,26.21,22.17,84.56,1.0,1.78,0.63,93.69
20021227,0.48,5.6719,4.0279,2.4934,0.56,23.85,26.74,22.1,86.32,1.24,2.49,0.79,93.65
20021228,27.47,5.4595,2.5442,2.999,0.54,23.82,27.0,21.41,87.13,1.27,2.16,0.85,93.73
20021229,40.1,3.4255,0.2566,2.55,0.34,23.02,24.39,21.57,91.66,1.22,2.24,0.8,93.84
20021230,9.71,4.5259,0.8964,3.0984,0.44,23.0,25.64,21.43,87.92,0.75,1.28,0.48,93.88
20021231,19.99,4.9315,1.7426,2.7574,0.48,23.11,25.7,21.51,88.94,1.25,1.96,0.79,93.8
20030101,13.29,5.2226,3.3634,2.6412,0.51,23.6,26.86,21.65,90.0,1.54,2.45,0.93,93.74
20030102,41.16,3.7262,0.234,2.7648,0.37,23.27,26.26,21.4,88.02,1.02,1.7,0.61,93.79
20030103,2.83,5.6208,3.2906,2.9138,0.55,24.02,27.69,21.66,84.55,1.6,1.96,0.97,93.83
20030104,1.15,5.3892,3.1145,2.7643,0.53,23.42,26.27,21.84,89.47,0.85,1.73,0.51,93.82
20030105,1.36,5.6383,4.187,3.0214,0.55,23.75,26.53,21.68,86.19,1.06,1.66,0.65,93.85
20030106,0.6,4.9666,0.9302,3.4414,0.49,24.06,27.14,22.31,88.62,1.11,1.84,0.72,93.85
20030107,0.13,5.5332,2.7842,3.0346,0.54,24.19,27.36,21.32,83.2,1.2,1.96,0.72,93.86
20030108,0.12,5.6098,3.1454,2.8874,0.55,23.77,25.47,22.8,91.46,1.24,2.1,0.77,93.82
20030109,8.26,5.5442,3.2162,2.599,0.54,23.96,26.88,22.14,89.21,1.18,2.13,0.76,93.73
20030110,1.53,4.8768,1.3658,2.9897,0.48,23.88,26.81,21.58,83.24,1.16,1.8,0.71,93.74
20030111,0.89,3.6134,0.5988,2.4266,0.35,23.61,26.4,21.37,84.23,1.3,2.11,0.78,93.76
20030112,0.52,4.7873,2.1586,2.7125,0.47,23.41,25.72,21.16,82.2,0.85,1.3,0.53,93.84
20030113,0.55,5.6362,5.2733,2.2817,0.55,23.86,27.74,20.46,79.44,1.37,1.9,0.85,93.77
20030114,1.68,5.6508,4.3222,2.2284,0.55,23.82,26.45,20.82,81.06,1.14,1.75,0.7,93.78
20030115,27.55,5.178,3.2167,2.6508,0.5,23.69,26.66,21.48,84.88,0.83,1.54,0.53,93.81
20030116,1.03,4.4443,1.3315,2.7355,0.43,23.66,27.17,20.77,83.96,1.27,1.97,0.78,93.83
20030117,0.73,5.4077,3.1471,2.8018,0.52,23.98,26.49,22.01,85.64,1.25,2.19,0.78,93.84
20030118,9.06,4.5055,1.3433,2.6316,0.44,23.33,24.94,22.25,92.13,1.14,2.13,0.7,93.84
20030119,6.34,4.6358,1.3817,2.8404,0.45,23.62,26.3,22.09,89.59,1.18,2.16,0.74,93.81
20030120,2.1,4.3075,0.7944,2.8531,0.42,23.08,24.84,21.86,88.07,1.01,1.47,0.62,93.79
20030121,2.28,4.3862,0.3168,3.2098,0.42,24.02,26.78,21.74,79.02,0.72,1.22,0.43,93.8
20030122,1.06,4.379,0.673,2.9647,0.42,24.07,27.47,21.46,82.69,0.98,1.49,0.59,93.72
20030123,36.05,5.7206,3.042,3.1152,0.55,23.23,25.51,21.92,89.84,0.84,1.35,0.53,93.68
20030124,8.76,3.6286,0.0958,2.766,0.35,22.89,25.37,21.1,86.61,0.8,1.35,0.45,93.77
20030125,3.07,5.5814,3.8374,2.3537,0.54,23.58,26.01,21.54,85.14,1.13,1.76,0.69,93.8
20030126,15.27,6.0336,4.4587,2.6167,0.58,24.01,26.87,22.02,86.29,1.1,2.15,0.71,93.74
20030127,27.03,4.7117,2.1583,2.6558,0.45,23.67,26.2,21.81,87.84,0.98,1.65,0.63,93.8
20030128,3.72,5.2949,0.9967,3.6523,0.51,23.56,26.24,21.44,87.52,0.6,1.11,0.4,93.82
20030129,2.38,5.928,3.2465,2.9926,0.57,24.26,27.36,22.0,88.08,1.53,2.08,0.97,93.79
20030130,7.45,3.9886,0.3329,2.7662,0.38,23.43,25.41,22.11,91.2,1.21,1.88,0.75,93.86
20030131,1.32,5.9998,4.3879,2.6484,0.57,23.36,25.79,21.77,86.36,1.05,1.64,0.66,93.9
20030201,3.13,5.6035,2.5438,2.9246,0.54,24.03,27.12,22.08,86.29,1.73,3.02,1.08,93.81
20030202,50.14,4.7294,1.541,2.8289,0.45,22.99,24.87,21.66,92.29,1.22,1.64,0.77,93.81
20030203,50.11,4.7496,0.6403,3.2208,0.45,22.77,24.36,21.78,94.61,1.65,3.38,1.03,93.73
20030204,18.12,6.024,2.9292,3.0202,0.58,23.04,25.18,21.66,92.33,0.81,1.42,0.51,93.71
20030205,3.9,5.0318,1.637,2.9124,0.48,22.84,25.26,21.34,89.76,1.1,1.63,0.7,93.75
20030206,4.42,4.4666,1.8557,2.4132,0.43,22.76,24.39,21.54,93.1,1.26,1.78,0.74,93.76
20030207,6.86,5.0402,1.3318,2.8637,0.48,23.62,26.15,22.05,88.93,0.91,1.34,0.58,93.63
20030208,3.34,5.9578,4.1405,2.4137,0.57,23.7,26.33,22.01,89.97,1.23,1.7,0.75,93.64
20030209,6.99,3.0972,0.2906,2.2183,0.29,23.56,25.42,22.03,93.63,1.06,1.82,0.63,93.59
20030210,32.13,5.7677,4.3625,2.3474,0.55,23.94,26.82,21.68,91.86,1.33,1.94,0.82,93.61
20030211,50.81,5.3359,2.2555,2.9578,0.51,23.08,23.98,22.31,94.86,2.22,3.79,1.34,93.66
20030212,6.23,5.7528,3.9346,2.5142,0.55,23.21,25.51,21.86,92.66,1.16,1.82,0.71,93.65
20030213,3.52,5.633,3.6809,2.8982,0.53,23.28,25.3,21.74,92.25,1.15,2.32,0.75,93.68
20030214,0.77,4.6601,0.9331,3.1087,0.44,22.75,24.35,21.64,91.2,1.33,2.42,0.78,93.73
20030215,0.13,5.0818,1.2708,3.1735,0.48,23.64,26.46,21.49,84.51,1.07,1.96,0.67,93.72
20030216,6.07,5.6554,4.3003,2.3933,0.54,23.29,25.7,21.81,91.27,1.37,1.83,0.87,93.72
20030217,1.01,5.1778,3.3487,2.2733,0.49,22.94,24.77,21.54,91.86,1.33,2.64,0.82,93.77
20030218,78.14,5.3486,2.6695,2.6232,0.51,23.26,24.77,21.97,91.4,0.84,1.43,0.53,93.69
20030219,15.46,4.6114,1.633,2.663,0.44,23.52,26.41,21.6,84.78,0.84,1.55,0.51,93.66
20030220,0.64,4.7054,0.7459,3.2527,0.45,23.37,26.94,20.83,82.94,0.98,1.53,0.6,93.76
20030221,0.11,4.4105,0.5755,2.9489,0.42,23.66,27.03,20.89,82.61,1.22,1.61,0.76,93.89
20030222,0.01,7.1885,5.9959,2.293,0.68,24.42,27.83,21.7,82.01,1.16,2.14,0.76,93.84
20030223,0.0,6.9554,5.2754,2.7415,0.66,23.83,27.07,21.48,83.18,0.75,1.46,0.44,93.71
20030224,0.0,6.5976,4.9157,2.8385,0.62,24.41,28.29,20.84,82.88,1.32,1.98,0.83,93.61
20030225,6.71,5.6926,2.2404,3.2863,0.54,24.35,26.25,23.12,88.04,0.71,1.03,0.48,93.59
20030226,1.03,5.8906,2.5037,3.2834,0.56,23.68,26.67,21.39,88.48,1.33,2.1,0.8,93.61
20030227,31.27,6.0346,3.5602,2.9774,0.57,23.69,26.58,21.58,89.68,1.12,1.69,0.66,93.66
20030228,4.82,5.916,3.4373,2.8474,0.56,24.06,26.45,22.04,86.12,0.78,1.42,0.46,93.65
20030301,0.16,5.1127,1.2902,3.3072,0.48,23.4,26.12,21.01,84.52,1.09,1.62,0.66,93.68
20030302,0.09,5.9698,3.0348,3.2422,0.56,23.7,25.64,22.28,84.79,1.1,1.57,0.69,93.75
20030303,0.05,6.3821,4.722,2.6198,0.6,23.9,26.03,22.48,88.27,1.62,2.75,1.02,93.71
20030304,4.87,5.5646,3.0559,2.6712,0.53,23.34,25.61,21.36,89.15,1.19,1.83,0.73,93.65
20030305,98.75,4.3939,0.9454,2.9746,0.42,23.76,26.19,22.36,91.05,1.18,1.77,0.74,93.65
20030306,27.79,4.7551,1.0548,3.0266,0.45,22.86,24.36,21.67,91.37,1.1,1.66,0.69,93.73
20030307,0.83,4.8365,1.925,2.7533,0.46,23.67,27.0,21.28,85.64,1.1,1.46,0.67,93.68
20030308,20.91,5.8406,3.3338,2.8363,0.55,23.32,25.49,21.53,89.9,1.11,1.87,0.65,93.68
20030309,9.85,5.9364,3.6806,2.7864,0.56,22.38,23.72,21.24,94.76,1.78,2.58,1.1,93.79
20030310,1.35,4.5199,0.9055,2.8301,0.43,22.44,25.28,20.6,89.12,0.68,1.43,0.46,93.83
20030311,0.4,4.8331,2.4533,2.5128,0.46,23.25,26.27,21.46,85.63,0.97,1.71,0.62,93.82
20030312,24.25,4.9198,2.7504,2.3006,0.47,23.24,25.81,21.26,88.55,0.64,1.52,0.4,93.87
20030313,28.15,5.545,2.9494,2.7634,0.53,22.95,24.83,21.6,91.36,1.29,2.44,0.8,93.92
20030314,29.56,6.0936,4.698,2.3018,0.58,22.65,23.87,21.81,94.17,1.52,2.8,0.97,93.94
20030315,9.18,5.7156,3.6564,2.5654,0.54,22.57,23.62,21.82,92.37,1.49,2.54,0.91,93.89
20030316,0.4,5.5514,3.613,2.4778,0.53,23.41,26.25,21.78,90.46,1.78,2.23,1.08,93.92
20030317,8.37,5.1881,2.5903,2.5682,0.49,23.8,26.88,21.57,88.82,1.75,2.84,1.08,93.92
20030318,11.45,5.4314,3.4092,2.5094,0.52,22.66,24.18,22.05,93.66,1.17,1.61,0.75,93.92
20030319,14.31,5.3626,2.5613,2.7845,0.51,22.66,25.13,21.29,92.41,1.6,1.98,0.99,93.9
20030320,5.48,5.7019,3.679,2.4874,0.54,23.16,25.39,21.63,92.17,2.09,3.1,1.33,93.81
20030321,0.45,6.8522,5.5262,2.3023,0.65,23.42,25.85,21.87,91.35,1.27,1.54,0.77,93.79
20030322,11.04,6.0569,3.9876,2.5721,0.58,23.75,26.88,21.72,86.84,1.43,1.84,0.88,93.87
20030323,10.42,5.789,4.7851,2.3143,0.55,23.34,26.51,20.5,88.18,1.68,1.93,1.02,93.85
20030324,4.94,5.5255,3.407,2.6002,0.53,22.79,24.73,21.76,92.0,1.3,1.96,0.81,93.85
20030325,1.47,5.5373,3.799,2.3782,0.53,22.96,25.45,21.43,89.69,1.56,1.97,0.98,93.83
20030326,0.05,5.3638,4.4242,2.0863,0.52,23.32,26.31,21.2,87.4,1.62,2.06,1.04,93.81
20030327,3.8,5.1595,2.7007,2.6191,0.5,23.49,26.33,21.72,89.9,1.42,2.21,0.94,93.8
20030328,1.64,5.4557,2.6832,2.7732,0.53,22.92,24.99,21.3,91.24,1.21,1.94,0.75,93.65
20030329,2.54,5.2529,2.2346,2.951,0.51,23.82,27.52,21.38,87.21,1.13,1.77,0.7,93.63
20030330,0.62,3.8858,0.4402,2.7434,0.38,23.03,24.38,22.15,93.26,1.24,2.33,0.8,93.75
20030331,40.51,5.04,1.4009,3.0053,0.49,23.21,25.13,21.69,88.5,0.96,1.41,0.59,93.75
20030401,23.81,5.0657,1.5151,3.0358,0.49,23.96,26.67,22.08,88.63,0.83,1.09,0.53,93.63
20030402,4.25,5.7686,3.1678,2.8214,0.56,24.03,26.45,22.44,86.57,0.72,1.02,0.43,93.64
20030403,25.59,5.592,2.9117,2.8692,0.54,23.46,25.23,21.93,90.42,0.77,1.22,0.44,93.66
20030404,8.69,5.3693,3.3886,2.3527,0.52,23.29,24.72,22.2,92.66,0.93,2.07,0.59,93.63
20030405,5.01,5.5394,2.3215,2.9326,0.54,23.02,24.3,21.74,92.92,1.09,1.54,0.69,93.71
20030406,1.65,5.6638,3.127,2.772,0.55,22.42,24.12,21.04,92.03,1.14,1.84,0.74,93.85
20030407,7.58,6.0902,4.081,2.8514,0.6,23.18,24.99,21.9,89.86,0.96,1.61,0.59,93.88
20030408,2.95,4.297,0.9434,2.6885,0.42,23.12,24.6,22.03,93.0,1.54,2.87,0.93,93.86
20030409,8.5,5.5534,3.1858,2.6294,0.55,23.72,26.29,21.9,87.29,1.25,1.86,0.8,93.83
20030410,4.5,5.1218,3.2575,2.3729,0.5,23.65,26.36,21.79,86.08,1.11,1.6,0.7,93.88
20030411,3.39,5.8428,4.8166,2.1305,0.58,23.84,27.1,21.14,87.64,1.59,2.25,1.01,93.87
20030412,4.65,5.3918,4.0116,2.0678,0.53,22.66,23.93,21.85,92.98,1.23,1.99,0.77,93.82
20030413,7.72,5.2176,3.2844,2.347,0.52,22.79,24.7,21.09,90.74,1.1,1.83,0.66,93.79
20030414,3.17,5.0014,3.7495,2.2044,0.5,23.5,26.47,21.3,88.3,1.41,2.18,0.92,93.77
20030415,0.12,5.5649,4.5593,2.2174,0.55,23.82,26.32,22.05,88.02,1.17,2.01,0.75,93.86
20030416,10.62,6.1639,5.023,2.1994,0.61,24.04,27.28,21.5,87.39,1.45,2.06,0.89,93.94
20030417,14.44,5.4379,3.8354,2.4065,0.54,22.78,24.23,21.37,93.0,1.48,1.93,0.92,93.87
20030418,4.04,5.3018,3.6077,2.3311,0.53,23.23,25.73,21.12,88.02,1.23,2.09,0.8,93.72
20030419,11.29,5.3825,3.786,2.1742,0.54,23.89,26.56,21.97,87.18,1.26,2.06,0.84,93.63
20030420,1.77,5.8531,3.7572,2.5721,0.59,24.2,27.14,22.27,87.04,1.19,2.53,0.79,93.7
20030421,1.39,4.9886,2.316,2.8277,0.5,22.95,24.67,21.48,92.73,1.49,2.7,0.9,93.81
20030422,57.47,5.5486,3.8741,2.3314,0.56,23.69,27.07,21.2,88.29,1.25,1.9,0.81,93.81
20030423,26.21,5.2399,2.8478,2.4958,0.53,23.2,24.64,22.32,93.31,1.09,2.35,0.72,93.74
20030424,1.46,4.7525,1.2696,2.8282,0.48,23.13,24.89,21.94,93.39,1.5,2.47,0.94,93.73
20030425,12.26,4.9426,1.7275,2.7665,0.5,22.51,24.3,21.35,92.6,1.27,1.62,0.77,93.72
20030426,2.46,4.9135,1.5355,2.9172,0.5,23.77,26.54,21.74,89.11,1.44,1.96,0.89,93.6
20030427,7.47,4.3994,1.3126,2.5608,0.45,23.55,25.21,22.15,91.78,0.94,1.94,0.6,93.52
20030428,42.84,5.0527,2.5534,2.5056,0.52,23.16,25.08,21.86,92.9,0.99,1.39,0.61,93.6
20030429,9.36,2.4919,0.9454,1.4923,0.26,23.29,24.47,22.21,93.88,1.03,2.02,0.66,93.67
20030430,4.68,3.8388,0.3967,2.5886,0.39,23.89,26.34,22.27,88.88,1.15,1.93,0.7,93.7
20030501,5.53,5.0897,2.6796,2.4622,0.52,23.29,25.29,21.86,90.14,1.26,1.72,0.78,93.69
20030502,21.82,4.567,1.7945,2.5764,0.47,23.49,26.36,21.83,89.76,1.25,2.43,0.82,93.7
20030503,6.96,5.3112,2.1802,2.9688,0.55,23.65,26.11,22.21,91.53,1.37,2.01,0.83,93.69
20030504,7.6,5.3856,3.5261,2.3767,0.56,23.99,26.75,21.8,91.91,1.42,2.09,0.88,93.58
20030505,30.52,4.945,1.5821,3.0166,0.51,23.34,24.76,22.11,93.73,1.38,1.77,0.82,93.61
20030506,13.89,5.0873,2.3534,2.9018,0.53,23.86,26.36,22.41,91.25,1.27,1.71,0.77,93.64
20030507,16.02,5.3206,4.0262,2.1929,0.56,23.73,26.53,21.42,91.31,1.52,1.87,0.93,93.65
20030508,17.51,4.7095,2.0671,2.5265,0.49,23.82,26.89,21.53,88.93,1.28,2.12,0.79,93.62
20030509,11.1,5.2078,3.2909,2.3623,0.55,23.34,26.57,20.69,90.09,1.47,2.07,0.88,93.62
20030510,15.96,3.7774,0.5414,2.6158,0.4,23.54,25.9,21.74,91.01,1.03,1.46,0.66,93.65
20030511,5.67,3.6353,0.3818,2.6129,0.38,23.53,25.45,22.09,93.3,1.25,2.22,0.79,93.6
20030512,1.71,4.3394,1.8701,2.4029,0.46,23.45,25.89,21.64,88.51,0.88,1.42,0.54,93.63
20030513,0.36,4.5749,2.4852,2.3561,0.48,23.28,24.98,21.63,91.35,1.33,1.92,0.8,93.63
20030514,10.95,4.7448,3.3667,2.0926,0.5,23.33,25.78,21.56,90.67,1.41,1.9,0.89,93.66
20030515,6.8,4.421,0.7315,3.1008,0.47,23.26,25.62,21.86,93.09,2.01,3.05,1.25,93.69
20030516,6.57,3.7001,0.4908,2.5402,0.39,22.98,25.21,21.76,92.1,1.87,3.07,1.14,93.82
20030517,0.39,4.9932,4.1969,2.005,0.53,23.43,26.32,21.43,88.17,1.51,2.11,0.93,93.77
20030518,1.42,4.4328,3.3221,1.9457,0.47,23.41,25.56,22.11,91.32,0.78,1.14,0.51,93.78
20030519,0.48,4.5022,2.9038,2.1473,0.48,23.56,26.36,21.64,89.75,1.12,1.94,0.7,93.93
20030520,0.03,5.2068,4.7167,1.8504,0.56,23.89,26.35,22.31,90.89,1.32,1.66,0.77,93.99
20030521,26.78,5.3714,4.5137,2.0206,0.58,23.55,25.63,22.05,91.21,1.54,2.1,0.96,93.96
20030522,6.21,3.7735,1.8086,2.0184,0.41,23.5,26.22,21.42,89.02,1.14,1.91,0.75,93.89
20030523,46.29,5.6047,5.8922,1.56,0.61,23.34,25.57,21.91,89.29,1.6,2.94,1.01,93.87
20030524,42.58,4.5046,2.3765,2.5442,0.49,22.9,25.27,21.47,88.42,1.31,1.82,0.85,93.97
20030525,5.77,5.2961,4.4321,2.0076,0.57,23.36,26.24,21.71,88.43,1.62,2.78,1.03,93.96
20030526,2.41,5.1718,5.1586,1.6757,0.56,23.5,26.09,22.08,88.99,1.67,2.21,1.03,93.94
20030527,11.74,3.7476,1.1412,2.7156,0.41,22.52,25.19,21.05,90.52,1.72,2.36,1.07,93.81
20030528,8.15,2.899,0.8796,2.0688,0.32,22.65,25.33,20.97,89.93,1.85,2.53,1.18,93.72
20030529,3.92,4.7676,4.7148,1.6322,0.52,23.25,26.86,20.88,88.37,1.64,2.66,1.04,93.76
20030530,1.79,5.7274,5.5673,1.8058,0.63,22.35,25.16,20.44,87.62,1.61,2.5,1.03,93.89
20030531,0.73,5.9292,6.1058,1.6858,0.65,23.54,26.95,20.91,85.35,1.06,1.84,0.67,93.86
20030601,0.0,5.9114,6.0866,1.6526,0.65,23.4,26.01,21.22,88.9,1.61,2.07,0.99,93.8
20030602,10.69,5.796,5.965,1.6034,0.64,24.05,27.4,21.7,87.1,1.32,1.56,0.81,93.85
20030603,11.57,5.7286,5.7024,1.7359,0.63,23.87,26.96,21.56,88.62,1.65,1.83,0.98,93.9
20030604,3.38,5.9774,6.7908,1.3764,0.66,23.89,27.5,21.21,84.28,1.52,1.85,0.92,93.93
20030605,0.0,5.7264,6.2743,1.471,0.63,23.63,26.83,20.94,81.68,1.32,2.01,0.78,93.93
20030606,0.0,5.9774,6.5366,1.6037,0.66,22.97,26.29,19.85,79.67,1.39,1.79,0.83,93.91
20030607,0.01,4.8542,4.302,1.8725,0.54,23.05,26.3,20.62,82.78,1.54,2.31,0.96,93.88
20030608,9.57,5.4406,5.6933,1.5785,0.6,22.62,25.91,19.88,85.97,1.5,1.84,0.92,93.92
20030609,4.73,4.8101,4.1222,1.8677,0.53,22.51,25.48,20.2,88.92,1.64,2.29,1.0,93.85
20030610,0.62,6.187,6.5808,1.5521,0.69,23.21,26.3,21.21,84.64,1.75,2.64,1.08,93.82
20030611,33.78,4.5751,4.2367,1.7076,0.51,22.83,25.69,20.35,84.4,1.4,1.98,0.84,93.86
20030612,8.11,5.8714,5.9383,1.7201,0.65,22.45,25.65,19.92,84.38,1.44,2.32,0.92,93.96
20030613,0.11,4.6428,4.5998,1.8566,0.52,22.89,26.21,20.47,85.94,1.54,2.52,0.99,93.94
20030614,1.88,3.7142,2.9081,1.7666,0.41,22.18,24.77,20.72,85.4,1.09,2.06,0.71,93.89
20030615,1.85,5.0854,5.555,1.5072,0.57,22.7,25.77,20.19,83.28,1.56,2.09,0.99,93.74
20030616,2.24,4.7388,4.409,1.7059,0.53,23.24,26.29,21.57,86.54,1.55,2.0,0.97,93.8
20030617,0.93,5.6354,5.9285,1.5938,0.63,23.39,26.91,21.02,84.04,1.28,1.83,0.77,93.88
20030618,0.61,5.484,5.3386,1.728,0.61,23.44,26.1,21.37,83.3,1.33,2.12,0.81,93.87
20030619,6.05,4.6526,2.6628,2.3906,0.52,22.87,24.72,21.62,90.51,1.2,2.37,0.74,93.8
20030620,7.56,4.555,2.3023,2.4125,0.51,22.38,24.03,21.28,94.84,1.12,1.55,0.69,93.73
20030621,71.36,4.9668,3.9624,2.185,0.55,22.53,24.65,21.16,90.23,1.05,2.12,0.68,93.74
20030622,20.18,4.2648,1.621,2.6926,0.48,22.96,26.26,20.9,87.72,1.22,1.87,0.72,93.8
20030623,36.25,4.1832,1.7887,2.449,0.47,22.96,25.63,20.88,87.55,1.12,1.77,0.65,93.82
20030624,8.77,4.1328,3.1147,2.1665,0.46,23.09,25.95,21.12,87.93,1.45,1.88,0.86,93.77
20030625,23.38,4.59,2.665,2.4293,0.51,22.91,25.94,20.82,89.83,1.46,2.14,0.91,93.76
20030626,3.68,4.0243,0.8628,2.6582,0.45,22.98,25.85,21.48,87.52,1.34,1.86,0.83,93.81
20030627,7.7,5.2819,4.7453,1.9987,0.59,23.18,26.07,20.86,87.23,1.17,1.92,0.75,93.78
20030628,11.11,3.8628,0.5806,2.7204,0.43,23.08,25.54,21.46,90.19,0.98,1.41,0.63,93.76
20030629,47.5,4.9942,3.0079,2.6054,0.56,22.74,25.19,21.13,91.98,1.31,1.91,0.81,93.77
20030630,8.94,3.6151,1.7621,2.057,0.4,22.82,25.91,20.73,88.18,1.29,1.82,0.82,93.79
20030701,3.72,3.3271,0.5434,2.208,0.37,22.95,26.33,20.62,86.95,1.37,2.39,0.83,93.79
20030702,3.34,4.2132,1.9178,2.4617,0.47,23.1,26.47,20.3,88.25,1.57,2.13,0.96,93.85
20030703,3.15,4.6159,4.4074,1.7705,0.51,22.83,25.65,20.9,88.45,1.44,2.47,0.89,93.85
20030704,0.58,4.9176,4.0241,2.3695,0.55,22.41,25.08,20.72,85.35,1.15,2.07,0.72,93.81
20030705,1.16,4.9709,4.6037,1.9416,0.55,21.95,24.69,19.6,83.42,1.19,1.42,0.74,93.87
20030706,1.2,4.4762,3.655,1.9392,0.5,22.3,24.85,20.47,90.17,1.59,2.25,0.98,93.87
20030707,6.75,2.6594,0.1596,1.9567,0.3,21.83,23.71,20.69,93.53,1.27,1.82,0.81,93.9
20030708,0.93,3.151,0.4682,2.2766,0.35,21.41,22.94,20.47,91.89,1.66,2.71,1.02,93.95
20030709,3.71,3.4822,2.1881,1.8014,0.39,21.87,23.86,19.76,88.67,1.02,1.63,0.63,93.85
20030710,7.89,3.1848,1.2158,1.8607,0.35,22.16,24.76,20.48,91.86,0.96,1.93,0.61,93.8
20030711,2.4,3.6583,0.3744,2.7204,0.4,22.96,26.1,20.98,88.11,1.65,2.21,1.02,93.77
20030712,1.75,5.3479,4.0452,2.2982,0.59,22.94,26.24,20.78,87.94,1.44,2.46,0.9,93.77
20030713,2.07,2.7922,2.34,1.5756,0.31,22.22,24.45,20.53,89.81,1.25,2.96,0.78,93.75
20030714,1.04,4.5542,4.0037,1.9152,0.5,22.57,26.07,19.73,85.22,1.24,2.11,0.8,93.83
20030715,54.24,4.4078,2.3371,2.4749,0.48,22.08,23.75,20.73,90.7,1.23,2.81,0.81,93.86
20030716,11.6,4.2523,2.8538,1.9526,0.47,21.88,24.23,20.73,89.59,1.06,2.07,0.68,93.9
20030717,0.18,3.6826,2.6107,1.9594,0.4,22.21,24.97,20.47,90.91,1.76,2.65,1.08,93.87
20030718,0.12,4.7174,4.3416,1.727,0.52,22.25,25.25,20.44,88.8,2.24,3.34,1.38,93.79
20030719,0.25,4.6483,3.6881,2.1221,0.51,22.27,25.23,20.24,86.84,1.99,3.14,1.25,93.8
20030720,0.03,4.6438,4.1465,1.7851,0.51,22.49,25.64,20.15,86.18,1.19,2.47,0.79,93.8
20030721,0.0,4.789,3.6965,2.2675,0.52,22.41,25.55,20.5,86.17,1.54,2.92,0.99,93.79
20030722,0.0,4.8835,3.1714,2.5898,0.53,22.58,26.28,19.62,84.19,1.21,1.47,0.8,93.87
20030723,0.81,5.267,4.3918,2.3666,0.57,23.04,26.53,20.3,84.11,1.29,2.11,0.82,93.86
20030724,0.8,4.5914,2.3904,2.615,0.5,22.61,26.05,19.5,87.61,1.78,2.82,1.09,93.87
20030725,7.74,3.6847,0.5993,2.6335,0.4,22.29,24.58,19.62,86.56,1.2,1.89,0.72,93.99
20030726,0.77,5.173,3.3257,2.5392,0.56,22.95,25.63,21.11,85.14,1.24,1.73,0.75,94.02
20030727,0.46,4.9262,3.8074,2.0592,0.53,23.23,26.07,21.35,88.34,1.61,2.27,0.99,94.0
20030728,0.44,6.1452,6.1903,1.7304,0.66,23.23,26.45,21.07,86.36,1.36,2.34,0.87,94.01
20030729,0.51,4.1246,1.494,2.5507,0.44,22.96,26.19,20.08,86.04,1.59,2.09,0.98,94.0
20030730,5.96,3.942,1.6466,2.2406,0.42,22.3,23.92,21.0,91.18,1.8,3.4,1.14,93.96
20030731,10.09,4.463,2.8985,2.0124,0.48,22.56,25.62,20.45,88.52,1.42,2.4,0.92,93.86
20030801,6.81,2.8325,1.83,1.6111,0.3,21.73,23.59,20.63,90.98,1.62,2.54,0.99,93.88
20030802,0.44,4.2197,3.293,1.8588,0.45,22.17,25.44,20.18,88.52,2.02,3.14,1.23,93.83
20030803,1.0,5.9102,5.9184,1.6735,0.63,22.16,25.85,19.71,88.33,1.92,3.21,1.19,93.87
20030804,1.79,5.837,6.0043,1.6174,0.62,22.31,25.59,20.0,86.0,1.36,1.98,0.84,93.93
20030805,0.27,5.8378,5.8042,1.6853,0.62,22.53,25.31,20.39,87.03,1.45,2.0,0.92,93.84
20030806,18.91,4.8401,3.811,2.0431,0.51,22.7,25.69,20.54,89.43,1.3,2.36,0.78,93.85
20030807,4.6,4.541,2.8692,2.2044,0.48,23.2,26.63,20.43,88.69,1.46,2.15,0.88,93.86
20030808,5.5,5.3458,4.3884,2.0138,0.56,23.43,26.56,21.35,90.07,1.4,2.21,0.86,93.81
20030809,3.35,4.747,3.7836,1.9723,0.5,22.94,26.29,21.07,88.61,1.49,2.49,0.93,93.76
20030810,0.0,4.373,3.4531,1.8852,0.46,23.21,26.69,20.62,88.28,1.68,2.37,1.05,93.72
20030811,25.06,4.9956,3.5066,2.2126,0.52,23.02,26.15,20.94,89.09,0.97,1.7,0.58,93.85
20030812,19.03,4.0622,2.0254,2.118,0.42,22.73,24.98,21.47,94.52,2.08,3.62,1.25,93.89
20030813,4.41,3.8786,1.8062,2.1626,0.4,23.04,26.64,21.11,88.38,1.36,2.11,0.83,93.86
20030814,1.53,5.634,5.0722,1.8701,0.59,23.06,26.27,20.42,86.86,1.53,2.02,0.93,93.76
20030815,11.22,5.171,3.911,2.1096,0.54,23.24,26.24,21.37,88.3,1.4,2.79,0.89,93.67
20030816,5.22,5.6726,5.225,1.789,0.59,23.29,26.71,20.73,87.17,1.18,1.76,0.73,93.74
20030817,19.66,3.1661,0.3689,2.3738,0.33,23.13,26.47,20.91,90.28,1.38,2.39,0.84,93.8
20030818,6.9,3.6732,0.5933,2.6062,0.38,22.84,25.53,20.76,90.94,1.28,1.71,0.79,93.83
20030819,1.62,4.561,1.3973,3.0038,0.47,23.23,26.32,20.94,86.27,1.11,1.91,0.68,93.74
20030820,10.29,4.3013,2.0054,2.3302,0.44,22.99,25.53,21.31,88.93,1.26,2.24,0.78,93.72
20030821,2.7,5.6978,4.4285,2.2133,0.58,23.46,26.78,21.38,86.38,1.23,1.71,0.75,93.81
20030822,9.42,3.8798,1.8672,1.9973,0.4,22.53,24.16,21.32,94.17,1.91,2.85,1.19,93.91
20030823,3.44,5.4682,3.5071,2.3501,0.56,22.24,25.0,20.37,89.95,1.65,2.41,1.03,93.9
20030824,1.48,3.955,1.6138,2.1442,0.4,22.2,24.79,20.43,90.81,2.07,3.0,1.28,93.85
20030825,5.97,5.0177,3.5011,2.1727,0.51,21.89,23.66,20.75,92.74,1.48,2.15,0.92,93.91
20030826,45.7,4.6946,3.2582,1.9078,0.48,22.11,25.45,19.58,89.46,1.64,2.7,1.03,93.88
20030827,27.13,2.3198,0.095,1.716,0.23,21.22,23.47,19.62,82.83,1.27,2.31,0.79,94.07
20030828,0.07,6.5856,6.4534,1.661,0.66,22.25,26.36,18.46,78.62,1.25,1.88,0.79,94.0
20030829,9.79,6.3101,5.9532,1.7467,0.64,22.72,25.99,20.27,85.49,1.5,2.06,0.94,93.97
20030830,24.32,2.9585,1.375,1.8211,0.3,22.69,25.79,20.6,88.6,1.54,2.1,0.95,93.95
20030831,5.65,5.5039,4.0313,2.3064,0.55,22.15,24.99,20.12,88.18,1.79,2.77,1.14,93.91
20030901,1.0,3.9382,1.0783,2.3414,0.39,22.46,25.57,20.09,89.64,1.61,2.7,1.02,93.93
20030902,1.34,5.0366,2.641,2.6357,0.5,22.87,26.23,20.39,85.91,1.56,2.16,0.97,93.96
20030903,1.04,6.5179,6.0552,1.8605,0.65,23.03,26.55,20.23,82.86,1.31,1.95,0.83,94.0
20030904,0.29,5.1192,2.8104,2.5985,0.51,22.2,24.51,20.63,85.89,1.0,2.52,0.63,94.06
20030905,0.01,4.9846,2.31,2.7062,0.5,22.84,26.47,20.55,83.21,1.39,2.66,0.9,93.95
20030906,5.71,3.5086,1.8775,1.9409,0.35,22.22,26.01,19.92,87.82,1.18,2.21,0.74,93.94
20030907,5.8,5.0184,2.5829,2.4787,0.5,22.46,24.85,20.56,91.03,1.78,2.3,1.12,93.95
20030908,0.03,4.7232,3.1394,2.101,0.47,23.19,26.59,20.9,86.97,1.52,2.11,0.92,93.91
20030909,0.09,5.8253,5.0921,1.9507,0.58,23.3,27.14,19.99,83.64,1.57,2.0,0.96,93.87
20030910,0.1,6.2184,5.807,1.8708,0.61,23.23,26.88,19.75,81.6,1.55,2.11,0.94,93.86
20030911,0.01,6.3485,5.5848,1.9577,0.63,23.27,26.23,20.32,81.58,1.5,2.26,0.92,93.87
20030912,0.22,5.6798,4.5734,2.0714,0.56,23.07,26.35,20.68,83.73,1.48,2.97,0.96,93.88
20030913,0.34,6.4013,5.4504,1.9709,0.63,23.56,27.01,21.11,82.07,1.3,2.21,0.81,93.8
20030914,3.45,4.0982,1.8391,2.4466,0.4,23.02,26.39,20.5,86.48,1.54,2.87,0.95,93.79
20030915,4.79,5.4338,3.7402,2.1425,0.53,22.83,25.83,20.25,88.77,1.26,1.72,0.79,93.82
20030916,9.21,5.1134,2.423,2.6671,0.5,22.49,24.13,21.54,94.88,1.47,2.81,0.91,93.88
20030917,0.72,5.4979,2.5745,2.8061,0.54,23.12,26.08,21.35,89.21,1.74,2.89,1.07,93.91
20030918,0.24,6.2712,5.4866,1.878,0.61,23.21,26.16,21.48,88.39,1.48,2.41,0.95,93.9
20030919,7.92,5.2289,2.9654,2.4958,0.51,22.46,24.76,20.37,91.28,1.29,2.26,0.81,93.97
20030920,9.52,4.0236,0.6396,2.8596,0.39,22.24,24.67,20.0,88.42,1.34,1.96,0.83,94.03
20030921,0.64,5.6105,2.9738,2.7684,0.55,23.05,25.98,21.06,86.74,1.17,2.67,0.76,94.01
20030922,73.58,6.2736,4.4179,2.4101,0.61,23.21,26.44,20.91,85.07,1.13,1.64,0.74,93.99
20030923,16.08,7.0188,6.8846,1.7333,0.68,23.0,26.37,20.47,84.33,1.47,2.53,0.95,93.91
20030924,0.01,7.2444,7.4369,1.4676,0.7,23.15,26.91,20.04,81.72,1.31,2.46,0.87,93.86
20030925,0.0,6.3101,5.8714,1.7558,0.61,23.38,26.68,20.3,82.79,1.53,2.76,1.0,93.83
20030926,0.0,6.6569,5.7617,2.0179,0.64,24.03,27.44,21.22,83.38,1.24,2.73,0.82,93.75
20030927,4.53,6.6612,5.9702,1.9922,0.64,23.99,26.87,22.0,83.19,1.13,2.2,0.76,93.79
20030928,0.37,7.1808,7.0181,1.819,0.69,23.68,27.24,21.22,84.17,1.32,2.57,0.86,93.72
20030929,0.05,5.9626,5.2627,2.0213,0.58,23.33,26.76,20.73,82.2,2.0,3.3,1.26,93.68
20030930,0.01,5.892,3.661,3.324,0.57,23.39,27.2,19.74,79.73,1.39,2.07,0.88,93.65
20031001,13.69,5.4406,2.8409,2.9873,0.52,24.09,28.02,20.8,82.3,1.3,1.73,0.82,93.62
20031002,7.25,5.7648,3.8722,2.3894,0.55,24.21,27.88,21.19,83.89,1.29,2.01,0.79,93.62
20031003,1.2,6.0871,5.4425,1.9658,0.59,24.65,28.11,21.77,83.58,1.35,2.34,0.83,93.69
20031004,0.16,6.2057,5.0729,2.2106,0.6,24.73,28.34,22.33,83.85,1.16,1.84,0.74,93.72
20031005,15.99,6.6334,5.8445,2.0626,0.64,24.09,26.99,21.54,83.6,1.44,2.04,0.89,93.76
20031006,15.3,6.2712,5.359,2.1708,0.6,23.95,27.22,21.18,84.8,1.45,1.85,0.91,93.78
20031007,19.99,4.4417,2.2181,2.1706,0.43,23.36,25.73,21.86,91.58,1.23,2.09,0.77,93.82
20031008,8.85,5.028,1.7282,2.8212,0.48,22.58,24.79,20.98,92.53,1.61,2.86,1.0,93.89
20031009,2.06,6.0223,3.5837,2.9182,0.58,22.82,26.21,19.64,84.45,1.35,2.11,0.83,93.83
20031010,1.03,5.4086,2.6146,2.8428,0.52,23.14,26.39,21.15,86.17,1.55,2.09,0.98,93.74
20031011,0.32,6.2146,4.5586,2.3794,0.6,22.37,24.86,20.53,84.59,0.85,1.33,0.54,93.82
20031012,0.19,4.4916,1.4635,2.821,0.43,22.78,25.9,20.3,84.19,1.62,2.63,1.03,93.72
20031013,0.23,5.8925,3.9686,2.4331,0.56,23.2,27.02,19.74,79.21,1.41,2.32,0.88,93.76
20031014,4.65,3.6917,0.39,2.5282,0.35,21.84,22.89,21.07,86.3,1.45,3.7,0.89,93.93
20031015,0.26,5.7658,2.3904,3.3036,0.55,23.4,26.48,21.06,79.55,1.13,2.13,0.72,93.9
20031016,2.53,5.6976,3.8482,2.371,0.55,23.65,26.3,21.79,83.25,1.24,1.85,0.79,93.88
20031017,0.61,4.8091,1.7786,3.0134,0.46,23.51,26.49,21.47,87.28,1.64,3.19,1.04,93.87
20031018,0.01,6.7656,6.3804,2.0436,0.65,23.44,26.42,21.74,84.98,1.24,1.97,0.8,93.84
20031019,0.0,6.9014,6.6588,1.7983,0.66,23.51,26.87,20.85,81.7,1.51,2.36,0.95,93.88
20031020,0.0,7.127,6.6194,2.345,0.68,23.52,27.11,19.98,78.95,1.26,2.05,0.83,93.91
20031021,0.0,7.615,8.0376,1.4261,0.73,23.81,27.82,20.16,76.86,1.37,1.95,0.92,93.92
20031022,0.0,7.2662,7.1508,1.9505,0.7,24.15,27.27,21.74,73.48,1.11,1.98,0.76,93.99
20031023,0.0,7.3946,7.2487,1.77,0.71,24.21,27.77,21.4,77.92,1.23,2.23,0.81,93.99
20031024,0.0,7.0702,6.8755,1.8238,0.68,24.51,27.7,22.1,78.42,1.29,2.6,0.84,93.88
20031025,0.02,6.8645,6.0739,2.111,0.66,24.41,28.27,21.44,79.37,1.41,2.34,0.89,93.79
20031026,0.09,6.3091,4.0963,2.7514,0.61,24.25,28.1,21.11,78.68,1.3,1.89,0.79,93.86
20031027,0.06,6.252,5.1454,2.2639,0.6,24.2,27.54,22.0,82.02,1.45,2.97,0.96,93.92
20031028,6.41,6.4534,5.5265,2.155,0.62,23.88,26.49,22.15,87.14,1.21,1.91,0.75,93.86
20031029,2.43,5.8966,4.2842,2.3741,0.57,23.61,25.93,21.9,90.37,1.66,2.67,1.01,93.68
20031030,1.57,6.2194,4.2794,2.7446,0.6,24.43,27.72,21.57,81.36,1.32,2.01,0.84,93.55
20031031,2.01,6.0917,4.6687,2.2673,0.59,24.21,27.71,21.88,85.39,1.21,2.3,0.78,93.6
20031101,0.81,5.5241,3.293,2.5805,0.53,24.21,27.78,21.83,85.37,1.28,1.99,0.79,93.75
20031102,0.01,5.8255,3.9881,2.5327,0.56,24.29,27.23,22.32,84.69,1.53,2.05,0.93,93.82
20031103,0.68,6.018,4.355,2.5303,0.58,23.86,26.82,21.13,80.01,1.11,1.83,0.7,93.84
20031104,5.99,6.409,4.8653,2.526,0.62,23.35,25.9,21.13,87.49,1.24,1.91,0.8,93.82
20031105,2.91,6.0137,4.4251,2.5802,0.58,24.35,28.05,21.5,81.27,1.24,1.78,0.82,93.76
20031106,0.47,6.1836,5.1636,2.2884,0.6,24.55,28.16,21.76,81.63,1.26,2.12,0.81,93.71
20031107,0.19,6.4387,5.0621,2.3273,0.62,24.22,27.34,21.82,82.23,1.47,1.89,0.93,93.71
20031108,0.01,6.8726,6.0012,2.1353,0.66,24.6,28.24,22.14,79.16,1.19,1.8,0.78,93.64
20031109,0.05,6.9528,6.1378,2.106,0.67,24.69,28.74,20.62,79.38,1.39,2.05,0.86,93.55
20031110,0.05,6.2453,5.027,2.2039,0.6,23.98,26.92,22.04,82.3,1.09,1.61,0.7,93.6
20031111,1.78,5.6287,3.0014,2.8135,0.54,23.88,26.65,21.56,84.66,1.09,1.5,0.68,93.6
20031112,25.4,4.0178,1.1462,2.2865,0.39,23.43,24.59,22.36,91.66,1.09,1.93,0.64,93.58
20031113,12.63,6.109,4.2835,2.4067,0.59,24.53,28.26,21.71,86.42,1.3,1.92,0.79,93.62
20031114,10.96,5.0642,1.3819,3.2177,0.49,23.81,25.1,22.09,91.37,1.18,1.8,0.72,93.66
20031115,10.93,5.1281,2.0894,2.8692,0.5,23.58,25.81,21.16,88.22,0.87,1.66,0.55,93.73
20031116,1.38,4.6524,0.6986,3.174,0.45,24.26,26.69,22.67,85.22,0.83,1.44,0.54,93.71
20031117,23.4,4.7551,2.3851,2.3311,0.46,24.03,26.08,22.61,88.81,1.09,1.72,0.65,93.75
20031118,4.21,5.9513,3.6242,2.5843,0.58,24.07,26.23,22.31,84.8,1.18,1.69,0.74,93.74
20031119,5.66,5.6328,4.3846,2.2862,0.55,23.04,24.71,22.12,88.1,0.9,1.79,0.59,93.72
20031120,14.68,5.6376,3.1301,3.0854,0.55,23.35,25.39,21.66,88.19,0.66,1.21,0.42,93.71
20031121,13.96,5.1989,1.5389,3.348,0.51,23.5,26.25,21.94,88.17,1.41,2.69,0.88,93.77
20031122,15.6,5.2438,2.3839,3.1126,0.51,23.17,25.19,21.89,89.42,0.69,1.56,0.45,93.89
20031123,9.68,5.3669,3.967,2.1703,0.52,23.23,25.87,21.28,86.01,1.52,2.14,0.95,93.83
20031124,4.69,5.9906,4.3958,2.485,0.59,23.7,26.24,21.78,88.2,1.33,2.01,0.82,93.8
20031125,16.39,5.232,2.7485,2.7122,0.51,23.28,25.09,21.85,89.53,0.94,1.89,0.59,93.74
20031126,4.52,5.7722,2.4912,3.414,0.56,24.07,27.55,21.58,86.4,1.57,2.38,0.98,93.63
20031127,4.4,5.5538,3.2815,2.905,0.54,23.9,26.13,22.24,85.81,1.12,1.68,0.73,93.59
20031128,1.6,5.5894,4.5842,2.6126,0.55,23.55,25.86,21.92,86.27,0.98,1.77,0.61,93.65
20031129,1.85,6.7646,5.8877,2.449,0.66,24.27,27.72,21.38,79.61,1.3,1.87,0.83,93.69
20031130,0.31,6.6329,6.1735,2.1041,0.65,24.3,27.88,21.35,82.76,1.44,2.2,0.91,93.76
20031201,1.68,5.7787,2.8781,3.4898,0.57,23.82,26.09,22.16,87.74,1.65,3.17,1.03,93.75
20031202,0.47,5.0501,1.3478,3.0907,0.5,23.29,25.41,22.06,91.88,1.57,1.92,0.97,93.68
20031203,17.45,5.299,2.7859,2.6328,0.52,23.11,24.89,21.86,94.55,1.36,2.28,0.85,93.58
20031204,10.54,4.4998,1.5581,2.6002,0.44,23.52,26.28,21.72,88.23,0.93,1.44,0.59,93.65
20031205,1.45,5.2061,1.4599,3.3082,0.51,22.85,24.81,21.38,90.42,1.1,1.65,0.69,93.68
20031206,33.9,5.4895,3.8654,2.3966,0.54,23.6,26.17,22.22,87.99,1.19,1.82,0.78,93.63
20031207,12.24,4.9534,1.625,2.9198,0.49,23.39,25.67,22.04,91.31,1.23,1.83,0.75,93.6
20031208,40.55,6.066,4.7105,2.4684,0.6,23.23,24.8,22.37,93.75,1.1,2.52,0.69,93.64
20031209,67.31,5.0986,2.4235,2.707,0.5,23.48,25.64,21.74,88.05,0.92,1.6,0.59,93.67
20031210,13.81,5.6419,3.33,2.9578,0.56,23.52,26.19,21.7,85.31,1.2,2.22,0.76,93.61
20031211,51.31,5.3671,2.8301,2.8596,0.53,23.26,25.4,21.86,90.57,1.32,2.3,0.84,93.57
20031212,10.99,4.2991,0.487,3.1922,0.42,23.69,26.39,21.97,87.18,1.39,2.22,0.9,93.61
20031213,2.21,4.9766,1.4124,3.1171,0.49,23.62,25.42,22.11,87.06,0.96,1.75,0.61,93.65
20031214,40.19,4.1098,0.9473,2.7156,0.41,23.85,26.54,22.03,86.15,1.73,2.28,1.08,93.58
20031215,25.8,4.1674,0.2237,3.1068,0.41,22.55,23.86,21.1,95.27,1.14,2.0,0.68,93.57
20031216,23.58,4.0495,0.2138,2.9767,0.4,23.43,25.73,21.98,91.56,1.13,1.89,0.66,93.54
20031217,27.4,5.2301,3.5239,2.3273,0.52,23.45,25.77,21.89,91.3,1.21,2.04,0.73,93.61
20031218,12.58,3.8815,0.3302,2.8735,0.38,23.54,26.42,21.91,87.16,0.98,1.72,0.61,93.69
20031219,1.46,4.1784,0.3636,3.029,0.41,23.59,26.51,21.19,83.95,0.8,1.39,0.49,93.66
20031220,1.0,4.3663,0.2674,3.3254,0.43,23.52,26.97,20.62,82.97,1.64,2.25,0.97,93.64
20031221,0.58,3.9199,0.9098,2.8733,0.39,23.46,27.45,20.15,85.27,1.1,2.13,0.69,93.7
20031222,1.86,4.1825,0.1279,3.2081,0.41,23.31,25.86,21.72,89.21,0.99,1.71,0.62,93.69
20031223,8.81,4.381,0.4078,3.2818,0.43,23.6,26.8,20.65,87.26,0.78,1.51,0.47,93.67
20031224,7.51,3.8333,0.7342,2.681,0.38,23.06,24.96,21.35,89.5,0.73,1.66,0.45,93.72
20031225,1.15,4.854,2.413,2.5642,0.48,23.57,26.17,21.52,86.7,0.94,1.45,0.56,93.66
20031226,1.66,5.3971,2.8709,2.9074,0.53,23.57,26.62,21.48,86.35,0.93,1.68,0.57,93.67
20031227,1.01,4.6037,0.7915,3.2088,0.45,23.48,27.07,20.15,84.06,1.18,2.2,0.73,93.71
20031228,9.79,5.5126,3.0586,2.6842,0.54,23.42,25.43,22.13,84.22,1.06,1.6,0.66,93.94
20031229,6.93,4.4357,0.7162,3.1003,0.44,23.77,26.31,22.16,86.41,0.9,1.52,0.58,93.93
20031230,1.28,4.9082,2.2262,2.7403,0.48,23.56,25.55,21.62,89.72,0.89,1.39,0.57,93.88
20031231,2.32,4.7743,0.7349,3.5249,0.47,24.01,26.57,22.31,84.9,0.78,1.38,0.47,93.73
20040101,0.54,5.8579,4.8662,2.0616,0.58,23.99,27.51,21.25,82.9,0.96,1.53,0.59,93.71
20040102,0.29,5.5567,3.2774,2.5387,0.55,23.85,27.55,21.03,85.61,1.54,2.28,0.92,93.68
20040103,1.03,5.513,2.5555,3.1738,0.54,24.18,28.1,20.18,80.39,1.27,2.29,0.79,93.75
20040104,17.41,5.0062,1.4004,3.1145,0.49,23.74,26.67,21.37,86.3,1.2,1.57,0.7,93.86
20040105,18.84,5.1084,2.9078,2.5092,0.5,23.45,25.66,21.9,89.47,1.27,2.46,0.8,93.85
20040106,4.58,6.0163,4.968,2.2058,0.59,23.59,26.87,21.65,88.25,0.91,1.69,0.58,93.82
20040107,2.27,5.6928,3.2458,2.7578,0.56,23.49,26.33,21.39,86.02,0.84,1.63,0.53,93.88
20040108,0.69,5.4631,3.8762,2.3342,0.53,23.45,26.2,21.16,85.27,1.15,1.72,0.7,93.96
20040109,15.37,5.7101,4.7268,1.981,0.56,23.09,25.29,21.44,91.83,1.26,2.28,0.76,93.95
20040110,7.18,6.2582,5.4348,2.225,0.61,23.34,26.0,21.07,86.3,1.08,1.74,0.67,93.94
20040111,6.5,5.5438,3.7507,2.46,0.54,23.25,25.62,21.43,89.07,1.73,2.94,1.12,93.9
20040112,1.29,5.6633,3.894,2.3616,0.55,22.85,25.19,21.07,88.18,0.98,1.67,0.66,93.85
20040113,1.78,5.1247,1.5266,3.2513,0.5,23.77,26.7,21.8,86.77,0.84,1.39,0.56,93.74
20040114,3.83,4.9322,2.5116,2.5313,0.48,23.26,25.29,22.07,90.72,1.16,1.67,0.73,93.76
20040115,2.9,5.2526,2.0618,3.0274,0.51,23.14,24.17,22.21,94.18,1.67,2.75,1.04,93.82
20040116,0.98,5.7022,4.5638,2.1902,0.55,23.31,26.02,21.36,89.38,0.98,1.65,0.63,93.84
20040117,7.12,5.8464,4.2818,2.2529,0.57,23.53,25.35,21.95,86.69,0.87,1.61,0.58,93.78
20040118,12.63,2.3921,0.0686,1.8281,0.23,23.66,27.32,21.25,89.27,1.67,2.93,1.06,93.73
20040119,26.28,5.2603,2.6239,2.6556,0.51,23.14,24.81,21.87,94.71,1.7,2.33,1.03,93.73
20040120,40.88,5.0304,1.9399,2.8846,0.49,22.48,23.58,21.64,93.43,1.57,2.47,0.97,93.75
20040121,10.74,5.31,2.6508,2.7586,0.51,23.39,26.63,21.38,86.47,1.5,2.16,0.95,93.76
20040122,11.42,5.0582,2.3498,2.677,0.49,23.13,24.56,22.11,92.73,1.45,2.58,0.93,93.69
20040123,3.73,5.7274,4.1054,2.4581,0.55,23.61,26.07,21.7,87.68,1.13,1.42,0.72,93.67
20040124,0.94,4.195,0.2868,3.0384,0.4,23.65,25.76,22.36,88.7,1.21,2.18,0.79,93.63
20040125,1.04,5.0484,1.2156,3.2143,0.49,23.65,26.5,21.25,84.49,1.4,2.31,0.87,93.57
20040126,5.99,4.8242,0.7634,3.2942,0.46,23.44,25.73,21.87,88.28,1.41,2.58,0.88,93.55
20040127,3.89,5.3837,3.1445,2.6138,0.52,23.62,26.23,21.58,88.59,1.4,2.03,0.9,93.55
20040128,7.18,6.2846,4.025,3.0751,0.6,23.78,26.22,22.11,88.79,1.31,1.83,0.82,93.5
20040129,5.38,5.7744,2.8469,3.0014,0.55,23.31,25.43,22.1,90.13,1.4,2.67,0.87,93.49
20040130,3.79,5.3738,1.9601,3.1399,0.52,23.11,25.17,21.61,87.52,0.8,1.77,0.51,93.61
20040131,41.87,4.9421,2.7173,2.3453,0.47,23.16,24.69,21.97,93.61,1.19,2.55,0.74,93.56
20040201,5.24,4.1066,0.4613,2.9892,0.39,23.34,25.83,21.54,89.11,1.36,1.86,0.82,93.53
20040202,16.19,5.857,4.0013,2.3633,0.56,23.9,27.22,21.56,87.16,1.23,1.7,0.73,93.49
20040203,21.66,3.6715,0.1068,2.7523,0.35,22.34,24.02,21.17,93.72,1.64,1.89,0.97,93.52
20040204,1.32,5.586,1.9414,3.5558,0.53,23.42,27.43,20.45,81.86,1.32,2.09,0.83,93.67
20040205,7.96,2.7235,0.2609,1.8941,0.26,22.19,23.81,21.29,89.02,0.93,1.71,0.62,93.87
20040206,9.59,5.3734,1.4182,3.7051,0.51,23.15,26.31,20.62,87.2,1.4,2.04,0.88,93.83
20040207,1.19,5.6076,1.9361,3.487,0.53,23.58,26.28,21.25,84.57,0.97,1.45,0.6,93.84
20040208,0.77,3.835,0.3168,2.856,0.37,23.21,26.48,21.32,85.9,0.98,1.54,0.58,93.79
20040209,0.13,5.5375,2.3182,2.9935,0.53,22.89,26.0,19.93,81.68,1.29,1.82,0.79,93.78
20040210,0.26,5.4168,2.4763,3.2052,0.52,23.92,27.99,20.0,77.53,1.19,1.94,0.72,93.74
20040211,0.03,6.2976,5.3146,2.1444,0.6,23.84,28.6,20.05,78.53,2.02,2.59,1.22,93.68
20040212,0.36,5.8517,5.4012,1.9433,0.56,23.85,28.08,19.34,79.44,1.56,2.56,0.97,93.7
20040213,0.73,4.6896,1.537,2.7144,0.45,23.89,26.66,21.57,80.65,1.03,1.78,0.63,93.71
20040214,2.6,4.1182,0.3588,2.9971,0.39,23.92,26.95,21.56,82.54,1.29,2.11,0.79,93.62
20040215,6.83,5.5673,2.6448,2.7876,0.53,23.94,26.04,22.61,90.08,1.36,1.93,0.82,93.63
20040216,27.46,3.6096,0.419,2.6102,0.34,23.72,25.62,22.34,91.88,1.65,2.53,1.03,93.71
20040217,10.71,4.7141,0.8525,3.3866,0.45,23.56,25.67,22.02,88.8,1.2,1.84,0.75,93.62
20040218,10.75,5.2433,2.5632,2.8298,0.5,23.63,25.03,22.46,93.06,1.88,2.77,1.16,93.59
20040219,5.6,3.8988,0.2714,2.7149,0.37,23.23,25.61,21.84,89.22,0.96,1.57,0.61,93.74
20040220,12.53,4.7354,2.2534,2.3162,0.45,23.04,24.82,21.42,91.96,1.3,1.99,0.8,93.8
20040221,64.04,4.6025,1.2578,2.6918,0.44,23.36,24.99,22.27,93.69,1.25,1.52,0.75,93.76
20040222,7.37,6.4793,5.4139,2.1178,0.61,23.49,25.66,22.39,91.75,1.15,1.42,0.68,93.67
20040223,0.19,5.8296,3.769,2.5999,0.55,23.65,25.65,22.13,89.72,1.28,1.81,0.79,93.74
20040224,0.36,4.6181,2.9904,1.9692,0.44,24.24,26.95,22.08,83.14,1.2,1.77,0.78,93.82
20040225,20.88,4.925,1.2708,3.0302,0.47,23.68,24.61,22.8,89.42,0.69,1.45,0.43,93.78
20040226,24.52,5.3858,1.8072,3.2988,0.51,23.5,25.31,21.76,85.14,0.56,0.83,0.33,93.73
20040227,16.43,4.5888,1.0942,2.8925,0.43,23.91,26.31,22.28,86.91,0.82,1.46,0.49,93.7
20040228,28.41,6.1601,4.6426,2.3071,0.58,23.66,25.21,22.48,92.41,1.12,1.37,0.71,93.68
20040229,7.72,4.6752,0.4404,3.3912,0.44,23.41,25.14,22.35,91.67,1.27,2.33,0.79,93.72
20040301,0.91,4.8744,2.0974,2.4845,0.46,24.27,26.61,22.71,89.77,1.98,2.61,1.2,93.62
20040302,0.88,5.2447,1.8401,3.2621,0.5,23.41,25.06,22.42,89.97,0.78,1.47,0.46,93.57
20040303,13.82,5.3194,3.0509,2.4137,0.5,23.1,24.61,22.15,91.37,1.06,1.65,0.65,93.56
20040304,31.09,5.9736,3.4656,2.772,0.56,23.89,26.43,22.38,89.04,0.78,1.26,0.49,93.55
20040305,1.24,5.9486,3.2431,2.6856,0.56,23.45,26.19,21.56,89.84,1.42,1.98,0.85,93.63
20040306,0.12,5.0095,1.0673,3.2474,0.47,23.79,25.91,22.12,89.48,0.85,1.68,0.49,93.64
20040307,28.87,5.268,1.9118,2.9484,0.5,23.75,26.37,22.13,89.13,0.92,1.42,0.59,93.68
20040308,12.51,4.0891,0.2652,2.9702,0.39,23.37,24.43,22.27,94.92,1.26,2.38,0.81,93.72
20040309,6.96,5.5848,2.9906,2.5368,0.53,23.48,26.03,21.92,91.61,1.53,2.38,0.97,93.71
20040310,23.6,5.0381,2.0923,2.7794,0.48,23.06,24.38,22.28,93.8,1.5,2.13,0.94,93.65
20040311,67.42,4.0687,0.3893,2.9911,0.39,23.31,25.34,21.92,90.32,0.95,1.5,0.59,93.66
20040312,10.41,5.1442,3.0103,2.3026,0.49,24.0,27.2,22.08,86.49,1.05,1.41,0.66,93.71
20040313,11.69,3.3422,0.1666,2.4569,0.32,23.05,25.12,21.54,91.41,0.88,1.55,0.52,93.77
20040314,1.65,4.5766,0.1848,3.3948,0.43,22.98,25.41,21.16,87.34,0.81,1.3,0.49,93.78
20040315,3.87,4.5756,1.044,2.868,0.44,23.15,26.83,20.76,85.48,0.92,1.51,0.55,93.67
20040316,1.19,4.6747,1.801,2.7696,0.44,23.37,27.44,20.55,86.58,1.14,1.83,0.7,93.56
20040317,1.05,4.0685,0.7123,2.8373,0.39,23.92,27.48,21.44,85.72,0.85,1.59,0.52,93.54
20040318,2.5,4.6464,2.0966,2.4036,0.44,23.27,25.87,20.93,84.75,1.18,1.65,0.69,93.56
20040319,0.47,3.6576,0.0269,2.7696,0.35,23.6,27.06,21.27,76.87,1.59,2.41,0.93,93.46
20040320,0.12,7.0656,7.0414,2.3484,0.67,24.25,28.39,20.37,78.19,1.19,2.0,0.71,93.42
20040321,0.01,6.8378,6.5227,1.7189,0.65,24.58,28.98,19.74,77.69,1.45,2.16,0.88,93.48
20040322,0.01,6.4046,5.5735,2.705,0.61,24.92,28.29,21.83,78.1,0.87,1.35,0.57,93.62
20040323,0.32,5.3129,2.6261,2.8925,0.51,24.3,27.13,21.78,80.85,1.12,1.48,0.72,93.64
20040324,0.17,5.6078,1.8257,3.6331,0.54,24.83,27.75,22.28,80.49,1.02,1.3,0.65,93.68
20040325,0.27,6.6593,5.7734,2.0141,0.64,24.91,28.06,22.78,82.78,0.87,1.55,0.56,93.67
20040326,6.73,5.8882,3.3571,2.6359,0.57,24.48,26.97,22.67,90.14,1.66,1.88,1.02,93.76
20040327,21.63,6.2453,4.8389,2.0916,0.6,23.79,25.17,22.91,91.62,1.17,2.06,0.71,93.97
20040328,10.0,5.4451,2.4905,2.9693,0.53,23.81,26.09,22.22,85.01,1.12,1.72,0.74,93.96
20040329,9.18,5.6894,4.1414,2.2181,0.55,24.51,27.79,22.15,82.87,1.1,2.25,0.7,93.9
20040330,2.25,6.0576,4.3918,2.3299,0.59,23.77,26.36,21.84,86.92,1.3,2.06,0.81,93.99
20040331,0.73,5.777,4.5586,2.0234,0.56,23.85,26.06,22.37,88.42,1.09,1.55,0.69,93.98
20040401,0.29,6.7678,6.2153,1.9171,0.66,24.22,27.9,21.42,80.92,1.25,1.93,0.76,93.95
20040402,1.16,5.3537,3.3336,2.3849,0.52,23.95,27.03,22.02,88.2,1.84,3.46,1.16,93.94
20040403,0.17,5.3755,3.6502,2.2526,0.52,23.76,27.17,20.44,84.8,1.44,2.03,0.94,93.96
20040404,0.26,4.1921,1.4964,2.4677,0.41,23.51,25.64,22.08,87.39,1.93,3.1,1.22,93.95
20040405,0.21,5.436,3.786,2.1199,0.53,23.79,26.79,21.6,85.59,1.23,1.91,0.79,93.85
20040406,2.28,5.4127,2.6899,2.7586,0.53,22.67,24.63,21.51,89.56,1.47,2.08,0.89,93.9
20040407,0.9,5.5123,3.6211,2.4079,0.54,23.54,27.23,20.91,85.95,1.16,1.91,0.7,93.91
20040408,0.47,5.149,2.4936,2.5766,0.51,23.97,25.92,22.43,89.83,1.2,2.09,0.77,93.77
20040409,0.61,4.3474,0.4546,3.0962,0.43,23.56,25.88,22.19,90.47,1.62,2.01,0.98,93.83
20040410,0.79,6.1049,4.781,2.2721,0.6,23.41,25.75,21.6,88.17,1.45,1.96,0.93,93.9
20040411,0.4,5.4941,2.4566,3.061,0.54,22.73,24.95,20.96,87.5,0.99,1.81,0.61,93.91
20040412,0.34,5.8872,3.2362,2.8944,0.58,23.17,25.94,20.14,85.06,1.24,2.07,0.75,93.82
20040413,0.58,5.2673,2.8181,2.587,0.52,23.48,26.37,21.16,86.52,1.35,2.23,0.84,93.79
20040414,1.03,5.0659,2.6897,2.7031,0.5,23.45,25.65,21.53,85.05,1.24,1.77,0.78,93.83
20040415,31.74,4.1136,2.0047,2.3018,0.41,23.7,26.94,21.08,83.9,1.34,1.76,0.83,93.86
20040416,27.75,4.7081,1.5612,2.7137,0.47,23.32,26.13,21.55,89.08,1.34,1.87,0.83,93.91
20040417,3.37,4.9603,1.6615,2.8704,0.5,23.19,25.85,21.24,85.24,1.06,1.58,0.67,93.82
20040418,36.7,4.9186,2.4823,2.4463,0.49,23.52,27.29,20.78,85.02,1.48,1.89,0.91,93.76
20040419,17.25,5.5934,4.8326,1.9356,0.56,23.56,25.76,21.98,92.39,1.54,2.09,0.95,93.83
20040420,27.14,5.8183,4.6073,2.2058,0.59,23.32,24.29,22.35,94.03,1.01,1.76,0.65,93.84
20040421,6.2,5.6254,4.4928,2.0604,0.57,23.6,26.44,21.82,89.69,1.32,2.15,0.82,93.76
20040422,2.02,5.2358,3.8784,2.1756,0.53,23.4,25.74,22.0,92.32,0.93,1.91,0.55,93.63
20040423,18.61,5.4163,3.0766,2.7574,0.55,23.48,26.16,21.38,89.77,1.42,2.17,0.88,93.66
20040424,6.07,5.6746,3.9751,2.3683,0.58,23.66,26.9,21.32,89.07,1.2,1.93,0.77,93.7
20040425,4.55,3.0578,0.1783,2.2786,0.31,22.72,24.81,21.38,92.72,1.31,2.0,0.82,93.74
20040426,9.96,5.4862,3.0907,2.5344,0.56,23.37,26.21,20.89,88.72,1.52,2.32,0.96,93.7
20040427,14.81,5.0885,2.9899,2.4168,0.52,23.8,26.96,21.87,90.92,1.27,1.99,0.81,93.66
20040428,12.1,5.3834,3.973,2.1029,0.55,24.0,26.64,22.45,90.65,1.13,1.83,0.68,93.6
20040429,2.63,5.9916,5.5495,1.9562,0.62,24.26,27.35,21.83,88.89,1.42,1.75,0.87,93.45
20040430,6.17,3.7512,0.3319,2.7322,0.39,23.58,24.85,22.57,95.83,1.52,2.51,0.94,93.4
20040501,1.52,4.7902,1.8838,2.8073,0.49,23.54,25.19,22.47,90.89,0.89,1.44,0.55,93.52
20040502,12.37,5.4574,4.3426,2.1744,0.56,24.0,27.03,21.43,90.28,1.63,2.54,0.98,93.55
20040503,35.03,5.0981,2.291,2.7766,0.53,23.75,26.59,21.97,90.23,1.39,2.0,0.86,93.6
20040504,9.83,4.9939,3.6307,2.1228,0.52,23.42,25.04,21.88,93.98,1.64,2.59,1.02,93.56
20040505,6.26,3.6742,0.7786,2.4535,0.38,24.05,27.12,22.12,90.62,1.14,1.65,0.67,93.62
20040506,10.39,4.1602,2.4089,2.2682,0.43,24.2,26.29,22.84,91.35,1.18,2.13,0.76,93.68
20040507,44.04,5.1674,2.5879,3.0072,0.54,24.17,26.52,22.18,91.85,1.23,1.84,0.74,93.62
20040508,25.84,4.2607,1.6157,2.4629,0.45,23.57,24.82,22.58,94.81,1.26,2.07,0.81,93.59
20040509,154.44,4.0757,1.0579,2.771,0.43,23.1,24.82,21.76,92.41,1.25,2.06,0.78,93.76
20040510,31.73,3.6391,0.1406,2.7202,0.38,23.72,26.57,21.86,83.37,1.16,1.65,0.73,93.81
20040511,0.06,4.7004,2.4919,2.3417,0.5,22.98,24.78,21.88,92.6,1.51,2.62,0.92,93.7
20040512,0.08,5.3995,3.6077,2.5622,0.57,23.41,26.33,21.3,88.77,1.23,2.3,0.78,93.62
20040513,0.79,5.243,4.055,2.3038,0.56,23.96,26.77,22.13,88.65,1.72,2.36,1.06,93.6
20040514,0.6,5.4156,4.1592,2.2217,0.58,23.69,26.17,21.83,88.17,1.6,1.96,0.98,93.67
20040515,7.09,5.0971,4.518,1.8398,0.54,23.7,25.36,22.59,91.56,1.65,2.07,1.02,93.72
20040516,13.41,5.4576,3.9732,2.4202,0.58,23.87,26.43,22.11,90.08,1.71,2.35,1.05,93.79
20040517,0.9,5.8762,5.4454,1.7926,0.63,24.16,27.09,22.24,87.55,1.97,2.71,1.22,93.89
20040518,0.01,6.0768,6.2388,1.6339,0.65,23.91,27.18,21.33,84.48,1.39,2.04,0.89,93.87
20040519,0.01,6.132,6.6031,1.4846,0.66,24.41,27.57,22.11,82.79,1.31,2.28,0.83,93.81
20040520,0.0,6.0014,6.449,1.5869,0.65,24.07,27.71,21.27,81.09,1.37,1.79,0.85,93.85
20040521,0.46,6.5182,7.4863,1.2449,0.7,24.37,27.98,21.09,82.4,1.21,1.94,0.72,93.81
20040522,2.04,6.0518,6.1766,1.6572,0.65,24.62,27.95,22.31,83.29,1.09,1.7,0.7,93.8
20040523,1.62,6.2971,6.8407,1.4422,0.68,24.49,27.86,21.68,84.96,1.43,1.64,0.87,93.89
20040524,8.23,5.4487,4.3706,1.9858,0.59,24.3,26.81,22.71,87.92,1.02,1.63,0.65,93.92
20040525,0.4,6.2647,7.0481,1.3298,0.68,24.02,27.33,21.39,84.2,1.36,1.68,0.82,93.93
20040526,0.34,5.886,6.1423,1.4842,0.64,23.75,26.45,22.16,84.41,1.05,1.48,0.66,93.89
20040527,4.19,4.686,2.424,2.5378,0.51,22.64,23.91,21.47,94.6,1.19,1.81,0.75,93.88
20040528,53.01,4.9877,3.6989,2.123,0.54,22.91,24.76,21.94,94.04,1.41,2.09,0.85,93.78
20040529,14.08,5.1998,3.7481,2.3527,0.57,22.75,24.01,21.82,93.85,1.61,2.01,0.94,93.67
20040530,1.54,3.3883,0.3137,2.5181,0.37,23.22,25.87,21.83,88.66,0.96,1.3,0.6,93.67
20040531,1.13,4.805,2.5682,2.5217,0.53,23.08,26.17,21.22,88.36,1.12,1.4,0.66,93.74
20040601,0.64,4.1287,0.9485,2.6453,0.45,22.94,25.12,21.51,91.56,1.24,1.71,0.74,93.84
20040602,36.92,4.0776,1.711,2.3016,0.45,22.93,24.7,21.9,93.18,1.59,2.1,0.97,93.87
20040603,51.05,4.4798,1.6378,2.6892,0.49,22.03,23.16,20.96,95.92,1.8,2.43,1.08,93.89
20040604,15.25,5.0549,4.6234,1.7155,0.56,22.47,25.12,20.95,91.77,1.38,1.68,0.83,93.86
20040605,1.16,5.3254,2.9784,2.7617,0.59,23.14,25.75,21.29,87.36,1.23,1.45,0.76,93.81
20040606,29.06,5.6191,4.7345,2.1725,0.62,23.59,25.88,21.87,90.06,1.04,2.18,0.67,93.82
20040607,5.3,5.2313,4.837,1.7306,0.58,23.93,26.38,22.37,90.09,1.14,2.53,0.75,93.79
20040608,28.08,5.3018,4.2127,2.1216,0.59,23.48,25.94,21.75,89.8,0.81,1.32,0.53,93.78
20040609,47.43,3.4414,0.5114,2.3748,0.38,22.63,24.15,21.67,95.93,1.61,2.03,1.0,93.74
20040610,8.61,3.6756,1.1573,2.2238,0.41,22.55,24.84,21.18,91.26,1.65,1.98,0.99,93.8
20040611,0.27,4.8694,3.5342,2.3177,0.54,23.04,25.7,21.35,88.27,1.66,2.51,1.02,93.84
20040612,6.85,4.5518,2.4922,2.4355,0.51,22.37,24.7,20.42,91.67,1.45,1.89,0.9,93.87
20040613,41.21,5.1502,4.3891,2.0906,0.57,22.62,25.33,21.03,89.49,1.59,1.86,0.98,93.95
20040614,23.98,4.2761,2.9506,2.1612,0.48,22.28,24.98,20.63,91.06,1.95,2.77,1.23,93.96
20040615,0.74,3.6835,2.1576,2.0837,0.41,22.48,25.81,20.44,86.94,1.52,1.9,0.95,94.06
20040616,0.15,3.2052,1.4554,1.9267,0.36,21.77,24.55,20.16,86.71,1.95,2.53,1.22,94.05
20040617,0.04,5.099,4.7688,1.8581,0.57,22.35,25.25,20.19,83.79,1.23,2.31,0.79,94.05
20040618,1.16,3.2009,0.139,2.502,0.36,22.48,25.54,20.16,88.3,1.25,1.85,0.79,94.0
20040619,13.18,5.2687,4.5398,1.9886,0.59,22.6,24.76,21.3,91.94,1.65,1.98,1.01,94.03
20040620,25.38,5.7014,5.7646,1.5672,0.64,22.62,24.48,21.14,92.64,1.69,2.48,1.05,94.04
20040621,13.17,4.4155,2.0616,2.5123,0.49,22.75,25.82,20.43,88.52,1.52,2.02,0.96,94.14
20040622,5.57,5.2478,4.2912,1.8934,0.59,22.73,25.27,21.24,90.18,1.87,2.32,1.15,94.12
20040623,4.15,5.082,4.0382,2.1154,0.57,22.25,24.6,21.0,91.15,1.99,2.97,1.21,94.04
20040624,0.04,5.4391,5.25,1.7491,0.61,22.57,24.75,20.96,88.88,2.02,2.84,1.25,93.98
20040625,0.09,5.1814,5.2392,1.5391,0.58,22.39,24.53,20.79,89.8,1.77,2.57,1.1,93.99
20040626,0.45,5.5274,5.401,1.7748,0.62,22.63,25.95,20.4,88.24,1.94,2.46,1.2,93.86
20040627,0.43,5.0654,3.8659,2.305,0.57,22.16,24.85,20.53,88.45,2.05,2.79,1.27,93.89
20040628,0.1,4.9584,4.6906,2.3491,0.55,22.03,24.99,19.93,87.21,1.85,2.44,1.16,93.97
20040629,0.03,4.6039,3.6583,1.9956,0.51,22.33,25.39,20.23,87.79,1.92,2.52,1.2,93.84
20040630,0.52,4.8725,4.861,1.8283,0.54,22.45,25.62,20.23,87.88,1.94,2.86,1.21,93.84
20040701,0.1,4.1695,1.4417,2.5404,0.46,22.42,24.19,20.84,88.61,1.35,1.84,0.83,93.85
20040702,0.0,4.8439,3.6276,2.2555,0.54,23.1,26.49,19.98,84.0,1.43,1.87,0.87,93.88
20040703,0.0,5.5008,5.183,1.855,0.61,23.29,26.29,20.89,84.03,1.36,1.78,0.83,93.85
20040704,11.95,4.649,3.4939,2.0846,0.52,23.19,25.94,21.04,84.79,1.23,1.55,0.76,93.84
20040705,5.61,5.82,6.3322,1.4818,0.65,23.13,26.57,20.6,84.45,1.2,1.56,0.72,93.86
20040706,29.22,4.783,3.8738,2.0491,0.53,22.57,25.11,20.85,89.39,1.12,1.87,0.69,93.84
20040707,3.62,3.9974,2.6515,1.9603,0.44,22.64,26.12,19.73,86.8,1.46,1.89,0.88,93.85
20040708,9.95,4.1741,3.7402,1.6649,0.46,22.57,25.16,20.87,87.48,1.08,2.09,0.7,93.85
20040709,4.32,2.9609,0.5364,1.943,0.33,21.89,23.56,20.48,91.9,1.3,1.71,0.8,93.87
20040710,2.21,4.494,2.4394,2.4298,0.5,22.08,24.51,20.26,88.54,1.46,1.78,0.87,93.82
20040711,4.26,4.9368,4.4316,1.734,0.55,22.46,25.56,20.34,88.16,1.41,1.93,0.89,93.76
20040712,3.65,5.1024,4.7467,1.901,0.56,22.33,25.76,19.76,88.2,1.25,1.79,0.79,93.87
20040713,12.58,2.9902,0.4522,2.2032,0.33,21.88,24.3,20.19,91.59,1.28,1.94,0.8,93.85
20040714,8.45,4.0025,2.0311,2.2128,0.44,21.8,24.11,20.6,91.69,1.71,2.56,1.06,93.76
20040715,2.85,4.5605,3.787,1.8612,0.5,22.36,25.41,20.43,88.33,1.44,1.98,0.88,93.79
20040716,3.56,5.1432,4.7009,1.8053,0.56,22.13,25.52,19.21,87.93,1.68,2.36,1.05,93.85
20040717,0.65,5.2452,4.7674,1.7678,0.57,21.99,24.94,19.71,85.9,1.57,2.21,0.96,93.91
20040718,15.8,3.72,1.5451,2.1607,0.41,21.38,23.34,20.39,89.99,1.42,1.97,0.86,93.9
20040719,10.69,3.744,1.2161,2.1898,0.41,21.78,24.47,19.82,87.1,1.47,1.9,0.91,93.89
20040720,0.6,5.6638,5.8937,1.6001,0.62,21.82,25.37,19.03,86.34,1.37,1.97,0.86,93.87
20040721,5.49,4.5583,3.6842,2.1413,0.5,22.32,25.59,20.01,87.59,1.32,2.02,0.81,93.83
20040722,33.01,3.9002,1.0462,2.4118,0.42,22.05,25.11,19.55,89.91,1.58,2.55,0.95,93.88
20040723,27.52,4.1827,1.4309,2.461,0.45,22.29,25.6,19.84,90.09,1.53,2.63,0.94,93.85
20040724,14.1,4.2691,2.5044,2.2015,0.46,22.12,25.36,19.72,89.95,1.57,2.39,0.97,93.78
20040725,5.87,4.3836,3.2693,1.9627,0.47,22.08,25.06,20.22,91.33,1.64,2.96,1.03,93.78
20040726,0.31,4.9656,4.8456,1.674,0.54,22.09,25.35,19.94,88.27,1.69,2.34,1.04,93.76
20040727,8.77,4.8545,3.5311,2.1922,0.52,22.15,25.43,19.68,87.42,1.21,1.97,0.74,93.78
20040728,3.58,4.921,4.2907,1.9262,0.53,22.15,25.42,19.67,87.87,1.58,2.75,0.99,93.81
20040729,5.09,2.7454,0.3636,1.8934,0.29,21.9,24.71,19.5,89.64,1.67,2.4,1.05,93.86
20040730,0.79,4.8367,3.1512,2.4742,0.52,22.01,25.25,20.27,90.34,1.89,3.37,1.17,93.88
20040731,0.54,4.6481,3.5093,1.9159,0.5,21.77,24.84,19.83,86.22,1.85,2.76,1.16,93.88
20040801,0.19,5.1833,2.9561,2.4773,0.55,21.49,25.0,19.04,85.03,1.59,2.76,1.03,93.91
20040802,0.0,5.8574,4.7453,2.5123,0.62,21.49,25.17,18.73,85.05,1.8,2.37,1.1,93.9
20040803,0.0,5.4931,3.2863,3.2258,0.58,21.27,25.36,17.55,83.05,1.59,2.11,0.99,93.89
20040804,0.0,5.183,1.7882,3.5998,0.55,22.0,25.41,19.64,86.16,1.65,2.36,1.02,93.89
20040805,0.0,5.3554,3.2652,2.64,0.57,21.57,24.72,19.33,87.3,1.43,2.46,0.92,93.9
20040806,0.0,4.3577,3.3062,1.9666,0.46,21.83,25.46,18.94,84.73,1.58,2.59,1.02,93.92
20040807,0.0,4.8485,1.5175,3.1543,0.51,22.11,25.85,19.03,84.26,1.33,2.41,0.86,93.9
20040808,0.0,5.4852,4.2043,2.5236,0.58,22.09,25.58,19.62,86.21,1.84,2.44,1.14,93.96
20040809,0.0,5.9242,5.88,1.5458,0.62,22.18,25.7,19.44,86.85,1.74,2.18,1.05,94.0
20040810,0.0,5.0465,4.1297,1.9421,0.53,22.43,25.77,20.08,86.15,1.9,2.78,1.2,93.96
20040811,0.0,4.6051,3.6089,2.0712,0.48,22.2,25.68,20.06,85.53,1.81,2.94,1.14,93.97
20040812,0.0,2.6045,0.9326,1.8146,0.27,22.24,26.0,19.56,84.76,1.5,2.83,0.97,94.0
20040813,0.24,4.0402,0.4562,3.018,0.42,22.35,25.63,20.07,85.77,1.49,2.54,0.94,93.97
20040814,0.13,3.7618,1.7743,2.131,0.39,21.66,24.23,19.87,86.76,1.72,2.61,1.08,93.96
20040815,0.04,5.3378,3.4001,2.7557,0.55,21.55,25.29,18.7,84.75,1.9,2.5,1.15,93.88
20040816,0.02,4.8629,3.5981,2.041,0.5,21.44,24.83,19.33,86.74,1.78,2.54,1.1,93.9
20040817,0.0,4.5734,1.5588,2.843,0.47,21.37,24.58,18.88,84.75,1.77,2.4,1.09,94.05
20040818,0.0,5.988,5.6021,1.733,0.62,22.15,26.07,19.04,81.9,1.34,2.17,0.9,93.98
20040819,0.0,5.7156,5.0851,1.7791,0.59,21.77,25.33,19.57,84.07,1.86,2.43,1.17,93.94
20040820,0.0,6.2952,6.3139,1.5941,0.64,22.21,26.29,19.06,82.91,1.57,2.46,1.02,93.91
20040821,0.0,5.5325,4.7393,1.9534,0.57,22.49,26.11,20.12,85.32,1.67,2.81,1.08,93.95
20040822,0.0,5.3676,4.6548,1.8012,0.55,22.87,26.37,20.35,86.29,1.7,2.42,1.07,94.0
20040823,0.0,4.1256,2.958,1.8355,0.42,22.82,26.83,19.75,84.04,1.43,2.44,0.91,93.98
20040824,0.0,4.6548,3.5321,1.9759,0.47,22.83,26.53,20.02,86.41,1.65,2.88,1.04,93.95
20040825,0.0,5.5248,4.6908,1.8814,0.56,23.03,26.85,20.18,85.26,1.52,2.35,0.96,93.9
20040826,0.01,6.2873,5.7545,1.8394,0.64,22.77,26.67,20.06,84.54,1.36,2.13,0.85,93.84
20040827,0.01,5.5848,5.3434,1.8593,0.56,22.67,26.35,19.51,83.35,1.45,2.24,0.88,93.91
20040828,0.0,6.2287,6.0862,1.7191,0.63,23.12,26.98,19.88,80.87,1.43,1.87,0.85,93.9
20040829,2.58,6.3655,6.006,1.8163,0.64,23.43,26.98,20.89,83.73,1.47,2.13,0.94,93.85
20040830,1.81,4.9711,3.5076,2.015,0.5,22.6,25.25,20.75,90.06,1.71,2.71,1.09,93.86
20040831,0.05,4.7436,2.9698,2.3292,0.48,22.93,26.33,20.12,84.63,1.39,2.52,0.87,93.8
20040901,1.5,6.0053,4.7333,2.1209,0.6,23.13,26.2,20.75,86.69,1.6,2.66,1.0,93.8
20040902,0.37,6.1572,5.5334,2.034,0.61,23.06,27.0,20.41,82.82,1.41,2.08,0.84,93.91
20040903,1.85,6.2198,6.0564,1.5986,0.62,22.8,26.42,20.21,82.21,1.09,1.59,0.65,93.97
20040904,0.3,3.8614,0.6725,2.6635,0.38,22.37,24.97,20.35,83.51,1.27,1.95,0.78,93.94
20040905,1.03,6.0442,5.8058,1.8689,0.6,22.88,26.34,20.07,80.64,1.16,2.01,0.74,93.85
20040906,0.06,7.056,7.5595,1.2614,0.7,23.07,26.88,20.28,80.2,1.11,2.12,0.72,93.87
20040907,1.3,6.6108,5.9782,1.9685,0.65,22.8,26.3,20.2,82.24,1.18,1.84,0.75,93.9
20040908,7.09,4.6949,2.3575,2.4046,0.46,22.61,26.27,20.03,86.3,1.35,1.8,0.82,93.95
20040909,0.43,4.716,3.0091,2.2214,0.47,22.56,26.32,18.93,83.1,1.46,2.65,0.91,93.93
20040910,4.07,6.0984,4.4942,2.333,0.6,22.54,25.17,20.5,85.32,1.16,1.93,0.68,93.94
20040911,0.57,6.1958,5.0366,2.023,0.61,22.88,26.56,19.78,82.69,1.3,2.18,0.82,93.96
20040912,0.27,3.9758,0.4157,2.8826,0.39,22.13,25.32,19.84,83.36,1.01,1.43,0.61,94.06
20040913,0.03,6.5738,6.3881,1.6349,0.64,22.53,25.93,19.75,79.78,1.39,2.09,0.85,94.12
20040914,0.14,6.9175,6.521,1.847,0.68,22.24,26.34,18.21,79.3,1.42,1.81,0.88,94.03
20040915,0.23,4.704,2.3592,2.3093,0.46,22.83,26.74,19.64,83.91,1.74,2.87,1.1,93.9
20040916,0.5,5.6362,4.253,2.178,0.55,22.78,26.29,20.56,84.64,1.69,3.24,1.07,93.99
20040917,12.88,6.4006,5.9182,1.8506,0.62,23.06,27.16,20.17,86.28,1.5,2.1,0.94,93.95
20040918,113.23,6.1133,4.3478,2.407,0.6,22.74,26.2,20.49,88.15,1.47,1.87,0.87,93.88
20040919,74.59,5.7084,4.9236,1.8996,0.56,22.35,24.89,20.23,89.73,1.45,2.16,0.89,93.9
20040920,25.53,6.7428,6.6864,1.6798,0.66,22.99,26.71,20.3,84.01,1.41,1.99,0.91,93.92
20040921,0.03,7.0944,7.169,1.5029,0.69,22.89,26.56,20.2,82.1,1.42,2.77,0.95,93.95
20040922,14.01,5.5642,5.1151,1.7868,0.54,22.98,26.45,20.12,85.68,1.41,2.22,0.93,93.8
20040923,13.21,5.1062,3.2189,2.1403,0.49,22.39,24.91,20.86,92.23,1.52,1.86,0.94,93.75
20040924,6.14,3.9624,2.2193,2.0011,0.38,22.54,26.35,20.47,88.87,1.58,2.44,0.99,93.73
20040925,0.49,4.9512,3.1471,2.5764,0.48,22.98,27.11,20.02,84.64,1.5,2.89,0.95,93.74
20040926,0.18,4.8636,2.5766,2.4113,0.47,22.45,25.79,19.55,84.14,1.57,2.28,0.99,93.8
20040927,0.01,6.2657,5.0974,2.3546,0.6,23.09,26.98,19.59,78.11,1.4,1.87,0.86,93.78
20040928,0.0,6.8568,6.5863,1.8614,0.66,23.73,27.62,20.05,80.65,1.23,2.01,0.8,93.73
20040929,10.47,6.2724,5.2908,2.029,0.6,23.78,26.99,21.54,87.1,1.19,2.01,0.77,93.75
20040930,3.58,6.311,5.5409,2.4384,0.61,23.9,27.62,21.73,86.52,1.52,1.97,0.92,93.86
20041001,0.09,6.3929,5.5639,2.0928,0.62,23.56,26.85,21.36,85.46,1.58,2.22,0.98,93.86
20041002,0.0,6.7987,6.1097,2.0784,0.65,23.22,26.8,20.31,84.85,1.42,2.05,0.91,93.86
20041003,0.0,6.4358,6.1457,1.8828,0.62,22.85,26.31,20.42,83.41,1.53,1.96,0.96,93.92
20041004,0.0,5.1586,3.3014,2.4238,0.5,22.2,25.91,19.65,84.29,2.07,3.67,1.28,93.94
20041005,0.0,4.8144,2.9642,2.4857,0.46,22.55,26.52,19.38,84.19,1.73,2.75,1.09,93.98
20041006,0.0,6.2923,3.9588,3.1234,0.6,22.93,26.34,20.37,81.24,1.44,2.61,0.95,94.06
20041007,0.0,6.3338,5.2474,2.3172,0.61,23.25,27.11,20.54,80.41,1.15,2.31,0.74,93.99
20041008,0.0,5.8848,4.8835,2.0323,0.56,23.62,26.34,21.69,82.63,1.17,2.3,0.78,93.95
20041009,0.0,6.2714,4.4081,2.5728,0.6,23.76,27.25,21.61,86.03,1.29,1.61,0.8,94.01
20041010,0.12,6.2506,5.417,2.0686,0.6,23.37,26.79,20.03,81.74,1.57,2.11,0.99,94.07
20041011,0.02,6.8966,6.0619,2.1473,0.66,23.31,27.64,19.32,77.76,1.53,2.22,0.98,94.02
20041012,0.0,6.6322,5.0105,2.2414,0.64,23.43,27.04,20.47,78.53,1.26,2.1,0.83,94.06
20041013,0.0,6.7229,5.106,2.3938,0.64,23.43,27.2,19.72,80.83,1.45,2.16,0.92,94.04
20041014,0.45,6.9706,5.484,2.4953,0.67,23.48,27.01,20.84,78.34,1.3,2.1,0.84,94.04
20041015,0.68,6.809,5.9395,2.0146,0.65,23.34,27.0,20.34,76.93,1.47,2.14,0.96,93.97
20041016,0.0,6.3715,5.0765,2.2466,0.61,23.59,26.91,20.85,80.47,1.26,2.16,0.86,93.88
20041017,0.1,6.4438,4.8701,2.3755,0.62,23.6,26.8,20.78,83.07,1.74,2.7,1.09,93.83
20041018,0.01,6.144,4.3138,2.7655,0.59,23.65,26.98,20.72,81.4,1.56,2.27,0.97,93.82
20041019,1.26,6.1618,4.6274,2.3436,0.59,23.63,26.13,21.26,83.86,1.09,1.44,0.67,93.76
20041020,0.77,5.831,4.075,2.4406,0.56,24.03,27.63,21.19,84.0,1.32,1.69,0.8,93.79
20041021,0.06,6.018,3.8748,2.7014,0.58,24.02,27.19,21.8,85.08,1.23,1.54,0.79,93.82
20041022,0.0,6.389,5.64,2.0242,0.61,24.62,27.88,22.13,81.61,1.06,1.67,0.7,93.79
20041023,0.06,6.2844,4.5178,3.33,0.6,24.24,27.39,21.98,81.66,1.5,2.76,0.96,93.78
20041024,2.53,5.8042,3.7776,2.6947,0.56,24.15,27.91,21.18,80.77,1.16,1.77,0.73,93.88
20041025,1.5,5.8747,3.3754,3.4992,0.56,23.63,27.25,21.07,85.75,1.21,1.87,0.76,93.93
20041026,3.5,5.8303,4.4928,2.1514,0.56,23.93,26.89,21.88,85.27,0.93,1.34,0.61,93.89
20041027,0.83,6.6062,5.6822,2.2471,0.63,24.13,27.61,21.63,83.03,1.47,2.66,0.95,93.75
20041028,21.74,6.2777,5.2997,2.087,0.6,24.18,27.47,21.41,83.86,1.34,1.86,0.83,93.69
20041029,4.97,6.541,5.2963,2.2577,0.63,24.51,27.9,21.32,82.69,1.32,1.81,0.82,93.71
20041030,0.68,6.8498,6.565,1.8293,0.66,24.67,28.07,22.27,81.22,1.24,1.72,0.77,93.62
20041031,10.4,6.6614,5.97,2.1408,0.64,24.56,27.91,22.03,83.88,1.29,1.91,0.83,93.58
20041101,4.55,6.6895,5.609,2.287,0.64,24.57,28.02,22.32,84.04,1.69,2.61,1.06,93.62
20041102,0.02,7.2113,7.2643,1.7837,0.69,24.48,28.09,21.82,81.53,1.67,3.28,1.06,93.67
20041103,0.7,6.5964,5.412,2.2538,0.64,24.56,28.03,21.65,79.39,1.21,2.31,0.79,93.72
20041104,5.38,5.7014,4.4419,2.2637,0.55,24.2,27.61,21.78,86.63,1.58,2.71,1.01,93.69
20041105,1.61,5.5894,3.6804,2.5908,0.54,24.18,28.06,21.87,84.46,0.89,1.58,0.55,93.68
20041106,0.01,5.4785,2.5776,2.9143,0.53,23.95,27.7,22.0,84.36,1.35,1.86,0.8,93.69
20041107,0.11,5.7367,4.3646,2.4283,0.55,23.39,26.13,21.48,85.43,1.31,1.91,0.8,93.76
20041108,1.79,5.1348,2.9801,2.521,0.5,22.07,23.11,21.09,89.08,0.52,0.98,0.32,93.79
20041109,0.88,4.7232,1.6814,2.7317,0.46,23.27,26.27,21.16,84.82,1.07,2.26,0.71,93.8
20041110,0.0,6.1601,5.3575,2.0532,0.6,24.12,27.36,21.38,78.74,1.39,1.98,0.88,93.82
20041111,0.01,6.7884,6.3175,2.0933,0.66,24.71,28.05,22.1,80.24,1.23,2.37,0.79,93.82
20041112,0.01,6.713,6.0586,2.0256,0.65,24.32,27.35,22.07,82.23,1.08,2.01,0.7,93.93
20041113,9.24,6.659,6.0005,2.0926,0.65,24.79,28.12,22.3,83.45,1.15,1.7,0.74,93.83
20041114,2.34,7.0423,6.6444,2.0647,0.68,24.71,27.88,22.31,80.71,1.48,3.16,0.95,93.75
20041115,0.7,6.7932,6.0737,2.19,0.66,24.19,27.57,21.3,78.2,1.34,2.11,0.85,93.74
20041116,0.54,6.8573,5.8354,2.2075,0.67,24.74,28.5,21.75,80.45,1.43,1.8,0.88,93.77
20041117,0.42,6.0072,5.1691,2.2622,0.58,24.72,27.37,22.35,85.0,1.34,1.78,0.81,93.77
20041118,0.12,5.3966,3.9192,2.202,0.52,25.13,28.41,22.47,80.91,1.27,1.63,0.79,93.75
20041119,0.08,4.8629,0.9919,3.1795,0.47,25.02,28.9,22.7,83.0,1.26,1.98,0.79,93.69
20041120,1.29,5.9858,4.6642,2.2085,0.58,24.51,28.15,21.37,83.03,1.14,1.84,0.69,93.63
20041121,9.54,4.1635,0.7934,2.8164,0.41,23.29,24.82,22.34,90.22,1.04,1.35,0.65,93.72
20041122,35.11,5.5094,3.2712,2.4725,0.54,24.07,27.53,22.08,84.55,1.26,1.93,0.81,93.7
20041123,21.5,4.5038,2.4866,2.2349,0.44,23.15,24.87,22.08,93.3,1.33,1.66,0.83,93.7
20041124,8.23,6.3818,5.8894,1.9934,0.62,23.62,26.47,22.12,89.94,1.28,2.43,0.8,93.7
20041125,7.32,5.3743,1.9507,3.2472,0.53,23.19,24.51,22.3,92.9,1.48,1.96,0.92,93.75
20041126,4.15,6.5093,5.7953,2.1701,0.64,23.45,26.01,21.59,88.45,1.47,2.38,0.91,93.74
20041127,3.1,5.6388,2.8478,2.7895,0.55,23.12,25.59,21.45,88.47,1.98,3.0,1.22,93.78
20041128,1.2,5.3621,2.2627,3.0528,0.52,22.7,24.69,20.9,92.94,1.28,1.75,0.78,93.7
20041129,22.1,5.7658,3.5064,2.6438,0.56,22.77,24.13,21.61,95.05,1.26,2.38,0.81,93.61
20041130,6.52,5.3234,2.5502,3.0542,0.52,23.27,26.46,21.16,88.39,0.9,1.81,0.54,93.6
20041201,2.03,5.509,2.167,3.3674,0.54,23.43,25.97,22.08,89.08,1.05,2.1,0.64,93.63
20041202,5.85,3.3821,0.1445,2.5694,0.33,23.25,25.79,21.62,89.21,1.15,1.96,0.68,93.76
20041203,2.64,5.857,4.2029,2.43,0.58,23.76,26.85,21.61,87.04,1.28,2.42,0.81,93.81
20041204,3.94,5.5937,4.5197,2.0945,0.55,23.94,26.13,22.58,88.18,1.6,2.38,0.99,93.8
20041205,3.38,5.3506,3.7951,2.4732,0.53,23.31,25.66,22.14,93.12,2.15,3.52,1.32,93.83
20041206,1.0,4.8331,2.1626,2.5589,0.48,23.47,26.34,21.83,87.7,0.96,2.19,0.61,93.9
20041207,1.11,5.4946,3.4078,2.5577,0.54,23.49,26.11,21.65,86.56,1.01,1.63,0.64,93.8
20041208,5.85,5.4125,3.6898,2.2666,0.53,23.76,26.82,21.8,87.71,1.31,1.79,0.79,93.71
20041209,22.72,5.3861,3.6955,2.3674,0.53,23.89,26.94,21.76,88.06,0.87,1.25,0.55,93.69
20041210,21.51,5.544,4.3022,2.0686,0.55,23.57,25.45,22.63,92.83,1.28,1.98,0.82,93.73
20041211,29.53,5.9232,4.9128,2.0076,0.58,23.01,24.24,22.15,91.38,1.23,1.78,0.77,93.81
20041212,9.55,5.719,4.6176,2.269,0.56,23.52,26.53,21.62,84.91,1.2,2.03,0.77,93.85
20041213,0.02,5.6902,4.3418,2.1451,0.56,23.35,25.41,21.87,83.86,1.35,2.4,0.84,93.74
20041214,1.03,4.8672,1.7746,2.9494,0.48,24.25,27.5,21.98,80.53,1.2,2.17,0.78,93.58
20041215,2.31,5.3664,3.0811,2.5603,0.53,23.37,25.14,21.75,88.42,0.86,1.33,0.53,93.58
20041216,1.67,5.922,4.7429,2.2668,0.58,24.16,27.63,22.22,85.75,1.25,2.55,0.81,93.68
20041217,6.24,6.0684,5.1907,2.1046,0.6,23.02,25.48,21.48,92.24,1.13,1.76,0.72,93.7
20041218,4.28,5.4869,3.5551,2.5651,0.54,23.39,24.82,22.1,89.77,1.01,1.84,0.66,93.72
20041219,0.81,6.2743,5.1456,2.3285,0.62,23.86,25.96,22.07,86.2,1.07,1.79,0.67,93.66
20041220,0.21,5.7804,3.7692,2.711,0.57,24.37,27.2,22.37,86.41,1.22,1.56,0.76,93.6
20041221,63.45,5.0436,2.0222,2.8877,0.5,24.28,27.26,21.93,86.02,1.32,1.84,0.82,93.57
20041222,24.86,5.5438,2.9292,2.8462,0.55,23.69,25.31,22.67,91.6,0.96,1.29,0.6,93.54
20041223,5.52,5.7744,3.4812,2.8457,0.57,23.95,26.79,22.29,89.76,1.26,1.95,0.79,93.56
20041224,8.36,4.9961,1.193,3.605,0.49,23.29,25.12,21.98,92.15,1.09,1.72,0.67,93.67
20041225,3.88,5.1732,1.6757,3.0475,0.51,23.38,26.02,21.56,87.84,1.03,1.96,0.65,93.58
20041226,5.6,4.8653,1.2638,3.281,0.48,23.44,26.42,21.69,88.31,1.32,2.81,0.82,93.51
20041227,7.19,4.386,0.8333,3.0175,0.43,23.86,26.48,22.44,86.36,1.2,2.21,0.76,93.48
20041228,34.61,5.2241,1.2547,3.7843,0.51,23.71,26.46,22.28,87.8,0.93,1.37,0.61,93.6
20041229,29.56,5.1878,3.2335,2.3102,0.51,23.86,27.02,21.96,87.33,0.85,1.5,0.56,93.6
20041230,9.73,5.0321,1.3447,3.1339,0.49,24.1,27.29,21.87,86.79,0.92,1.47,0.57,93.6
20041231,12.16,6.4896,5.8642,1.955,0.64,24.11,27.21,22.24,87.83,1.28,1.99,0.79,93.72
20050101,15.3,6.0588,4.9855,2.1732,0.59,23.37,25.2,22.32,90.91,1.0,1.33,0.62,93.69
20050102,8.2,6.145,4.627,2.292,0.6,23.39,25.0,21.73,89.18,1.01,1.54,0.64,93.69
20050103,0.69,5.2685,2.9424,2.5891,0.52,24.17,26.85,22.06,84.13,1.22,1.61,0.75,93.67
20050104,10.15,4.4249,0.6907,3.0809,0.43,23.79,25.3,22.71,90.93,0.96,1.64,0.58,93.69
20050105,26.17,4.6829,1.8758,2.525,0.46,23.4,25.12,22.09,91.87,1.12,1.56,0.7,93.7
20050106,8.87,4.523,0.7673,3.2357,0.44,23.31,25.49,21.81,89.24,1.5,2.48,0.95,93.71
20050107,12.02,4.6908,1.5113,2.964,0.46,23.65,26.39,22.06,87.4,1.32,1.86,0.81,93.71
20050108,7.37,5.1643,2.479,2.8008,0.51,23.1,24.96,22.01,91.04,1.35,1.92,0.83,93.67
20050109,11.36,5.2378,2.6378,2.7511,0.51,23.89,27.42,21.33,86.06,0.95,1.74,0.65,93.64
20050110,5.07,4.2302,0.4834,2.977,0.41,23.49,26.69,21.12,86.62,1.08,1.55,0.66,93.72
20050111,20.78,5.4626,2.7722,2.7281,0.53,22.94,24.06,22.04,92.59,1.17,1.95,0.73,93.75
20050112,4.85,4.9046,2.5577,2.4228,0.48,23.41,26.6,21.9,88.7,1.23,2.28,0.76,93.78
20050113,9.33,5.3966,3.491,2.4463,0.53,23.46,26.2,21.48,86.56,1.08,1.77,0.66,93.7
20050114,1.12,6.0185,4.3027,2.4638,0.59,24.42,27.5,22.03,82.47,1.29,1.95,0.81,93.65
20050115,0.77,5.4876,2.3189,3.3415,0.53,24.72,28.0,22.41,84.76,1.09,1.73,0.67,93.58
20050116,29.89,5.741,2.4773,3.0914,0.56,23.13,24.75,21.87,87.81,0.72,1.53,0.44,93.78
20050117,51.22,3.8196,0.5023,2.6784,0.37,22.55,24.18,21.56,87.89,1.02,1.7,0.6,93.85
20050118,12.13,3.8664,0.5952,2.7005,0.38,23.31,25.6,21.42,88.08,0.86,1.49,0.52,93.84
20050119,27.09,5.0743,1.6176,3.0434,0.49,23.35,25.35,22.06,90.24,0.74,1.15,0.48,93.84
20050120,2.96,4.4904,0.4608,3.269,0.43,23.86,26.44,21.86,85.0,0.97,1.71,0.59,93.9
20050121,0.79,6.3401,4.4957,2.681,0.61,23.89,27.3,21.37,80.55,1.21,2.21,0.76,94.0
20050122,3.56,5.7991,3.731,2.509,0.56,22.66,24.43,20.9,88.06,1.02,2.46,0.65,93.99
20050123,1.71,6.2066,3.5657,3.2498,0.6,22.9,25.73,21.0,83.77,1.31,2.04,0.83,93.92
20050124,38.59,5.0215,1.3505,2.9657,0.48,22.79,24.56,21.5,88.46,1.43,1.93,0.88,93.85
20050125,7.93,6.1819,4.3867,2.3316,0.6,23.93,27.06,21.96,81.75,1.25,1.98,0.79,93.71
20050126,0.71,6.5314,5.6566,2.0546,0.63,24.06,26.61,22.65,83.31,1.19,1.67,0.74,93.57
20050127,2.82,5.9146,4.2898,2.6071,0.57,23.79,25.39,22.45,87.14,1.44,1.89,0.89,93.5
20050128,13.61,4.7119,1.1143,3.0283,0.45,23.29,24.65,22.3,92.58,1.14,1.75,0.73,93.57
20050129,45.14,5.563,2.4648,2.8464,0.53,23.62,26.08,22.19,85.92,0.91,1.4,0.57,93.67
20050130,32.76,5.7401,3.3367,2.7617,0.55,23.46,24.82,22.45,89.99,1.17,2.21,0.7,93.63
20050131,2.3,4.0346,0.8124,2.3995,0.39,23.2,24.45,22.15,91.14,1.3,1.96,0.78,93.67
20050201,8.07,4.3944,0.7613,2.9393,0.42,23.59,27.1,21.26,84.81,0.94,1.76,0.58,93.69
20050202,1.6,5.5152,2.0122,3.139,0.53,23.24,26.3,21.14,87.51,0.91,1.3,0.53,93.73
20050203,2.77,5.2159,1.3786,3.2885,0.5,22.74,25.4,20.86,86.14,1.06,1.78,0.64,93.79
20050204,0.35,3.4373,0.2916,2.4559,0.33,22.97,26.29,20.87,84.54,1.26,2.03,0.77,93.8
20050205,0.87,5.1955,1.1549,3.3742,0.5,23.61,27.02,20.52,85.1,1.2,1.83,0.71,93.72
20050206,1.67,5.5157,3.1879,2.5159,0.53,22.83,24.92,21.36,91.65,1.25,1.97,0.77,93.83
20050207,0.44,5.5853,2.6904,2.7682,0.53,22.59,23.68,21.71,93.25,1.41,1.98,0.88,93.98
20050208,1.21,5.7127,2.5342,2.8723,0.54,23.38,25.72,21.45,84.64,1.04,1.65,0.63,93.94
20050209,3.3,5.0086,1.6778,2.9112,0.48,22.78,24.13,21.3,92.75,0.89,1.42,0.54,93.91
20050210,9.54,4.8463,1.9202,2.6743,0.46,23.18,25.13,21.72,92.08,1.69,2.46,1.04,93.97
20050211,3.57,5.9328,3.9173,2.4622,0.56,23.9,26.97,21.08,84.24,1.1,1.71,0.71,93.97
20050212,22.27,4.6464,0.8165,3.0046,0.44,22.94,23.72,22.05,89.32,1.1,2.4,0.67,93.94
20050213,8.16,4.5862,1.1594,2.8582,0.44,23.37,26.51,21.46,86.05,1.21,2.47,0.78,93.87
20050214,14.03,5.0926,1.9642,2.6794,0.48,22.88,24.28,21.97,93.19,1.38,2.58,0.85,93.84
20050215,15.07,5.7271,3.199,2.7067,0.54,23.06,25.05,21.85,91.18,1.26,1.52,0.78,93.88
20050216,6.03,5.3964,3.1006,2.6083,0.51,23.2,24.66,22.01,92.46,0.75,2.02,0.46,93.77
20050217,5.39,4.2499,0.7454,2.7031,0.4,22.89,24.48,21.51,94.06,0.84,1.47,0.52,93.79
20050218,4.5,6.043,4.5055,2.3107,0.57,23.31,25.46,21.49,92.02,0.9,1.57,0.56,93.81
20050219,9.54,5.911,3.5899,2.7974,0.56,23.18,24.81,22.0,92.6,0.96,1.52,0.57,93.85
20050220,4.76,4.525,1.2982,2.6623,0.43,23.8,26.07,22.27,92.0,1.78,2.91,1.09,93.81
20050221,2.45,5.3774,2.3287,2.8901,0.51,23.39,24.67,22.43,94.31,1.42,2.11,0.87,93.85
20050222,4.36,5.3779,2.7444,2.5663,0.51,23.75,27.26,21.71,89.44,1.52,2.58,0.93,93.96
20050223,2.17,5.5238,3.3485,2.5298,0.52,24.07,26.66,22.32,90.0,1.53,2.32,0.98,93.86
20050224,2.09,4.807,1.4971,2.8577,0.45,23.44,25.47,22.2,90.75,1.06,2.08,0.68,93.84
20050225,1.97,5.9707,4.471,2.2831,0.56,23.95,27.04,21.79,88.13,1.27,1.98,0.8,93.86
20050226,3.45,6.0055,4.4381,2.2296,0.57,24.43,27.42,22.22,85.42,1.06,1.49,0.68,93.9
20050227,3.23,5.7377,3.2602,2.64,0.54,23.46,25.13,22.4,93.07,1.25,2.89,0.79,93.86
20050228,0.79,5.2589,2.6359,2.7377,0.5,22.83,24.79,21.22,91.76,0.94,2.08,0.61,93.81
20050301,4.17,4.4035,0.7178,2.8704,0.42,22.61,24.66,21.11,89.67,1.05,1.45,0.65,93.94
20050302,3.98,3.9919,1.3514,2.6021,0.38,23.96,27.08,21.65,85.42,1.14,1.8,0.71,94.01
20050303,4.57,6.6624,5.7175,1.9594,0.63,23.9,26.22,22.28,88.82,0.8,1.34,0.51,94.01
20050304,9.89,6.295,4.0591,2.5896,0.6,24.33,27.65,22.27,82.07,1.05,1.71,0.65,94.08
20050305,17.77,6.6334,4.9164,2.3122,0.63,24.37,27.96,21.05,78.99,1.06,1.9,0.66,94.17
20050306,8.37,7.3781,7.3457,1.6296,0.7,23.98,27.78,20.64,83.74,1.32,1.71,0.82,94.1
20050307,0.73,7.2898,6.991,1.8137,0.69,23.86,26.92,21.81,75.19,0.95,1.45,0.62,94.13
20050308,0.0,6.7409,5.9722,1.9238,0.64,24.33,27.86,21.0,77.54,1.27,1.73,0.78,94.08
20050309,52.1,6.6091,5.9335,1.8732,0.63,24.33,26.79,22.22,85.95,0.93,1.32,0.6,93.97
20050310,53.82,6.1318,4.5914,2.1833,0.58,23.51,25.84,21.94,89.62,0.99,1.79,0.61,93.93
20050311,19.58,5.9554,3.9274,2.4461,0.56,23.85,25.47,22.49,89.44,1.5,2.25,0.92,93.86
20050312,0.75,6.4908,5.4948,2.0815,0.62,24.12,26.94,22.3,86.79,1.46,2.89,0.9,93.82
20050313,8.1,6.7726,5.7638,2.0568,0.64,24.58,27.54,22.35,86.99,1.39,1.89,0.88,93.75
20050314,32.45,5.9203,3.8894,2.3472,0.56,23.86,26.64,21.74,88.03,1.37,1.99,0.84,93.74
20050315,5.65,6.4728,5.1972,2.1922,0.62,23.72,27.24,20.35,84.64,1.18,1.93,0.73,93.8
20050316,0.34,6.0931,3.8429,2.5541,0.58,23.71,25.46,22.72,87.65,1.09,1.74,0.75,93.79
20050317,0.08,6.263,5.2464,1.9663,0.6,24.7,27.71,22.54,81.89,1.21,2.0,0.76,93.66
20050318,0.42,6.4632,5.4881,1.956,0.62,24.58,26.98,22.7,87.68,1.08,1.38,0.7,93.62
20050319,4.49,4.021,0.2242,2.995,0.38,23.96,25.8,22.78,87.76,0.73,1.27,0.43,93.69
20050320,4.72,6.1128,4.4213,2.3014,0.58,23.98,25.93,22.28,89.77,1.56,1.87,1.0,93.69
20050321,5.17,4.3584,0.3226,3.2378,0.42,23.16,24.71,21.83,91.41,1.18,1.62,0.74,93.69
20050322,3.38,5.3594,3.2995,2.2884,0.51,23.74,26.99,21.51,87.03,1.24,1.73,0.79,93.61
20050323,2.02,4.5187,1.007,2.7346,0.43,23.42,24.92,22.19,92.95,1.89,2.65,1.13,93.66
20050324,35.28,5.5188,3.079,2.4715,0.53,23.24,24.9,21.49,89.39,1.07,1.31,0.67,93.75
20050325,59.28,3.6792,0.1486,2.7612,0.35,22.61,23.26,21.9,90.63,0.84,1.73,0.55,93.82
20050326,12.16,5.6261,3.696,2.2757,0.54,24.21,27.49,21.84,85.17,1.31,2.37,0.88,93.74
20050327,9.94,5.73,2.8884,2.8219,0.55,23.88,26.86,21.94,89.3,1.15,1.72,0.74,93.71
20050328,19.57,5.6599,3.2155,2.6184,0.55,23.56,25.77,22.15,89.77,1.55,2.29,0.96,93.76
20050329,8.15,4.9471,0.901,3.4812,0.48,23.36,25.86,21.49,91.09,1.15,1.51,0.73,93.71
20050330,22.55,4.291,1.7561,2.5075,0.42,23.75,26.16,21.65,89.22,0.94,1.21,0.61,93.6
20050331,26.46,5.7533,2.9143,2.7686,0.56,24.21,26.46,22.46,89.64,1.13,2.07,0.74,93.53
20050401,29.84,4.3603,0.612,3.042,0.42,23.63,25.0,22.78,93.0,1.45,2.07,0.92,93.61
20050402,111.76,4.5466,2.1461,2.2728,0.44,23.07,24.31,22.16,94.99,1.53,2.42,0.95,93.66
20050403,93.69,4.5367,0.5426,3.083,0.44,22.9,24.32,21.86,92.26,1.44,1.89,0.89,93.76
20050404,23.87,4.1887,0.4447,2.9726,0.41,23.38,25.23,22.2,94.08,1.34,2.17,0.81,93.72
20050405,26.55,5.3076,2.8654,2.4794,0.52,23.78,26.25,22.05,90.63,0.98,1.73,0.58,93.72
20050406,32.61,3.7265,0.7774,2.6676,0.36,23.12,25.15,21.72,92.91,1.16,1.81,0.73,93.69
20050407,4.53,5.4898,1.5002,3.3134,0.54,23.2,25.5,21.91,90.7,0.92,1.45,0.61,93.72
20050408,3.91,3.9564,0.6739,2.7271,0.39,23.34,25.48,21.71,88.88,0.71,1.19,0.44,93.83
20050409,0.72,6.5378,5.6237,2.1794,0.64,23.95,27.08,21.83,84.09,0.69,1.19,0.42,93.9
20050410,5.83,4.4611,1.932,2.5579,0.44,23.23,26.64,21.35,85.03,1.11,1.51,0.69,93.93
20050411,0.86,3.7236,0.197,2.6834,0.37,23.23,26.53,20.83,81.02,0.9,1.47,0.56,93.91
20050412,0.2,5.2762,2.6623,2.8402,0.52,24.16,27.64,21.64,82.08,1.01,1.6,0.63,93.86
20050413,1.02,4.092,0.3521,2.9741,0.41,23.46,25.75,21.85,83.83,0.66,1.43,0.37,93.95
20050414,6.89,4.7774,1.1148,3.204,0.47,23.4,25.91,21.26,84.1,0.81,1.44,0.47,94.01
20050415,14.26,4.2869,1.4393,2.3906,0.43,23.32,26.34,20.62,82.88,1.16,1.67,0.73,94.0
20050416,6.88,5.28,3.781,2.0993,0.53,23.99,27.08,21.93,86.26,1.24,2.1,0.79,93.88
20050417,1.52,4.7962,2.5214,2.4103,0.48,22.67,24.14,21.58,92.52,1.66,2.4,1.0,93.9
20050418,12.64,3.4663,0.7186,2.1919,0.35,22.63,24.88,21.25,92.53,1.16,2.36,0.76,93.97
20050419,13.67,4.8226,2.8174,2.2375,0.48,22.9,25.53,21.2,85.86,1.07,1.96,0.7,94.04
20050420,15.87,4.656,1.9313,2.5094,0.47,23.29,26.79,20.47,86.18,1.7,2.54,1.08,93.99
20050421,11.04,3.9624,1.5662,2.3398,0.4,23.41,26.31,21.47,90.55,1.68,2.73,1.05,93.87
20050422,7.59,4.6049,1.2874,2.6873,0.47,23.17,25.24,21.4,92.01,1.44,1.99,0.91,93.86
20050423,5.2,2.4336,0.4898,1.6378,0.25,23.45,25.81,21.91,91.27,1.98,2.93,1.24,93.91
20050424,2.64,5.7629,4.9788,1.895,0.59,23.68,27.05,20.77,87.01,1.42,2.34,0.92,93.88
20050425,3.84,5.2903,3.4932,2.4346,0.54,23.66,25.65,22.24,89.95,1.35,2.56,0.86,93.87
20050426,5.05,4.5994,2.0239,2.4514,0.47,23.58,25.62,22.17,91.31,1.17,2.32,0.73,93.84
20050427,3.86,5.6258,4.8785,1.9939,0.58,24.07,27.41,21.95,89.15,1.14,1.5,0.71,93.85
20050428,25.58,6.0413,5.1617,2.4346,0.62,24.24,27.61,21.3,88.16,1.64,2.17,0.99,93.82
20050429,8.58,5.7917,3.8952,2.455,0.6,23.66,25.82,22.16,89.02,1.23,1.63,0.74,93.8
20050430,4.68,5.6669,4.0788,2.4566,0.58,23.97,27.19,21.3,86.11,1.5,1.86,0.91,93.71
20050501,5.11,4.7887,3.8988,1.9351,0.49,24.0,27.28,21.59,88.6,1.7,2.55,1.04,93.6
20050502,11.49,4.915,1.6762,2.8891,0.51,24.46,27.68,21.61,87.01,1.62,2.12,1.01,93.67
20050503,15.25,4.5646,2.9933,2.1238,0.47,24.51,27.63,22.63,89.98,1.65,2.58,1.04,93.64
20050504,21.24,3.8501,0.7524,2.5603,0.4,24.22,27.5,21.87,88.59,1.58,2.41,0.97,93.59
20050505,14.28,5.1168,3.0082,2.6736,0.53,23.93,26.82,21.69,89.77,1.64,2.61,1.03,93.56
20050506,32.31,5.1898,2.9906,2.627,0.54,23.88,25.71,22.35,93.22,1.35,1.92,0.86,93.59
20050507,25.94,3.7327,0.5825,2.591,0.39,23.13,24.16,22.2,93.29,1.19,1.67,0.71,93.74
20050508,1.61,4.302,1.195,2.574,0.45,23.51,25.82,21.92,88.9,1.2,2.2,0.75,93.73
20050509,37.05,3.3876,0.3322,2.4576,0.36,23.54,26.58,21.37,89.55,1.36,2.14,0.86,93.71
20050510,28.08,4.9279,3.1966,2.165,0.52,23.31,26.08,21.19,91.93,1.59,2.38,1.0,93.76
20050511,9.66,3.4022,0.486,2.3782,0.36,23.06,24.74,22.11,92.55,1.14,2.06,0.74,93.8
20050512,17.45,3.6648,0.6218,2.4139,0.39,22.71,24.31,21.37,93.63,1.24,1.73,0.81,93.83
20050513,10.72,4.5262,2.747,2.1053,0.48,22.77,25.15,21.33,92.41,1.21,1.92,0.76,93.78
20050514,12.56,4.6483,1.2991,2.8937,0.49,22.91,25.04,21.62,90.61,1.34,2.15,0.82,93.84
20050515,3.83,3.8717,0.6938,2.6964,0.41,23.25,26.71,20.73,89.81,1.34,2.38,0.83,93.88
20050516,0.46,2.7641,0.845,1.7023,0.3,22.53,25.15,21.36,85.39,1.17,2.63,0.76,93.98
20050517,3.07,4.6913,3.54,2.0928,0.5,22.95,25.73,21.01,86.64,1.51,2.41,0.99,93.9
20050518,2.59,3.7164,1.1537,2.1094,0.4,22.21,24.07,20.98,92.43,1.88,2.92,1.19,93.92
20050519,0.29,4.1143,3.1445,1.9058,0.44,23.06,26.6,20.35,87.09,1.37,2.33,0.86,93.86
20050520,43.52,4.0025,2.1931,2.1377,0.43,23.26,26.33,21.02,88.73,1.49,2.38,0.92,93.79
20050521,5.73,5.2673,4.4909,1.9944,0.57,23.25,26.81,20.25,87.83,1.59,1.88,0.97,93.8
20050522,1.05,3.9307,2.3038,2.2145,0.42,23.36,26.81,20.15,86.63,1.47,1.79,0.89,93.85
20050523,5.42,3.8081,1.829,2.148,0.41,23.34,26.06,21.46,88.55,1.59,2.4,0.98,93.86
20050524,21.98,5.6899,5.8303,1.6085,0.62,23.37,25.88,21.6,88.07,1.26,1.49,0.77,93.85
20050525,20.83,4.261,1.4412,2.5906,0.46,23.36,26.14,21.59,89.64,1.42,2.11,0.88,93.78
20050526,13.32,3.5568,0.8614,2.1732,0.39,22.51,25.26,20.58,91.8,1.44,1.92,0.88,93.8
20050527,3.33,4.3606,2.161,2.3645,0.48,22.69,25.54,21.02,90.03,1.15,1.85,0.72,93.76
20050528,52.7,3.5666,0.6154,2.3887,0.39,21.96,24.55,20.22,91.49,1.39,1.98,0.85,93.79
20050529,17.91,3.7121,1.2492,2.2094,0.41,22.31,23.64,21.29,93.12,0.86,1.82,0.52,93.81
20050530,2.71,2.5526,0.7416,1.795,0.28,22.85,25.36,21.15,88.85,1.69,2.74,1.04,93.79
20050531,10.13,3.7342,1.5854,2.2212,0.41,22.85,26.05,20.62,89.9,1.46,2.15,0.9,93.78
20050601,28.2,3.888,1.9195,2.1221,0.43,22.97,26.08,20.81,90.03,1.68,2.21,1.04,93.74
20050602,18.53,3.6648,2.5423,2.0786,0.4,22.81,25.46,20.44,90.92,1.63,2.39,1.03,93.77
20050603,28.95,4.4611,2.4562,2.3774,0.49,22.84,25.24,21.54,91.97,1.15,2.58,0.76,93.71
20050604,4.98,4.9922,4.1604,1.9361,0.55,22.87,25.35,21.05,89.34,1.15,1.66,0.7,93.71
20050605,0.38,4.7813,3.5582,2.0638,0.53,23.19,25.8,21.0,88.92,1.38,2.21,0.86,93.65
20050606,0.02,5.3904,4.2574,2.2385,0.6,23.23,26.74,20.15,84.29,1.48,1.96,0.9,93.74
20050607,1.79,5.615,5.0736,1.7148,0.62,23.39,26.55,20.78,82.06,1.26,1.73,0.77,93.76
20050608,20.6,3.8659,2.2147,2.0498,0.43,23.11,24.94,21.75,87.79,1.14,2.18,0.67,93.72
20050609,7.33,4.4059,2.3909,2.3148,0.49,22.96,24.99,21.76,89.77,1.42,2.27,0.88,93.75
20050610,0.29,4.1724,2.0033,2.4612,0.46,23.26,25.71,21.76,89.96,1.27,1.55,0.8,93.73
20050611,46.82,5.2769,5.2066,1.6632,0.59,23.83,26.72,21.63,83.05,1.18,1.51,0.74,93.68
20050612,26.18,5.1842,4.5588,1.8794,0.58,23.81,26.71,21.68,89.17,1.47,1.84,0.91,93.7
20050613,0.04,5.507,5.2517,1.8118,0.61,24.27,27.2,22.34,86.51,1.29,1.86,0.78,93.65
20050614,1.54,3.8201,1.59,2.4053,0.43,24.09,27.17,22.22,87.25,1.32,2.27,0.86,93.59
20050615,0.44,3.6749,1.0356,2.5214,0.41,23.02,25.52,21.22,85.68,1.22,1.77,0.76,93.65
20050616,0.0,5.171,4.674,1.7765,0.58,23.79,26.82,21.72,84.69,0.95,1.52,0.6,93.67
20050617,0.3,4.3754,1.4491,2.5349,0.49,23.36,25.24,21.84,90.11,1.66,2.59,1.01,93.69
20050618,6.65,4.9282,4.4575,1.8134,0.55,23.38,26.08,20.8,87.57,1.35,1.64,0.79,93.68
20050619,12.64,5.5421,4.9279,2.1257,0.62,24.11,26.99,21.96,88.94,1.47,2.12,0.93,93.62
20050620,4.46,4.0646,1.8914,2.4454,0.45,23.94,26.76,21.52,88.83,1.1,1.59,0.68,93.7
20050621,20.6,4.4256,3.8556,1.7878,0.49,23.53,25.37,22.16,91.51,1.14,1.64,0.68,93.77
20050622,13.82,4.9392,3.3662,2.1487,0.55,23.02,25.48,21.02,87.09,1.31,1.74,0.82,93.88
20050623,3.76,4.8398,4.0834,1.9046,0.54,22.74,24.8,21.06,87.2,1.07,1.57,0.7,93.92
20050624,14.76,5.269,5.0258,1.8228,0.59,23.16,26.24,21.16,86.39,1.01,1.86,0.66,93.93
20050625,24.95,2.489,0.1111,1.919,0.28,22.51,24.33,21.21,83.62,1.21,1.46,0.77,94.01
20050626,0.07,6.0662,6.7099,1.3723,0.68,22.81,26.16,20.24,80.44,1.21,1.85,0.78,93.98
20050627,0.0,5.7257,5.5433,1.8091,0.64,22.97,26.15,20.48,85.54,1.49,2.6,0.95,93.93
20050628,0.02,5.3839,4.8619,1.8024,0.6,22.92,26.08,20.44,82.31,1.14,2.26,0.71,93.9
20050629,0.47,4.4741,2.8747,2.1926,0.5,23.19,26.37,20.99,85.51,1.06,2.34,0.7,93.86
20050630,0.06,5.087,4.0493,2.2896,0.57,23.35,26.85,20.79,85.11,1.48,2.11,0.94,93.87
20050701,5.76,4.9267,4.1438,1.8214,0.55,23.0,25.96,21.01,89.21,1.88,2.79,1.18,93.92
20050702,10.66,3.6991,2.1461,2.3477,0.41,22.7,24.51,21.2,93.9,1.61,2.48,1.02,93.91
20050703,14.51,4.549,2.2438,2.4382,0.51,22.08,23.17,21.14,93.94,1.61,2.66,0.99,93.89
20050704,5.83,5.1214,4.0207,2.111,0.57,22.59,24.5,21.05,88.3,1.06,1.6,0.65,93.8
20050705,2.55,5.1682,3.6986,2.3952,0.57,23.12,26.51,20.36,86.08,1.36,1.64,0.86,93.79
20050706,2.26,4.656,2.3038,2.5349,0.52,22.48,23.88,21.61,92.46,0.96,2.48,0.62,93.84
20050707,22.83,4.2566,2.2224,2.1631,0.47,23.02,25.81,21.36,88.5,1.02,1.56,0.63,93.89
20050708,11.64,4.7736,3.905,1.9721,0.53,23.16,26.0,21.35,92.83,1.58,2.17,0.95,93.81
20050709,34.17,4.9862,2.7542,2.539,0.55,22.21,23.33,21.28,94.18,1.45,2.41,0.85,93.9
20050710,13.97,4.9855,3.3449,2.2514,0.55,22.32,24.7,20.95,91.76,1.47,2.06,0.9,93.98
20050711,2.28,5.6458,5.9198,1.4741,0.62,22.54,24.85,20.69,89.16,1.07,1.4,0.68,93.94
20050712,54.05,4.6428,3.1718,2.1583,0.51,23.51,26.14,21.37,87.44,1.06,1.69,0.66,93.86
20050713,10.38,4.2773,2.4305,2.1857,0.47,23.16,25.96,21.42,89.1,1.38,2.17,0.84,93.87
20050714,2.56,4.6733,3.6811,1.8991,0.51,23.59,26.43,21.51,86.45,1.24,1.91,0.79,93.88
20050715,41.83,4.2598,2.8507,2.094,0.47,23.32,26.37,21.13,89.06,1.51,2.43,0.94,93.82
20050716,15.0,3.9907,2.6916,1.9985,0.44,22.93,25.93,21.15,86.92,1.21,1.59,0.75,93.77
20050717,0.26,5.683,4.9346,2.3993,0.62,22.32,25.35,20.12,84.12,1.31,1.93,0.81,93.81
20050718,4.84,4.2175,3.5465,1.65,0.46,22.47,25.29,20.11,86.01,1.24,1.73,0.79,93.88
20050719,0.57,3.6686,2.49,1.9891,0.4,22.24,25.46,19.62,86.49,1.45,2.08,0.9,93.95
20050720,0.49,3.8849,0.8083,2.5181,0.42,22.58,24.79,20.78,85.92,1.48,2.04,0.92,93.91
20050721,0.3,4.6848,4.1609,1.8353,0.51,22.56,25.32,20.88,88.76,1.47,3.02,0.95,93.81
20050722,1.75,2.8802,1.867,1.7664,0.31,21.91,23.7,20.68,91.25,1.69,2.51,1.05,93.83
20050723,1.55,2.4422,0.6576,1.5626,0.26,22.03,23.9,20.96,89.47,1.68,2.67,1.04,93.82
20050724,0.57,3.0943,2.1485,2.015,0.34,22.2,24.44,20.76,89.67,1.73,2.51,1.09,93.78
20050725,4.24,2.8169,1.2391,1.9265,0.3,21.89,23.78,20.83,90.66,1.53,2.35,0.96,93.88
20050726,2.57,3.5558,2.2778,1.8209,0.38,22.4,25.63,20.21,87.33,1.33,2.32,0.84,93.89
20050727,1.28,4.2259,2.4252,2.2109,0.46,22.18,24.19,21.04,89.99,1.62,3.71,1.03,93.85
20050728,1.46,4.2977,2.5277,2.1838,0.46,22.8,26.06,20.66,86.08,1.21,1.92,0.76,93.79
20050729,0.41,3.9814,3.3749,1.715,0.43,22.03,24.07,20.78,91.02,1.46,2.85,0.89,93.8
20050730,0.2,4.3498,3.2638,1.8823,0.47,22.78,26.02,20.03,86.35,1.33,1.92,0.82,93.78
20050731,4.1,4.3831,3.6286,1.6174,0.47,22.61,24.79,21.15,92.39,1.53,1.91,0.92,93.77
20050801,1.86,4.3301,3.0667,1.8619,0.46,22.07,23.75,21.2,92.26,1.46,2.23,0.92,93.89
20050802,0.76,5.2346,4.3121,1.8994,0.56,22.51,25.4,19.89,85.51,1.35,2.44,0.84,93.9
20050803,8.32,4.775,4.0198,1.829,0.51,22.04,24.3,20.21,91.19,1.6,2.29,0.99,93.94
20050804,3.65,4.7683,3.2909,2.0208,0.51,22.64,25.16,20.69,90.15,1.63,1.94,0.99,93.95
20050805,7.67,5.0585,4.4429,1.7465,0.54,22.33,24.08,21.23,91.81,1.69,2.3,1.05,93.87
20050806,5.79,4.0157,2.8289,1.8418,0.42,22.19,24.31,21.11,92.81,1.23,1.77,0.78,93.88
20050807,11.96,4.0517,2.7878,1.8727,0.43,22.64,25.25,20.93,90.69,1.3,1.7,0.81,93.85
20050808,6.3,3.5131,1.9279,1.8144,0.37,22.38,24.1,21.2,91.71,1.69,2.44,1.02,93.91
20050809,3.84,5.3177,4.8648,1.6822,0.56,23.32,26.97,20.44,86.53,1.49,1.92,0.95,93.88
20050810,6.25,4.819,4.1398,1.6745,0.5,22.2,24.63,20.89,90.44,1.28,1.57,0.77,93.91
20050811,1.42,4.8905,4.14,1.7998,0.51,22.79,25.81,20.69,85.91,1.35,2.24,0.83,93.92
20050812,0.0,5.833,4.1741,2.4166,0.61,22.87,25.95,20.67,83.53,1.37,2.75,0.86,93.97
20050813,0.0,5.9902,5.627,1.733,0.62,22.33,25.98,18.98,80.23,1.62,2.19,1.0,94.03
20050814,0.0,4.9034,2.6777,2.4962,0.51,22.7,26.11,19.43,82.47,1.53,1.94,0.96,94.03
20050815,5.82,5.3885,4.4477,2.0095,0.56,22.85,25.84,20.29,85.98,1.58,1.9,0.98,93.83
20050816,6.27,5.1835,4.3306,2.0525,0.54,22.8,25.84,20.73,90.25,1.53,2.08,0.96,93.84
20050817,0.25,5.226,4.7599,1.7549,0.54,23.04,26.28,20.57,85.21,1.6,2.2,0.98,93.92
20050818,5.69,5.7437,4.7429,2.0165,0.59,22.33,25.08,20.0,87.15,1.4,1.68,0.84,94.05
20050819,2.08,4.2307,0.949,2.5978,0.43,22.62,25.46,20.7,87.33,1.56,2.39,0.95,93.99
20050820,5.14,5.2342,2.7298,2.5613,0.54,22.67,25.64,20.31,86.63,1.58,2.12,0.98,93.85
20050821,2.2,5.5853,4.6586,1.8307,0.57,22.73,26.22,21.02,88.46,1.37,3.16,0.88,93.86
20050822,0.33,4.441,2.7211,2.095,0.45,22.59,26.1,19.9,87.32,1.53,2.86,1.0,93.92
20050823,3.63,3.8422,2.8214,1.7784,0.39,22.42,25.21,20.51,88.0,1.92,3.22,1.24,93.87
20050824,1.77,4.7249,2.3803,2.4859,0.48,22.79,26.06,20.24,87.57,1.88,2.55,1.18,93.78
20050825,3.66,2.8934,0.5078,1.9536,0.29,22.25,23.91,21.02,88.71,1.78,3.22,1.11,93.85
20050826,0.56,5.5949,4.9601,1.8833,0.57,22.94,26.54,20.29,85.88,1.6,2.28,1.0,93.87
20050827,0.84,5.3414,3.6103,2.2114,0.54,23.3,26.98,20.6,83.59,1.35,2.31,0.86,93.84
20050828,14.48,3.8198,1.2516,2.334,0.39,23.22,26.47,20.92,88.49,1.48,2.47,0.91,93.81
20050829,4.97,5.1593,3.3823,2.4254,0.52,23.07,26.46,20.83,87.3,1.75,3.23,1.1,93.78
20050830,12.94,5.2524,3.359,2.2802,0.53,23.01,26.33,20.66,86.14,1.23,2.16,0.75,93.7
20050831,2.18,4.9073,4.409,1.7719,0.49,23.14,26.81,20.08,86.06,1.53,1.88,0.94,93.59
20050901,34.38,5.0681,2.8361,2.4247,0.51,23.41,27.02,20.55,87.86,1.71,2.51,1.04,93.61
20050902,4.9,5.8406,5.183,1.8895,0.58,22.98,26.63,20.29,87.58,1.75,2.72,1.1,93.69
20050903,0.0,5.315,3.9478,2.3525,0.53,23.21,26.76,20.78,84.65,1.58,2.78,1.0,93.68
20050904,0.77,5.352,4.1671,1.9178,0.53,23.42,27.12,20.53,82.34,1.39,1.86,0.87,93.64
20050905,0.13,5.6947,4.2012,2.2138,0.57,23.84,27.63,20.81,83.86,1.47,2.1,0.92,93.65
20050906,4.64,6.0854,4.7434,2.2438,0.6,23.99,27.23,21.47,87.19,1.61,2.03,0.99,93.67
20050907,0.69,6.4954,5.9791,1.9613,0.64,23.81,27.1,21.66,83.22,1.46,2.14,0.91,93.78
20050908,0.03,6.7735,5.9544,1.9956,0.67,23.1,26.49,20.52,82.91,1.7,2.58,1.08,93.89
20050909,0.01,6.9134,6.7102,1.7544,0.68,22.78,26.47,19.64,78.38,1.11,1.91,0.72,93.92
20050910,12.23,5.5054,2.7262,3.3473,0.54,22.84,25.65,20.84,84.51,1.25,1.74,0.8,93.82
20050911,17.95,4.4434,1.4513,2.5397,0.44,22.37,23.98,20.98,91.54,1.85,2.8,1.15,93.72
20050912,2.43,4.9308,3.1214,2.1864,0.48,23.33,26.4,21.16,85.69,1.37,2.15,0.89,93.73
20050913,5.45,3.1867,0.8734,1.8845,0.31,22.44,23.59,21.27,92.0,1.68,3.35,1.06,93.88
20050914,1.22,6.305,5.3933,2.0304,0.62,23.27,26.83,20.35,85.11,1.38,2.31,0.89,93.93
20050915,1.92,6.5578,5.6885,2.0746,0.64,23.75,27.04,21.67,84.08,1.34,2.0,0.84,93.91
20050916,0.5,7.0658,6.8165,1.6858,0.69,23.41,27.13,20.68,83.09,1.33,1.97,0.85,93.93
20050917,0.02,6.9427,6.7498,1.8713,0.68,23.41,26.7,20.88,80.4,1.21,2.0,0.77,93.98
20050918,0.13,6.5532,5.6923,2.0314,0.64,23.73,27.2,20.86,81.32,1.36,2.0,0.87,94.05
20050919,0.6,6.1219,4.6354,2.3837,0.6,23.5,26.66,21.22,86.32,1.71,2.56,1.03,94.01
20050920,0.28,5.9299,5.0974,1.9946,0.58,23.7,26.69,21.71,85.65,1.76,2.59,1.1,94.03
20050921,0.83,6.4706,5.743,2.0652,0.63,23.75,27.43,21.51,85.17,1.61,1.91,0.98,94.05
20050922,0.59,5.9885,4.0982,2.364,0.58,23.64,26.8,21.31,85.85,1.54,2.21,0.95,94.04
20050923,0.19,4.7066,1.621,2.7154,0.46,23.4,26.35,21.53,83.77,1.16,1.81,0.72,94.03
20050924,1.3,4.0999,0.8374,2.5572,0.4,22.8,25.99,19.86,80.34,1.35,1.83,0.85,93.94
20050925,38.73,5.6472,4.1652,2.0988,0.55,22.71,25.11,20.8,90.79,1.15,2.04,0.73,93.8
20050926,20.63,5.269,2.0894,2.8956,0.51,23.11,25.55,21.77,87.99,1.52,2.49,0.94,93.83
20050927,0.06,6.9547,6.851,1.6838,0.67,23.87,27.17,20.98,81.69,1.26,1.84,0.82,93.93
20050928,7.27,6.0715,5.1953,1.9135,0.59,23.66,26.89,21.56,86.4,1.82,2.45,1.14,93.9
20050929,2.75,5.9047,4.4496,2.1475,0.57,22.87,25.18,20.97,89.53,2.14,3.06,1.31,93.88
20050930,0.06,5.9088,4.5526,2.3614,0.57,23.22,26.6,20.51,83.6,1.74,2.39,1.07,93.97
20051001,0.01,5.5224,4.6786,2.2975,0.53,23.38,26.82,20.57,82.46,1.83,2.88,1.16,93.93
20051002,2.22,5.9758,3.4548,2.8044,0.58,23.49,27.3,20.43,83.91,1.47,2.57,0.96,93.82
20051003,0.56,5.5889,2.929,2.7636,0.54,23.23,25.99,21.43,86.36,1.56,2.21,0.99,93.81
20051004,0.18,6.4452,5.573,2.0074,0.62,23.72,26.56,21.5,86.07,1.85,3.76,1.18,93.79
20051005,5.87,5.4358,3.1874,2.6184,0.52,23.78,26.91,21.43,83.91,1.1,2.04,0.7,93.85
20051006,1.07,7.3781,7.3171,1.6246,0.71,24.28,27.83,21.93,80.9,1.16,2.12,0.74,93.83
20051007,0.0,6.7793,5.9071,2.0791,0.65,24.11,27.28,21.45,79.75,1.54,2.95,1.01,93.79
20051008,0.0,7.1026,6.6122,1.8703,0.68,24.01,27.45,20.92,81.36,1.58,2.26,0.98,93.72
20051009,0.5,7.2331,7.452,1.5394,0.69,24.52,28.33,21.48,78.44,1.29,2.36,0.81,93.7
20051010,6.55,6.0682,4.752,2.3995,0.58,24.38,28.23,20.99,81.64,1.49,2.12,0.94,93.75
20051011,15.67,6.3439,5.7991,2.011,0.61,24.23,27.53,21.24,83.5,1.44,1.75,0.89,93.73
20051012,3.56,6.0434,4.5893,2.4514,0.58,24.62,28.09,21.59,82.52,1.33,2.06,0.8,93.72
20051013,4.07,5.9131,5.0873,2.1773,0.57,24.9,28.41,22.43,83.68,1.2,1.99,0.76,93.67
20051014,8.2,5.7103,3.21,2.7854,0.55,24.12,27.44,21.23,85.34,1.58,2.11,0.97,93.67
20051015,32.69,4.6255,1.375,2.7545,0.44,22.94,24.83,21.39,88.18,1.05,1.66,0.65,93.78
20051016,19.7,5.5025,3.3977,2.412,0.53,22.94,24.67,21.5,91.24,0.87,1.43,0.54,93.78
20051017,14.51,4.8624,1.6334,3.0166,0.47,23.51,26.5,21.28,86.76,1.19,2.17,0.72,93.79
20051018,30.27,4.6106,2.1437,2.3707,0.44,23.18,25.08,22.02,92.89,1.56,1.81,0.97,93.75
20051019,23.39,5.9954,3.9355,2.778,0.57,22.71,24.42,21.72,92.75,1.37,2.36,0.87,93.7
20051020,2.52,5.8622,3.768,2.6263,0.56,23.76,26.36,21.82,85.91,1.34,1.72,0.84,93.66
20051021,26.29,4.3742,0.5148,3.0274,0.42,22.85,24.0,21.96,94.01,1.39,1.8,0.85,93.69
20051022,12.02,6.03,4.4119,2.3604,0.58,23.71,26.14,21.82,86.4,0.75,1.07,0.46,93.77
20051023,1.96,6.0499,4.3603,2.4533,0.58,24.53,27.63,21.98,83.55,0.92,1.76,0.6,93.79
20051024,2.79,6.4826,6.0178,1.8761,0.62,24.38,27.1,22.62,81.94,1.01,1.59,0.67,93.84
20051025,3.7,4.8943,1.9817,2.6606,0.47,24.33,27.54,21.91,83.6,1.24,2.0,0.79,93.76
20051026,0.89,5.5462,3.6149,2.2728,0.53,24.24,26.99,22.2,87.18,1.51,2.15,0.97,93.68
20051027,3.12,6.553,5.4934,2.2042,0.63,24.07,27.25,21.51,85.6,1.11,2.4,0.72,93.76
20051028,2.23,6.4603,5.069,2.6693,0.62,23.79,27.26,20.38,84.62,1.64,2.02,1.0,93.78
20051029,24.7,5.6278,3.2969,2.5349,0.54,23.51,25.82,21.29,88.24,1.4,1.79,0.84,93.68
20051030,7.94,5.1845,2.0383,2.8601,0.5,23.7,25.57,22.24,85.38,0.87,1.56,0.54,93.75
20051031,0.09,5.9194,4.6776,2.5294,0.57,24.28,27.24,22.2,82.96,1.02,1.49,0.66,93.8
20051101,1.6,6.017,4.8722,2.3887,0.58,24.63,27.97,22.54,84.78,1.16,1.81,0.73,93.72
20051102,4.69,5.6474,3.1495,2.5747,0.54,22.75,23.91,20.46,94.83,1.82,3.48,1.12,93.78
20051103,0.22,6.4769,5.9131,2.004,0.62,23.74,27.39,20.31,78.03,1.27,2.01,0.82,93.78
20051104,1.34,6.6554,6.1126,2.1072,0.64,24.5,27.85,22.1,80.82,1.19,1.93,0.8,93.77
20051105,3.31,6.0418,4.5062,2.515,0.58,24.36,27.68,21.81,86.19,1.84,3.18,1.17,93.73
20051106,1.28,5.551,1.9985,3.6283,0.54,24.33,27.54,21.97,86.1,1.31,2.3,0.83,93.8
20051107,1.11,5.5879,4.0145,2.4346,0.54,23.09,24.33,22.01,89.74,1.1,1.7,0.7,93.83
20051108,0.65,4.6565,2.5586,2.3477,0.45,22.97,24.83,21.07,89.75,1.18,2.34,0.76,93.87
20051109,1.69,5.6988,3.6756,2.4629,0.55,23.46,26.21,21.46,86.87,1.88,2.69,1.14,93.86
20051110,2.78,5.5253,3.8556,2.3774,0.53,22.99,25.19,21.45,87.0,1.37,1.9,0.82,93.83
20051111,0.55,5.2169,2.4221,2.7866,0.5,23.48,25.98,21.95,86.97,1.58,2.53,1.0,93.73
20051112,12.96,4.7184,1.5466,2.9026,0.46,22.87,24.74,21.41,90.41,1.05,1.93,0.64,93.77
20051113,4.28,6.198,4.5674,2.4516,0.6,23.01,25.31,21.45,89.86,1.27,1.93,0.8,93.73
20051114,7.91,3.9643,0.6612,2.485,0.38,23.13,25.36,21.75,89.61,1.4,2.3,0.9,93.69
20051115,1.81,6.2436,4.3222,2.6993,0.61,23.66,26.58,21.37,87.2,1.44,2.22,0.91,93.63
20051116,0.67,6.1646,5.1655,2.179,0.6,24.04,26.69,21.99,86.29,1.28,1.9,0.81,93.66
20051117,17.74,5.8553,4.8809,2.305,0.57,23.33,24.4,21.87,89.57,0.89,1.53,0.55,93.67
20051118,15.19,4.7616,0.9408,3.175,0.46,24.3,27.46,22.38,87.82,1.27,1.75,0.8,93.63
20051119,1.15,5.0798,1.5514,3.1248,0.49,23.42,24.97,22.03,90.22,1.57,2.41,0.96,93.62
20051120,11.38,4.8043,1.1028,3.1699,0.47,22.8,24.37,21.46,90.57,1.1,1.72,0.68,93.61
20051121,9.45,4.4225,1.0642,2.922,0.43,23.17,25.37,21.77,88.63,0.92,1.35,0.55,93.68
20051122,10.95,5.4667,2.7593,2.8303,0.53,23.59,26.32,21.77,88.1,1.03,1.93,0.67,93.67
20051123,5.57,5.2594,1.9776,2.9285,0.51,23.5,26.53,21.68,89.08,1.33,2.09,0.82,93.67
20051124,1.16,5.5286,2.5526,2.9438,0.54,23.07,24.96,21.93,88.89,1.39,2.13,0.86,93.69
20051125,13.52,4.8962,2.4746,2.4629,0.48,23.37,26.16,21.87,87.66,1.51,2.81,0.96,93.68
20051126,67.58,4.9094,1.339,3.1337,0.48,22.67,24.65,21.44,93.36,1.63,1.95,1.0,93.67
20051127,23.38,6.0391,4.5823,2.447,0.59,23.13,25.73,21.63,89.12,0.92,1.71,0.56,93.74
20051128,6.51,6.2062,4.6474,2.4223,0.61,22.94,24.84,21.72,87.62,1.12,1.41,0.68,93.71
20051129,2.87,5.3398,1.5538,3.2909,0.52,22.93,24.85,21.5,90.77,0.99,1.5,0.6,93.5
20051130,31.16,5.8524,4.5578,2.0839,0.57,23.86,26.99,21.6,87.93,1.6,2.26,0.99,93.37
20051201,21.64,5.7518,4.5305,2.4926,0.56,22.76,23.88,21.67,96.52,1.62,2.26,0.94,93.49
20051202,15.29,5.4122,2.6803,2.8975,0.53,21.93,23.22,21.05,92.93,0.93,1.86,0.57,93.63
20051203,6.74,6.0936,4.722,2.3311,0.6,23.56,26.87,21.01,86.69,1.22,2.54,0.78,93.63
20051204,22.49,5.0453,2.9966,2.6681,0.5,23.23,25.94,21.47,89.95,1.31,1.88,0.82,93.56
20051205,8.47,4.5338,0.6782,3.1373,0.45,22.99,24.72,21.55,93.85,1.14,1.56,0.7,93.64
20051206,0.51,4.7395,2.262,2.5562,0.47,23.59,25.78,21.79,88.89,1.64,2.76,1.01,93.63
20051207,6.13,4.4878,0.9806,2.8862,0.44,23.08,24.5,21.87,87.84,1.09,1.98,0.65,93.71
20051208,2.06,5.2831,2.0098,3.1418,0.52,22.97,24.87,21.44,89.29,0.62,1.3,0.38,93.64
20051209,1.05,4.463,0.8866,2.8512,0.44,23.52,26.03,21.75,90.48,1.79,2.79,1.11,93.53
20051210,2.23,4.7746,1.17,3.2726,0.47,23.82,26.52,21.55,84.97,1.43,1.83,0.86,93.49
20051211,34.73,5.6873,3.3475,2.7569,0.56,23.79,26.5,22.05,89.68,0.81,1.69,0.49,93.5
20051212,23.56,5.5402,3.6554,2.7912,0.55,23.8,26.39,21.99,87.38,0.8,1.29,0.49,93.47
20051213,101.21,4.8298,1.0015,3.2446,0.48,23.69,25.77,21.99,87.16,0.79,1.35,0.5,93.43
20051214,74.57,5.539,3.6106,2.5771,0.55,23.75,25.63,22.46,90.1,0.65,1.2,0.41,93.45
20051215,57.57,5.4722,2.7638,2.8771,0.54,23.41,25.87,21.99,90.69,1.17,1.98,0.73,93.52
20051216,28.48,5.1862,2.3378,2.8639,0.51,23.56,26.05,21.82,90.12,0.99,1.5,0.56,93.61
20051217,0.58,4.0051,0.1262,3.0413,0.39,23.56,26.05,21.91,89.58,1.08,1.91,0.64,93.61
20051218,8.98,4.9243,1.2674,3.2909,0.49,24.1,26.9,22.17,88.52,1.48,2.4,0.94,93.49
20051219,3.59,5.0609,2.7883,2.5726,0.5,23.74,25.51,22.54,91.71,0.92,1.53,0.55,93.51
20051220,6.36,4.1441,1.2922,2.5255,0.41,23.71,26.19,21.6,87.72,1.03,1.75,0.62,93.59
20051221,2.23,4.3039,0.9418,2.7878,0.42,22.58,23.9,21.43,92.4,1.08,1.84,0.69,93.72
20051222,21.64,4.7863,0.9365,3.3182,0.47,23.02,26.12,20.65,87.64,1.57,2.55,0.97,93.75
20051223,13.77,4.8936,1.6044,2.9676,0.48,22.65,24.63,21.64,91.18,1.17,1.54,0.71,93.76
20051224,26.55,4.5689,1.6181,2.6558,0.45,22.37,24.21,20.92,90.05,1.02,1.59,0.65,93.75
20051225,3.28,5.0513,3.0482,2.4432,0.5,23.16,25.29,21.33,88.93,0.64,1.37,0.41,93.66
20051226,6.37,5.651,4.1042,2.4835,0.56,23.61,26.24,21.55,87.97,0.96,1.54,0.61,93.66
20051227,4.2,2.8166,0.0821,2.1017,0.28,23.34,25.32,21.85,92.29,1.04,1.32,0.64,93.73
20051228,6.24,4.5322,2.1511,2.3143,0.45,23.81,26.73,21.88,89.19,1.11,2.05,0.68,93.73
20051229,2.78,3.6823,0.0509,2.8404,0.36,22.83,24.37,21.72,90.3,0.61,1.08,0.38,93.78
20051230,1.18,4.9258,1.2499,3.3151,0.48,23.78,26.56,22.13,85.52,0.66,1.42,0.43,93.73
20051231,2.08,5.5212,2.881,2.9755,0.54,23.18,24.96,22.13,89.68,1.13,1.78,0.72,93.77
20060101,30.2,5.9292,4.7342,2.251,0.58,23.13,25.56,21.12,88.64,1.12,1.66,0.71,93.74
20060102,21.41,4.7957,0.9482,3.1486,0.47,23.02,25.37,21.86,89.89,0.9,1.63,0.55,93.69
20060103,32.89,5.4845,3.0398,2.6525,0.54,23.0,24.63,21.94,91.47,1.46,2.33,0.96,93.6
20060104,12.49,5.5493,2.5349,3.1834,0.54,22.54,24.91,21.01,91.71,1.13,1.56,0.73,93.62
20060105,6.0,5.4554,2.3393,3.4759,0.53,22.66,24.2,21.16,92.19,0.87,1.66,0.5,93.58
20060106,5.67,4.6202,1.9044,2.6501,0.45,22.76,24.28,21.7,93.73,1.35,2.01,0.83,93.56
20060107,25.73,5.5092,2.753,3.0953,0.54,23.29,25.97,21.16,88.52,1.35,1.83,0.84,93.55
20060108,10.05,5.7516,3.121,2.8711,0.56,23.11,24.97,22.09,92.46,0.97,1.4,0.56,93.58
20060109,5.85,5.6474,1.9649,3.4543,0.55,23.19,25.51,21.62,90.32,1.16,1.41,0.71,93.63
20060110,8.38,6.3972,6.119,2.0645,0.62,23.46,25.99,21.76,90.0,0.9,1.51,0.58,93.62
20060111,2.68,6.2988,4.5816,2.599,0.61,23.28,25.44,21.86,91.57,1.37,1.91,0.85,93.61
20060112,3.65,5.7082,4.213,2.4391,0.56,24.11,27.28,22.2,87.46,1.23,1.9,0.75,93.55
20060113,6.19,5.4926,3.0785,2.8673,0.54,23.07,24.52,22.08,93.09,0.97,1.7,0.59,93.55
20060114,60.0,5.7031,2.449,3.791,0.56,23.51,26.32,21.71,89.59,0.82,1.31,0.53,93.53
20060115,18.36,5.7348,2.8978,3.7946,0.56,23.81,26.66,21.85,86.86,1.13,1.55,0.7,93.53
20060116,3.19,4.4479,0.2794,3.3031,0.43,23.95,27.12,21.6,86.44,1.02,1.84,0.61,93.49
20060117,5.3,4.8466,0.4805,3.4661,0.47,23.43,25.81,22.15,87.89,0.98,1.49,0.59,93.53
20060118,1.46,4.6838,1.2401,2.9489,0.45,23.28,25.65,21.64,85.97,1.24,1.68,0.75,93.53
20060119,0.32,5.8502,3.1716,2.9467,0.57,23.87,27.88,20.84,79.48,1.8,2.48,1.08,93.53
20060120,0.17,4.9277,0.8537,3.2542,0.48,23.52,27.87,19.88,82.47,1.47,2.58,0.91,93.52
20060121,0.27,4.9534,1.4976,3.0533,0.48,23.67,26.74,21.09,79.6,1.29,1.8,0.79,93.57
20060122,0.13,5.2961,0.9974,3.6886,0.51,23.78,27.89,19.86,79.84,1.07,2.01,0.64,93.51
20060123,7.45,4.7234,0.6446,3.295,0.46,23.66,27.05,21.0,83.82,1.22,2.14,0.74,93.55
20060124,15.78,4.1508,2.3518,2.0628,0.4,23.91,26.75,21.86,86.53,1.07,2.03,0.67,93.56
20060125,3.18,5.3239,2.8248,2.7648,0.51,24.16,27.38,21.59,85.22,0.81,1.54,0.53,93.65
20060126,1.15,4.3092,0.2383,3.2146,0.42,23.72,26.38,21.96,84.21,0.84,1.17,0.49,93.68
20060127,0.27,5.5788,2.1398,3.4541,0.54,24.17,28.22,20.92,77.03,1.21,1.74,0.73,93.64
20060128,0.18,4.9646,0.4985,3.7066,0.48,23.79,27.34,20.65,78.24,1.27,1.99,0.76,93.68
20060129,1.07,5.5402,1.6726,3.6566,0.53,23.46,27.14,20.27,83.13,1.27,1.97,0.73,93.78
20060130,1.96,5.8361,2.819,3.2292,0.56,23.83,27.99,20.27,83.12,1.27,1.97,0.81,93.85
20060131,8.54,5.309,1.9078,3.084,0.51,24.22,27.81,21.8,81.62,0.86,1.78,0.54,93.88
20060201,10.47,5.0683,0.7159,3.678,0.49,23.89,27.34,21.21,86.45,1.43,2.14,0.86,93.85
20060202,1.76,6.0574,3.3125,2.8951,0.58,23.52,26.6,21.02,88.24,1.58,2.03,0.95,93.84
20060203,1.74,5.0827,0.9413,3.6074,0.49,24.02,27.36,21.62,86.07,1.11,1.91,0.66,93.89
20060204,1.96,5.1821,1.5838,3.1176,0.5,23.46,26.22,21.29,87.96,0.79,1.28,0.47,93.8
20060205,3.47,5.0198,1.0394,3.3278,0.48,23.18,26.07,21.03,87.12,1.11,1.74,0.68,93.76
20060206,3.39,3.911,0.517,2.6719,0.37,23.54,25.81,21.52,86.63,0.84,1.37,0.52,93.73
20060207,25.18,5.3002,2.7974,2.5447,0.51,23.21,25.23,22.18,91.33,1.12,1.6,0.63,93.8
20060208,6.68,4.7222,1.5516,2.6501,0.45,22.49,23.77,21.5,94.21,1.41,1.61,0.84,93.88
20060209,55.65,4.8643,1.5967,2.7533,0.46,22.94,24.64,21.72,93.3,1.28,1.65,0.81,93.88
20060210,42.11,4.7254,1.584,2.7122,0.45,22.82,25.02,21.49,90.23,1.1,1.6,0.66,93.87
20060211,3.3,6.3329,4.3159,2.5099,0.6,23.29,25.76,21.49,86.73,1.42,2.1,0.87,93.79
20060212,24.53,4.9603,2.6674,2.4922,0.47,22.99,23.99,22.02,93.02,1.72,2.36,1.05,93.82
20060213,3.12,6.5258,6.1483,1.7537,0.62,24.16,27.52,22.18,84.86,1.27,2.15,0.77,93.77
20060214,7.99,6.2285,5.6122,1.9135,0.59,23.73,25.03,22.45,91.71,1.81,2.53,1.05,93.71
20060215,9.08,5.2015,2.161,2.7473,0.49,23.25,24.58,22.48,94.55,1.73,3.59,1.07,93.7
20060216,11.46,5.7098,3.7987,2.3957,0.54,23.7,27.13,21.5,88.5,1.56,2.5,0.99,93.68
20060217,10.81,5.3774,2.1708,3.1157,0.51,23.62,25.47,22.47,93.18,1.14,1.58,0.66,93.68
20060218,18.07,5.2966,2.7329,2.7943,0.5,23.69,26.88,21.61,88.43,0.84,1.21,0.52,93.62
20060219,4.93,4.775,0.6794,3.407,0.45,23.95,27.06,20.86,83.11,1.04,2.34,0.67,93.55
20060220,0.74,5.5627,2.6062,2.8512,0.53,24.47,27.16,21.9,79.22,0.75,1.31,0.48,93.58
20060221,0.93,5.6033,2.5702,2.9832,0.53,24.33,27.54,21.7,81.37,0.92,1.68,0.55,93.52
20060222,0.55,5.4334,1.9174,3.5647,0.51,24.55,27.98,21.82,84.27,1.13,1.92,0.69,93.45
20060223,9.66,4.7942,1.0802,3.1728,0.45,24.09,27.01,21.96,87.34,1.66,2.09,1.0,93.38
20060224,74.55,3.7987,0.0653,2.8663,0.36,23.6,26.4,21.79,91.71,1.4,1.76,0.85,93.43
20060225,17.31,6.5498,5.9592,1.9769,0.62,23.99,27.17,20.9,86.81,1.35,1.99,0.79,93.43
20060226,22.01,5.3765,3.3518,2.5483,0.51,23.44,24.4,22.45,94.5,1.65,3.92,1.01,93.46
20060227,32.27,4.9082,1.3464,2.9225,0.46,22.95,24.14,21.75,94.35,1.48,2.24,0.93,93.58
20060228,44.52,4.1203,0.522,2.7204,0.39,22.94,24.85,21.83,91.12,0.87,1.61,0.5,93.69
20060301,16.2,4.3961,0.209,3.2611,0.42,23.15,25.53,21.5,90.97,1.8,2.76,1.12,93.74
20060302,2.69,4.4722,0.1534,3.3494,0.42,22.97,25.33,21.37,86.38,1.0,1.64,0.62,93.84
20060303,5.44,4.1971,0.4975,2.9606,0.4,23.24,26.42,20.34,84.58,1.53,2.5,0.94,93.78
20060304,0.59,5.189,2.2102,3.2918,0.49,23.83,26.48,21.88,83.26,0.67,1.04,0.45,93.82
20060305,1.09,5.4408,2.9366,2.587,0.51,23.39,26.32,21.09,79.08,0.91,1.48,0.52,93.8
20060306,1.19,5.3386,4.6594,2.111,0.51,24.15,28.71,19.72,78.89,1.49,2.18,0.87,93.63
20060307,1.98,6.4063,4.9584,2.3592,0.61,24.34,29.02,19.56,78.64,1.72,2.77,1.02,93.66
20060308,17.61,4.3726,0.3922,3.1822,0.41,23.16,26.16,21.0,82.45,1.18,2.28,0.72,93.83
20060309,10.86,6.3024,4.2607,2.5574,0.6,23.52,27.27,20.04,78.81,1.33,2.18,0.81,93.86
20060310,0.31,5.562,1.6961,3.4027,0.53,23.83,27.64,20.76,78.59,1.01,1.63,0.63,93.76
20060311,0.84,5.4919,2.9098,2.6184,0.52,23.84,26.91,21.14,81.24,0.76,1.25,0.5,93.69
20060312,2.41,3.4622,0.0878,2.5721,0.33,23.52,26.56,21.49,86.48,0.87,1.61,0.55,93.67
20060313,9.6,4.4338,0.4198,3.0562,0.42,23.63,26.39,21.41,89.33,0.95,1.56,0.6,93.75
20060314,8.02,5.609,2.2574,2.9767,0.53,23.32,24.88,21.71,89.95,0.86,1.34,0.54,93.78
20060315,1.19,5.1557,1.3831,3.06,0.49,23.76,26.65,21.6,82.43,0.9,1.58,0.56,93.72
20060316,0.04,6.2333,4.4887,2.5474,0.59,23.83,26.73,21.53,83.6,1.0,1.45,0.59,93.6
20060317,11.16,5.8375,3.5491,2.5882,0.56,23.57,25.04,22.29,92.12,1.47,2.03,0.86,93.54
20060318,11.25,5.2267,1.3315,3.3334,0.5,24.13,26.42,22.86,90.11,1.47,1.75,0.88,93.51
20060319,7.48,5.8896,2.9981,3.0713,0.56,23.83,26.29,22.04,89.0,1.21,1.95,0.74,93.51
20060320,27.28,5.3789,1.9783,3.1572,0.51,23.65,26.37,21.97,90.65,1.08,1.83,0.65,93.45
20060321,15.69,5.2512,1.4849,3.2414,0.5,22.78,25.21,20.71,89.26,1.25,1.81,0.76,93.53
20060322,0.9,5.1653,2.2548,2.7223,0.49,23.43,25.55,21.79,89.81,1.03,1.34,0.63,93.44
20060323,1.74,5.347,2.4034,2.7194,0.51,23.64,25.74,22.09,90.67,1.31,2.03,0.81,93.42
20060324,8.83,5.5814,2.5342,2.9856,0.54,23.76,26.19,21.59,90.06,1.09,1.62,0.71,93.46
20060325,3.62,6.1901,4.4218,2.7823,0.59,23.49,25.89,22.01,91.96,1.19,1.88,0.74,93.62
20060326,13.97,5.9273,3.9382,2.4367,0.57,23.45,25.85,21.46,90.45,0.96,1.45,0.61,93.68
20060327,6.59,6.3365,5.1108,1.9356,0.61,23.66,26.2,21.98,91.42,0.98,1.3,0.58,93.58
20060328,5.98,4.1038,0.4714,2.9222,0.4,23.34,25.47,22.22,91.0,1.15,1.63,0.69,93.65
20060329,6.59,3.7812,0.3672,2.718,0.37,22.81,24.94,21.61,89.34,0.69,1.4,0.42,93.79
20060330,2.38,4.8331,0.9024,3.3511,0.47,22.95,25.5,21.23,86.83,0.89,1.9,0.57,93.82
20060331,5.92,3.7325,0.3295,2.634,0.36,23.48,26.53,21.33,88.57,0.78,1.39,0.5,93.77
20060401,3.45,3.6967,0.0737,2.7833,0.36,23.0,25.61,21.34,85.07,0.72,1.29,0.44,93.78
20060402,0.41,4.9841,0.719,3.5345,0.48,23.28,26.55,20.06,81.56,1.15,1.77,0.7,93.75
20060403,0.25,5.0246,3.4229,2.1365,0.49,23.55,27.31,20.11,83.28,1.65,2.42,1.0,93.67
20060404,0.08,5.5915,1.8768,3.858,0.55,23.46,26.68,20.43,83.28,1.15,1.85,0.69,93.67
20060405,9.06,4.8782,1.524,2.922,0.48,23.74,26.71,21.47,85.58,1.01,1.62,0.61,93.68
20060406,3.71,4.9332,1.3567,2.988,0.48,23.76,25.68,22.62,90.22,1.36,1.71,0.82,93.69
20060407,1.16,4.6726,1.2751,2.8572,0.46,23.49,24.94,22.44,92.03,1.88,2.31,1.14,93.68
20060408,0.32,4.9639,1.7076,2.9904,0.49,24.13,27.32,21.83,86.72,1.3,1.79,0.8,93.66
20060409,19.26,4.8797,2.231,2.562,0.48,23.44,25.86,21.8,89.06,1.27,1.96,0.77,93.72
20060410,2.85,4.9483,1.3176,2.929,0.49,23.26,24.64,22.29,92.82,0.92,1.21,0.58,93.78
20060411,7.02,4.2814,1.5439,2.5939,0.42,23.17,25.24,22.05,91.15,1.31,1.91,0.81,93.73
20060412,13.3,5.6976,4.1664,2.3182,0.56,23.07,24.59,21.89,89.75,1.03,1.76,0.65,93.62
20060413,11.47,5.3069,3.0358,2.4691,0.53,23.41,25.35,21.96,88.36,0.99,1.63,0.65,93.64
20060414,27.6,5.7466,5.1,1.8386,0.57,24.32,27.32,22.09,83.7,1.4,2.08,0.9,93.66
20060415,52.88,5.2956,2.7487,2.6717,0.53,23.06,24.99,21.81,93.38,1.35,1.74,0.86,93.69
20060416,18.36,4.5382,1.0754,2.8646,0.45,22.75,24.02,21.83,93.84,1.02,1.48,0.62,93.6
20060417,43.6,5.0134,3.3031,2.239,0.5,23.07,25.66,21.24,88.84,1.28,1.65,0.78,93.62
20060418,16.04,6.2546,5.7005,1.7614,0.63,23.97,26.85,22.07,88.23,1.06,1.85,0.65,93.7
20060419,2.75,5.6849,3.865,2.5034,0.57,24.0,26.02,22.28,87.83,0.89,2.02,0.55,93.77
20060420,0.96,4.1119,0.5875,2.7458,0.41,24.19,26.2,22.64,84.2,0.5,0.72,0.3,93.7
20060421,27.26,5.573,3.757,2.3352,0.56,24.6,27.71,22.44,84.7,0.91,1.42,0.57,93.59
20060422,51.27,4.9121,1.3519,2.9134,0.5,23.93,26.13,22.64,87.32,0.78,1.3,0.44,93.59
20060423,30.99,4.9632,1.7316,2.9686,0.5,23.64,25.63,22.49,92.26,1.21,1.62,0.75,93.62
20060424,4.99,4.6668,0.8628,3.2902,0.47,23.24,24.91,21.98,91.07,0.96,1.52,0.59,93.65
20060425,3.6,4.9202,2.2116,3.0806,0.5,23.88,26.57,21.77,88.27,0.95,1.6,0.58,93.57
20060426,16.87,5.0278,2.5284,2.6232,0.51,23.53,25.84,22.11,91.24,1.22,1.98,0.75,93.66
20060427,26.67,4.6318,1.9733,2.3966,0.47,23.47,25.56,22.11,93.33,1.52,1.87,0.93,93.69
20060428,5.57,4.1146,0.6468,2.6453,0.42,23.31,24.89,22.36,92.75,1.09,1.54,0.68,93.68
20060429,21.27,5.2135,3.8928,2.0234,0.54,23.57,25.62,22.0,90.76,0.97,1.45,0.61,93.7
20060430,10.5,4.9618,1.8408,2.9083,0.51,23.72,25.98,22.2,90.45,0.87,1.35,0.52,93.76
20060501,0.1,4.9942,2.4106,2.5637,0.51,23.26,24.68,22.3,90.86,1.05,1.51,0.63,93.83
20060502,22.92,5.016,3.5345,2.0863,0.52,23.27,25.44,21.44,91.16,1.09,1.45,0.63,93.78
20060503,41.11,4.7083,2.6407,2.3374,0.49,23.36,25.35,22.04,92.2,0.87,1.49,0.51,93.77
20060504,14.24,4.625,1.1446,2.9194,0.48,23.35,25.67,21.59,89.77,0.91,1.62,0.55,93.88
20060505,6.45,4.0325,1.7294,2.3294,0.42,23.13,24.88,21.93,92.12,1.68,2.47,1.04,93.93
20060506,1.97,5.005,3.1726,2.3573,0.52,23.87,26.51,22.25,87.76,1.06,1.63,0.68,93.82
20060507,8.42,3.2191,0.1966,2.3834,0.34,22.66,24.32,21.47,95.72,1.41,2.01,0.89,93.81
20060508,17.26,5.6162,5.0328,1.8091,0.59,22.94,25.87,20.91,91.08,1.47,2.14,0.9,93.8
20060509,15.53,5.2726,4.6608,1.7666,0.55,22.7,23.89,21.47,94.95,1.15,1.87,0.7,93.72
20060510,10.88,5.0765,4.4506,1.7954,0.53,23.4,24.99,22.13,94.86,1.91,2.36,1.15,93.68
20060511,4.98,5.1386,3.5969,2.0892,0.54,23.92,26.19,22.4,93.09,1.95,2.38,1.21,93.73
20060512,0.85,4.6781,2.6796,2.3263,0.49,23.9,26.08,22.64,89.36,1.46,2.64,0.92,93.79
20060513,7.35,4.9706,3.1054,2.3873,0.53,23.45,26.15,22.03,87.3,1.14,1.79,0.7,93.75
20060514,15.5,5.0986,4.0358,2.07,0.54,23.81,27.0,21.69,86.3,1.22,1.91,0.77,93.7
20060515,17.87,4.464,1.9114,2.4058,0.48,23.04,24.89,21.94,91.49,1.28,2.09,0.81,93.77
20060516,2.36,4.8041,3.1574,2.2133,0.51,23.43,26.76,20.77,88.4,1.48,2.25,0.9,93.84
20060517,9.26,4.6409,1.9997,2.6822,0.5,23.48,26.22,21.54,88.93,1.83,2.4,1.11,93.88
20060518,10.1,5.2836,4.6229,1.8257,0.57,23.51,26.21,21.29,88.48,1.37,2.09,0.85,93.78
20060519,42.61,5.4161,4.2377,2.0086,0.58,23.99,27.05,21.44,89.32,1.79,2.36,1.11,93.65
20060520,22.86,5.0861,3.4493,2.2994,0.55,23.18,24.75,22.16,93.05,1.15,1.65,0.73,93.73
20060521,3.23,4.0687,1.1117,2.4257,0.44,23.21,25.43,21.26,91.14,1.24,2.4,0.81,93.73
20060522,18.14,4.9133,3.8179,2.2349,0.53,23.27,25.78,21.88,90.75,1.06,1.84,0.64,93.73
20060523,74.57,3.8398,1.0255,2.419,0.42,22.88,25.45,21.23,87.86,1.4,2.34,0.89,93.72
20060524,4.82,3.4438,0.5568,2.3916,0.37,22.71,24.75,21.29,91.93,1.45,2.61,0.92,93.7
20060525,13.31,4.6344,2.2586,2.4365,0.5,22.54,24.52,21.38,92.27,1.36,2.29,0.86,93.81
20060526,1.5,5.1953,3.4817,2.4432,0.57,23.3,25.9,21.25,87.48,1.24,1.86,0.76,93.92
20060527,11.22,4.8917,2.6431,2.4924,0.53,23.38,25.96,21.3,88.37,1.27,1.61,0.77,93.93
20060528,5.37,4.481,2.2222,2.3947,0.49,23.58,26.0,22.08,88.37,0.83,1.63,0.48,93.81
20060529,1.56,2.7353,0.2182,2.0858,0.3,22.96,25.1,20.96,90.35,1.26,2.04,0.77,93.78
20060530,0.67,5.0419,3.8746,2.0297,0.55,22.91,24.95,21.57,90.37,0.76,1.29,0.48,93.81
20060531,13.2,4.7122,2.6426,2.4468,0.52,22.85,25.6,20.94,89.22,1.18,1.63,0.71,93.87
20060601,6.61,5.003,4.3123,1.944,0.55,23.33,25.89,21.92,86.89,0.96,1.86,0.61,93.85
20060602,4.4,3.1733,0.2758,2.4146,0.35,22.56,24.02,21.22,87.22,0.89,1.41,0.57,93.9
20060603,1.86,4.5734,2.2426,2.5889,0.5,22.61,25.2,20.15,87.08,1.17,1.65,0.72,93.89
20060604,3.78,4.4969,2.4972,2.3191,0.5,22.23,24.19,20.9,88.26,1.07,1.74,0.64,93.94
20060605,13.41,4.6925,2.5186,2.5106,0.52,21.79,24.68,19.78,89.39,1.39,2.02,0.85,93.97
20060606,13.42,5.0503,3.6398,2.1482,0.56,21.7,23.96,19.68,88.91,1.12,1.84,0.7,93.98
20060607,6.01,4.6582,3.625,2.0138,0.52,22.29,24.3,20.96,89.72,1.13,1.92,0.64,93.93
20060608,1.33,3.295,0.3103,2.3506,0.37,22.48,25.39,20.65,88.08,1.62,2.34,1.0,93.87
20060609,0.07,4.9106,2.6856,2.5428,0.54,22.15,24.94,20.31,86.74,1.69,2.1,1.03,93.87
20060610,31.66,4.3723,3.1992,1.921,0.49,22.5,25.16,20.67,90.03,1.4,2.14,0.85,93.88
20060611,70.43,4.4712,3.2249,1.944,0.5,22.05,24.26,20.31,92.36,1.39,1.95,0.86,93.93
20060612,11.46,2.3542,0.054,1.8348,0.26,21.8,23.5,20.37,91.87,0.81,1.4,0.52,93.87
20060613,1.07,3.6857,0.683,2.4989,0.41,21.96,23.75,20.71,90.56,1.1,1.68,0.67,93.82
20060614,0.12,4.5086,2.5747,2.3359,0.5,22.35,24.94,20.21,87.46,1.53,1.84,0.92,93.86
20060615,20.23,3.5849,0.8549,2.3311,0.4,22.35,24.65,20.58,88.33,1.28,1.76,0.81,93.85
20060616,12.31,4.7587,3.4027,2.112,0.53,22.28,24.17,20.9,93.6,1.2,1.85,0.78,93.78
20060617,8.1,3.5378,1.0423,2.2006,0.39,22.14,23.56,20.72,95.5,2.13,4.06,1.3,93.74
20060618,2.1,4.6121,3.0607,2.22,0.51,22.49,25.14,20.24,92.49,1.5,1.76,0.93,93.62
20060619,70.71,4.7494,4.2826,1.7126,0.53,23.18,25.77,21.7,92.0,1.27,2.83,0.81,93.57
20060620,34.92,2.2258,0.0907,1.6742,0.25,22.81,24.31,21.63,94.46,1.67,3.09,0.96,93.59
20060621,21.62,4.3087,2.1413,2.3803,0.48,23.23,26.01,21.3,90.17,1.5,2.07,0.93,93.63
20060622,6.65,3.8959,1.8094,2.3165,0.44,22.71,25.77,20.56,90.47,1.44,1.91,0.9,93.6
20060623,6.33,3.4822,2.0278,1.8991,0.39,22.87,25.99,20.79,88.8,1.43,1.97,0.85,93.61
20060624,27.63,4.8281,5.1007,1.5038,0.54,22.98,26.15,20.63,89.78,1.33,2.33,0.83,93.66
20060625,27.19,4.4402,3.8364,1.8158,0.5,22.86,25.53,21.02,90.55,1.5,2.14,0.9,93.75
20060626,3.25,4.2586,1.069,2.6964,0.48,21.92,24.47,20.08,89.96,1.44,2.18,0.91,93.89
20060627,0.17,4.3865,0.7882,3.0338,0.49,22.5,25.28,20.92,87.06,1.35,2.54,0.83,93.87
20060628,5.57,4.224,2.5404,2.1583,0.47,22.13,24.53,20.18,89.62,1.32,1.72,0.8,93.89
20060629,38.67,3.6158,2.6052,1.7664,0.4,21.81,23.79,20.52,93.54,1.61,2.29,0.98,93.98
20060630,3.92,4.8864,3.9886,1.9757,0.54,22.62,25.69,20.34,88.4,1.52,2.37,0.95,94.01
20060701,0.5,5.3177,4.9524,1.5907,0.59,22.75,25.93,20.31,84.12,1.58,2.21,0.98,93.99
20060702,1.69,5.1091,3.0737,2.6316,0.57,22.84,26.1,20.34,85.44,1.38,2.12,0.84,93.93
20060703,4.21,4.668,4.3339,1.7098,0.52,22.94,26.23,20.54,88.84,1.64,2.73,1.01,93.91
20060704,1.09,4.8396,3.8578,2.1619,0.54,22.89,26.63,20.04,87.59,1.57,2.2,0.97,93.97
20060705,3.1,3.3341,3.6533,1.3483,0.37,23.15,26.06,20.98,89.04,1.61,2.53,0.99,93.98
20060706,1.26,4.9548,6.0538,1.8182,0.55,23.43,26.49,21.48,88.14,1.44,2.3,0.88,93.92
20060707,0.42,4.0039,3.8357,1.6795,0.44,22.96,26.26,20.76,86.43,1.58,2.59,0.99,93.96
20060708,0.94,5.0083,5.1962,1.5821,0.56,23.02,26.24,20.61,87.64,1.61,2.28,0.98,93.9
20060709,2.71,5.8106,5.8123,1.7359,0.64,22.72,26.39,19.88,87.52,1.58,2.22,0.98,93.87
20060710,1.28,5.5313,5.6196,1.5974,0.61,22.46,25.83,20.4,87.03,1.55,2.47,0.95,93.86
20060711,0.07,5.0868,4.4794,2.0258,0.56,22.02,25.72,19.22,85.43,1.55,2.53,0.97,93.88
20060712,1.97,5.4612,5.0064,2.0162,0.6,22.16,25.25,19.77,87.25,1.41,2.45,0.9,93.83
20060713,22.53,3.9917,4.2058,1.4131,0.44,22.0,24.96,20.14,90.89,1.99,3.14,1.26,93.82
20060714,11.22,4.1129,2.7238,2.1396,0.45,22.42,25.44,20.47,91.21,1.84,2.74,1.15,93.9
20060715,6.49,3.6912,1.4717,2.3496,0.41,22.47,24.91,20.81,92.0,1.7,2.62,1.05,93.88
20060716,2.61,2.7055,0.252,1.9543,0.3,21.55,23.13,20.52,92.46,1.46,2.75,0.89,93.93
20060717,0.14,5.8865,5.7559,1.775,0.65,22.89,25.9,20.76,86.18,1.23,1.9,0.78,93.85
20060718,1.79,5.4979,5.2078,1.8204,0.6,22.88,26.38,20.09,86.55,1.73,2.48,1.07,93.82
20060719,1.97,4.8679,3.9367,2.0916,0.53,22.25,25.55,19.97,88.02,1.83,3.15,1.14,93.9
20060720,0.02,5.0976,4.3769,1.908,0.56,22.42,25.69,20.35,87.28,1.75,3.05,1.09,93.9
20060721,0.01,5.5922,5.694,1.5514,0.61,21.9,25.24,19.43,86.91,1.84,2.64,1.12,93.95
20060722,0.11,4.9951,2.1998,2.819,0.54,21.64,25.05,18.87,86.17,1.62,2.51,1.05,93.98
20060723,0.59,4.9034,2.9479,2.4574,0.53,21.99,24.68,19.6,86.92,0.84,1.63,0.56,93.99
20060724,0.47,3.5376,0.6449,2.5301,0.38,22.49,25.13,20.46,87.62,1.42,1.88,0.87,93.99
20060725,10.57,5.2531,4.0831,2.0426,0.57,23.1,26.16,20.48,86.72,1.44,1.81,0.87,93.91
20060726,6.51,4.9003,3.5587,2.1624,0.53,22.66,25.84,20.1,87.54,1.5,1.95,0.9,94.0
20060727,0.36,4.6675,4.1484,1.901,0.5,22.74,26.39,19.97,86.11,1.6,2.25,0.98,93.9
20060728,9.38,5.2126,3.9912,2.0856,0.56,22.49,25.54,20.56,89.0,1.57,2.69,1.0,93.83
20060729,3.61,5.052,4.5535,2.0203,0.54,22.32,25.21,20.68,87.63,2.1,3.92,1.28,93.86
20060730,0.0,5.8716,6.307,1.5494,0.63,21.94,25.57,18.89,84.59,1.56,2.35,0.99,93.9
20060731,0.17,5.1497,5.5598,1.5617,0.55,22.29,26.07,19.71,83.72,1.24,2.32,0.78,93.84
20060801,7.76,4.3092,2.5205,2.4149,0.46,22.24,25.58,19.55,85.58,1.37,2.11,0.9,93.82
20060802,2.16,4.3231,3.4318,1.9666,0.46,21.8,25.04,19.23,86.29,1.52,2.21,0.94,93.86
20060803,3.39,4.6769,3.4541,2.0434,0.5,21.94,25.08,19.61,85.42,1.55,2.11,0.97,93.92
20060804,3.24,3.1183,2.0047,1.7273,0.33,21.2,24.35,19.08,83.06,1.35,1.97,0.82,94.05
20060805,2.77,4.259,3.1438,2.0878,0.45,20.9,23.93,18.03,82.26,1.53,2.41,0.95,94.03
20060806,3.19,2.461,0.24,1.8307,0.26,21.52,24.91,18.93,85.47,1.75,2.64,1.11,93.97
20060807,1.43,3.3149,1.2007,1.9889,0.35,21.3,24.63,19.49,87.11,1.95,3.01,1.21,93.94
20060808,1.41,3.5477,0.7207,2.4127,0.37,21.03,24.11,19.21,85.91,2.11,3.14,1.3,93.92
20060809,0.39,3.8818,2.8622,1.8662,0.41,21.11,24.77,18.39,85.68,1.87,2.93,1.18,93.9
20060810,1.88,4.5924,4.3632,1.7746,0.48,21.2,24.39,19.35,86.96,1.84,3.2,1.16,93.9
20060811,0.4,4.6639,3.5969,2.052,0.49,21.74,25.58,19.08,87.84,1.94,2.86,1.19,93.87
20060812,0.14,4.3562,3.0768,1.9997,0.45,22.01,25.53,19.57,87.7,2.07,2.82,1.28,93.84
20060813,0.09,3.7399,3.0379,1.6769,0.39,22.06,25.38,19.81,86.28,2.03,3.16,1.25,93.85
20060814,0.04,5.5294,4.2787,2.1516,0.57,22.27,25.87,19.56,85.25,1.42,2.49,0.91,93.81
20060815,1.8,5.6707,5.1396,1.8547,0.59,22.93,26.71,19.97,87.27,1.48,2.27,0.9,93.74
20060816,1.47,5.0222,3.989,2.0861,0.52,23.25,27.02,20.57,85.79,1.53,2.65,0.92,93.81
20060817,7.94,6.0852,5.8334,1.7849,0.63,23.09,26.8,20.0,86.02,1.45,1.98,0.88,93.85
20060818,6.14,5.3642,4.2545,2.1113,0.55,22.92,26.5,19.83,85.99,1.47,2.1,0.9,93.94
20060819,1.47,5.609,4.4983,2.0947,0.58,22.57,26.54,19.83,85.28,1.63,2.22,0.96,93.98
20060820,0.07,5.0532,4.632,1.8012,0.52,21.69,25.84,18.25,83.13,1.67,2.28,1.04,93.96
20060821,0.05,4.1753,3.0286,1.7626,0.43,22.32,26.13,19.29,85.87,1.75,2.39,1.09,93.95
20060822,0.15,3.6482,2.6614,1.8046,0.37,22.67,25.88,20.13,86.0,1.6,2.64,1.02,93.94
20060823,0.02,5.6873,5.245,1.7774,0.58,23.13,27.08,20.14,84.94,1.35,2.75,0.86,93.92
20060824,0.03,4.3094,4.1556,1.7566,0.44,22.67,26.4,19.64,81.64,1.45,2.26,0.91,93.98
20060825,6.29,4.8554,3.9989,1.9361,0.49,22.51,26.3,19.71,86.27,1.57,2.55,0.96,93.93
20060826,2.69,2.707,0.3557,1.914,0.27,21.55,24.54,19.74,87.82,1.55,2.13,0.98,93.86
20060827,10.41,3.912,2.6364,1.7822,0.4,21.5,24.37,19.8,91.42,1.71,2.74,1.09,93.85
20060828,22.28,3.66,0.6869,2.3765,0.37,21.47,23.72,20.15,91.93,1.46,2.23,0.92,93.88
20060829,9.1,4.9673,3.4526,2.2608,0.5,22.25,25.85,19.56,87.28,1.29,2.5,0.81,93.96
20060830,4.75,6.0624,5.7991,1.8038,0.61,21.59,25.84,17.56,85.26,1.58,2.19,0.96,93.97
20060831,0.28,7.2307,8.0225,1.1808,0.73,21.54,25.41,18.79,79.39,1.41,2.34,0.88,93.95
20060901,0.17,6.7286,6.6787,1.5989,0.67,21.74,26.11,17.67,80.63,1.51,2.45,0.97,93.88
20060902,0.86,5.0438,4.5466,1.7676,0.5,22.3,26.26,18.91,84.08,1.58,2.55,1.03,93.89
20060903,0.15,4.5413,3.1838,2.0556,0.45,22.59,26.08,19.49,84.24,1.51,2.34,0.98,93.86
20060904,0.03,5.5006,4.3505,2.0594,0.55,22.62,25.27,20.66,86.55,1.55,2.44,0.97,93.82
20060905,13.24,6.1807,5.7168,1.8494,0.61,22.88,26.57,20.13,85.02,1.34,2.29,0.87,93.83
20060906,6.51,6.8414,6.5902,1.9934,0.68,22.15,26.2,18.42,81.95,1.56,2.32,0.96,93.85
20060907,0.0,6.9166,7.7465,1.2799,0.69,22.3,26.43,18.7,77.48,1.32,1.94,0.84,93.83
20060908,0.0,6.9415,7.3138,1.5074,0.69,22.9,26.93,19.57,82.52,1.29,2.17,0.83,93.84
20060909,0.0,6.3965,6.4094,1.595,0.63,22.99,26.75,20.07,81.74,1.12,2.45,0.69,93.91
20060910,0.08,6.7183,6.7519,1.6526,0.66,22.63,26.48,19.56,78.12,1.35,2.36,0.83,93.93
20060911,0.04,6.1934,5.8514,1.8055,0.61,22.73,27.01,19.43,83.01,1.95,2.71,1.18,93.85
20060912,2.5,4.5163,2.1437,2.4614,0.44,22.75,26.12,19.62,86.91,1.84,2.91,1.09,93.89
20060913,45.1,3.8194,0.7625,2.4648,0.37,22.96,26.61,20.72,88.9,1.75,3.13,1.08,93.87
20060914,50.65,4.5946,1.8617,2.4766,0.45,22.59,25.78,20.36,90.1,1.64,2.64,1.0,93.94
20060915,5.73,5.4113,4.6169,2.0134,0.53,22.66,26.4,19.58,87.49,1.57,2.49,0.95,94.01
20060916,2.65,6.2076,5.5932,1.9608,0.61,22.38,26.46,19.13,84.92,1.69,2.49,1.03,94.06
20060917,0.49,6.4063,6.3163,1.7678,0.63,21.84,25.77,18.9,82.04,1.57,2.5,0.97,94.04
20060918,0.35,6.2436,5.4197,2.0551,0.61,22.12,26.07,18.72,83.86,1.32,2.03,0.84,94.01
20060919,19.85,5.7346,4.9783,2.0282,0.56,22.37,25.47,20.12,86.23,1.39,2.8,0.86,94.0
20060920,11.32,3.9862,2.1979,2.1134,0.39,22.19,24.78,20.23,87.58,1.11,1.85,0.72,93.98
20060921,5.7,3.4286,0.2645,2.2541,0.33,21.51,23.88,20.27,85.57,1.19,1.75,0.73,93.98
20060922,0.36,5.22,1.7542,3.0586,0.51,22.31,25.67,19.67,80.65,1.39,2.17,0.9,93.9
20060923,0.03,3.745,1.207,2.3638,0.36,22.71,26.33,20.1,84.91,1.65,2.83,1.04,93.85
20060924,0.0,4.8552,2.4221,2.6191,0.47,22.36,25.47,20.19,85.72,1.36,2.91,0.84,93.92
20060925,0.44,6.1409,5.2577,1.9682,0.59,22.86,26.46,20.04,81.31,1.42,2.45,0.89,93.88
20060926,0.39,4.7186,3.2729,1.9519,0.46,22.65,26.26,19.69,84.98,1.45,2.65,0.91,93.82
20060927,2.51,5.1547,3.7423,2.119,0.5,22.48,25.99,19.77,85.9,1.48,2.47,0.94,93.84
20060928,0.39,6.9079,6.5501,1.7825,0.67,22.86,26.53,20.32,83.22,1.35,2.06,0.85,93.87
20060929,0.08,6.5736,6.1889,1.937,0.63,22.57,26.3,19.88,78.55,1.36,2.47,0.86,93.92
20060930,0.0,6.5366,6.2525,1.6814,0.63,22.15,26.15,18.21,80.16,1.54,2.52,0.99,93.86
20061001,1.69,5.8766,4.9224,1.9157,0.57,22.78,26.48,20.34,82.59,1.68,3.36,1.08,93.83
20061002,0.59,5.8553,3.6451,2.7,0.56,22.64,26.57,19.97,84.06,1.68,2.13,1.01,93.83
20061003,0.01,6.978,5.9623,2.0167,0.67,22.71,26.45,19.38,73.09,1.43,2.02,0.89,93.93
20061004,0.0,7.0853,6.8016,1.9142,0.68,22.68,26.16,19.77,80.52,1.36,2.07,0.87,93.96
20061005,0.0,7.079,6.9485,2.0849,0.68,21.68,25.69,18.79,76.98,1.68,2.02,1.03,94.0
20061006,0.0,6.925,5.9359,2.1648,0.67,21.51,25.69,18.86,76.91,1.51,1.98,0.95,93.97
20061007,0.79,5.801,4.2811,2.3366,0.56,22.6,26.82,19.1,82.16,1.5,2.79,0.98,93.97
20061008,0.68,4.4494,0.8686,2.989,0.43,23.06,26.9,20.61,85.13,1.45,2.45,0.91,94.02
20061009,2.97,2.6539,0.3624,1.6838,0.25,23.04,26.46,20.72,83.65,1.3,2.44,0.83,94.05
20061010,0.08,5.6633,3.1351,2.7079,0.54,22.69,26.06,19.85,79.06,1.1,1.92,0.67,94.11
20061011,0.0,6.2647,5.0182,2.0609,0.6,22.52,26.24,19.67,78.3,1.31,2.07,0.84,94.15
20061012,0.0,5.2548,2.5565,2.7173,0.5,23.47,27.63,20.46,81.54,1.2,1.91,0.77,94.15
20061013,0.0,5.105,3.0694,2.2632,0.49,23.23,26.48,20.98,85.57,1.73,2.36,1.07,94.15
20061014,3.8,3.8194,1.1412,2.2519,0.37,23.14,25.89,21.24,88.95,1.46,2.37,0.91,94.03
20061015,1.33,4.2809,1.6291,2.4026,0.41,23.2,26.27,21.33,88.68,1.77,2.73,1.08,93.98
20061016,0.12,4.8389,2.2778,2.3976,0.46,23.28,27.01,20.35,84.79,1.55,2.46,0.95,94.0
20061017,1.75,5.3846,2.9484,2.6724,0.52,23.39,27.17,20.61,83.78,1.33,2.08,0.85,93.99
20061018,1.16,5.4895,3.9108,2.3474,0.53,23.59,27.48,20.71,85.57,1.54,2.72,0.97,93.92
20061019,2.82,6.3434,4.9361,2.3688,0.61,23.56,27.3,20.84,86.52,1.56,2.73,1.0,93.91
20061020,0.27,5.369,3.9108,2.2217,0.51,23.69,27.62,20.63,84.09,1.36,2.43,0.82,93.93
20061021,0.01,5.8613,4.7383,2.2699,0.56,23.79,27.85,20.34,81.07,1.46,2.23,0.87,93.87
20061022,0.0,6.439,5.472,2.1394,0.62,23.99,28.03,21.07,79.73,1.26,2.08,0.8,93.85
20061023,0.0,6.5688,5.0198,2.6846,0.63,23.65,27.72,20.59,76.65,1.18,1.85,0.78,93.88
20061024,0.01,6.0262,5.081,2.1581,0.58,23.42,27.41,20.05,81.15,1.5,2.39,0.95,93.85
20061025,0.0,6.3991,5.009,2.2262,0.61,23.91,27.94,20.87,82.98,1.5,2.08,0.93,93.79
20061026,0.0,4.9589,2.382,2.5882,0.48,23.1,25.88,21.46,85.58,1.44,2.7,0.88,93.85
20061027,0.12,5.527,4.3318,2.2418,0.53,23.1,26.95,20.54,78.34,1.62,2.6,1.03,93.9
20061028,3.26,5.5046,4.307,2.1794,0.53,23.08,26.97,19.94,77.2,1.41,2.0,0.92,93.78
20061029,1.28,6.0175,4.7033,2.1698,0.58,22.99,26.35,20.61,85.26,1.54,2.31,0.95,93.73
20061030,0.18,5.5855,2.8106,2.8879,0.54,23.94,27.92,20.57,82.24,1.48,2.3,0.91,93.76
20061031,3.37,5.3818,2.8426,2.6674,0.52,24.35,28.41,21.29,82.13,1.17,2.22,0.73,93.76
20061101,3.21,5.4778,3.7447,2.2378,0.53,24.15,27.72,21.25,83.89,1.36,2.6,0.88,93.73
20061102,0.34,5.6832,4.099,2.2267,0.55,23.46,26.41,21.08,86.55,1.07,1.87,0.67,93.74
20061103,0.01,6.4008,5.3076,2.2634,0.62,23.77,26.97,21.08,84.88,1.4,2.18,0.89,93.78
20061104,0.0,7.0272,6.312,2.099,0.68,23.57,27.91,20.3,79.69,1.49,2.01,0.93,93.83
20061105,0.0,7.1974,6.9595,1.8422,0.69,23.39,28.11,19.71,70.08,1.54,2.1,0.96,93.78
20061106,0.18,6.6576,6.1042,2.0683,0.64,23.74,28.41,19.74,75.84,1.24,1.83,0.8,93.79
20061107,0.14,6.3562,5.2896,2.2692,0.61,24.01,27.53,21.27,79.64,1.22,2.16,0.79,93.81
20061108,0.01,6.9204,6.6274,1.8427,0.67,24.5,28.52,21.69,78.43,1.26,1.68,0.8,93.86
20061109,0.0,6.4318,5.5375,2.1209,0.62,24.61,28.38,21.45,79.1,1.14,2.04,0.77,93.95
20061110,0.0,6.595,6.0252,1.9764,0.64,24.7,28.46,21.95,79.86,1.63,2.35,1.03,93.85
20061111,0.0,6.4891,5.3424,2.2987,0.63,24.72,28.79,21.52,76.77,1.34,1.88,0.85,93.8
20061112,0.14,6.5628,5.4878,2.2726,0.64,24.19,28.45,20.55,78.03,1.57,2.46,0.98,93.77
20061113,0.04,6.1752,5.1998,2.1636,0.6,24.62,29.05,20.98,75.36,1.26,1.98,0.79,93.78
20061114,4.62,6.39,5.6772,2.0215,0.62,24.35,28.28,21.73,78.08,1.07,1.97,0.7,93.9
20061115,4.91,5.6791,4.0771,2.418,0.55,24.25,27.75,21.67,81.7,1.38,2.35,0.87,93.85
20061116,0.08,6.479,5.0016,2.5834,0.63,24.53,28.28,21.35,77.56,1.12,1.72,0.72,93.73
20061117,0.88,5.5085,3.3485,2.7718,0.54,24.04,26.65,22.3,82.23,1.12,1.91,0.71,93.75
20061118,10.9,5.8402,4.3373,2.3695,0.57,23.72,27.56,20.76,81.17,1.78,2.23,1.05,93.77
20061119,2.25,5.9299,5.3098,2.0249,0.58,23.67,28.02,20.14,83.52,1.51,1.94,0.91,93.75
20061120,0.16,4.469,2.2476,2.6498,0.44,23.91,28.11,20.3,80.05,1.73,2.28,1.04,93.69
20061121,2.72,5.0196,2.5222,2.7804,0.49,23.64,26.29,21.44,80.63,1.15,1.75,0.74,93.68
20061122,23.34,5.4007,3.432,2.4142,0.53,23.63,26.36,21.91,85.76,1.22,2.33,0.78,93.71
20061123,15.38,5.189,4.1911,2.1828,0.51,23.82,26.58,21.65,87.16,1.35,1.62,0.82,93.75
20061124,6.95,4.9102,3.2993,2.2037,0.48,24.22,27.54,21.4,82.14,1.34,2.07,0.83,93.76
20061125,2.04,5.6914,4.7402,2.0232,0.56,24.04,27.34,21.5,84.97,1.58,2.34,0.97,93.65
20061126,0.73,5.4852,3.8098,2.4689,0.54,23.2,24.75,22.08,90.52,1.18,1.8,0.74,93.61
20061127,3.57,5.1425,3.073,2.431,0.5,23.24,25.12,21.88,89.18,1.53,2.1,0.94,93.58
20061128,2.84,5.6398,4.0752,2.3659,0.55,23.17,25.45,21.24,87.79,1.23,1.92,0.73,93.7
20061129,0.73,5.4434,4.9922,1.8461,0.53,23.84,26.68,21.98,85.98,1.85,3.01,1.16,93.75
20061130,0.1,5.8152,4.3162,2.4514,0.57,23.76,26.43,22.08,83.76,1.2,2.31,0.76,93.71
20061201,6.45,5.9748,5.3657,2.004,0.59,24.64,28.4,22.1,82.35,1.18,2.19,0.72,93.62
20061202,5.2,5.3237,3.9036,2.2234,0.52,24.06,27.24,22.19,86.99,0.89,1.47,0.56,93.67
20061203,3.22,5.9285,5.3033,2.0374,0.58,24.49,28.05,22.1,84.73,1.2,1.68,0.72,93.72
20061204,2.9,5.3755,4.0022,2.3239,0.53,23.48,25.48,22.0,86.41,1.05,1.64,0.66,93.77
20061205,3.17,5.3858,3.6598,2.4422,0.53,23.33,25.54,21.4,86.37,1.29,2.31,0.82,93.83
20061206,0.15,5.7091,4.571,2.2812,0.56,24.06,27.87,20.78,77.61,1.29,2.18,0.81,93.76
20061207,0.0,6.3163,5.6777,2.1334,0.62,23.82,26.3,21.85,82.43,1.11,2.27,0.73,93.71
20061208,1.22,6.403,5.6868,2.1518,0.63,24.99,28.85,22.09,77.67,1.09,2.31,0.7,93.75
20061209,1.63,5.8795,3.9737,2.6786,0.58,25.0,28.61,22.91,79.58,1.22,2.27,0.82,93.76
20061210,5.19,5.369,3.1519,2.4461,0.53,24.6,27.91,22.67,84.72,1.06,1.32,0.63,93.76
20061211,1.9,4.5881,2.8207,2.1775,0.45,24.53,28.18,21.8,82.82,1.46,1.93,0.88,93.8
20061212,5.23,6.2018,5.6141,2.0544,0.61,24.48,28.42,21.5,81.57,1.64,1.88,0.99,93.8
20061213,18.56,6.1284,5.3494,2.2709,0.6,24.43,28.58,20.45,80.92,1.53,1.86,0.92,93.84
20061214,4.89,5.8625,3.4318,2.9158,0.58,24.29,27.57,22.06,85.15,1.55,2.29,0.98,93.82
20061215,2.35,5.6498,4.0087,2.4706,0.56,23.58,26.0,21.99,89.13,1.15,1.71,0.69,93.82
20061216,0.92,6.2477,5.5051,2.1473,0.62,24.82,28.55,21.62,80.72,1.19,2.21,0.76,93.8
20061217,27.04,5.2488,3.965,2.1581,0.52,24.07,26.47,22.64,88.45,1.21,2.14,0.76,93.72
20061218,15.59,4.9015,2.7881,2.406,0.48,24.27,27.13,22.64,89.48,1.49,2.22,0.91,93.66
20061219,3.04,5.7958,4.1633,2.5224,0.57,23.97,26.65,22.53,90.01,1.54,2.23,0.96,93.71
20061220,7.33,6.2081,5.8675,1.8614,0.61,24.88,28.52,22.09,82.78,1.01,2.04,0.67,93.6
20061221,26.98,5.5027,4.2653,2.1821,0.54,23.32,24.56,21.95,93.12,1.41,2.09,0.85,93.61
20061222,9.29,5.5277,4.3243,2.1197,0.54,23.2,25.99,21.25,88.09,1.09,1.89,0.68,93.58
20061223,2.0,5.256,2.874,2.6674,0.52,23.77,27.02,21.55,86.99,1.33,1.96,0.78,93.54
20061224,27.18,5.5123,4.5374,2.0054,0.54,23.64,25.5,22.17,91.5,1.21,1.61,0.72,93.51
20061225,19.83,5.2478,2.9052,2.7139,0.52,23.21,24.73,22.17,94.48,1.36,1.69,0.88,93.55
20061226,0.86,5.5346,4.4494,2.2394,0.55,24.9,28.68,21.82,82.49,1.32,2.14,0.83,93.53
20061227,9.68,5.2109,2.9189,2.8445,0.51,23.98,26.27,22.63,90.12,1.46,2.09,0.91,93.54
20061228,1.87,4.2955,0.5465,3.0816,0.42,24.2,27.01,22.55,87.64,1.6,2.12,1.01,93.54
20061229,5.01,4.8206,1.0795,3.1469,0.47,24.01,26.47,22.26,88.6,1.14,1.61,0.72,93.54
20061230,18.3,3.9334,0.8568,2.659,0.39,24.04,26.4,22.63,90.36,0.94,1.59,0.58,93.55
20061231,7.83,4.0118,0.222,3.0559,0.39,23.98,27.44,21.92,85.47,1.13,1.82,0.68,93.58
20070101,0.65,4.1316,0.3888,3.0372,0.41,23.79,26.77,21.51,85.39,0.94,1.5,0.57,93.59
20070102,1.38,3.9446,0.1248,3.0046,0.39,23.66,26.83,20.86,85.2,1.16,1.56,0.71,93.61
20070103,2.02,3.6744,0.3636,2.6546,0.36,23.28,26.11,21.19,86.66,1.07,2.26,0.63,93.64
20070104,0.25,4.1448,0.1003,3.1915,0.41,23.72,27.2,20.88,81.25,0.97,1.59,0.57,93.68
20070105,11.86,4.3198,0.4831,3.2482,0.42,23.79,26.39,21.93,85.93,1.13,1.98,0.69,93.72
20070106,24.9,5.4619,3.6247,2.4984,0.54,23.95,26.66,22.19,89.85,1.36,2.14,0.84,93.72
20070107,16.48,4.1928,0.2849,3.1171,0.41,23.69,26.39,21.99,88.17,1.07,1.7,0.63,93.73
20070108,0.63,4.5242,0.9648,3.1637,0.44,23.75,27.94,20.43,82.28,0.92,1.52,0.57,93.71
20070109,0.02,5.0078,2.8968,2.3482,0.49,23.68,27.27,21.13,85.91,0.81,2.11,0.51,93.76
20070110,1.22,5.449,2.8222,2.9789,0.53,24.3,27.5,21.18,84.05,1.02,1.53,0.63,93.73
20070111,0.39,5.874,5.1055,2.0018,0.57,24.42,27.58,22.25,85.18,1.2,2.21,0.73,93.67
20070112,9.65,5.6698,3.4718,2.6477,0.55,24.83,27.99,22.78,82.84,0.87,1.62,0.56,93.61
20070113,5.79,5.285,1.4297,3.3106,0.52,24.06,26.58,22.12,86.3,0.88,1.49,0.56,93.64
20070114,0.44,5.6028,1.793,3.6785,0.55,24.73,27.81,22.04,79.31,0.87,1.38,0.55,93.61
20070115,0.2,4.9788,0.823,3.661,0.48,23.76,26.22,21.03,82.55,1.16,1.97,0.71,93.68
20070116,14.35,5.5682,3.1114,2.789,0.54,24.46,27.92,21.74,82.47,0.81,1.48,0.51,93.76
20070117,8.26,6.3744,5.5493,2.3335,0.62,24.68,28.47,22.04,86.28,1.04,1.78,0.68,93.8
20070118,5.05,5.5272,2.28,3.5628,0.54,24.18,26.21,22.84,89.62,1.02,1.86,0.65,93.82
20070119,10.09,5.1108,0.9305,3.7061,0.5,24.29,27.12,22.41,87.15,1.08,1.58,0.66,93.81
20070120,1.66,5.1684,2.0515,2.8104,0.5,24.24,27.28,22.21,88.01,1.33,1.87,0.81,93.79
20070121,0.76,5.245,2.9021,2.5867,0.51,24.12,27.22,22.16,86.28,1.18,2.02,0.75,93.8
20070122,11.73,4.8041,0.8794,3.1181,0.46,23.88,26.91,21.79,86.37,0.85,1.52,0.53,93.8
20070123,8.51,5.4797,3.6845,2.7905,0.53,24.11,27.34,22.01,86.72,1.23,2.18,0.8,93.8
20070124,35.28,3.7795,0.5671,2.4989,0.36,23.1,25.21,21.79,90.95,0.89,1.37,0.55,93.86
20070125,3.84,5.0222,2.9722,2.3518,0.48,23.48,26.34,21.64,85.29,1.26,2.32,0.79,93.89
20070126,8.09,4.5634,0.7505,3.2388,0.44,23.74,27.39,21.14,86.66,0.88,2.06,0.58,93.83
20070127,40.25,5.6066,3.8674,2.2219,0.54,23.49,26.16,21.91,88.39,0.69,1.28,0.42,93.88
20070128,7.54,5.0911,2.2805,2.6592,0.49,24.12,27.72,21.79,83.36,0.79,1.39,0.48,93.79
20070129,0.76,5.5301,2.9784,2.779,0.53,23.94,28.34,20.64,80.31,1.04,1.78,0.65,93.79
20070130,1.49,4.1707,0.4068,2.825,0.4,23.31,26.44,21.11,86.26,0.83,1.8,0.52,93.82
20070131,4.92,3.9761,0.2232,2.9662,0.38,23.52,26.28,21.28,87.24,0.65,1.2,0.44,93.85
20070201,24.37,3.3302,0.4762,2.1557,0.32,22.73,24.78,21.24,88.86,0.81,1.4,0.49,93.84
20070202,3.51,4.9457,2.2253,2.5416,0.47,23.52,26.98,20.95,84.89,0.71,1.3,0.47,93.79
20070203,9.82,5.892,3.6636,2.527,0.56,23.77,27.16,20.51,84.16,0.96,1.56,0.6,93.81
20070204,1.66,5.5008,2.7127,2.7418,0.53,23.66,26.58,20.9,86.15,1.07,1.75,0.67,93.79
20070205,5.69,5.927,3.4025,2.9102,0.57,24.94,28.63,22.63,84.7,0.89,1.58,0.6,93.75
20070206,5.94,5.911,2.6669,3.2712,0.56,24.54,27.83,22.54,85.8,0.86,1.7,0.53,93.79
20070207,9.88,4.2214,0.8059,2.8162,0.4,24.22,27.09,22.07,85.52,0.91,1.68,0.56,93.85
20070208,9.67,4.427,0.6403,3.0132,0.42,23.31,26.14,21.6,88.65,0.85,1.36,0.53,93.94
20070209,6.5,4.0942,0.3221,3.0334,0.39,23.57,26.77,21.18,85.5,1.17,1.9,0.73,93.93
20070210,2.13,5.4209,2.477,2.7706,0.52,24.02,26.42,22.6,87.37,1.2,1.93,0.74,93.88
20070211,4.4,5.0947,2.3213,2.9899,0.48,23.56,25.88,21.76,87.94,0.91,1.66,0.59,93.88
20070212,5.17,5.1269,2.3546,2.6746,0.49,23.3,25.91,22.12,92.28,1.57,2.43,0.99,93.86
20070213,2.16,5.1965,2.4175,2.7605,0.49,23.06,25.27,21.36,89.1,0.94,1.43,0.59,93.89
20070214,0.32,4.8881,2.3506,2.5322,0.46,24.12,27.19,21.27,82.8,1.42,2.28,0.89,93.91
20070215,4.93,5.9071,3.4526,2.7382,0.56,23.73,25.89,22.08,92.19,1.56,2.18,0.98,93.77
20070216,24.24,5.1386,2.2886,2.6256,0.49,22.8,24.37,21.68,88.04,1.07,1.59,0.64,93.78
20070217,11.71,5.9465,4.6183,2.3659,0.56,22.59,25.02,21.3,90.74,1.58,2.97,1.01,93.78
20070218,9.96,5.016,1.3973,3.1094,0.48,22.41,23.9,21.02,89.03,0.91,1.58,0.58,93.75
20070219,2.04,3.6989,0.1006,2.7876,0.35,22.71,24.68,21.11,87.31,1.17,2.04,0.75,93.72
20070220,7.63,5.5082,3.197,2.6138,0.52,23.68,27.26,21.08,85.1,1.24,2.02,0.8,93.7
20070221,10.31,5.4283,3.1975,2.4648,0.51,23.09,25.25,21.75,92.57,1.31,1.84,0.79,93.69
20070222,14.46,5.9494,4.1844,2.3426,0.56,23.2,26.21,21.27,89.03,1.22,2.05,0.75,93.62
20070223,3.64,5.0491,0.9761,3.3012,0.48,22.93,25.15,20.71,87.89,1.16,1.74,0.71,93.57
20070224,6.91,5.9227,4.1162,2.4336,0.56,23.09,26.2,20.66,88.02,1.23,1.88,0.78,93.58
20070225,29.12,5.2656,3.1553,2.3486,0.5,23.04,24.72,21.84,91.1,0.72,1.46,0.43,93.5
20070226,10.0,5.6779,3.1294,2.6875,0.54,23.47,26.77,21.05,86.53,1.28,2.23,0.78,93.48
20070227,29.23,6.7932,5.9597,2.0906,0.64,24.21,27.58,21.61,83.3,0.88,1.24,0.57,93.51
20070228,2.71,5.076,1.3502,3.0451,0.48,23.81,26.83,22.04,87.94,1.02,1.94,0.67,93.56
20070301,0.02,5.3016,1.759,3.5594,0.5,24.29,27.78,21.63,84.37,1.29,2.38,0.82,93.57
20070302,1.95,4.6618,0.3478,3.3149,0.44,24.36,27.31,22.02,83.18,0.63,1.23,0.38,93.57
20070303,0.06,4.8535,0.5359,3.5424,0.46,24.33,28.09,21.24,79.12,1.16,2.15,0.74,93.59
20070304,2.68,5.6976,2.8243,3.4366,0.54,24.26,27.46,21.88,82.79,0.71,1.21,0.48,93.62
20070305,2.48,5.8193,3.2146,2.8426,0.55,23.96,26.88,21.1,83.04,0.7,1.27,0.45,93.62
20070306,0.45,6.1435,4.9073,2.2392,0.58,24.47,27.96,21.94,78.71,0.97,1.57,0.55,93.51
20070307,0.06,6.5345,6.5366,1.8396,0.62,24.11,28.17,20.68,78.01,1.35,2.25,0.78,93.41
20070308,1.12,6.9451,6.2179,2.2656,0.66,23.62,27.16,20.02,79.73,1.55,2.11,0.92,93.65
20070309,0.94,5.5133,3.7361,2.503,0.52,23.46,25.88,21.55,85.98,1.18,1.69,0.76,93.78
20070310,3.85,5.1,1.5972,2.8822,0.48,23.59,26.45,21.04,81.75,1.36,1.72,0.84,93.79
20070311,0.59,3.199,0.0295,2.4017,0.3,22.97,25.08,20.89,83.12,1.11,1.58,0.71,93.9
20070312,9.03,5.0674,1.307,3.2484,0.48,24.09,27.42,21.67,84.21,1.36,2.28,0.88,93.81
20070313,2.54,6.3074,4.8518,2.2826,0.6,23.68,26.8,22.0,89.89,1.82,2.48,1.12,93.81
20070314,5.86,5.5097,3.2266,2.5058,0.52,23.01,24.49,21.84,92.39,1.72,1.99,1.04,93.71
20070315,1.9,4.4196,0.4848,3.0965,0.42,23.39,25.51,21.91,90.96,1.3,1.75,0.77,93.62
20070316,7.5,5.9882,4.9805,1.9231,0.57,23.98,26.71,22.17,90.16,1.71,2.15,1.05,93.58
20070317,10.53,5.591,3.5095,2.3045,0.53,22.68,23.53,21.85,91.68,0.81,1.42,0.5,93.61
20070318,66.31,4.373,2.5205,2.0388,0.42,22.7,25.04,21.4,88.55,0.81,1.5,0.5,93.58
20070319,35.4,4.2202,0.4195,2.8687,0.4,23.14,25.82,21.48,86.49,0.93,1.51,0.59,93.63
20070320,6.14,3.3082,0.0931,2.5042,0.32,23.25,25.33,22.02,87.92,1.06,2.12,0.69,93.73
20070321,78.66,5.3676,1.9994,2.9066,0.51,23.6,26.6,21.61,85.68,0.72,1.37,0.47,93.73
20070322,22.78,5.581,3.6041,2.309,0.53,23.03,25.62,20.79,87.47,1.1,1.67,0.66,93.79
20070323,8.89,5.1194,1.5646,3.0348,0.49,23.71,26.51,21.82,86.72,0.98,1.53,0.64,93.82
20070324,10.9,5.2178,2.7821,2.3566,0.5,23.86,26.79,22.09,89.7,0.88,2.24,0.54,93.69
20070325,0.71,4.4986,0.3658,3.2177,0.43,22.76,25.43,20.92,86.07,1.62,2.66,0.95,93.71
20070326,7.55,6.336,4.4518,2.37,0.61,23.73,27.61,20.58,85.03,1.1,1.6,0.63,93.73
20070327,6.01,6.0449,4.0627,2.526,0.58,23.98,27.54,21.21,87.62,1.08,1.5,0.66,93.77
20070328,8.19,6.2184,5.0868,2.0938,0.6,23.71,26.33,22.06,88.3,1.01,1.39,0.65,93.82
20070329,0.81,5.3707,1.7875,3.1656,0.52,22.87,25.18,20.96,87.63,1.38,1.92,0.85,93.86
20070330,28.91,5.9376,4.6286,2.0974,0.57,23.79,26.38,21.74,89.11,1.41,2.2,0.89,93.85
20070331,28.14,6.1685,5.1593,2.0606,0.6,23.32,25.22,22.27,93.08,1.29,1.77,0.8,93.86
20070401,8.43,5.7547,4.272,2.2476,0.56,23.62,26.4,21.95,87.89,1.42,2.03,0.89,93.76
20070402,13.67,5.111,2.5322,2.6299,0.5,23.01,24.62,21.79,95.28,1.76,2.56,1.08,93.7
20070403,12.74,6.0701,4.9822,1.9834,0.59,23.59,26.1,21.96,89.14,1.47,2.95,0.9,93.71
20070404,51.55,5.2435,2.9047,2.5342,0.51,23.07,26.13,20.53,87.69,1.51,2.74,0.98,93.83
20070405,33.81,4.6776,1.4496,2.7677,0.46,22.55,24.55,21.42,94.03,1.72,3.29,1.06,93.83
20070406,24.81,5.8222,4.5511,2.0366,0.57,22.95,25.59,21.02,88.87,1.41,2.17,0.89,93.81
20070407,23.32,6.0763,4.7947,2.137,0.6,23.32,25.11,22.19,93.05,1.31,1.71,0.78,93.73
20070408,35.48,4.6226,1.8077,2.5442,0.45,23.0,24.66,21.84,93.75,1.17,1.83,0.72,93.82
20070409,16.58,5.0986,3.0744,2.2942,0.5,22.96,24.44,21.92,93.69,1.5,2.09,0.91,93.88
20070410,6.81,5.6071,4.53,1.9961,0.55,23.66,26.74,21.67,90.85,1.13,2.0,0.7,93.83
20070411,25.03,5.9897,5.0726,2.0491,0.59,23.25,25.68,21.92,89.72,1.08,1.78,0.67,93.8
20070412,10.09,5.7982,4.4278,2.178,0.57,22.98,25.16,21.63,91.32,1.02,2.0,0.63,93.79
20070413,0.57,5.7413,4.8816,1.9258,0.57,24.17,26.99,22.26,86.61,1.4,2.27,0.9,93.75
20070414,0.75,5.1554,1.9922,2.8958,0.51,24.01,26.34,22.3,91.53,1.32,2.2,0.82,93.75
20070415,9.84,5.5178,3.9418,2.2279,0.55,24.03,26.24,22.49,91.67,0.91,1.61,0.54,93.75
20070416,4.01,3.5743,0.1997,2.5879,0.36,23.19,24.98,21.81,88.95,0.94,1.46,0.61,93.83
20070417,1.51,5.8186,4.8646,1.8262,0.58,24.27,27.79,21.42,84.83,1.69,2.48,1.07,93.76
20070418,1.42,5.8598,4.9579,1.9154,0.59,24.16,26.37,22.71,90.56,1.56,2.03,0.98,93.85
20070419,3.22,6.5854,6.5098,1.6337,0.66,23.83,26.52,21.99,87.42,1.32,1.78,0.81,93.84
20070420,45.56,5.3237,2.6378,2.9069,0.54,22.91,24.69,21.69,91.72,1.2,1.49,0.75,93.84
20070421,25.28,4.6805,2.2685,2.3218,0.47,22.6,24.24,21.17,92.37,0.95,1.8,0.6,93.8
20070422,3.45,5.8298,4.8864,2.0844,0.59,23.19,25.82,21.42,92.52,1.81,2.63,1.13,93.76
20070423,5.68,5.3167,2.8488,2.5915,0.54,22.81,24.08,21.36,94.73,1.79,3.03,1.11,93.7
20070424,2.37,5.4698,4.2211,2.2133,0.55,23.02,25.63,20.49,89.77,1.38,2.17,0.85,93.65
20070425,1.41,5.125,2.8968,2.55,0.52,23.04,24.87,21.92,92.26,1.15,2.13,0.72,93.74
20070426,3.07,5.4264,4.392,2.0112,0.55,23.0,25.49,20.86,92.88,1.49,2.33,0.91,93.76
20070427,2.04,5.1199,2.4866,2.6993,0.52,23.93,26.98,21.81,86.95,1.29,2.16,0.83,93.69
20070428,6.54,4.2907,1.8202,2.4132,0.44,22.9,24.58,21.37,93.0,0.93,1.7,0.58,93.6
20070429,1.1,5.311,3.0283,2.436,0.54,23.39,26.34,20.82,85.4,1.07,1.67,0.63,93.69
20070430,2.21,4.1124,2.6496,2.0429,0.42,22.72,24.64,21.48,92.88,1.26,2.19,0.81,93.78
20070501,0.69,5.6626,5.3753,1.6903,0.58,23.24,25.44,21.44,91.72,1.82,2.85,1.11,93.83
20070502,3.54,5.5954,4.488,2.052,0.58,23.17,25.24,21.41,91.16,1.18,1.87,0.74,93.74
20070503,32.79,4.5454,1.7738,2.7706,0.47,23.32,25.3,22.01,92.93,1.28,2.12,0.81,93.68
20070504,11.15,4.0879,1.0673,2.6352,0.42,23.34,25.97,21.7,91.18,1.19,2.36,0.72,93.72
20070505,22.63,4.4249,1.6591,2.5894,0.46,23.45,25.5,21.84,91.66,0.91,1.75,0.6,93.73
20070506,27.11,2.574,0.0864,1.9366,0.27,23.05,24.51,21.77,94.68,1.33,2.32,0.84,93.72
20070507,5.73,3.8933,0.6058,2.5229,0.41,22.43,23.97,21.22,93.89,1.31,2.01,0.81,93.79
20070508,0.02,5.033,3.2777,2.3467,0.53,23.56,26.56,21.27,87.75,1.35,2.67,0.85,93.77
20070509,26.27,4.997,3.624,2.1518,0.52,23.0,24.61,21.86,90.83,0.92,1.45,0.58,93.84
20070510,11.07,4.4585,2.7931,2.1072,0.47,22.63,25.43,21.03,91.73,1.94,3.41,1.21,93.79
20070511,2.71,4.9853,4.7638,1.6421,0.53,22.28,25.91,19.49,85.66,1.6,2.53,1.01,93.82
20070512,45.66,4.3505,1.6291,2.483,0.46,21.66,24.78,19.79,86.64,1.36,2.47,0.87,93.9
20070513,20.14,4.2614,1.8062,2.3758,0.45,22.99,26.38,20.23,86.53,1.16,2.43,0.71,93.81
20070514,6.76,5.4761,4.8763,1.9222,0.58,22.87,23.87,21.99,93.96,1.57,2.38,0.96,93.74
20070515,8.04,4.6538,3.0252,2.1379,0.5,23.01,24.88,21.84,92.51,1.74,2.55,1.06,93.8
20070516,0.08,5.6618,5.1919,1.8727,0.6,23.25,25.68,21.6,89.81,1.59,2.57,0.97,93.88
20070517,0.23,6.0622,5.7823,1.8079,0.65,23.85,26.71,21.41,85.44,1.16,2.1,0.72,93.86
20070518,1.5,5.3746,4.3853,2.0424,0.58,24.19,27.01,21.82,86.9,1.22,1.85,0.75,93.82
20070519,0.39,5.8548,5.8514,1.6726,0.63,24.18,27.36,22.52,87.13,1.0,1.99,0.63,93.87
20070520,20.76,5.928,5.9556,1.6918,0.64,23.99,26.72,22.1,86.2,1.08,1.95,0.7,93.94
20070521,17.68,6.0689,6.3941,1.6142,0.65,23.67,26.48,22.11,86.98,1.09,2.09,0.69,93.92
20070522,2.06,5.7377,5.2788,1.9387,0.62,23.21,25.91,20.98,85.88,0.96,1.5,0.59,93.93
20070523,2.58,5.1302,4.3421,2.081,0.55,23.33,26.04,21.51,85.36,1.32,2.07,0.83,93.89
20070524,0.79,4.9051,4.8511,1.7638,0.53,23.46,26.53,21.12,87.12,1.59,2.5,1.01,93.79
20070525,1.29,5.695,6.3115,1.4052,0.62,23.71,26.69,21.37,85.31,1.11,2.11,0.71,93.78
20070526,1.91,4.7275,4.1412,1.7693,0.51,23.73,26.49,21.36,85.03,1.36,1.76,0.83,93.83
20070527,11.55,5.7302,5.7876,1.5734,0.62,23.82,26.8,21.45,86.52,1.26,1.85,0.78,93.79
20070528,8.0,5.8438,5.5579,1.7952,0.64,23.37,25.73,21.2,88.33,1.22,2.15,0.74,93.77
20070529,12.29,4.9598,4.2958,2.0146,0.54,23.5,25.72,21.96,87.74,1.37,2.31,0.83,93.84
20070530,30.87,3.972,1.3764,2.3575,0.43,23.29,26.11,21.57,87.43,1.41,1.92,0.9,93.86
20070531,68.06,5.3604,4.1866,2.2409,0.59,23.3,25.6,21.61,90.43,1.16,1.81,0.75,93.84
20070601,25.29,5.3844,4.7174,1.9346,0.59,23.28,25.31,21.71,91.28,1.23,1.72,0.73,93.74
20070602,40.6,5.4458,5.0148,1.8228,0.6,23.43,26.68,20.68,87.17,1.45,1.77,0.88,93.75
20070603,7.67,4.4285,1.9109,2.5195,0.49,23.49,26.07,21.87,88.54,1.11,1.65,0.72,93.77
20070604,0.82,5.5166,5.5248,1.692,0.61,23.87,26.97,21.45,85.69,1.3,2.03,0.82,93.73
20070605,0.36,4.8986,3.6881,2.148,0.54,23.67,26.47,21.45,86.87,1.3,1.84,0.81,93.67
20070606,13.3,5.6628,6.5004,1.26,0.63,23.86,26.67,21.9,88.73,1.18,1.97,0.72,93.69
20070607,2.99,4.6138,1.5869,3.0638,0.51,23.27,26.21,20.55,86.46,1.3,1.88,0.79,93.78
20070608,30.82,4.5398,2.1468,2.9076,0.5,23.11,24.74,21.88,87.69,0.85,1.36,0.54,93.8
20070609,12.75,3.9804,1.0675,2.5824,0.44,22.8,24.94,21.12,91.12,1.5,2.73,0.95,93.71
20070610,6.39,5.3762,5.3318,1.6574,0.6,23.43,26.2,21.34,88.55,1.27,2.1,0.8,93.6
20070611,6.98,4.2319,3.1786,1.7438,0.47,22.93,25.17,21.64,90.59,1.28,2.16,0.78,93.58
20070612,4.17,3.4992,1.0003,2.3033,0.39,22.54,24.45,21.43,91.91,1.36,2.47,0.84,93.67
20070613,11.22,3.5906,0.9235,2.3261,0.4,22.79,24.3,21.34,91.63,1.12,1.99,0.66,93.59
20070614,54.65,3.3449,0.9574,2.154,0.37,22.99,24.95,21.71,93.21,1.35,2.45,0.8,93.56
20070615,16.81,3.7428,1.2787,2.2325,0.42,23.11,25.39,21.76,93.38,1.2,1.85,0.77,93.46
20070616,24.99,4.6212,3.5702,2.076,0.52,22.82,24.98,21.48,93.5,1.24,1.99,0.78,93.43
20070617,21.42,4.1378,2.9405,2.0016,0.46,23.41,26.39,21.21,92.13,1.5,1.96,0.93,93.28
20070618,20.62,3.3626,0.3149,2.406,0.38,22.33,23.56,21.59,95.3,1.37,1.72,0.83,93.35
20070619,17.99,4.0373,1.2694,2.4874,0.45,23.21,25.27,21.57,91.36,1.3,1.96,0.77,93.35
20070620,6.21,5.2114,4.758,1.8142,0.58,23.37,25.65,21.79,92.18,1.77,3.3,1.09,93.41
20070621,0.17,4.3025,1.9766,2.441,0.48,23.76,25.86,22.08,88.59,1.35,2.01,0.84,93.47
20070622,0.29,5.4118,4.9188,1.7364,0.6,23.82,26.37,21.97,87.41,1.03,1.54,0.64,93.59
20070623,26.72,5.1691,4.2895,2.0383,0.58,23.73,25.61,22.19,91.6,1.26,1.69,0.74,93.75
20070624,10.1,4.727,2.765,2.4862,0.53,23.51,25.39,22.04,90.25,1.21,1.91,0.77,93.78
20070625,2.36,4.3145,2.3878,2.6014,0.48,22.96,24.78,21.73,93.18,1.35,2.55,0.86,93.77
20070626,6.04,5.0647,4.5341,1.7554,0.57,23.41,26.29,21.25,89.96,1.58,1.99,0.96,93.72
20070627,9.97,3.1786,0.2933,2.2426,0.35,22.74,24.46,21.55,93.57,1.32,2.08,0.8,93.73
20070628,15.38,1.891,0.2342,1.3356,0.21,22.62,25.14,21.33,91.54,1.2,2.26,0.74,93.81
20070629,24.38,2.995,0.2347,2.2142,0.33,21.8,22.77,20.88,94.03,1.44,2.39,0.9,93.9
20070630,0.09,4.3558,0.9259,3.1788,0.49,22.52,25.19,20.73,87.33,1.4,2.31,0.85,93.86
20070701,0.11,5.1418,4.321,1.9565,0.57,22.93,26.12,20.64,87.58,1.73,2.46,1.08,93.82
20070702,0.05,2.4264,0.072,1.8895,0.27,23.38,25.78,21.75,87.65,1.06,1.65,0.66,93.84
20070703,18.66,4.6822,3.3629,2.1038,0.52,23.08,25.22,21.5,90.01,1.19,2.32,0.72,93.91
20070704,5.24,2.7478,0.299,1.9759,0.31,22.52,24.26,21.54,93.02,1.31,2.08,0.81,93.99
20070705,1.93,4.6646,3.3396,2.2085,0.52,22.71,24.92,21.05,89.71,1.09,1.87,0.68,93.93
20070706,1.52,2.694,0.4654,1.879,0.3,21.74,23.88,20.73,92.22,1.57,2.73,0.96,93.94
20070707,2.63,2.6563,2.4202,1.5744,0.29,22.05,25.13,19.88,85.29,1.53,2.2,0.94,94.0
20070708,1.42,5.3122,6.4591,1.3399,0.59,21.09,24.6,18.35,83.9,1.43,2.11,0.92,93.95
20070709,0.0,5.3638,5.3719,1.8002,0.59,21.63,24.86,19.09,82.78,1.35,2.37,0.84,93.87
20070710,0.8,3.7178,2.5399,2.0326,0.41,21.36,24.93,18.22,82.28,1.35,1.94,0.84,93.85
20070711,2.53,4.0198,3.5928,1.751,0.44,21.99,25.45,18.99,89.62,1.74,2.81,1.11,93.78
20070712,3.6,3.8741,1.86,2.3429,0.43,22.62,26.06,20.32,89.84,1.79,2.33,1.09,93.75
20070713,0.57,4.7006,3.4529,2.1247,0.52,22.78,26.08,20.23,85.18,1.37,2.13,0.86,93.86
20070714,0.3,4.9906,2.9825,2.3652,0.55,22.79,25.36,21.09,88.38,1.56,1.92,0.92,93.81
20070715,3.36,3.7514,0.5467,2.6098,0.41,23.05,26.14,20.97,87.92,1.39,1.69,0.83,93.87
20070716,0.3,4.1438,1.4263,2.7874,0.46,23.15,26.17,20.8,86.09,1.25,1.81,0.74,93.93
20070717,0.04,4.6572,3.5448,2.0021,0.51,23.3,26.6,20.78,86.23,1.43,2.29,0.86,93.91
20070718,2.43,3.7546,1.6421,2.1485,0.41,22.84,25.69,20.3,88.6,1.72,2.56,1.02,93.88
20070719,2.3,3.1135,0.9912,1.979,0.34,22.85,25.36,21.3,88.69,1.44,2.46,0.84,93.85
20070720,6.23,3.7294,1.7455,2.0119,0.41,22.84,25.94,20.55,88.92,1.63,2.67,0.96,93.81
20070721,4.04,3.9684,1.937,2.1122,0.43,22.75,25.92,20.44,89.55,1.67,2.62,1.02,93.73
20070722,38.15,3.1999,0.2935,2.2896,0.35,22.3,24.82,20.6,90.71,1.74,2.64,1.05,93.69
20070723,30.34,3.4781,0.4793,2.406,0.38,22.63,25.62,20.72,89.17,1.51,2.35,0.92,93.68
20070724,9.42,3.9578,1.662,2.3525,0.43,22.65,25.81,20.4,89.29,1.61,2.62,0.99,93.73
20070725,5.54,2.5546,0.2832,1.8226,0.28,21.61,23.04,20.71,93.07,1.51,2.1,0.92,93.7
20070726,2.51,2.2258,0.1126,1.6692,0.24,21.42,23.77,20.14,89.85,1.52,2.16,0.94,93.74
20070727,0.01,6.0511,6.1435,1.703,0.65,21.96,25.47,18.98,80.73,1.18,1.88,0.76,93.79
20070728,4.52,4.1918,1.9085,2.592,0.45,22.17,25.58,19.49,87.35,1.04,2.15,0.67,93.78
20070729,3.52,3.6427,1.4359,2.2135,0.39,21.8,24.14,20.29,88.17,1.41,2.4,0.87,93.82
20070730,0.23,3.8983,3.037,1.9886,0.42,21.74,24.74,19.73,85.93,1.41,2.44,0.94,93.88
20070731,0.0,5.9873,5.6755,1.763,0.64,21.51,25.3,18.36,84.93,1.34,2.2,0.86,93.87
20070801,0.43,5.3957,4.8283,1.8271,0.58,21.5,24.17,19.78,88.58,1.53,2.7,0.96,93.82
20070802,1.68,4.1662,0.905,2.675,0.44,21.19,23.97,19.42,89.21,2.05,3.31,1.26,93.89
20070803,2.81,4.3478,2.934,2.0822,0.46,21.9,25.32,19.22,88.48,1.7,2.55,1.08,93.82
20070804,3.37,2.6282,0.3619,1.8857,0.28,21.85,24.48,20.01,91.02,1.89,3.13,1.19,93.8
20070805,0.39,4.284,2.8874,2.0102,0.45,22.17,25.19,20.32,88.3,1.57,2.27,0.97,93.84
20070806,0.12,4.289,3.3314,1.9745,0.45,22.24,25.75,19.23,85.37,1.57,2.48,0.96,93.86
20070807,3.92,3.78,2.2308,1.9466,0.4,21.93,25.25,19.56,88.69,1.54,2.4,0.95,93.78
20070808,5.49,2.4442,0.2232,1.8444,0.26,21.38,23.65,19.65,91.21,1.49,2.46,0.92,93.78
20070809,1.92,3.8784,1.002,2.4583,0.41,21.73,24.14,20.17,88.55,1.31,1.7,0.81,93.88
20070810,17.17,4.5547,1.655,2.7401,0.48,21.74,24.06,20.35,90.06,1.37,2.04,0.84,93.89
20070811,7.24,4.7158,3.114,2.2896,0.49,22.54,25.93,19.98,88.56,1.52,2.0,0.91,93.9
20070812,1.1,3.2892,0.2916,2.3758,0.34,22.22,24.86,20.12,89.71,1.36,1.79,0.83,93.92
20070813,6.4,6.0206,5.5723,1.8382,0.63,22.49,25.44,20.21,88.26,1.29,1.77,0.81,93.91
20070814,9.37,4.9694,4.6481,1.6642,0.52,22.31,24.78,20.9,91.18,1.62,2.48,1.0,93.85
20070815,2.36,5.9282,6.0578,1.6709,0.61,21.91,24.58,20.06,89.65,1.97,2.94,1.21,93.79
20070816,1.32,5.442,5.2747,1.6222,0.56,22.27,25.45,19.99,87.3,1.62,2.15,1.0,93.78
20070817,19.11,4.2506,1.0627,2.9914,0.44,22.01,24.7,20.53,89.97,1.13,1.99,0.69,93.79
20070818,13.6,3.9854,0.4231,2.8778,0.41,22.41,24.87,20.74,91.73,1.29,2.09,0.76,93.84
20070819,4.05,4.2432,2.1924,2.201,0.44,22.38,25.32,20.25,90.61,1.59,2.77,0.96,93.89
20070820,7.74,4.2468,2.3021,2.2721,0.44,22.81,25.81,20.77,88.67,1.62,2.41,0.97,93.89
20070821,12.16,5.6976,5.6834,1.6404,0.58,22.76,26.12,19.99,88.13,1.52,2.24,0.93,93.83
20070822,8.56,4.9042,4.0358,1.9073,0.5,22.49,25.09,21.04,90.69,1.45,2.99,0.95,93.81
20070823,29.56,3.5556,0.3485,2.4912,0.36,22.74,25.66,20.67,88.54,1.47,2.53,0.92,93.81
20070824,6.35,4.9433,3.6806,2.1202,0.5,21.9,24.01,20.31,90.16,1.31,2.48,0.84,93.84
20070825,1.95,3.9454,1.2631,2.4847,0.4,22.26,25.43,20.09,89.0,1.78,3.07,1.15,93.76
20070826,1.12,3.0209,1.3553,1.9373,0.31,21.84,24.72,20.11,88.58,1.44,2.24,0.92,93.77
20070827,4.19,4.565,3.0869,2.2378,0.46,22.56,26.09,20.12,84.48,1.22,2.34,0.76,93.8
20070828,22.5,3.9792,1.303,2.597,0.4,22.29,26.0,19.09,88.01,1.77,2.75,1.07,93.82
20070829,1.91,4.7338,3.9178,1.9058,0.48,22.3,25.6,20.09,85.89,1.48,2.43,0.93,93.85
20070830,0.21,5.1074,4.4179,1.8655,0.51,22.57,26.16,19.66,83.74,1.27,2.07,0.81,93.85
20070831,0.79,5.634,5.4648,1.5293,0.57,22.29,25.76,19.4,81.28,1.31,2.1,0.85,93.79
20070901,4.34,3.0137,0.2611,2.2351,0.3,22.8,26.07,20.5,88.36,1.49,2.27,0.9,93.79
20070902,1.37,3.5076,0.7027,2.251,0.35,22.82,25.5,20.98,88.37,1.14,1.56,0.68,93.81
20070903,23.85,4.4186,2.4259,2.137,0.44,23.24,26.47,21.03,88.89,1.55,2.35,0.93,93.74
20070904,36.11,4.291,1.4678,2.3731,0.43,22.91,25.72,20.75,90.01,1.31,2.07,0.81,93.74
20070905,29.82,4.1638,0.8201,2.6282,0.41,22.6,24.82,21.06,92.15,1.38,1.99,0.87,93.76
20070906,7.1,3.3418,0.271,2.471,0.33,22.26,24.72,20.65,88.3,1.47,2.72,0.92,93.81
20070907,0.09,6.0235,4.3807,2.4269,0.6,22.93,26.42,20.33,84.97,1.14,2.51,0.75,93.75
20070908,0.13,5.4799,4.7602,1.7748,0.54,22.54,25.28,20.62,86.69,1.34,2.62,0.89,93.69
20070909,1.02,4.409,3.3794,1.8334,0.44,22.11,25.05,20.32,84.53,1.67,3.89,1.05,93.76
20070910,0.48,2.8771,1.4297,1.8847,0.28,22.29,25.44,20.13,83.11,1.33,2.4,0.86,93.82
20070911,22.9,5.1931,4.3548,1.8595,0.51,22.6,25.78,20.53,87.72,1.32,2.97,0.88,93.75
20070912,2.23,4.4796,1.8701,2.4742,0.44,22.55,25.62,20.64,88.67,1.44,2.68,0.93,93.71
20070913,0.12,5.91,5.0448,2.2116,0.58,23.04,26.61,20.4,85.53,1.23,2.67,0.79,93.69
20070914,0.0,4.513,3.0055,2.1115,0.44,22.91,26.22,20.47,84.55,1.28,2.54,0.8,93.73
20070915,0.22,5.9434,4.8624,2.0261,0.58,22.98,26.68,20.06,81.91,1.25,2.22,0.8,93.69
20070916,0.1,5.9357,4.9162,2.1175,0.58,23.04,26.48,20.48,84.19,1.31,2.32,0.86,93.72
20070917,0.0,6.0451,5.448,2.0074,0.59,22.91,26.69,20.27,84.0,1.43,2.77,0.94,93.78
20070918,0.0,6.8275,6.1075,2.0772,0.67,22.96,26.59,20.27,83.58,1.19,2.25,0.78,93.76
20070919,0.0,6.0509,4.3085,3.4325,0.59,22.32,26.01,19.87,83.63,1.24,2.45,0.81,93.81
20070920,0.0,5.5423,3.5539,2.7091,0.54,21.26,24.65,18.96,83.56,1.88,2.74,1.18,93.91
20070921,0.0,5.4636,2.7869,2.7194,0.53,21.77,24.89,18.6,80.9,1.27,1.8,0.75,93.84
20070922,9.41,5.9266,4.8682,1.949,0.58,23.18,26.45,20.43,85.42,1.14,1.8,0.7,93.74
20070923,9.2,5.6921,3.7315,2.4389,0.55,22.99,25.8,21.69,87.05,1.33,2.12,0.84,93.76
20070924,4.0,6.5455,5.7931,1.8797,0.63,23.42,26.62,20.73,85.49,0.96,1.99,0.65,93.75
20070925,0.93,7.1359,6.6329,1.7467,0.69,23.6,27.07,20.64,85.44,1.38,2.25,0.82,93.89
20070926,0.0,7.3586,7.4914,1.4837,0.71,22.43,26.25,19.35,79.61,1.49,2.28,0.97,93.97
20070927,0.0,6.8738,6.3864,2.1266,0.66,22.41,26.16,19.47,83.12,1.52,2.57,0.97,93.89
20070928,0.0,7.5046,7.8439,1.453,0.72,21.89,25.93,19.0,81.74,1.9,2.62,1.15,93.97
20070929,0.0,7.2089,6.7498,1.9404,0.7,22.33,26.16,18.91,79.85,1.48,2.34,0.95,93.9
20070930,0.0,7.5077,7.943,1.4527,0.72,22.0,26.09,18.26,82.14,1.41,2.06,0.88,93.9
20071001,0.0,7.2569,7.4129,1.6538,0.7,22.2,26.17,18.52,80.84,1.14,2.07,0.75,93.79
20071002,0.0,6.6461,6.1046,1.8307,0.64,23.29,27.31,20.04,80.45,1.35,2.49,0.87,93.76
20071003,5.87,6.2527,4.8389,2.1269,0.6,24.01,27.78,21.28,84.5,1.4,2.21,0.9,93.74
20071004,10.31,6.1951,4.8696,2.2829,0.6,23.72,26.96,21.25,87.43,1.25,1.69,0.76,93.77
20071005,11.02,6.0946,4.1568,2.7389,0.59,23.69,26.26,21.0,87.02,1.01,1.62,0.65,93.79
20071006,5.05,5.6278,4.3229,2.3606,0.54,23.35,26.02,21.38,85.19,1.04,1.72,0.65,93.76
20071007,0.07,6.3199,5.3782,2.1156,0.61,23.67,26.96,21.16,80.95,1.31,1.91,0.81,93.77
20071008,1.59,5.977,4.5626,2.2908,0.57,23.76,27.38,21.17,82.52,1.17,2.03,0.75,93.79
20071009,5.1,6.0394,4.6846,2.2382,0.58,22.98,26.16,21.03,87.64,1.15,2.32,0.74,93.79
20071010,0.64,6.6367,5.8752,2.0592,0.64,23.38,27.33,20.71,83.49,1.34,2.33,0.86,93.73
20071011,0.01,5.7254,3.9826,2.5169,0.55,23.76,27.07,21.45,83.16,1.36,2.55,0.89,93.77
20071012,0.02,6.1198,4.4635,2.3938,0.59,23.82,27.6,20.8,81.5,1.28,2.22,0.8,93.86
20071013,0.72,6.0545,4.9778,2.1473,0.58,24.16,27.98,21.44,81.18,1.11,2.04,0.71,93.86
20071014,1.05,6.1882,4.8794,2.16,0.59,24.33,27.65,21.65,81.92,1.01,1.9,0.66,93.84
20071015,1.26,4.667,2.6904,2.3573,0.45,23.83,27.22,21.01,82.63,1.42,1.8,0.88,93.83
20071016,2.06,5.0786,2.1206,2.7938,0.49,23.05,26.03,21.17,86.7,1.1,2.1,0.71,93.79
20071017,15.12,5.0261,2.8764,2.2836,0.48,23.51,26.57,21.39,88.47,1.75,2.45,1.09,93.76
20071018,8.68,5.9268,3.9254,2.5044,0.57,23.1,26.36,20.71,87.73,1.52,2.34,0.94,93.77
20071019,0.59,6.3175,5.0098,2.3172,0.61,23.61,27.64,19.96,82.34,1.45,2.06,0.92,93.77
20071020,17.31,5.1838,2.7259,2.7526,0.5,23.63,26.72,21.63,86.85,1.62,2.79,1.03,93.71
20071021,14.76,5.4986,3.2842,2.4986,0.53,23.05,26.12,20.19,87.56,1.4,1.96,0.87,93.66
20071022,3.56,5.3446,2.7833,2.8219,0.51,23.61,26.77,20.99,86.61,1.44,1.95,0.9,93.56
20071023,8.72,5.3124,2.2361,2.9585,0.51,23.77,26.67,21.92,86.86,1.49,2.37,0.91,93.56
20071024,1.2,6.0732,5.0983,2.178,0.58,23.89,27.25,21.52,82.7,1.28,2.52,0.85,93.6
20071025,0.73,6.4406,5.5774,2.263,0.62,24.12,27.5,21.66,81.49,1.45,2.88,0.94,93.61
20071026,1.63,5.9388,4.6202,2.2596,0.57,23.9,28.2,20.33,82.94,1.57,2.32,0.95,93.65
20071027,0.19,5.076,1.4297,3.0542,0.49,23.68,26.94,20.53,80.42,1.29,2.08,0.79,93.6
20071028,3.73,4.8636,2.245,2.5186,0.47,23.55,26.59,21.49,85.79,1.48,2.74,0.93,93.51
20071029,1.81,5.9446,3.0538,3.0946,0.57,23.03,26.19,20.77,87.23,0.97,1.59,0.59,93.54
20071030,21.23,5.7682,3.744,2.6126,0.55,24.23,27.45,21.73,86.12,1.37,2.1,0.87,93.61
20071031,54.88,4.9788,3.3365,2.5015,0.48,23.77,26.95,22.39,90.98,1.55,2.76,0.95,93.65
20071101,9.44,6.3756,4.841,2.3933,0.61,23.83,26.98,21.78,88.24,1.36,2.2,0.82,93.61
20071102,1.86,5.3952,2.6477,2.8877,0.52,23.63,25.28,22.16,87.17,0.99,2.07,0.64,93.56
20071103,0.44,4.547,0.8978,3.1807,0.44,23.55,25.95,21.39,86.38,0.94,1.63,0.65,93.56
20071104,3.63,5.4809,3.6835,2.4072,0.53,23.3,25.24,21.33,86.7,0.86,1.36,0.56,93.66
20071105,8.53,5.5872,3.8263,2.4478,0.54,23.65,25.87,22.08,85.72,0.96,1.39,0.62,93.64
20071106,1.61,6.6132,5.7446,2.4322,0.64,24.07,26.68,22.0,82.2,1.1,1.8,0.73,93.59
20071107,0.58,5.5644,3.7946,2.5457,0.54,23.16,25.49,21.13,85.79,1.5,2.78,0.96,93.59
20071108,8.5,6.0502,4.5912,2.3813,0.58,23.16,26.82,20.4,83.08,1.45,2.21,0.88,93.56
20071109,25.92,5.5814,3.1044,2.7134,0.54,23.45,26.81,20.36,88.09,1.58,2.42,0.95,93.56
20071110,13.84,5.3959,2.8956,2.6666,0.52,23.93,27.18,21.75,84.75,1.21,1.94,0.76,93.56
20071111,4.18,6.1646,4.171,2.7744,0.6,23.44,26.52,20.88,83.66,1.2,1.87,0.76,93.63
20071112,2.05,4.5845,0.5402,3.2196,0.44,22.78,24.57,20.83,85.98,1.29,2.0,0.8,93.62
20071113,9.37,4.9606,1.0975,3.2573,0.48,23.08,25.74,20.94,85.45,1.42,1.99,0.88,93.61
20071114,5.48,6.1229,4.872,2.2543,0.59,23.7,26.57,22.1,86.88,1.1,2.0,0.72,93.58
20071115,1.3,5.7276,3.462,2.7043,0.56,23.58,25.65,21.62,83.95,0.99,1.6,0.62,93.65
20071116,0.84,5.389,2.2829,2.8958,0.52,24.34,27.54,22.04,81.92,1.32,1.93,0.86,93.61
20071117,9.3,4.0068,0.8366,2.5932,0.39,23.46,25.78,22.22,91.47,1.32,2.04,0.82,93.52
20071118,2.09,6.0864,4.8703,2.2642,0.59,23.91,26.65,22.07,87.23,1.25,2.18,0.76,93.55
20071119,4.22,5.0201,2.4278,2.8289,0.49,23.97,26.36,22.61,90.17,1.21,2.11,0.77,93.58
20071120,1.63,4.3865,2.6988,2.2735,0.43,23.91,26.11,22.57,87.09,1.5,2.54,0.91,93.65
20071121,0.55,6.3161,5.1278,2.2282,0.62,24.08,27.17,21.99,82.28,1.51,2.67,0.95,93.65
20071122,7.23,6.8954,6.5731,1.9034,0.67,24.03,27.64,21.67,82.75,1.67,2.39,1.02,93.61
20071123,2.42,5.221,2.1533,2.9364,0.51,24.13,26.75,22.25,87.03,1.51,2.19,0.93,93.54
20071124,9.03,5.0153,2.1948,2.6683,0.49,22.93,24.67,21.04,88.17,1.45,2.04,0.9,93.7
20071125,9.04,4.0236,0.4997,2.7178,0.39,22.79,24.66,21.66,90.31,0.99,1.23,0.64,93.85
20071126,7.31,5.1146,2.0035,2.8375,0.5,23.04,25.91,21.25,88.25,1.69,3.03,1.04,93.77
20071127,35.66,4.4914,0.6108,3.0907,0.44,22.45,24.44,21.02,90.3,1.48,3.01,0.91,93.68
20071128,5.26,4.8302,2.2222,2.753,0.47,22.88,25.4,21.29,89.72,1.55,2.42,0.96,93.71
20071129,3.33,5.5529,3.2945,2.6062,0.54,22.98,25.87,20.92,84.96,1.15,2.05,0.73,93.92
20071130,1.26,5.7475,3.697,2.6383,0.56,24.11,27.75,21.61,83.05,1.14,2.05,0.72,93.9
20071201,0.43,5.7209,3.9972,2.5932,0.56,23.81,27.92,19.77,82.12,1.33,1.91,0.81,93.8
20071202,0.32,5.5738,3.8184,2.4017,0.55,23.85,26.4,22.25,88.91,1.54,2.14,0.98,93.74
20071203,14.51,6.0535,4.6051,2.4739,0.59,23.33,25.24,22.04,89.48,1.22,1.67,0.75,93.73
20071204,5.87,5.8615,4.4237,2.4254,0.58,23.82,27.39,20.84,83.28,1.51,2.2,0.93,93.73
20071205,3.04,5.9191,4.8535,2.2483,0.58,23.78,26.78,22.04,84.74,1.27,2.52,0.81,93.69
20071206,5.58,6.2506,6.1188,1.8749,0.61,24.11,27.64,21.43,84.22,1.13,1.84,0.75,93.68
20071207,30.43,6.193,5.0038,2.5121,0.61,24.05,26.9,21.64,85.39,1.21,2.22,0.78,93.65
20071208,13.17,5.5262,3.3192,2.7802,0.54,24.11,27.93,20.82,83.57,1.42,1.95,0.86,93.57
20071209,8.95,5.1818,2.5786,2.9136,0.51,23.35,25.27,21.69,90.18,0.92,1.56,0.58,93.53
20071210,2.64,5.7173,3.9358,2.5438,0.56,23.56,26.13,22.11,88.99,1.36,1.9,0.81,93.49
20071211,27.87,5.4223,3.7438,2.5454,0.53,23.81,27.03,20.97,85.4,1.49,1.98,0.9,93.47
20071212,16.99,5.8085,4.0798,3.7171,0.57,23.35,26.21,20.96,89.65,1.56,2.24,0.95,93.46
20071213,4.94,5.5202,3.3984,2.6335,0.54,23.75,26.33,21.95,87.84,1.03,1.45,0.63,93.44
20071214,4.43,5.8464,4.3495,2.6148,0.58,24.39,27.23,22.5,85.72,1.05,1.78,0.65,93.41
20071215,11.25,6.0526,5.9952,1.8866,0.6,24.02,27.49,21.6,87.85,1.64,2.11,0.98,93.47
20071216,9.36,6.5935,6.5484,1.8257,0.65,23.74,27.17,20.98,87.64,1.65,2.37,0.99,93.57
20071217,10.62,4.261,1.2223,2.688,0.42,23.05,24.68,21.6,88.3,1.19,2.39,0.74,93.59
20071218,12.21,5.0174,2.0114,3.3151,0.49,23.06,25.65,21.3,88.03,1.24,1.96,0.8,93.54
20071219,18.03,4.8278,2.1036,3.0547,0.48,23.06,25.79,21.32,89.54,0.82,1.24,0.52,93.54
20071220,20.43,4.7762,1.1868,3.095,0.47,23.66,26.47,21.95,85.56,1.35,2.04,0.81,93.57
20071221,31.66,4.5209,0.8717,3.2218,0.45,23.33,25.51,21.93,90.94,1.32,1.82,0.78,93.63
20071222,13.14,4.9507,2.5558,2.5162,0.49,22.91,25.5,20.95,89.81,0.9,1.35,0.55,93.66
20071223,22.25,4.1791,0.1802,3.1781,0.41,23.05,26.15,21.6,87.9,1.0,1.94,0.63,93.55
20071224,2.36,5.1192,1.44,3.259,0.5,24.13,27.88,21.15,83.75,1.06,1.6,0.66,93.39
20071225,0.96,4.5991,0.3797,3.4476,0.45,24.39,27.82,21.29,84.05,0.95,1.98,0.63,93.33
20071226,0.9,5.0141,3.0833,2.5308,0.49,24.12,27.41,20.85,84.35,1.17,1.76,0.71,93.38
20071227,0.94,3.9893,0.1332,3.0576,0.39,23.51,26.03,21.35,88.93,0.81,1.37,0.53,93.4
20071228,0.28,5.8562,3.725,2.8627,0.58,24.28,27.51,21.86,83.8,0.7,1.28,0.48,93.37
20071229,0.06,5.4742,3.5438,2.5898,0.54,23.65,26.69,21.09,83.53,1.18,1.74,0.72,93.39
20071230,0.01,4.8912,1.7194,3.173,0.48,23.19,26.76,19.76,84.1,1.23,1.83,0.76,93.4
20071231,0.02,3.1963,0.3288,2.3489,0.31,23.43,26.15,20.93,84.02,1.14,1.62,0.68,93.5
20080101,0.19,3.8182,0.0079,2.9441,0.38,22.86,25.31,20.81,83.01,0.98,1.5,0.58,93.57
20080102,2.73,5.083,3.7001,2.3784,0.5,23.94,27.51,21.44,80.85,0.88,1.64,0.53,93.59
20080103,9.12,4.3423,0.8009,3.0538,0.43,23.15,26.16,20.89,85.81,0.9,1.24,0.56,93.67
20080104,1.73,5.1024,2.137,3.2388,0.5,23.12,26.1,20.43,86.81,0.99,1.53,0.59,93.69
20080105,1.49,4.0836,0.5009,2.9962,0.4,23.89,27.72,20.64,83.61,1.1,1.98,0.67,93.74
20080106,2.85,5.6285,5.2346,1.8996,0.55,23.52,27.04,20.54,82.73,0.96,1.79,0.61,93.85
20080107,15.3,5.4852,3.7022,2.4703,0.54,23.3,25.95,21.35,84.95,0.94,1.51,0.58,93.87
20080108,7.91,5.5536,2.8486,3.1164,0.54,23.55,26.45,21.32,84.25,0.87,1.68,0.57,93.78
20080109,15.74,5.0676,0.9216,3.6854,0.5,22.96,25.39,20.9,85.66,0.86,1.3,0.53,93.73
20080110,23.62,4.679,0.7416,3.2316,0.46,23.36,26.96,20.3,79.61,1.07,1.96,0.66,93.7
20080111,1.08,6.1997,5.5236,2.0364,0.61,23.46,27.87,19.2,79.85,1.3,2.02,0.79,93.59
20080112,0.07,6.1354,5.4406,2.3254,0.6,24.02,28.14,19.93,78.61,1.11,1.77,0.69,93.55
20080113,0.16,5.557,3.372,2.676,0.54,24.2,27.81,20.95,79.81,1.08,1.88,0.67,93.54
20080114,0.04,5.3263,3.3571,2.6441,0.52,23.57,27.58,20.55,79.63,1.73,2.16,1.03,93.54
20080115,0.02,4.513,0.9336,3.0528,0.44,23.71,27.93,19.94,81.2,1.29,2.01,0.8,93.63
20080116,0.29,5.3945,1.5866,3.5854,0.52,23.97,27.48,21.11,81.2,1.29,1.82,0.78,93.67
20080117,0.2,5.5697,3.5254,2.8123,0.54,23.91,28.4,20.71,79.52,1.38,2.05,0.86,93.67
20080118,0.03,5.9076,3.7241,2.683,0.57,23.58,26.2,21.58,83.76,1.13,2.15,0.73,93.63
20080119,0.76,5.4046,2.2685,3.0418,0.52,23.85,26.42,21.86,86.04,1.09,1.4,0.71,93.58
20080120,12.34,5.4156,1.715,3.4037,0.52,23.46,26.09,21.61,87.93,1.33,2.21,0.82,93.56
20080121,5.05,5.8361,4.2734,2.3568,0.56,23.86,27.16,21.9,86.83,1.25,1.92,0.75,93.54
20080122,17.08,5.5966,3.4714,2.4298,0.54,23.17,24.21,22.12,94.03,1.68,2.14,0.99,93.54
20080123,9.0,2.5538,0.0163,1.9632,0.25,22.79,24.79,21.41,93.16,1.55,3.25,0.93,93.62
20080124,23.97,5.304,1.6774,3.467,0.51,23.64,26.59,21.34,87.1,1.25,2.1,0.77,93.63
20080125,6.42,5.4156,2.0323,3.2489,0.52,23.82,26.35,22.04,91.1,1.23,2.41,0.82,93.61
20080126,4.25,5.5733,3.0283,2.8373,0.54,23.52,25.26,22.11,87.81,0.98,1.87,0.64,93.65
20080127,3.3,4.8444,0.9593,3.1697,0.47,22.56,23.76,21.31,89.02,1.02,1.73,0.61,93.65
20080128,16.87,4.4371,0.8786,2.7696,0.43,24.15,26.92,22.28,83.28,0.96,1.53,0.62,93.63
20080129,2.45,5.1787,2.5397,2.6126,0.5,23.95,26.22,22.26,89.87,1.52,2.13,0.94,93.59
20080130,9.94,6.0074,4.7263,2.1454,0.58,23.58,26.0,21.58,91.0,1.52,2.55,0.91,93.54
20080131,5.39,3.3502,0.1224,2.4682,0.32,23.18,24.83,22.12,93.08,0.97,1.69,0.63,93.55
20080201,4.53,5.8277,3.9826,2.5222,0.56,23.34,24.65,22.04,92.21,1.14,2.02,0.71,93.53
20080202,4.92,5.2207,2.2181,2.8459,0.5,23.65,26.12,21.93,86.27,1.39,1.83,0.9,93.54
20080203,2.92,3.5441,0.5779,2.3141,0.34,23.59,26.24,22.06,88.49,1.17,2.04,0.72,93.52
20080204,8.14,5.7967,3.4567,2.5428,0.55,23.53,26.64,21.43,88.62,1.24,2.2,0.78,93.52
20080205,50.02,4.4234,0.4836,3.1841,0.42,23.57,26.52,22.04,89.57,1.43,2.69,0.86,93.59
20080206,10.96,5.4161,1.687,3.6137,0.52,24.04,26.74,22.2,84.49,0.94,1.33,0.6,93.6
20080207,0.04,5.1991,2.016,3.552,0.5,24.41,28.47,20.93,81.02,1.17,1.93,0.73,93.49
20080208,3.36,4.2454,0.5419,2.9258,0.4,23.89,26.39,22.15,86.95,0.8,1.37,0.51,93.51
20080209,0.26,5.9575,2.6095,3.39,0.57,23.82,26.63,21.27,83.48,1.15,2.15,0.75,93.52
20080210,0.17,5.8673,2.7984,3.6955,0.56,23.88,27.0,21.75,78.28,1.55,2.71,0.92,93.51
20080211,0.99,4.7426,0.6007,3.3996,0.45,23.3,27.16,20.82,80.38,1.82,2.54,1.09,93.52
20080212,0.43,5.4029,0.8772,3.9238,0.51,23.2,27.56,19.99,82.82,1.88,2.23,1.12,93.49
20080213,0.05,5.7007,3.0353,3.0132,0.54,23.38,27.65,19.32,81.27,1.55,2.53,0.94,93.51
20080214,0.03,5.7007,1.8192,4.013,0.54,24.11,27.01,20.86,77.75,1.01,1.81,0.62,93.64
20080215,0.49,5.8022,1.9409,3.3221,0.55,24.31,27.58,21.57,74.74,0.81,1.61,0.52,93.65
20080216,1.03,5.2774,1.8576,3.3463,0.5,24.19,27.69,20.78,77.46,1.04,1.37,0.67,93.69
20080217,0.53,6.0242,2.5526,3.1116,0.57,23.81,26.72,22.06,83.91,0.87,1.37,0.56,93.73
20080218,0.39,3.7865,0.0235,2.869,0.36,23.42,26.72,20.84,81.32,0.98,1.84,0.6,93.75
20080219,2.83,4.5521,0.5818,3.185,0.43,23.72,27.0,21.62,81.44,1.52,2.28,0.98,93.71
20080220,7.95,4.8938,0.9823,3.4255,0.46,23.66,26.61,21.83,88.37,1.77,2.76,1.06,93.66
20080221,6.9,4.7782,0.313,3.4102,0.45,23.53,26.7,21.92,84.87,1.04,1.51,0.67,93.75
20080222,0.03,5.4024,1.6454,3.2705,0.51,23.71,27.01,21.08,83.0,1.51,2.28,0.94,93.71
20080223,7.55,5.0071,0.7387,3.6367,0.47,23.12,24.98,21.34,88.88,0.92,1.9,0.54,93.71
20080224,19.18,4.6752,0.9487,3.1032,0.44,22.65,24.79,21.17,91.0,1.33,2.02,0.83,93.65
20080225,13.3,4.6169,0.2522,3.4524,0.44,23.0,26.6,20.41,88.28,1.4,1.91,0.85,93.59
20080226,8.16,3.9391,0.0564,2.9573,0.37,22.56,25.25,20.48,83.06,1.1,1.77,0.67,93.76
20080227,49.78,5.1787,1.5216,3.3938,0.49,23.14,25.77,21.43,88.33,1.43,2.06,0.86,93.79
20080228,4.69,4.9526,0.7546,3.5306,0.47,23.11,25.93,21.58,90.67,1.26,2.06,0.73,93.69
20080229,5.0,5.7533,2.9786,2.982,0.54,23.7,26.76,21.28,88.29,1.31,2.08,0.81,93.57
20080301,16.27,4.9754,0.905,3.4039,0.47,23.18,24.5,22.36,88.87,0.88,1.6,0.55,93.68
20080302,8.66,4.7026,0.8206,3.149,0.44,23.18,25.22,21.94,84.82,0.58,0.89,0.39,93.77
20080303,0.35,5.1607,1.7383,3.1937,0.49,23.31,26.38,20.77,85.91,1.28,2.14,0.8,93.66
20080304,0.13,6.1385,4.2816,2.5255,0.58,23.64,27.17,20.95,84.99,1.22,1.77,0.75,93.55
20080305,2.07,4.4407,0.6713,3.1394,0.42,23.02,25.39,21.03,87.55,1.11,1.67,0.71,93.68
20080306,6.8,5.094,2.7511,2.3914,0.48,22.92,25.89,21.09,86.6,1.56,2.55,0.98,93.76
20080307,2.44,5.1672,1.7412,3.307,0.49,22.71,24.6,21.41,91.91,1.6,2.48,0.97,93.75
20080308,6.14,4.1954,0.8306,2.9597,0.4,22.39,23.77,21.1,94.03,1.68,2.53,1.05,93.71
20080309,9.1,5.287,1.5607,3.1411,0.5,22.94,25.76,20.78,89.3,1.5,2.19,0.92,93.66
20080310,6.23,6.4639,5.4826,2.2639,0.61,23.64,27.07,21.36,84.91,1.39,2.34,0.89,93.61
20080311,27.29,6.3384,5.5106,2.1506,0.6,23.79,26.74,21.63,85.57,1.2,1.92,0.76,93.65
20080312,11.96,4.2554,0.2537,3.1802,0.4,23.41,26.43,21.0,87.5,1.44,2.49,0.9,93.65
20080313,5.67,6.4133,5.3023,2.1977,0.61,23.94,27.54,21.21,84.84,1.35,2.07,0.86,93.61
20080314,4.53,6.4738,5.8486,1.9387,0.62,23.99,27.45,21.32,85.28,1.37,1.73,0.85,93.65
20080315,5.86,5.5915,2.0354,3.306,0.53,23.08,24.64,21.83,88.5,1.22,2.11,0.78,93.72
20080316,2.33,5.8663,4.1126,2.4194,0.56,23.54,27.03,21.2,82.54,1.39,2.35,0.87,93.6
20080317,0.08,7.2502,7.0723,1.8317,0.69,24.03,28.06,20.23,82.03,1.5,1.88,0.9,93.52
20080318,1.43,6.4346,5.3383,2.1691,0.61,24.46,27.88,22.0,82.54,1.32,2.17,0.85,93.51
20080319,2.31,6.0511,3.5304,2.8442,0.58,24.22,28.05,20.57,83.64,1.57,2.01,0.97,93.49
20080320,11.62,5.0256,0.8318,3.2844,0.48,22.88,24.94,21.2,89.61,1.01,1.78,0.63,93.51
20080321,22.32,5.8488,2.7883,3.7022,0.56,23.65,26.66,21.52,84.34,1.29,2.17,0.8,93.53
20080322,7.39,4.4069,0.1522,3.3228,0.42,23.19,25.84,21.55,89.03,1.2,1.72,0.74,93.6
20080323,7.43,5.9998,4.3877,2.0971,0.58,23.57,26.88,21.06,88.12,1.52,2.19,0.95,93.63
20080324,14.25,5.4401,1.9318,3.0545,0.52,22.36,23.68,21.07,94.5,1.35,2.08,0.84,93.72
20080325,0.99,5.1026,1.0042,3.221,0.49,22.22,24.28,20.88,86.93,0.9,1.35,0.58,93.71
20080326,0.1,4.1921,0.9002,2.6009,0.4,23.4,26.17,21.27,83.11,1.02,1.77,0.64,93.64
20080327,14.06,5.3719,3.3065,2.2987,0.52,22.72,24.51,21.89,89.22,0.95,1.29,0.59,93.69
20080328,2.76,5.3868,1.5199,3.1296,0.52,22.79,25.06,21.25,87.19,0.72,1.28,0.44,93.77
20080329,0.79,5.3393,1.5605,3.0792,0.52,23.58,26.39,21.78,84.34,1.41,2.5,0.88,93.78
20080330,18.83,5.0582,0.8364,3.5515,0.49,22.82,24.79,21.34,91.52,1.16,1.76,0.74,93.71
20080331,6.31,5.2862,2.5848,2.7797,0.51,22.62,25.75,20.12,85.4,1.22,1.45,0.73,93.7
20080401,2.35,4.3656,0.9871,2.641,0.42,22.68,25.07,21.3,88.65,0.62,1.16,0.37,93.78
20080402,0.33,4.3975,0.7356,3.0178,0.43,23.02,26.44,20.13,83.8,1.36,2.06,0.83,93.84
20080403,0.16,4.6466,0.8102,3.1524,0.45,23.23,26.49,21.05,86.29,1.11,1.95,0.69,93.76
20080404,0.33,3.8542,0.4087,2.6765,0.38,22.94,24.56,21.66,92.38,1.54,1.79,0.9,93.73
20080405,5.74,5.6506,3.6286,2.3083,0.55,23.63,26.86,21.59,88.68,1.36,1.66,0.82,93.82
20080406,11.48,5.5541,1.8134,3.2602,0.54,23.3,26.01,21.49,89.92,1.17,1.57,0.74,93.84
20080407,6.8,5.2618,3.0386,2.4502,0.52,23.25,25.87,21.72,87.54,1.1,1.91,0.71,93.74
20080408,16.58,6.2664,4.8739,2.2495,0.62,22.54,23.78,21.55,93.17,0.99,1.56,0.61,93.72
20080409,36.87,5.4041,3.1006,2.8826,0.53,22.56,25.17,20.62,89.71,1.3,1.97,0.8,93.7
20080410,8.64,5.7173,4.0879,2.2301,0.56,22.66,25.82,19.66,88.25,1.83,2.38,1.1,93.63
20080411,14.69,4.9322,3.1702,2.1756,0.49,22.42,23.89,21.39,94.14,1.5,2.16,0.94,93.63
20080412,7.34,5.7742,3.245,2.6928,0.57,22.47,25.26,20.31,91.31,1.79,2.56,1.11,93.65
20080413,14.26,4.8895,1.7878,2.8253,0.49,22.13,23.62,21.13,95.95,1.91,3.31,1.18,93.62
20080414,0.64,5.3263,2.8061,2.5726,0.53,22.6,25.01,20.91,90.01,1.54,2.06,0.94,93.59
20080415,0.03,4.0742,0.6137,2.8308,0.41,23.1,25.54,21.25,84.9,1.18,2.06,0.75,93.63
20080416,13.58,5.1221,2.4857,2.5658,0.51,23.06,25.66,21.51,88.76,1.08,1.75,0.67,93.63
20080417,52.86,4.8893,1.871,2.6916,0.49,23.28,26.35,21.1,90.98,1.46,2.03,0.9,93.56
20080418,47.84,5.611,3.9456,2.2598,0.56,23.28,26.08,21.75,89.11,1.47,1.98,0.89,93.58
20080419,3.66,5.8649,3.4054,2.639,0.59,23.05,25.54,21.14,90.5,1.66,2.24,1.0,93.52
20080420,4.14,4.5394,1.4712,2.581,0.46,23.54,26.03,22.01,91.54,1.29,1.67,0.76,93.44
20080421,7.38,4.1983,1.111,2.6676,0.42,22.99,24.41,21.98,91.85,1.38,1.97,0.82,93.49
20080422,27.45,5.0554,1.903,3.2513,0.51,23.42,26.03,21.67,90.06,1.13,2.37,0.69,93.57
20080423,13.62,4.8802,2.5884,2.6686,0.49,23.48,26.56,21.36,86.81,1.19,2.47,0.79,93.69
20080424,19.66,5.4538,3.8621,2.7694,0.55,23.34,26.46,20.63,88.64,1.47,2.8,0.96,93.77
20080425,24.88,5.4269,3.7267,2.4778,0.55,23.65,26.72,22.02,90.01,1.36,2.06,0.88,93.8
20080426,24.71,4.068,1.0898,2.5656,0.42,22.53,23.98,21.44,93.9,1.17,1.84,0.77,93.8
20080427,2.91,5.3285,4.0673,2.1468,0.55,22.96,25.5,21.18,89.04,1.25,1.97,0.78,93.68
20080428,17.85,4.7683,1.7201,2.7425,0.49,23.38,26.62,21.62,90.93,1.84,3.1,1.12,93.6
20080429,36.77,5.2942,2.8476,2.6443,0.54,23.68,26.34,21.94,90.46,1.24,1.75,0.73,93.63
20080430,48.04,4.4131,0.7968,2.9364,0.45,23.48,26.08,21.66,90.98,1.46,2.25,0.89,93.7
20080501,15.54,3.9506,0.5203,2.6909,0.41,22.23,23.42,21.33,93.81,1.83,3.25,1.13,93.72
20080502,1.09,4.2643,0.8935,2.7958,0.44,23.22,26.4,20.48,85.75,1.44,2.09,0.91,93.62
20080503,24.93,4.7453,1.5139,2.797,0.49,23.4,25.95,21.75,89.08,1.29,3.2,0.84,93.7
20080504,6.64,5.5349,3.6852,2.3412,0.58,22.75,24.9,21.21,89.21,1.02,1.44,0.65,93.79
20080505,1.46,4.3303,1.3951,2.4689,0.45,23.24,25.54,21.69,85.7,1.23,2.3,0.8,93.75
20080506,1.42,5.3983,3.8486,2.3261,0.56,22.76,24.33,21.49,92.0,1.25,2.76,0.77,93.74
20080507,1.91,3.1913,0.4289,2.1074,0.33,22.76,24.56,21.48,92.05,1.33,1.93,0.83,93.75
20080508,18.23,4.1378,1.0678,2.7276,0.43,22.53,23.96,21.21,93.03,1.17,1.39,0.72,93.69
20080509,6.79,4.6416,3.2393,2.0482,0.49,22.26,23.47,21.4,94.78,1.74,2.48,1.06,93.65
20080510,13.58,4.253,0.5002,3.0132,0.45,21.71,23.29,20.43,94.14,1.24,1.8,0.8,93.67
20080511,12.1,4.2674,1.8506,2.4173,0.45,21.53,23.15,20.29,90.97,1.23,1.86,0.72,93.74
20080512,1.23,4.6831,2.9378,2.1761,0.5,22.82,26.31,20.43,87.29,1.22,2.31,0.78,93.75
20080513,3.02,4.1165,1.0296,2.7917,0.44,22.47,24.23,21.35,94.01,1.43,2.09,0.89,93.81
20080514,2.78,4.7443,2.3088,2.4886,0.5,22.8,24.77,21.5,90.71,1.14,1.5,0.69,93.82
20080515,1.64,4.0495,0.8906,2.5488,0.43,22.62,24.37,21.44,91.7,1.3,2.06,0.79,93.88
20080516,0.02,6.3655,6.8376,1.4573,0.68,23.23,26.14,20.74,84.16,1.36,2.07,0.85,93.96
20080517,0.1,6.0792,5.917,1.9531,0.65,23.44,25.82,21.87,86.23,1.34,2.15,0.86,93.91
20080518,0.06,6.0703,5.9213,1.8029,0.65,23.4,26.25,21.51,85.39,1.41,2.33,0.91,93.9
20080519,0.0,6.0278,6.1577,1.6762,0.65,23.46,26.65,20.91,83.16,1.21,2.05,0.79,93.92
20080520,3.88,5.4924,4.212,2.2068,0.59,23.4,25.6,21.75,83.73,0.84,1.78,0.56,93.92
20080521,1.43,5.4017,4.6757,2.0407,0.58,23.43,26.27,21.39,86.84,1.19,1.86,0.77,93.89
20080522,0.71,3.066,0.2885,2.275,0.33,23.01,24.91,21.85,90.85,1.28,2.12,0.8,93.8
20080523,2.7,4.2463,2.5675,2.1343,0.46,22.68,24.97,20.65,88.38,1.32,2.2,0.83,93.8
20080524,2.66,4.8984,2.6546,2.5517,0.53,22.69,24.74,21.18,90.49,1.07,2.17,0.68,93.7
20080525,19.85,4.5362,3.2765,2.0287,0.49,22.76,25.36,20.9,89.9,1.73,2.43,1.02,93.75
20080526,2.39,4.7309,4.4611,1.8566,0.52,22.71,26.15,19.75,85.54,1.49,1.94,0.9,93.88
20080527,5.18,4.1513,2.5507,2.045,0.45,22.38,24.89,20.53,88.43,1.47,2.36,0.9,93.86
20080528,3.88,3.8323,2.0902,2.1713,0.42,21.83,23.86,20.38,88.59,1.1,1.84,0.66,93.83
20080529,4.32,3.6432,1.6505,2.2982,0.4,22.58,25.13,20.31,88.6,1.36,2.52,0.83,93.77
20080530,2.06,3.5352,1.7311,1.9843,0.39,23.02,25.44,21.45,88.77,1.35,2.48,0.77,93.76
20080531,7.11,3.4402,0.8614,2.2234,0.38,22.29,24.73,20.87,89.05,1.41,2.51,0.87,93.79
20080601,3.77,3.7133,1.0212,2.5128,0.41,21.63,23.38,19.67,87.68,1.06,1.66,0.63,93.8
20080602,0.17,4.5871,3.3106,2.1854,0.51,22.16,24.68,19.76,88.01,1.22,1.71,0.73,93.82
20080603,13.21,4.2238,2.658,2.0352,0.47,22.64,24.81,20.74,87.0,1.51,2.32,0.91,93.83
20080604,41.69,3.9324,1.1376,2.4722,0.43,22.44,25.37,20.55,90.48,1.19,1.82,0.74,93.76
20080605,65.62,3.0182,0.361,2.161,0.33,21.9,24.25,20.03,94.01,1.43,2.19,0.87,93.69
20080606,2.72,4.5955,3.3005,2.0292,0.51,22.23,23.8,21.12,94.26,1.45,2.01,0.91,93.67
20080607,12.22,4.704,2.9002,2.3131,0.52,22.95,26.15,20.29,88.58,1.61,2.31,0.98,93.71
20080608,38.84,4.8098,3.3624,2.1022,0.53,22.89,25.67,20.56,88.26,1.07,1.4,0.65,93.7
20080609,41.05,4.9289,3.3108,2.4168,0.55,23.06,26.12,20.27,86.86,1.37,1.82,0.84,93.72
20080610,29.41,4.6615,2.4626,2.5591,0.52,22.9,25.77,20.92,90.59,1.17,2.06,0.75,93.81
20080611,47.44,2.8169,0.2162,2.0489,0.31,21.57,23.28,20.35,94.36,1.22,2.1,0.72,93.85
20080612,5.76,5.3635,4.6774,2.0174,0.6,22.51,25.18,20.84,89.74,1.26,1.73,0.79,93.84
20080613,4.07,3.571,1.4628,2.1103,0.4,22.55,25.05,20.61,92.52,1.53,2.59,0.97,93.81
20080614,55.97,4.6668,3.0674,2.2663,0.52,22.58,24.32,21.29,92.23,1.61,2.59,1.0,93.86
20080615,16.08,2.4775,0.0389,1.9322,0.28,21.64,23.4,20.48,88.91,1.11,1.82,0.67,93.93
20080616,0.07,5.0954,3.5592,2.3606,0.57,22.27,25.38,19.26,85.08,1.27,2.22,0.82,93.83
20080617,0.8,4.8828,4.1726,1.8686,0.54,22.71,25.41,21.06,88.18,1.48,2.84,0.95,93.81
20080618,0.19,4.9123,4.3553,1.9541,0.55,22.85,25.62,21.18,88.46,1.64,1.95,1.01,93.86
20080619,0.2,4.9087,4.2926,1.8794,0.55,22.44,25.33,20.7,88.22,2.04,2.96,1.27,93.82
20080620,0.14,4.9896,3.5455,2.2363,0.56,22.03,24.71,19.96,86.05,1.9,2.8,1.14,93.94
20080621,0.03,5.7274,5.9794,1.6553,0.64,21.87,24.95,19.37,87.07,1.98,2.65,1.18,93.9
20080622,7.62,4.6985,4.6291,1.6721,0.52,22.39,25.29,20.38,88.74,1.81,2.38,1.13,93.83
20080623,5.38,4.0973,1.6231,2.364,0.46,21.69,23.14,20.72,90.88,1.09,1.56,0.67,93.9
20080624,0.8,4.5636,3.1706,2.2464,0.51,22.56,25.61,20.21,82.5,1.14,2.01,0.72,93.94
20080625,3.79,5.1281,4.151,2.1067,0.57,22.58,25.04,20.71,88.13,0.83,1.45,0.54,93.93
20080626,0.9,4.0709,1.2437,2.495,0.45,22.83,25.24,21.01,89.3,1.23,2.12,0.76,93.92
20080627,14.33,5.3995,5.3134,1.783,0.6,22.6,24.71,20.9,92.27,1.16,1.79,0.7,93.84
20080628,8.65,4.5578,3.1426,2.2752,0.51,22.9,25.8,21.26,90.78,1.83,3.05,1.15,93.84
20080629,0.78,5.0222,4.7426,1.7928,0.56,22.86,25.55,20.91,88.23,1.8,2.36,1.12,93.9
20080630,0.08,5.3866,4.866,1.9003,0.6,23.15,26.36,21.12,85.46,1.32,2.66,0.87,93.86
20080701,19.24,4.0836,2.3359,2.2358,0.46,22.38,24.88,21.0,89.84,1.25,1.92,0.79,93.96
20080702,10.2,3.9398,1.2286,2.4118,0.44,21.92,23.99,20.85,90.74,1.33,1.84,0.81,93.97
20080703,0.49,4.3723,3.3646,1.9104,0.49,22.59,25.74,20.31,85.7,1.12,1.89,0.72,93.98
20080704,1.56,3.9012,2.8445,2.0162,0.43,22.39,24.31,21.24,92.27,1.81,2.8,1.1,93.94
20080705,8.52,1.117,0.0631,0.8712,0.12,21.49,22.85,19.95,94.93,1.53,2.24,0.94,93.94
20080706,12.47,2.8742,0.096,2.257,0.32,20.7,22.22,19.61,93.02,1.36,1.89,0.85,93.95
20080707,3.07,4.789,4.0507,2.0263,0.53,21.97,25.06,19.71,89.3,1.54,2.51,0.94,93.86
20080708,6.69,3.5623,1.5228,2.1809,0.39,22.03,24.61,19.57,90.21,1.47,2.56,0.9,93.94
20080709,3.55,2.965,0.9358,2.0443,0.33,21.96,24.63,19.7,88.11,1.4,1.75,0.85,94.0
20080710,24.48,2.9114,0.6718,2.0112,0.32,22.47,25.51,20.35,87.88,1.25,2.3,0.73,93.91
20080711,42.74,4.519,1.7004,2.6002,0.5,22.54,25.86,20.13,89.26,1.31,1.7,0.8,93.75
20080712,9.62,1.2626,0.0862,0.9672,0.14,21.99,24.02,20.58,92.52,1.18,1.43,0.72,93.76
20080713,5.8,2.8994,0.0727,2.2406,0.32,21.71,23.67,20.22,93.12,1.41,2.23,0.88,93.89
20080714,5.64,3.3874,0.8138,2.2442,0.37,22.03,24.87,20.14,90.08,1.28,2.72,0.81,93.88
20080715,6.69,3.7464,1.8442,2.057,0.41,21.96,24.91,19.93,88.92,1.5,1.93,0.93,93.81
20080716,2.66,3.9713,3.0264,1.7621,0.44,21.94,24.76,19.98,89.56,1.76,2.74,1.09,93.74
20080717,0.23,3.7642,0.9919,2.4785,0.41,22.1,25.25,19.38,87.06,1.16,1.87,0.75,93.72
20080718,39.01,4.1618,1.109,2.6222,0.46,22.67,25.76,20.35,88.64,1.11,1.86,0.71,93.73
20080719,26.73,3.8652,1.1386,2.339,0.42,22.8,25.54,21.07,90.8,0.88,1.66,0.6,93.74
20080720,10.74,3.6924,1.4594,2.0513,0.4,22.53,25.11,21.07,93.58,1.45,2.36,0.94,93.74
20080721,26.16,2.9856,1.2965,1.991,0.32,22.32,24.56,20.7,93.65,1.47,2.18,0.92,93.68
20080722,38.32,3.1481,0.5148,2.2289,0.34,22.49,25.06,21.06,92.62,1.52,2.66,0.99,93.65
20080723,14.41,2.4624,0.3878,1.8149,0.27,21.75,23.66,20.74,92.92,1.4,2.6,0.89,93.74
20080724,0.47,2.8483,0.1085,2.1218,0.31,21.94,24.28,20.15,89.01,1.24,2.02,0.77,93.75
20080725,13.39,4.9464,3.0038,2.3417,0.53,22.63,25.55,20.47,88.86,1.18,2.47,0.78,93.69
20080726,49.48,4.955,3.8974,2.0635,0.53,22.47,25.3,20.37,91.55,1.13,1.93,0.74,93.71
20080727,9.18,4.8708,2.4302,2.5745,0.52,22.37,25.51,20.67,90.08,0.96,1.61,0.58,93.78
20080728,31.83,4.4647,2.1533,2.4005,0.48,22.26,24.52,20.91,90.16,1.06,1.67,0.66,93.82
20080729,4.14,4.4666,2.1,2.5546,0.48,22.18,24.53,20.64,87.41,1.07,1.59,0.66,93.84
20080730,0.1,4.5929,2.5162,2.2445,0.49,21.97,24.06,20.16,87.69,1.07,1.93,0.7,93.91
20080731,0.83,2.831,1.2494,1.5694,0.3,22.35,25.14,20.56,88.51,1.58,2.96,1.0,93.88
20080801,3.49,5.8726,5.291,1.9486,0.63,21.61,23.86,19.86,85.7,1.02,1.85,0.64,93.9
20080802,0.66,5.2618,4.4417,1.8763,0.56,21.79,25.47,18.93,85.44,1.18,1.86,0.76,93.82
20080803,1.5,2.5862,0.1102,1.9709,0.27,21.59,23.68,20.15,89.36,0.89,1.32,0.57,93.87
20080804,0.78,4.26,1.7645,2.4019,0.45,21.03,22.29,20.25,93.66,1.47,2.74,0.93,93.93
20080805,5.95,4.1539,2.1053,2.2507,0.44,22.03,24.77,19.81,89.02,0.98,1.58,0.63,93.87
20080806,2.28,3.9998,2.436,2.0357,0.42,22.29,24.57,20.93,90.94,1.26,1.81,0.77,93.78
20080807,0.38,5.573,5.5649,1.6946,0.59,21.93,25.45,19.01,84.87,1.25,1.98,0.79,93.77
20080808,2.47,5.1026,3.5064,2.262,0.54,21.98,25.35,19.17,85.45,1.34,1.9,0.83,93.78
20080809,17.9,3.3101,0.8033,2.2286,0.35,21.85,24.11,20.34,91.99,1.67,2.34,1.05,93.8
20080810,19.45,2.5128,0.275,1.8446,0.26,21.38,23.28,20.19,93.83,1.2,2.13,0.74,93.85
20080811,5.08,2.2843,0.1195,1.6805,0.24,21.69,24.02,20.36,88.28,1.13,2.13,0.69,93.92
20080812,0.16,4.4004,1.3003,2.8668,0.46,21.68,24.09,19.79,85.15,0.99,2.01,0.65,93.94
20080813,0.05,4.5166,1.9553,2.501,0.47,22.15,24.83,20.12,85.4,1.11,2.41,0.71,93.94
20080814,46.52,4.1556,1.0301,2.5728,0.43,21.55,23.82,20.04,91.31,1.25,1.82,0.79,93.91
20080815,15.05,3.3818,0.5273,2.4521,0.35,21.4,23.58,20.28,91.51,1.2,1.91,0.75,93.86
20080816,12.73,3.948,1.5058,2.3491,0.41,21.59,24.33,19.69,89.64,1.24,2.25,0.77,93.88
20080817,17.33,4.3044,1.5214,2.4941,0.44,21.68,24.22,19.37,89.56,1.46,2.7,0.88,93.96
20080818,9.25,3.4135,0.5393,2.3321,0.35,21.92,25.01,19.78,88.92,1.37,1.95,0.83,93.98
20080819,6.79,3.5885,1.9889,2.3455,0.37,22.28,25.77,19.49,87.52,1.39,2.1,0.87,93.94
20080820,19.61,4.9742,2.2889,2.6146,0.51,22.55,25.54,20.7,89.73,1.2,2.08,0.74,93.93
20080821,16.12,4.4362,1.1237,2.6047,0.45,22.04,23.57,20.84,90.19,1.13,2.18,0.68,93.93
20080822,5.76,4.369,2.0549,2.3674,0.45,22.15,25.02,20.1,87.57,1.25,1.73,0.77,93.87
20080823,5.91,4.0994,1.3195,2.4662,0.42,22.28,24.84,20.44,87.36,1.11,2.35,0.67,93.83
20080824,8.85,4.2751,2.371,2.1511,0.43,22.85,25.96,20.54,87.89,1.26,1.89,0.8,93.78
20080825,30.0,3.3946,0.2954,2.3921,0.34,22.45,24.89,20.5,92.09,1.34,2.05,0.82,93.78
20080826,18.61,3.0079,0.2736,2.2102,0.3,21.9,23.63,20.53,95.3,1.22,2.07,0.74,93.82
20080827,5.59,5.2358,3.8928,2.088,0.53,22.6,25.66,20.49,87.51,1.04,1.76,0.63,93.81
20080828,3.45,4.715,2.5363,2.3686,0.48,22.82,26.37,19.73,84.14,1.27,1.71,0.78,93.78
20080829,5.49,4.4352,1.6673,2.7617,0.45,22.73,25.66,20.45,88.98,1.14,1.88,0.74,93.7
20080830,13.04,4.7021,1.3618,2.7586,0.47,22.86,25.37,20.82,90.7,1.36,2.15,0.83,93.75
20080831,5.67,2.2435,0.0432,1.6884,0.22,22.15,24.28,20.69,91.02,0.99,2.24,0.66,93.85
20080901,6.08,5.5999,3.3727,2.3237,0.56,22.44,25.13,20.35,87.32,1.12,2.05,0.74,93.84
20080902,3.47,4.6877,2.8562,2.2344,0.47,22.71,25.78,20.78,90.93,1.35,1.97,0.86,93.8
20080903,11.73,4.7407,2.9282,2.22,0.47,22.88,26.05,19.98,88.12,1.34,1.98,0.83,93.72
20080904,51.13,2.381,0.1406,1.7532,0.24,22.77,25.16,21.5,91.69,1.22,1.99,0.74,93.72
20080905,7.3,5.4646,3.0444,2.5582,0.54,22.49,24.86,21.37,85.76,1.36,2.01,0.86,93.76
20080906,0.79,4.6565,2.3057,2.4936,0.46,22.4,25.79,19.48,86.3,1.58,2.53,1.01,93.68
20080907,24.72,4.2864,1.9514,2.2826,0.42,22.21,24.79,20.92,90.1,1.6,2.12,1.0,93.68
20080908,11.21,5.1264,2.4504,2.711,0.51,22.71,26.05,20.25,88.62,1.57,2.73,0.99,93.71
20080909,4.26,5.605,3.2686,2.6086,0.55,22.72,25.45,21.1,88.84,1.28,2.22,0.82,93.73
20080910,5.17,3.4471,0.7066,2.2992,0.34,22.38,25.24,20.54,89.49,1.3,1.56,0.79,93.79
20080911,2.27,4.6078,0.8004,3.0586,0.45,22.79,25.94,20.81,86.15,0.81,1.51,0.5,93.79
20080912,0.38,5.951,4.5994,2.2582,0.58,23.15,26.29,21.01,86.31,1.06,2.05,0.69,93.79
20080913,0.0,7.0855,6.8496,1.8005,0.7,23.21,26.92,20.34,86.25,1.52,2.19,0.94,93.94
20080914,0.0,6.5518,5.8685,2.185,0.64,22.49,25.9,19.82,85.23,1.58,2.17,0.98,94.02
20080915,0.69,5.4024,2.598,2.6986,0.53,22.4,25.99,18.92,82.2,1.48,2.14,0.9,93.93
20080916,1.7,4.8118,2.8507,2.2087,0.47,23.25,26.62,20.63,85.55,1.29,2.12,0.82,93.83
20080917,0.87,5.3014,3.4426,2.4235,0.52,22.51,24.59,21.09,91.37,1.55,3.19,0.96,93.91
20080918,0.71,4.8806,0.7958,3.3235,0.48,22.25,24.56,20.11,84.62,1.3,2.06,0.8,94.03
20080919,0.11,3.913,0.264,2.8219,0.38,21.96,24.19,20.16,87.57,1.54,2.4,0.96,94.01
20080920,0.0,6.0926,4.128,2.4876,0.59,22.75,25.72,20.39,84.04,1.27,2.43,0.82,93.87
20080921,0.0,6.5018,5.9578,1.8833,0.63,23.1,26.24,20.61,84.02,1.34,1.87,0.86,93.85
20080922,0.21,7.2214,7.1513,1.6529,0.7,22.61,26.01,20.13,84.09,1.52,2.26,0.97,93.83
20080923,0.0,7.0807,6.6257,1.9606,0.69,21.83,25.05,19.47,82.89,1.73,2.31,1.06,93.9
20080924,0.0,7.4112,7.7614,1.4266,0.72,23.01,26.66,19.98,83.77,1.34,1.73,0.84,93.9
20080925,0.42,6.0007,4.4321,2.2752,0.58,22.88,25.82,20.48,83.75,1.28,1.99,0.8,93.92
20080926,13.13,2.7518,0.2606,1.8917,0.27,21.92,24.08,20.14,88.88,1.52,2.23,0.95,93.95
20080927,8.96,5.9076,4.092,2.3789,0.57,22.51,25.47,20.16,86.01,1.38,2.56,0.9,93.91
20080928,4.28,5.1504,4.3186,1.9495,0.5,22.41,24.71,20.97,86.28,1.34,2.27,0.87,93.9
20080929,0.61,5.9702,5.5661,1.6742,0.58,23.1,26.94,19.69,84.08,1.61,2.56,0.97,93.8
20080930,56.02,5.8284,4.8382,1.8775,0.56,22.87,24.81,21.3,92.96,1.61,2.28,0.97,93.77
20081001,12.59,5.9026,5.1384,2.5294,0.57,23.61,27.16,20.87,87.21,1.38,1.98,0.85,93.78
20081002,2.69,6.2707,4.8996,2.3083,0.6,23.45,26.28,20.83,86.05,1.24,1.8,0.75,93.87
20081003,0.51,6.7834,6.2287,1.9867,0.65,23.52,25.89,21.64,86.26,0.87,1.15,0.57,93.9
20081004,3.42,5.8627,4.3277,2.3352,0.56,23.2,25.28,21.45,88.83,1.02,1.93,0.64,93.86
20081005,2.72,5.8212,4.3985,2.1358,0.56,23.62,27.04,20.57,82.12,1.12,1.72,0.71,93.88
20081006,2.42,4.5274,0.7836,2.8954,0.43,23.05,25.83,21.53,86.31,1.16,2.24,0.73,93.91
20081007,6.12,6.9742,6.7188,1.9075,0.67,23.7,27.16,20.64,82.49,1.36,2.08,0.84,93.8
20081008,24.87,5.8699,4.4081,2.425,0.56,23.73,26.73,21.77,85.78,1.23,1.98,0.79,93.82
20081009,8.28,6.174,5.4209,2.0275,0.59,23.45,26.23,21.69,89.81,1.27,2.21,0.81,93.82
20081010,0.07,5.0321,3.2074,2.3702,0.48,23.89,26.9,21.64,82.23,1.41,2.61,0.88,93.84
20081011,1.11,6.6108,6.5959,1.6243,0.63,24.06,27.77,21.02,82.04,1.32,2.19,0.81,93.82
20081012,5.8,5.0525,2.0959,2.7089,0.48,23.6,26.46,21.54,84.29,1.09,1.62,0.68,93.77
20081013,12.78,5.0647,2.4461,2.833,0.49,23.42,25.91,21.79,89.0,1.04,1.69,0.69,93.78
20081014,3.56,4.6788,1.8742,2.555,0.45,23.65,27.1,20.95,84.57,1.46,2.09,0.93,93.84
20081015,0.65,6.3022,4.9949,2.262,0.6,23.31,26.12,20.56,84.25,1.34,2.2,0.82,93.78
20081016,7.28,6.2489,5.202,2.129,0.6,23.82,26.81,21.47,87.93,1.26,2.37,0.83,93.59
20081017,8.13,6.1951,4.3018,2.574,0.59,24.06,26.55,21.99,86.69,0.93,1.88,0.61,93.61
20081018,1.19,6.9516,6.8376,1.7918,0.67,23.9,26.2,22.15,87.85,1.32,2.18,0.83,93.66
20081019,1.03,5.927,4.4866,2.5082,0.57,23.51,25.2,21.91,89.55,1.19,2.07,0.77,93.68
20081020,8.1,6.45,5.316,2.3441,0.62,24.15,27.28,21.78,85.2,1.37,2.09,0.85,93.65
20081021,3.76,4.7969,0.7522,3.3787,0.46,23.76,27.05,21.02,87.61,1.76,2.7,1.05,93.65
20081022,17.23,5.2418,2.971,2.5627,0.5,23.54,25.58,22.18,93.04,1.47,1.91,0.89,93.62
20081023,21.7,4.9534,2.6954,2.4437,0.48,23.14,25.59,21.23,83.61,1.37,2.6,0.89,93.76
20081024,24.74,4.2211,0.8302,2.7758,0.41,23.48,26.73,21.62,82.78,1.44,2.47,0.93,93.87
20081025,31.35,4.7904,2.0086,2.5956,0.46,22.84,25.28,21.0,89.82,1.82,2.84,1.11,93.85
20081026,36.78,4.1318,0.438,2.9832,0.4,22.92,26.1,20.45,83.7,1.44,2.02,0.88,93.82
20081027,51.62,3.2009,0.1721,2.323,0.31,21.93,23.56,20.72,93.49,1.51,2.79,0.94,93.95
20081028,7.96,4.9543,2.052,2.867,0.48,23.17,26.6,20.65,85.26,1.15,1.76,0.71,93.9
20081029,0.38,5.533,3.8004,2.2949,0.53,23.43,26.71,20.82,85.49,1.68,2.46,1.03,93.83
20081030,2.11,5.0232,3.1445,2.2066,0.48,22.96,25.42,21.45,88.96,1.32,1.88,0.83,93.9
20081031,47.06,5.0926,2.97,2.3232,0.49,22.44,24.0,20.99,93.87,1.64,2.81,1.02,93.91
20081101,10.15,6.4111,5.0582,2.1842,0.62,23.36,26.64,20.22,85.33,1.37,1.86,0.81,93.83
20081102,18.77,4.7407,0.857,3.2537,0.46,22.67,24.29,21.22,90.52,0.91,1.6,0.58,93.81
20081103,4.27,6.1526,5.1022,1.9649,0.59,23.4,26.32,20.83,88.94,1.58,1.95,0.97,93.79
20081104,14.09,5.3093,3.0014,2.5608,0.51,22.95,24.72,22.05,93.75,1.21,1.92,0.74,93.71
20081105,5.23,5.7535,2.9503,2.7799,0.56,23.04,25.42,21.53,88.38,0.94,1.48,0.56,93.63
20081106,8.08,5.7917,4.3874,2.2822,0.56,23.34,25.5,22.01,89.51,1.48,2.26,0.91,93.57
20081107,2.9,6.0785,4.3286,2.6393,0.59,23.77,27.41,20.65,84.63,1.23,2.06,0.76,93.61
20081108,12.29,5.9707,5.0038,2.0918,0.58,23.88,27.03,21.68,84.86,1.35,2.35,0.84,93.61
20081109,52.27,5.6942,3.9074,2.37,0.55,23.36,25.73,21.07,86.17,1.23,1.86,0.73,93.68
20081110,17.3,5.442,3.3283,3.1416,0.53,23.86,26.94,21.29,85.01,1.24,2.16,0.8,93.71
20081111,1.76,6.0086,4.7518,2.2387,0.58,24.11,26.87,22.43,89.08,1.32,2.46,0.86,93.59
20081112,46.02,5.586,3.984,2.4151,0.54,23.76,26.04,21.91,90.84,1.22,1.85,0.78,93.54
20081113,36.9,5.5764,2.418,3.0898,0.54,23.63,25.18,22.75,92.69,1.41,1.95,0.91,93.58
20081114,22.48,5.8387,4.6265,2.1691,0.57,23.82,26.05,22.2,89.61,1.11,2.06,0.69,93.55
20081115,10.69,6.0022,4.259,2.3995,0.58,23.59,25.31,22.32,89.85,1.1,1.38,0.68,93.49
20081116,0.85,6.1037,4.3778,2.7307,0.59,23.64,25.7,21.78,88.31,1.42,2.15,0.89,93.44
20081117,0.65,4.6937,1.6495,2.8625,0.46,23.79,26.16,22.25,88.91,1.26,1.61,0.78,93.44
20081118,29.76,5.5214,2.7996,3.0802,0.54,23.83,26.19,22.07,89.74,1.39,2.35,0.86,93.51
20081119,12.98,6.1702,5.3693,2.1494,0.6,24.32,27.16,22.15,84.95,1.27,1.71,0.83,93.58
20081120,8.7,5.0777,2.1926,3.1085,0.49,22.98,24.85,21.8,93.12,0.82,1.63,0.54,93.61
20081121,6.61,5.6842,3.048,3.2628,0.55,22.9,24.36,22.07,88.78,0.72,0.98,0.47,93.68
20081122,2.94,4.9114,1.0368,3.0962,0.48,23.7,26.29,21.64,85.59,1.18,1.51,0.76,93.63
20081123,10.13,4.765,1.7014,2.8099,0.47,24.16,26.62,22.66,86.45,0.96,1.37,0.58,93.63
20081124,2.18,5.6232,2.7554,2.9498,0.55,24.02,26.12,22.66,90.86,1.28,2.06,0.77,93.57
20081125,55.7,5.0074,2.0722,3.3552,0.49,23.44,25.34,21.81,92.73,1.74,2.48,1.06,93.63
20081126,24.39,4.787,0.6648,3.5011,0.47,23.46,25.77,21.74,90.52,0.87,1.35,0.53,93.6
20081127,10.57,4.2677,1.6922,2.6719,0.42,23.82,26.51,22.42,91.27,1.41,2.13,0.89,93.66
20081128,2.12,5.4845,2.5363,2.9654,0.54,23.12,24.88,21.89,93.17,1.39,2.04,0.82,93.75
20081129,0.98,2.8795,0.4008,1.9387,0.28,23.79,26.37,22.09,89.92,0.96,1.43,0.58,93.83
20081130,0.3,5.5978,2.7797,2.917,0.55,24.09,27.26,22.05,86.38,0.87,1.47,0.53,93.84
20081201,0.32,4.0097,0.491,2.8994,0.39,23.74,26.27,22.31,90.25,1.28,1.75,0.77,93.75
20081202,2.11,4.949,1.0106,3.2724,0.49,23.1,24.56,22.25,94.03,1.46,2.28,0.88,93.64
20081203,31.34,4.5696,1.2674,2.9854,0.45,23.0,24.54,21.77,94.82,1.28,1.82,0.74,93.6
20081204,7.04,5.4038,2.3054,2.9983,0.53,23.24,25.2,22.11,92.14,1.45,1.94,0.87,93.69
20081205,7.19,5.027,1.2984,3.3034,0.49,23.42,25.57,22.0,91.19,1.9,2.57,1.17,93.75
20081206,2.96,5.5373,2.3114,3.137,0.54,23.34,26.49,21.44,90.23,1.35,2.47,0.85,93.7
20081207,34.64,4.3826,0.4658,3.2496,0.43,23.58,27.01,20.81,84.53,0.97,1.91,0.62,93.66
20081208,23.27,5.125,1.8859,2.7818,0.5,23.91,26.51,22.53,87.86,1.1,1.86,0.68,93.62
20081209,27.72,5.8306,4.5247,2.244,0.57,23.92,26.43,22.28,91.81,1.19,1.68,0.76,93.6
20081210,83.86,5.0815,2.2786,2.7823,0.5,23.38,24.94,22.15,93.14,0.88,1.37,0.53,93.63
20081211,5.13,5.1658,1.4438,3.5806,0.51,23.51,26.48,21.52,85.51,1.25,1.71,0.77,93.59
20081212,52.58,4.3699,0.455,3.2009,0.43,22.41,24.13,21.09,90.48,0.72,1.37,0.46,93.64
20081213,34.02,5.2159,2.957,2.6794,0.51,23.09,25.43,21.66,88.64,1.01,2.11,0.64,93.69
20081214,20.64,5.1302,3.0732,2.8958,0.51,23.54,26.29,21.67,89.28,1.04,2.2,0.68,93.61
20081215,6.22,5.5608,3.9785,2.574,0.55,23.76,26.75,21.66,87.05,1.15,1.93,0.73,93.51
20081216,4.86,4.6416,0.6816,3.3305,0.46,23.9,26.4,22.53,87.26,0.79,1.64,0.5,93.57
20081217,3.34,4.2926,0.2743,3.234,0.42,23.37,26.03,21.26,86.44,0.87,1.65,0.57,93.66
20081218,45.14,4.8446,2.7703,2.3402,0.48,23.11,25.77,21.55,88.25,0.89,1.4,0.54,93.67
20081219,7.29,4.6656,0.8062,3.3096,0.46,23.5,26.24,21.36,87.72,1.15,1.67,0.72,93.57
20081220,0.89,5.311,1.9085,3.0775,0.52,23.27,25.84,21.0,86.73,0.96,1.5,0.57,93.59
20081221,17.33,5.5874,2.4401,3.0041,0.55,23.61,25.7,22.08,90.15,1.37,2.49,0.83,93.58
20081222,13.88,4.5017,2.2152,2.4067,0.44,23.35,25.58,21.76,90.86,0.98,1.62,0.6,93.6
20081223,18.61,5.2572,1.8598,2.9916,0.52,22.91,24.66,21.56,92.07,1.11,1.85,0.67,93.58
20081224,36.2,4.9586,1.2586,3.1274,0.49,23.04,25.01,21.72,93.3,1.75,1.96,1.05,93.57
20081225,20.62,5.3352,2.6789,2.8442,0.53,23.04,24.77,22.0,92.71,1.38,1.94,0.85,93.58
20081226,10.08,4.5504,0.9108,3.0744,0.45,22.52,24.85,21.48,91.29,0.99,1.69,0.64,93.59
20081227,1.46,3.3156,0.0077,2.5639,0.33,22.79,25.04,21.39,88.47,0.61,1.33,0.39,93.6
20081228,0.1,5.3117,1.753,3.4188,0.52,23.89,27.79,21.04,84.55,1.22,2.24,0.77,93.56
20081229,3.42,4.4026,0.2878,3.3384,0.43,23.33,24.77,22.2,93.57,2.01,2.86,1.19,93.51
20081230,2.58,4.8646,1.8514,2.8068,0.48,23.5,26.46,21.59,87.96,0.94,2.12,0.55,93.58
20081231,0.03,5.1703,2.7566,2.9647,0.51,23.19,25.78,20.91,82.18,1.1,2.16,0.68,93.52
20090101,0.16,5.2452,3.2239,2.8865,0.52,23.13,26.17,20.31,85.15,0.97,1.59,0.58,93.55
20090102,9.34,4.3426,0.9343,3.0029,0.43,23.11,25.82,20.84,89.23,1.18,2.31,0.72,93.6
20090103,1.81,3.9955,0.1411,3.0607,0.39,23.75,26.23,21.93,88.03,1.03,1.48,0.63,93.6
20090104,0.55,3.9931,0.1721,3.0058,0.39,24.18,27.48,21.65,82.86,0.98,1.53,0.61,93.62
20090105,6.74,6.1836,5.8001,1.9121,0.61,23.81,27.35,20.85,81.8,1.05,2.09,0.66,93.62
20090106,5.11,5.897,3.4548,2.9311,0.58,23.84,26.31,21.92,88.96,1.3,2.09,0.82,93.63
20090107,14.21,5.6628,3.4346,2.694,0.55,23.96,26.79,22.2,84.52,0.59,1.38,0.4,93.71
20090108,27.89,4.963,1.6982,2.993,0.49,23.71,26.18,21.65,85.51,0.93,1.57,0.58,93.74
20090109,87.26,4.7772,1.4258,2.8937,0.47,22.89,24.53,21.72,93.27,0.71,1.45,0.45,93.72
20090110,20.82,3.935,0.2875,2.9402,0.38,22.77,25.14,20.89,89.8,0.69,0.95,0.4,93.66
20090111,7.39,5.0213,2.0342,2.9357,0.49,22.47,24.79,20.76,90.53,0.89,1.68,0.55,93.7
20090112,4.7,5.0774,1.7088,3.1188,0.5,22.6,25.79,20.4,88.98,0.94,1.87,0.57,93.8
20090113,0.52,3.9098,0.0761,3.0058,0.38,22.56,25.37,20.25,82.71,0.74,1.28,0.44,93.87
20090114,4.59,5.3299,2.7715,3.0526,0.52,23.14,26.16,20.6,82.43,1.01,1.45,0.61,93.81
20090115,4.67,5.0966,1.4746,3.2196,0.5,22.66,25.6,20.3,86.72,0.82,1.61,0.48,93.82
20090116,0.39,4.3992,1.2185,2.9642,0.43,23.8,27.97,20.14,81.77,0.88,1.41,0.56,93.78
20090117,2.84,4.7496,1.1676,3.0185,0.46,23.58,26.24,21.13,84.88,0.71,1.11,0.49,93.78
20090118,8.32,5.472,3.3487,2.5397,0.53,23.52,25.82,21.96,86.22,0.63,1.11,0.42,93.72
20090119,4.94,5.1101,2.4314,2.7569,0.5,23.23,25.92,21.07,86.94,0.95,1.32,0.57,93.67
20090120,0.99,3.9146,0.3554,2.7197,0.38,23.5,26.38,21.42,85.21,1.15,1.9,0.72,93.73
20090121,1.3,5.3827,3.3619,2.4648,0.52,23.39,25.55,22.19,89.06,1.38,2.12,0.84,93.76
20090122,2.11,3.6828,0.18,2.7557,0.36,23.08,25.08,21.76,88.74,1.13,2.21,0.71,93.69
20090123,0.13,6.0024,3.7433,2.9542,0.58,23.65,26.31,21.2,83.88,1.21,1.65,0.76,93.68
20090124,18.43,6.2868,4.6354,2.603,0.61,23.85,26.08,22.43,86.88,0.96,1.32,0.61,93.69
20090125,16.54,5.6371,2.8918,2.9052,0.54,23.22,24.93,22.01,92.0,0.95,1.58,0.62,93.68
20090126,8.74,5.7919,3.2299,2.7818,0.56,23.57,26.64,21.2,85.87,1.55,2.22,0.98,93.66
20090127,1.28,4.1122,0.9506,2.7427,0.4,23.22,25.29,21.89,89.29,1.15,1.56,0.71,93.65
20090128,22.81,5.1737,1.2754,3.5947,0.5,22.95,24.94,21.67,92.58,1.1,1.86,0.69,93.57
20090129,48.24,5.9393,3.8928,2.4144,0.57,23.52,26.19,21.69,87.3,0.89,1.35,0.56,93.57
20090130,33.58,5.4487,2.0306,3.3022,0.52,23.44,26.57,21.52,87.36,1.2,1.76,0.74,93.53
20090131,2.9,4.5653,0.45,3.2179,0.44,24.07,27.27,22.06,85.43,1.06,1.73,0.64,93.59
20090201,1.83,4.2617,0.2873,3.1224,0.41,23.33,25.22,21.9,86.94,0.66,1.08,0.44,93.71
20090202,1.63,5.0054,1.6123,3.0814,0.48,23.52,26.54,21.32,85.0,1.08,2.17,0.69,93.63
20090203,1.5,3.9382,0.3502,2.8606,0.38,23.05,25.83,21.16,88.51,1.19,2.5,0.72,93.55
20090204,0.61,5.6182,2.4677,3.0204,0.54,23.82,27.67,20.85,82.57,1.23,1.87,0.75,93.53
20090205,0.81,4.6966,1.0169,3.0977,0.45,23.16,26.0,21.15,86.56,0.85,1.36,0.51,93.54
20090206,0.07,4.5346,0.3094,3.3775,0.43,23.37,26.59,20.36,79.72,1.14,1.67,0.69,93.54
20090207,0.52,6.9571,7.0222,2.179,0.66,23.09,26.93,19.5,77.17,1.51,2.59,0.91,93.59
20090208,0.29,5.7888,2.6561,2.9486,0.55,23.77,27.77,19.98,81.09,1.4,1.94,0.84,93.71
20090209,0.12,4.811,0.3144,3.564,0.46,24.02,27.18,21.84,84.98,0.93,1.55,0.61,93.74
20090210,1.44,4.3128,0.4104,3.0031,0.41,23.49,25.2,22.26,89.53,1.06,1.49,0.66,93.73
20090211,0.94,5.8018,3.793,2.3486,0.55,23.79,27.26,21.08,80.82,1.22,1.8,0.75,93.64
20090212,14.44,4.9404,3.1565,2.1454,0.47,23.51,25.97,21.22,85.76,0.86,1.25,0.54,93.56
20090213,1.75,3.3773,0.0115,2.567,0.32,22.7,25.51,20.36,86.75,1.31,2.15,0.81,93.66
20090214,1.33,5.053,2.1708,2.735,0.48,23.27,26.63,20.8,81.2,1.07,1.56,0.66,93.68
20090215,1.59,2.7902,0.0466,2.1122,0.26,22.36,25.37,19.67,82.98,1.28,2.18,0.77,93.77
20090216,0.11,4.9493,1.0745,3.0996,0.47,23.33,27.17,20.67,81.49,1.26,1.83,0.79,93.74
20090217,12.28,4.2182,0.2035,3.1721,0.4,22.59,23.95,21.64,94.29,1.36,1.83,0.85,93.68
20090218,15.79,5.1576,2.1967,2.8524,0.49,23.6,26.96,21.38,88.25,1.31,1.84,0.85,93.64
20090219,8.37,4.879,0.9307,3.2712,0.46,22.83,24.42,21.66,93.11,1.46,1.9,0.88,93.66
20090220,1.88,5.2884,3.0158,2.6011,0.5,23.2,25.5,21.72,91.51,1.67,2.02,1.03,93.69
20090221,11.7,5.0071,1.8761,2.8073,0.47,22.8,23.93,21.88,95.26,1.47,1.89,0.92,93.62
20090222,9.68,4.7316,1.0831,3.2182,0.45,22.95,24.91,21.66,93.0,1.41,1.85,0.85,93.53
20090223,3.14,5.8723,3.1666,2.8526,0.56,23.25,25.37,21.68,91.23,1.51,2.1,0.93,93.5
20090224,5.09,4.009,0.5484,2.6246,0.38,22.83,24.07,21.66,94.21,1.25,1.79,0.75,93.53
20090225,6.74,5.3062,1.848,3.324,0.5,23.11,25.38,21.36,90.25,1.02,1.62,0.64,93.52
20090226,1.26,6.0326,3.5503,2.7763,0.57,23.78,26.54,21.57,85.76,0.9,1.45,0.55,93.52
20090227,1.35,5.5457,2.5733,2.9107,0.52,24.08,26.74,21.97,84.36,0.57,1.23,0.37,93.53
20090228,5.36,4.9831,1.3802,2.8349,0.47,23.87,26.85,21.0,83.29,1.21,2.04,0.74,93.53
20090301,4.42,3.7006,0.1327,2.773,0.35,22.87,24.37,21.85,92.2,1.07,1.27,0.67,93.6
20090302,0.31,5.3911,1.0514,3.8438,0.51,23.49,25.88,21.54,87.56,1.11,1.75,0.67,93.68
20090303,4.19,4.8989,0.8616,3.2378,0.46,23.33,24.91,22.05,90.82,1.55,1.83,0.94,93.7
20090304,23.45,5.3294,2.3791,2.7648,0.5,22.81,23.84,21.9,93.88,1.38,2.03,0.83,93.65
20090305,3.49,5.6575,2.4754,2.9784,0.54,23.49,26.23,21.81,86.77,1.22,2.21,0.73,93.71
20090306,3.68,5.0215,1.3183,3.0022,0.48,23.77,26.43,22.13,90.22,1.37,2.23,0.89,93.75
20090307,3.27,6.0401,3.3516,2.7538,0.57,23.79,26.28,22.17,87.73,1.27,1.76,0.81,93.75
20090308,24.16,5.1878,2.095,2.935,0.49,23.36,25.83,21.41,90.96,1.27,1.75,0.76,93.71
20090309,21.81,5.6779,3.541,2.466,0.54,23.16,24.74,22.07,92.19,1.25,1.68,0.76,93.74
20090310,10.61,5.1792,2.989,2.3832,0.49,22.97,24.88,21.86,91.24,0.56,0.94,0.35,93.75
20090311,87.33,4.6992,1.5029,2.688,0.45,22.6,24.8,21.6,89.43,0.84,1.66,0.52,93.73
20090312,14.01,5.2704,1.3044,3.1951,0.5,22.92,25.38,21.22,88.83,1.14,1.77,0.69,93.75
20090313,25.04,5.335,2.8382,2.611,0.51,22.49,24.36,20.85,94.55,1.59,2.48,1.01,93.8
20090314,13.23,5.2349,1.9159,2.9074,0.5,22.35,25.14,20.35,88.45,1.5,2.68,0.95,93.8
20090315,9.67,5.5865,2.9321,2.6093,0.53,22.56,24.41,21.09,89.29,1.4,2.28,0.89,93.69
20090316,3.93,6.0326,4.4614,2.347,0.57,23.24,25.52,21.6,88.3,1.04,1.4,0.64,93.67
20090317,10.45,5.0438,2.7149,2.4442,0.48,23.19,25.37,21.52,86.84,0.61,1.17,0.36,93.62
20090318,27.47,6.265,4.6246,2.3141,0.6,22.88,25.56,20.53,87.08,1.34,1.82,0.81,93.67
20090319,35.73,4.9507,1.3776,3.0461,0.47,22.15,23.23,21.5,92.22,1.0,1.52,0.63,93.79
20090320,8.15,6.4932,5.2661,2.1518,0.62,23.17,25.78,21.43,84.43,1.04,1.69,0.66,93.8
20090321,1.13,5.753,4.446,2.1571,0.55,23.36,26.25,21.42,85.21,1.29,1.62,0.8,93.79
20090322,10.1,6.1454,5.093,1.9793,0.59,23.43,26.77,21.48,85.29,1.64,2.94,1.02,93.79
20090323,16.27,4.9354,1.1309,3.0862,0.47,23.21,26.05,21.03,88.29,1.94,2.86,1.21,93.86
20090324,12.14,5.3962,2.8867,2.635,0.52,22.95,24.75,21.77,92.39,1.73,2.27,1.09,93.9
20090325,9.58,4.5953,1.464,2.8123,0.44,22.5,24.69,20.93,91.74,1.43,2.14,0.9,93.92
20090326,17.44,6.0391,4.6174,2.2128,0.58,23.35,26.5,20.64,87.39,1.57,2.36,0.99,93.88
20090327,18.87,6.4166,4.9606,2.1372,0.62,23.53,26.65,21.67,87.07,1.14,1.73,0.72,93.85
20090328,38.65,5.8978,4.4494,2.1811,0.57,23.76,26.36,21.75,86.78,1.36,1.96,0.85,93.77
20090329,23.59,6.3648,4.7261,2.4727,0.61,23.37,25.74,21.68,91.52,1.32,2.05,0.85,93.69
20090330,2.96,5.4528,2.1319,3.1078,0.53,23.57,25.33,22.38,93.08,1.59,1.86,0.97,93.66
20090331,3.01,5.8858,4.0241,2.3861,0.57,24.13,26.81,22.22,87.43,1.21,1.72,0.76,93.63
20090401,8.2,5.5889,3.979,2.2397,0.54,23.96,26.45,22.2,88.56,1.39,2.5,0.87,93.58
20090402,17.03,6.6427,5.6443,2.2169,0.65,23.7,26.54,21.68,89.75,1.48,2.13,0.88,93.67
20090403,6.83,5.7876,3.9965,2.3815,0.56,23.72,25.87,22.38,88.72,1.23,1.66,0.75,93.72
20090404,3.59,5.7154,3.4018,3.1318,0.56,23.67,26.14,22.01,86.14,1.04,2.25,0.67,93.73
20090405,66.92,4.7477,1.1587,2.8922,0.46,23.24,25.97,21.48,91.05,1.46,2.6,0.92,93.64
20090406,33.9,5.1338,2.0551,2.8188,0.5,22.38,24.05,21.33,91.74,1.31,1.95,0.79,93.67
20090407,12.0,5.1593,2.3143,2.6724,0.51,22.59,25.35,20.29,88.72,1.32,2.07,0.84,93.69
20090408,4.63,5.4226,4.3375,2.1895,0.53,23.99,27.18,21.97,87.0,1.41,2.59,0.91,93.67
20090409,2.32,6.1375,4.5614,2.4406,0.6,23.91,26.4,22.55,89.76,0.97,1.65,0.63,93.69
20090410,3.97,6.337,6.0761,1.8605,0.62,24.08,26.78,22.05,88.57,1.06,1.94,0.71,93.6
20090411,8.95,5.9251,4.8878,2.1449,0.59,24.41,27.46,22.37,87.79,1.19,2.32,0.76,93.61
20090412,3.55,5.635,2.081,3.6331,0.56,24.75,27.85,22.66,86.51,1.17,2.2,0.74,93.58
20090413,7.8,5.065,1.476,3.3422,0.5,24.36,27.11,22.9,89.59,1.03,1.4,0.64,93.52
20090414,0.87,3.9881,0.6281,2.7972,0.4,23.57,25.29,22.42,92.09,1.39,2.48,0.86,93.58
20090415,0.55,4.7285,1.1477,2.9458,0.47,23.23,25.19,21.29,86.41,1.21,1.82,0.73,93.7
20090416,3.69,4.8862,1.8322,2.8687,0.49,24.25,27.24,22.03,86.13,1.49,2.07,0.94,93.64
20090417,5.42,5.7619,4.5528,2.1137,0.58,23.39,24.96,22.38,91.72,1.46,2.19,0.89,93.68
20090418,0.72,3.4022,0.0367,2.5894,0.34,23.26,25.38,22.07,86.76,0.91,1.39,0.55,93.83
20090419,2.64,4.4138,0.6538,2.8918,0.44,23.42,25.96,21.81,87.22,0.97,1.58,0.59,93.81
20090420,9.41,4.4561,0.941,2.8534,0.45,22.95,24.73,21.79,92.21,1.04,1.36,0.62,93.72
20090421,35.89,4.4042,1.1059,2.7053,0.44,23.27,25.48,21.64,91.69,1.45,2.3,0.89,93.67
20090422,29.51,5.8404,4.8408,1.9694,0.59,23.24,24.92,22.01,94.42,1.6,2.14,0.96,93.77
20090423,13.39,5.2118,3.4123,2.1886,0.53,23.2,24.59,22.22,93.65,1.7,2.01,1.02,93.86
20090424,0.63,6.1106,5.0369,2.046,0.62,23.24,24.58,22.28,92.4,1.56,2.15,0.93,93.88
20090425,1.28,5.713,3.857,2.4485,0.58,23.93,26.38,22.13,89.2,1.67,2.2,1.03,93.88
20090426,1.55,3.7615,0.21,2.7898,0.38,23.23,24.54,21.79,92.99,1.6,2.49,0.98,93.85
20090427,9.97,4.8041,2.0647,2.6438,0.49,23.83,26.51,21.84,87.82,1.17,1.99,0.75,93.89
20090428,10.95,4.0094,1.1736,2.4626,0.41,23.26,24.67,22.2,92.24,0.98,1.29,0.59,93.95
20090429,0.45,5.5522,4.7338,1.9826,0.57,23.66,27.07,21.13,85.92,1.54,2.32,0.98,93.91
20090430,0.1,5.567,4.3126,2.1706,0.57,23.7,26.9,22.04,85.29,0.87,1.79,0.56,93.82
20090501,2.26,4.9934,3.2098,2.298,0.52,22.56,24.64,21.36,88.77,0.84,1.86,0.52,93.89
20090502,2.33,5.2195,3.8165,2.2781,0.54,23.53,26.86,21.22,85.03,1.51,2.43,0.96,93.84
20090503,7.27,6.013,5.2651,1.8348,0.62,23.09,25.6,21.03,86.16,1.1,1.35,0.69,93.84
20090504,6.53,5.3422,4.1129,2.1245,0.56,23.99,26.9,21.84,85.84,1.43,2.25,0.9,93.77
20090505,30.26,5.2044,4.6061,1.9241,0.54,23.64,26.88,20.82,88.56,1.3,2.04,0.82,93.77
20090506,13.16,5.4254,4.5415,1.9762,0.57,23.45,24.85,22.45,93.53,1.27,1.85,0.77,93.76
20090507,4.22,5.2327,3.5983,2.3134,0.55,24.07,27.13,22.04,87.32,1.33,1.77,0.82,93.7
20090508,1.7,5.521,3.9492,2.3388,0.58,24.22,27.36,22.16,84.19,1.15,1.59,0.71,93.68
20090509,0.19,5.0275,2.7672,2.803,0.53,23.98,26.87,22.07,87.3,1.13,1.72,0.71,93.65
20090510,1.31,5.3592,4.2487,1.9514,0.56,24.24,27.42,21.79,85.34,1.36,1.81,0.86,93.64
20090511,1.45,5.6582,4.1494,2.335,0.6,23.37,25.61,21.42,89.32,1.16,2.15,0.73,93.69
20090512,26.51,4.6262,1.3277,2.7456,0.49,23.28,24.7,22.08,93.37,1.87,2.64,1.15,93.63
20090513,10.58,4.4604,1.5269,2.7893,0.47,22.82,24.76,21.59,89.61,1.74,2.73,1.11,93.63
20090514,1.58,5.5666,5.5733,1.6027,0.59,23.71,26.83,21.24,83.94,1.22,2.11,0.8,93.51
20090515,7.03,5.2435,3.983,2.0165,0.56,24.01,26.71,22.29,86.78,1.28,1.93,0.82,93.62
20090516,2.85,5.2894,4.3162,2.1127,0.56,23.47,26.11,21.16,89.92,1.38,1.76,0.82,93.69
20090517,1.29,5.1173,2.0892,2.9213,0.55,23.78,26.09,22.12,90.72,1.32,2.38,0.85,93.69
20090518,2.2,5.0273,2.2111,2.7838,0.54,23.14,24.92,21.96,87.52,1.51,2.22,0.91,93.78
20090519,2.27,4.224,1.583,2.4331,0.45,23.05,25.3,21.25,86.48,1.25,1.89,0.76,93.75
20090520,0.59,4.9457,2.2301,2.8097,0.53,23.35,25.31,21.68,89.96,1.6,2.41,0.99,93.68
20090521,14.67,4.1314,0.761,2.8829,0.45,23.22,25.53,21.51,87.82,1.21,1.7,0.75,93.76
20090522,17.34,5.1,4.2041,1.943,0.55,23.61,25.95,21.94,87.23,1.41,2.18,0.89,93.74
20090523,15.3,5.3124,4.3217,2.3486,0.58,23.3,24.15,22.56,95.41,1.3,1.67,0.8,93.61
20090524,12.9,5.7055,5.6825,1.6123,0.62,22.91,25.01,21.29,92.37,1.15,1.58,0.68,93.65
20090525,18.05,4.1678,1.5595,2.4226,0.45,23.27,24.86,22.24,87.28,0.69,1.27,0.42,93.66
20090526,34.4,5.2037,4.1203,2.0683,0.57,22.97,25.06,21.38,89.54,0.8,1.44,0.53,93.68
20090527,24.38,4.9195,3.155,2.3563,0.54,22.81,24.36,21.75,92.32,1.26,1.73,0.78,93.69
20090528,6.03,5.3755,4.4244,1.9994,0.59,23.12,25.25,21.23,90.25,1.09,1.57,0.65,93.7
20090529,5.03,3.869,1.1938,2.3081,0.42,23.11,24.27,21.82,94.17,1.25,2.13,0.77,93.73
20090530,2.16,4.3039,0.9086,2.8939,0.47,22.57,24.42,21.42,92.22,1.12,1.49,0.72,93.86
20090531,1.24,5.3131,3.7049,2.7221,0.58,23.43,26.69,20.87,85.32,1.34,1.98,0.87,93.87
20090601,0.86,4.0054,0.9691,2.7168,0.44,23.2,25.51,21.73,88.27,1.04,1.53,0.64,93.91
20090602,0.06,4.7378,1.9606,2.7305,0.52,23.34,25.78,21.21,83.14,1.19,1.92,0.75,93.94
20090603,1.97,6.0631,6.1589,1.8185,0.67,23.27,26.55,20.76,83.81,1.41,2.21,0.9,93.88
20090604,8.3,4.9454,2.8754,2.454,0.55,22.74,25.44,21.22,84.0,0.93,1.95,0.58,93.86
20090605,5.33,2.5246,0.0794,1.9483,0.28,22.65,25.83,20.05,86.72,1.73,2.12,1.1,93.83
20090606,1.4,4.3346,1.3841,2.7653,0.48,22.31,23.98,20.97,91.81,1.37,1.6,0.84,93.83
20090607,5.32,4.6877,3.132,2.0674,0.52,23.04,25.97,20.56,88.87,1.44,1.96,0.9,93.82
20090608,10.25,4.2871,1.5283,2.49,0.48,23.24,24.62,22.3,93.32,1.74,2.03,1.1,93.89
20090609,4.83,4.7033,3.221,2.1446,0.52,23.03,25.1,22.1,90.4,1.2,1.93,0.77,94.01
20090610,0.29,4.3111,1.8048,2.5224,0.48,22.84,24.97,21.43,87.17,1.24,1.65,0.75,94.07
20090611,0.26,5.2582,3.7212,2.2267,0.58,23.1,26.05,21.06,85.03,1.5,2.25,0.94,93.94
20090612,9.76,5.6311,5.4058,1.7251,0.63,22.84,25.57,20.66,88.7,1.81,2.96,1.16,93.94
20090613,13.99,5.0628,4.1239,2.125,0.56,22.7,25.29,21.1,91.0,1.86,2.48,1.17,93.98
20090614,3.76,4.6243,2.2258,2.4619,0.52,22.5,25.16,20.83,86.94,1.95,3.09,1.21,93.91
20090615,0.02,5.905,6.437,1.686,0.66,22.12,25.53,19.3,84.72,1.8,2.35,1.11,93.83
20090616,0.92,5.6719,5.7902,1.6478,0.63,22.68,26.26,20.18,86.57,1.8,2.58,1.1,93.82
20090617,0.88,5.9616,6.5429,1.4381,0.67,22.19,26.03,18.48,82.17,1.26,1.99,0.77,93.92
20090618,1.22,5.4281,5.4943,1.59,0.61,22.92,26.3,20.36,85.66,1.39,2.3,0.9,93.88
20090619,0.59,4.0322,0.9384,2.6614,0.45,22.77,25.35,20.49,86.98,1.39,1.71,0.85,93.87
20090620,0.0,4.2367,2.3407,2.0866,0.47,23.42,26.69,20.78,85.67,1.59,2.41,1.0,93.83
20090621,1.63,4.3224,2.281,2.3693,0.48,23.37,26.13,21.25,87.17,1.41,2.34,0.91,93.77
20090622,8.49,4.195,2.1662,2.3042,0.47,22.88,25.58,20.71,88.46,1.56,2.52,0.97,93.75
20090623,14.05,3.444,0.6859,2.3081,0.38,22.42,24.47,21.11,92.64,1.97,2.87,1.22,93.7
20090624,13.21,4.8348,4.1496,2.0114,0.54,22.46,24.61,21.12,93.12,1.56,2.58,0.98,93.73
20090625,23.34,3.1121,0.7877,2.1694,0.35,22.21,23.58,20.98,92.72,0.99,1.84,0.63,93.75
20090626,43.14,4.2926,1.3133,3.0648,0.48,22.53,25.09,20.85,87.67,1.47,2.1,0.92,93.81
20090627,13.37,3.6336,1.1292,2.4991,0.41,22.63,25.44,19.74,87.43,1.36,1.74,0.83,93.79
20090628,0.02,5.3671,4.7988,2.1257,0.6,23.14,25.69,21.43,87.33,1.23,2.21,0.78,93.76
20090629,6.56,5.0201,5.4744,1.5094,0.56,23.24,26.61,20.96,85.07,1.23,1.79,0.75,93.75
20090630,13.06,2.6299,0.4178,1.9008,0.29,22.55,25.04,21.0,90.46,1.17,1.75,0.76,93.88
20090701,8.19,3.1658,1.0219,2.2277,0.35,22.61,25.0,21.26,88.07,0.87,1.4,0.54,93.91
20090702,12.32,4.2818,2.652,2.2286,0.48,22.26,24.39,21.08,88.43,0.98,1.6,0.63,93.88
20090703,2.41,5.8034,5.9275,1.5919,0.65,22.76,25.72,20.86,83.69,1.13,2.02,0.73,93.86
20090704,0.12,3.5983,2.5687,1.8046,0.4,22.9,26.06,20.74,85.67,1.29,2.77,0.83,93.85
20090705,9.92,4.4513,3.965,1.8835,0.49,22.22,25.21,20.02,86.87,1.51,2.5,0.97,93.85
20090706,1.7,4.711,4.5058,1.7846,0.52,22.59,26.19,19.62,88.01,1.55,2.08,0.97,93.83
20090707,29.93,3.4594,1.1198,2.2896,0.38,22.37,23.58,21.44,94.34,1.62,3.41,1.03,93.79
20090708,3.49,4.8665,4.8266,1.6529,0.54,22.27,24.86,20.8,91.49,2.08,3.98,1.3,93.78
20090709,2.77,5.4554,5.5942,1.6666,0.6,22.4,25.38,20.31,90.12,1.84,3.11,1.17,93.77
20090710,5.41,3.6658,2.531,1.7542,0.41,21.92,24.3,20.2,90.55,2.4,4.38,1.47,93.72
20090711,6.23,3.2923,2.358,1.6584,0.36,22.06,24.96,19.95,90.75,1.85,2.66,1.14,93.66
20090712,4.49,2.9414,0.6653,2.0858,0.32,22.28,24.45,20.98,91.64,1.31,1.9,0.8,93.66
20090713,46.22,4.2398,3.06,2.0035,0.47,22.72,26.13,19.93,90.43,1.83,2.4,1.12,93.67
20090714,24.94,2.2303,0.1183,1.6368,0.25,22.07,23.27,20.46,92.05,0.93,1.55,0.57,93.79
20090715,1.28,4.301,2.0602,2.4156,0.47,21.54,24.42,19.87,89.56,1.68,2.76,1.04,93.92
20090716,0.0,5.2332,5.1156,1.6318,0.57,22.39,25.31,20.01,85.82,1.46,2.43,0.93,93.86
20090717,3.19,5.4084,4.5545,2.1924,0.59,22.7,25.04,20.94,86.57,1.34,2.32,0.85,93.78
20090718,3.8,4.0637,1.8619,2.3522,0.44,23.31,26.46,21.06,87.74,1.54,2.77,0.92,93.76
20090719,36.2,3.6192,1.2065,2.1514,0.4,22.42,25.0,20.34,87.53,1.17,1.63,0.73,93.92
20090720,3.28,5.2207,3.9677,2.0683,0.57,22.21,24.13,20.9,89.27,1.38,2.05,0.86,94.02
20090721,0.57,5.2932,4.8686,1.8456,0.58,23.13,26.21,20.74,83.56,1.17,1.8,0.74,94.0
20090722,2.97,5.9302,6.2035,1.5797,0.64,23.38,26.44,20.64,82.44,1.27,1.96,0.78,93.82
20090723,6.69,2.9894,0.1039,2.2622,0.32,23.04,26.05,20.68,87.8,1.34,1.68,0.8,93.8
20090724,19.29,3.5818,0.9682,2.2562,0.39,22.72,25.44,20.58,92.38,1.37,1.91,0.84,93.85
20090725,2.18,4.0574,0.9722,2.64,0.44,22.49,24.38,21.43,92.78,1.92,3.34,1.2,93.89
20090726,0.0,5.6198,4.7246,2.053,0.61,22.18,24.86,19.9,87.31,2.17,3.35,1.33,93.96
20090727,0.0,6.4214,6.4159,1.7909,0.69,21.24,24.26,19.22,85.09,2.03,3.47,1.26,94.0
20090728,0.0,6.4054,6.6852,1.4642,0.69,20.99,23.96,18.89,83.32,1.94,2.51,1.17,94.05
20090729,4.26,5.4842,5.4134,1.8989,0.59,21.42,24.18,19.3,85.43,1.5,2.01,0.93,93.99
20090730,3.74,4.4198,3.8494,1.7035,0.47,21.39,24.62,19.33,87.48,1.58,2.48,0.97,93.97
20090731,0.01,5.5853,4.7722,2.063,0.6,22.12,25.58,19.61,85.7,1.46,2.53,0.91,93.87
20090801,0.0,5.2015,3.7416,2.2606,0.55,22.39,25.55,20.11,87.41,1.61,2.76,1.02,93.79
20090802,0.51,4.9361,3.8297,1.9838,0.53,22.71,25.92,20.23,86.82,1.76,2.7,1.1,93.81
20090803,0.18,5.2114,5.1127,1.6346,0.55,22.95,26.01,20.66,87.82,1.7,2.46,1.07,93.86
20090804,0.0,5.1862,4.8334,1.68,0.55,23.46,26.67,21.03,86.49,1.42,2.26,0.87,93.84
20090805,0.32,5.3789,4.5715,1.9733,0.57,23.54,27.03,20.87,85.48,1.55,2.69,0.96,93.79
20090806,2.43,5.3182,4.745,1.8374,0.56,23.31,26.61,21.33,88.53,1.81,3.38,1.13,93.76
20090807,4.38,5.2584,4.9385,1.7724,0.55,23.03,26.25,21.27,89.75,1.9,3.76,1.21,93.71
20090808,3.97,4.7213,2.7326,2.4497,0.5,22.7,25.75,20.44,88.18,1.29,1.6,0.77,93.76
20090809,11.08,5.0844,4.0543,2.0285,0.53,23.02,26.39,19.92,88.59,1.6,2.34,0.99,93.72
20090810,4.82,5.2152,3.6509,2.25,0.55,23.47,26.91,21.33,89.15,1.59,2.13,0.98,93.82
20090811,0.83,5.2488,4.1506,2.1514,0.55,23.06,26.1,19.81,85.96,1.43,1.9,0.89,93.87
20090812,15.15,5.0304,3.6439,2.0138,0.52,23.36,26.45,21.22,88.04,1.03,1.91,0.64,93.86
20090813,9.72,5.9474,5.4329,1.853,0.62,23.17,26.36,20.87,87.08,1.33,1.99,0.81,93.81
20090814,10.94,5.363,4.4784,2.0417,0.56,23.09,26.88,20.02,86.31,1.63,2.47,1.01,93.8
20090815,0.18,6.2441,6.031,1.866,0.65,22.89,26.79,19.23,81.84,1.51,1.98,0.9,93.86
20090816,10.69,5.4221,4.301,2.154,0.56,23.33,26.53,20.66,85.85,1.02,2.08,0.67,93.81
20090817,0.93,5.8908,5.2714,2.0719,0.61,23.2,26.51,21.04,85.6,1.34,2.53,0.82,93.84
20090818,0.16,5.3947,4.7491,1.7446,0.56,23.0,26.54,20.08,83.11,1.23,1.69,0.75,93.9
20090819,0.06,5.2313,4.4455,2.0239,0.54,22.15,25.4,19.83,81.87,1.5,2.12,0.95,94.0
20090820,4.91,4.3008,3.1015,2.0546,0.44,22.15,25.56,19.16,85.46,1.68,2.57,1.09,93.88
20090821,8.06,4.027,2.7389,2.0268,0.41,23.03,26.31,21.07,89.02,1.64,2.63,1.04,93.79
20090822,3.87,3.323,0.9276,2.3014,0.34,22.02,24.07,20.25,85.52,1.69,2.5,1.07,93.87
20090823,6.16,4.7434,4.1143,1.733,0.48,22.34,25.7,20.02,84.03,1.36,2.77,0.87,93.82
20090824,1.68,3.9307,3.1394,1.8547,0.4,22.42,25.91,20.33,84.68,1.45,2.91,0.93,93.81
20090825,3.06,4.601,2.5642,2.2565,0.47,22.37,24.96,20.6,88.12,1.32,2.76,0.86,93.81
20090826,4.35,3.781,1.1971,2.3328,0.38,22.67,26.01,20.56,87.97,1.43,2.39,0.91,93.81
20090827,3.44,4.0615,2.2682,2.0849,0.41,22.49,24.61,21.0,90.9,1.33,2.23,0.87,93.83
20090828,0.29,6.1075,5.6424,1.8866,0.62,23.44,26.76,21.3,85.11,1.05,2.55,0.7,93.79
20090829,0.02,5.2603,4.2622,2.1358,0.53,23.05,26.25,20.19,85.19,1.66,2.95,1.04,93.89
20090830,0.0,5.4132,2.143,3.2374,0.54,23.42,27.02,20.89,82.44,1.24,2.12,0.79,93.88
20090831,0.0,6.8066,6.9096,1.7266,0.68,23.29,26.88,20.66,80.89,1.27,2.62,0.8,93.91
20090901,0.57,6.6396,6.5587,1.6709,0.66,23.4,27.02,20.46,85.19,1.42,2.6,0.92,93.82
20090902,0.56,6.0451,5.3537,2.0786,0.6,23.57,27.13,20.58,86.11,1.54,2.3,0.99,93.72
20090903,0.1,5.5181,4.9661,1.9207,0.55,22.85,26.12,20.77,88.09,1.66,2.51,1.02,93.73
20090904,0.0,6.7054,6.8251,1.5888,0.67,22.6,26.32,19.68,83.47,1.95,2.76,1.19,93.82
20090905,0.0,7.0699,7.2202,1.5962,0.7,21.61,26.01,17.76,81.48,1.78,2.56,1.07,93.94
20090906,0.0,6.211,6.4572,1.4635,0.62,22.57,26.31,19.23,83.63,1.7,2.35,1.06,93.82
20090907,0.01,6.672,6.6326,1.8314,0.66,23.45,27.35,20.43,83.22,1.23,2.18,0.79,93.82
20090908,0.01,4.7688,3.6682,2.0345,0.47,22.85,24.91,21.18,87.27,1.47,3.13,0.96,93.87
20090909,0.0,6.1344,4.8161,2.0933,0.61,23.85,27.36,20.93,81.55,1.18,2.06,0.72,93.85
20090910,0.0,6.4757,5.4881,2.2718,0.64,23.75,26.7,21.53,85.05,1.27,2.24,0.83,93.87
20090911,2.22,6.9965,7.17,1.566,0.69,23.59,27.05,20.76,82.16,1.18,2.04,0.75,93.92
20090912,2.41,6.4373,6.2018,1.7957,0.63,23.54,27.02,20.96,82.9,1.2,2.34,0.78,93.99
20090913,0.0,6.3101,5.5051,2.0006,0.62,23.54,27.6,19.76,82.41,1.57,1.91,0.95,94.02
20090914,0.0,6.7934,6.1735,1.9658,0.67,24.21,27.84,21.58,83.34,1.24,1.85,0.78,93.91
20090915,0.0,6.3554,5.2754,2.0453,0.62,24.21,27.7,21.92,84.66,1.02,1.88,0.65,93.77
20090916,0.15,6.2738,5.0762,2.2812,0.61,24.34,27.88,22.09,83.84,1.13,1.93,0.71,93.8
20090917,0.17,6.5808,6.0307,1.8994,0.64,24.28,27.66,21.53,82.81,1.04,1.83,0.67,93.89
20090918,1.18,6.4262,6.0857,1.8324,0.63,23.24,26.69,20.92,84.01,1.95,3.54,1.23,93.94
20090919,0.38,6.48,6.2686,1.8576,0.63,22.8,26.27,20.2,80.19,1.69,3.07,1.11,93.95
20090920,0.0,6.1176,5.5102,1.8576,0.6,23.04,26.41,20.85,82.83,1.65,2.8,1.05,93.94
20090921,2.59,5.5747,3.8966,2.2668,0.54,22.58,24.13,21.4,92.17,1.67,3.02,1.02,93.89
20090922,3.84,5.1365,2.9827,2.375,0.5,22.13,24.45,20.18,91.49,1.18,1.75,0.73,93.82
20090923,0.79,5.3064,2.4612,2.8222,0.51,23.22,27.07,20.51,84.44,1.19,1.91,0.76,93.84
20090924,0.01,7.0524,6.9144,1.7158,0.68,23.96,27.67,21.13,82.63,1.28,2.51,0.84,93.85
20090925,0.0,7.0051,6.5561,1.8948,0.68,23.77,27.12,20.95,81.82,1.27,1.91,0.83,93.77
20090926,0.0,6.1625,4.8401,2.2344,0.6,23.11,26.18,20.42,82.17,1.47,2.16,0.96,93.74
20090927,0.01,6.3158,5.7103,1.8343,0.61,23.09,26.42,19.89,85.59,1.74,2.84,1.08,93.67
20090928,1.39,6.2542,5.202,1.9738,0.6,22.67,25.67,20.79,86.74,1.44,1.97,0.89,93.63
20090929,0.04,6.3336,5.196,2.2085,0.61,23.94,28.01,20.45,78.74,1.33,1.81,0.83,93.6
20090930,0.51,5.3018,3.0182,2.4473,0.51,24.75,27.84,22.35,83.05,1.13,1.83,0.75,93.68
20091001,0.68,4.0771,0.792,2.425,0.39,23.84,25.65,22.48,91.16,1.73,3.03,1.04,93.77
20091002,9.35,4.025,1.0186,2.6206,0.39,23.05,25.02,22.11,92.31,1.26,1.63,0.73,93.83
20091003,0.87,5.6758,3.617,2.4766,0.55,23.83,26.68,21.77,88.57,1.58,2.15,0.96,93.83
20091004,21.19,5.6882,3.1346,2.9582,0.55,23.51,26.01,21.7,89.15,1.03,1.67,0.69,93.91
20091005,10.72,5.2286,2.6402,2.7835,0.5,23.43,26.38,21.56,88.83,1.69,2.53,1.06,93.88
20091006,9.39,6.0254,3.9101,2.6654,0.58,23.43,25.93,21.54,90.74,1.73,3.0,1.09,93.78
20091007,5.48,5.1986,1.0462,3.6065,0.5,23.16,25.13,22.13,90.78,1.56,2.07,0.96,93.74
20091008,2.95,5.1574,0.955,3.342,0.5,22.91,25.43,21.07,79.96,0.91,1.86,0.56,93.85
20091009,3.44,5.9467,4.0094,2.4029,0.57,23.56,27.43,20.69,82.52,1.48,2.42,0.94,93.8
20091010,1.04,5.6244,2.425,3.097,0.54,22.93,26.04,20.52,85.13,1.63,2.23,0.99,93.96
20091011,0.81,5.9515,3.851,2.935,0.57,23.53,27.45,20.24,81.66,1.45,1.94,0.88,94.0
20091012,2.37,4.241,0.691,2.7646,0.41,23.4,26.6,20.98,85.04,1.45,1.96,0.88,93.93
20091013,4.25,3.7944,0.6079,2.5829,0.36,23.59,26.69,21.46,86.81,1.77,3.01,1.11,93.85
20091014,0.92,5.5466,2.189,3.247,0.53,23.03,25.47,20.94,84.63,1.91,3.3,1.2,93.94
20091015,0.02,7.3013,6.715,1.9406,0.7,23.18,27.08,20.01,77.37,1.39,2.25,0.92,93.91
20091016,0.05,6.8731,5.7893,2.2272,0.66,23.52,27.13,20.96,79.44,1.34,2.2,0.87,93.86
20091017,0.0,6.8069,5.9299,2.1439,0.65,23.82,27.48,20.9,83.54,1.41,2.71,0.91,93.76
20091018,0.0,6.9022,6.288,1.9673,0.66,24.13,27.94,21.5,82.42,1.26,2.33,0.78,93.84
20091019,3.61,7.2926,6.4699,2.165,0.7,23.41,27.39,20.6,81.07,1.11,2.09,0.73,93.92
20091020,7.85,6.1987,4.3166,2.3822,0.59,23.5,26.37,20.7,84.35,1.12,1.59,0.73,93.93
20091021,3.88,4.7866,1.4654,2.9057,0.46,23.38,26.04,21.77,88.59,1.41,1.92,0.9,93.86
20091022,48.03,4.2871,2.0964,2.2219,0.41,22.83,25.55,21.09,87.49,1.01,1.68,0.63,93.87
20091023,25.44,4.8893,1.7628,2.6112,0.47,22.29,24.16,20.58,91.19,1.5,3.0,0.94,93.88
20091024,0.58,6.9329,6.4526,1.9123,0.67,23.58,27.42,20.7,82.26,1.11,2.15,0.73,93.83
20091025,0.0,7.2938,7.0738,1.7374,0.7,23.74,27.28,20.55,81.98,1.61,2.49,1.02,93.85
20091026,0.0,6.707,6.1068,1.9051,0.64,23.93,27.71,21.16,81.11,1.33,2.46,0.88,93.74
20091027,0.0,5.3515,3.4454,2.3453,0.51,23.44,25.86,21.49,88.37,1.48,1.85,0.91,93.71
20091028,0.0,6.942,5.9669,2.3064,0.67,23.35,27.04,20.53,82.3,1.12,2.27,0.7,93.84
20091029,0.0,7.339,7.3118,1.6973,0.71,23.32,26.66,20.73,81.57,1.4,2.2,0.89,93.79
20091030,0.0,7.3673,7.1772,1.7482,0.71,23.93,27.76,20.8,74.93,1.42,2.1,0.93,93.8
20091031,13.73,7.0289,6.8194,1.8247,0.68,23.75,27.2,21.15,78.67,1.18,2.1,0.78,93.72
20091101,32.98,5.603,4.3006,2.1499,0.54,23.34,26.56,20.81,84.48,1.26,1.64,0.74,93.75
20091102,2.61,6.5455,5.3947,2.2565,0.63,23.98,27.97,20.92,82.0,1.59,2.09,0.97,93.8
20091103,0.08,6.7994,5.8814,2.4206,0.66,24.14,28.5,19.85,76.32,1.5,1.98,0.93,93.78
20091104,0.55,6.7426,5.9206,2.2142,0.65,24.78,28.67,21.42,80.36,1.13,1.81,0.72,93.74
20091105,0.43,6.7438,6.2323,1.9118,0.65,24.69,28.52,21.66,81.56,1.33,2.45,0.86,93.58
20091106,6.94,6.5484,5.8704,2.0158,0.63,24.42,27.7,22.39,85.57,1.51,2.52,0.99,93.54
20091107,4.4,4.7182,1.4273,2.9599,0.46,24.28,27.88,21.96,85.67,1.2,2.43,0.74,93.56
20091108,13.03,5.4991,3.4222,2.5997,0.53,23.99,26.95,21.33,85.39,1.21,2.04,0.75,93.64
20091109,5.53,6.1234,4.2192,2.6635,0.59,24.43,27.64,22.22,84.06,1.06,1.75,0.68,93.48
20091110,1.29,5.8634,3.5033,2.851,0.57,24.63,28.29,21.5,79.74,1.29,1.91,0.78,93.38
20091111,3.5,4.6366,1.7362,2.7029,0.45,24.26,27.62,21.57,82.94,1.59,2.44,0.99,93.51
20091112,7.87,5.5296,4.3896,2.1905,0.54,24.29,28.17,20.84,82.95,1.4,1.76,0.85,93.67
20091113,13.1,5.3669,2.7151,3.2866,0.52,24.09,26.79,21.86,87.19,1.39,1.73,0.85,93.65
20091114,37.53,5.1146,1.6445,2.887,0.5,22.81,24.42,21.55,90.84,1.52,2.03,0.92,93.59
20091115,7.83,5.4984,2.5618,3.0374,0.53,24.2,27.49,22.05,81.04,1.32,2.55,0.85,93.55
20091116,5.16,5.5234,3.3886,2.4982,0.54,24.07,26.56,22.37,88.71,1.46,2.78,0.95,93.56
20091117,3.45,4.9027,1.1201,2.9549,0.48,23.45,25.38,22.27,90.42,1.74,2.64,1.09,93.67
20091118,0.61,6.3161,4.3738,2.7559,0.61,23.59,27.06,21.45,84.59,1.54,1.95,0.97,93.71
20091119,0.01,5.5063,2.7055,3.1505,0.54,24.06,27.53,20.87,78.34,1.26,2.13,0.8,93.75
20091120,0.1,5.4384,4.2175,2.1442,0.53,24.13,26.69,21.99,84.5,1.77,3.21,1.1,93.74
20091121,1.21,5.4984,3.7159,2.7593,0.54,24.42,28.05,22.05,84.99,1.61,1.97,0.98,93.65
20091122,1.31,5.2462,1.787,3.2172,0.51,24.01,26.68,22.27,86.85,1.7,2.34,1.03,93.64
20091123,0.08,4.8055,2.0933,2.6626,0.47,24.27,27.24,22.26,85.7,1.61,2.66,1.02,93.7
20091124,10.28,4.9714,2.761,2.473,0.49,23.3,25.46,22.38,87.76,1.24,2.3,0.78,93.68
20091125,19.74,5.178,3.2266,2.3957,0.51,23.47,25.91,21.43,87.0,0.72,1.04,0.47,93.76
20091126,22.71,4.6294,1.4688,2.8459,0.45,23.43,26.27,21.19,87.17,1.39,1.76,0.83,93.78
20091127,4.7,5.5219,2.598,3.0041,0.54,23.52,26.55,21.56,84.92,1.06,2.16,0.65,93.85
20091128,2.25,5.0138,2.4996,2.4518,0.49,23.66,26.4,21.77,85.2,1.2,1.81,0.77,93.84
20091129,0.34,5.3731,2.6148,2.8918,0.53,24.09,26.78,22.35,85.04,1.12,1.81,0.74,93.78
20091130,2.78,4.8466,2.7934,2.4674,0.48,23.95,26.79,22.07,85.81,0.99,1.6,0.63,93.79
20091201,9.29,4.512,1.6495,2.5346,0.44,23.79,26.31,21.64,85.05,0.94,1.76,0.61,93.83
20091202,8.39,5.058,3.1697,2.3582,0.5,23.93,26.9,21.76,83.81,1.45,2.44,0.9,93.87
20091203,3.91,5.8606,4.7064,2.2258,0.58,23.22,26.49,20.66,85.74,1.82,2.73,1.1,93.82
20091204,18.38,5.0834,3.3617,2.3765,0.5,23.86,26.77,21.78,84.12,1.24,2.2,0.79,93.83
20091205,1.72,6.276,6.0223,1.8979,0.62,23.7,26.31,21.85,83.15,1.08,1.72,0.68,93.81
20091206,0.18,6.4118,4.8766,2.5963,0.63,24.38,27.64,22.2,77.94,1.08,2.11,0.69,93.76
20091207,0.86,5.886,5.4425,1.9656,0.58,23.84,27.02,21.87,80.02,1.32,2.84,0.86,93.81
20091208,0.18,5.4766,4.4395,2.1593,0.54,24.12,27.4,21.64,78.66,1.18,1.85,0.76,93.73
20091209,0.07,5.5169,4.0654,2.3014,0.54,24.28,27.22,22.24,83.61,1.14,2.05,0.7,93.67
20091210,0.94,6.2743,5.3856,2.2006,0.62,24.24,27.08,21.98,83.65,1.4,2.36,0.89,93.64
20091211,5.86,6.2158,5.0114,2.3846,0.61,24.43,27.75,22.2,86.56,1.3,1.8,0.79,93.63
20091212,2.59,5.8627,3.9708,2.4725,0.58,24.51,27.77,22.47,85.9,1.12,1.81,0.72,93.66
20091213,5.41,5.299,3.0067,2.4919,0.52,23.83,25.56,22.68,92.27,1.79,2.62,1.11,93.67
20091214,34.63,5.6443,4.4568,2.2274,0.56,23.98,26.16,22.06,86.24,1.2,1.6,0.75,93.74
20091215,30.42,5.6218,2.4286,3.3506,0.55,23.9,26.23,22.61,90.62,1.37,1.75,0.85,93.77
20091216,22.18,5.2253,1.2432,3.5496,0.52,23.47,26.61,20.82,85.75,1.22,2.07,0.79,93.88
20091217,18.73,5.0297,1.476,3.5436,0.5,23.3,25.63,21.84,90.03,1.36,1.64,0.86,93.92
20091218,3.55,4.8794,1.6654,3.1644,0.48,23.58,26.56,21.87,87.49,1.17,2.24,0.76,93.97
20091219,10.5,5.3909,3.1714,2.6486,0.53,23.56,26.75,21.24,85.21,1.5,2.4,0.92,93.96
20091220,10.11,5.2514,2.6244,2.7422,0.52,22.91,25.35,21.71,90.55,0.78,1.43,0.5,93.95
20091221,1.99,5.1672,1.8821,2.9542,0.51,22.88,26.08,21.13,87.28,0.67,1.27,0.41,93.98
20091222,9.74,5.028,1.2422,3.0682,0.5,22.95,25.37,21.26,90.57,1.08,1.71,0.66,93.94
20091223,1.02,5.3134,3.2899,2.5327,0.52,23.28,25.7,21.1,88.68,1.07,1.46,0.66,93.84
20091224,1.24,4.6522,3.1682,2.2577,0.46,23.29,25.06,21.95,89.36,0.77,1.43,0.49,93.75
20091225,1.65,2.9026,0.2378,2.1247,0.29,23.44,25.83,21.66,91.65,1.64,2.86,1.01,93.65
20091226,1.25,5.8224,4.7328,2.347,0.57,23.68,25.82,21.99,88.29,1.24,1.86,0.75,93.61
20091227,15.36,4.8655,2.1744,2.5546,0.48,22.8,24.26,21.8,90.45,1.01,1.72,0.63,93.64
20091228,9.27,5.2951,2.544,2.6537,0.52,22.62,24.78,21.44,90.28,1.2,1.9,0.71,93.62
20091229,12.62,5.8661,3.419,2.8037,0.58,22.42,23.77,21.54,93.56,1.22,1.69,0.74,93.63
20091230,5.3,5.4197,3.2537,2.939,0.53,23.27,25.75,21.75,91.92,1.69,2.26,1.02,93.59
20091231,0.54,5.2087,1.8607,3.2618,0.51,23.94,26.78,22.08,87.13,1.06,1.49,0.67,93.59
20100101,0.82,4.7064,1.4453,3.0389,0.46,23.56,25.31,22.32,89.14,1.31,1.86,0.83,93.58
20100102,1.42,4.7842,0.6672,3.5712,0.47,24.36,28.01,21.86,84.18,1.26,2.55,0.81,93.63
20100103,9.51,4.6478,0.9149,3.0322,0.46,24.32,27.03,22.69,89.32,1.23,1.65,0.73,93.69
20100104,32.52,4.7741,2.3846,2.6652,0.47,24.01,27.29,22.16,88.05,1.23,2.13,0.74,93.62
20100105,21.25,5.0338,2.0986,3.1886,0.49,23.82,27.65,21.29,86.86,1.4,2.34,0.84,93.6
20100106,20.73,5.7526,3.1858,3.359,0.56,22.88,24.4,21.78,91.97,0.81,1.42,0.54,93.7
20100107,1.64,4.9997,1.4674,3.2443,0.49,22.9,24.81,21.37,87.7,0.75,1.02,0.45,93.72
20100108,0.73,5.3455,3.0862,2.6239,0.52,23.39,26.47,21.46,88.04,1.2,2.21,0.71,93.66
20100109,9.65,5.1698,1.3169,3.558,0.51,22.49,24.57,21.0,91.01,1.07,1.69,0.64,93.73
20100110,23.73,3.6998,0.0276,2.8198,0.36,23.02,25.67,21.25,87.94,0.88,1.7,0.52,93.78
20100111,3.35,4.7023,1.0109,3.1133,0.46,23.64,26.98,21.27,85.31,0.71,1.41,0.48,93.73
20100112,2.29,4.5996,1.0416,3.102,0.45,23.41,26.75,20.45,85.76,1.12,1.92,0.69,93.74
20100113,0.72,3.4514,0.6089,2.4624,0.34,23.18,26.4,20.55,80.21,1.5,2.25,0.88,93.81
20100114,6.12,4.4532,1.1155,2.82,0.43,23.27,26.84,19.89,81.25,1.21,1.96,0.73,93.84
20100115,3.31,4.0778,0.503,2.795,0.4,23.24,26.88,19.95,81.68,1.37,2.05,0.82,93.84
20100116,0.21,5.3722,2.9993,2.8586,0.52,22.94,25.89,20.05,80.24,1.0,1.82,0.62,93.82
20100117,0.61,4.1496,0.4013,2.8898,0.4,23.59,28.0,20.36,81.67,1.29,2.6,0.79,93.85
20100118,6.27,5.6136,4.5602,2.1888,0.54,23.99,27.01,21.52,82.32,1.15,1.87,0.69,93.86
20100119,6.75,3.6552,0.3434,2.5298,0.35,23.59,26.28,21.84,84.62,1.01,1.79,0.63,93.95
20100120,2.6,5.9834,4.4551,2.3122,0.58,23.09,26.32,20.5,78.86,0.93,1.76,0.53,94.02
20100121,12.92,5.5351,4.1388,2.1358,0.54,23.82,27.99,20.41,79.12,1.14,1.8,0.7,93.93
20100122,1.72,5.7312,2.2466,3.5354,0.55,23.4,26.51,20.65,84.75,1.03,1.78,0.66,93.93
20100123,39.72,6.2426,4.9966,2.1785,0.6,23.12,24.91,21.98,92.38,1.46,2.28,0.89,93.91
20100124,9.9,6.1313,4.0481,2.617,0.59,24.18,26.99,22.47,83.29,0.76,1.01,0.5,93.86
20100125,23.24,5.4878,2.8198,3.3449,0.53,23.76,26.62,22.01,87.7,1.37,1.9,0.88,93.85
20100126,15.98,5.4614,2.8258,2.7012,0.53,23.18,25.17,21.73,92.28,1.39,1.83,0.84,93.86
20100127,28.26,5.3316,3.2885,2.388,0.51,22.9,24.84,21.87,91.86,1.22,1.67,0.74,93.87
20100128,11.26,6.215,4.8151,2.4343,0.6,23.79,27.24,21.66,86.5,0.84,1.33,0.53,93.85
20100129,7.84,5.0585,1.6601,3.1214,0.49,24.07,26.96,21.69,85.68,0.87,1.3,0.54,93.82
20100130,4.5,4.1938,0.4942,3.048,0.4,23.27,25.77,21.85,92.73,1.34,1.82,0.83,93.8
20100131,29.95,5.8956,4.4011,2.6664,0.57,22.81,24.58,21.7,92.25,0.86,1.51,0.53,93.87
20100201,49.34,5.6393,3.3281,2.394,0.54,23.69,26.68,21.54,87.39,0.99,1.5,0.62,93.83
20100202,14.34,5.2956,2.9021,2.586,0.51,24.06,27.26,21.63,86.55,0.92,1.53,0.57,93.78
20100203,5.13,6.6605,5.9851,2.0066,0.64,24.01,27.34,21.9,84.69,0.54,0.78,0.37,93.83
20100204,1.37,6.4394,5.0993,2.2766,0.62,24.16,27.54,22.11,85.62,1.33,1.94,0.85,93.83
20100205,15.68,5.3494,2.3698,2.8726,0.51,24.06,26.89,21.72,86.31,1.15,1.7,0.69,93.89
20100206,11.16,4.3786,0.7721,2.6832,0.42,23.16,24.56,21.8,89.33,0.88,1.69,0.56,93.96
20100207,18.31,4.9769,2.4223,2.5495,0.47,23.05,25.29,21.13,87.96,1.13,1.72,0.69,94.01
20100208,8.36,6.4822,6.133,1.8506,0.62,23.63,26.12,22.06,87.37,1.1,1.67,0.68,93.93
20100209,184.21,6.0766,4.9901,2.1178,0.58,23.81,26.34,22.3,89.75,1.13,2.74,0.72,93.89
20100210,46.94,6.0991,5.8824,1.9716,0.58,24.11,26.87,22.15,85.83,1.13,1.85,0.72,93.88
20100211,5.84,6.7776,6.5042,1.9598,0.64,24.62,28.13,22.1,87.4,1.6,2.64,1.0,93.85
20100212,4.38,7.339,7.5041,1.7287,0.7,24.57,28.31,21.68,82.62,1.41,1.79,0.88,93.85
20100213,3.5,6.0607,3.8532,3.1769,0.58,24.26,28.04,21.59,83.43,1.41,3.24,0.9,93.8
20100214,1.95,6.0888,4.9656,2.2663,0.58,24.78,28.29,22.14,84.17,1.16,1.87,0.77,93.72
20100215,6.33,6.0802,4.4606,2.3616,0.58,23.34,24.68,21.88,93.22,1.64,3.35,1.03,93.81
20100216,1.93,6.3046,5.1348,2.2764,0.6,23.79,26.46,21.73,88.39,0.73,1.26,0.46,93.85
20100217,0.57,4.3522,1.8444,2.5116,0.41,24.34,27.66,22.19,86.93,1.49,2.55,0.93,93.82
20100218,9.1,5.9098,4.3644,2.3866,0.56,23.97,26.62,22.3,90.54,1.3,2.08,0.8,93.82
20100219,15.77,4.9565,2.4686,2.5039,0.47,23.77,26.39,22.38,90.87,1.21,2.49,0.75,93.81
20100220,5.07,5.9304,4.8142,2.1749,0.56,23.42,25.83,22.23,90.41,1.42,2.26,0.88,93.88
20100221,11.62,5.5608,3.6778,2.489,0.53,24.23,27.19,22.0,86.84,1.32,2.12,0.86,93.9
20100222,4.79,5.4026,2.911,2.5356,0.51,23.98,26.07,22.97,90.45,1.74,2.38,1.09,93.94
20100223,3.84,4.7042,1.0361,3.1378,0.44,24.22,26.91,22.6,86.64,1.16,2.14,0.77,93.84
20100224,14.27,6.1774,4.8449,2.2094,0.58,24.81,28.69,21.77,84.57,1.18,1.5,0.74,93.75
20100225,15.23,5.8949,3.2052,2.707,0.56,24.45,26.78,23.03,89.57,0.82,1.22,0.53,93.84
20100226,41.49,5.7137,3.5018,2.5478,0.54,24.68,28.19,22.84,85.24,1.06,1.88,0.68,93.84
20100227,64.14,6.5796,5.9669,1.8223,0.62,25.03,27.66,23.67,86.49,1.13,1.78,0.71,93.74
20100228,18.49,5.8454,2.9083,3.2551,0.55,24.53,26.74,23.2,90.84,1.2,1.73,0.72,93.81
20100301,0.53,6.6504,5.3417,2.286,0.63,24.82,27.38,23.02,90.13,1.68,2.8,1.07,93.83
20100302,14.46,6.1265,4.3241,2.5022,0.58,24.8,26.81,23.28,89.61,1.51,2.1,0.94,93.83
20100303,8.15,6.0886,3.4747,2.7646,0.58,23.91,24.96,23.12,92.09,1.65,2.33,1.04,93.81
20100304,3.01,5.73,3.3389,2.803,0.54,24.68,27.24,23.19,88.18,1.3,2.25,0.84,93.78
20100305,16.28,5.0302,2.3503,2.7701,0.48,24.25,26.18,22.98,89.61,1.48,3.23,0.91,93.85
20100306,7.38,5.6359,3.247,2.6227,0.53,23.85,25.85,22.71,90.51,1.69,2.49,1.05,93.99
20100307,17.41,6.4015,5.7211,2.0652,0.61,24.19,26.59,22.15,86.05,1.47,2.05,0.91,93.97
20100308,14.77,5.6359,4.1047,2.2054,0.53,23.59,25.84,21.98,90.18,1.23,1.97,0.79,93.92
20100309,4.5,4.331,1.2257,2.5397,0.41,23.09,24.57,21.57,88.89,1.09,1.67,0.7,94.0
20100310,7.94,4.4962,1.452,2.8255,0.43,23.12,25.58,21.49,86.79,1.33,2.09,0.84,94.03
20100311,13.91,4.1971,0.6818,2.7238,0.4,22.99,25.65,21.2,88.19,1.34,1.64,0.84,94.13
20100312,42.81,5.7636,3.7541,2.3158,0.55,22.84,25.98,20.92,87.62,1.54,2.37,0.97,94.2
20100313,22.88,5.885,4.3541,2.1631,0.56,23.19,26.55,20.44,88.12,1.66,2.35,1.03,94.04
20100314,23.91,5.8992,4.7309,2.1235,0.56,23.92,26.89,21.98,88.43,1.65,2.6,1.05,93.8
20100315,56.25,4.9843,2.1396,2.6213,0.47,23.59,25.67,22.12,94.38,1.64,2.09,1.0,93.78
20100316,18.56,5.4298,3.3002,2.4211,0.52,23.55,25.25,22.31,91.44,1.65,2.26,1.04,93.79
20100317,12.75,5.9465,4.4806,2.3009,0.57,23.26,26.08,21.17,87.02,1.2,1.87,0.76,93.91
20100318,3.89,5.6635,3.9242,2.3988,0.54,23.34,25.68,21.87,88.2,1.55,2.86,1.0,93.96
20100319,0.42,6.7205,5.6981,2.0966,0.64,24.03,26.6,21.75,86.86,1.59,2.9,1.02,93.77
20100320,6.8,5.6899,3.623,2.6011,0.54,23.4,25.06,22.39,94.85,1.74,2.57,1.08,93.68
20100321,3.73,5.1336,1.5586,3.0077,0.49,23.38,25.53,22.04,91.94,1.4,2.36,0.87,93.69
20100322,13.65,5.135,1.7911,2.8939,0.49,23.87,26.62,22.06,89.01,1.51,2.45,0.98,93.65
20100323,13.56,5.1427,2.269,2.7701,0.49,23.85,26.32,21.89,91.59,1.51,2.31,0.96,93.58
20100324,16.13,5.6054,3.9173,2.0592,0.54,23.48,26.05,21.79,94.02,1.57,2.03,0.93,93.57
20100325,34.15,5.3299,3.2863,2.3021,0.51,24.03,26.9,22.66,91.82,1.7,2.3,1.01,93.65
20100326,22.94,5.556,2.923,2.6215,0.53,23.49,25.69,22.2,94.31,1.74,2.52,1.08,93.75
20100327,20.59,4.848,2.0119,2.7931,0.47,23.24,24.88,22.08,90.92,1.14,1.61,0.7,93.86
20100328,6.17,5.8466,3.3842,2.5654,0.56,24.11,26.81,22.38,86.69,1.18,2.03,0.76,93.77
20100329,34.29,5.317,2.5476,2.7389,0.51,24.13,26.74,22.59,90.28,1.16,1.57,0.7,93.78
20100330,24.56,5.7511,3.1469,2.7576,0.56,23.79,25.48,22.82,92.76,1.04,1.84,0.65,93.81
20100331,19.82,4.9913,2.5618,2.3705,0.48,22.89,24.48,21.84,91.5,1.0,1.55,0.6,93.93
20100401,2.8,5.1751,1.1218,3.5918,0.5,24.49,27.58,22.14,82.21,1.27,1.87,0.82,93.86
20100402,7.1,5.9491,4.1479,2.1293,0.58,24.28,27.44,21.88,87.29,1.34,2.01,0.84,93.79
20100403,8.43,6.0022,4.1316,2.364,0.58,23.92,26.08,22.42,90.97,1.3,2.16,0.81,93.79
20100404,2.1,6.1286,5.0998,2.027,0.6,24.21,26.47,22.67,90.11,1.64,2.03,1.0,93.78
20100405,2.91,5.6297,3.7961,2.4019,0.55,24.38,27.25,22.07,86.23,1.28,1.98,0.8,93.71
20100406,1.42,6.1039,4.8432,2.196,0.6,23.9,25.5,22.73,90.75,1.3,2.01,0.8,93.81
20100407,30.89,4.8298,2.8414,2.2092,0.47,24.26,26.57,22.66,90.1,1.54,1.95,0.96,93.89
20100408,48.85,5.8855,4.3682,2.2781,0.58,23.82,25.27,22.96,93.21,1.38,1.82,0.85,93.89
20100409,20.09,4.4009,1.2552,2.6892,0.43,23.72,25.17,22.5,92.82,1.18,1.92,0.73,93.8
20100410,9.86,5.2217,3.7332,2.1739,0.51,24.55,27.24,22.77,86.8,1.03,1.89,0.65,93.67
20100411,4.74,5.0645,2.993,2.28,0.5,23.88,25.52,22.88,94.06,1.54,2.2,0.94,93.68
20100412,1.5,3.5035,0.0708,2.6374,0.35,23.68,24.96,22.89,92.11,0.93,1.59,0.54,93.74
20100413,12.38,5.8992,4.2511,2.424,0.58,24.5,27.26,22.62,88.39,1.2,1.82,0.76,93.77
20100414,18.35,4.9397,1.1484,3.4649,0.49,24.07,25.58,22.94,90.3,0.89,1.74,0.55,93.78
20100415,13.49,5.4799,3.1366,2.759,0.55,23.72,25.55,22.43,91.56,1.59,2.12,0.97,93.84
20100416,7.31,5.831,4.8074,2.0071,0.58,24.24,26.66,22.57,89.73,1.63,2.05,0.99,93.78
20100417,30.5,5.195,2.016,2.8063,0.52,23.65,25.17,22.51,93.62,1.3,1.82,0.81,93.86
20100418,9.51,5.2711,2.406,2.731,0.53,24.45,28.03,22.05,84.8,1.04,1.48,0.66,93.83
20100419,36.71,4.9332,2.7336,2.4264,0.5,24.2,26.82,22.73,89.9,1.23,1.59,0.78,93.74
20100420,8.8,5.6813,4.307,2.2027,0.57,24.44,27.11,22.48,85.25,1.03,1.49,0.65,93.72
20100421,0.11,4.6387,0.9278,3.2364,0.47,24.29,26.99,22.76,86.91,1.16,1.94,0.74,93.78
20100422,8.17,5.275,2.0047,3.0418,0.53,23.71,24.95,22.59,94.55,1.38,2.2,0.82,93.87
20100423,6.58,4.1998,0.6204,2.9681,0.43,24.53,27.38,21.9,86.95,1.29,1.68,0.82,93.85
20100424,17.34,4.1275,1.1179,2.5296,0.42,23.36,24.73,21.73,93.75,0.85,1.59,0.54,93.88
20100425,4.53,6.151,5.4322,1.9426,0.63,23.31,25.9,21.47,85.85,1.06,1.83,0.68,93.91
20100426,0.89,4.7287,1.6642,2.7161,0.48,23.49,25.75,21.82,85.21,0.87,1.47,0.54,93.96
20100427,9.01,5.3186,2.8666,2.5906,0.54,23.84,25.8,21.93,91.19,1.32,2.02,0.83,93.91
20100428,8.3,5.0033,3.0698,2.2219,0.51,23.58,25.69,22.3,89.2,1.31,2.2,0.83,93.96
20100429,3.13,4.4897,1.5144,2.6244,0.46,23.15,25.44,21.56,90.21,1.21,2.46,0.77,94.0
20100430,0.99,6.1543,4.8535,2.3381,0.63,23.35,26.01,20.96,87.25,1.01,1.54,0.66,94.07
20100501,2.08,5.923,5.1811,2.0088,0.61,24.29,27.09,21.86,86.91,1.11,1.49,0.69,93.92
20100502,7.73,5.6878,4.6769,2.0933,0.59,24.26,27.33,22.08,89.31,1.25,1.94,0.76,93.77
20100503,24.26,5.2526,3.0158,2.609,0.54,24.19,26.52,22.58,93.1,1.51,2.55,0.98,93.66
20100504,23.56,6.0204,5.2613,2.0153,0.62,23.86,26.06,22.4,92.23,1.09,1.74,0.69,93.61
20100505,10.87,4.632,2.4168,2.443,0.48,23.86,26.81,21.53,90.93,1.69,1.99,1.05,93.61
20100506,7.35,5.2778,3.6624,2.2896,0.55,23.33,24.64,22.68,94.56,1.91,2.87,1.17,93.65
20100507,14.45,5.3407,3.4442,2.4734,0.56,23.88,25.75,22.39,89.59,0.96,1.52,0.59,93.54
20100508,8.74,5.8104,4.4825,2.4062,0.61,24.31,26.66,22.78,89.87,1.5,2.54,0.95,93.46
20100509,3.92,4.7518,1.4926,2.7485,0.5,24.07,26.15,22.47,91.11,1.62,1.99,1.01,93.47
20100510,0.58,5.2762,3.9211,2.1175,0.56,24.12,25.96,22.82,91.16,1.7,2.7,1.04,93.49
20100511,4.57,4.5624,2.021,2.5978,0.48,23.48,24.84,22.47,92.03,1.14,1.66,0.71,93.61
20100512,5.29,5.7262,4.6675,2.1538,0.61,24.47,27.16,22.64,87.63,1.39,2.15,0.92,93.57
20100513,33.33,4.56,2.8579,2.202,0.48,23.6,24.59,22.86,95.16,1.52,2.33,0.93,93.57
20100514,5.8,5.2649,3.9331,2.2668,0.56,24.47,27.16,23.02,86.38,1.14,1.63,0.7,93.54
20100515,0.73,5.7624,5.1434,2.0501,0.61,24.87,27.96,22.38,89.02,1.66,2.37,1.01,93.44
20100516,5.38,5.4569,5.0292,2.1161,0.58,24.74,27.46,22.85,84.77,1.07,1.57,0.68,93.62
20100517,27.61,4.6505,1.895,2.7161,0.5,24.16,26.59,22.62,90.69,1.32,1.94,0.84,93.74
20100518,7.99,5.3525,3.5894,2.3443,0.57,24.47,27.19,22.6,86.43,1.2,1.91,0.75,93.77
20100519,1.17,5.9254,5.8517,1.6229,0.64,24.65,27.03,23.18,85.96,0.9,1.78,0.59,93.78
20100520,16.47,5.7199,4.8797,2.1082,0.62,24.65,27.3,22.77,84.24,1.18,1.47,0.75,93.78
20100521,9.84,4.6322,2.2171,2.6189,0.5,24.16,27.04,21.73,85.39,1.41,1.78,0.86,93.81
20100522,9.66,3.2995,0.3494,2.4514,0.36,23.18,24.36,22.32,94.58,1.62,3.3,1.03,93.81
20100523,3.03,5.4814,4.0164,2.2373,0.59,24.08,26.74,21.83,86.93,1.21,1.98,0.78,93.75
20100524,7.77,4.5583,2.3844,2.4586,0.49,24.36,26.21,23.06,92.71,1.83,2.6,1.15,93.75
20100525,2.49,4.3514,2.0954,2.3369,0.47,24.02,25.61,22.92,91.73,1.22,1.58,0.73,93.79
20100526,1.78,5.1326,3.0593,2.6412,0.56,24.51,27.23,22.71,86.58,1.08,1.93,0.69,93.77
20100527,2.14,5.6659,5.4367,1.794,0.62,24.04,26.07,22.49,90.37,1.06,1.73,0.65,93.84
20100528,1.08,5.3573,4.7741,1.8744,0.58,23.8,25.11,22.51,91.48,1.96,2.9,1.2,93.9
20100529,11.82,5.225,3.853,2.3189,0.57,23.72,26.17,21.56,85.89,1.19,1.5,0.75,93.91
20100530,5.87,5.095,3.2417,2.5747,0.56,23.86,26.46,21.91,85.73,0.98,1.45,0.62,93.89
20100531,4.89,5.5675,5.3266,1.7652,0.61,23.7,26.03,22.41,84.81,0.98,1.6,0.63,93.81
20100601,8.56,2.9875,1.0162,2.0906,0.33,23.79,26.34,21.87,89.18,1.17,1.68,0.71,93.83
20100602,2.51,5.8018,6.1114,1.5583,0.64,24.09,26.94,21.92,83.9,1.06,1.65,0.65,93.9
20100603,14.35,4.3152,1.4556,2.5001,0.48,23.54,26.59,21.32,87.05,1.44,1.98,0.86,94.0
20100604,2.06,3.8873,1.1633,2.5325,0.43,23.28,25.71,20.86,85.62,1.27,1.91,0.76,93.93
20100605,1.84,4.3798,2.5944,2.2385,0.48,23.36,25.58,21.69,87.65,1.12,1.61,0.69,93.81
20100606,8.33,3.961,1.6426,2.2915,0.44,23.71,26.23,22.28,87.15,1.27,2.25,0.79,93.79
20100607,17.56,4.7462,3.5695,2.1458,0.53,23.84,26.65,21.88,87.84,1.4,1.86,0.86,93.82
20100608,7.78,4.6078,3.3024,2.1866,0.51,23.84,26.83,21.4,86.01,1.46,1.95,0.89,93.78
20100609,22.91,5.6885,5.9208,1.7047,0.63,24.18,27.51,21.58,85.8,1.39,1.71,0.87,93.77
20100610,30.35,4.4818,2.1223,2.4293,0.5,23.7,25.82,22.52,88.98,1.16,2.41,0.7,93.88
20100611,5.95,4.8835,4.5638,1.9092,0.54,23.68,25.88,21.88,86.09,0.99,1.52,0.65,93.9
20100612,12.41,5.1602,3.7589,2.2514,0.57,23.23,25.49,22.11,88.07,1.04,1.41,0.67,93.87
20100613,13.0,4.6764,2.3345,2.4874,0.52,22.94,25.02,21.36,90.48,1.37,1.57,0.83,93.91
20100614,5.43,4.2216,2.2051,2.2954,0.47,23.44,26.09,21.84,89.19,1.32,2.14,0.82,93.9
20100615,21.6,2.5726,0.0187,2.0069,0.29,22.52,24.32,20.77,86.15,1.15,1.8,0.69,93.92
20100616,3.3,3.6379,0.2873,2.7403,0.41,22.66,25.3,20.57,85.26,1.14,2.05,0.7,93.88
20100617,13.16,4.3118,2.9446,1.9982,0.48,22.85,24.86,21.39,87.61,1.04,1.99,0.69,93.89
20100618,5.65,3.6257,0.7512,2.4674,0.4,23.02,25.85,20.61,89.01,1.21,1.77,0.77,93.89
20100619,7.41,1.6898,0.0175,1.3308,0.19,22.94,24.44,21.47,91.13,1.07,1.91,0.68,93.92
20100620,3.17,3.7613,1.2562,2.3909,0.42,22.57,24.94,20.83,86.3,1.37,2.38,0.88,93.96
20100621,2.68,4.9577,4.5233,1.7525,0.55,23.08,26.01,20.91,84.36,1.18,2.38,0.79,93.93
20100622,13.36,3.4351,1.3572,2.0998,0.38,23.09,25.22,21.53,89.12,1.06,1.92,0.67,93.87
20100623,12.02,4.9469,3.8911,1.9258,0.55,23.31,25.48,21.94,87.65,0.97,1.62,0.59,93.86
20100624,41.23,4.1582,1.7071,2.3256,0.46,22.97,26.19,20.32,89.42,1.32,2.12,0.83,93.71
20100625,12.76,4.8209,5.0494,1.6217,0.54,23.32,26.21,21.51,90.98,1.3,2.35,0.84,93.65
20100626,7.22,5.6412,5.5181,1.8302,0.63,23.66,26.36,22.05,86.31,0.79,1.47,0.51,93.8
20100627,12.74,4.5962,2.4077,2.3666,0.51,22.71,24.92,21.18,89.2,1.06,1.43,0.66,93.81
20100628,64.01,5.4766,5.141,1.8012,0.61,22.95,25.61,20.87,91.14,1.57,2.64,1.02,93.68
20100629,16.93,3.7409,0.7654,2.5502,0.42,22.59,24.21,21.29,93.99,1.44,2.19,0.91,93.78
20100630,2.5,4.5816,3.2986,2.1089,0.51,22.8,25.06,21.35,89.96,1.04,1.76,0.68,93.84
20100701,0.76,5.8476,6.1982,1.5586,0.65,23.57,26.52,21.0,84.86,1.23,1.57,0.77,93.77
20100702,0.12,4.9315,5.2157,1.5137,0.55,24.04,27.16,21.42,82.31,1.19,1.65,0.72,93.76
20100703,2.47,4.2485,3.6578,2.262,0.47,24.19,27.13,21.56,83.66,0.97,1.6,0.62,93.82
20100704,13.27,4.8878,3.6586,2.0854,0.54,23.85,26.87,21.53,87.61,1.34,1.67,0.82,93.83
20100705,5.38,4.8432,2.7168,2.729,0.54,23.2,25.91,21.16,88.17,1.29,1.78,0.81,93.82
20100706,3.93,5.1324,4.5149,1.9102,0.57,22.77,25.01,21.24,89.06,0.89,1.26,0.59,93.85
20100707,1.11,5.1919,3.7781,2.2735,0.58,23.09,25.83,21.07,88.28,1.06,1.41,0.67,93.87
20100708,0.33,4.495,2.8044,2.0839,0.5,23.14,25.1,21.56,87.56,1.01,1.71,0.65,93.83
20100709,43.11,4.2413,2.0287,2.2872,0.47,22.79,24.75,21.5,89.39,1.11,2.05,0.71,93.88
20100710,3.63,5.4355,4.6882,1.9882,0.6,22.74,25.73,20.57,87.22,1.27,1.78,0.77,93.95
20100711,46.26,4.4762,2.381,2.2994,0.49,23.07,26.05,20.6,85.17,1.26,1.78,0.76,93.94
20100712,16.66,3.7687,0.5052,2.6947,0.42,23.08,25.71,21.41,87.63,1.0,1.65,0.64,93.84
20100713,18.51,5.8454,6.5088,1.3543,0.64,23.19,25.75,21.52,87.44,1.01,2.27,0.65,93.74
20100714,8.17,3.0444,0.5702,2.1072,0.34,22.6,24.7,21.11,89.13,0.94,1.48,0.59,93.75
20100715,0.65,3.4963,0.5945,2.5334,0.38,22.82,25.17,21.05,86.75,0.89,1.77,0.58,93.69
20100716,11.31,4.031,2.7089,1.9344,0.44,22.82,24.91,21.11,89.58,0.88,2.01,0.56,93.68
20100717,5.21,4.1282,2.8862,1.8792,0.45,22.97,25.43,21.24,90.07,0.78,1.15,0.51,93.78
20100718,11.05,3.6598,1.5943,2.1624,0.4,23.41,26.36,21.0,88.47,1.13,1.96,0.73,93.79
20100719,7.69,2.8517,0.551,2.0422,0.31,23.2,25.62,21.43,91.3,1.21,1.73,0.76,93.76
20100720,19.04,2.7998,0.0624,2.1413,0.31,22.48,24.7,21.24,91.64,1.11,1.72,0.66,93.83
20100721,14.63,3.1822,0.2609,2.3746,0.35,21.54,22.84,20.64,91.59,0.97,1.44,0.63,93.88
20100722,5.95,4.4354,2.6347,2.299,0.48,21.88,23.35,20.88,87.71,0.94,1.55,0.6,93.87
20100723,10.02,2.2565,0.1891,1.6651,0.24,21.66,23.74,20.32,90.05,1.34,2.7,0.82,93.79
20100724,19.37,5.0026,4.1935,2.0518,0.54,22.53,25.96,19.66,89.99,1.42,2.41,0.88,93.68
20100725,19.61,4.8677,2.6215,2.5236,0.53,22.79,25.87,20.05,88.79,1.47,1.98,0.89,93.69
20100726,16.43,4.3186,1.8931,2.4382,0.47,22.53,24.23,21.51,91.76,1.43,2.51,0.91,93.78
20100727,3.16,5.3981,4.2475,2.2301,0.58,23.04,26.28,20.43,88.5,1.28,1.83,0.81,93.87
20100728,11.97,4.4563,1.9109,2.903,0.48,23.28,25.4,21.59,89.21,0.86,1.43,0.58,93.81
20100729,6.3,3.5033,0.2837,2.5025,0.38,22.1,23.82,20.3,93.34,1.31,2.02,0.82,93.86
20100730,10.75,3.0876,0.4706,2.154,0.33,21.81,24.7,19.93,87.4,1.27,2.23,0.78,93.94
20100731,16.06,4.6793,3.2467,2.1538,0.5,22.28,24.73,20.76,88.19,1.16,2.04,0.76,93.96
20100801,15.44,5.2606,3.648,2.2471,0.56,22.77,25.8,20.29,88.42,1.06,1.82,0.7,93.95
20100802,26.0,5.0328,3.6636,2.0904,0.54,22.67,25.54,20.93,89.42,1.25,1.82,0.79,93.9
20100803,44.7,5.1223,4.5322,1.8137,0.54,22.66,25.08,21.01,92.88,2.07,3.49,1.27,93.74
20100804,73.82,3.5311,0.3115,2.5819,0.37,21.93,23.19,21.11,95.45,2.11,2.76,1.31,93.78
20100805,10.69,3.7308,0.2424,2.7583,0.39,21.99,24.17,20.57,90.94,1.71,2.38,1.03,93.85
20100806,3.11,3.2275,0.6091,2.1528,0.34,22.07,23.56,21.0,91.64,1.32,1.87,0.81,93.9
20100807,0.28,3.0329,0.0446,2.2925,0.32,21.87,24.36,20.14,89.34,1.37,2.18,0.85,93.91
20100808,1.9,4.7623,1.8626,2.749,0.5,22.59,25.37,20.88,86.73,0.98,2.01,0.64,93.83
20100809,14.1,4.4597,2.0136,2.5241,0.47,22.75,25.51,21.09,89.48,1.24,2.26,0.77,93.82
20100810,6.99,5.3669,4.0759,2.2085,0.56,22.75,25.72,20.98,90.69,1.57,2.74,0.98,93.86
20100811,0.85,4.1004,0.8765,2.748,0.43,22.31,24.47,20.86,91.92,1.43,1.73,0.87,93.91
20100812,70.97,5.2195,3.8081,2.1742,0.54,22.99,25.97,20.6,89.45,1.56,2.39,0.95,93.89
20100813,20.94,4.9618,3.5266,2.148,0.52,23.21,25.99,21.35,87.8,1.34,2.07,0.82,93.8
20100814,1.5,5.8531,4.9606,2.1324,0.61,23.37,27.0,20.07,87.04,1.49,1.97,0.9,93.79
20100815,0.67,5.1074,4.1921,2.1691,0.53,23.1,26.51,20.36,80.76,1.06,1.64,0.66,93.9
20100816,1.28,5.4715,3.4812,3.089,0.57,23.11,26.9,19.55,83.14,1.34,1.87,0.85,93.82
20100817,13.07,5.3484,3.8568,2.1401,0.55,23.23,26.13,20.87,86.52,1.02,1.5,0.65,93.69
20100818,16.14,5.4043,4.2238,2.118,0.56,23.23,25.95,21.4,86.97,1.08,2.08,0.67,93.75
20100819,10.81,3.0547,0.211,2.2879,0.31,22.84,25.4,20.9,87.79,1.23,1.67,0.75,93.82
20100820,7.55,4.9898,3.8628,2.0042,0.51,23.2,25.71,21.51,88.2,1.06,1.33,0.64,93.75
20100821,6.87,4.1714,0.8861,2.6746,0.43,23.11,25.03,21.8,87.39,1.14,1.48,0.73,93.68
20100822,3.97,4.0306,1.1287,2.4252,0.41,22.53,24.74,20.92,92.5,1.26,1.89,0.81,93.72
20100823,1.18,5.4158,4.3032,2.1977,0.55,23.29,26.3,21.01,87.72,1.53,2.62,0.97,93.78
20100824,6.3,4.0159,1.0423,2.6014,0.41,22.67,24.96,20.61,84.45,1.08,1.51,0.7,93.86
20100825,4.44,2.0381,0.09,1.5662,0.21,21.96,23.6,20.18,88.86,1.39,2.27,0.91,93.97
20100826,0.09,6.3166,5.5486,1.896,0.64,23.0,26.8,19.55,82.25,1.5,2.17,0.94,93.87
20100827,8.26,5.7403,4.8202,1.9733,0.58,23.32,26.18,21.17,89.72,1.57,2.6,1.0,93.84
20100828,5.16,5.2699,3.0216,2.5764,0.53,22.85,25.05,21.6,88.61,0.95,1.68,0.61,93.91
20100829,29.32,6.0554,5.2764,1.9056,0.61,23.0,25.71,21.12,87.99,1.31,2.13,0.82,93.91
20100830,4.45,5.2704,3.0528,2.557,0.53,22.53,25.15,19.93,87.09,1.32,1.85,0.81,93.87
20100831,0.48,4.2708,0.7399,2.8313,0.43,22.89,25.6,20.81,86.88,1.05,2.02,0.68,93.84
20100901,0.56,4.6248,1.1177,3.0166,0.46,23.14,26.2,20.41,84.66,1.33,2.02,0.82,93.85
20100902,3.14,6.5904,6.6461,1.5718,0.66,23.7,27.2,20.66,84.38,1.3,2.08,0.82,93.79
20100903,7.53,6.277,5.7454,2.0786,0.63,23.75,26.63,20.86,83.81,1.26,1.55,0.78,93.76
20100904,29.37,5.3405,3.4822,2.2327,0.53,24.02,27.07,21.85,86.35,1.2,1.68,0.75,93.77
20100905,29.45,4.3392,1.6418,2.4264,0.43,23.31,24.87,21.58,90.82,1.13,2.16,0.74,93.86
20100906,10.1,4.9906,3.0408,2.3117,0.5,23.14,26.44,20.61,87.34,1.62,2.15,1.01,93.81
20100907,1.28,6.054,4.8122,2.2862,0.6,23.19,26.22,20.46,85.57,1.49,1.77,0.9,93.74
20100908,3.64,4.7294,1.9171,2.5301,0.47,22.83,25.22,20.92,89.0,1.39,1.98,0.85,93.85
20100909,13.33,6.0497,4.7208,2.2807,0.6,22.9,25.52,20.87,86.84,1.44,2.08,0.88,93.82
20100910,24.47,4.7424,2.4893,2.3436,0.47,22.88,25.08,21.51,92.07,1.66,2.43,1.02,93.76
20100911,27.04,4.998,2.5361,2.4974,0.49,22.01,23.85,21.04,92.44,1.14,1.94,0.75,93.84
20100912,0.91,5.2289,3.0557,2.6712,0.51,22.86,25.34,20.72,86.62,1.13,1.67,0.71,93.85
20100913,1.54,4.3594,0.8446,2.939,0.43,23.04,26.01,21.1,86.79,1.47,2.16,0.97,93.76
20100914,5.49,5.833,4.5559,1.9162,0.57,23.03,25.39,21.25,89.18,1.27,1.92,0.8,93.75
20100915,9.33,6.588,5.9489,1.8161,0.64,23.16,25.64,21.07,87.42,1.23,2.03,0.76,93.77
20100916,13.64,6.1282,5.1612,2.0374,0.6,23.54,26.36,21.61,87.49,1.34,2.44,0.82,93.78
20100917,11.51,6.0845,4.6349,2.3892,0.59,23.69,26.99,21.0,86.74,1.38,1.69,0.85,93.78
20100918,5.98,5.8025,4.8007,2.0662,0.57,23.51,26.18,21.45,88.45,1.19,1.44,0.73,93.72
20100919,7.07,5.3371,3.3413,2.5258,0.52,23.55,27.02,20.66,88.83,1.66,2.2,1.02,93.71
20100920,5.35,5.9321,3.8359,2.4562,0.58,23.17,25.38,21.72,88.22,0.94,1.83,0.6,93.75
20100921,5.16,5.7998,4.1803,2.3333,0.56,23.54,26.57,20.99,86.22,1.17,2.54,0.74,93.75
20100922,18.0,5.5358,3.8602,2.2639,0.54,23.38,26.27,20.99,85.78,1.28,1.85,0.8,93.75
20100923,19.03,6.3994,6.36,1.6726,0.62,23.24,26.27,20.78,89.31,1.17,1.59,0.74,93.71
20100924,24.94,5.677,4.0433,2.3146,0.55,23.73,27.13,20.86,87.14,1.39,1.78,0.85,93.71
20100925,14.32,5.849,3.8707,2.6743,0.57,23.24,26.16,21.06,88.46,1.69,2.54,1.04,93.81
20100926,20.37,4.8679,2.2538,2.507,0.47,23.2,25.57,21.35,87.62,1.32,1.94,0.84,93.85
20100927,9.99,5.4828,1.9078,3.2314,0.53,23.32,26.13,21.73,87.54,1.19,1.67,0.77,93.79
20100928,3.83,5.4065,3.3372,2.4506,0.52,22.9,25.49,20.52,87.4,1.51,2.0,0.95,93.71
20100929,13.47,5.0748,1.535,3.0187,0.49,22.4,24.2,20.96,88.79,1.16,2.03,0.75,93.69
20100930,19.41,5.3494,2.7228,2.8937,0.52,23.05,25.74,21.14,83.66,1.04,1.76,0.66,93.6
20101001,9.05,5.0462,2.7108,2.5704,0.49,23.39,25.88,21.64,87.4,1.42,2.04,0.87,93.55
20101002,28.49,6.0898,3.9466,2.7427,0.59,23.72,26.9,21.05,83.35,1.26,1.83,0.8,93.59
20101003,15.03,5.6064,3.3401,2.6789,0.54,23.98,26.89,21.93,84.77,1.03,1.92,0.67,93.62
20101004,26.64,5.5358,2.6693,3.1207,0.53,24.01,26.71,22.02,88.61,1.11,1.88,0.72,93.6
20101005,62.39,5.7122,3.9094,2.6234,0.55,23.57,26.66,21.36,89.13,1.28,1.73,0.79,93.62
20101006,49.1,6.2006,4.3658,2.4958,0.6,23.7,25.86,22.13,89.03,0.9,1.99,0.58,93.61
20101007,70.55,5.1312,1.6171,2.9122,0.49,23.58,26.1,21.73,88.92,1.33,2.15,0.86,93.64
20101008,18.0,4.8204,0.6874,3.5095,0.46,22.09,23.89,21.25,94.62,1.64,2.55,1.02,93.72
20101009,4.3,3.401,0.2148,2.4569,0.33,21.81,23.45,21.03,93.94,1.4,1.76,0.87,93.76
20101010,0.14,4.9706,1.0466,3.2179,0.48,22.84,25.66,20.79,88.37,1.27,2.48,0.77,93.73
20101011,2.72,5.8325,4.9454,1.8744,0.56,22.99,24.98,21.61,88.25,0.7,1.37,0.43,93.81
20101012,1.67,4.7306,0.9398,3.1836,0.45,23.44,26.17,21.17,84.1,1.3,1.83,0.83,93.84
20101013,0.0,6.5136,5.0306,2.4816,0.62,23.36,25.61,21.52,86.79,1.35,1.96,0.85,93.78
20101014,3.52,6.2645,4.4575,2.5836,0.6,23.52,26.03,21.56,85.9,1.07,1.68,0.68,93.69
20101015,3.4,4.667,0.7529,3.0024,0.45,23.48,25.07,22.43,87.78,0.85,1.22,0.52,93.74
20101016,13.35,5.5109,3.569,2.4245,0.53,24.14,26.45,22.61,85.99,1.08,1.52,0.67,93.73
20101017,3.07,6.5011,4.6754,2.6018,0.62,23.39,24.93,22.22,91.87,1.63,2.76,0.99,93.67
20101018,4.9,6.2642,4.2934,2.4679,0.6,23.24,25.07,22.15,91.06,1.56,2.0,0.98,93.8
20101019,3.28,6.0689,4.3687,2.3426,0.58,23.99,26.73,22.07,82.67,1.34,1.94,0.84,93.8
20101020,4.43,4.8338,1.9843,2.7866,0.46,23.43,26.17,21.68,90.77,1.42,2.18,0.9,93.74
20101021,3.37,5.5267,2.3489,3.33,0.53,23.25,25.36,21.78,91.04,1.15,1.71,0.73,93.7
20101022,5.39,5.5963,3.6101,2.6306,0.54,22.83,24.43,21.7,92.85,1.52,2.37,0.95,93.66
20101023,0.83,6.6703,6.1222,1.9378,0.64,23.4,25.34,21.99,88.13,1.35,1.91,0.81,93.68
20101024,0.43,6.3458,4.9982,2.4624,0.61,23.8,26.35,21.75,84.14,1.07,1.8,0.67,93.68
20101025,2.86,5.9678,3.7656,2.6477,0.57,23.42,25.91,21.82,88.36,1.02,2.05,0.64,93.68
20101026,3.61,5.3743,2.7607,3.3408,0.52,23.67,26.47,21.64,85.54,0.96,1.69,0.59,93.7
20101027,1.4,5.6402,2.7533,3.0833,0.54,22.97,25.65,20.64,84.61,1.06,2.13,0.68,93.74
20101028,4.94,4.7755,1.2706,2.9686,0.46,22.5,24.07,21.5,89.82,1.28,2.25,0.83,93.68
20101029,55.8,4.9342,1.8043,2.8066,0.47,22.54,24.43,21.24,90.59,1.32,2.5,0.81,93.68
20101030,43.85,5.7048,3.4838,2.5342,0.55,22.56,24.19,21.4,92.73,1.27,1.64,0.81,93.66
20101031,40.62,5.657,4.2823,2.1715,0.54,23.18,25.8,21.21,91.41,1.59,2.29,0.99,93.57
20101101,19.05,5.1569,1.1729,3.5534,0.5,23.36,26.22,21.77,90.2,1.48,2.28,0.93,93.53
20101102,7.77,4.5766,2.9431,2.1415,0.44,23.54,26.12,22.2,89.74,1.15,1.67,0.71,93.56
20101103,10.72,5.8975,3.8081,2.603,0.57,23.32,26.25,21.43,90.16,1.42,2.06,0.86,93.7
20101104,34.58,4.5336,0.4171,3.1651,0.44,23.24,25.66,21.36,88.88,1.28,1.69,0.78,93.71
20101105,39.37,5.7185,3.5969,2.4569,0.55,22.85,24.74,21.61,90.3,1.15,1.48,0.7,93.69
20101106,24.64,4.9922,1.0346,3.1368,0.48,22.42,24.13,21.25,91.43,0.99,1.61,0.6,93.72
20101107,3.36,4.9954,1.6512,2.8226,0.48,23.0,25.53,20.84,88.19,1.53,2.51,0.98,93.72
20101108,3.17,5.4005,1.9294,3.0394,0.52,22.67,24.3,20.97,92.6,1.07,2.0,0.68,93.79
20101109,17.29,5.3938,2.8505,2.7029,0.52,23.11,25.64,21.23,87.91,0.95,1.47,0.59,93.85
20101110,3.62,6.8443,6.6305,1.795,0.66,23.99,27.6,21.57,80.71,1.03,1.89,0.66,93.85
20101111,6.01,5.4566,1.2418,3.492,0.53,23.6,26.54,21.27,85.7,1.5,2.19,0.94,93.74
20101112,5.19,5.5555,3.1673,2.5942,0.54,23.6,26.37,21.96,86.44,1.52,2.38,0.96,93.68
20101113,2.65,6.2808,4.913,2.3714,0.61,23.16,25.4,21.39,84.16,0.93,1.53,0.57,93.75
20101114,28.0,5.6268,3.6938,2.4535,0.55,23.63,26.57,21.66,84.51,1.27,2.01,0.82,93.88
20101115,10.35,6.4306,6.1001,1.9255,0.62,23.91,27.24,20.87,81.74,1.27,1.8,0.75,93.81
20101116,0.58,6.3082,5.1986,2.316,0.61,23.13,24.72,21.91,87.54,0.73,1.21,0.49,93.7
20101117,0.01,6.833,6.6763,1.9454,0.66,24.18,28.0,21.72,82.54,1.04,1.97,0.66,93.69
20101118,0.94,6.515,5.4586,2.3947,0.63,23.42,26.23,20.69,84.86,1.35,2.01,0.84,93.74
20101119,9.41,5.3306,1.8432,2.9702,0.52,23.8,25.81,22.13,86.77,1.14,1.67,0.74,93.63
20101120,16.19,5.8373,4.4102,2.5073,0.57,23.29,26.31,21.03,86.02,1.04,1.45,0.64,93.56
20101121,10.14,5.5219,3.3151,2.677,0.54,23.18,25.47,21.7,90.35,1.64,2.83,1.03,93.51
20101122,2.31,4.5439,0.6835,3.2086,0.44,22.66,24.4,21.39,89.85,1.42,2.14,0.9,93.57
20101123,0.05,6.1978,4.4086,2.5102,0.6,23.47,26.36,21.0,83.86,1.03,1.52,0.66,93.59
20101124,0.92,6.0634,5.2567,2.2457,0.59,24.31,27.21,21.66,82.58,1.26,1.61,0.78,93.6
20101125,17.11,6.0487,4.7986,2.4439,0.59,24.12,26.89,21.71,83.47,1.19,2.06,0.78,93.62
20101126,3.85,5.6642,2.4002,3.2148,0.55,23.2,25.3,21.87,87.82,1.24,1.95,0.78,93.53
20101127,0.43,5.7852,3.9382,2.574,0.57,23.2,25.39,21.25,87.05,1.01,1.63,0.62,93.56
20101128,0.18,6.0458,4.237,2.6654,0.59,23.73,26.83,21.45,82.91,1.38,2.57,0.88,93.59
20101129,0.14,5.5742,2.1053,3.4613,0.55,23.82,26.59,20.92,81.8,1.1,1.59,0.67,93.5
20101130,1.43,5.9659,5.3645,1.9858,0.58,23.38,24.89,22.39,90.77,1.41,2.33,0.87,93.38
20101201,3.84,5.394,3.517,2.562,0.53,23.41,25.29,22.4,90.02,1.21,1.71,0.78,93.4
20101202,10.3,5.929,4.3085,2.6136,0.58,23.4,25.48,21.87,88.99,1.21,1.93,0.78,93.47
20101203,3.52,5.5706,2.9818,2.8082,0.55,22.67,25.19,21.31,90.49,1.07,1.5,0.67,93.47
20101204,24.1,4.4707,1.1546,3.0334,0.44,23.1,25.56,21.46,89.61,1.14,1.76,0.7,93.41
20101205,5.93,5.3155,1.3826,3.4406,0.52,24.02,26.76,21.8,86.49,1.3,2.04,0.86,93.37
20101206,0.84,5.065,1.535,3.126,0.5,23.65,25.97,21.89,88.45,1.55,2.56,0.98,93.4
20101207,0.19,5.5394,3.2743,2.7509,0.55,24.1,27.0,22.06,85.42,0.94,2.19,0.58,93.43
20101208,8.84,5.0494,1.4506,3.4522,0.5,23.48,25.69,21.79,85.5,1.16,2.3,0.77,93.51
20101209,21.62,4.5883,0.5366,3.3936,0.45,22.83,25.19,20.89,85.85,1.09,1.78,0.67,93.6
20101210,16.96,4.5619,0.9336,3.1344,0.45,23.15,25.41,21.38,88.98,1.51,1.99,0.93,93.49
20101211,12.07,3.979,0.4663,2.825,0.39,22.87,24.77,21.67,89.44,0.73,1.12,0.46,93.49
20101212,0.27,5.2831,1.5799,3.3773,0.52,22.88,24.98,20.97,84.24,1.08,1.68,0.7,93.55
20101213,1.5,4.8168,1.158,2.8637,0.47,23.68,26.1,21.74,82.05,0.65,1.07,0.43,93.65
20101214,38.22,5.681,2.813,2.7293,0.56,23.07,25.23,21.98,89.98,1.56,2.33,0.94,93.64
20101215,12.35,5.0894,1.5967,3.1498,0.5,22.78,25.06,21.53,88.24,1.44,2.03,0.89,93.6
20101216,0.72,5.6851,4.0464,2.4341,0.56,22.89,25.07,21.31,89.15,1.34,2.07,0.88,93.53
20101217,1.96,5.5558,4.169,2.293,0.55,23.4,25.93,21.9,87.42,1.67,2.07,1.03,93.52
20101218,4.68,5.5858,4.2542,2.2846,0.55,22.95,24.61,21.33,89.98,1.54,1.87,0.97,93.54
20101219,0.91,5.6695,3.5794,2.6503,0.56,23.2,25.35,21.85,91.48,1.96,3.26,1.17,93.64
20101220,2.99,5.2697,4.4938,2.1869,0.52,22.85,25.95,20.54,84.87,1.07,1.46,0.64,93.6
20101221,9.04,4.5797,0.4606,3.4152,0.45,22.55,24.04,21.15,92.53,1.57,2.44,1.0,93.47
20101222,3.04,4.187,0.2203,3.1594,0.41,22.31,24.34,21.02,89.99,1.56,2.33,0.97,93.48
20101223,2.37,4.6282,0.9943,3.0226,0.46,23.04,26.1,20.7,85.26,1.3,2.24,0.78,93.46
20101224,2.27,5.3045,2.5246,2.7624,0.52,22.64,24.29,21.5,93.45,1.82,2.27,1.06,93.41
20101225,1.46,5.064,1.793,2.9045,0.5,23.03,26.46,19.92,86.56,1.13,2.37,0.69,93.38
20101226,1.43,4.039,0.282,2.9844,0.4,22.99,25.94,20.97,84.53,1.08,1.59,0.67,93.46
20101227,1.07,5.5872,2.1965,3.4646,0.55,23.62,26.35,20.98,79.11,0.97,1.48,0.61,93.51
20101228,20.35,5.3234,1.9094,3.1241,0.52,23.8,27.39,20.7,84.37,1.21,1.66,0.74,93.5
20101229,9.66,4.8257,0.7764,3.5609,0.47,23.23,25.47,21.58,87.45,0.89,1.3,0.56,93.57
20101230,29.6,5.3707,3.7126,2.2982,0.53,23.0,24.83,21.69,89.45,0.97,1.58,0.59,93.57
20101231,5.26,4.0322,0.1834,3.0648,0.4,22.92,25.51,21.09,84.77,0.87,1.46,0.54,93.55
20110101,26.31,5.0774,2.2298,2.9998,0.5,23.51,26.18,21.52,87.23,1.52,2.25,0.95,93.5
20110102,3.01,4.8031,0.3698,3.6353,0.47,23.04,25.14,21.6,89.97,1.65,2.0,0.99,93.6
20110103,4.18,6.1435,5.7734,2.0573,0.6,23.37,26.01,21.44,86.83,1.5,2.29,0.94,93.55
20110104,3.38,5.4427,2.6746,2.7941,0.53,22.67,23.85,21.62,89.08,1.29,2.04,0.79,93.56
20110105,15.54,5.6081,3.5141,2.7871,0.55,22.52,24.13,21.42,88.59,0.56,0.9,0.36,93.54
20110106,4.82,6.4968,5.8824,2.0112,0.64,23.49,25.7,22.1,86.8,1.15,1.93,0.72,93.55
20110107,1.21,6.0478,3.6386,2.9779,0.59,23.06,24.62,22.14,90.75,1.28,1.97,0.8,93.52
20110108,7.13,5.5495,2.3155,3.6046,0.54,23.28,25.89,21.31,87.67,1.01,1.61,0.64,93.46
20110109,1.76,5.34,1.0793,3.7829,0.52,23.84,26.54,21.91,85.4,0.74,1.36,0.49,93.46
20110110,5.98,5.3755,1.6474,3.7438,0.53,24.01,26.25,22.57,88.16,1.23,1.79,0.81,93.3
20110111,10.63,5.4228,1.7614,3.425,0.53,23.28,25.43,22.14,90.95,1.03,1.69,0.66,93.28
20110112,4.65,4.4014,0.355,3.2945,0.43,23.01,25.63,21.34,87.17,0.84,1.43,0.52,93.42
20110113,13.34,3.5971,0.1003,2.7511,0.35,22.66,25.24,20.96,87.2,1.01,1.94,0.63,93.54
20110114,7.28,4.2828,0.7961,2.7888,0.42,22.84,25.45,21.17,90.74,2.08,3.01,1.31,93.58
20110115,1.84,4.9682,1.4777,3.138,0.48,23.7,27.42,20.65,82.69,0.52,0.98,0.37,93.55
20110116,1.91,4.2617,1.8996,2.5397,0.41,23.36,26.97,20.85,85.39,1.09,1.86,0.67,93.56
20110117,0.02,4.9022,0.7822,3.6631,0.48,23.75,27.42,21.4,82.95,1.07,1.86,0.68,93.63
20110118,0.13,5.4456,3.337,2.6842,0.53,23.18,24.96,21.84,89.65,1.55,2.35,0.92,93.64
20110119,12.6,3.9521,0.2628,2.9587,0.38,22.66,24.03,21.53,88.38,0.98,1.69,0.64,93.64
20110120,33.21,5.3294,2.807,2.5046,0.52,22.9,25.07,21.53,87.78,0.71,1.5,0.47,93.57
20110121,17.7,5.9926,4.141,2.5805,0.58,23.23,25.13,21.88,87.62,0.98,1.85,0.64,93.61
20110122,5.83,2.849,0.0466,2.1823,0.28,22.98,25.06,21.86,88.87,1.22,1.72,0.74,93.72
20110123,16.05,4.5564,1.3915,2.7766,0.44,22.65,24.68,21.59,91.22,1.41,2.12,0.88,93.72
20110124,6.39,4.5022,0.3809,3.2035,0.43,23.04,25.14,21.3,84.68,0.52,1.31,0.33,93.67
20110125,0.63,6.0828,3.7178,2.6887,0.59,23.47,26.46,21.37,81.54,1.14,2.2,0.72,93.71
20110126,1.0,4.4858,0.5515,3.2467,0.43,22.93,25.72,20.88,86.28,1.34,1.83,0.82,93.79
20110127,1.6,5.1878,1.7717,3.115,0.5,22.64,25.49,20.88,89.02,1.56,2.33,0.98,93.78
20110128,0.5,6.2899,5.7389,1.9769,0.6,23.28,25.83,21.21,84.16,1.23,1.87,0.78,93.66
20110129,7.39,5.5502,2.3748,3.3682,0.53,23.13,25.56,21.47,86.3,1.38,1.92,0.88,93.65
20110130,5.22,4.9378,0.9199,3.3857,0.47,22.85,25.16,21.27,87.69,1.03,1.41,0.64,93.67
20110131,15.42,4.7616,1.572,2.8406,0.46,23.58,26.62,21.88,86.25,1.1,1.9,0.71,93.59
20110201,4.64,4.6265,0.5772,3.2909,0.44,23.98,27.59,21.71,85.24,0.8,1.29,0.5,93.55
20110202,0.66,4.8614,0.4879,3.5479,0.47,23.14,26.25,20.5,82.39,1.02,1.77,0.65,93.65
20110203,5.94,5.4514,2.6052,2.8421,0.52,23.7,27.42,21.32,81.84,0.91,1.61,0.58,93.62
20110204,9.17,5.6047,2.897,2.9834,0.54,23.67,27.37,21.15,87.02,1.24,2.39,0.78,93.6
20110205,10.6,4.3342,0.211,3.2141,0.41,23.51,26.46,22.14,89.9,0.82,1.7,0.53,93.6
20110206,2.27,3.7978,0.1315,2.8034,0.36,22.92,24.99,21.35,85.63,0.83,1.49,0.53,93.65
20110207,4.09,4.2365,0.4687,3.1174,0.4,22.84,25.65,20.87,85.75,1.37,1.89,0.86,93.65
20110208,8.88,4.5672,1.6886,2.5421,0.44,23.1,25.68,20.88,85.94,1.67,2.65,1.07,93.51
20110209,45.03,4.5252,1.4393,2.6237,0.43,22.16,23.79,20.81,89.57,1.14,1.99,0.74,93.61
20110210,4.75,5.6424,2.9647,2.7206,0.54,22.7,24.67,20.94,88.28,1.25,1.81,0.78,93.65
20110211,0.5,6.0936,4.0258,2.5229,0.58,23.92,26.81,21.96,85.27,1.29,2.37,0.83,93.66
20110212,1.63,5.9477,4.2314,2.3822,0.56,22.92,25.48,21.22,86.55,1.24,1.9,0.75,93.64
20110213,11.15,3.8407,0.1063,2.9057,0.36,22.24,23.58,21.33,91.67,1.14,1.51,0.7,93.69
20110214,2.91,6.2558,3.9091,2.7881,0.59,23.41,27.32,20.04,83.82,1.15,1.63,0.71,93.67
20110215,32.61,5.2368,1.4645,3.3211,0.5,23.49,26.47,21.25,88.02,1.56,2.19,0.96,93.71
20110216,28.4,5.2867,2.2298,2.7396,0.5,23.17,25.66,21.37,90.93,2.03,3.1,1.28,93.78
20110217,3.12,5.5658,2.6659,2.8826,0.53,22.91,25.32,21.2,86.56,0.88,2.47,0.54,93.76
20110218,7.37,5.1703,2.6033,2.6098,0.49,22.92,25.47,20.94,86.65,1.38,2.25,0.89,93.69
20110219,5.18,5.6894,2.6052,2.7874,0.54,22.64,24.63,21.4,90.34,1.43,2.17,0.91,93.78
20110220,8.78,5.9479,4.1484,2.2951,0.56,23.4,26.64,21.41,85.19,1.53,2.79,1.0,93.78
20110221,3.54,4.8089,1.2444,3.0682,0.45,22.66,24.5,21.51,85.93,0.78,2.25,0.5,93.76
20110222,0.23,3.8321,0.1476,2.8519,0.36,22.04,24.48,20.52,89.18,1.44,2.39,0.93,93.79
20110223,0.21,5.5248,2.5253,2.8289,0.52,23.01,26.24,20.36,80.71,0.94,1.81,0.6,93.77
20110224,7.28,4.4765,1.008,2.9309,0.42,22.38,24.73,20.58,82.19,1.01,1.63,0.62,93.7
20110225,0.88,5.2877,1.47,3.455,0.5,22.39,26.17,18.94,81.79,1.36,2.29,0.82,93.56
20110226,0.24,5.9765,4.877,2.0962,0.56,23.39,27.08,19.68,80.0,1.42,2.05,0.86,93.51
20110227,0.09,5.7564,3.8422,2.5608,0.54,23.91,27.2,21.35,80.05,0.86,1.5,0.54,93.5
20110228,9.44,5.6402,3.695,2.4506,0.53,23.1,25.73,20.56,86.21,1.58,1.95,0.95,93.5
20110301,3.94,3.5573,0.288,2.6105,0.34,22.98,25.27,21.86,87.79,0.81,1.66,0.53,93.6
20110302,1.91,4.5823,1.0663,3.0737,0.43,22.62,25.13,20.71,84.74,0.84,1.48,0.53,93.67
20110303,0.04,4.3985,0.1884,3.2537,0.42,22.92,25.92,20.2,81.44,1.15,1.9,0.71,93.68
20110304,0.02,4.8922,1.231,3.4992,0.46,23.38,26.85,20.26,82.84,1.2,1.5,0.73,93.65
20110305,1.99,4.4441,1.267,2.5332,0.42,22.36,23.9,21.15,89.72,1.04,1.51,0.61,93.73
20110306,0.07,5.9326,3.205,3.006,0.56,23.38,26.29,20.55,82.37,0.91,1.68,0.58,93.77
20110307,28.43,5.3318,1.4347,3.5455,0.5,23.58,26.29,21.46,84.79,1.07,1.77,0.65,93.72
20110308,14.56,5.5723,2.479,2.8901,0.53,23.02,25.36,21.32,87.0,0.85,1.17,0.52,93.76
20110309,1.88,5.8742,2.7994,2.9503,0.56,23.42,26.65,21.21,83.03,1.06,1.8,0.64,93.76
20110310,2.6,5.6278,2.5008,3.1891,0.53,23.91,26.82,21.54,87.32,1.59,2.5,1.02,93.65
20110311,4.19,6.1022,4.146,2.5925,0.58,23.31,25.13,22.22,90.52,1.29,1.72,0.81,93.63
20110312,22.84,5.8279,4.2182,2.2022,0.55,22.94,24.65,21.6,90.99,0.98,1.58,0.58,93.6
20110313,28.03,6.2945,4.6843,2.215,0.6,23.32,25.94,21.85,89.14,1.35,1.85,0.85,93.6
20110314,11.09,4.3826,0.2986,3.1594,0.42,22.64,25.47,20.9,87.44,0.92,1.39,0.57,93.65
20110315,2.47,4.3999,0.4212,3.1939,0.42,23.41,26.5,21.25,85.74,1.45,2.44,0.91,93.56
20110316,8.26,4.445,1.393,2.6537,0.42,23.39,26.44,21.33,89.3,1.34,1.99,0.82,93.57
20110317,3.56,6.013,4.1095,2.3194,0.57,23.7,26.75,21.79,88.03,1.78,2.8,1.11,93.64
20110318,1.45,5.7125,3.8201,2.3129,0.54,23.47,26.23,20.54,85.26,1.36,1.82,0.84,93.65
20110319,3.09,5.3359,2.173,2.9638,0.51,22.7,24.16,21.53,91.15,1.1,2.02,0.73,93.62
20110320,1.52,5.2586,3.329,2.2495,0.5,22.32,23.89,20.92,90.3,1.2,1.8,0.73,93.63
20110321,22.51,5.1876,1.9615,2.7197,0.5,23.22,25.23,21.71,87.72,0.96,1.39,0.64,93.55
20110322,30.05,4.897,0.6446,3.3691,0.47,22.99,25.91,21.37,89.31,1.57,2.35,0.97,93.59
20110323,18.52,5.5282,2.6486,2.9323,0.53,23.19,25.57,20.96,88.38,0.65,1.49,0.42,93.55
20110324,9.87,3.6857,0.1375,2.7134,0.35,22.71,24.55,21.25,89.12,0.94,1.37,0.59,93.62
20110325,1.46,4.835,0.9811,3.3209,0.46,22.97,24.94,21.51,87.75,0.79,1.42,0.46,93.69
20110326,0.22,5.3849,2.0398,3.2314,0.52,23.71,27.15,21.14,80.61,1.09,1.84,0.68,93.62
20110327,0.17,4.6075,0.6307,3.2494,0.44,23.34,26.02,21.34,84.31,0.83,1.14,0.5,93.59
20110328,1.21,5.2478,1.7429,3.5506,0.51,23.44,26.99,20.79,81.69,1.11,1.84,0.7,93.61
20110329,0.36,5.3899,3.8539,2.557,0.52,23.32,26.28,20.6,84.26,1.04,1.31,0.64,93.63
20110330,0.84,4.7952,0.7123,3.4382,0.46,23.83,26.12,22.11,85.57,0.75,1.34,0.46,93.63
20110331,0.54,3.9965,0.1039,3.0269,0.39,23.51,27.45,20.93,83.33,1.01,1.76,0.63,93.64
20110401,2.41,5.3196,1.3999,3.4843,0.52,22.57,25.14,20.44,86.6,0.76,1.09,0.47,93.69
20110402,0.21,4.9157,2.2975,2.7809,0.48,23.74,27.25,20.51,79.93,1.08,1.5,0.64,93.6
20110403,5.31,5.9174,5.1264,2.0938,0.58,23.79,26.88,21.56,79.24,1.22,1.84,0.74,93.66
20110404,0.13,5.1888,1.4098,3.474,0.51,23.13,26.43,20.87,80.18,0.78,1.59,0.48,93.79
20110405,1.48,6.0326,4.6627,2.0455,0.59,23.56,26.61,20.61,78.39,0.85,1.44,0.51,93.81
20110406,3.3,5.9678,5.0592,1.9757,0.58,24.16,27.59,21.63,82.5,1.15,2.15,0.72,93.78
20110407,4.17,4.9044,1.1599,2.9362,0.48,23.53,25.2,22.2,88.0,0.95,1.45,0.58,93.8
20110408,10.97,5.3254,3.929,1.9714,0.52,23.72,27.58,21.23,85.61,1.28,2.18,0.78,93.77
20110409,10.1,5.099,1.5809,2.9803,0.5,22.92,24.22,21.62,89.94,1.31,2.1,0.85,93.9
20110410,20.83,4.1806,1.4669,2.365,0.41,23.08,24.78,21.64,88.25,0.62,1.13,0.36,93.85
20110411,9.09,4.7486,1.4969,3.0979,0.47,23.1,26.27,20.84,85.33,0.88,1.16,0.53,93.71
20110412,3.69,5.5944,3.5626,2.6273,0.55,23.28,25.9,21.39,86.57,0.76,1.29,0.49,93.73
20110413,2.41,4.2022,0.3204,3.0346,0.42,22.77,24.32,21.02,88.0,0.63,1.42,0.38,93.76
20110414,3.19,5.3731,3.1658,2.4113,0.53,23.15,26.77,20.47,87.99,1.41,1.91,0.87,93.64
20110415,11.81,6.0322,5.2642,2.0278,0.6,22.73,24.45,21.48,88.08,0.87,1.49,0.54,93.68
20110416,5.14,3.7392,0.1366,2.8303,0.37,22.9,24.95,21.55,87.03,1.17,1.67,0.72,93.76
20110417,17.21,5.6736,4.3106,2.0328,0.57,23.1,26.03,21.01,88.15,1.05,1.82,0.66,93.74
20110418,15.95,5.6635,3.9766,2.3098,0.57,23.12,25.97,21.18,87.86,0.96,1.53,0.6,93.67
20110419,3.15,6.0137,4.8108,1.9558,0.6,23.72,26.79,21.42,84.76,1.17,1.75,0.73,93.7
20110420,17.75,5.2142,2.9602,2.6645,0.52,23.41,24.79,22.39,93.91,1.47,2.02,0.87,93.76
20110421,15.24,4.543,1.7261,2.8469,0.46,23.45,25.22,22.24,90.88,1.37,2.03,0.86,93.73
20110422,17.56,4.2468,0.9974,2.6868,0.43,22.76,24.08,21.7,94.8,1.77,2.72,1.07,93.71
20110423,21.98,5.7094,4.4383,1.9771,0.58,22.98,25.09,21.36,92.28,1.35,1.98,0.84,93.68
20110424,5.49,5.5651,4.0344,2.2001,0.56,23.61,26.78,21.13,88.72,1.46,2.09,0.91,93.65
20110425,35.9,5.0849,1.8768,2.8678,0.52,22.74,25.49,20.88,88.01,1.02,1.42,0.64,93.72
20110426,18.33,4.249,2.161,2.201,0.43,23.27,25.57,21.76,90.33,1.34,2.41,0.87,93.66
20110427,39.48,5.4634,4.2878,2.184,0.56,23.24,24.94,22.05,92.75,1.47,1.65,0.88,93.59
20110428,26.02,5.3414,3.6293,2.2366,0.55,22.84,24.71,21.63,91.22,1.2,2.47,0.78,93.59
20110429,2.09,4.5233,1.0841,2.9791,0.46,22.69,24.82,21.04,88.38,0.87,1.95,0.57,93.66
20110430,3.91,5.177,3.3854,2.2368,0.53,23.06,25.26,21.1,91.6,1.53,1.92,0.91,93.62
20110501,41.4,4.7976,2.315,2.5582,0.49,23.47,26.59,21.3,89.22,1.45,2.05,0.9,93.62
20110502,48.47,4.9066,1.8982,2.7216,0.51,22.61,23.81,21.81,96.04,1.64,2.27,1.01,93.65
20110503,7.22,4.1354,0.4598,2.8877,0.43,22.76,24.92,21.4,89.71,1.14,1.57,0.68,93.68
20110504,9.77,4.1126,0.7397,2.7655,0.43,23.26,26.14,21.48,89.34,1.44,3.13,0.9,93.7
20110505,6.35,4.3562,1.3505,2.6753,0.45,23.27,26.7,20.28,86.02,1.31,1.64,0.82,93.77
20110506,1.0,5.8519,5.4154,1.8396,0.61,23.88,26.63,21.89,88.68,1.23,1.9,0.8,93.73
20110507,0.22,5.0717,2.4026,2.681,0.53,23.93,26.49,22.16,88.8,1.44,2.09,0.84,93.78
20110508,0.48,4.9409,1.7076,3.067,0.52,23.74,25.77,22.5,90.3,1.45,2.09,0.87,93.8
20110509,1.36,5.3448,3.5678,2.3777,0.56,23.71,25.55,22.51,88.67,1.04,1.67,0.66,93.85
20110510,1.38,5.2219,2.7079,2.7262,0.55,24.0,26.48,22.5,85.71,0.74,1.28,0.46,93.88
20110511,1.1,5.5087,3.7781,2.3866,0.58,24.07,26.07,22.37,89.82,1.63,1.83,1.0,93.85
20110512,3.52,5.6033,4.3234,2.3321,0.59,23.92,26.35,22.54,88.74,1.3,1.85,0.77,93.79
20110513,2.44,5.2394,3.4094,2.6306,0.55,24.07,26.93,21.85,86.13,1.25,1.93,0.81,93.77
20110514,6.38,5.315,3.7498,2.2075,0.56,23.83,26.43,22.11,86.11,1.25,1.81,0.8,93.84
20110515,3.45,5.6734,4.9536,1.9349,0.6,23.72,26.74,21.24,87.03,1.24,1.96,0.78,93.95
20110516,6.09,5.2114,4.176,2.0342,0.56,23.39,25.7,21.28,90.64,1.47,2.02,0.91,93.96
20110517,2.74,5.3554,3.9912,2.083,0.57,22.93,24.87,21.31,91.23,1.85,2.47,1.13,93.91
20110518,10.25,5.502,4.5648,2.0218,0.59,23.39,26.72,20.63,86.68,1.56,1.76,0.94,93.86
20110519,10.72,5.0856,3.971,1.9824,0.55,23.61,26.4,21.35,87.56,1.31,2.06,0.82,93.89
20110520,22.57,4.5662,2.004,2.7127,0.49,23.33,25.88,21.54,82.7,1.17,1.65,0.74,93.83
20110521,12.88,3.8594,0.5414,2.6758,0.42,22.87,25.55,20.96,90.44,1.44,2.02,0.87,93.74
20110522,4.47,3.4298,0.3211,2.5145,0.37,22.78,24.34,21.32,90.48,1.02,1.84,0.63,93.81
20110523,0.07,4.709,3.439,2.142,0.51,22.82,25.47,20.38,87.05,1.46,2.24,0.91,93.81
20110524,1.69,4.123,1.4338,2.3966,0.45,22.98,25.73,21.04,87.95,1.31,1.92,0.82,93.73
20110525,0.56,4.8607,3.8724,1.9051,0.53,23.17,25.71,21.57,88.09,1.14,1.59,0.69,93.69
20110526,37.43,3.8978,1.4954,2.3083,0.42,23.52,26.45,21.62,88.08,1.36,2.4,0.87,93.67
20110527,47.8,3.815,1.0488,2.4283,0.42,22.5,24.26,20.66,89.67,1.27,2.17,0.81,93.74
20110528,22.01,4.3704,2.1893,2.4134,0.48,23.07,25.27,21.4,87.33,1.01,1.31,0.63,93.79
20110529,38.31,5.131,3.9139,2.1211,0.56,22.11,23.71,20.47,93.65,1.51,2.21,0.94,93.89
20110530,17.57,4.8658,3.8654,2.1065,0.53,22.65,24.22,21.09,91.68,1.32,2.0,0.83,93.83
20110531,12.93,4.0805,0.841,2.6585,0.45,22.79,24.63,20.3,94.8,1.22,1.92,0.74,93.74
20110601,1.16,4.8794,2.7713,2.3374,0.54,22.77,26.03,19.73,85.75,1.21,1.93,0.72,93.84
20110602,0.0,5.9741,6.1406,1.7251,0.66,23.38,26.32,21.41,87.09,0.96,1.41,0.59,93.89
20110603,0.0,4.8497,4.0934,2.005,0.53,23.74,26.89,21.82,85.95,1.18,2.11,0.77,93.85
20110604,0.03,5.945,6.4598,1.4174,0.66,23.29,26.34,21.13,81.51,0.97,1.59,0.64,93.78
20110605,13.96,2.1194,0.085,1.6704,0.23,23.12,24.79,21.17,86.51,0.88,1.56,0.57,93.78
20110606,4.46,5.5958,5.9359,1.5125,0.62,23.41,26.38,21.25,86.88,1.21,1.58,0.76,93.75
20110607,4.16,4.7179,3.215,2.2567,0.52,23.45,26.18,21.94,89.45,1.34,2.37,0.85,93.74
20110608,2.07,5.2488,5.6959,1.4825,0.58,23.48,26.32,21.68,88.29,1.24,2.38,0.78,93.78
20110609,0.35,3.9511,1.1126,2.5548,0.44,23.02,24.66,22.05,91.81,1.9,3.29,1.19,93.73
20110610,19.99,3.2141,1.1153,2.106,0.36,22.38,23.87,21.31,92.22,1.2,2.06,0.8,93.68
20110611,74.73,2.4298,0.5899,1.7479,0.27,21.8,22.95,21.02,94.8,1.67,2.73,1.02,93.77
20110612,11.27,3.0994,0.6691,2.2272,0.34,21.75,23.06,20.88,92.39,1.52,2.48,0.95,93.86
20110613,0.03,3.1301,0.1207,2.3791,0.35,22.08,24.34,20.2,89.07,1.28,2.1,0.79,93.87
20110614,1.86,4.5329,3.0461,2.2217,0.5,22.27,24.24,20.64,92.0,1.76,2.73,1.07,93.86
20110615,8.17,4.0651,1.3416,2.4286,0.45,21.76,23.09,20.76,93.96,1.53,2.05,0.94,93.96
20110616,5.94,4.4806,4.3519,1.5607,0.5,21.85,24.14,20.14,90.87,1.76,2.38,1.1,93.95
20110617,4.42,3.757,0.8412,2.3234,0.42,21.98,23.73,20.97,92.72,1.81,2.54,1.1,93.95
20110618,1.38,4.0524,3.1433,1.8694,0.45,22.54,25.15,20.42,88.54,1.35,2.0,0.85,93.81
20110619,1.1,2.4046,0.7618,1.7722,0.27,22.63,25.56,20.56,89.97,1.37,2.34,0.86,93.75
20110620,1.28,3.7296,2.3926,1.8343,0.42,22.91,26.14,20.25,88.78,1.35,1.7,0.84,93.76
20110621,10.81,3.6103,1.2084,2.2296,0.4,22.47,25.64,19.78,87.34,1.44,1.8,0.88,93.82
20110622,7.06,3.7697,2.0489,2.0215,0.42,22.55,24.77,21.32,92.78,1.76,2.67,1.1,93.68
20110623,1.44,5.0798,5.2524,1.6157,0.57,22.65,25.24,21.07,90.37,1.63,2.56,1.03,93.63
20110624,1.37,4.8826,4.5218,1.6855,0.55,22.79,26.01,20.67,86.66,1.14,1.77,0.69,93.68
20110625,21.62,2.9388,0.2443,2.2769,0.33,22.11,24.53,20.56,90.25,1.02,1.55,0.62,93.81
20110626,2.2,4.956,4.4506,1.9171,0.55,22.7,25.7,20.51,89.28,1.28,1.61,0.79,93.79
20110627,33.74,3.4111,1.0044,2.191,0.38,22.76,25.43,20.85,86.4,1.23,2.27,0.77,93.77
20110628,48.47,3.653,1.6639,2.0914,0.41,22.24,24.87,20.63,90.67,1.43,2.5,0.91,93.77
20110629,1.25,5.435,5.7334,1.5422,0.61,22.61,26.08,20.6,86.94,1.32,2.47,0.85,93.82
20110630,0.0,6.0962,6.7332,1.403,0.68,22.09,25.02,20.24,86.5,1.7,2.43,1.05,93.87
20110701,0.0,5.9218,6.5515,1.4698,0.66,21.86,25.2,19.68,82.93,1.12,2.1,0.72,93.88
20110702,0.0,4.5622,3.3557,2.0789,0.51,21.78,24.31,19.66,87.42,1.86,2.73,1.13,93.82
20110703,3.68,4.6068,4.5192,1.5274,0.51,22.14,24.78,20.1,88.0,1.48,2.09,0.96,93.82
20110704,8.23,3.2674,1.1405,2.0938,0.36,22.23,24.85,20.72,91.05,1.77,2.37,1.11,93.94
20110705,5.66,4.517,2.5898,2.531,0.5,21.82,23.93,20.33,90.04,1.88,3.01,1.16,93.96
20110706,2.27,5.1638,3.942,2.1979,0.57,22.38,25.77,20.2,86.6,1.32,2.05,0.84,93.85
20110707,3.06,4.8319,3.3182,2.1394,0.54,22.06,24.56,19.78,84.05,0.93,1.52,0.61,93.91
20110708,5.05,3.7567,0.4918,2.6566,0.42,21.91,23.97,20.08,89.63,1.06,1.48,0.67,94.03
20110709,15.09,5.4096,5.0923,1.8593,0.6,22.68,25.72,20.39,87.43,0.99,1.51,0.64,93.86
20110710,44.88,4.1381,1.523,2.6227,0.46,22.88,25.7,21.03,91.25,1.15,1.8,0.73,93.67
20110711,31.29,3.7824,1.3224,2.3126,0.42,22.28,24.37,20.84,93.21,1.18,1.85,0.75,93.7
20110712,13.25,3.0014,0.1927,2.2613,0.33,22.4,24.26,20.97,91.6,0.97,1.44,0.58,93.71
20110713,0.91,4.512,2.9969,2.3633,0.5,23.27,26.69,20.02,85.12,1.24,1.71,0.77,93.7
20110714,17.45,4.4702,1.6793,2.8188,0.49,23.19,26.28,20.73,88.55,1.24,1.78,0.77,93.73
20110715,9.27,4.3356,2.8049,2.0945,0.48,23.05,26.19,20.46,89.6,1.44,2.22,0.91,93.77
20110716,10.1,3.7793,0.8189,2.6645,0.41,22.93,26.15,20.58,88.35,1.46,2.05,0.88,93.76
20110717,5.42,4.9121,4.3265,1.8787,0.54,22.6,25.82,20.45,86.97,0.99,2.24,0.66,93.81
20110718,2.27,4.4162,1.6315,2.6374,0.48,21.72,23.55,20.45,91.5,1.08,1.39,0.68,93.87
20110719,0.12,4.4227,0.9763,3.0778,0.48,21.76,24.69,19.69,86.11,1.17,1.52,0.7,93.94
20110720,2.36,5.7197,5.3179,1.9786,0.62,21.99,25.47,19.11,83.18,1.29,2.13,0.81,93.88
20110721,14.22,3.7027,0.4075,2.707,0.4,20.79,22.11,19.84,91.93,1.2,1.6,0.75,93.89
20110722,4.73,4.9318,3.5594,2.1746,0.54,21.56,24.5,19.73,89.37,1.3,2.04,0.82,93.82
20110723,1.59,4.6877,3.551,1.8886,0.51,22.0,24.71,20.28,90.68,2.03,3.15,1.23,93.78
20110724,0.34,5.0966,3.683,2.4504,0.55,21.95,24.68,20.13,88.67,2.04,2.98,1.25,93.75
20110725,0.0,5.4967,5.4665,1.7275,0.59,21.74,24.86,19.67,86.27,1.94,3.08,1.21,93.76
20110726,0.16,5.6714,5.1924,1.9598,0.61,22.15,25.52,19.15,85.02,1.4,2.01,0.88,93.88
20110727,0.12,5.2154,4.806,1.9454,0.56,22.58,25.76,20.48,88.17,1.76,2.56,1.07,93.88
20110728,4.81,5.1346,5.1953,1.5751,0.55,22.27,24.93,20.48,89.75,1.78,3.02,1.11,93.82
20110729,3.72,3.7754,3.4831,1.6531,0.41,22.09,25.01,20.16,89.8,1.95,2.89,1.21,93.79
20110730,4.79,3.9914,2.0434,2.3069,0.43,22.14,25.53,19.97,90.93,1.78,2.98,1.13,93.73
20110731,1.9,3.9449,1.0865,2.7194,0.42,22.04,24.52,20.46,89.87,1.25,1.97,0.79,93.78
20110801,0.56,4.2492,1.4136,3.0473,0.45,22.36,25.06,20.59,88.06,1.32,2.47,0.83,93.89
20110802,3.27,4.7105,2.2368,2.5142,0.5,22.76,25.64,20.7,88.63,1.31,2.04,0.82,93.88
20110803,1.49,5.2903,4.5809,2.0393,0.56,22.61,26.03,20.29,84.84,1.48,2.34,0.95,93.87
20110804,0.54,4.0466,3.2095,1.8014,0.43,22.34,25.26,20.25,88.2,1.85,3.28,1.19,93.8
20110805,0.73,3.8849,1.0802,2.4977,0.41,22.04,24.64,20.4,89.37,1.74,2.58,1.09,93.77
20110806,2.08,3.3418,2.0846,1.837,0.35,21.95,24.25,20.63,90.68,1.82,3.47,1.15,93.73
20110807,0.22,5.244,4.8497,1.7554,0.55,22.61,26.16,19.97,86.51,1.29,2.76,0.83,93.78
20110808,0.0,5.5783,4.7124,2.0801,0.59,22.7,25.9,20.7,86.53,1.57,3.18,1.01,93.88
20110809,0.95,3.8412,1.2792,2.3266,0.4,22.15,24.75,20.54,89.68,1.77,2.8,1.12,93.9
20110810,1.67,4.4407,1.6435,2.604,0.47,22.44,25.58,20.75,86.11,1.46,2.24,0.92,93.88
20110811,2.93,3.6168,1.6711,1.9802,0.38,22.52,25.55,20.68,86.44,1.22,2.12,0.78,93.77
20110812,0.48,4.8871,3.3557,2.1955,0.51,22.36,24.73,20.89,88.98,1.82,2.99,1.14,93.71
20110813,0.12,5.075,4.1736,2.0422,0.53,22.53,25.83,20.58,86.08,1.45,3.12,0.94,93.73
20110814,0.21,5.389,3.8606,2.1686,0.56,22.41,25.69,19.88,86.85,1.4,2.7,0.93,93.89
20110815,1.9,5.4922,3.8796,2.2488,0.57,22.15,25.3,19.76,84.85,1.18,1.76,0.74,93.96
20110816,3.72,5.1509,3.0259,2.4336,0.53,22.62,25.59,20.75,87.3,0.88,1.64,0.58,93.87
20110817,0.83,3.7656,1.2756,2.3232,0.39,22.06,24.36,20.49,88.45,1.39,2.76,0.89,93.82
20110818,0.05,3.9245,3.0756,1.7105,0.4,21.85,24.71,19.59,82.28,1.92,3.53,1.19,93.84
20110819,0.01,5.7355,5.2721,1.8552,0.59,22.1,25.43,19.65,82.41,1.43,2.83,0.92,93.87
20110820,0.0,5.9251,5.6244,1.7978,0.61,22.01,25.56,18.84,78.53,1.36,2.01,0.84,93.93
20110821,0.01,5.9707,5.4182,1.9644,0.61,22.78,26.35,20.03,83.63,1.21,2.16,0.78,93.91
20110822,0.06,5.0748,4.3553,1.8919,0.52,22.39,25.69,20.09,83.71,1.45,2.75,0.92,93.92
20110823,2.46,4.3838,3.4322,1.7285,0.45,22.17,25.65,19.79,87.37,1.63,2.77,1.04,93.85
20110824,2.26,3.4176,1.8221,1.8547,0.35,21.84,24.74,19.87,87.5,1.86,2.9,1.17,93.85
20110825,3.95,3.5614,2.7288,1.6411,0.36,21.97,25.09,19.72,87.66,1.55,3.05,1.0,93.77
20110826,5.81,4.7338,4.1386,1.6241,0.48,22.14,25.64,19.71,87.73,1.7,2.55,1.05,93.82
20110827,9.84,4.5106,3.271,2.2846,0.46,22.59,25.83,20.28,87.09,1.14,2.09,0.74,93.84
20110828,6.67,5.1794,4.1393,2.0227,0.52,22.76,25.95,20.73,87.23,1.26,2.45,0.8,93.87
20110829,3.84,5.255,3.7673,2.195,0.53,22.78,26.43,19.81,85.54,1.05,1.93,0.68,93.93
20110830,14.41,3.9468,0.773,2.6189,0.4,22.46,25.26,20.55,87.86,0.8,1.33,0.51,93.93
20110831,15.14,4.1081,1.223,2.7485,0.41,22.1,25.08,20.1,87.96,1.37,2.35,0.87,93.86
20110901,0.24,3.6965,0.7318,2.6297,0.37,22.28,25.6,19.69,85.15,1.41,2.81,0.9,93.85
20110902,46.06,3.7601,1.2739,2.2543,0.38,22.52,25.21,20.29,88.59,1.19,1.99,0.77,93.82
20110903,28.34,4.4131,1.3922,2.4998,0.44,22.56,24.73,21.12,91.58,1.32,2.08,0.85,93.84
20110904,24.63,5.3702,3.1939,2.4036,0.54,22.51,24.76,21.37,90.44,1.57,2.25,0.98,93.93
20110905,0.49,7.0183,7.0884,1.5941,0.7,22.36,25.98,20.11,83.57,1.25,1.79,0.8,93.98
20110906,0.0,6.6749,6.4574,1.6824,0.66,22.91,26.23,21.03,82.95,1.36,2.29,0.88,93.92
20110907,3.18,6.174,5.737,1.8276,0.61,22.59,25.47,20.31,87.96,1.94,2.84,1.2,93.83
20110908,14.14,4.987,2.6167,2.5082,0.49,22.44,24.82,20.87,91.21,1.71,2.18,1.09,93.84
20110909,4.97,5.6076,4.1496,2.3714,0.55,22.65,25.56,20.72,86.84,1.42,2.41,0.9,93.9
20110910,3.84,4.0483,2.2298,2.0705,0.4,22.26,25.01,20.16,88.61,1.5,2.2,0.95,93.93
20110911,20.46,3.5508,0.3559,2.5591,0.35,22.61,25.69,20.04,88.98,1.18,2.06,0.76,93.84
20110912,6.32,4.5269,3.6574,2.0398,0.45,23.02,26.49,20.69,87.82,1.48,2.26,0.9,93.79
20110913,20.96,3.792,1.0994,2.2193,0.37,22.8,26.1,20.33,89.02,1.58,2.34,0.99,93.83
20110914,37.96,3.8734,1.3442,2.6688,0.38,22.41,25.41,19.91,86.92,1.14,1.7,0.72,93.91
20110915,14.02,4.525,2.563,2.4766,0.44,22.98,26.03,20.8,89.48,1.39,2.35,0.87,93.91
20110916,11.96,5.0966,3.4872,2.3098,0.5,23.07,25.81,21.33,89.83,1.22,2.1,0.79,93.85
20110917,4.22,3.8191,0.571,2.7118,0.37,22.54,25.39,20.38,88.65,1.43,2.04,0.86,93.78
20110918,14.85,4.8,1.3234,2.879,0.47,22.59,25.49,20.27,89.78,1.07,1.66,0.67,93.88
20110919,0.95,6.8774,6.425,1.8948,0.67,22.7,26.2,20.54,85.28,1.53,2.55,0.97,94.0
20110920,0.18,5.9467,3.5294,2.833,0.58,22.63,26.33,19.32,83.71,1.46,2.11,0.94,93.96
20110921,0.36,5.8238,4.7515,2.0114,0.57,23.18,26.6,20.86,86.94,1.58,3.18,1.02,93.9
20110922,0.47,4.6891,2.3923,2.587,0.46,22.55,24.12,21.33,89.63,1.12,2.36,0.72,93.9
20110923,0.04,6.013,5.3983,2.0803,0.58,22.94,26.25,20.31,84.11,1.42,2.09,0.88,93.9
20110924,0.0,7.177,6.8549,1.8053,0.7,23.35,27.19,20.39,81.79,1.2,1.82,0.8,93.88
20110925,0.0,6.3852,5.4706,1.9646,0.62,22.69,25.08,20.94,87.09,1.96,3.24,1.2,93.87
20110926,0.0,6.655,5.7326,1.9884,0.64,22.69,26.24,19.88,84.23,1.57,2.49,0.96,93.85
20110927,0.0,6.0125,4.2322,2.5802,0.58,23.04,26.6,20.56,84.53,1.53,2.42,0.96,93.74
20110928,5.07,5.2582,3.3833,2.2709,0.51,22.23,24.39,20.74,88.47,1.43,2.47,0.85,93.78
20110929,1.54,5.4302,2.557,2.7893,0.52,23.17,26.43,21.0,82.48,0.93,1.79,0.6,93.88
20110930,0.0,5.9371,3.911,2.4907,0.57,23.68,27.22,21.29,85.53,1.2,2.53,0.76,93.84
20111001,2.45,5.4578,3.2354,2.4394,0.53,23.14,25.11,21.62,92.24,1.44,2.11,0.85,93.78
20111002,1.66,6.1222,3.899,2.545,0.59,23.19,25.93,21.59,89.65,1.51,2.82,0.95,93.78
20111003,0.05,6.2006,4.9586,2.2486,0.6,22.89,25.36,20.85,86.98,1.5,2.35,0.95,93.82
20111004,5.39,5.9866,4.7486,2.1725,0.58,23.14,26.48,20.6,81.44,1.23,1.8,0.77,93.83
20111005,5.37,5.0052,3.2988,2.2978,0.48,23.64,26.7,21.55,86.52,1.33,2.09,0.85,93.85
20111006,8.29,4.7256,1.4347,2.9126,0.45,22.57,24.35,21.66,91.82,1.65,3.06,1.06,93.98
20111007,3.19,5.2637,1.8494,2.928,0.51,22.9,25.73,20.73,86.9,1.33,2.41,0.83,93.92
20111008,0.24,5.7802,3.4298,2.7506,0.55,23.52,26.51,20.93,86.46,1.56,2.96,1.0,93.85
20111009,2.02,6.3401,4.7393,2.898,0.61,23.68,25.97,21.94,85.87,1.15,2.21,0.75,93.87
20111010,0.23,6.9101,6.2477,1.9858,0.66,23.93,27.59,21.45,81.17,1.14,1.99,0.78,93.94
20111011,0.0,6.3422,4.8977,2.3832,0.61,23.5,26.29,21.36,83.71,1.24,2.1,0.81,93.94
20111012,0.33,6.8626,6.3998,1.8924,0.66,23.77,27.63,20.94,81.99,1.46,2.15,0.91,93.87
20111013,0.07,6.6274,5.4641,2.4362,0.64,23.56,27.05,20.86,82.47,1.29,1.83,0.8,93.88
20111014,1.26,6.7109,5.9909,1.9512,0.64,23.76,26.94,21.6,82.33,1.26,2.15,0.82,93.93
20111015,1.21,6.9578,6.306,1.9505,0.67,23.79,27.69,20.23,82.64,1.39,1.91,0.85,93.87
20111016,4.62,6.5959,5.827,2.1017,0.63,23.94,27.83,20.77,81.98,1.47,2.11,0.91,93.8
20111017,2.05,6.456,5.7079,2.0513,0.62,24.13,27.5,21.38,81.68,1.39,1.89,0.87,93.82
20111018,8.17,5.7852,4.2811,2.5966,0.55,23.82,27.14,21.15,83.1,1.48,2.19,0.92,93.74
20111019,1.16,5.6659,3.9854,2.3419,0.54,24.11,27.78,21.2,80.33,1.22,1.73,0.77,93.61
20111020,2.55,6.3139,4.9003,2.3892,0.6,24.04,27.36,20.99,83.98,1.32,1.85,0.79,93.56
20111021,13.8,6.2462,5.5003,2.2435,0.6,24.25,26.75,22.74,84.98,0.99,1.83,0.63,93.65
20111022,6.92,5.3844,2.2325,2.9479,0.52,24.01,26.57,22.49,83.89,0.91,2.02,0.6,93.68
20111023,6.2,5.521,3.4522,2.4749,0.53,23.52,25.98,22.01,86.79,0.69,1.34,0.47,93.71
20111024,11.3,5.4744,2.4583,2.9352,0.52,22.84,25.0,21.46,87.22,0.95,1.64,0.58,93.74
20111025,0.63,5.6369,4.4102,2.3539,0.54,23.61,27.23,20.15,80.39,1.27,1.82,0.76,93.64
20111026,3.57,4.8996,1.5286,3.0168,0.47,24.23,27.15,22.34,82.28,1.12,2.01,0.71,93.61
20111027,5.83,6.0816,5.7365,2.0906,0.58,24.22,28.12,20.9,81.44,1.29,2.0,0.79,93.65
20111028,5.55,6.0475,4.1671,2.479,0.58,24.1,27.14,21.56,82.99,1.05,1.48,0.66,93.6
20111029,5.75,6.2177,5.2138,2.4245,0.6,23.5,25.9,21.48,88.59,0.81,1.62,0.55,93.53
20111030,3.33,6.8455,6.8966,1.7779,0.66,23.7,27.86,20.82,84.93,1.47,2.32,0.91,93.43
20111031,1.06,6.1171,5.0078,2.2358,0.59,23.68,26.79,20.97,86.9,1.62,2.41,0.99,93.44
20111101,8.11,5.0417,2.2416,2.7557,0.48,22.94,24.46,21.55,91.87,1.45,3.37,0.91,93.5
20111102,3.93,6.0924,4.0272,2.8678,0.59,23.78,26.77,21.4,85.79,1.59,2.84,1.0,93.49
20111103,6.61,5.8042,3.397,2.9746,0.56,23.7,26.08,21.5,87.7,1.35,2.27,0.85,93.48
20111104,2.79,3.4843,0.2246,2.6254,0.34,24.35,28.32,21.63,82.74,1.15,2.76,0.75,93.58
20111105,1.9,2.741,0.361,1.915,0.26,23.38,25.24,21.79,88.47,1.18,2.16,0.76,93.65
20111106,4.11,4.3795,1.0027,2.5961,0.42,22.71,24.54,21.47,87.33,0.99,1.67,0.65,93.75
20111107,3.8,5.0602,1.1882,3.1538,0.49,22.94,26.21,20.71,85.61,1.21,1.65,0.71,93.76
20111108,6.05,4.9022,1.5792,2.7742,0.47,22.26,23.89,21.22,89.69,1.12,2.11,0.68,93.85
20111109,15.22,4.4062,0.8078,3.0257,0.43,23.54,26.58,21.45,85.79,0.96,1.66,0.63,93.8
20111110,2.68,5.4787,2.7048,2.7552,0.53,22.75,24.66,21.43,89.69,0.97,2.54,0.62,93.87
20111111,4.92,5.8735,4.0711,2.6892,0.57,23.33,26.6,20.49,86.75,1.11,1.62,0.71,93.87
20111112,1.65,6.6842,5.9539,2.315,0.65,23.7,26.41,21.84,86.94,1.17,1.93,0.77,93.85
20111113,12.5,5.4888,4.3399,2.0328,0.53,23.74,27.29,21.49,86.79,1.7,2.71,1.09,93.73
20111114,5.77,5.6378,2.4854,2.9323,0.55,23.33,25.65,21.93,86.51,1.4,1.88,0.85,93.77
20111115,0.61,6.0554,4.1741,2.5555,0.59,23.66,26.52,21.71,85.44,1.53,2.61,0.96,93.71
20111116,4.24,5.6573,3.8126,2.5318,0.55,23.36,25.87,21.04,88.46,1.36,2.14,0.86,93.66
20111117,1.25,5.3448,3.8035,2.4974,0.52,23.86,26.73,22.11,87.36,1.17,2.21,0.74,93.67
20111118,3.69,6.1236,4.3282,2.7122,0.6,23.83,25.97,22.25,86.42,0.92,1.35,0.61,93.69
20111119,2.91,6.1178,4.6502,2.3822,0.59,23.57,25.23,22.26,88.7,0.88,2.11,0.58,93.71
20111120,3.26,5.976,4.6759,2.2246,0.58,24.26,26.67,22.39,85.38,1.21,1.63,0.78,93.71
20111121,2.11,6.0684,4.5324,2.4252,0.59,23.39,24.82,21.82,88.71,1.04,1.94,0.67,93.66
20111122,4.47,5.7533,4.3051,2.5502,0.56,23.87,27.32,20.89,84.12,1.27,2.12,0.77,93.57
20111123,0.84,5.9191,3.8897,2.7629,0.58,24.16,27.34,21.56,83.74,1.3,2.28,0.84,93.56
20111124,4.27,5.8181,3.9286,2.7175,0.57,24.2,26.85,22.45,85.14,0.99,1.9,0.64,93.54
20111125,2.67,6.2839,4.8886,2.6016,0.61,24.37,27.21,22.69,87.39,1.47,2.45,0.93,93.57
20111126,0.66,6.0461,3.8186,2.9381,0.59,24.1,26.5,22.27,87.85,1.34,2.54,0.85,93.53
20111127,18.51,6.3442,4.8874,2.2229,0.62,24.56,27.4,23.08,88.13,1.5,2.21,0.93,93.49
20111128,16.65,5.3772,2.5682,3.0787,0.53,24.1,26.27,22.55,88.12,1.17,1.65,0.72,93.53
20111129,21.4,5.965,4.6562,2.441,0.58,23.84,26.02,22.36,87.22,1.21,1.97,0.74,93.6
20111130,7.49,4.7642,1.8533,2.9933,0.47,23.6,25.89,21.73,87.24,1.23,1.7,0.76,93.63
20111201,1.48,6.5431,6.1644,1.9106,0.64,24.27,27.46,22.06,82.19,1.29,1.87,0.82,93.54
20111202,6.58,4.914,2.4862,2.4958,0.48,24.35,27.58,21.86,83.33,1.42,2.21,0.9,93.46
20111203,4.51,4.3387,1.0003,2.6304,0.43,23.8,26.54,21.57,86.44,1.18,1.79,0.74,93.49
20111204,28.46,3.8414,1.127,2.4674,0.38,22.95,25.02,21.13,90.27,1.33,2.17,0.86,93.67
20111205,13.83,4.4268,0.7747,2.9796,0.43,22.51,25.11,20.44,86.55,0.88,1.42,0.57,93.75
20111206,54.9,4.8622,1.3303,3.1543,0.48,22.96,26.06,20.77,85.25,1.11,1.78,0.69,93.7
20111207,15.32,4.6814,1.2319,3.0869,0.46,22.78,24.58,21.35,86.16,0.9,1.4,0.55,93.64
20111208,6.83,4.8581,1.17,3.2383,0.48,22.82,24.88,21.4,90.8,1.46,1.95,0.89,93.56
20111209,7.06,4.0836,0.7663,2.7403,0.4,22.37,24.4,20.82,92.82,1.93,3.12,1.22,93.62
20111210,18.67,3.7973,0.3715,2.6424,0.37,22.4,24.22,20.68,93.37,1.52,2.18,0.95,93.66
20111211,4.03,4.5067,1.0174,3.0444,0.44,22.92,24.92,21.55,92.65,1.6,2.15,0.97,93.66
20111212,4.18,6.0398,4.9008,2.4432,0.59,23.95,27.74,21.47,86.05,1.09,1.58,0.65,93.67
20111213,8.04,5.2476,2.4122,2.7384,0.52,24.01,26.61,22.3,85.03,0.83,1.45,0.49,93.64
20111214,1.86,5.3904,2.533,3.5551,0.53,23.79,26.5,21.8,87.28,1.6,2.9,0.97,93.62
20111215,1.44,5.136,1.7998,3.4654,0.51,23.54,25.62,22.16,89.24,0.88,1.66,0.54,93.57
20111216,1.42,5.8428,3.5407,2.8483,0.58,24.17,26.99,22.13,82.71,0.95,1.55,0.61,93.51
20111217,5.36,4.3865,0.4834,3.1315,0.43,23.75,26.1,22.27,89.01,0.91,1.84,0.58,93.56
20111218,2.69,5.3436,1.9018,3.1049,0.53,24.35,27.6,22.58,85.52,1.18,2.43,0.75,93.57
20111219,16.22,6.0206,4.801,2.1034,0.59,23.62,25.06,22.12,92.74,0.78,1.29,0.5,93.49
20111220,8.3,5.7427,3.5131,3.0379,0.57,24.38,27.01,22.35,88.21,1.21,1.79,0.75,93.5
20111221,0.51,4.2751,0.319,3.2078,0.42,24.02,26.31,22.35,89.25,1.25,2.35,0.77,93.56
20111222,50.41,5.0352,1.9766,2.921,0.5,24.16,26.83,22.01,89.49,1.52,2.15,0.94,93.46
20111223,11.14,4.5977,1.3337,2.6666,0.45,23.69,25.94,22.48,89.81,0.95,1.47,0.57,93.41
20111224,11.49,5.3942,2.5769,3.3365,0.53,24.42,27.75,21.62,81.74,0.74,1.29,0.44,93.46
20111225,12.34,4.8211,2.0664,3.0492,0.47,23.96,27.13,22.13,89.04,0.98,1.64,0.61,93.53
20111226,19.63,4.4203,2.1646,2.4406,0.44,23.02,26.06,20.04,82.81,1.16,2.35,0.74,93.66
20111227,24.03,4.577,1.3008,3.2081,0.45,23.22,25.96,21.62,86.64,1.37,2.09,0.84,93.69
20111228,11.71,4.1398,0.5021,2.8956,0.41,22.81,26.05,21.17,85.78,1.16,1.82,0.72,93.81
20111229,84.48,4.7582,2.0474,2.719,0.47,23.49,26.5,21.33,86.8,1.16,1.57,0.72,93.78
20111230,39.38,4.2482,0.205,3.2446,0.42,23.32,25.98,21.42,86.56,1.08,1.54,0.65,93.86
20111231,4.7,3.9041,0.2095,2.9458,0.38,23.81,26.42,22.36,86.02,0.88,1.48,0.55,93.84
20120101,0.63,4.5118,0.6106,3.0878,0.44,23.43,26.48,21.24,84.16,0.99,1.54,0.59,93.83
20120102,6.21,4.7662,1.8223,2.8106,0.47,23.33,25.98,21.27,85.78,1.22,1.97,0.73,93.78
20120103,6.55,4.9013,1.5643,2.9611,0.48,22.42,23.2,21.72,94.0,1.5,2.24,0.93,93.84
20120104,9.12,5.8298,3.0314,3.0396,0.57,23.19,25.72,21.48,89.66,1.32,1.92,0.83,93.84
20120105,6.81,5.6674,4.8859,2.022,0.56,24.02,27.07,21.57,82.18,1.05,1.8,0.68,93.78
20120106,0.22,5.5231,2.8958,2.8399,0.54,24.34,27.0,22.65,81.05,0.7,1.53,0.46,93.81
20120107,0.05,4.075,0.2117,3.1327,0.4,23.51,26.43,20.85,84.35,1.23,1.91,0.75,93.83
20120108,8.15,5.7557,3.3703,2.9611,0.56,24.28,27.17,22.1,83.38,0.7,1.3,0.45,93.75
20120109,2.46,5.477,2.2534,2.959,0.54,23.32,26.53,21.23,85.42,0.96,1.38,0.57,93.7
20120110,21.73,4.1273,0.2678,3.0811,0.4,23.43,27.28,20.29,86.78,1.27,1.84,0.79,93.64
20120111,21.15,5.4398,3.2482,2.5099,0.53,22.8,25.15,21.6,88.92,1.28,1.55,0.81,93.73
20120112,17.62,5.2229,1.452,3.2863,0.51,22.78,24.99,21.33,90.77,1.15,1.63,0.7,93.75
20120113,35.12,5.0402,2.1696,3.0814,0.49,22.91,24.49,21.7,92.54,1.35,1.9,0.8,93.72
20120114,36.51,5.0014,1.0742,3.6605,0.49,22.54,23.33,21.63,90.64,1.04,2.01,0.65,93.66
20120115,2.21,4.71,0.864,3.209,0.46,23.57,26.58,21.25,82.01,1.04,1.84,0.66,93.58
20120116,32.22,5.3035,3.7013,2.2044,0.52,23.75,26.53,21.78,87.31,1.0,1.52,0.65,93.54
20120117,26.35,5.9758,4.8199,2.2985,0.58,23.86,27.04,21.73,90.42,1.36,1.99,0.83,93.56
20120118,23.67,6.1306,4.5898,2.3297,0.59,23.06,24.59,22.08,93.71,1.57,1.94,0.97,93.63
20120119,14.88,4.6838,1.1491,3.0199,0.45,23.19,25.05,21.73,89.44,1.04,1.37,0.66,93.62
20120120,29.52,6.1819,4.8953,2.2325,0.6,23.59,27.04,21.42,86.47,0.98,1.91,0.62,93.52
20120121,6.42,4.9188,1.5485,2.9426,0.48,23.43,26.73,20.62,80.79,1.1,1.89,0.67,93.51
20120122,12.23,5.3695,2.7451,2.778,0.52,23.21,26.44,20.19,80.3,1.1,1.89,0.66,93.58
20120123,2.47,5.5872,3.1726,2.8238,0.54,23.54,26.91,20.97,80.25,1.37,2.01,0.85,93.58
20120124,0.25,5.2505,2.2778,3.2827,0.51,23.49,26.19,21.39,84.85,1.04,1.52,0.66,93.51
20120125,0.06,6.0485,3.7802,3.42,0.58,23.94,26.99,21.46,83.14,0.9,1.49,0.56,93.47
20120126,4.83,5.6234,2.8224,2.9647,0.54,23.15,25.21,21.93,88.13,0.95,1.5,0.57,93.56
20120127,2.76,4.5178,0.4591,3.3792,0.43,22.83,24.67,21.55,87.5,0.98,1.61,0.62,93.63
20120128,5.96,6.0506,3.9026,3.5714,0.58,22.98,25.03,21.34,87.53,1.17,1.68,0.75,93.63
20120129,2.08,4.3003,0.2386,3.27,0.41,22.88,25.09,20.96,88.52,1.53,1.78,0.89,93.67
20120130,1.08,5.2404,1.4167,3.3228,0.5,23.4,27.44,20.3,84.52,1.19,1.84,0.72,93.7
20120131,4.2,4.4755,0.2546,3.365,0.43,23.53,26.23,21.49,85.68,0.89,1.26,0.56,93.79
20120201,20.18,4.0632,0.5102,2.7574,0.39,22.6,23.51,21.7,91.95,1.54,2.81,0.99,93.82
20120202,3.35,4.5852,0.6329,3.1037,0.44,23.01,26.34,20.52,82.68,1.15,1.72,0.71,93.78
20120203,2.25,5.046,0.6686,3.5047,0.48,23.94,27.32,21.29,79.06,0.64,1.18,0.38,93.75
20120204,13.96,5.7197,2.8116,2.9429,0.55,23.55,26.32,21.67,86.96,0.69,1.26,0.45,93.76
20120205,15.13,6.0038,3.8232,2.6359,0.57,23.33,26.11,21.43,87.87,0.92,1.8,0.58,93.75
20120206,23.12,5.7631,3.3943,2.6268,0.55,22.91,24.2,21.96,90.24,1.16,1.95,0.69,93.7
20120207,30.04,5.1398,2.7929,2.4307,0.49,23.99,27.33,21.5,85.02,1.02,1.65,0.63,93.66
20120208,6.04,5.5562,3.1409,2.5394,0.53,23.88,26.77,21.79,86.03,0.98,2.08,0.61,93.65
20120209,6.71,5.1163,1.6274,3.1421,0.49,23.7,25.82,22.09,88.18,0.83,1.41,0.53,93.66
20120210,29.61,5.2366,1.1993,3.3967,0.5,23.12,25.01,21.63,90.71,1.02,1.58,0.65,93.66
20120211,22.84,4.9522,1.7803,2.7271,0.47,22.81,24.66,21.55,91.43,1.18,2.0,0.73,93.71
20120212,29.9,5.7946,3.9036,2.5162,0.55,23.31,26.06,21.59,89.1,1.13,1.76,0.7,93.77
20120213,22.72,5.0422,1.4052,3.2011,0.48,22.75,24.25,21.83,91.48,1.43,2.65,0.9,93.83
20120214,1.5,5.3304,1.9836,3.187,0.51,23.11,25.96,21.06,84.16,1.26,1.78,0.8,93.78
20120215,34.48,5.5222,3.2952,2.4223,0.52,23.53,26.62,21.25,84.88,1.48,2.36,0.93,93.6
20120216,15.18,4.4225,0.732,2.7823,0.42,22.71,25.4,21.08,90.34,1.63,2.76,1.03,93.63
20120217,17.61,2.892,0.2083,2.0441,0.27,22.29,24.17,20.98,86.85,1.31,2.19,0.81,93.68
20120218,4.25,6.0722,4.1002,2.387,0.57,23.35,26.24,20.91,85.46,1.21,2.03,0.76,93.6
20120219,23.86,5.5205,2.9431,2.8135,0.52,22.57,24.05,21.4,94.55,1.07,1.69,0.68,93.61
20120220,11.97,6.0,3.6595,2.6208,0.57,22.6,24.62,21.47,89.24,0.64,1.23,0.4,93.7
20120221,3.35,3.6706,0.1212,2.7626,0.35,22.58,24.72,21.12,86.74,1.19,2.36,0.77,93.66
20120222,0.77,6.7286,5.3618,2.5116,0.64,23.49,26.07,21.45,83.46,0.99,1.32,0.64,93.57
20120223,0.36,6.6905,6.631,1.7177,0.63,23.99,26.53,22.39,86.67,1.34,2.48,0.85,93.53
20120224,2.36,6.8203,6.473,1.9298,0.64,24.41,27.88,20.81,80.53,1.01,1.79,0.66,93.53
20120225,4.22,7.0716,6.8424,1.8475,0.67,24.33,27.21,22.19,82.84,1.13,1.81,0.72,93.46
20120226,2.16,6.4846,5.3839,2.3155,0.61,24.16,27.44,20.89,82.93,1.45,2.11,0.89,93.46
20120227,26.49,6.3444,4.5955,2.7554,0.6,24.27,27.52,21.85,81.86,1.2,1.82,0.76,93.48
20120228,7.28,5.9246,4.3354,2.2601,0.56,23.6,26.43,22.17,86.43,1.14,1.72,0.74,93.44
20120229,0.96,5.7811,2.8807,3.3962,0.55,22.86,24.35,21.74,91.71,1.52,2.06,0.95,93.5
20120301,5.91,6.3701,4.8917,2.5469,0.6,23.81,26.64,21.73,85.68,1.35,2.0,0.85,93.47
20120302,3.75,5.6712,2.256,3.1596,0.54,23.44,24.92,22.65,93.25,1.89,2.35,1.14,93.41
20120303,4.13,5.8358,3.1066,3.0487,0.55,23.37,25.77,22.21,87.1,1.03,1.7,0.64,93.45
20120304,10.59,5.2994,1.2898,3.6482,0.5,22.52,24.27,21.33,93.43,1.3,2.0,0.78,93.47
20120305,45.45,4.4638,0.2426,3.2918,0.42,22.65,24.29,21.76,88.11,0.78,1.22,0.51,93.55
20120306,16.85,4.8384,0.419,3.4337,0.46,22.86,24.9,21.44,87.19,1.0,1.67,0.6,93.52
20120307,3.15,4.4868,0.6002,2.981,0.42,22.77,24.85,21.62,90.08,1.33,2.13,0.81,93.49
20120308,44.04,5.7773,2.9026,2.6693,0.55,23.48,26.6,21.54,89.32,1.28,1.96,0.78,93.34
20120309,64.34,5.6501,2.8572,2.6803,0.54,23.37,25.59,22.02,88.78,0.89,1.27,0.57,93.42
20120310,2.83,5.0938,1.6661,2.8562,0.48,23.28,25.61,21.66,88.38,1.15,1.84,0.71,93.51
20120311,14.35,5.2267,1.5024,3.0134,0.5,23.2,25.15,21.88,91.59,1.58,2.32,0.99,93.61
20120312,2.24,4.0409,0.1202,2.9345,0.38,22.98,25.67,20.69,87.27,1.04,1.39,0.65,93.71
20120313,59.57,4.5139,1.2132,2.994,0.43,23.34,26.37,21.3,86.85,1.2,1.65,0.76,93.73
20120314,27.85,5.322,1.2377,3.7826,0.51,22.52,24.87,20.69,90.48,1.44,1.82,0.87,93.71
20120315,30.6,5.8452,2.6179,3.3624,0.56,23.09,27.22,20.11,82.7,1.74,2.05,1.02,93.65
20120316,9.45,5.7854,3.4147,2.6472,0.55,22.82,26.06,20.27,86.17,1.74,3.08,1.06,93.69
20120317,1.47,6.1855,4.8869,2.1602,0.59,23.23,26.52,20.48,80.46,1.35,2.11,0.82,93.67
20120318,1.18,5.9508,3.2856,2.8219,0.57,23.51,26.59,21.31,84.0,1.11,2.03,0.71,93.76
20120319,7.05,5.1098,1.2427,3.3797,0.49,23.07,24.99,21.04,82.03,1.12,1.73,0.72,93.83
20120320,1.73,4.4465,0.2093,3.353,0.42,23.54,27.06,20.33,80.74,1.04,1.93,0.63,93.79
20120321,0.23,4.9831,2.141,2.9143,0.48,23.8,27.06,21.44,79.39,0.87,1.72,0.55,93.78
20120322,4.35,5.287,1.8797,2.9141,0.51,23.82,27.21,21.1,80.99,0.69,1.22,0.45,93.79
20120323,6.03,5.5193,2.6086,2.8406,0.53,23.63,26.52,21.48,83.07,0.49,1.28,0.34,93.85
20120324,5.24,5.6479,3.4517,2.4161,0.54,23.5,26.69,21.67,83.89,1.05,1.97,0.68,93.84
20120325,27.16,5.4314,3.4147,2.4413,0.52,23.44,25.93,21.47,87.16,0.88,1.7,0.56,93.77
20120326,33.72,5.3544,2.5457,2.6465,0.51,23.08,25.37,21.74,91.04,1.52,1.89,0.9,93.84
20120327,21.82,5.8342,4.5002,2.2282,0.56,23.57,26.05,22.03,88.62,1.59,2.57,0.97,93.84
20120328,27.05,4.4318,0.8534,3.1236,0.43,22.75,24.03,21.15,94.11,1.63,2.23,1.01,93.86
20120329,1.54,5.1535,3.1382,2.2646,0.5,23.01,26.24,20.76,86.39,1.24,1.86,0.77,93.86
20120330,9.55,5.1096,1.4448,3.0924,0.49,22.27,23.07,21.62,92.13,1.31,2.77,0.82,93.85
20120331,30.57,5.9326,4.523,2.1821,0.57,23.45,26.48,21.56,86.08,1.3,2.29,0.83,93.88
20120401,17.53,5.5918,2.4662,2.8469,0.54,22.84,25.23,21.18,92.36,1.32,1.68,0.8,93.97
20120402,19.49,5.7372,3.5345,2.4955,0.56,23.16,25.45,21.76,91.29,1.14,1.88,0.73,94.04
20120403,12.07,6.0041,4.6315,2.1998,0.58,23.31,26.12,21.34,85.97,1.21,1.51,0.77,94.09
20120404,50.34,5.4782,3.4027,2.5279,0.53,22.84,25.13,21.68,88.3,1.53,2.76,1.0,94.06
20120405,17.95,5.8872,3.4142,2.8742,0.57,22.51,24.65,21.15,90.8,1.68,2.38,1.03,94.0
20120406,3.88,5.7314,3.8129,2.4221,0.56,22.99,25.59,20.91,86.29,1.33,1.97,0.87,93.94
20120407,1.18,6.0482,4.7714,2.2867,0.59,22.91,25.47,21.26,86.08,1.44,2.17,0.92,93.89
20120408,0.54,6.3394,6.4032,1.6418,0.62,23.51,27.27,21.14,83.1,0.89,1.62,0.55,93.81
20120409,27.81,5.6282,4.3812,2.087,0.55,23.47,26.3,21.33,90.5,1.6,2.33,0.99,93.78
20120410,33.04,5.8824,4.9601,2.1329,0.58,22.6,23.97,21.52,92.87,1.25,2.26,0.77,93.86
20120411,40.69,4.5276,1.249,2.7168,0.45,22.15,23.77,21.31,91.89,1.29,2.43,0.79,93.82
20120412,3.76,5.6544,3.7639,2.4674,0.56,22.41,24.51,20.68,87.99,1.03,1.6,0.66,93.8
20120413,14.44,5.3002,2.8661,2.6201,0.53,23.52,26.68,21.45,83.88,1.11,2.11,0.73,93.76
20120414,8.79,6.2266,5.6566,1.9114,0.62,23.28,25.68,21.37,87.39,1.07,1.71,0.69,93.76
20120415,23.29,6.2842,5.1958,2.2826,0.63,22.92,24.2,21.55,90.27,0.88,1.3,0.55,93.74
20120416,6.34,5.8958,4.7078,2.0976,0.59,23.27,25.25,21.7,91.97,1.38,2.27,0.88,93.72
20120417,5.36,5.562,3.2957,2.8181,0.56,23.41,26.1,21.29,88.21,1.26,1.67,0.79,93.67
20120418,15.31,5.5505,3.6062,2.4408,0.56,24.16,27.0,21.82,83.28,1.14,1.91,0.73,93.61
20120419,11.48,5.4211,2.941,2.8051,0.54,23.4,25.44,22.11,89.26,1.13,1.65,0.74,93.67
20120420,31.9,4.9334,3.0262,2.4034,0.5,23.27,24.77,22.25,91.77,1.31,1.99,0.84,93.72
20120421,24.52,5.6362,4.3416,2.1432,0.57,23.55,25.36,22.32,92.98,1.78,2.72,1.09,93.67
20120422,4.43,5.4322,3.4615,2.4142,0.55,23.05,25.14,21.88,91.56,1.56,2.15,0.96,93.69
20120423,9.82,3.48,0.317,2.4989,0.35,22.5,24.66,20.8,90.58,1.49,2.44,0.96,93.78
20120424,5.49,5.9635,4.2389,2.3282,0.61,23.25,26.16,20.2,85.93,1.37,1.74,0.84,93.74
20120425,6.69,5.3232,3.6494,2.19,0.54,23.47,25.48,22.47,89.96,1.25,1.71,0.81,93.78
20120426,19.06,5.4607,3.3785,2.5613,0.56,23.54,25.21,22.2,90.0,0.72,1.42,0.42,93.76
20120427,17.71,5.1427,2.8942,2.4982,0.53,23.36,25.13,22.15,90.61,0.96,1.4,0.61,93.82
20120428,2.1,5.4331,4.1009,2.023,0.56,23.5,25.58,22.0,91.61,1.01,1.34,0.63,93.79
20120429,5.85,5.4266,3.4574,2.5344,0.56,23.51,24.93,22.28,93.62,1.57,2.37,0.95,93.72
20120430,5.68,5.5157,4.4215,2.0196,0.57,23.0,25.41,21.48,89.84,0.82,1.42,0.5,93.74
20120501,8.62,5.3964,4.2156,2.2682,0.56,22.79,25.12,21.5,88.29,1.1,1.99,0.71,93.85
20120502,2.75,4.3658,0.5786,2.9287,0.45,22.89,25.26,21.22,86.95,1.36,2.25,0.85,93.86
20120503,10.05,4.7652,3.2076,2.1626,0.49,23.73,26.84,20.88,86.57,1.48,2.08,0.88,93.62
20120504,42.0,3.8825,0.493,2.7965,0.4,22.7,24.74,21.4,91.17,1.24,2.07,0.76,93.69
20120505,8.98,5.0714,2.5884,2.8598,0.53,22.93,25.58,20.89,85.56,1.3,1.69,0.82,93.73
20120506,6.29,5.2565,3.9266,2.0722,0.55,23.07,25.17,21.65,87.86,1.16,1.99,0.72,93.75
20120507,2.73,5.1631,3.5882,2.1802,0.54,23.37,25.98,21.73,90.29,1.72,2.31,1.07,93.77
20120508,21.55,4.9078,3.2688,2.2147,0.51,22.8,24.59,21.68,93.0,1.8,2.35,1.08,93.77
20120509,10.06,4.555,2.2802,2.4706,0.48,22.78,24.84,21.55,91.13,1.45,2.05,0.91,93.87
20120510,0.34,5.6974,4.1978,2.3664,0.6,22.71,24.68,21.38,87.01,0.71,1.31,0.47,93.87
20120511,0.08,5.9551,5.8154,1.7398,0.63,23.48,26.89,20.92,81.5,1.14,1.82,0.7,93.76
20120512,0.0,4.9015,2.2174,2.7934,0.52,24.12,27.52,21.1,81.72,1.1,1.51,0.7,93.64
20120513,0.08,6.3636,6.1226,1.9646,0.68,23.92,26.93,21.91,86.88,1.39,2.05,0.88,93.66
20120514,1.33,5.76,5.5754,1.6358,0.61,24.12,27.25,22.33,86.77,1.06,1.69,0.68,93.74
20120515,16.25,5.4494,5.5327,1.7359,0.58,23.21,24.7,21.61,89.24,1.02,1.94,0.65,93.81
20120516,5.3,4.8396,1.9524,2.7206,0.52,22.95,24.33,21.61,87.71,0.69,1.11,0.47,93.75
20120517,26.12,4.1458,0.9022,2.6772,0.44,22.91,24.38,21.89,90.35,1.17,2.06,0.77,93.76
20120518,65.09,3.6972,0.8585,2.3266,0.4,22.24,23.68,21.08,89.08,1.23,1.93,0.76,93.94
20120519,4.56,5.964,5.6426,1.805,0.64,23.01,26.0,20.83,83.91,1.12,1.86,0.72,93.88
20120520,3.7,4.8746,4.3786,1.8814,0.52,23.35,26.27,21.78,86.14,1.46,3.02,0.94,93.74
20120521,1.64,5.8332,6.1008,1.6145,0.63,22.8,25.91,20.27,87.99,1.95,3.06,1.21,93.74
20120522,15.11,5.4682,5.707,1.6344,0.59,22.49,25.62,19.88,90.78,1.57,2.02,0.95,93.75
20120523,60.59,4.9075,4.0361,1.9752,0.53,23.23,26.11,21.57,90.38,1.31,1.96,0.83,93.74
20120524,49.64,3.2268,0.2914,2.2994,0.35,22.35,24.09,21.13,95.1,1.31,2.55,0.83,93.78
20120525,16.85,4.9133,3.2304,2.2538,0.53,22.38,24.05,20.95,89.44,1.02,1.52,0.64,93.84
20120526,2.43,4.4921,1.7198,2.957,0.49,23.19,25.96,21.08,84.39,1.02,1.61,0.66,93.81
20120527,17.14,3.409,0.2172,2.5882,0.37,23.01,25.26,21.41,90.67,1.38,1.87,0.88,93.8
20120528,15.97,5.322,4.9099,1.7359,0.58,22.88,24.49,21.91,95.03,1.66,2.27,1.04,93.76
20120529,39.88,4.596,3.3523,2.0813,0.5,22.63,24.74,21.18,93.45,1.08,1.92,0.69,93.81
20120530,24.34,4.8365,3.0718,2.3525,0.53,23.13,25.77,21.13,89.14,1.5,2.3,0.92,93.72
20120531,18.74,4.4717,3.6281,1.9495,0.49,23.24,25.41,22.01,92.04,1.73,2.48,1.08,93.68
20120601,8.17,4.4738,3.3204,2.0952,0.49,23.66,26.26,22.04,90.28,1.69,2.23,1.05,93.63
20120602,4.36,4.3514,1.8206,2.7024,0.48,23.31,24.98,22.03,90.22,1.53,3.02,0.98,93.62
20120603,18.29,3.8172,1.591,2.2558,0.42,22.51,24.88,20.77,86.86,1.34,2.15,0.84,93.7
20120604,12.36,4.9591,3.5714,2.1898,0.55,22.51,25.12,20.86,89.65,1.38,2.01,0.86,93.74
20120605,4.66,4.7678,2.5387,2.5034,0.53,23.41,26.48,20.84,89.7,1.43,2.23,0.91,93.7
20120606,2.51,4.1578,1.3015,2.5063,0.46,23.07,24.76,21.69,91.5,1.67,2.61,1.02,93.68
20120607,4.02,4.4945,2.3462,2.3933,0.5,22.63,23.85,21.32,91.19,1.16,1.84,0.7,93.71
20120608,2.63,2.4701,0.1368,1.913,0.27,23.14,24.92,21.66,93.82,1.4,2.65,0.87,93.79
20120609,1.17,3.6622,0.4812,2.6218,0.41,22.79,25.04,21.0,90.58,1.31,1.73,0.79,93.86
20120610,21.32,4.8245,3.2846,2.1502,0.54,22.87,25.0,21.37,89.15,1.36,2.16,0.86,93.81
20120611,28.73,2.7288,0.2635,2.0957,0.3,22.0,23.37,21.1,90.86,0.97,1.49,0.6,93.9
20120612,0.92,4.7808,1.8946,2.999,0.53,22.53,25.14,20.46,85.52,1.33,1.88,0.82,93.88
20120613,19.47,3.3919,0.6298,2.2435,0.38,22.43,24.4,21.39,89.79,1.08,1.94,0.67,93.88
20120614,20.38,5.1175,4.3373,1.8804,0.57,22.74,25.02,21.38,92.56,1.47,2.47,0.91,93.78
20120615,11.84,5.167,3.8995,2.0738,0.58,22.69,24.42,21.36,94.65,1.71,2.38,1.03,93.74
20120616,10.85,3.1608,1.4374,1.7522,0.35,22.16,23.46,21.14,92.5,1.65,2.51,1.01,93.78
20120617,0.35,5.7833,6.9132,1.2377,0.65,22.64,25.83,20.69,83.4,1.3,1.83,0.79,93.97
20120618,1.81,3.6811,1.5938,2.2414,0.41,22.65,25.64,20.39,87.12,1.47,2.03,0.92,93.96
20120619,36.96,4.3106,1.5451,2.663,0.48,22.81,24.92,21.47,91.05,1.33,2.2,0.8,93.85
20120620,10.86,3.6857,0.2959,2.705,0.41,22.48,24.83,20.35,90.0,1.47,1.89,0.86,93.92
20120621,0.0,5.2747,3.7973,2.3611,0.59,22.38,25.43,20.16,86.73,1.24,1.9,0.75,93.99
20120622,0.8,5.2274,4.2986,2.0748,0.58,22.39,25.09,20.38,85.92,1.13,1.82,0.73,94.0
20120623,0.85,5.5332,5.2846,1.8355,0.62,21.76,24.01,20.21,89.41,1.29,1.86,0.77,93.92
20120624,9.56,3.2736,1.3423,1.8727,0.37,21.63,23.35,20.66,90.38,1.76,3.02,1.09,93.98
20120625,0.66,4.627,3.9259,1.9766,0.52,21.91,25.03,19.76,85.52,1.43,2.39,0.92,93.97
20120626,1.4,4.1645,2.5382,2.1322,0.46,22.07,24.67,20.25,87.16,1.47,2.22,0.93,93.92
20120627,5.73,3.8777,1.3709,2.3947,0.43,21.78,23.82,20.51,90.93,0.96,1.4,0.61,93.93
20120628,2.66,4.6884,3.4757,2.0945,0.52,22.42,25.06,20.12,86.63,1.2,1.79,0.75,93.86
20120629,6.96,4.4004,2.5704,2.2574,0.49,22.23,24.35,20.74,86.84,0.93,1.34,0.57,93.79
20120630,3.5,3.948,2.4442,2.1677,0.44,22.43,25.36,20.37,88.22,1.05,1.81,0.68,93.72
20120701,25.89,4.4328,3.432,1.9382,0.49,22.16,24.27,20.57,91.96,1.5,2.36,0.94,93.71
20120702,21.88,3.3703,0.9002,2.3779,0.38,21.98,24.02,20.85,90.39,1.7,2.25,1.04,93.75
20120703,2.76,3.9305,3.3991,1.6303,0.44,21.81,24.77,19.63,86.74,1.61,2.68,1.01,93.65
20120704,1.05,6.1207,6.779,1.4539,0.68,22.07,25.61,19.45,85.03,1.31,1.91,0.85,93.64
20120705,15.21,3.1987,1.0526,2.1192,0.36,22.33,25.02,20.23,90.41,1.27,2.26,0.79,93.66
20120706,37.45,1.4177,0.2434,0.9883,0.16,21.9,22.98,21.06,93.04,1.04,2.49,0.66,93.67
20120707,4.4,2.9306,0.1524,2.2855,0.32,21.93,24.3,20.36,90.36,1.17,1.47,0.72,93.65
20120708,0.73,4.4074,1.0286,3.1474,0.49,22.7,26.05,20.46,87.28,1.42,2.53,0.89,93.64
20120709,1.28,5.1022,4.249,2.0364,0.56,22.92,26.04,21.21,89.54,1.18,1.7,0.76,93.67
20120710,7.78,4.319,1.0915,2.7362,0.48,22.72,24.84,21.38,88.94,0.91,1.38,0.57,93.72
20120711,35.9,4.051,0.6394,2.976,0.45,22.5,25.08,20.17,88.53,1.05,1.79,0.63,93.77
20120712,14.04,4.3884,1.693,2.6611,0.48,22.54,25.11,20.62,89.14,1.26,1.74,0.76,93.77
20120713,8.19,3.2071,0.7258,2.1163,0.35,21.76,23.12,20.42,93.2,1.09,1.62,0.72,93.81
20120714,4.15,3.7925,2.4286,1.9781,0.42,22.22,25.09,19.86,87.53,1.03,1.68,0.66,93.79
20120715,1.69,5.4559,4.3375,2.141,0.6,22.77,25.89,20.68,88.86,1.25,2.03,0.82,93.84
20120716,5.91,2.4605,0.1726,1.7892,0.27,22.01,24.33,20.76,91.0,1.48,2.22,0.93,93.93
20120717,1.19,4.4333,1.0733,2.9918,0.49,22.22,24.99,20.49,89.7,1.32,1.85,0.82,93.85
20120718,8.83,3.8599,1.7292,2.0532,0.42,22.49,24.61,21.04,91.02,1.43,2.3,0.9,93.82
20120719,2.11,4.1362,0.7726,2.8116,0.45,22.56,25.42,20.9,89.11,1.3,2.29,0.81,93.89
20120720,3.01,3.5606,1.1582,2.3779,0.39,22.12,24.53,20.47,90.56,1.53,1.91,0.94,93.98
20120721,1.17,4.5456,3.1788,2.0798,0.49,21.99,24.56,19.92,88.17,1.85,2.93,1.15,93.99
20120722,0.0,6.1082,6.0408,1.8494,0.66,21.68,25.18,18.99,85.15,1.05,1.93,0.72,93.84
20120723,2.7,2.8454,3.0684,1.6598,0.31,21.9,24.54,19.64,88.32,1.46,2.56,0.93,93.73
20120724,1.3,3.2414,0.6082,2.183,0.35,22.43,25.43,20.45,86.37,1.3,2.17,0.79,93.8
20120725,4.3,3.721,1.1388,2.4442,0.4,22.47,25.43,19.83,88.41,1.54,2.07,0.93,93.88
20120726,1.35,4.5427,2.7139,2.3278,0.49,22.23,24.34,21.01,91.83,1.79,2.79,1.12,93.91
20120727,0.0,4.1458,1.1203,2.58,0.45,22.36,25.35,20.46,89.01,2.1,3.19,1.29,93.85
20120728,0.01,4.7748,4.6992,1.6942,0.51,21.83,25.04,19.76,86.02,1.75,2.68,1.07,93.89
20120729,0.01,5.6885,5.6066,1.697,0.61,21.66,24.88,19.18,84.04,1.67,2.85,1.05,93.95
20120730,3.84,3.6269,2.1689,2.2663,0.39,21.76,24.52,19.62,84.28,1.25,2.14,0.81,93.93
20120731,36.85,3.8266,1.1695,2.537,0.41,21.95,24.68,20.37,88.49,1.29,2.27,0.82,93.89
20120801,16.33,3.259,0.2201,2.34,0.35,21.04,22.86,20.09,89.5,1.32,1.99,0.82,94.01
20120802,0.04,4.1333,1.0001,2.6654,0.44,21.56,24.1,19.44,82.96,1.09,2.06,0.7,93.99
20120803,0.01,4.4846,2.7866,2.2058,0.48,22.56,25.58,20.78,84.14,1.16,1.88,0.75,93.9
20120804,0.85,4.9481,3.4733,2.2169,0.52,22.21,24.3,20.57,89.18,1.02,1.54,0.64,93.92
20120805,0.6,4.8094,3.6552,2.16,0.51,22.42,24.94,20.65,90.31,1.53,2.47,0.96,93.95
20120806,0.02,5.9098,5.8646,1.6402,0.62,22.11,24.91,20.07,88.91,1.53,2.56,0.98,93.96
20120807,0.91,5.3942,5.3551,1.6234,0.57,22.25,25.52,19.97,86.84,1.32,2.49,0.86,93.97
20120808,0.08,5.7809,6.0,1.5362,0.61,21.95,25.79,19.01,84.57,1.38,2.33,0.88,93.94
20120809,39.87,4.8067,2.8027,2.4869,0.5,22.27,25.68,19.14,87.02,1.39,2.15,0.85,93.89
20120810,22.05,3.5736,0.8537,2.2927,0.37,21.96,23.92,20.44,91.92,1.27,1.57,0.78,93.98
20120811,3.24,3.9058,2.9278,1.866,0.41,21.92,23.62,20.39,91.61,1.25,2.71,0.81,94.01
20120812,0.18,4.4909,3.9564,1.9745,0.47,21.87,24.93,19.84,88.66,1.36,2.8,0.86,93.96
20120813,0.05,5.2152,4.7873,1.8432,0.54,21.7,25.08,19.62,86.87,1.6,2.73,1.02,93.9
20120814,0.01,5.3611,5.3287,1.6519,0.56,21.65,24.69,19.46,85.94,1.87,3.01,1.19,93.91
20120815,0.78,4.9747,4.3118,1.9526,0.51,21.62,24.55,19.4,86.91,1.55,2.55,0.98,93.9
20120816,0.83,5.8147,6.0089,1.6262,0.6,21.61,25.38,17.69,85.55,1.46,1.98,0.9,93.88
20120817,29.8,5.3942,4.5053,2.0256,0.56,22.41,25.45,20.36,86.99,1.24,1.85,0.8,93.79
20120818,31.18,4.399,2.0698,2.4317,0.45,21.66,23.01,20.47,93.4,1.32,2.61,0.86,93.86
20120819,1.15,3.7445,2.0657,1.945,0.38,22.19,25.3,19.93,84.37,1.29,2.33,0.8,93.88
20120820,0.23,5.2039,5.3098,1.5389,0.53,22.21,25.19,20.11,84.82,1.49,2.96,0.98,93.86
20120821,2.29,5.8001,5.3052,1.7942,0.59,22.48,26.24,19.85,83.24,1.11,1.87,0.68,93.84
20120822,1.7,4.6596,4.2869,1.7614,0.48,22.54,26.05,20.33,87.71,1.38,2.41,0.85,93.79
20120823,0.14,3.6962,1.8353,1.9445,0.38,23.33,26.89,20.81,84.71,1.3,2.45,0.79,93.76
20120824,3.15,4.5067,2.8711,2.0822,0.46,22.86,26.2,20.4,87.32,1.31,2.22,0.83,93.85
20120825,9.27,3.8542,0.4366,2.7679,0.39,21.94,24.08,19.8,90.94,1.16,1.7,0.73,93.96
20120826,1.05,4.5902,2.2202,2.4286,0.46,22.25,25.52,19.66,83.98,1.3,2.04,0.81,93.84
20120827,2.01,4.4621,2.567,2.1442,0.45,23.13,26.41,20.65,86.91,1.0,1.7,0.65,93.83
20120828,0.55,6.0396,5.1739,2.0909,0.61,22.71,25.56,20.83,87.41,0.96,1.71,0.63,93.95
20120829,1.69,3.0288,0.7798,1.7981,0.3,22.64,25.79,20.71,87.89,1.63,2.98,1.05,94.0
20120830,12.65,4.5216,2.4835,2.3218,0.45,22.03,24.85,20.29,89.15,1.66,3.27,1.07,93.94
20120831,5.89,4.5161,2.6515,2.2649,0.45,21.78,24.59,19.92,84.63,1.22,2.25,0.79,93.95
20120901,0.55,5.91,5.1715,1.8115,0.59,21.9,25.09,19.57,82.98,1.37,2.44,0.88,93.92
20120902,0.08,6.3521,5.6537,1.9246,0.63,22.35,26.11,19.43,83.55,1.42,1.94,0.9,93.87
20120903,0.0,5.7041,4.2084,2.3736,0.57,22.19,24.74,20.22,87.81,1.19,1.55,0.74,93.85
20120904,0.0,6.3086,5.0172,2.3796,0.63,23.14,26.29,21.0,85.49,1.43,2.07,0.91,93.86
20120905,0.57,6.0934,5.3518,1.9133,0.6,23.22,26.57,20.48,83.22,1.37,2.59,0.87,93.87
20120906,2.19,5.105,3.3895,2.2022,0.51,23.31,26.7,20.82,85.46,1.25,2.26,0.8,93.88
20120907,6.13,4.5144,2.2116,2.2534,0.45,22.75,26.12,20.1,87.77,1.76,3.11,1.11,93.91
20120908,19.49,4.9718,3.1642,2.4581,0.49,22.37,24.8,20.58,88.98,1.46,2.64,0.94,93.87
20120909,5.33,5.833,4.817,2.1324,0.58,22.24,25.72,19.77,84.08,1.54,2.71,0.96,93.93
20120910,0.0,6.749,6.4488,1.709,0.66,22.28,25.8,19.4,82.73,1.64,2.48,0.99,93.96
20120911,0.0,6.7481,6.5983,1.6738,0.66,22.48,26.13,19.35,82.49,1.39,1.86,0.89,93.97
20120912,0.03,6.5311,5.8819,1.9094,0.64,23.15,26.37,20.64,81.45,1.29,2.8,0.82,93.91
20120913,19.31,4.4201,2.1326,2.4463,0.43,22.89,25.4,21.23,87.48,1.3,2.43,0.85,93.85
20120914,18.7,4.6771,3.2784,2.0023,0.46,22.54,25.03,20.77,91.04,1.43,2.28,0.89,93.83
20120915,22.86,3.6473,0.4798,2.5714,0.36,22.46,25.19,20.42,92.1,1.91,2.68,1.18,93.86
20120916,1.09,3.4104,0.223,2.4595,0.33,22.64,25.46,20.44,85.25,0.96,1.29,0.6,93.93
20120917,6.57,5.8325,4.6402,2.2814,0.57,22.72,25.21,21.01,88.34,1.18,1.66,0.72,93.9
20120918,9.9,5.3083,3.0694,2.418,0.52,22.78,24.88,21.31,94.27,1.84,2.91,1.16,93.86
20120919,6.06,5.2898,3.5443,2.0813,0.51,22.8,25.06,21.13,90.58,1.4,2.04,0.87,93.85
20120920,0.27,7.0176,7.0759,1.6891,0.68,23.33,26.95,21.04,81.77,1.35,2.33,0.87,93.91
20120921,0.03,7.2456,7.5271,1.4678,0.7,22.72,26.41,20.11,79.06,1.24,2.44,0.8,93.93
20120922,0.0,7.1158,7.1546,1.537,0.69,21.84,25.9,18.04,79.1,1.45,2.37,0.93,93.87
20120923,0.0,6.1056,5.3275,2.0479,0.59,22.42,26.43,18.66,80.45,1.41,2.42,0.92,93.76
20120924,0.0,5.6398,3.0922,2.9954,0.55,22.86,26.48,19.91,83.39,1.56,2.27,0.95,93.69
20120925,0.0,5.3446,2.8085,2.7914,0.52,23.05,26.48,20.82,85.33,1.43,1.82,0.86,93.75
20120926,1.1,5.357,2.868,3.3043,0.52,23.02,26.33,20.48,88.69,1.77,2.28,1.07,93.78
20120927,0.96,5.5034,3.5227,2.4806,0.53,23.38,26.79,21.2,86.85,1.48,2.48,0.93,93.83
20120928,5.51,5.9563,4.4489,2.2606,0.57,23.41,27.03,20.71,84.74,0.99,2.23,0.62,93.88
20120929,7.51,5.0014,2.791,2.4,0.48,23.15,26.0,20.9,87.64,1.19,2.13,0.77,93.92
20120930,1.74,6.0866,4.3176,2.532,0.59,22.74,25.57,21.4,86.01,0.87,1.32,0.57,94.03
20121001,0.74,6.3607,4.9378,2.2992,0.61,23.11,26.41,20.9,84.52,1.27,2.32,0.82,94.06
20121002,0.07,6.9379,6.4054,1.9507,0.67,23.61,27.48,20.72,85.04,1.14,1.97,0.74,94.07
20121003,0.0,6.3264,4.721,3.011,0.61,23.38,27.08,20.27,81.81,1.43,2.27,0.92,93.92
20121004,2.59,5.683,4.002,2.2673,0.55,23.26,26.72,20.53,82.92,1.39,2.79,0.9,93.81
20121005,0.84,6.2069,5.1905,2.0719,0.6,23.52,27.27,20.82,84.03,1.42,2.33,0.9,93.84
20121006,1.2,4.0805,1.5761,2.3297,0.39,23.46,26.4,21.45,85.65,1.35,2.26,0.86,93.91
20121007,1.7,5.8099,3.7925,2.4874,0.56,23.61,27.17,20.98,83.26,1.37,2.26,0.85,93.86
20121008,0.0,5.6491,3.9626,2.2385,0.54,23.55,26.7,21.1,83.04,1.4,2.56,0.89,93.8
20121009,1.12,6.7104,6.1594,1.8626,0.64,23.53,26.72,20.93,81.48,1.22,2.0,0.79,93.74
20121010,0.18,5.8519,3.8981,2.7151,0.56,23.18,26.57,20.63,81.97,1.38,2.28,0.88,93.78
20121011,0.0,5.4494,3.4601,2.3897,0.52,23.59,26.54,21.07,80.47,1.27,1.86,0.82,93.81
20121012,3.01,5.9374,3.4178,2.8063,0.57,22.76,23.81,21.75,90.25,1.13,2.1,0.71,93.86
20121013,0.29,6.6372,5.9537,2.0527,0.64,23.87,27.41,21.6,80.85,1.22,1.67,0.79,93.87
20121014,0.31,6.4298,5.8886,1.8386,0.62,24.07,27.7,21.66,80.49,1.17,1.83,0.73,93.91
20121015,2.47,5.1374,2.2418,2.7252,0.49,23.18,25.66,21.41,85.5,1.28,1.58,0.8,94.02
20121016,36.9,6.4546,5.0755,2.4878,0.62,23.57,26.2,21.53,83.0,0.98,1.35,0.65,93.97
20121017,27.99,5.4487,2.6136,2.9738,0.52,23.56,26.54,21.82,88.09,0.82,1.5,0.52,93.87
20121018,28.1,6.1046,4.7935,2.2529,0.58,23.26,25.82,21.84,91.52,1.43,2.53,0.9,93.83
20121019,16.94,4.8773,3.2813,2.513,0.47,23.4,26.79,20.8,87.93,1.52,2.33,0.93,93.77
20121020,1.05,6.5148,6.293,1.8461,0.62,23.39,27.31,20.22,80.22,1.53,2.38,0.93,93.76
20121021,0.0,6.8642,5.7497,2.5826,0.66,23.48,26.85,20.73,82.77,1.57,2.77,1.01,93.76
20121022,7.12,6.2753,4.4556,2.8944,0.6,23.63,26.82,21.06,82.57,1.23,2.11,0.82,93.71
20121023,4.7,5.3359,3.8297,2.2894,0.51,23.65,26.46,21.69,83.45,1.43,2.13,0.92,93.62
20121024,2.06,4.3625,1.0246,2.9359,0.42,23.03,26.12,20.96,82.08,0.97,1.67,0.63,93.64
20121025,1.13,5.5685,3.2426,2.5774,0.53,23.32,26.23,21.0,86.03,1.39,1.89,0.87,93.63
20121026,0.31,5.3093,1.6814,3.1913,0.51,23.23,26.33,21.02,83.3,0.9,1.55,0.57,93.64
20121027,3.78,5.9081,3.5124,2.8099,0.57,23.44,26.55,21.22,85.84,1.37,1.68,0.83,93.66
20121028,3.52,5.9234,4.1954,2.4365,0.57,23.78,27.23,20.63,82.64,1.38,1.97,0.83,93.71
20121029,2.35,6.0677,4.6212,2.4562,0.58,23.81,25.91,22.42,86.21,1.07,1.67,0.71,93.65
20121030,1.75,5.3549,3.2815,2.4624,0.51,23.67,26.38,21.76,87.94,1.01,1.91,0.67,93.61
20121031,0.59,5.9069,3.9178,2.7504,0.57,24.38,27.5,22.04,83.62,1.29,1.93,0.8,93.66
20121101,5.33,5.5814,2.5685,2.8946,0.54,23.87,25.93,22.45,86.86,0.83,1.31,0.56,93.7
20121102,15.68,3.9838,0.8609,2.7612,0.38,22.42,24.04,20.66,90.44,1.12,1.96,0.68,93.75
20121103,8.48,6.0948,4.5727,2.4089,0.59,23.78,27.08,20.95,81.13,1.26,1.75,0.81,93.69
20121104,11.1,5.7365,2.9894,3.1481,0.55,23.93,26.64,22.07,84.26,1.29,2.25,0.81,93.68
20121105,2.81,5.5147,4.2691,2.1871,0.53,23.2,24.88,22.19,90.17,1.61,3.22,1.01,93.67
20121106,1.71,5.3914,4.1251,2.1605,0.52,23.73,26.78,21.79,84.82,1.48,2.55,0.92,93.71
20121107,0.78,4.6178,1.0848,2.887,0.45,23.25,26.77,20.41,81.41,1.21,1.82,0.77,93.7
20121108,0.78,5.971,4.8257,2.2567,0.58,23.8,27.02,21.58,83.43,1.31,1.94,0.83,93.63
20121109,0.04,6.8311,6.2266,2.0585,0.66,24.6,27.74,22.27,83.03,1.36,2.25,0.88,93.66
20121110,0.01,6.1877,5.1276,2.1874,0.6,24.68,28.16,22.4,82.72,1.32,2.52,0.86,93.71
20121111,1.8,6.1135,4.5643,2.2944,0.59,23.38,26.08,21.24,80.57,1.36,2.67,0.85,93.71
20121112,0.96,6.437,6.0242,1.9421,0.62,24.21,27.5,21.7,83.06,1.14,2.04,0.76,93.66
20121113,1.67,6.3305,5.3594,2.1518,0.61,23.68,26.21,22.14,88.81,1.28,2.03,0.82,93.71
20121114,0.83,7.0092,7.1666,1.6795,0.68,24.34,27.98,21.45,85.51,1.6,1.95,0.99,93.67
20121115,0.68,6.6614,6.4075,1.877,0.65,24.35,27.71,21.45,83.01,1.28,1.6,0.79,93.74
20121116,2.53,4.8274,1.1954,3.0739,0.47,23.42,25.76,21.67,90.03,0.98,1.62,0.63,93.8
20121117,0.29,5.8274,3.7574,2.7194,0.57,23.33,26.02,21.56,87.78,1.03,1.75,0.7,93.81
20121118,0.2,6.079,4.9889,2.3208,0.59,24.46,27.8,22.18,81.39,1.26,1.9,0.83,93.74
20121119,2.08,5.7086,4.0126,2.4079,0.56,24.36,27.49,22.44,85.72,1.21,1.94,0.76,93.74
20121120,2.06,5.3438,3.5688,2.4341,0.52,23.15,24.99,21.83,89.01,1.46,2.61,0.93,93.78
20121121,10.05,4.8967,1.1738,3.0924,0.48,22.8,24.42,21.52,88.67,1.02,1.6,0.63,93.78
20121122,11.82,4.6577,1.321,2.9942,0.45,23.41,25.94,21.95,86.4,1.26,1.86,0.83,93.8
20121123,7.35,5.9998,4.3044,2.5841,0.59,23.63,26.73,21.75,84.97,1.1,2.0,0.7,93.8
20121124,3.92,5.9359,3.7462,2.7305,0.58,23.86,26.19,22.18,84.48,1.06,1.81,0.72,93.85
20121125,2.63,5.5541,4.1194,2.2198,0.54,24.13,27.12,21.92,82.5,1.06,1.53,0.71,93.84
20121126,0.51,5.9244,4.5343,2.4768,0.58,23.85,26.8,22.11,85.95,0.83,1.61,0.58,93.79
20121127,0.01,4.9133,2.159,2.7794,0.48,23.61,26.1,21.88,85.01,0.74,1.97,0.51,93.72
20121128,0.45,5.5056,3.3708,2.5253,0.54,23.56,25.3,21.93,88.13,1.33,2.35,0.86,93.76
20121129,0.08,5.3854,3.3794,2.5001,0.53,23.75,27.3,21.53,84.46,0.86,1.46,0.52,93.74
20121130,0.0,5.0832,1.7998,2.9261,0.5,24.19,26.86,21.89,82.03,1.21,2.46,0.79,93.7
20121201,5.99,4.7678,1.9934,2.7593,0.47,24.32,27.18,22.58,84.66,1.29,2.54,0.83,93.71
20121202,15.92,5.874,4.553,2.3818,0.58,24.23,27.42,21.62,86.12,1.41,1.84,0.85,93.67
20121203,8.06,5.7792,3.811,2.6642,0.57,23.54,25.1,21.89,91.28,1.36,2.3,0.85,93.7
20121204,6.21,5.6892,3.1162,3.0204,0.56,23.71,26.47,21.71,86.5,1.47,2.22,0.91,93.65
20121205,2.18,5.0887,1.0262,3.5986,0.5,23.19,24.78,22.11,89.24,0.97,1.63,0.63,93.73
20121206,4.97,4.885,2.0851,2.6287,0.48,23.29,25.28,21.69,87.48,1.0,1.68,0.64,93.84
20121207,1.51,5.1262,3.1058,2.3297,0.5,23.38,26.3,20.76,84.89,1.32,1.75,0.8,93.89
20121208,0.58,6.3029,5.8344,2.0652,0.62,23.93,27.19,21.27,83.46,1.18,1.71,0.75,93.83
20121209,9.07,5.7094,3.9742,2.4864,0.56,24.12,27.18,21.45,84.13,1.29,1.91,0.81,93.67
20121210,18.02,5.365,2.6911,2.8066,0.53,23.63,26.67,21.25,86.98,1.34,1.73,0.83,93.66
20121211,25.53,5.4818,3.4894,2.6234,0.54,22.87,24.1,21.96,93.96,0.94,1.54,0.63,93.71
20121212,5.13,5.1648,1.6022,3.2131,0.51,22.99,25.2,21.9,89.6,0.89,1.8,0.6,93.76
20121213,30.55,5.1108,2.4521,2.7838,0.5,23.16,26.28,20.92,87.38,1.38,1.96,0.85,93.81
20121214,17.68,5.7545,4.8137,2.0282,0.57,23.65,26.76,21.17,86.58,1.3,1.68,0.81,93.83
20121215,5.64,5.1598,2.7667,2.5582,0.51,22.96,24.78,21.93,92.35,1.43,1.8,0.91,93.82
20121216,0.7,6.2311,6.0132,1.8223,0.61,24.01,26.92,21.31,80.74,1.04,1.52,0.68,93.76
20121217,23.52,5.4439,2.3544,3.1253,0.54,23.98,26.46,22.23,85.59,1.04,2.06,0.66,93.68
20121218,5.8,5.6194,4.2293,2.2164,0.55,23.9,25.95,22.22,88.48,1.63,2.97,1.03,93.64
20121219,5.61,5.8613,4.541,2.2486,0.58,23.85,26.96,21.93,89.36,1.81,2.72,1.14,93.62
20121220,2.75,4.3325,0.5926,3.0902,0.43,23.13,25.21,21.89,89.42,0.96,1.59,0.56,93.59
20121221,0.31,5.5044,2.7031,2.807,0.54,23.64,26.45,21.9,83.71,1.35,2.34,0.84,93.56
20121222,15.43,5.2466,3.4675,2.4516,0.52,23.64,26.27,21.77,86.01,1.09,1.37,0.68,93.52
20121223,37.93,4.9154,2.2222,2.8706,0.48,23.34,26.09,21.93,90.77,1.39,2.4,0.87,93.55
20121224,11.97,5.5915,2.9938,2.8452,0.55,23.96,27.52,21.41,85.6,1.07,1.77,0.66,93.56
20121225,3.69,4.9805,0.7044,3.5707,0.49,23.74,25.88,22.44,91.18,1.7,2.95,1.06,93.52
20121226,25.69,4.7186,0.9958,3.2412,0.46,22.71,24.66,21.29,93.27,1.01,1.46,0.61,93.5
20121227,18.37,5.467,3.833,2.3664,0.54,22.78,24.31,21.18,89.31,0.94,1.41,0.57,93.55
20121228,9.98,5.3453,2.0918,3.2671,0.53,23.43,26.47,20.71,88.32,1.17,1.82,0.74,93.54
20121229,6.08,5.3297,1.8713,3.0965,0.52,23.74,25.87,22.37,89.37,1.01,1.49,0.62,93.56
20121230,4.23,4.9044,1.4381,3.4495,0.48,23.92,27.02,22.33,88.85,1.0,1.77,0.64,93.5
20121231,18.56,4.7906,1.3529,3.1543,0.47,23.01,24.95,22.0,91.46,0.93,1.97,0.55,93.56
20130101,28.55,5.3484,3.1574,2.429,0.53,23.22,25.47,21.86,92.05,1.23,1.64,0.74,93.62
20130102,29.67,5.6688,3.0638,3.0442,0.56,24.31,28.27,21.67,86.59,1.05,1.6,0.67,93.64
20130103,14.2,5.3803,3.3473,2.9899,0.53,23.43,25.98,21.61,87.08,0.88,1.68,0.55,93.67
20130104,4.26,4.783,0.7553,3.1637,0.47,23.84,27.14,20.71,81.8,0.81,1.78,0.5,93.49
20130105,4.33,3.9576,0.1034,3.0192,0.39,23.44,26.32,21.7,87.13,1.0,2.31,0.62,93.52
20130106,2.93,5.1854,1.9142,3.2885,0.51,23.3,26.4,20.77,87.18,0.83,1.43,0.53,93.59
20130107,1.49,5.5757,2.051,3.6372,0.55,23.11,26.47,20.36,86.34,1.64,2.64,0.99,93.56
20130108,6.42,5.6544,3.3804,2.9215,0.55,23.2,27.89,19.84,81.79,2.25,2.9,1.33,93.48
20130109,2.27,5.388,3.685,2.6098,0.53,23.03,27.81,19.97,83.62,2.23,2.73,1.33,93.44
20130110,0.07,5.7734,3.0082,3.0427,0.56,22.63,26.15,19.94,84.2,1.31,1.97,0.77,93.47
20130111,0.0,5.1286,2.2409,2.9225,0.5,23.62,28.1,19.81,81.42,1.43,2.02,0.88,93.6
20130112,1.65,4.6325,1.7549,2.7384,0.45,23.5,26.89,21.09,85.3,0.96,1.48,0.57,93.72
20130113,1.36,5.1506,1.9039,3.1387,0.5,23.48,26.61,21.25,87.78,0.68,1.91,0.45,93.69
20130114,2.3,3.6852,0.311,2.621,0.36,23.54,27.0,20.91,83.67,1.04,1.79,0.63,93.74
20130115,2.26,5.2872,2.7778,2.9251,0.51,23.77,27.48,20.6,80.34,0.91,1.68,0.58,93.81
20130116,14.2,4.1273,1.7309,2.3935,0.4,23.45,26.84,21.07,85.04,1.16,1.92,0.73,93.9
20130117,2.91,5.8814,4.535,2.4336,0.57,23.81,26.8,21.62,85.2,0.84,1.51,0.53,93.84
20130118,1.36,5.7067,3.9259,2.6059,0.55,24.37,27.94,21.59,84.54,0.87,1.27,0.53,93.76
20130119,7.12,5.1218,1.2029,3.4313,0.5,23.45,25.78,22.19,90.42,1.1,2.0,0.71,93.83
20130120,8.04,5.9693,4.83,2.1322,0.58,23.74,26.24,21.9,89.08,0.82,1.18,0.51,93.86
20130121,1.68,6.0943,3.9058,2.9436,0.59,24.64,29.04,21.35,83.21,0.72,1.5,0.44,93.88
20130122,0.83,6.2983,5.0172,2.4756,0.61,24.73,28.85,21.71,82.12,1.16,1.97,0.72,93.81
20130123,13.68,5.5152,2.2241,3.6115,0.53,23.73,25.51,22.61,87.88,0.72,1.13,0.43,93.81
20130124,2.0,5.653,2.9448,2.7288,0.55,24.19,27.19,21.82,79.48,0.98,1.69,0.63,93.83
20130125,53.85,4.2595,0.2549,3.1862,0.41,23.53,25.88,21.77,88.92,0.83,1.45,0.52,93.83
20130126,4.67,5.5915,2.549,3.2573,0.54,24.11,27.33,21.75,85.3,1.3,2.28,0.77,93.78
20130127,17.98,4.0133,0.5477,2.7098,0.39,23.26,25.16,21.73,90.34,1.13,1.63,0.7,93.88
20130128,4.29,5.4602,3.6816,2.347,0.52,23.1,26.08,20.15,84.5,1.29,1.78,0.8,93.86
20130129,1.09,4.7026,0.3931,3.367,0.45,24.27,27.69,21.48,79.85,0.64,1.04,0.44,93.89
20130130,0.49,5.1017,0.9101,3.3816,0.49,23.95,27.12,21.76,81.83,0.91,1.14,0.57,93.92
20130131,44.5,4.9322,1.5658,2.9261,0.47,23.21,24.72,22.16,95.49,1.72,2.88,1.06,93.92
20130201,19.47,5.616,3.1008,2.6914,0.54,23.27,26.09,21.02,90.78,1.15,1.61,0.7,93.95
20130202,8.03,5.2663,1.8451,3.061,0.5,23.3,25.9,21.34,90.63,1.48,2.5,0.91,93.91
20130203,7.53,6.1637,4.787,2.3141,0.59,23.65,26.03,21.75,86.93,0.91,1.38,0.55,93.87
20130204,34.47,6.6566,6.1939,1.9805,0.64,24.7,28.18,22.16,82.97,1.21,2.14,0.77,93.86
20130205,20.3,5.953,4.5538,3.42,0.57,24.53,27.39,22.65,88.43,1.35,2.21,0.85,93.83
20130206,0.83,6.2196,4.1779,3.726,0.59,23.92,25.66,22.73,90.52,1.55,2.44,0.99,93.77
20130207,0.41,5.4722,2.8346,2.7372,0.52,23.55,25.56,22.03,87.22,1.6,2.66,1.0,93.75
20130208,14.2,5.3796,2.9342,2.5555,0.51,23.7,26.89,21.1,83.11,1.34,2.62,0.86,93.78
20130209,6.55,5.484,2.5476,2.7727,0.52,23.39,26.11,21.64,87.33,1.31,1.87,0.84,93.78
20130210,4.44,5.5361,2.8423,2.7941,0.53,22.79,24.07,21.81,92.61,1.49,1.64,0.92,93.75
20130211,3.86,6.3866,5.5522,2.0839,0.61,24.02,27.18,22.03,87.75,1.58,2.33,0.99,93.67
20130212,4.48,5.1919,1.8974,2.9124,0.49,23.35,25.11,22.4,89.64,1.06,1.88,0.67,93.71
20130213,2.7,5.4192,3.2714,2.3966,0.51,22.91,25.44,21.32,89.62,1.3,1.86,0.84,93.67
20130214,0.39,5.8762,3.8146,2.598,0.56,23.73,26.89,21.31,82.55,1.44,2.06,0.9,93.6
20130215,13.81,4.4676,0.8294,3.1193,0.42,23.5,26.27,21.84,87.64,1.61,2.29,0.97,93.56
20130216,26.45,5.7245,3.3038,2.5709,0.54,23.52,26.69,21.13,84.3,1.26,1.82,0.8,93.52
20130217,6.92,5.2908,1.4702,3.7253,0.5,23.14,25.2,21.68,90.11,1.1,1.68,0.73,93.55
20130218,10.75,5.3155,1.8041,3.1123,0.5,23.63,26.93,21.47,84.04,1.24,1.91,0.77,93.47
20130219,3.62,5.515,1.56,3.8566,0.52,24.08,27.79,21.6,85.21,0.85,1.29,0.54,93.46
20130220,1.0,5.1595,2.1286,3.0547,0.49,23.53,26.6,21.43,86.34,0.71,1.45,0.47,93.5
20130221,0.57,5.5735,2.2783,3.1037,0.53,23.35,26.41,21.11,84.57,0.84,1.71,0.54,93.53
20130222,0.28,4.5079,0.2942,3.3902,0.43,23.22,26.65,20.62,83.98,1.38,1.73,0.83,93.64
20130223,0.0,6.0893,4.2667,2.7653,0.58,23.8,27.28,20.75,83.98,0.88,1.44,0.56,93.68
20130224,0.03,6.2275,3.6866,3.0228,0.59,24.12,27.58,21.31,85.88,1.34,1.95,0.81,93.68
20130225,2.35,5.4362,1.9555,3.2846,0.51,24.11,26.77,22.0,86.87,0.95,1.67,0.59,93.76
20130226,0.54,5.5037,2.1866,2.9657,0.52,24.07,26.52,22.18,84.44,0.78,1.49,0.5,93.77
20130227,11.19,5.5267,2.1869,3.1334,0.52,23.62,26.35,21.43,84.29,1.28,1.91,0.76,93.79
20130228,2.01,5.9539,4.4822,2.3299,0.56,23.75,26.56,21.21,81.96,0.79,1.36,0.47,93.73
20130301,0.14,6.4762,4.9618,2.4144,0.61,24.58,28.17,21.45,80.11,0.86,1.52,0.52,93.8
20130302,0.0,6.217,4.763,2.1926,0.59,24.42,27.44,21.81,81.47,1.13,1.62,0.7,93.88
20130303,0.12,5.0405,0.8647,3.4714,0.48,24.23,27.11,22.35,82.68,1.11,1.63,0.66,93.85
20130304,0.5,5.2658,1.6114,3.5676,0.5,24.43,28.09,20.76,78.73,1.36,2.03,0.84,93.78
20130305,1.69,4.3466,0.6168,3.0058,0.41,24.16,26.98,22.19,88.45,1.59,2.41,1.0,93.83
20130306,1.79,4.9601,0.8177,3.5081,0.47,22.96,24.66,21.51,89.06,0.66,1.13,0.41,93.93
20130307,9.09,5.6287,2.0566,3.5098,0.53,24.39,27.75,21.72,82.76,1.17,2.03,0.77,93.85
20130308,15.38,5.6587,3.265,2.5272,0.54,24.55,27.86,22.31,85.24,0.88,1.75,0.55,93.79
20130309,19.22,4.9114,0.8316,3.2285,0.47,23.89,25.46,22.81,88.56,0.76,1.78,0.5,93.8
20130310,54.37,5.1653,2.0088,2.9458,0.49,23.84,26.14,22.35,88.02,1.0,1.92,0.59,93.82
20130311,24.32,5.028,1.9044,2.7348,0.48,23.43,25.85,22.01,90.22,0.82,1.77,0.51,93.85
20130312,19.29,4.9212,2.6798,2.237,0.47,23.79,26.39,21.82,86.62,0.68,1.32,0.44,93.88
20130313,26.23,6.1142,4.5067,2.1665,0.58,24.25,28.17,21.56,85.04,1.04,1.74,0.66,93.84
20130314,5.64,4.4182,0.4723,3.0871,0.42,23.77,26.46,21.84,82.55,0.75,1.44,0.49,93.96
20130315,12.22,5.8234,4.0433,2.478,0.55,23.47,26.01,21.54,89.55,1.71,2.44,1.06,94.0
20130316,7.48,6.0178,3.5398,2.777,0.57,22.84,24.47,21.74,89.58,1.42,1.95,0.89,94.03
20130317,5.67,5.1046,1.9934,2.8541,0.49,23.75,26.5,21.86,84.49,1.21,1.84,0.75,93.9
20130318,1.24,4.2682,0.8299,2.7811,0.41,23.45,25.34,21.8,89.36,1.4,2.94,0.91,93.76
20130319,0.91,4.9222,2.4178,2.4341,0.47,24.05,27.19,21.59,86.66,1.59,2.1,1.0,93.75
20130320,4.88,5.8181,4.6394,2.1276,0.56,22.95,24.05,21.73,94.63,2.02,3.28,1.24,93.82
20130321,3.88,5.8814,5.2282,1.8814,0.56,23.24,26.18,20.56,86.8,1.64,2.5,1.02,93.76
20130322,6.94,6.0211,4.74,2.2142,0.58,23.53,26.02,21.92,89.63,1.2,1.85,0.74,93.72
20130323,26.44,5.118,2.5097,2.539,0.49,23.1,24.61,22.11,93.49,1.73,3.13,1.04,93.71
20130324,25.87,5.5181,4.0474,2.3882,0.53,22.77,23.88,21.8,91.56,1.05,1.44,0.63,93.74
20130325,13.8,6.4027,5.214,2.2798,0.61,23.55,26.26,21.69,89.24,1.01,1.42,0.63,93.67
20130326,22.18,5.2039,2.161,2.6779,0.5,23.64,24.65,22.64,91.42,0.88,1.44,0.57,93.68
20130327,31.68,6.4114,5.0357,2.1763,0.62,24.27,26.36,22.61,85.9,1.07,1.88,0.67,93.68
20130328,19.95,5.3633,1.6987,3.5426,0.52,23.8,25.42,22.64,90.55,0.98,1.75,0.6,93.73
20130329,7.04,5.8658,3.3902,2.4566,0.57,24.34,26.66,22.43,86.18,1.2,1.47,0.75,93.71
20130330,28.75,5.1581,1.8288,2.8363,0.5,24.19,25.56,22.95,92.2,1.35,2.13,0.88,93.68
20130331,12.92,5.2476,2.4451,2.6326,0.51,24.32,26.2,23.05,90.25,1.2,1.97,0.73,93.73
20130401,2.3,5.1398,2.4286,2.531,0.5,24.74,27.87,22.54,84.44,0.94,1.75,0.58,93.76
20130402,3.62,5.0275,2.2253,2.6575,0.49,24.76,27.49,23.25,87.16,1.05,1.89,0.68,93.71
20130403,31.32,4.9303,2.1288,2.6304,0.48,24.25,25.78,23.34,93.18,1.55,1.92,0.99,93.64
20130404,22.26,3.7018,0.198,2.6873,0.36,23.96,25.71,22.7,90.85,1.24,2.0,0.79,93.6
20130405,16.74,5.4538,3.8904,2.1991,0.53,24.61,27.93,22.25,85.5,1.25,2.02,0.8,93.61
20130406,9.38,6.3252,5.4689,1.8991,0.62,24.54,27.64,21.49,84.8,1.32,1.96,0.82,93.54
20130407,26.49,5.8385,3.6994,2.5812,0.57,24.09,26.52,22.07,88.82,1.33,1.88,0.84,93.51
20130408,20.17,4.2338,1.091,2.6954,0.42,23.28,24.47,22.5,94.32,1.01,1.42,0.63,93.67
20130409,8.61,4.0003,0.1572,2.9784,0.39,23.24,24.92,22.28,88.33,0.84,1.25,0.51,93.79
20130410,4.19,2.7151,0.1198,1.9762,0.27,23.26,25.72,21.72,88.89,1.36,2.12,0.9,93.73
20130411,3.88,5.6227,2.315,3.0355,0.56,23.85,26.4,22.04,89.3,1.01,1.59,0.67,93.68
20130412,5.41,3.4742,0.3938,2.316,0.34,23.88,26.43,22.35,90.86,1.22,1.71,0.78,93.76
20130413,4.05,5.4062,3.8206,2.2817,0.54,23.75,26.33,22.07,89.74,1.04,2.49,0.68,93.8
20130414,24.57,5.183,1.8046,3.1126,0.51,23.62,25.25,22.16,91.61,1.4,2.5,0.86,93.81
20130415,6.68,5.4223,1.921,3.1589,0.54,23.84,26.08,22.29,90.37,1.28,1.84,0.79,93.73
20130416,37.73,4.8629,1.806,2.7917,0.49,24.07,26.27,22.61,90.72,1.18,1.57,0.74,93.7
20130417,18.95,5.5133,3.7159,2.3808,0.55,23.48,24.82,22.54,91.05,1.36,1.65,0.83,93.71
20130418,11.28,5.659,4.5838,2.1113,0.57,24.03,25.96,22.49,87.35,1.22,2.12,0.79,93.67
20130419,18.84,3.7421,0.3562,2.7758,0.38,22.32,23.5,21.03,94.74,1.25,1.95,0.82,93.81
20130420,0.66,6.7872,6.3838,1.7724,0.68,23.33,26.43,21.04,85.57,1.15,2.16,0.72,93.83
20130421,3.68,5.5826,3.329,2.6045,0.56,23.41,25.91,21.01,87.65,1.43,1.9,0.88,93.8
20130422,1.99,6.3146,5.9539,1.7897,0.64,23.64,25.26,22.28,91.39,1.2,1.74,0.72,93.81
20130423,43.74,4.9764,1.7599,2.9606,0.5,23.14,24.51,21.89,91.94,1.17,1.66,0.76,93.88
20130424,11.43,5.0767,1.4666,3.1265,0.52,22.8,24.97,21.09,89.91,1.31,1.8,0.81,93.92
20130425,6.65,3.7375,0.3074,2.6998,0.38,23.12,25.82,21.51,87.59,1.31,2.44,0.84,93.89
20130426,8.21,5.1247,3.1702,2.417,0.52,22.94,26.26,20.27,83.35,1.33,1.68,0.79,93.94
20130427,49.8,4.8278,3.4342,1.9279,0.49,22.42,24.88,20.85,87.74,1.53,2.16,0.95,93.95
20130428,12.28,5.8097,4.661,2.081,0.59,22.04,24.52,20.41,86.02,0.96,1.82,0.63,93.96
20130429,1.05,5.7826,4.8168,2.1204,0.59,23.41,26.72,20.72,84.63,1.39,1.96,0.87,93.91
20130430,5.37,5.807,5.6633,1.746,0.6,23.87,26.87,21.48,84.49,1.51,2.05,0.95,93.81
20130501,5.69,4.7362,2.971,2.2495,0.49,23.44,26.55,21.41,87.5,1.33,1.73,0.8,93.67
20130502,16.91,4.9277,1.9274,2.767,0.51,23.34,25.39,22.03,90.55,1.05,1.7,0.67,93.67
20130503,5.25,5.5982,5.3688,1.7354,0.58,23.83,27.17,20.74,89.32,1.57,2.04,0.96,93.7
20130504,0.58,6.2575,6.1942,1.7647,0.65,24.41,27.74,21.86,83.25,1.24,1.74,0.77,93.77
20130505,0.0,6.1915,6.4126,1.6349,0.64,24.62,27.79,22.01,81.21,1.26,2.15,0.81,93.72
20130506,4.29,5.3741,3.2023,2.7134,0.56,24.56,27.67,22.16,80.78,1.1,1.44,0.7,93.65
20130507,14.73,4.9884,2.663,2.6952,0.52,23.98,27.04,20.83,85.61,1.48,1.96,0.88,93.57
20130508,15.51,3.4594,0.3468,2.521,0.36,23.71,25.96,22.53,89.29,1.15,1.61,0.73,93.71
20130509,8.57,4.6339,1.8415,2.5692,0.49,23.66,26.02,21.81,91.08,1.31,1.6,0.82,93.79
20130510,7.05,4.5166,2.3059,2.4552,0.48,24.29,27.3,21.74,86.23,1.28,1.96,0.82,93.71
20130511,13.05,2.111,0.0499,1.6087,0.22,23.37,25.11,22.08,94.11,1.04,1.92,0.65,93.69
20130512,16.06,4.3918,1.9879,2.3642,0.46,23.83,26.81,21.8,90.27,1.47,1.81,0.92,93.77
20130513,7.65,4.5173,1.5386,2.6042,0.48,22.85,24.22,21.98,93.22,1.52,2.91,0.92,93.83
20130514,26.14,5.3184,4.0046,2.214,0.57,23.59,26.16,21.79,89.32,1.37,2.21,0.88,93.68
20130515,16.34,5.7122,4.6193,2.1622,0.61,23.53,25.99,22.13,91.01,0.97,1.3,0.61,93.72
20130516,2.36,4.6418,1.4321,2.9287,0.5,23.2,24.95,21.63,88.19,1.19,2.28,0.76,93.82
20130517,0.92,5.418,4.4357,1.9675,0.58,23.59,26.36,21.48,85.54,1.24,1.91,0.79,93.88
20130518,1.45,5.7194,5.143,1.8979,0.61,23.94,26.81,22.07,85.46,1.1,1.86,0.72,93.82
20130519,7.04,5.2042,4.476,1.9346,0.56,23.31,25.42,21.38,88.7,1.04,1.57,0.67,93.79
20130520,1.97,6.1238,6.0778,1.6565,0.66,23.67,25.79,22.39,90.19,1.07,1.62,0.67,93.79
20130521,11.25,5.4139,4.6068,2.035,0.58,23.77,26.23,22.02,88.18,1.22,1.45,0.76,93.85
20130522,4.25,6.0247,5.9083,1.8888,0.65,24.01,26.44,22.24,83.87,1.2,1.59,0.76,93.83
20130523,16.37,5.245,4.4758,1.9284,0.57,24.18,26.71,22.64,85.53,1.06,1.56,0.69,93.85
20130524,7.92,5.2702,3.817,2.4389,0.57,23.04,24.51,21.76,93.0,1.33,1.69,0.81,93.81
20130525,1.44,5.7072,5.5442,1.6634,0.62,23.35,25.21,22.07,91.11,1.35,2.19,0.86,93.81
20130526,5.37,5.5606,4.795,1.8989,0.6,23.36,25.59,22.2,91.65,1.05,1.59,0.68,93.82
20130527,20.35,4.2295,1.9214,2.3016,0.46,22.41,23.72,21.56,92.02,1.33,1.85,0.83,93.88
20130528,4.96,5.2339,3.979,2.2951,0.57,22.66,24.59,21.27,90.22,1.29,1.91,0.82,93.86
20130529,8.37,4.0951,0.9238,2.8997,0.45,21.95,23.43,20.51,93.45,1.26,2.23,0.81,93.88
20130530,1.58,3.8923,0.4966,2.9587,0.43,21.94,24.14,20.11,90.51,1.12,1.61,0.72,93.8
20130531,4.03,3.781,1.3049,2.3969,0.41,22.45,24.5,20.69,90.03,1.3,2.21,0.8,93.72
20130601,1.02,4.9726,3.5261,2.3386,0.55,23.6,26.49,21.61,87.32,1.57,1.87,0.97,93.66
20130602,2.8,4.8024,2.9141,2.3758,0.53,23.0,24.29,22.02,93.19,1.51,1.83,0.91,93.57
20130603,5.76,5.099,4.116,2.071,0.56,23.96,26.57,22.11,87.05,1.26,1.96,0.78,93.6
20130604,6.26,5.2354,4.3769,1.8835,0.58,23.22,24.59,22.3,91.76,1.44,2.26,0.9,93.75
20130605,0.71,4.776,3.1097,2.4355,0.53,23.52,25.96,21.79,87.88,1.33,2.07,0.85,93.73
20130606,10.02,4.9694,4.0706,1.9361,0.55,23.67,25.64,21.98,90.16,1.15,1.82,0.71,93.66
20130607,30.21,5.1463,4.1652,2.2188,0.57,23.23,24.95,22.2,94.47,1.78,2.44,1.09,93.73
20130608,21.75,5.1504,3.2654,2.5001,0.57,23.57,26.07,21.95,89.23,0.99,1.83,0.61,93.63
20130609,53.22,4.8242,3.0984,2.4108,0.53,23.18,25.32,21.5,91.32,1.39,1.89,0.85,93.58
20130610,10.11,4.6416,1.5302,2.7859,0.52,22.73,24.43,21.04,90.85,0.96,1.94,0.56,93.57
20130611,2.1,4.2787,1.5941,2.5102,0.48,23.5,26.03,22.01,87.89,1.03,2.02,0.67,93.6
20130612,2.65,4.661,2.4406,2.5217,0.52,23.6,26.7,21.53,87.23,1.2,1.9,0.77,93.55
20130613,61.79,3.9818,1.3591,2.5212,0.44,22.41,23.39,21.58,90.49,0.86,1.42,0.55,93.56
20130614,22.74,3.5998,0.3977,2.7466,0.4,22.17,23.72,21.31,92.26,1.16,1.52,0.72,93.64
20130615,0.01,4.9855,3.3151,2.381,0.56,23.83,26.97,21.23,85.23,1.07,1.65,0.69,93.65
20130616,0.0,4.1198,1.9106,2.3544,0.46,23.84,26.27,22.38,89.18,1.09,1.76,0.67,93.61
20130617,0.44,4.3493,1.6867,2.5111,0.48,23.78,26.76,21.81,86.52,1.29,1.88,0.8,93.57
20130618,0.57,4.0654,1.7242,2.375,0.45,22.98,25.19,21.58,88.41,0.98,1.36,0.62,93.67
20130619,0.17,5.5116,5.6539,1.649,0.62,23.93,27.12,21.3,84.92,1.28,1.97,0.81,93.68
20130620,0.04,5.965,6.1536,1.6133,0.67,24.4,27.13,22.69,86.31,1.15,1.42,0.73,93.76
20130621,0.0,5.9614,6.2582,1.6282,0.67,24.27,26.96,22.38,85.49,1.03,1.33,0.67,93.77
20130622,15.99,5.6597,5.8963,1.5403,0.63,23.47,26.31,21.52,88.49,1.25,1.86,0.74,93.77
20130623,11.99,4.9819,2.8956,2.6069,0.56,22.95,24.08,22.13,92.43,0.79,1.56,0.5,93.83
20130624,0.2,5.1857,4.4064,2.059,0.58,23.3,25.39,21.72,89.78,1.09,1.72,0.64,93.85
20130625,6.9,5.1228,4.4964,1.8617,0.57,22.3,24.22,20.48,87.45,1.04,1.99,0.68,94.03
20130626,1.07,5.8018,6.0288,1.6457,0.65,22.81,25.06,21.31,87.78,1.33,1.84,0.82,93.95
20130627,2.69,4.5655,2.5219,2.2831,0.51,23.02,25.86,20.87,84.43,1.2,1.6,0.74,93.87
20130628,11.57,3.1582,0.1145,2.4324,0.35,22.32,24.41,20.99,87.46,1.23,1.57,0.77,93.91
20130629,1.01,5.4211,4.4959,2.0875,0.6,22.82,25.99,20.16,82.23,1.08,2.01,0.68,93.94
20130630,6.51,4.6666,2.9285,2.3249,0.52,22.88,25.62,21.15,85.82,1.03,1.98,0.65,93.87
20130701,7.95,3.2981,0.2765,2.4319,0.37,21.66,23.09,20.09,93.4,1.5,2.02,0.9,93.73
20130702,1.08,3.743,0.2434,2.7977,0.42,22.25,24.91,20.04,85.93,1.38,2.0,0.86,93.76
20130703,2.9,4.9248,3.6768,2.2056,0.55,22.13,23.83,20.61,90.72,1.48,2.49,0.93,93.73
20130704,2.15,4.6538,4.1208,2.1694,0.52,22.77,26.07,20.23,86.58,1.42,1.65,0.9,93.71
20130705,17.45,3.9682,0.7944,2.7965,0.44,22.86,24.93,21.29,92.8,1.51,2.05,0.94,93.67
20130706,7.66,4.3582,3.2294,1.8653,0.48,22.8,25.42,20.82,89.68,1.32,1.8,0.81,93.76
20130707,5.35,2.6868,0.2441,2.0196,0.3,22.53,25.47,20.48,89.33,1.21,1.95,0.77,93.83
20130708,0.96,3.3778,0.4176,2.5697,0.37,22.17,24.48,20.69,90.31,1.11,1.5,0.68,93.87
20130709,0.72,5.5716,5.3198,1.7086,0.62,22.88,25.82,20.47,86.41,1.22,1.84,0.76,93.75
20130710,18.98,5.3962,4.469,2.01,0.6,23.05,25.86,20.94,87.88,1.38,2.1,0.87,93.66
20130711,25.38,3.312,0.5345,2.3688,0.37,22.1,23.43,21.19,90.24,1.21,1.63,0.72,93.78
20130712,25.53,4.6198,1.727,2.8901,0.51,22.17,24.38,20.34,88.3,1.22,1.95,0.78,93.75
20130713,7.01,3.8774,0.6826,2.7929,0.43,22.88,25.26,21.04,90.54,1.41,2.0,0.86,93.65
20130714,7.77,3.0655,0.2398,2.3035,0.34,22.96,25.8,20.81,88.72,1.29,2.0,0.8,93.67
20130715,17.11,3.103,0.2249,2.2231,0.34,22.65,24.76,20.87,89.51,1.09,1.78,0.7,93.73
20130716,26.0,3.7802,0.3463,2.8639,0.41,21.53,23.62,20.17,91.91,1.07,1.73,0.66,93.78
20130717,8.03,2.6688,0.0691,2.052,0.29,21.39,24.01,19.59,89.66,1.23,2.16,0.81,93.81
20130718,25.01,4.314,1.3774,2.879,0.47,22.11,24.92,20.02,90.46,1.21,2.26,0.77,93.73
20130719,31.45,4.0253,2.2054,2.1403,0.44,22.05,23.26,21.31,95.34,1.5,1.99,0.9,93.68
20130720,28.86,3.3775,0.3091,2.4379,0.37,21.65,22.72,20.84,95.65,1.22,1.8,0.77,93.74
20130721,1.29,4.625,2.412,2.561,0.5,22.25,24.92,20.18,89.25,1.37,2.39,0.85,93.67
20130722,9.48,5.3923,5.2354,1.6625,0.59,22.27,24.56,20.96,91.71,1.35,1.62,0.81,93.76
20130723,11.54,4.5468,3.2544,2.203,0.49,22.46,25.09,20.58,90.07,1.23,1.77,0.75,93.9
20130724,13.13,1.445,0.1006,1.0903,0.16,22.14,23.92,20.72,91.55,1.22,2.29,0.75,93.92
20130725,14.9,2.1782,0.109,1.6178,0.24,21.4,23.46,19.52,92.36,0.89,1.82,0.55,93.92
20130726,6.57,3.9187,0.8957,2.7888,0.42,21.98,23.74,20.51,95.63,1.9,3.12,1.14,93.9
20130727,0.43,4.8648,3.5232,2.1144,0.52,22.37,25.14,20.54,90.26,1.33,1.93,0.83,93.87
20130728,0.26,4.6176,2.4641,2.5402,0.5,22.72,25.32,20.88,87.95,1.48,2.2,0.94,93.9
20130729,1.45,4.0882,1.7599,2.3599,0.44,22.44,25.28,20.71,89.99,1.97,2.81,1.22,93.83
20130730,8.89,4.0022,0.5676,2.9652,0.43,21.62,23.46,20.25,89.94,1.34,1.74,0.82,93.81
20130731,2.23,4.5211,3.3197,2.1845,0.48,22.31,25.26,20.21,88.61,1.31,2.23,0.84,93.71
20130801,14.83,4.5341,1.8206,2.4888,0.48,22.39,24.87,20.94,89.5,1.19,2.33,0.75,93.72
20130802,15.24,3.0115,0.5544,1.9922,0.32,21.94,24.68,19.87,88.65,1.33,2.05,0.82,93.88
20130803,54.72,3.917,0.7692,2.6506,0.42,21.75,23.69,20.76,91.21,1.45,2.96,0.91,93.92
20130804,15.89,4.3555,1.2101,2.903,0.46,21.68,23.85,20.48,92.79,1.53,2.56,0.97,93.9
20130805,0.27,4.6682,3.0413,2.2354,0.49,22.31,25.25,19.79,86.04,1.39,2.19,0.89,93.89
20130806,10.63,4.2562,1.6589,2.6522,0.45,22.17,24.53,20.45,89.21,1.16,2.28,0.77,93.86
20130807,7.16,4.8511,3.013,2.1782,0.51,22.17,25.49,19.13,88.16,1.46,1.79,0.91,93.85
20130808,7.25,3.9883,1.4957,2.4437,0.42,22.68,25.93,20.32,86.34,1.41,2.17,0.91,93.79
20130809,11.71,3.5184,1.9003,2.1725,0.37,22.1,24.59,20.58,91.09,1.75,2.62,1.1,93.8
20130810,0.92,5.5207,4.6049,2.1708,0.58,22.2,25.25,20.21,89.53,2.02,3.27,1.29,93.77
20130811,0.08,4.8221,4.4311,1.7546,0.5,21.4,24.16,19.5,88.28,2.02,3.17,1.28,93.85
20130812,2.11,4.4688,4.1628,1.7021,0.47,22.15,25.41,20.01,85.88,1.46,2.74,0.94,93.77
20130813,31.72,3.9643,1.3582,2.4708,0.41,21.89,24.65,19.61,87.97,1.39,1.97,0.86,93.82
20130814,9.85,4.4755,2.2267,2.4403,0.46,22.52,26.05,20.03,87.56,1.32,1.88,0.79,93.84
20130815,17.04,4.9109,2.5807,2.4775,0.51,22.74,25.71,20.26,87.94,1.12,1.63,0.7,93.88
20130816,8.37,4.8154,2.3311,2.3717,0.5,22.14,24.16,20.76,91.86,1.64,3.22,1.02,93.9
20130817,2.27,5.5946,4.6222,2.053,0.58,22.14,25.08,19.6,87.07,1.62,2.22,0.99,93.85
20130818,0.15,6.0384,5.7806,1.8041,0.62,22.72,26.09,19.78,86.29,1.44,1.98,0.93,93.85
20130819,0.01,4.8893,1.3586,2.9779,0.5,22.36,25.64,19.68,81.27,1.22,1.76,0.76,93.84
20130820,1.55,5.5462,4.391,2.0902,0.57,22.28,25.51,20.17,86.21,1.46,2.95,0.94,93.82
20130821,1.32,4.7354,3.215,2.1346,0.48,21.96,24.82,19.9,86.43,1.71,3.19,1.06,93.87
20130822,0.09,5.5786,3.7826,2.5226,0.57,22.57,25.61,20.6,84.31,1.02,1.83,0.68,93.84
20130823,0.08,6.1529,5.251,2.0695,0.63,23.07,26.5,20.72,82.37,1.24,2.68,0.8,93.89
20130824,0.33,5.7118,4.7827,2.0462,0.58,21.86,25.25,19.0,80.98,1.5,2.15,0.92,93.97
20130825,0.23,6.343,5.7533,2.1946,0.64,21.98,25.44,18.98,82.79,1.36,2.22,0.86,93.94
20130826,0.08,6.9185,7.0327,1.5902,0.7,22.14,25.53,19.52,80.07,1.48,2.1,0.9,93.9
20130827,2.25,4.8761,3.3487,2.0719,0.49,22.74,26.08,19.57,84.9,1.39,1.76,0.84,93.92
20130828,1.06,4.3858,2.4557,2.1264,0.44,22.94,26.17,20.09,86.06,1.28,1.77,0.76,93.9
20130829,19.03,5.7778,4.5898,2.1658,0.58,23.15,26.64,20.19,85.75,1.38,1.81,0.82,93.87
20130830,7.35,5.3938,4.0363,2.221,0.54,23.38,26.72,20.91,86.43,1.54,2.45,0.95,93.89
20130831,4.19,5.7194,4.0994,2.4862,0.57,23.16,27.03,19.54,85.36,1.5,1.87,0.89,93.86
20130901,16.03,4.1659,2.0184,2.2282,0.42,22.9,25.52,20.95,88.6,1.2,1.78,0.73,93.87
20130902,10.25,4.2689,2.113,2.1598,0.43,22.73,25.65,20.7,89.16,1.35,1.77,0.82,93.89
20130903,3.8,4.517,2.4576,2.4545,0.45,22.5,25.92,19.96,87.96,1.38,2.32,0.87,93.85
20130904,2.57,4.8984,4.0596,1.9092,0.49,22.82,26.39,20.43,87.58,1.57,2.11,0.98,93.81
20130905,2.87,4.589,3.3113,1.9728,0.46,22.55,26.17,19.93,87.49,1.73,2.73,1.09,93.79
20130906,14.07,4.5881,2.9726,2.1828,0.45,22.81,26.0,20.29,87.58,1.62,2.45,1.03,93.82
20130907,11.16,4.4318,1.5996,2.4449,0.44,21.71,23.25,20.83,92.77,1.5,1.81,0.96,93.86
20130908,1.36,4.9939,3.9122,1.9901,0.49,22.3,25.85,20.5,85.02,1.25,2.19,0.8,93.92
20130909,7.37,3.3137,0.7606,2.2202,0.33,22.49,25.26,20.33,85.17,1.25,2.48,0.82,93.89
20130910,5.42,5.9136,4.6169,2.131,0.58,22.77,26.38,19.68,85.83,1.51,2.28,0.95,93.77
20130911,1.72,5.1283,1.6104,3.0305,0.5,23.02,26.56,20.18,83.96,1.39,1.98,0.86,93.83
20130912,8.24,4.6697,1.711,3.0658,0.46,23.04,25.61,20.86,86.9,1.14,1.96,0.73,93.9
20130913,5.2,5.4067,3.7183,2.2246,0.53,23.56,27.01,21.29,87.47,1.15,1.91,0.76,93.88
20130914,6.0,5.2459,3.4219,2.2819,0.51,23.28,26.59,21.26,88.64,1.23,2.18,0.8,93.75
20130915,3.77,4.2986,2.1458,2.2327,0.42,22.45,24.89,20.29,91.37,1.56,3.18,0.96,93.75
20130916,40.02,5.2238,3.2926,2.5303,0.51,22.59,25.69,20.13,88.89,1.41,2.42,0.88,93.71
20130917,17.22,5.0098,2.7547,2.4859,0.49,22.45,24.64,21.03,90.21,1.14,1.75,0.74,93.76
20130918,0.13,5.5102,4.2389,2.1175,0.54,23.25,26.86,20.28,85.88,1.58,2.51,0.98,93.73
20130919,0.01,6.8167,6.1913,1.991,0.66,23.2,26.5,21.02,83.44,1.24,2.4,0.81,93.7
20130920,0.0,7.266,7.043,1.6255,0.71,23.17,26.83,20.12,84.3,1.43,2.71,0.93,93.74
20130921,0.0,5.6285,2.7974,2.8956,0.55,23.18,25.77,21.67,84.92,1.16,2.28,0.76,93.77
20130922,0.0,6.5914,5.7761,2.003,0.64,23.2,25.62,21.45,84.7,0.91,1.8,0.6,93.82
20130923,0.0,6.4848,6.0406,1.7762,0.63,23.44,26.69,21.18,85.23,1.1,1.81,0.69,93.78
20130924,0.0,6.8544,5.9328,2.0323,0.66,23.56,26.91,20.56,78.5,1.19,1.76,0.76,93.85
20130925,0.0,7.0764,6.8741,1.6574,0.68,23.42,27.23,20.28,80.11,1.34,2.16,0.87,93.96
20130926,0.0,7.0939,6.8695,1.6764,0.69,23.08,27.08,19.59,82.26,1.49,2.05,0.95,93.96
20130927,0.34,6.3982,5.4278,2.0364,0.62,23.11,26.33,20.71,82.91,1.5,2.54,0.96,93.86
20130928,11.04,6.054,4.6109,2.1677,0.58,23.19,26.07,21.01,85.7,1.43,1.95,0.92,93.75
20130929,9.91,5.0858,2.2946,2.7305,0.49,22.8,25.41,21.1,88.82,1.51,2.26,0.93,93.7
20130930,2.01,5.5826,4.2739,2.1602,0.54,23.11,25.92,21.37,87.69,1.47,2.32,0.93,93.76
20131001,8.7,4.8617,1.2938,3.2023,0.47,22.18,24.2,20.06,89.65,1.28,1.92,0.78,93.88
20131002,3.76,5.9993,4.7309,2.9446,0.58,23.18,26.03,20.84,85.3,1.11,1.8,0.67,93.99
20131003,0.07,6.7454,5.9102,2.0424,0.65,24.06,27.39,21.98,84.58,1.2,2.21,0.78,93.93
20131004,6.45,5.1979,2.765,2.5327,0.5,23.58,26.49,21.66,87.54,1.46,1.71,0.91,93.86
20131005,4.56,4.8802,1.7362,3.0888,0.47,23.14,25.66,21.65,85.12,1.62,2.23,1.06,93.86
20131006,1.0,6.1486,5.5099,2.1787,0.59,23.31,26.5,20.89,81.06,1.22,1.85,0.79,93.81
20131007,3.22,5.1439,2.4581,2.7132,0.49,23.06,25.98,21.37,85.4,1.12,1.86,0.72,93.78
20131008,1.73,4.7184,1.6589,2.7994,0.45,22.85,26.21,21.12,83.21,1.15,1.86,0.71,93.94
20131009,1.91,5.4569,3.6475,2.3383,0.52,23.4,27.04,20.51,78.76,1.34,2.13,0.82,93.92
20131010,1.29,5.1432,2.5337,2.6366,0.49,23.38,26.11,21.72,83.74,1.28,2.73,0.84,93.91
20131011,0.02,6.5707,5.8337,1.9788,0.63,23.65,27.16,20.85,79.88,1.25,2.07,0.8,93.83
20131012,0.0,7.4172,7.5684,1.6704,0.71,23.43,27.43,19.93,79.96,1.39,2.07,0.87,93.78
20131013,0.25,7.2948,6.9557,2.2176,0.7,23.5,27.59,19.42,81.28,1.42,1.77,0.9,93.8
20131014,0.73,5.461,3.9295,2.3455,0.52,23.77,26.96,21.3,85.28,1.54,2.52,1.0,93.83
20131015,0.39,6.0847,4.5737,2.5714,0.58,23.28,27.25,20.34,84.06,1.82,2.58,1.09,93.91
20131016,1.86,6.1589,4.711,2.4833,0.59,23.62,27.41,20.44,83.24,1.45,1.81,0.91,93.94
20131017,5.13,6.4058,5.6362,1.9716,0.61,24.04,27.54,21.06,81.64,1.24,2.08,0.79,93.9
20131018,0.65,6.4344,5.886,2.0107,0.62,24.37,27.98,21.78,82.72,1.19,1.89,0.76,93.78
20131019,2.15,6.966,6.4135,1.9766,0.67,24.43,28.04,21.86,82.52,1.17,1.87,0.75,93.78
20131020,2.59,7.0466,6.301,1.9896,0.68,24.35,27.61,22.04,82.82,1.12,2.16,0.72,93.73
20131021,0.84,6.6895,5.7902,2.263,0.64,24.25,27.6,21.88,84.63,1.45,2.41,0.94,93.63
20131022,3.91,6.1174,4.6051,2.7386,0.59,23.82,26.73,21.61,80.43,1.05,2.17,0.67,93.78
20131023,0.95,6.3408,5.0875,2.412,0.61,23.25,25.7,21.01,84.06,1.36,2.15,0.88,93.78
20131024,0.0,6.6991,6.0098,2.1269,0.64,24.08,27.36,21.03,78.4,1.25,1.81,0.8,93.77
20131025,1.54,7.0466,6.6386,2.0474,0.68,24.08,27.45,21.47,80.61,1.45,2.15,0.92,93.86
20131026,2.55,5.9381,4.5334,2.3578,0.57,23.17,26.1,21.35,86.43,1.7,2.05,1.03,93.92
20131027,2.41,4.9718,1.5199,2.9734,0.48,23.41,26.49,21.01,85.38,1.38,1.97,0.83,93.93
20131028,5.25,5.4581,2.0597,3.0653,0.52,23.67,26.96,21.15,81.64,1.1,1.71,0.7,93.93
20131029,7.08,5.0491,2.7382,2.5462,0.49,23.56,26.12,22.19,81.74,1.19,1.94,0.8,93.94
20131030,3.35,6.2496,4.5979,2.3666,0.6,23.23,25.87,20.96,81.9,1.29,1.83,0.81,93.93
20131031,6.28,4.7642,2.5488,2.2862,0.46,22.68,25.0,20.13,89.65,1.9,2.86,1.2,93.87
20131101,0.99,5.7202,3.8407,2.4838,0.55,22.85,26.24,19.81,80.32,1.16,1.8,0.69,93.84
20131102,1.56,5.2296,2.0323,2.9844,0.5,23.31,26.28,21.17,85.17,1.17,1.85,0.75,93.75
20131103,7.0,6.2388,4.5242,2.4576,0.6,23.72,27.5,20.89,83.82,1.48,2.5,0.94,93.77
20131104,30.39,5.8565,3.9665,2.4274,0.56,23.46,26.31,21.72,88.32,0.86,1.76,0.51,93.79
20131105,12.09,5.6623,4.1225,2.2978,0.55,24.1,26.87,22.35,88.13,1.42,2.78,0.91,93.77
20131106,18.35,6.023,4.7705,2.4175,0.58,24.08,27.09,22.35,86.32,1.26,2.07,0.78,93.74
20131107,45.81,5.0213,2.6299,2.4802,0.48,23.27,25.48,21.6,89.19,1.57,2.33,0.97,93.65
20131108,7.04,5.2925,1.9471,3.1082,0.51,23.09,27.06,19.73,83.08,1.24,2.04,0.78,93.67
20131109,0.18,6.5203,5.1175,2.5793,0.63,23.62,27.03,20.4,85.1,1.31,2.17,0.82,93.69
20131110,0.33,6.3775,4.759,2.6347,0.62,24.42,28.16,21.24,81.39,1.48,2.05,0.89,93.65
20131111,26.66,6.1594,5.3462,2.153,0.6,24.11,26.88,22.38,86.17,1.52,2.59,0.96,93.56
20131112,5.41,5.6676,3.3271,2.6551,0.55,23.73,26.34,21.93,87.37,1.64,2.65,1.06,93.57
20131113,1.5,6.671,5.7386,2.2925,0.65,23.91,27.4,20.75,80.53,1.47,2.14,0.9,93.58
20131114,2.69,6.4133,5.1461,2.3647,0.62,24.22,27.85,22.1,83.34,0.98,1.61,0.6,93.65
20131115,3.65,5.429,2.5654,3.3446,0.53,24.45,27.88,21.85,84.21,1.43,1.65,0.86,93.66
20131116,2.52,5.2296,1.379,3.3994,0.51,23.11,25.27,21.67,89.75,1.16,1.58,0.7,93.65
20131117,1.18,5.964,4.7714,2.4482,0.58,23.23,25.49,21.72,87.21,1.54,2.49,1.0,93.66
20131118,5.81,5.6798,2.6659,3.2066,0.55,22.96,24.95,21.46,89.39,1.5,1.99,0.9,93.68
20131119,2.49,4.2514,0.4747,3.0247,0.41,22.59,24.65,21.43,89.76,1.11,1.69,0.69,93.72
20131120,10.22,5.4907,3.9691,2.135,0.53,23.78,26.81,21.67,87.56,1.39,2.1,0.87,93.6
20131121,18.77,6.1618,4.2797,2.6378,0.6,23.18,25.63,21.65,89.66,1.41,2.04,0.88,93.64
20131122,6.24,4.9426,1.3426,3.3197,0.48,23.13,25.07,21.73,87.99,1.19,1.72,0.75,93.69
20131123,1.59,5.5409,3.9977,2.3326,0.54,23.58,26.16,22.12,86.4,0.95,1.83,0.58,93.65
20131124,8.2,6.4354,5.6093,2.1288,0.63,23.59,26.12,21.33,88.44,1.27,1.8,0.79,93.68
20131125,6.0,5.4278,1.7892,3.0274,0.53,22.57,23.56,21.73,90.44,1.32,2.55,0.82,93.69
20131126,1.99,5.6311,3.5741,2.483,0.55,24.01,27.0,21.56,83.0,1.35,2.28,0.85,93.61
20131127,4.72,5.3726,2.3592,2.9563,0.53,22.98,24.89,22.09,91.01,1.41,2.22,0.89,93.76
20131128,5.34,5.825,4.6397,2.202,0.57,23.28,25.6,21.63,89.15,1.07,1.61,0.67,93.79
20131129,8.99,5.6033,3.6403,2.7461,0.55,23.32,25.66,21.86,90.05,1.02,1.67,0.62,93.72
20131130,15.18,4.6651,0.6578,3.2347,0.46,23.18,25.19,22.04,92.12,1.5,1.92,0.9,93.7
20131201,9.22,4.897,1.5485,2.8349,0.48,24.11,27.3,22.13,84.35,1.19,2.35,0.78,93.68
20131202,2.87,4.9414,2.0388,2.8409,0.48,23.47,25.76,21.73,89.78,0.87,1.84,0.61,93.67
20131203,1.7,5.3818,3.9492,2.2711,0.53,23.0,25.25,20.77,89.65,1.19,2.04,0.73,93.6
20131204,4.84,5.1598,2.616,2.6232,0.51,23.12,24.93,21.66,90.39,1.4,1.87,0.85,93.57
20131205,10.3,4.5046,1.3908,2.6083,0.44,23.65,26.9,21.77,87.28,1.06,1.83,0.64,93.54
20131206,3.36,5.8793,3.877,2.5212,0.58,23.9,26.57,21.82,86.21,1.32,1.98,0.83,93.58
20131207,4.73,5.2788,3.2515,2.3957,0.52,24.0,25.95,22.48,86.08,0.97,1.55,0.65,93.66
20131208,7.01,5.7595,3.6578,2.5932,0.57,23.58,26.55,21.79,87.67,0.98,1.7,0.64,93.65
20131209,12.69,5.3177,3.5066,2.3906,0.52,23.57,26.63,22.07,87.23,1.28,2.45,0.85,93.58
20131210,27.62,4.6975,1.399,2.952,0.46,22.82,24.0,21.67,94.09,1.82,2.71,1.12,93.55
20131211,9.44,5.1538,2.3556,3.0893,0.51,23.51,26.38,21.34,88.47,1.47,2.03,0.93,93.54
20131212,3.99,4.1854,0.4351,3.059,0.41,23.16,24.61,22.35,93.59,1.37,2.5,0.87,93.53
20131213,1.81,5.1235,2.2752,2.838,0.5,23.24,25.42,21.84,88.1,1.21,1.69,0.78,93.63
20131214,8.01,4.4854,0.6458,3.2465,0.44,23.2,24.77,21.76,87.8,0.92,1.28,0.58,93.62
20131215,36.17,5.1283,2.3186,2.747,0.51,23.19,24.87,22.05,90.61,1.22,1.7,0.75,93.65
20131216,11.45,4.7146,0.8484,3.3127,0.46,23.23,26.05,21.46,88.57,1.45,1.99,0.9,93.63
20131217,4.46,4.6502,1.0834,2.9654,0.46,23.55,25.99,22.05,87.78,1.09,1.8,0.71,93.57
20131218,9.52,4.4028,1.4381,2.9974,0.43,22.69,23.55,21.84,94.22,1.61,2.18,0.98,93.64
20131219,3.43,5.8495,3.6211,2.9654,0.58,23.66,26.52,21.45,86.75,1.3,2.27,0.83,93.69
20131220,10.26,4.9733,1.6546,2.9758,0.49,23.07,24.37,22.12,91.62,0.87,1.71,0.56,93.7
20131221,5.58,3.9991,0.2981,3.0084,0.39,23.47,25.8,21.51,88.57,1.02,1.68,0.62,93.67
20131222,17.18,4.3248,1.823,2.3878,0.43,23.54,26.59,21.93,87.94,1.22,1.9,0.76,93.71
20131223,20.47,5.3909,2.9935,2.7782,0.53,23.27,25.2,21.81,87.56,0.75,1.29,0.48,93.76
20131224,5.59,6.0149,4.4995,2.5579,0.59,24.03,27.19,21.51,82.83,0.74,1.02,0.47,93.74
20131225,3.73,5.0316,2.159,2.8882,0.5,23.67,26.36,21.71,85.86,0.93,1.38,0.59,93.74
20131226,4.82,4.0884,0.1476,3.0703,0.4,23.47,26.89,20.95,87.61,1.03,1.76,0.64,93.71
20131227,1.31,4.7938,0.9468,3.4786,0.47,23.85,26.21,21.92,86.2,0.69,1.17,0.43,93.68
20131228,0.27,5.1535,1.704,3.4402,0.51,23.44,26.45,21.0,86.01,1.24,1.89,0.75,93.66
20131229,6.58,4.9258,1.0325,3.6202,0.48,24.01,26.52,22.09,87.42,0.82,1.51,0.52,93.67
20131230,11.01,3.5246,0.1838,2.5949,0.35,23.05,25.11,21.42,89.66,0.99,1.76,0.61,93.77
20131231,13.06,5.0614,3.371,2.2778,0.5,22.81,24.64,21.37,91.87,1.37,1.99,0.89,93.84
20140101,7.96,4.4882,0.5388,3.1594,0.44,22.69,24.89,21.05,92.69,1.48,2.14,0.92,93.82
20140102,2.3,4.1815,0.2671,3.0792,0.41,23.29,25.75,21.12,87.16,0.92,1.57,0.6,93.82
20140103,1.3,5.1149,1.7532,3.3974,0.5,23.73,26.25,22.33,87.31,0.99,2.03,0.65,93.75
20140104,15.19,4.0469,0.5539,2.7242,0.4,23.5,26.54,21.84,88.01,1.1,2.06,0.68,93.7
20140105,48.29,5.3554,3.2508,2.5361,0.53,23.46,26.12,21.68,87.12,0.89,1.42,0.55,93.7
20140106,20.33,4.961,2.7766,2.5159,0.49,23.45,25.98,22.36,87.96,0.92,1.38,0.55,93.68
20140107,5.5,4.9378,1.6594,2.7852,0.48,23.62,25.82,22.2,87.68,1.07,1.84,0.68,93.69
20140108,8.78,4.7599,1.4587,2.8162,0.47,23.39,25.6,22.24,88.44,1.03,1.75,0.66,93.68
20140109,10.55,4.6166,1.6915,2.9131,0.45,22.88,24.61,21.76,94.47,1.69,2.55,1.02,93.7
20140110,16.42,4.7736,0.7428,3.2208,0.47,23.24,25.82,21.68,89.54,1.04,1.64,0.63,93.76
20140111,3.08,4.4453,0.4361,3.2755,0.43,23.17,26.31,21.4,89.26,1.2,2.46,0.7,93.8
20140112,1.15,4.0877,0.3518,3.0233,0.4,22.9,25.07,21.56,89.16,0.85,1.45,0.53,93.8
20140113,12.66,5.2903,2.7499,2.8994,0.52,22.73,25.75,20.0,87.49,1.24,1.92,0.75,93.67
20140114,2.07,4.7047,1.1215,3.0826,0.46,23.11,25.32,21.11,88.48,1.21,1.67,0.71,93.65
20140115,5.03,4.3608,1.6608,2.9594,0.42,23.28,25.97,20.97,87.41,1.23,1.82,0.74,93.68
20140116,4.45,3.3766,0.8066,2.2642,0.33,23.09,26.25,20.71,86.76,1.34,1.74,0.8,93.73
20140117,1.11,5.3525,2.6009,2.9462,0.52,22.68,26.4,19.4,83.12,1.45,2.25,0.89,93.73
20140118,0.02,4.7544,2.5044,2.5142,0.46,23.7,27.63,19.88,81.16,1.16,1.82,0.71,93.78
20140119,0.08,5.3398,2.4247,3.3406,0.52,23.75,27.72,20.56,79.69,1.35,1.99,0.83,93.79
20140120,0.08,5.6638,2.5063,3.4872,0.55,23.53,27.55,19.95,79.66,1.54,2.09,0.9,93.74
20140121,0.03,5.0904,2.0885,3.0902,0.49,22.95,26.07,19.57,84.19,1.1,1.94,0.65,93.73
20140122,0.01,4.254,0.1267,3.211,0.41,23.08,26.16,20.39,84.18,0.87,1.71,0.55,93.79
20140123,0.15,5.7187,3.263,2.6935,0.55,23.65,27.45,20.17,77.83,1.1,2.04,0.65,93.76
20140124,0.45,4.6128,1.0274,3.1322,0.44,23.23,25.8,21.17,81.73,0.68,1.17,0.41,93.75
20140125,0.87,4.9702,2.2944,2.6388,0.48,23.19,26.06,20.21,78.89,0.97,1.79,0.61,93.76
20140126,1.34,4.7866,2.1559,2.6258,0.46,23.25,26.08,21.11,84.14,0.96,1.8,0.61,93.75
20140127,0.06,5.1134,2.6686,2.5154,0.49,24.2,27.84,20.86,79.17,0.81,1.36,0.53,93.7
20140128,0.13,5.711,3.1162,3.0053,0.55,23.82,27.84,20.68,81.39,1.02,1.62,0.62,93.71
20140129,2.2,4.5305,0.9938,3.1778,0.43,23.77,26.4,21.89,87.54,1.2,1.81,0.75,93.67
20140130,6.49,4.3438,1.2749,2.8958,0.42,24.1,27.78,21.29,85.91,1.01,1.53,0.64,93.68
20140131,1.24,5.1691,4.0716,2.2644,0.5,23.78,27.79,20.17,82.96,1.16,2.33,0.7,93.65
20140201,0.15,5.1691,2.9155,2.7468,0.5,23.99,27.25,20.7,81.37,1.04,1.97,0.66,93.58
20140202,0.5,5.2841,2.3957,3.1692,0.51,23.75,26.44,20.95,84.03,0.95,1.68,0.59,93.56
20140203,0.1,4.7726,0.3926,3.5453,0.46,23.94,27.52,21.45,86.32,1.49,2.36,0.91,93.55
20140204,0.0,5.3827,1.5586,3.3691,0.51,24.04,26.12,22.62,89.48,1.12,1.55,0.73,93.52
20140205,12.26,5.0722,2.0964,2.7245,0.48,23.87,26.27,22.56,91.2,1.46,2.18,0.92,93.51
20140206,3.02,6.5179,6.1666,2.0033,0.62,24.35,27.91,22.11,86.18,1.38,1.96,0.86,93.52
20140207,0.13,6.4958,5.8322,2.0578,0.62,24.29,27.73,21.19,84.77,1.39,2.31,0.87,93.43
20140208,0.01,6.397,4.6138,2.55,0.61,24.37,27.08,22.74,87.9,1.34,2.44,0.85,93.43
20140209,7.33,5.0129,1.7083,3.0461,0.48,23.75,25.13,22.65,93.12,1.63,2.36,0.98,93.45
20140210,10.11,5.1252,2.7571,2.4974,0.49,23.29,25.68,21.83,90.54,1.23,1.9,0.77,93.54
20140211,6.22,4.398,0.5371,3.0967,0.42,22.77,25.4,20.96,89.29,1.15,1.62,0.7,93.57
20140212,1.93,4.8041,1.4839,3.0482,0.46,22.97,24.98,21.42,89.17,1.94,2.81,1.22,93.67
20140213,0.1,5.8558,2.7617,3.0509,0.56,23.55,26.08,21.75,83.27,1.19,1.88,0.77,93.8
20140214,1.39,5.1437,1.0567,3.5071,0.49,23.33,26.01,21.73,84.73,0.92,1.49,0.62,93.78
20140215,0.64,4.4424,0.6077,3.0746,0.42,22.15,23.98,20.45,85.44,0.75,1.44,0.49,93.79
20140216,1.23,4.7234,1.595,2.6407,0.45,23.12,26.18,21.24,85.28,1.19,2.11,0.76,93.9
20140217,21.99,5.3942,1.6558,3.169,0.51,23.05,24.91,21.56,87.79,0.72,1.25,0.45,93.97
20140218,3.89,5.5001,1.4765,3.4001,0.52,23.57,27.28,20.83,82.64,1.11,1.74,0.68,93.9
20140219,1.6,6.2813,4.0702,2.7127,0.59,23.85,26.63,21.61,82.88,0.65,1.18,0.44,93.84
20140220,12.41,4.8478,0.785,3.4819,0.46,23.38,26.05,21.36,83.59,0.71,1.07,0.47,93.89
20140221,16.84,4.9056,0.9518,3.1474,0.46,23.44,26.94,21.17,83.42,0.8,1.26,0.5,93.91
20140222,3.55,4.4371,0.791,3.1498,0.42,22.49,25.48,21.08,86.12,1.09,1.81,0.66,93.96
20140223,3.82,5.1077,1.7227,2.8862,0.48,22.53,24.95,20.87,87.52,0.95,1.46,0.61,93.97
20140224,0.98,5.3014,2.5882,2.4756,0.5,23.12,26.42,20.63,82.73,1.38,2.35,0.88,93.99
20140225,6.44,5.3837,3.5887,2.2601,0.51,23.39,26.54,21.38,87.72,1.37,2.21,0.89,93.95
20140226,5.71,4.9522,1.1587,2.9734,0.47,22.9,25.77,20.88,87.22,0.95,1.46,0.59,93.93
20140227,2.1,5.946,3.7298,2.6086,0.56,23.48,25.78,21.79,89.6,1.85,2.18,1.13,93.88
20140228,3.73,5.5625,3.3362,2.4278,0.53,23.4,26.31,21.36,90.22,1.41,1.82,0.85,93.88
20140301,9.37,6.163,3.9106,2.4175,0.58,23.75,26.91,21.26,87.03,1.25,1.71,0.77,93.82
20140302,20.71,5.6981,2.9657,2.773,0.54,23.4,24.5,22.51,94.21,1.63,2.24,1.01,93.75
20140303,21.22,4.6217,1.0951,2.8114,0.44,23.24,24.63,22.2,92.81,1.3,1.82,0.77,93.83
20140304,10.56,5.7545,3.4997,2.4278,0.54,23.63,26.16,21.94,90.22,1.13,1.56,0.69,93.91
20140305,5.67,6.2189,4.5235,2.4283,0.59,23.51,25.63,21.98,89.51,0.99,1.52,0.61,93.84
20140306,13.83,5.9935,3.3511,2.857,0.57,23.59,26.41,21.7,87.83,1.06,1.77,0.67,93.81
20140307,1.33,6.1646,3.7234,2.8006,0.58,23.89,27.47,20.96,86.61,0.99,1.73,0.61,93.9
20140308,19.3,4.9829,0.5126,3.6086,0.47,23.6,25.26,22.24,91.51,1.07,1.99,0.72,93.84
20140309,1.31,5.5536,1.5715,3.5683,0.53,23.69,26.38,21.47,88.45,1.2,1.88,0.78,93.83
20140310,0.94,5.3249,1.9711,3.0446,0.5,23.65,26.09,21.97,89.34,1.3,2.26,0.82,93.88
20140311,1.49,4.577,0.3576,3.3394,0.43,23.43,24.98,22.11,93.46,1.93,3.38,1.18,93.86
20140312,7.48,4.6543,0.6398,3.0456,0.44,22.97,24.26,21.98,92.9,1.71,2.78,1.05,93.84
20140313,35.39,5.2946,1.9298,3.1195,0.5,23.17,24.89,21.89,91.1,0.96,1.46,0.63,93.81
20140314,11.36,5.6251,3.4534,2.3515,0.53,23.55,25.43,22.33,90.04,1.48,2.17,0.97,93.88
20140315,1.34,5.6482,2.952,2.789,0.54,24.08,27.19,22.25,87.14,1.32,1.6,0.81,93.92
20140316,8.92,6.3574,3.8676,3.0878,0.6,23.69,25.6,21.75,86.34,0.92,1.24,0.56,93.99
20140317,4.75,6.4066,5.2978,2.0729,0.61,23.68,25.79,21.99,85.63,1.08,1.64,0.69,93.98
20140318,8.18,6.1637,4.6728,2.3544,0.59,23.62,26.04,21.16,85.75,1.1,1.72,0.71,93.89
20140319,21.45,5.2423,2.0479,2.6995,0.5,23.85,26.38,21.98,87.18,0.71,1.4,0.45,93.75
20140320,39.67,5.2606,3.0497,2.4804,0.5,22.57,24.21,21.06,88.62,1.03,1.5,0.62,93.73
20140321,27.17,5.4394,3.305,2.423,0.52,23.6,26.11,21.89,88.85,1.61,2.43,1.02,93.67
20140322,3.29,4.4374,1.3404,2.7259,0.42,23.4,25.96,21.93,88.95,1.48,2.05,0.89,93.76
20140323,3.39,6.1118,4.2338,2.6011,0.59,23.62,25.76,21.97,86.9,0.98,1.5,0.6,93.84
20140324,2.88,5.2562,3.6672,2.2272,0.5,23.41,25.26,21.93,90.57,1.93,3.42,1.18,93.76
20140325,13.35,5.6302,3.7042,2.3686,0.54,23.81,26.79,21.7,88.56,1.27,1.89,0.79,93.72
20140326,4.48,5.2997,1.8053,3.0101,0.51,23.67,25.84,22.11,89.11,1.01,1.38,0.62,93.75
20140327,8.16,4.9553,1.8425,2.7127,0.48,24.25,27.23,22.48,85.91,1.26,1.76,0.78,93.69
20140328,16.78,4.6718,1.3092,2.725,0.45,22.91,25.02,20.84,90.89,1.28,1.72,0.78,93.81
20140329,0.89,6.0634,3.9732,2.4744,0.58,23.66,26.51,21.64,87.15,1.61,2.41,1.03,93.8
20140330,2.93,5.5898,3.259,2.4187,0.54,23.29,26.04,20.51,85.36,1.36,1.91,0.83,93.86
20140331,3.09,5.3962,3.1205,2.5358,0.52,24.02,27.02,21.83,86.55,1.24,2.19,0.8,93.75
20140401,19.59,5.9386,4.6675,2.209,0.58,24.1,27.01,21.8,85.47,1.12,1.44,0.72,93.68
20140402,18.2,6.2753,4.9493,2.3904,0.61,23.99,25.89,22.95,90.23,1.31,1.99,0.85,93.71
20140403,21.06,6.0881,4.3968,2.6858,0.59,23.43,25.61,21.56,87.69,1.03,1.63,0.66,93.78
20140404,12.78,5.021,1.6486,2.8982,0.49,23.36,25.02,21.67,90.4,1.1,1.68,0.69,93.75
20140405,17.14,4.9315,1.8953,2.6616,0.48,22.91,24.32,22.09,91.79,0.83,1.36,0.52,93.84
20140406,16.07,5.5846,2.7943,2.8632,0.55,23.45,26.19,21.56,88.57,1.41,2.04,0.9,93.92
20140407,57.86,4.9937,1.4904,2.9014,0.49,22.94,24.83,21.68,90.93,0.91,1.29,0.55,93.94
20140408,9.96,4.2936,0.9312,2.7883,0.42,23.28,26.07,20.83,88.19,0.79,1.34,0.5,93.86
20140409,2.03,3.6792,0.1037,2.7252,0.36,23.06,25.72,20.27,87.04,0.89,1.57,0.55,93.86
20140410,0.0,6.3017,5.3009,2.2106,0.62,23.88,27.28,21.15,83.88,1.13,1.92,0.7,93.85
20140411,6.53,5.7221,3.8558,2.6976,0.56,24.0,26.82,22.08,87.96,1.38,1.83,0.86,93.8
20140412,30.44,5.6532,3.737,2.5078,0.56,23.83,26.46,22.55,89.38,1.17,1.86,0.71,93.74
20140413,18.52,5.6561,3.2227,2.5135,0.56,23.73,25.84,22.62,88.11,1.12,1.69,0.68,93.81
20140414,4.46,5.4502,3.5573,2.3309,0.54,23.8,26.41,22.29,88.09,1.54,2.26,0.98,93.81
20140415,2.79,5.9491,4.6073,2.37,0.59,23.0,25.03,21.53,92.09,1.49,1.8,0.9,93.85
20140416,4.76,5.2044,2.4,2.8574,0.52,23.63,26.28,21.9,88.46,1.51,1.99,0.94,93.78
20140417,8.45,4.5163,0.8688,3.0161,0.45,22.79,24.18,21.37,94.0,1.7,2.82,1.04,93.79
20140418,21.28,5.3885,2.7799,2.5378,0.54,23.46,25.61,21.76,91.88,1.43,1.88,0.9,93.79
20140419,20.3,4.8737,2.183,2.4864,0.49,23.63,25.5,22.39,91.52,1.56,2.32,0.97,93.77
20140420,8.44,5.1965,1.9574,2.9693,0.52,23.57,25.17,22.07,89.76,0.84,1.58,0.56,93.76
20140421,2.66,5.1367,2.2193,2.7502,0.52,24.07,26.03,22.86,87.42,0.9,1.63,0.56,93.78
20140422,0.51,5.1305,3.4483,2.3364,0.52,24.35,26.67,22.85,87.26,0.98,1.56,0.63,93.81
20140423,9.0,4.9145,3.0211,2.2579,0.5,22.93,25.61,20.77,88.95,1.05,1.75,0.66,93.87
20140424,2.22,5.7163,4.2583,2.1163,0.58,24.1,27.4,21.58,85.58,1.35,2.05,0.85,93.73
20140425,13.6,4.7825,2.9602,2.2066,0.49,24.11,26.9,22.4,83.2,0.96,1.56,0.61,93.77
20140426,7.47,5.5414,4.0373,2.2008,0.56,23.75,26.43,21.9,89.08,1.0,1.56,0.64,93.8
20140427,3.34,5.844,5.0489,1.9514,0.6,24.35,26.61,22.67,89.8,1.51,2.99,0.95,93.75
20140428,11.37,5.1005,3.0451,2.4074,0.52,23.51,24.47,22.45,95.07,1.71,2.95,1.1,93.84
20140429,5.49,5.2685,3.4294,2.3462,0.54,24.21,27.2,21.89,86.57,1.24,1.94,0.78,93.76
20140430,15.09,4.9944,2.9491,2.3573,0.51,23.64,25.45,22.51,91.83,1.27,1.78,0.81,93.81
20140501,15.87,5.323,3.5035,2.37,0.55,23.98,26.35,22.71,89.13,0.97,1.57,0.58,93.83
20140502,13.28,5.5248,3.911,2.3726,0.57,23.92,26.13,21.9,88.43,1.21,1.57,0.75,93.9
20140503,2.37,5.8058,5.628,1.7258,0.6,24.22,27.2,22.06,84.74,1.19,1.71,0.76,93.86
20140504,0.14,5.6261,5.0981,1.8737,0.58,23.83,25.86,22.45,90.22,1.53,2.26,0.93,93.76
20140505,0.85,5.5927,5.2562,1.8408,0.58,24.49,27.65,22.65,88.56,1.44,2.34,0.89,93.82
20140506,4.09,6.223,6.5134,1.5154,0.65,24.4,27.85,21.36,85.48,1.28,1.73,0.78,93.81
20140507,4.41,3.1234,0.899,2.0897,0.33,24.2,27.23,22.14,88.37,1.23,2.11,0.76,93.75
20140508,4.3,4.6255,1.801,2.6669,0.48,24.54,27.63,22.34,85.33,1.22,1.68,0.78,93.78
20140509,0.8,5.274,3.3204,2.453,0.55,24.5,27.02,23.0,86.63,0.97,2.09,0.61,93.78
20140510,0.85,5.0774,2.9299,2.609,0.53,23.91,26.86,21.95,87.34,1.03,1.8,0.65,93.82
20140511,7.26,4.8814,3.576,2.1322,0.51,24.06,27.08,21.64,86.89,1.33,1.92,0.85,93.87
20140512,54.59,4.2005,1.1645,2.7247,0.44,23.46,26.16,21.4,87.57,1.27,1.57,0.79,93.96
20140513,10.35,2.6885,0.0576,2.0616,0.28,23.11,24.99,21.54,88.87,1.26,1.9,0.78,93.88
20140514,23.13,4.326,1.0284,2.6198,0.46,23.06,25.8,21.58,88.67,1.2,2.62,0.8,93.78
20140515,9.04,3.6329,0.6158,2.5054,0.39,22.91,25.55,20.69,92.59,1.3,1.93,0.81,93.73
20140516,7.84,5.6438,4.873,1.9462,0.6,23.15,25.08,21.81,89.75,1.55,1.86,0.95,93.82
20140517,4.5,4.5785,2.1722,2.4528,0.49,23.63,26.99,21.27,83.48,1.2,1.8,0.76,93.85
20140518,7.61,5.8577,5.0966,2.1874,0.63,23.91,27.16,21.61,84.63,1.07,1.54,0.66,93.85
20140519,48.84,5.2303,3.7459,2.4218,0.56,23.54,25.47,22.38,92.64,1.56,2.26,0.99,93.84
20140520,28.29,3.9773,1.5425,2.3621,0.43,22.39,23.93,21.3,96.08,1.89,2.89,1.17,93.84
20140521,41.69,4.9006,2.6849,2.5279,0.53,22.8,25.23,21.26,89.26,1.19,1.74,0.73,93.81
20140522,16.72,3.995,1.1448,2.4418,0.43,22.89,25.09,21.02,88.98,1.47,1.98,0.88,93.79
20140523,15.93,5.231,4.5446,1.8842,0.57,23.67,26.86,20.82,83.6,1.32,1.7,0.79,93.82
20140524,19.82,5.6011,4.6766,1.9637,0.61,23.54,26.26,21.26,87.49,1.23,1.69,0.78,93.89
20140525,3.71,5.3966,3.5686,2.5111,0.59,23.46,24.98,22.37,91.88,1.57,2.79,0.99,93.91
20140526,1.89,4.1071,0.977,2.5313,0.45,23.98,26.17,22.62,87.38,1.06,1.74,0.7,93.9
20140527,5.57,4.5103,3.0998,2.287,0.49,24.35,27.03,22.24,86.22,1.02,1.61,0.65,93.76
20140528,6.86,4.9073,1.8648,3.2182,0.54,24.05,26.57,22.09,87.11,1.03,1.76,0.64,93.78
20140529,3.57,5.0357,4.3481,1.9778,0.55,23.85,26.33,22.34,87.49,1.17,2.05,0.77,93.81
20140530,14.31,4.5221,1.9015,2.665,0.49,23.29,25.71,21.6,91.44,1.1,1.46,0.71,93.78
20140531,5.24,5.4298,4.9682,1.7122,0.6,23.65,27.04,20.74,87.9,1.49,2.26,0.93,93.71
20140601,7.5,4.5372,2.0198,2.5178,0.5,23.87,26.54,22.15,90.03,0.99,1.65,0.62,93.68
20140602,13.16,4.1419,1.6363,2.4509,0.46,23.31,25.56,21.25,90.03,1.16,1.9,0.74,93.69
20140603,24.51,4.297,2.0822,2.4233,0.47,23.53,26.17,21.55,90.16,1.25,1.88,0.77,93.63
20140604,5.96,2.7242,0.085,2.0851,0.3,22.64,24.53,21.04,92.31,1.32,2.06,0.8,93.65
20140605,3.51,4.9128,4.7184,1.6404,0.54,23.83,26.84,21.17,85.58,1.0,1.89,0.66,93.62
20140606,2.64,3.9506,0.9895,2.4247,0.44,24.14,27.01,22.31,86.64,0.85,1.46,0.56,93.59
20140607,4.59,4.4501,1.4782,2.7739,0.49,23.87,26.41,22.35,90.81,0.93,1.92,0.56,93.56
20140608,0.69,4.3126,3.066,2.016,0.48,23.41,25.82,21.4,89.82,1.14,1.81,0.67,93.56
20140609,5.84,4.6332,2.2025,2.5032,0.51,23.41,25.13,22.08,94.3,1.38,2.15,0.82,93.51
20140610,1.56,3.6029,0.912,2.537,0.4,23.61,25.33,22.32,91.92,1.04,1.94,0.64,93.51
20140611,12.62,4.3954,2.0978,2.5858,0.49,23.37,24.93,22.18,92.87,1.27,2.95,0.8,93.53
20140612,6.83,4.6558,2.5766,2.4593,0.52,23.01,24.59,21.79,86.87,0.76,1.15,0.48,93.64
20140613,5.52,4.4004,3.4774,2.0174,0.49,23.56,26.87,20.89,83.06,1.2,1.84,0.75,93.67
20140614,38.6,4.1736,2.6969,1.9786,0.46,22.34,23.24,21.06,93.69,1.18,1.77,0.71,93.8
20140615,26.56,2.7089,0.0946,2.1168,0.3,22.52,24.23,21.59,93.96,1.54,2.41,0.95,93.86
20140616,13.81,3.4339,1.2871,2.0858,0.38,22.16,23.33,21.47,93.05,1.49,2.16,0.95,93.91
20140617,8.02,4.9754,3.0559,2.431,0.55,23.39,26.14,21.44,83.4,0.98,1.58,0.61,93.9
20140618,11.86,3.4622,1.2146,2.1086,0.39,23.15,25.09,21.82,92.22,1.04,1.41,0.62,93.87
20140619,4.77,4.3934,2.6678,2.3042,0.49,23.22,25.84,21.46,90.47,1.28,1.7,0.79,93.86
20140620,4.92,4.4527,2.773,2.1986,0.5,22.66,24.77,20.71,89.31,1.43,1.91,0.91,93.97
20140621,2.57,4.3498,1.5967,2.8186,0.49,22.7,24.87,21.23,88.62,0.8,1.82,0.49,94.01
20140622,17.13,4.1974,2.581,2.0698,0.47,23.42,25.22,22.22,87.17,0.66,1.3,0.41,93.95
20140623,10.96,4.6205,1.8166,2.6422,0.52,22.21,23.92,21.04,88.06,1.03,1.88,0.63,93.98
20140624,0.36,3.697,0.9307,2.4727,0.41,23.21,25.78,21.21,85.93,1.24,1.69,0.8,93.91
20140625,0.12,5.0093,3.648,2.1766,0.56,23.01,24.2,22.01,91.24,1.14,2.01,0.71,93.92
20140626,10.35,4.2989,2.0081,2.3357,0.48,23.23,25.44,21.58,90.47,1.3,2.07,0.85,93.92
20140627,18.02,4.0714,1.2547,2.4466,0.45,22.64,24.34,21.43,92.78,1.35,1.76,0.83,93.96
20140628,7.43,4.0706,1.4186,2.5966,0.45,22.34,24.48,21.07,92.92,1.87,3.15,1.13,93.92
20140629,31.93,3.5938,1.2701,2.2726,0.4,21.79,23.43,20.56,94.82,1.37,2.37,0.87,93.96
20140630,19.36,4.781,3.5899,2.0518,0.53,22.53,25.1,20.64,90.44,1.43,2.05,0.89,93.98
20140701,50.69,3.7006,2.1756,1.985,0.41,22.58,24.96,20.95,93.11,1.68,2.43,1.06,94.04
20140702,32.67,4.4902,2.8699,2.119,0.5,22.82,25.21,21.63,91.36,1.58,2.0,0.97,93.95
20140703,3.56,4.3603,1.9541,2.6724,0.49,22.72,24.51,21.35,92.18,1.6,2.29,0.97,93.73
20140704,4.48,3.828,1.9466,2.1091,0.43,22.82,25.09,21.43,90.73,1.1,1.67,0.68,93.74
20140705,9.22,4.3099,2.7314,2.3405,0.48,23.07,26.27,20.76,88.35,1.51,2.59,0.92,93.79
20140706,1.97,5.039,4.013,2.1413,0.56,22.61,26.07,19.94,86.48,1.55,2.11,0.96,93.87
20140707,0.63,3.8453,0.9154,2.8553,0.43,22.08,24.19,20.56,90.89,0.98,1.82,0.59,93.82
20140708,13.23,4.2818,1.9286,2.4869,0.47,22.59,25.64,20.12,89.95,1.5,1.96,0.95,93.76
20140709,33.86,4.2072,3.181,1.8432,0.47,23.23,26.31,20.95,86.94,1.26,1.96,0.81,93.78
20140710,16.92,2.946,0.2249,2.2296,0.33,23.0,25.48,21.67,93.83,1.06,1.24,0.66,93.83
20140711,6.2,3.3257,0.307,2.484,0.37,22.47,23.62,21.72,95.27,1.24,2.33,0.79,93.89
20140712,14.5,4.3812,2.621,2.2154,0.48,22.99,25.61,20.92,89.23,1.02,1.61,0.65,93.9
20140713,1.69,5.0016,4.0152,1.9824,0.55,23.74,27.11,21.44,87.78,1.33,1.79,0.82,93.8
20140714,8.91,4.3502,2.065,2.4211,0.48,22.74,23.69,21.96,92.73,1.37,2.37,0.87,93.87
20140715,30.84,3.643,0.9055,2.389,0.4,22.4,23.95,21.13,93.74,1.26,2.14,0.78,93.88
20140716,7.44,4.1119,2.2711,2.3114,0.45,22.69,24.38,21.35,93.51,1.23,1.98,0.74,93.84
20140717,14.09,3.4171,0.9214,2.1835,0.37,22.82,25.16,21.24,89.93,1.13,1.88,0.71,93.86
20140718,20.13,5.3818,4.5336,1.9174,0.59,23.27,26.04,21.14,87.48,0.83,1.49,0.54,93.84
20140719,13.7,2.9119,0.323,2.113,0.32,22.94,24.83,21.55,90.36,0.98,1.71,0.6,93.82
20140720,9.33,4.1045,1.1966,2.6486,0.45,22.77,24.78,21.26,89.85,1.18,1.98,0.73,93.94
20140721,3.76,4.6202,2.5522,2.3071,0.5,22.31,23.88,21.04,91.95,1.29,3.05,0.83,93.98
20140722,0.18,5.4456,5.3794,1.6382,0.59,22.95,26.34,20.77,86.37,1.28,2.33,0.83,93.92
20140723,22.17,4.9886,5.1144,1.5612,0.54,22.3,25.69,19.56,87.48,1.42,2.66,0.93,93.85
20140724,44.51,4.4966,3.7133,1.687,0.49,22.06,24.26,20.55,91.22,1.44,1.73,0.89,93.94
20140725,0.14,4.8331,2.7787,2.4204,0.52,22.9,25.64,20.68,89.04,1.85,2.24,1.15,94.0
20140726,0.83,5.4732,4.8394,1.9068,0.59,22.81,25.35,21.17,88.88,1.81,2.62,1.11,94.07
20140727,0.65,4.8943,4.0894,2.0702,0.53,22.3,25.43,20.41,88.31,1.84,2.74,1.12,94.02
20140728,0.11,5.2027,4.7885,1.8334,0.56,22.09,25.25,20.03,87.22,1.92,2.8,1.17,93.97
20140729,0.89,5.419,4.7544,1.9207,0.58,22.54,25.61,20.22,85.62,1.28,2.14,0.83,93.93
20140730,0.72,5.0556,4.1498,2.0892,0.54,22.59,25.79,20.0,86.78,1.45,2.2,0.91,93.94
20140731,2.37,5.1242,5.0064,1.6349,0.55,23.32,26.53,20.92,87.29,1.34,2.3,0.86,93.88
20140801,8.02,4.867,3.9538,2.0419,0.52,23.45,27.03,21.2,88.15,1.54,2.6,0.96,93.81
20140802,37.63,4.7062,3.2729,2.191,0.5,22.99,25.97,20.91,89.34,1.25,2.2,0.8,93.84
20140803,10.49,4.5324,2.0695,2.4634,0.48,22.97,26.4,20.72,89.61,1.6,2.57,0.99,93.85
20140804,3.86,5.9969,5.8594,1.7357,0.64,22.99,26.63,19.97,86.6,1.43,1.88,0.89,93.91
20140805,1.06,5.4974,5.2445,1.775,0.58,22.76,26.27,20.49,84.27,1.36,2.2,0.81,93.97
20140806,0.0,5.8438,6.0406,1.6726,0.62,22.14,25.95,18.54,82.52,1.54,2.21,0.97,93.98
20140807,14.14,3.9163,1.9831,2.3818,0.41,22.56,26.24,19.36,85.05,1.6,1.95,0.97,93.91
20140808,6.84,4.3714,1.3037,2.5639,0.46,22.25,24.32,20.33,88.44,1.3,1.69,0.78,93.96
20140809,33.77,2.4629,0.3125,1.8094,0.26,22.28,24.91,20.55,89.15,1.34,2.05,0.85,94.05
20140810,5.57,3.306,0.0715,2.5351,0.35,22.44,25.13,20.8,86.32,1.32,2.23,0.83,94.03
20140811,9.68,4.6898,3.3574,2.1838,0.49,22.39,25.55,20.12,89.43,1.45,2.56,0.94,93.88
20140812,3.68,5.472,5.4742,1.5866,0.57,22.28,25.94,19.87,85.85,1.55,2.22,0.96,93.87
20140813,0.07,5.351,5.0215,1.7501,0.56,22.58,25.85,20.08,84.22,1.38,2.26,0.88,93.94
20140814,0.22,4.8528,3.5436,2.1067,0.5,22.47,25.36,20.33,86.22,1.34,1.53,0.82,94.03
20140815,0.38,3.4262,0.3158,2.436,0.35,22.36,24.93,20.88,88.79,1.75,2.79,1.09,94.01
20140816,0.19,3.6638,1.4693,2.1518,0.38,22.04,24.46,20.46,88.54,1.22,2.3,0.78,93.91
20140817,10.82,4.5461,2.8865,2.1658,0.47,22.51,25.65,20.03,86.06,1.35,2.23,0.82,93.9
20140818,8.29,5.0494,3.9101,2.0746,0.52,22.52,26.32,19.36,87.34,1.74,2.46,1.07,93.98
20140819,18.72,3.4438,0.7073,2.4886,0.35,22.49,25.58,19.67,88.79,1.5,1.93,0.91,94.01
20140820,8.56,3.7874,0.7747,2.7636,0.39,22.37,24.99,20.89,90.65,1.75,3.11,1.08,93.93
20140821,0.53,5.7871,5.0239,2.0244,0.59,22.54,26.23,19.93,87.4,1.66,3.12,1.04,93.9
20140822,0.0,5.9834,5.7394,1.7482,0.61,22.68,26.34,20.14,80.49,1.36,2.13,0.87,93.92
20140823,0.0,6.3754,6.1973,1.7112,0.65,22.15,26.06,19.04,78.7,1.32,1.84,0.85,93.96
20140824,2.03,6.1325,6.0722,1.6795,0.62,22.03,25.89,18.84,81.68,1.49,2.28,0.96,93.9
20140825,0.6,6.0048,6.0019,1.644,0.61,22.07,25.92,18.9,82.71,1.37,2.02,0.87,93.89
20140826,14.75,4.9615,3.5107,2.2579,0.5,22.51,25.73,19.99,86.18,1.17,1.98,0.77,93.84
20140827,14.15,5.5296,4.7323,1.7683,0.56,22.41,25.48,20.32,87.37,1.39,2.53,0.87,93.81
20140828,3.0,5.3107,4.6111,1.8998,0.54,22.84,26.29,20.58,84.93,1.42,3.04,0.9,93.85
20140829,0.01,6.0598,5.0556,2.1103,0.61,22.77,26.11,20.64,82.39,1.22,2.44,0.8,93.9
20140830,0.02,5.377,5.0616,1.7462,0.54,22.77,25.95,20.64,83.01,1.14,2.37,0.76,93.89
20140831,0.17,5.1223,3.2743,2.322,0.51,22.5,26.08,19.56,81.42,1.19,2.24,0.77,93.85
20140901,0.01,5.3532,4.1225,2.2207,0.54,22.76,26.23,20.06,83.35,1.47,2.52,0.95,93.9
20140902,0.0,5.2572,2.3741,2.8435,0.53,22.94,26.6,20.88,83.02,1.27,2.3,0.84,93.96
20140903,0.0,5.5534,3.9602,2.1874,0.55,22.3,25.5,20.3,83.5,1.53,2.7,1.0,93.94
20140904,1.05,5.2447,4.0034,2.0482,0.52,22.39,25.81,19.99,83.08,1.65,2.52,1.06,93.81
20140905,1.97,4.9594,2.3414,2.6064,0.49,22.49,25.95,20.52,85.0,1.52,2.99,0.97,93.81
20140906,4.08,5.657,4.212,2.185,0.56,22.78,26.21,19.92,83.41,1.63,2.49,1.04,93.87
20140907,2.93,6.6883,6.391,1.728,0.66,22.38,26.1,19.88,86.3,1.68,2.77,1.06,94.0
20140908,1.78,4.2931,1.621,2.7965,0.42,22.06,24.54,19.68,86.66,1.29,1.94,0.82,94.04
20140909,0.67,4.5751,2.37,2.4072,0.45,22.51,25.7,20.42,86.88,1.58,2.79,1.02,94.0
20140910,5.03,4.8852,3.8321,2.0988,0.48,22.59,25.99,20.31,87.14,1.49,2.7,0.95,93.94
20140911,1.38,3.8328,1.9346,2.1612,0.38,22.44,25.86,20.14,86.39,1.5,2.75,0.99,93.97
20140912,0.0,5.0954,1.9435,3.1673,0.5,22.34,25.27,19.96,83.15,1.39,2.2,0.89,94.03
20140913,0.0,7.2782,7.6224,1.3716,0.71,22.21,25.68,19.6,80.27,1.35,1.98,0.85,93.94
20140914,0.0,7.5156,7.8168,1.3673,0.74,21.72,25.48,18.75,78.5,1.54,2.01,0.98,93.84
20140915,0.0,6.6254,6.2194,1.913,0.65,22.28,26.12,19.41,78.83,1.07,2.13,0.71,93.82
20140916,0.33,6.2652,5.7086,1.7832,0.61,23.06,27.32,19.45,81.36,1.46,2.43,0.92,93.78
20140917,1.81,6.2266,5.4156,2.0424,0.61,23.35,26.82,21.1,87.19,1.49,2.92,0.93,93.86
20140918,2.98,6.3072,5.4444,2.0126,0.61,23.5,26.93,20.78,85.61,1.36,2.26,0.83,94.0
20140919,0.22,7.3241,7.4678,1.535,0.71,23.09,27.29,20.16,78.81,1.22,2.15,0.78,93.99
20140920,0.0,6.2971,5.5886,2.5826,0.61,22.51,26.15,19.46,82.46,1.41,2.41,0.91,93.93
20140921,0.0,6.5784,6.0425,1.9214,0.64,22.96,27.0,19.84,80.35,1.33,2.32,0.87,93.99
20140922,0.89,6.4104,6.0019,1.7592,0.62,23.09,26.66,20.4,83.82,1.33,2.26,0.86,94.02
20140923,0.65,5.7038,3.9161,2.3777,0.55,22.84,26.8,19.33,81.7,1.43,2.07,0.88,94.0
20140924,0.0,7.3123,7.2302,1.6015,0.71,22.76,26.69,19.89,77.0,1.07,2.09,0.72,93.98
20140925,0.0,7.5773,8.2358,1.2053,0.73,22.46,26.48,19.3,77.77,1.59,1.89,1.02,93.95
20140926,0.0,7.4508,8.075,1.2725,0.72,22.46,26.49,18.94,77.15,1.46,1.84,0.92,94.0
20140927,0.01,5.885,3.4397,2.9009,0.57,22.44,26.3,19.0,85.06,1.44,2.13,0.92,94.06
20140928,0.01,6.0014,4.812,2.2219,0.58,23.12,26.82,20.58,83.65,1.53,2.94,0.99,93.95
20140929,0.0,7.4045,7.657,1.4131,0.71,22.99,26.63,20.14,82.99,1.54,2.15,0.99,93.86
20140930,0.0,7.3099,7.6939,1.4988,0.7,23.04,26.61,19.78,77.59,1.3,2.42,0.85,93.9
20141001,0.0,6.7349,6.4063,1.7714,0.65,22.17,26.3,18.68,79.33,1.65,2.82,1.06,93.89
20141002,0.0,5.9719,4.7731,2.4396,0.57,21.61,25.59,18.6,77.77,1.99,3.2,1.24,93.9
20141003,0.0,6.4313,5.281,2.4379,0.62,21.39,25.47,17.81,78.18,1.73,2.65,1.08,93.86
20141004,0.0,7.2041,6.3346,2.101,0.69,21.65,25.83,18.03,76.2,1.56,2.22,0.98,93.86
20141005,0.0,6.9943,6.9115,1.7873,0.67,22.02,26.49,18.05,77.33,1.64,2.35,1.04,93.87
20141006,0.0,6.8851,6.4037,1.9855,0.66,21.94,26.2,17.77,80.35,1.64,2.55,1.04,93.88
20141007,0.0,6.1363,3.7037,3.5642,0.59,22.3,25.57,19.79,81.03,1.21,2.3,0.78,93.87
20141008,0.0,6.5496,5.1072,3.0482,0.63,22.54,26.72,18.81,78.37,1.34,1.72,0.88,93.87
20141009,0.0,7.47,7.7273,1.5106,0.72,22.57,26.75,18.72,76.38,1.51,2.25,0.99,93.91
20141010,0.0,6.5609,4.4225,3.2285,0.63,22.85,26.96,18.88,72.69,1.42,1.92,0.93,93.87
20141011,0.0,6.9727,5.5049,2.6798,0.67,22.71,26.47,19.6,79.12,1.31,1.8,0.83,93.87
20141012,0.06,7.0627,6.7747,1.6841,0.68,23.56,27.4,20.94,81.53,1.53,2.4,0.95,93.91
20141013,0.11,6.4078,5.4334,1.9601,0.61,23.66,28.07,20.04,81.53,1.46,2.24,0.86,93.93
20141014,1.28,5.7478,3.6722,2.5514,0.55,24.16,27.97,21.35,82.64,1.33,2.04,0.85,93.92
20141015,4.86,5.3045,1.7546,3.0744,0.51,23.95,27.52,21.72,85.31,1.3,2.48,0.84,93.88
20141016,0.32,5.7926,3.7951,2.585,0.55,23.81,27.79,20.48,82.86,1.38,2.46,0.87,93.89
20141017,4.81,6.6214,5.0964,2.267,0.63,23.4,27.45,19.84,81.35,1.18,1.77,0.75,93.84
20141018,2.69,5.2632,3.5362,2.3688,0.5,23.72,27.42,21.23,84.23,1.18,1.86,0.75,93.79
20141019,0.85,6.779,6.0588,2.0405,0.65,24.1,28.25,20.88,81.92,1.44,1.88,0.87,93.82
20141020,10.74,6.0989,4.2838,2.4986,0.58,24.39,28.01,22.03,82.52,1.44,2.36,0.9,93.9
20141021,3.58,6.301,4.9956,2.2421,0.6,23.7,27.81,20.48,78.87,1.37,1.79,0.87,94.02
20141022,26.83,5.6558,4.7462,2.099,0.54,23.28,26.78,20.1,83.27,1.51,2.03,0.95,93.91
20141023,83.73,4.8468,2.2853,2.4038,0.47,23.74,27.42,21.25,87.05,1.68,2.3,1.04,93.85
20141024,34.46,5.7238,4.2043,2.3179,0.55,23.32,25.62,21.6,88.66,1.32,2.81,0.86,93.86
20141025,0.78,6.0353,5.0114,2.1206,0.58,23.69,27.05,21.33,83.19,1.59,3.03,1.04,93.97
20141026,1.93,6.2918,5.5555,1.9478,0.6,23.58,26.91,20.96,79.82,1.47,2.33,0.93,93.93
20141027,1.14,5.3532,3.0979,2.4941,0.51,22.54,25.24,20.73,84.98,1.53,2.49,0.96,93.87
20141028,6.9,5.9938,3.9415,2.3878,0.58,23.12,26.56,20.43,80.04,0.91,1.4,0.55,93.79
20141029,18.26,4.8026,2.1103,2.6102,0.46,22.86,24.63,21.11,90.43,1.64,2.9,1.01,93.83
20141030,1.13,6.2902,5.357,1.9642,0.6,23.26,26.97,20.86,82.31,1.44,2.65,0.9,93.75
20141031,0.0,5.8226,4.4899,2.2212,0.56,23.04,26.47,20.61,81.88,1.45,2.7,0.91,93.71
20141101,4.64,6.0998,5.3623,1.9087,0.59,23.1,26.84,19.92,78.0,1.56,2.47,1.0,93.73
20141102,12.73,6.8724,6.2522,1.9248,0.66,23.25,26.76,20.86,83.85,1.52,3.01,0.98,93.8
20141103,8.19,5.6978,3.5911,2.4794,0.55,23.71,27.62,21.05,82.8,1.45,2.78,0.91,93.88
20141104,0.09,5.3628,2.7686,2.6446,0.52,24.03,27.54,21.81,84.0,1.52,1.98,0.95,93.92
20141105,0.05,5.2723,1.7438,3.7169,0.51,23.78,26.41,21.93,85.84,1.07,1.53,0.69,93.97
20141106,0.18,5.3842,2.5049,2.8027,0.52,23.79,26.15,21.42,82.27,1.17,1.86,0.74,93.89
20141107,17.72,5.293,2.9131,2.5375,0.51,23.29,25.92,21.23,87.48,1.24,2.21,0.82,93.86
20141108,4.51,5.8598,4.0704,2.461,0.57,22.97,25.62,20.68,86.7,1.03,1.36,0.64,93.93
20141109,19.87,5.7718,4.4431,2.1989,0.56,23.73,26.42,21.24,85.27,1.27,1.74,0.79,93.86
20141110,14.69,5.184,1.9171,2.9371,0.5,23.23,25.06,21.99,87.04,0.94,2.05,0.6,93.84
20141111,5.51,5.3071,2.7307,2.743,0.51,22.67,24.92,21.29,86.53,0.9,2.13,0.61,93.78
20141112,1.31,5.7653,4.1122,2.3508,0.56,23.63,26.9,21.46,81.46,1.41,2.63,0.9,93.77
20141113,0.58,5.3942,3.7474,2.2819,0.52,23.76,27.34,20.88,81.59,1.51,2.08,0.94,93.78
20141114,15.04,4.4534,1.3997,2.5361,0.43,23.75,26.4,22.04,85.37,1.23,1.94,0.79,93.78
20141115,21.6,4.9428,2.7506,2.3371,0.48,22.42,24.68,20.9,88.2,0.93,1.67,0.63,93.82
20141116,9.35,6.0955,4.4273,2.4502,0.59,23.76,27.15,21.17,81.99,1.1,2.03,0.71,93.73
20141117,1.26,5.8793,4.7438,2.4953,0.57,23.36,25.25,22.09,87.08,0.65,1.22,0.45,93.74
20141118,1.98,6.2652,5.4005,2.1847,0.61,24.03,27.14,21.91,85.17,1.4,2.48,0.87,93.79
20141119,4.83,6.0955,5.6669,1.9392,0.59,24.06,27.69,21.24,82.56,1.59,2.35,0.98,93.81
20141120,12.59,6.2364,4.7162,2.4449,0.61,24.17,27.67,20.86,80.58,1.4,1.86,0.86,93.74
20141121,18.73,6.3958,5.975,2.0026,0.62,24.66,27.9,22.82,80.66,1.25,1.86,0.79,93.75
20141122,6.33,6.3334,4.9764,2.6323,0.62,23.82,27.74,20.53,84.92,1.61,2.19,0.98,93.76
20141123,3.92,6.763,6.5858,1.9171,0.66,24.39,28.55,21.19,80.97,1.55,1.98,0.98,93.71
20141124,3.62,6.2162,5.3266,2.2102,0.61,24.26,28.2,21.05,82.75,1.33,1.92,0.82,93.7
20141125,4.22,5.6081,3.9919,2.6969,0.55,24.2,27.07,22.26,87.01,1.24,1.79,0.78,93.6
20141126,1.04,5.9933,4.3255,2.6563,0.59,24.82,27.95,23.09,82.31,1.07,2.14,0.69,93.53
20141127,1.1,5.7886,3.7284,2.9246,0.57,24.41,27.2,22.55,85.03,1.25,2.34,0.81,93.58
20141128,3.79,5.929,4.8646,2.2704,0.58,24.5,27.51,22.7,87.72,1.57,2.38,0.95,93.63
20141129,1.4,5.7307,3.8693,2.508,0.56,24.6,27.87,22.26,85.09,1.38,1.96,0.87,93.63
20141130,2.55,5.7782,4.1105,2.3458,0.57,24.05,26.07,22.46,85.77,1.07,1.97,0.7,93.55
20141201,29.98,5.5507,2.4581,2.8925,0.54,24.13,27.26,21.13,84.88,1.21,1.72,0.74,93.58
20141202,8.8,4.9855,1.3646,3.4949,0.49,24.32,27.95,22.15,85.46,1.03,2.06,0.66,93.62
20141203,21.44,3.6746,0.2993,2.6755,0.36,23.31,26.68,21.95,86.52,1.43,2.48,0.89,93.8
20141204,1.87,5.3839,1.7366,3.7351,0.53,23.18,25.8,21.68,85.84,0.84,1.51,0.54,93.89
20141205,2.86,4.9975,2.3959,2.7754,0.49,23.16,24.87,21.92,89.28,0.74,1.3,0.46,93.8
20141206,0.68,5.839,4.4594,2.3988,0.57,23.86,26.62,22.07,82.63,0.89,1.32,0.55,93.72
20141207,0.65,5.2205,3.5518,2.5646,0.51,23.82,27.58,21.54,78.63,1.1,1.83,0.67,93.68
20141208,1.6,4.9164,2.7346,2.7127,0.48,23.99,27.28,21.16,82.71,1.5,2.67,0.94,93.7
20141209,3.75,3.9802,0.4435,2.741,0.39,23.46,25.67,21.69,87.89,0.91,1.62,0.58,93.76
20141210,11.49,3.6077,0.0307,2.7542,0.35,22.58,23.65,21.35,94.42,1.4,1.88,0.84,93.74
20141211,2.34,6.0502,5.1283,2.053,0.6,23.5,26.42,21.43,86.25,0.98,1.61,0.62,93.76
20141212,8.58,5.5867,2.8704,3.1178,0.55,23.49,25.06,22.33,92.45,1.07,1.68,0.67,93.8
20141213,2.09,4.4222,0.7692,3.0185,0.44,23.7,25.7,22.42,89.09,1.36,1.74,0.85,93.84
20141214,7.11,5.4487,3.9122,2.2646,0.54,24.16,26.56,22.34,84.31,1.12,2.2,0.71,93.83
20141215,8.2,5.7108,3.3725,2.6837,0.56,24.22,26.86,22.73,85.88,1.02,1.31,0.63,93.79
20141216,2.97,5.7029,4.3697,2.3482,0.56,24.35,27.35,22.66,83.34,1.15,2.06,0.76,93.73
20141217,3.33,5.5735,3.7056,2.6119,0.55,23.51,26.27,21.87,89.15,0.99,1.67,0.61,93.71
20141218,27.0,6.1253,4.6246,2.4898,0.6,23.64,26.28,21.99,88.6,1.05,1.68,0.64,93.77
20141219,9.26,4.601,0.4766,3.3298,0.45,24.04,27.05,21.68,86.5,1.55,1.92,0.95,93.81
20141220,1.96,6.0202,4.5509,2.4792,0.59,23.9,26.11,22.27,88.27,1.32,2.01,0.83,93.7
20141221,1.15,5.22,1.7698,3.0595,0.51,23.03,25.49,21.59,89.73,1.02,1.61,0.63,93.63
20141222,10.72,5.0275,3.0686,2.3882,0.5,24.07,27.24,22.01,85.08,1.71,2.85,1.05,93.57
20141223,4.61,5.6266,4.0687,2.3945,0.55,23.83,26.79,22.14,86.91,1.41,2.2,0.9,93.62
20141224,30.58,5.6849,4.3032,2.25,0.56,23.25,24.53,22.34,94.5,1.21,2.14,0.77,93.73
20141225,17.98,4.29,1.3675,2.5447,0.42,24.52,27.74,22.5,86.44,1.43,2.33,0.87,93.64
20141226,3.3,5.4972,3.6672,2.407,0.54,24.03,25.99,22.79,91.5,1.7,1.98,1.02,93.54
20141227,4.1,5.7701,4.5216,2.2848,0.57,24.21,27.12,22.34,88.8,1.49,2.43,0.94,93.6
20141228,8.36,5.5733,4.1618,2.2766,0.55,23.89,26.74,21.8,90.09,1.39,2.33,0.88,93.63
20141229,60.17,4.6795,1.7071,3.1111,0.46,23.18,24.81,21.98,93.58,1.11,1.81,0.69,93.59
20141230,13.51,5.2267,2.9352,2.6753,0.51,23.76,27.01,22.16,90.62,1.17,1.72,0.72,93.59
20141231,5.99,4.5564,0.4159,3.3713,0.45,23.42,26.29,21.76,88.32,0.84,1.42,0.53,93.65
20150101,1.18,4.9538,2.4154,2.6892,0.49,23.85,28.03,20.66,81.9,1.25,1.83,0.77,93.64
20150102,2.09,4.8238,1.1047,3.2635,0.47,23.53,26.62,21.07,85.05,0.71,1.62,0.45,93.71
20150103,2.16,4.277,0.1512,3.2772,0.42,23.24,26.18,20.52,85.79,0.91,1.75,0.53,93.75
20150104,3.14,4.974,1.3454,3.3365,0.49,23.71,27.18,20.83,79.74,0.94,1.36,0.58,93.69
20150105,1.62,4.2084,0.2098,3.1896,0.41,23.09,25.48,21.4,86.02,0.7,1.19,0.44,93.68
20150106,1.27,5.105,2.2178,2.879,0.5,23.77,27.55,20.88,80.56,1.23,1.72,0.77,93.59
20150107,0.36,3.8203,0.0725,2.8927,0.37,23.55,27.69,20.8,80.43,1.44,2.06,0.87,93.64
20150108,0.86,4.4928,2.0954,2.5908,0.44,23.67,28.49,19.44,80.76,1.54,2.52,0.95,93.67
20150109,0.75,4.8703,0.6595,3.3886,0.48,23.64,27.47,20.17,80.48,1.6,2.54,0.96,93.7
20150110,7.58,4.4894,0.2693,3.3713,0.44,23.62,28.05,19.42,80.39,1.33,2.46,0.83,93.7
20150111,0.32,4.5425,0.2059,3.421,0.44,23.59,26.7,21.46,80.3,1.11,1.82,0.69,93.8
20150112,0.02,5.4089,2.04,3.1829,0.53,23.51,25.66,21.67,82.79,1.01,1.49,0.65,93.81
20150113,2.41,4.6999,1.193,3.0509,0.46,23.34,25.29,21.93,89.34,1.39,2.17,0.86,93.84
20150114,2.93,5.4168,2.693,3.0139,0.53,23.51,25.92,21.75,89.56,1.73,2.47,1.07,93.83
20150115,5.74,4.7786,1.8322,2.7288,0.46,23.01,24.87,22.02,90.53,1.21,2.07,0.75,93.83
20150116,6.48,4.9651,2.5963,2.5169,0.48,23.13,25.75,21.29,86.67,1.12,2.04,0.68,93.82
20150117,1.79,4.4395,0.9062,2.8668,0.43,23.37,25.81,21.81,88.25,1.06,1.91,0.67,93.8
20150118,3.11,4.4911,1.2504,2.7288,0.44,23.47,25.13,22.2,87.92,1.49,2.1,0.95,93.85
20150119,2.35,4.5636,1.2866,2.9851,0.44,22.44,24.67,20.83,89.08,1.35,2.41,0.86,93.95
20150120,3.73,5.8082,3.318,2.9304,0.56,23.25,27.12,19.89,84.61,1.66,2.08,0.98,94.02
20150121,4.91,5.7571,4.0934,2.6105,0.56,23.3,26.02,21.69,88.57,1.23,2.01,0.77,94.09
20150122,6.83,5.7348,3.415,2.6218,0.55,23.08,25.51,21.56,90.62,1.05,1.61,0.68,94.0
20150123,2.26,5.8118,4.4081,2.1581,0.56,23.59,26.82,21.28,85.77,1.52,2.21,0.93,93.88
20150124,2.24,6.1277,4.3872,2.4494,0.59,23.29,25.78,21.7,90.93,1.31,1.85,0.8,93.91
20150125,0.3,5.7919,3.2186,2.7456,0.56,23.69,26.33,21.86,87.65,1.15,2.11,0.73,93.91
20150126,14.54,5.0599,1.2972,3.1867,0.49,23.53,25.66,22.35,90.59,1.11,1.76,0.64,93.81
20150127,11.05,5.8289,5.057,2.0028,0.56,23.39,25.87,22.29,89.07,0.99,1.69,0.61,93.75
20150128,27.08,4.9454,3.173,2.1007,0.48,23.16,24.45,22.24,90.69,1.7,3.19,1.08,93.73
20150129,13.94,6.1483,3.8767,2.9966,0.59,23.91,26.98,21.48,85.5,1.4,1.86,0.87,93.72
20150130,9.07,4.8454,0.6994,3.4303,0.46,23.23,24.76,22.32,93.12,1.04,1.65,0.68,93.81
20150131,3.81,5.4706,1.9704,3.2311,0.52,22.84,24.93,21.62,93.06,1.57,2.68,0.98,93.85
20150201,2.13,4.8238,1.097,3.079,0.46,22.54,25.3,20.88,90.54,1.45,2.72,0.92,93.98
20150202,2.41,4.8458,1.0181,3.2952,0.46,23.16,26.12,20.85,86.88,1.3,2.02,0.82,93.97
20150203,13.66,5.3628,3.126,2.5795,0.51,23.4,26.36,21.02,87.26,1.49,2.26,0.96,93.97
20150204,21.95,5.2212,3.0353,2.5111,0.5,23.22,25.39,21.87,89.77,1.34,2.18,0.84,93.92
20150205,21.92,4.3954,0.6662,2.9362,0.42,22.93,25.55,21.71,89.14,1.06,1.82,0.69,93.94
20150206,25.83,5.8795,4.5444,2.2992,0.56,23.27,26.34,21.21,88.65,1.28,1.77,0.8,93.88
20150207,24.26,5.4038,2.448,2.7626,0.51,22.46,23.69,21.56,91.66,1.03,1.74,0.62,93.91
20150208,21.5,3.9005,1.5667,2.1458,0.37,22.8,24.89,21.5,90.89,1.56,2.34,0.99,93.92
20150209,8.95,5.5238,3.259,2.4814,0.53,22.63,25.19,20.41,90.48,0.9,1.32,0.58,93.94
20150210,33.47,4.8358,2.717,2.2718,0.46,23.47,26.57,21.7,89.82,1.8,2.67,1.16,93.82
20150211,23.49,4.9898,2.7372,2.3575,0.47,23.09,26.07,19.93,87.69,1.22,1.7,0.79,93.78
20150212,14.71,5.6726,3.8102,2.3837,0.54,23.45,26.62,20.79,89.15,1.47,2.16,0.9,93.71
20150213,19.74,5.4029,1.9673,2.8954,0.51,22.51,23.53,21.65,95.03,1.51,1.95,0.93,93.76
20150214,11.59,5.1818,1.4429,3.0938,0.49,22.29,24.63,21.05,89.31,1.2,1.76,0.77,93.9
20150215,1.66,5.6222,2.3986,2.9618,0.53,23.22,26.18,20.8,82.37,1.0,1.71,0.63,93.9
20150216,17.05,5.0422,3.5153,2.1341,0.48,23.61,26.49,21.77,87.6,1.08,1.7,0.72,93.78
20150217,14.31,5.2922,1.6138,3.1714,0.5,23.24,25.26,21.66,88.02,0.96,1.45,0.62,93.77
20150218,6.94,5.3705,2.4343,2.711,0.51,23.32,25.01,22.23,90.18,1.19,1.75,0.76,93.74
20150219,20.31,6.1826,3.9331,2.6186,0.58,22.8,24.47,21.79,93.09,1.39,1.7,0.85,93.79
20150220,13.74,5.2322,2.245,2.8591,0.49,22.91,25.41,21.19,88.0,1.1,1.43,0.65,93.83
20150221,3.78,4.6457,0.2174,3.444,0.44,23.66,27.52,20.62,84.74,0.89,1.33,0.52,93.82
20150222,5.43,6.5225,4.254,2.9026,0.62,23.87,27.89,20.41,85.38,1.27,2.08,0.76,93.85
20150223,9.93,5.9767,3.6559,2.5733,0.56,23.72,26.72,21.52,87.82,0.94,1.66,0.53,93.85
20150224,19.79,5.6306,3.3218,2.6407,0.53,22.81,25.28,20.76,87.86,1.54,1.88,0.95,93.88
20150225,1.61,4.903,1.3426,3.1438,0.46,23.19,25.85,21.24,85.56,1.16,1.86,0.73,93.84
20150226,6.49,5.5862,2.958,2.771,0.53,23.28,25.48,21.47,85.94,0.98,1.37,0.62,93.8
20150227,7.01,5.8049,2.9222,2.9969,0.55,23.78,26.33,22.19,86.13,0.68,1.19,0.44,93.73
20150228,3.34,5.6162,2.5925,2.9767,0.53,24.03,27.16,21.7,85.36,0.95,1.38,0.6,93.73
20150301,2.98,5.5601,2.3882,2.8543,0.53,23.48,25.86,21.5,87.32,1.05,1.48,0.7,93.77
20150302,6.33,5.2718,1.8137,3.0898,0.5,23.16,24.46,22.31,94.61,1.8,2.53,1.1,93.68
20150303,19.11,4.3584,0.5419,3.0314,0.41,22.65,24.31,21.51,90.56,0.65,1.82,0.38,93.78
20150304,2.04,5.545,2.0746,3.1819,0.52,23.35,27.24,20.52,84.82,0.97,2.15,0.64,93.75
20150305,16.27,3.8854,0.1858,2.8212,0.37,22.89,25.37,20.82,83.85,0.57,1.19,0.37,93.93
20150306,2.74,5.6131,3.1471,2.9266,0.53,23.0,26.49,20.93,81.89,0.97,1.57,0.6,93.87
20150307,0.87,5.7031,2.9074,3.1519,0.54,23.65,26.47,21.47,81.37,0.77,1.57,0.47,93.87
20150308,8.17,5.1,1.6759,3.0835,0.48,23.48,25.8,21.7,86.23,1.13,1.46,0.73,93.92
20150309,41.85,5.9506,3.6046,2.7103,0.56,23.31,25.0,22.13,90.86,1.65,3.46,1.04,93.96
20150310,4.73,6.3074,4.9822,2.4182,0.6,23.56,26.3,21.3,83.46,1.0,1.65,0.65,93.95
20150311,5.42,5.6018,2.9645,2.8236,0.53,23.19,25.24,22.0,88.68,1.39,1.69,0.87,93.99
20150312,4.72,5.6791,2.8474,3.1925,0.54,23.26,26.0,21.23,84.71,1.2,2.06,0.77,94.03
20150313,4.05,5.4509,1.817,3.2143,0.52,23.58,26.99,21.32,84.99,1.3,1.88,0.84,94.03
20150314,2.18,5.2658,1.0075,3.6125,0.5,23.74,26.79,21.19,85.28,1.36,2.01,0.84,94.06
20150315,3.46,4.8286,0.708,3.2462,0.46,23.77,26.64,21.97,86.09,1.41,1.96,0.87,94.03
20150316,4.87,5.5068,3.384,2.4473,0.52,23.11,25.74,21.85,87.7,1.22,1.95,0.75,94.0
20150317,1.7,4.9075,1.2422,2.9597,0.47,23.17,25.59,21.69,90.73,1.47,1.88,0.87,93.86
20150318,2.61,5.6278,3.6242,2.5428,0.54,23.76,26.58,22.04,90.06,1.55,2.12,0.96,93.79
20150319,6.91,4.0723,0.275,3.0307,0.39,23.43,25.62,21.97,93.74,1.69,2.62,1.02,93.81
20150320,38.97,2.9081,0.1918,2.1089,0.28,22.88,24.58,21.26,94.01,1.47,2.22,0.92,93.9
20150321,5.54,5.077,2.4468,2.6597,0.48,23.23,25.6,21.1,88.84,1.14,1.57,0.69,93.9
20150322,7.57,5.1725,2.3849,2.6645,0.49,23.0,25.54,21.68,90.23,1.38,2.3,0.87,93.92
20150323,4.78,5.2958,2.334,2.7485,0.51,22.94,25.72,21.38,90.82,1.41,1.92,0.87,93.92
20150324,12.48,6.3334,4.9807,2.2282,0.61,24.24,27.72,21.73,81.81,0.98,1.35,0.59,93.89
20150325,28.75,5.107,1.3877,3.0511,0.49,23.35,24.8,22.01,84.97,0.87,1.51,0.57,94.01
20150326,4.71,5.2296,3.2734,2.4202,0.5,23.9,26.83,21.55,82.58,1.31,1.7,0.8,94.05
20150327,2.11,6.3235,4.9284,2.3074,0.61,23.98,26.95,22.03,85.28,0.97,1.62,0.63,94.0
20150328,0.57,6.9226,6.5765,1.8936,0.67,24.24,27.36,22.31,84.25,1.15,2.16,0.74,93.9
20150329,4.37,6.683,6.3698,1.8307,0.64,24.34,27.61,21.47,85.12,1.18,1.86,0.75,93.84
20150330,4.46,6.8746,6.1534,2.1134,0.66,24.48,28.13,21.45,84.52,1.38,2.27,0.85,93.85
20150331,1.15,5.8848,4.1599,2.3532,0.57,23.75,25.49,22.57,87.94,0.89,1.69,0.59,93.85
20150401,12.49,6.1339,4.9368,2.0801,0.59,24.19,27.2,22.52,88.95,1.34,1.87,0.87,93.76
20150402,33.96,4.1172,0.7591,2.5826,0.4,22.93,24.52,21.65,91.51,1.36,2.41,0.86,93.69
20150403,14.57,4.8994,1.9978,2.7262,0.48,23.14,26.5,20.95,87.73,1.42,2.28,0.88,93.68
20150404,5.51,5.5385,2.4924,2.881,0.54,23.07,24.78,21.87,86.18,1.26,2.2,0.82,93.76
20150405,6.97,5.735,2.8092,2.8915,0.56,23.32,26.38,20.94,84.57,1.29,1.69,0.79,93.69
20150406,11.11,5.7605,3.6586,2.6645,0.56,23.77,26.65,21.66,89.18,1.26,1.72,0.79,93.68
20150407,2.31,6.5635,5.8642,1.8468,0.64,23.44,26.06,21.99,87.18,1.33,1.86,0.85,93.82
20150408,0.01,6.9742,6.8309,1.7285,0.68,23.95,27.18,21.79,79.68,1.26,1.79,0.82,93.84
20150409,1.6,6.9173,6.8988,1.8178,0.68,23.76,26.98,21.22,83.63,1.35,1.72,0.84,93.83
20150410,1.22,6.4258,6.096,1.8974,0.63,24.34,27.42,22.53,85.74,1.24,2.6,0.8,93.81
20150411,6.93,5.7905,4.3058,2.2759,0.57,23.03,24.65,21.79,91.84,1.16,2.56,0.73,93.82
20150412,32.34,4.7676,0.6103,3.3067,0.47,23.12,25.5,20.84,87.81,1.52,2.19,0.93,93.89
20150413,5.15,4.9798,1.4438,3.0883,0.49,23.56,26.65,21.78,86.8,1.33,2.09,0.82,93.96
20150414,2.55,5.5942,3.6442,2.3294,0.55,23.33,25.78,21.86,90.48,1.64,2.29,1.03,93.9
20150415,1.58,6.5602,6.1284,1.8053,0.65,23.99,27.07,21.92,85.95,1.1,1.97,0.7,93.94
20150416,5.53,5.4422,3.732,2.3203,0.54,24.16,27.07,22.29,88.11,1.6,2.44,1.01,93.97
20150417,8.37,5.7823,4.327,2.0777,0.58,23.14,25.69,21.48,87.99,0.97,1.79,0.59,93.93
20150418,1.07,6.4706,6.2794,1.6793,0.65,24.29,27.79,21.91,85.21,1.18,1.92,0.73,93.82
20150419,0.96,5.5486,4.3354,2.1694,0.56,24.02,26.06,22.56,85.17,0.73,1.15,0.5,93.87
20150420,5.91,6.1942,5.5308,1.9754,0.62,24.09,26.61,22.48,87.56,1.37,2.07,0.89,93.82
20150421,12.43,6.0209,4.4681,2.3208,0.61,23.25,24.88,22.38,89.1,1.12,2.23,0.72,93.9
20150422,0.88,6.1661,5.3021,2.131,0.62,24.36,27.86,21.91,81.35,1.12,1.98,0.74,93.79
20150423,1.47,5.5898,3.4517,2.5488,0.57,23.77,25.91,22.39,88.9,1.11,1.63,0.69,93.8
20150424,14.07,5.3854,2.8349,2.839,0.55,23.21,24.92,21.94,89.9,0.9,1.8,0.6,93.79
20150425,14.21,5.2942,2.5949,2.6246,0.54,23.48,25.77,21.87,87.48,1.18,1.77,0.78,93.81
20150426,11.19,4.2103,0.3204,3.0943,0.43,22.51,23.76,21.61,94.72,1.69,2.18,1.07,93.94
20150427,5.8,5.6282,3.5546,2.405,0.57,23.31,26.14,21.54,88.17,1.17,1.45,0.74,93.91
20150428,10.54,5.5999,4.0994,2.2591,0.57,23.44,26.24,21.67,88.5,1.29,1.71,0.8,93.9
20150429,6.79,5.0506,2.7662,2.5092,0.52,23.15,25.72,21.42,86.86,1.1,1.8,0.67,93.94
20150430,5.79,5.0158,1.3253,3.0648,0.52,23.23,25.63,21.49,87.51,1.07,1.52,0.7,93.9
20150501,2.85,5.8001,5.2697,1.7546,0.6,23.43,26.07,21.37,89.03,1.38,2.2,0.86,93.82
20150502,6.92,4.2869,1.4592,2.5625,0.44,23.04,24.48,22.19,88.99,0.96,2.08,0.6,93.91
20150503,1.87,5.2582,3.3953,2.4281,0.54,23.5,26.0,21.75,86.84,1.27,1.9,0.81,93.88
20150504,5.31,5.6376,4.3975,2.1269,0.58,23.09,24.8,21.9,92.13,1.6,2.45,0.98,93.87
20150505,33.71,2.6885,0.0192,2.053,0.28,22.52,23.99,21.7,93.64,1.47,2.56,0.88,93.85
20150506,3.87,5.4552,3.9602,2.2498,0.57,23.43,26.68,21.39,85.55,0.89,1.72,0.56,93.82
20150507,22.09,4.7851,2.5486,2.2877,0.5,22.19,23.8,19.7,94.29,1.89,3.55,1.18,93.92
20150508,2.31,6.0216,6.09,1.6236,0.63,23.14,26.89,19.66,79.93,1.3,2.27,0.81,93.85
20150509,1.06,5.3791,3.1586,2.7994,0.56,23.83,27.19,21.59,85.43,1.36,2.29,0.86,93.79
20150510,4.12,4.9723,3.702,2.022,0.52,22.98,24.67,21.84,92.83,1.36,1.99,0.84,93.88
20150511,10.02,6.0041,5.3606,2.0513,0.63,23.41,25.7,21.36,88.5,1.11,1.76,0.71,93.9
20150512,9.1,4.9015,1.9447,2.7708,0.52,22.98,24.25,21.61,93.06,1.22,1.69,0.76,93.87
20150513,16.27,4.9632,3.1457,2.3182,0.53,23.33,25.73,21.06,91.27,1.55,2.4,0.97,93.89
20150514,17.74,4.134,1.4537,2.5322,0.44,23.82,25.94,22.4,89.63,1.22,1.65,0.79,93.96
20150515,5.55,4.3867,2.7432,2.1797,0.47,23.12,25.64,21.61,89.4,1.87,2.54,1.18,93.99
20150516,3.97,4.7772,3.4198,2.1295,0.51,22.81,25.32,20.98,90.37,2.09,3.26,1.29,93.94
20150517,20.39,4.3906,3.6528,1.8614,0.47,23.36,26.51,21.17,89.6,1.49,2.46,0.97,93.87
20150518,13.0,5.015,3.7073,2.166,0.54,23.83,26.66,22.14,91.11,1.75,2.89,1.12,93.89
20150519,7.71,5.3616,4.2864,2.1442,0.57,23.86,27.13,21.77,90.44,1.5,2.44,0.94,93.95
20150520,21.8,4.9502,4.5526,1.867,0.53,23.78,27.35,21.42,86.24,1.43,2.3,0.9,94.0
20150521,6.65,5.5968,5.0071,1.9454,0.6,23.72,27.43,20.89,80.94,1.36,1.99,0.83,94.02
20150522,1.42,5.3237,4.3814,1.9186,0.57,23.77,27.0,21.41,83.81,1.23,1.75,0.78,94.0
20150523,12.89,4.0066,2.07,2.3362,0.43,22.61,24.33,21.44,91.48,1.17,1.8,0.77,93.99
20150524,0.87,6.0794,6.5741,1.5775,0.66,23.43,26.64,20.66,84.84,1.22,1.89,0.78,93.96
20150525,0.0,5.8543,6.2254,1.5398,0.64,23.81,27.13,21.66,86.28,1.24,2.41,0.78,94.01
20150526,0.0,5.9002,5.8399,1.7186,0.64,23.95,27.04,21.84,85.26,1.1,1.97,0.69,94.05
20150527,0.12,5.9201,6.72,1.3265,0.64,23.88,27.32,21.3,84.94,1.37,2.51,0.88,93.92
20150528,0.18,5.9114,6.0912,1.62,0.64,23.53,26.88,20.8,84.49,1.44,1.87,0.87,93.87
20150529,0.15,5.2282,4.3586,1.7784,0.57,23.41,25.12,22.22,93.13,1.63,2.19,1.0,93.91
20150530,5.35,5.0345,3.1524,2.2663,0.55,22.86,24.07,21.46,94.81,1.53,1.87,0.92,93.93
20150531,3.24,4.2545,2.0189,2.3954,0.47,23.72,26.7,21.42,87.89,0.9,1.4,0.56,93.78
20150601,3.41,5.599,5.4828,1.6171,0.61,24.08,26.7,22.07,89.71,1.61,2.19,1.01,93.7
20150602,10.99,5.3623,4.2821,2.2644,0.59,23.53,25.38,22.4,91.85,1.02,1.6,0.65,93.82
20150603,9.61,5.8366,5.9906,1.5929,0.64,23.03,25.8,20.46,89.64,1.36,1.85,0.84,93.87
20150604,17.03,4.0956,1.7059,2.2807,0.45,22.45,23.97,21.09,94.23,1.78,2.94,1.09,93.86
20150605,1.96,3.5578,2.7504,1.8182,0.39,23.7,27.41,20.93,84.13,1.28,1.76,0.81,93.76
20150606,1.28,3.726,0.8227,2.6645,0.41,23.87,26.82,21.47,86.9,1.31,2.23,0.78,93.75
20150607,43.68,4.6843,3.7642,2.077,0.52,23.59,26.07,21.54,89.58,1.16,1.59,0.71,93.77
20150608,16.12,2.7086,0.0982,2.0765,0.3,22.98,25.41,21.25,91.14,1.27,1.58,0.77,93.77
20150609,3.77,3.9535,2.1012,2.3868,0.44,23.45,26.7,21.23,86.98,1.27,2.25,0.81,93.81
20150610,3.52,3.486,1.0752,2.3129,0.39,23.44,26.33,21.15,86.65,1.03,1.78,0.67,93.83
20150611,11.69,3.7502,1.71,2.3306,0.42,23.36,26.0,21.64,89.49,1.52,2.72,0.98,93.83
20150612,8.47,4.037,1.6231,2.5634,0.45,23.21,26.53,20.8,89.48,1.49,2.02,0.92,93.77
20150613,4.86,4.2245,2.6441,2.106,0.47,23.15,25.67,21.47,90.66,1.31,2.47,0.84,93.73
20150614,7.56,4.1981,3.6096,1.975,0.47,23.07,25.55,21.52,89.33,1.48,2.79,0.94,93.75
20150615,1.59,5.6378,5.8291,1.5898,0.63,23.05,25.82,21.25,86.36,1.1,2.23,0.7,93.77
20150616,6.75,4.175,2.3647,2.2442,0.47,23.24,26.25,21.44,88.93,1.12,2.24,0.72,93.77
20150617,2.5,5.0489,4.6296,1.9562,0.56,23.38,26.59,21.3,86.0,1.36,2.06,0.83,93.72
20150618,2.96,4.2082,1.8917,2.5003,0.47,23.21,26.37,21.1,86.71,1.27,2.69,0.83,93.75
20150619,3.56,1.974,0.1505,1.4268,0.22,22.23,24.4,20.96,89.94,0.78,1.37,0.51,93.96
20150620,1.07,4.7261,1.4117,3.2645,0.53,22.59,25.04,20.98,87.64,1.11,1.39,0.72,93.96
20150621,0.92,3.9763,1.2953,2.3863,0.44,22.97,25.69,21.42,83.45,0.96,1.44,0.59,93.92
20150622,3.74,3.4301,0.7085,2.4396,0.38,22.59,25.08,20.61,89.34,1.41,2.19,0.9,93.93
20150623,5.79,4.243,2.8966,2.137,0.47,22.28,24.31,21.06,92.51,1.48,2.25,0.91,93.95
20150624,8.68,3.2282,0.169,2.4581,0.36,22.15,23.46,21.28,94.61,1.42,1.87,0.88,94.02
20150625,3.65,4.0178,1.3296,2.3664,0.45,22.79,25.38,21.28,91.11,1.09,1.89,0.69,94.04
20150626,1.31,4.7786,4.5454,1.5067,0.53,22.75,24.99,21.54,91.64,1.38,2.01,0.86,94.04
20150627,4.48,4.6236,4.0546,1.7218,0.52,22.95,25.74,21.57,90.98,1.56,1.99,0.96,94.11
20150628,3.64,4.5557,3.5981,1.9858,0.51,22.68,25.41,21.01,89.64,1.76,2.43,1.08,94.19
20150629,2.43,5.3573,5.0354,1.7971,0.6,22.66,25.98,20.51,88.48,1.52,2.6,0.97,94.13
20150630,1.2,5.093,5.1187,1.6349,0.57,22.21,24.6,20.48,90.62,2.14,3.66,1.32,94.1
20150701,2.74,4.8948,5.3143,1.4112,0.55,22.2,24.55,20.79,89.74,1.91,2.97,1.18,94.12
20150702,3.06,3.7642,2.9352,1.9169,0.42,21.97,24.52,20.45,85.94,1.82,3.31,1.13,94.12
20150703,0.27,5.322,5.785,1.3145,0.59,22.14,25.7,19.58,84.24,1.55,2.27,0.99,93.96
20150704,0.0,5.2298,5.3378,1.589,0.58,22.51,26.11,20.19,85.62,1.67,2.41,1.01,93.92
20150705,0.0,5.6568,6.0766,1.5031,0.63,22.47,25.6,20.17,85.78,1.79,2.46,1.09,93.93
20150706,0.0,5.6172,5.515,1.9234,0.62,22.74,26.27,20.12,83.12,1.39,2.16,0.9,93.84
20150707,0.0,5.8006,5.6899,1.7458,0.64,22.68,26.01,20.29,86.35,1.81,2.69,1.12,93.79
20150708,0.0,5.6203,5.4408,1.7366,0.62,22.71,25.77,20.28,85.56,1.53,2.52,0.95,93.83
20150709,0.0,4.626,3.7798,2.4302,0.51,23.18,26.57,20.91,85.57,1.42,2.21,0.9,93.86
20150710,0.2,4.0745,0.3166,3.097,0.45,23.35,26.6,21.02,87.6,1.63,2.17,1.02,93.93
20150711,0.46,5.1425,4.4705,1.8593,0.57,22.55,24.78,21.31,87.24,1.32,2.1,0.79,94.02
20150712,0.03,4.7069,4.1398,1.8084,0.52,23.28,26.85,20.83,84.66,1.2,2.38,0.76,93.95
20150713,0.0,5.1629,4.7203,1.8979,0.57,22.99,26.33,20.2,84.02,1.23,2.19,0.74,93.88
20150714,0.0,5.7492,5.8284,1.8091,0.63,22.64,25.83,19.99,85.66,1.53,2.08,0.94,93.82
20150715,0.0,6.449,7.0186,1.5156,0.71,22.58,26.35,19.6,81.81,1.48,2.03,0.91,93.88
20150716,2.61,4.2281,3.0161,2.071,0.46,23.08,27.08,19.43,84.38,1.45,1.82,0.91,93.89
20150717,8.88,4.0361,1.9486,2.3078,0.44,23.1,26.44,20.42,88.37,1.67,2.22,1.03,93.93
20150718,2.99,5.37,4.3138,2.2279,0.59,22.74,26.4,19.63,86.46,1.44,2.01,0.87,93.96
20150719,1.08,5.8598,5.7024,1.7326,0.64,22.69,26.28,19.91,85.39,1.51,2.12,0.91,93.91
20150720,0.0,5.6436,5.0722,2.0693,0.62,22.47,26.06,19.33,84.15,1.6,2.43,0.98,93.94
20150721,0.0,5.441,4.8307,1.9709,0.59,22.5,26.19,18.96,80.79,1.44,2.06,0.87,94.06
20150722,5.33,6.0204,5.4372,1.9886,0.65,22.8,26.66,19.38,81.39,1.27,1.79,0.8,94.1
20150723,14.44,5.843,5.7547,1.7467,0.63,22.79,26.38,20.38,86.12,1.38,1.86,0.86,94.13
20150724,14.7,6.1793,6.1498,1.7054,0.67,23.0,26.82,20.47,84.22,1.27,1.93,0.8,94.03
20150725,10.59,5.2462,4.0378,2.2236,0.57,23.16,26.87,20.75,84.9,1.22,1.88,0.78,94.03
20150726,9.29,3.9504,1.3613,2.3472,0.43,22.91,26.4,20.06,88.14,1.65,2.58,1.04,94.07
20150727,8.93,5.7324,5.3734,1.8238,0.62,22.76,25.82,20.63,86.32,1.24,2.27,0.76,94.12
20150728,6.43,5.5843,5.2625,1.7582,0.6,22.56,25.6,20.6,86.91,1.11,1.8,0.68,94.12
20150729,36.27,4.6766,3.5246,2.1286,0.5,21.78,23.81,20.44,89.94,1.18,2.17,0.75,94.06
20150730,21.56,4.3198,1.7892,2.3688,0.46,22.45,25.6,20.11,90.18,1.56,2.9,1.01,93.97
20150731,3.31,3.9874,2.0138,2.3405,0.43,22.54,25.58,20.53,87.69,1.68,2.59,1.04,93.92
20150801,0.21,3.6211,1.9939,2.0383,0.39,22.15,25.16,20.15,87.45,1.88,3.15,1.18,93.95
20150802,0.15,4.5161,3.5885,1.8905,0.48,22.13,25.02,20.28,85.79,1.79,2.98,1.12,94.04
20150803,1.34,3.5554,1.6752,1.9555,0.38,21.63,24.35,19.71,84.9,1.72,3.03,1.09,94.03
20150804,0.23,5.226,4.5835,1.8418,0.55,21.54,25.31,18.77,84.45,1.62,2.52,1.02,93.93
20150805,0.02,4.6726,2.6102,2.3606,0.49,21.71,25.08,19.48,85.9,1.99,2.85,1.22,93.92
20150806,0.0,5.8925,4.6493,2.2214,0.62,21.71,24.9,19.67,80.41,1.69,2.81,1.05,93.87
20150807,0.01,4.7261,1.9433,3.1217,0.5,21.96,25.59,19.42,81.38,1.38,2.76,0.9,93.9
20150808,0.45,4.9618,4.314,1.7208,0.52,22.7,26.16,20.35,82.87,1.45,2.36,0.93,93.87
20150809,0.23,5.3201,4.5082,2.0774,0.56,23.13,27.14,19.89,86.42,1.78,2.29,1.1,93.79
20150810,0.27,5.1446,4.3488,1.9392,0.54,23.27,27.02,20.29,84.83,1.51,2.23,0.95,93.88
20150811,0.24,4.5701,2.9537,2.1427,0.48,23.31,27.14,20.52,86.68,1.67,3.03,1.04,93.92
20150812,10.02,5.0242,3.3221,2.3714,0.52,23.69,27.51,20.79,88.66,1.5,2.11,0.95,93.89
20150813,12.51,4.627,3.204,2.1725,0.48,22.98,25.96,21.13,89.21,1.67,2.9,1.06,94.02
20150814,2.83,5.9018,5.0201,2.1034,0.61,23.07,26.94,20.57,87.88,1.24,2.23,0.78,93.99
20150815,1.36,6.4949,6.582,1.7203,0.67,21.55,25.23,18.81,83.52,1.3,1.93,0.79,94.16
20150816,0.0,7.0068,7.4618,1.5024,0.72,21.4,25.05,18.95,80.24,1.27,2.04,0.8,94.12
20150817,0.0,6.0583,5.8886,1.8638,0.63,21.61,25.5,18.28,80.79,1.02,1.99,0.68,94.06
20150818,0.0,5.3662,4.5833,1.9106,0.55,22.17,25.61,19.62,81.57,1.34,2.33,0.89,94.0
20150819,0.01,5.6532,5.0618,1.9169,0.58,22.14,25.62,19.81,82.27,1.56,2.88,1.02,94.0
20150820,0.0,6.2064,5.55,1.8883,0.64,22.43,26.42,19.89,83.74,1.47,2.36,0.94,93.96
20150821,0.0,5.7547,4.3586,2.2222,0.59,22.41,26.41,19.45,85.27,1.45,2.15,0.91,93.94
20150822,0.0,5.0561,4.4642,1.7887,0.52,22.61,26.1,19.87,85.64,1.4,2.38,0.88,94.0
20150823,3.83,5.5889,4.2415,2.1125,0.57,22.8,26.38,20.29,84.19,1.39,2.25,0.86,94.02
20150824,13.33,5.3902,2.4787,2.8678,0.55,22.78,26.51,19.82,82.94,1.2,1.66,0.78,94.06
20150825,9.44,6.1812,5.1408,2.0714,0.63,23.03,26.72,20.41,83.7,1.14,1.8,0.73,94.01
20150826,0.43,5.9426,5.2073,2.0004,0.6,23.38,27.0,20.86,84.03,0.98,1.86,0.64,93.98
20150827,0.25,5.0369,3.6958,2.117,0.51,23.29,26.68,21.01,86.19,1.35,2.74,0.89,93.94
20150828,1.0,4.135,1.7599,2.2646,0.42,22.46,24.46,20.92,86.85,1.43,2.68,0.91,93.99
20150829,0.31,6.0814,5.5536,1.903,0.61,22.64,26.66,20.11,83.42,1.56,2.43,1.01,94.05
20150830,0.0,7.1412,7.6594,1.4724,0.72,22.02,25.84,19.21,80.49,1.08,2.01,0.73,94.07
20150831,0.0,5.5956,4.387,2.1775,0.56,21.98,25.96,18.35,82.24,1.43,2.05,0.92,94.1
20150901,0.0,6.354,5.501,2.0422,0.64,22.84,26.56,20.27,80.75,1.11,2.31,0.7,94.0
20150902,0.0,5.7482,4.9913,1.9246,0.57,22.92,26.4,20.55,82.02,1.37,2.96,0.88,94.04
20150903,0.0,7.0973,7.2917,1.4791,0.71,22.71,26.32,19.74,81.76,1.25,2.18,0.82,94.15
20150904,0.0,7.0997,7.2754,1.5206,0.71,22.86,26.46,19.98,81.03,1.33,2.16,0.87,94.11
20150905,0.38,6.2657,5.4665,2.0179,0.62,22.94,26.51,20.01,84.96,1.78,2.86,1.13,94.12
20150906,0.23,5.9935,4.9308,2.1715,0.59,22.96,26.7,20.43,84.1,1.4,2.7,0.92,94.07
20150907,0.0,6.5105,6.481,1.6843,0.65,22.42,26.06,19.67,81.3,1.74,2.67,1.11,94.07
20150908,0.0,7.1266,7.0699,1.6752,0.71,21.59,25.52,18.2,76.53,1.33,2.03,0.86,94.02
20150909,0.0,7.2314,7.4342,1.4364,0.71,21.51,26.19,17.78,80.61,1.42,2.42,0.9,94.07
20150910,0.2,5.8603,5.0378,1.9284,0.58,22.07,26.01,18.34,81.73,1.44,2.41,0.91,94.14
20150911,11.85,5.298,3.5093,2.286,0.52,22.47,25.65,19.91,86.24,1.32,2.75,0.85,94.05
20150912,10.52,5.7156,4.333,2.1353,0.56,22.47,25.97,20.54,85.38,1.61,3.43,1.03,94.02
20150913,6.35,4.8833,3.2765,2.0969,0.48,22.06,25.4,19.87,82.19,1.64,2.88,1.04,94.01
20150914,0.75,4.5566,2.6532,2.047,0.45,22.18,25.8,19.53,81.48,1.58,2.33,1.0,93.93
20150915,0.0,5.1634,2.7216,2.4101,0.51,22.57,26.12,20.14,85.11,1.53,1.91,0.94,93.87
20150916,0.04,6.1786,4.8173,2.2008,0.6,23.38,27.11,21.08,85.05,1.42,2.39,0.88,93.9
20150917,0.02,6.5554,5.4154,2.0453,0.64,23.32,27.06,20.53,83.53,1.43,2.65,0.91,94.0
20150918,0.0,7.0366,6.6302,1.8869,0.69,22.92,26.58,20.26,82.6,1.12,2.11,0.73,94.04
20150919,2.28,5.5709,3.6223,2.4343,0.54,22.88,26.1,20.51,87.34,1.92,2.97,1.19,93.94
20150920,3.55,5.8003,3.906,2.4187,0.56,22.89,26.19,20.56,88.32,1.58,2.51,1.0,93.85
20150921,2.7,4.3409,2.7631,2.0287,0.42,22.68,26.06,20.06,86.73,1.62,2.24,0.99,93.9
20150922,0.01,7.4434,7.7484,1.3426,0.72,22.46,26.34,19.16,70.48,1.34,2.02,0.85,93.99
20150923,0.0,7.2665,6.9398,1.819,0.7,22.33,26.44,18.69,68.98,1.37,1.96,0.9,93.96
20150924,0.0,6.4409,4.7712,2.2433,0.62,22.14,26.16,18.32,80.83,1.46,2.74,0.98,93.94
20150925,0.0,4.1318,1.7614,2.1974,0.4,22.83,26.23,20.65,82.08,1.16,2.09,0.75,93.9
20150926,0.0,4.446,2.3921,2.3275,0.43,22.84,26.07,20.25,83.11,1.28,2.57,0.83,93.93
20150927,0.12,5.641,3.3828,2.6724,0.55,22.82,26.61,20.3,82.71,1.46,2.85,0.92,93.87
20150928,0.13,5.1473,2.7946,2.3988,0.5,22.8,26.25,19.99,81.32,1.29,2.29,0.81,93.88
20150929,0.0,6.2129,4.4642,2.4259,0.6,23.19,27.15,20.38,82.25,1.45,2.27,0.88,93.95
20150930,0.0,6.6569,5.6491,2.3758,0.64,22.81,27.11,19.75,77.09,1.55,2.13,0.94,94.1
20151001,0.72,6.462,4.7918,2.7108,0.62,22.66,27.29,18.99,76.14,1.45,1.89,0.91,94.16
20151002,1.89,6.9137,6.0358,2.0434,0.67,22.74,27.2,19.47,80.1,1.22,1.92,0.77,94.18
20151003,1.33,6.559,5.3465,2.2742,0.63,22.89,27.25,19.49,82.39,1.56,2.26,0.97,94.21
20151004,0.0,6.359,4.6771,2.3827,0.61,23.82,27.98,20.74,82.09,1.34,1.9,0.84,94.12
20151005,4.67,5.9417,4.0325,2.4509,0.57,23.41,26.91,20.91,85.5,1.72,2.8,1.08,94.06
20151006,1.73,6.1094,4.319,2.4653,0.59,23.07,26.94,20.09,81.07,1.44,2.46,0.91,94.03
20151007,0.03,6.5405,5.4979,2.2798,0.63,23.54,27.54,20.44,80.17,1.3,2.3,0.83,94.03
20151008,6.75,6.012,4.0202,2.5922,0.58,23.17,26.66,21.09,85.25,1.44,2.0,0.92,94.02
20151009,20.81,5.4626,3.641,2.322,0.52,23.18,26.89,20.23,83.9,1.27,2.13,0.8,94.01
20151010,11.7,6.0905,4.0339,2.5541,0.58,23.64,27.85,20.53,85.54,1.31,1.95,0.8,94.04
20151011,0.62,6.1786,4.6279,2.2884,0.59,23.71,27.5,20.8,83.12,1.27,2.31,0.83,94.09
20151012,0.0,6.8626,5.4139,2.423,0.66,23.5,27.22,20.65,81.65,1.44,2.08,0.93,94.13
20151013,0.0,6.2928,4.9073,2.2754,0.6,23.04,26.78,20.21,81.58,1.59,3.05,1.03,94.08
20151014,0.99,5.7403,4.1234,2.3066,0.55,22.73,26.64,19.81,83.4,1.71,2.87,1.06,94.01
20151015,0.52,5.5742,3.0595,2.7084,0.53,23.09,27.29,20.03,84.23,1.83,2.95,1.13,93.91
20151016,0.0,5.9143,4.056,2.4139,0.57,23.3,27.09,20.41,81.83,1.77,2.7,1.1,93.92
20151017,0.0,5.7298,3.4404,2.5327,0.55,22.6,27.05,19.02,73.98,1.69,2.4,1.04,94.0
20151018,0.0,7.2473,6.3924,2.1674,0.69,22.47,27.58,18.51,75.05,1.47,1.91,0.95,94.06
20151019,0.0,7.4347,6.8508,2.0134,0.71,22.81,27.4,18.55,76.31,1.34,2.0,0.87,93.99
20151020,0.0,6.533,4.9723,2.377,0.63,23.77,28.07,20.4,78.09,1.12,2.02,0.73,93.9
20151021,0.0,5.2783,2.8469,2.6921,0.51,24.25,28.11,21.63,82.12,1.54,2.26,0.95,93.9
20151022,0.0,5.634,3.0386,2.8063,0.54,24.02,27.94,21.5,77.43,1.26,2.22,0.78,93.97
20151023,0.0,6.0718,4.0452,2.5248,0.58,23.62,28.18,19.93,76.22,1.04,1.86,0.68,93.97
20151024,0.0,6.2419,4.3745,2.6446,0.6,23.61,28.58,19.61,73.09,1.4,1.79,0.86,93.94
20151025,0.22,4.6308,2.5901,2.1418,0.44,24.0,28.74,19.54,76.95,1.35,1.76,0.8,93.95
20151026,5.74,5.7725,3.4219,2.6347,0.55,24.16,28.79,20.06,80.79,1.67,2.03,0.96,93.9
20151027,5.19,5.111,2.5068,2.7031,0.49,24.15,28.03,20.84,80.13,1.34,1.75,0.8,93.88
20151028,15.7,4.8432,1.525,2.8366,0.46,24.4,27.98,21.36,82.35,1.29,1.82,0.78,93.9
20151029,6.32,4.7414,1.8494,2.5682,0.46,24.46,27.89,21.74,80.65,1.07,1.87,0.67,93.91
20151030,29.02,4.8535,0.9648,3.0965,0.47,24.15,27.46,21.85,85.81,0.97,1.72,0.63,93.87
20151031,32.22,6.0598,4.1782,2.5404,0.58,24.24,27.83,21.83,85.81,1.3,1.88,0.81,93.85
20151101,30.09,5.8121,4.1198,2.2654,0.56,23.55,27.38,20.94,86.39,1.24,1.99,0.77,93.85
20151102,0.48,4.5547,1.6351,2.6225,0.44,23.65,27.21,21.1,83.18,1.38,2.5,0.85,93.87
20151103,1.63,6.3682,4.8521,2.405,0.61,24.05,27.49,21.48,82.54,1.44,2.29,0.92,93.82
20151104,48.54,5.4989,3.9588,2.4828,0.53,23.57,26.07,22.03,86.58,1.31,2.13,0.82,93.78
20151105,19.14,5.4871,3.1116,2.5303,0.53,23.86,27.23,21.4,83.43,1.25,2.11,0.81,93.8
20151106,11.54,5.0762,2.0453,2.7607,0.49,23.41,25.83,21.13,89.22,1.19,2.08,0.75,93.79
20151107,7.34,6.061,4.62,2.4754,0.58,24.12,26.85,22.32,86.48,1.08,2.41,0.69,93.85
20151108,2.3,6.0598,4.4962,2.4252,0.59,24.29,26.51,22.45,84.7,1.24,2.22,0.78,93.86
20151109,0.2,5.281,2.6695,2.5999,0.51,23.62,25.29,22.12,88.13,1.09,1.94,0.68,93.79
20151110,4.81,5.7026,3.8669,2.4478,0.55,23.84,26.9,21.5,84.69,1.14,1.85,0.71,93.72
20151111,3.62,5.7338,3.3283,2.9234,0.55,23.63,26.96,21.62,86.55,1.22,1.73,0.74,93.78
20151112,4.41,5.9122,4.201,2.514,0.57,24.23,27.91,21.45,82.64,1.17,1.89,0.74,93.92
20151113,1.45,6.1032,4.3968,2.5829,0.59,24.31,27.86,21.17,79.82,1.36,1.94,0.82,93.89
20151114,0.26,6.4198,5.2913,2.2874,0.62,24.42,27.53,21.96,81.76,1.25,1.9,0.78,93.78
20151115,1.46,5.3434,2.388,2.7854,0.52,23.47,26.24,21.58,82.26,0.92,1.47,0.58,93.79
20151116,0.98,5.9719,3.7214,3.2083,0.58,24.45,28.66,21.32,81.96,1.36,2.1,0.85,93.71
20151117,22.37,6.0574,5.1166,2.0938,0.59,24.53,27.33,22.79,83.18,0.94,1.55,0.64,93.78
20151118,31.82,5.3402,2.1221,3.3713,0.52,23.44,25.74,21.63,88.47,0.96,1.63,0.62,93.83
20151119,4.35,5.5126,4.0786,2.2483,0.54,24.19,26.92,21.95,83.84,0.98,1.84,0.64,93.81
20151120,0.08,6.9223,6.2897,2.1305,0.67,24.26,27.64,21.73,84.08,1.38,2.1,0.88,93.72
20151121,0.04,6.059,5.1818,2.0378,0.59,24.3,28.43,20.57,81.74,1.37,2.06,0.85,93.67
20151122,0.31,5.6863,3.7402,2.4293,0.55,24.69,27.9,22.28,83.89,1.73,2.32,1.07,93.67
20151123,0.8,5.8126,4.9637,2.2606,0.57,24.47,27.77,22.29,82.36,1.56,2.42,0.96,93.67
20151124,7.13,6.0492,4.8869,2.1977,0.59,24.37,27.89,20.88,82.96,1.3,1.73,0.83,93.67
20151125,10.46,5.4617,2.7173,2.7247,0.53,24.45,27.4,22.32,84.05,1.1,2.24,0.71,93.66
20151126,2.05,5.2711,2.8531,2.615,0.52,23.93,26.3,22.08,85.42,1.23,1.98,0.79,93.74
20151127,3.3,5.4902,3.3617,2.5658,0.54,24.49,28.17,21.57,81.99,1.41,1.97,0.88,93.76
20151128,1.88,5.8253,4.7654,2.197,0.57,24.89,28.61,21.52,79.71,1.33,1.77,0.83,93.86
20151129,1.01,6.1174,5.1346,2.2966,0.6,25.23,28.42,22.86,81.57,1.24,2.28,0.81,93.9
20151130,1.78,6.1903,5.4756,2.1228,0.61,25.03,28.3,22.25,80.59,1.02,1.36,0.65,93.83
20151201,0.3,6.0977,4.819,2.3141,0.6,25.53,28.69,22.99,79.65,0.88,1.49,0.6,93.77
20151202,13.24,5.5766,3.527,2.5373,0.55,24.32,26.25,22.94,87.65,0.99,1.65,0.63,93.85
20151203,22.78,6.0814,4.824,2.2231,0.6,24.26,26.67,22.5,86.45,1.18,1.66,0.76,93.9
20151204,2.32,5.4346,3.6665,2.496,0.53,24.48,27.16,22.18,82.87,1.14,1.5,0.71,93.85
20151205,1.57,5.3988,3.3614,2.443,0.53,24.77,28.06,22.15,82.06,1.29,2.25,0.81,93.79
20151206,2.9,4.9961,2.0726,2.8255,0.49,23.79,25.1,22.53,93.17,1.65,2.43,1.01,93.84
20151207,1.41,5.8661,4.9682,2.0808,0.58,24.64,27.32,22.8,87.13,1.46,1.97,0.9,93.87
20151208,4.8,5.1516,3.5206,2.2486,0.51,24.78,28.06,22.51,85.16,1.33,2.18,0.84,93.88
20151209,3.01,6.1034,5.6902,1.9301,0.6,24.85,27.91,22.89,85.86,1.12,1.94,0.74,93.87
20151210,0.53,5.8474,5.0609,2.2879,0.58,25.13,28.73,22.44,80.94,1.23,2.14,0.79,93.83
20151211,7.42,5.7029,4.434,2.2752,0.56,24.94,28.3,22.44,83.1,1.22,2.31,0.78,93.73
20151212,12.84,5.0407,2.4646,2.6822,0.5,24.21,26.03,23.02,89.91,1.85,2.84,1.14,93.71
20151213,2.12,5.3911,2.7986,2.725,0.53,24.41,26.53,23.14,88.36,1.57,1.97,0.98,93.72
20151214,1.94,4.5475,1.0399,2.8694,0.45,24.12,25.97,22.7,87.52,1.36,2.31,0.87,93.69
20151215,6.83,4.1722,1.217,2.4103,0.41,23.29,24.8,22.17,87.67,0.56,1.02,0.35,93.73
20151216,23.89,5.8255,3.9336,2.5229,0.57,23.31,25.96,21.22,87.73,1.14,1.76,0.69,93.74
20151217,66.21,4.3877,1.1875,2.7852,0.43,23.43,25.89,22.21,89.43,0.91,1.61,0.55,93.71
20151218,2.83,4.5967,0.4123,3.367,0.45,23.6,26.57,21.43,83.78,0.77,1.77,0.45,93.76
20151219,3.86,5.2942,4.1539,2.0287,0.52,24.05,27.71,21.44,81.14,0.86,1.92,0.54,93.8
20151220,6.26,3.8179,0.233,2.8603,0.38,23.18,26.46,21.13,84.78,0.76,1.88,0.49,93.88
20151221,2.42,5.3453,2.6851,2.8594,0.53,23.67,27.03,20.48,81.87,1.25,1.71,0.76,93.97
20151222,1.92,6.1301,4.4431,2.6474,0.6,24.45,27.73,21.77,83.83,1.02,1.66,0.63,94.04
20151223,11.86,5.9376,4.9195,2.1365,0.58,24.21,26.39,22.5,86.36,0.97,1.66,0.6,93.96
20151224,15.64,5.3506,2.5714,2.8152,0.53,23.94,25.91,22.59,88.16,1.23,1.81,0.74,93.9
20151225,36.36,5.0834,2.844,2.6923,0.5,23.56,26.24,21.73,87.71,1.29,1.79,0.81,93.91
20151226,6.57,5.4907,3.3905,2.4698,0.54,23.76,26.52,22.04,87.83,1.1,1.54,0.72,93.92
20151227,8.57,5.2951,2.8183,2.8721,0.52,23.82,25.88,22.54,89.78,1.1,1.37,0.71,94.0
20151228,26.58,5.0062,1.5458,3.2136,0.49,23.82,25.9,22.08,89.46,1.16,1.4,0.71,94.07
20151229,8.57,5.2817,2.6326,2.9645,0.52,23.93,26.35,22.42,88.62,1.07,1.83,0.67,94.01
20151230,12.43,5.3304,3.3996,2.4926,0.52,23.17,24.51,22.41,93.2,0.9,1.35,0.57,93.93
20151231,11.49,5.825,4.446,2.4089,0.57,24.27,27.28,21.84,86.28,1.28,2.18,0.84,93.92
20160101,41.39,5.2027,4.0282,2.0904,0.51,23.95,26.56,22.37,88.26,1.31,1.99,0.82,94.03
20160102,0.98,4.5559,2.0669,2.4103,0.45,23.73,26.41,22.11,89.63,1.18,2.18,0.76,93.98
20160103,1.76,3.7591,0.7546,2.4055,0.37,22.66,24.33,21.49,92.97,1.52,1.94,0.92,94.09
20160104,5.62,5.0294,2.7566,2.5877,0.49,24.17,27.05,21.7,84.11,1.28,2.07,0.81,94.14
20160105,0.82,5.3417,3.7421,2.3539,0.52,24.03,26.35,22.51,85.04,1.12,1.98,0.72,94.08
20160106,0.11,6.8126,6.991,1.7782,0.67,24.74,28.44,21.95,77.72,1.29,1.97,0.85,94.07
20160107,0.0,7.0044,6.9017,1.9584,0.69,24.91,28.94,21.83,78.17,1.25,2.16,0.81,94.08
20160108,0.0,6.7219,6.3391,2.0218,0.66,25.07,28.76,22.28,78.98,1.31,2.08,0.84,94.0
20160109,0.23,5.647,4.4479,2.3652,0.55,24.8,28.39,21.75,79.56,1.33,1.78,0.82,93.97
20160110,0.12,6.8045,6.7284,1.7868,0.66,24.59,28.25,21.57,79.97,1.36,2.08,0.85,93.97
20160111,0.42,6.7932,6.7901,1.7863,0.66,24.89,28.75,21.92,80.1,1.24,1.82,0.78,93.94
20160112,0.13,5.9861,5.3201,2.1739,0.58,24.12,26.69,22.29,86.87,1.54,2.62,0.96,93.94
20160113,1.78,6.3818,5.8094,1.9954,0.62,24.73,28.75,20.86,73.67,1.19,1.68,0.73,93.92
20160114,1.56,6.3326,5.5805,2.3179,0.62,25.48,29.14,22.93,77.96,0.91,1.79,0.59,93.82
20160115,24.09,6.2136,5.1473,2.257,0.6,25.23,28.71,22.42,80.37,1.08,2.0,0.7,93.72
20160116,11.51,5.9498,4.403,2.3837,0.58,24.01,25.36,22.95,91.97,1.07,1.6,0.68,93.68
20160117,9.06,5.6388,3.7121,2.5039,0.55,23.55,24.42,22.76,92.08,1.07,1.99,0.71,93.72
20160118,15.06,6.1315,5.1989,2.19,0.59,24.59,27.45,22.86,87.19,1.33,1.92,0.88,93.67
20160119,27.4,5.7638,3.1042,3.2239,0.56,24.26,27.14,22.2,88.49,1.35,2.04,0.85,93.79
20160120,27.05,4.4861,1.1369,2.8373,0.43,23.99,25.88,22.91,89.82,1.65,2.41,1.01,93.89
20160121,12.07,5.4456,3.8146,2.3554,0.53,24.26,27.05,21.71,84.65,1.23,1.91,0.79,93.85
20160122,26.36,2.3234,0.2966,1.6579,0.22,22.82,24.17,21.74,90.3,1.23,2.03,0.77,93.94
20160123,32.75,5.6683,2.9102,2.9738,0.55,23.29,26.29,21.24,86.25,1.27,1.7,0.79,93.98
20160124,10.13,4.7798,1.9087,2.6213,0.46,23.52,26.58,21.49,86.94,1.5,2.61,0.92,94.02
20160125,1.49,4.6138,1.3135,2.8409,0.44,23.11,26.27,21.24,84.09,0.98,1.95,0.66,94.07
20160126,15.16,4.7453,2.1533,2.7324,0.46,23.65,27.08,20.71,83.84,1.5,2.26,0.92,94.01
20160127,1.27,4.8012,0.469,3.545,0.46,23.98,27.14,21.47,85.74,1.34,1.86,0.81,93.94
20160128,0.0,7.0044,6.9936,1.8394,0.67,24.71,28.23,21.18,82.55,1.4,1.8,0.88,93.89
20160129,4.14,6.0907,4.9915,2.2603,0.59,25.33,29.01,22.82,84.79,1.53,2.21,0.96,93.8
20160130,4.43,6.3422,4.5295,2.5238,0.61,25.01,27.38,23.59,89.71,1.51,1.89,0.95,93.79
20160131,9.83,6.1078,3.9977,2.5589,0.59,24.61,26.74,23.14,90.51,1.09,1.62,0.7,93.72
20160201,33.01,5.773,3.689,2.5702,0.55,24.33,26.33,22.73,92.89,1.92,2.66,1.16,93.69
20160202,9.11,5.4499,3.8429,2.1852,0.52,24.35,27.2,22.77,88.3,1.48,2.3,0.95,93.77
20160203,4.04,5.2481,2.3458,2.7149,0.5,23.82,25.98,22.47,86.42,0.96,1.98,0.63,93.8
20160204,31.41,5.3856,3.3506,2.5685,0.51,23.68,25.99,22.14,89.06,1.26,2.29,0.78,93.82
20160205,16.63,6.0271,4.0478,2.5961,0.58,24.37,27.62,22.39,86.0,1.25,1.96,0.81,93.73
20160206,20.69,4.8552,2.3515,2.4374,0.46,24.08,26.17,22.69,92.11,1.39,1.87,0.85,93.71
20160207,9.62,4.7647,1.3346,2.5654,0.45,24.34,26.52,22.86,90.4,1.4,1.81,0.9,93.74
20160208,3.19,4.5394,0.5909,3.0552,0.43,24.76,28.03,22.7,87.34,1.34,2.06,0.83,93.75
20160209,2.31,5.2673,1.3152,3.3276,0.5,24.71,27.95,22.48,87.75,1.49,2.48,0.97,93.76
20160210,3.67,5.3059,2.7276,2.5668,0.5,24.64,28.54,22.4,87.33,1.5,2.39,0.92,93.71
20160211,27.22,5.2692,1.963,2.9484,0.5,23.95,26.19,22.86,92.58,1.09,1.7,0.66,93.79
20160212,5.82,5.3892,1.6512,3.5402,0.51,24.0,26.61,22.2,87.9,1.06,1.64,0.69,93.9
20160213,0.58,5.2387,1.806,3.1548,0.5,24.26,27.44,22.04,88.18,1.36,2.01,0.91,93.92
20160214,0.03,5.8675,4.489,2.1012,0.56,24.05,26.47,22.59,88.0,1.54,2.14,0.97,93.91
20160215,0.83,5.8253,4.1712,2.454,0.55,24.2,26.89,21.82,87.16,1.5,2.31,0.92,93.92
20160216,2.44,4.7441,0.7397,3.4231,0.45,23.67,25.17,22.83,91.39,1.45,2.66,0.91,94.01
20160217,11.53,4.9517,2.4989,2.4785,0.47,23.51,25.55,22.14,89.49,1.19,2.49,0.75,94.01
20160218,9.12,6.0482,4.6073,2.2901,0.57,24.28,27.52,21.25,78.02,1.3,1.86,0.83,93.93
20160219,23.64,5.3184,3.5215,2.485,0.5,24.31,27.67,22.48,88.42,1.48,2.12,0.92,93.89
20160220,7.38,5.9237,4.0102,2.6662,0.56,23.99,27.56,21.67,88.04,1.44,2.6,0.92,93.97
20160221,1.78,4.9932,1.7986,2.8596,0.47,23.72,26.87,21.53,87.31,1.06,1.88,0.65,93.99
20160222,4.18,4.8161,1.4237,2.6647,0.46,23.37,25.13,22.41,91.36,0.97,1.65,0.62,94.03
20160223,21.49,5.8553,3.2736,2.7463,0.55,23.63,26.2,21.94,89.81,1.06,1.53,0.63,93.98
20160224,34.98,5.5548,3.1382,2.6978,0.52,23.36,25.55,21.82,89.16,1.22,1.91,0.78,93.95
20160225,28.78,5.3515,2.419,2.8814,0.51,23.92,27.27,21.26,86.68,1.88,2.32,1.16,93.97
20160226,6.65,6.187,4.5374,2.3395,0.58,23.64,25.74,22.52,91.09,1.53,1.92,0.95,94.01
20160227,6.82,6.3991,4.8677,2.4818,0.6,24.68,27.91,22.28,85.61,1.21,1.77,0.76,93.93
20160228,20.2,5.5291,3.6007,2.3246,0.52,24.07,25.88,22.69,92.89,1.63,2.52,1.01,93.97
20160229,22.88,5.1394,1.9039,2.8087,0.49,23.96,25.48,22.73,93.79,1.36,1.82,0.87,94.0
20160301,46.05,5.3563,2.8253,2.6078,0.51,23.59,25.31,21.9,92.15,1.45,2.32,0.96,93.93
20160302,30.82,6.1234,4.4477,2.4022,0.58,23.2,24.95,21.96,90.73,1.18,2.04,0.78,94.01
20160303,0.65,6.1582,4.7191,2.293,0.58,24.48,27.71,22.19,84.88,1.3,2.49,0.83,94.0
20160304,6.16,6.3497,4.9421,2.37,0.6,23.82,25.46,22.59,90.72,1.14,1.55,0.69,93.92
20160305,2.56,5.9645,3.3096,2.8315,0.56,24.5,27.26,22.99,86.44,1.19,2.01,0.77,93.86
20160306,4.2,5.7134,3.1819,2.5363,0.54,23.85,25.06,22.77,92.92,1.67,2.95,1.01,93.92
20160307,1.98,5.7408,3.203,2.7089,0.54,24.51,27.81,21.79,86.9,1.25,1.6,0.78,93.86
20160308,0.6,5.4238,2.5392,2.8078,0.51,24.87,27.16,22.8,88.8,1.77,3.09,1.12,93.77
20160309,0.2,5.6645,3.0211,2.7847,0.54,25.08,28.09,23.02,88.09,1.58,2.49,0.97,93.79
20160310,3.67,5.8164,3.8215,2.532,0.55,24.43,26.13,22.93,91.02,1.09,1.44,0.66,93.91
20160311,4.11,5.5022,2.7005,2.7173,0.52,24.42,25.95,23.18,88.37,0.85,1.34,0.54,93.91
20160312,5.12,5.5685,3.6674,2.2001,0.53,24.42,26.64,23.22,88.54,0.9,1.68,0.59,93.85
20160313,1.39,5.7739,3.007,2.8486,0.55,23.92,26.07,22.38,88.55,1.2,1.54,0.76,93.94
20160314,0.41,5.1893,3.2998,2.1744,0.49,24.5,27.41,22.41,86.48,0.88,1.35,0.54,93.91
20160315,5.88,4.3073,0.9194,2.6254,0.41,24.08,26.09,23.0,91.06,1.0,1.45,0.62,93.81
20160316,3.84,6.2436,4.4681,2.4444,0.59,24.33,26.83,22.27,87.97,0.72,1.55,0.47,93.83
20160317,7.22,5.2106,1.6066,3.0566,0.5,24.26,26.15,23.1,90.11,1.02,1.46,0.62,93.86
20160318,2.87,4.7909,0.5386,3.3511,0.46,24.69,27.49,22.83,87.98,1.06,1.55,0.68,93.83
20160319,12.08,5.2601,1.3788,3.3209,0.5,24.35,25.89,23.23,92.62,1.26,1.81,0.76,93.84
20160320,11.91,4.5785,0.6324,3.2071,0.44,24.42,27.29,22.94,88.32,1.05,2.33,0.63,93.83
20160321,6.35,5.9131,3.8712,2.5426,0.57,24.71,27.74,22.47,88.37,1.2,1.93,0.74,93.77
20160322,7.41,4.979,2.1398,2.5987,0.48,24.49,25.91,23.31,88.92,1.27,2.29,0.77,93.71
20160323,11.29,5.1218,2.6717,2.533,0.49,24.1,25.74,22.32,91.83,1.44,2.44,0.91,93.82
20160324,12.62,5.4055,2.3525,2.797,0.52,23.3,24.18,22.36,91.01,1.01,2.04,0.58,94.06
20160325,0.88,5.9714,3.8539,2.5682,0.57,24.51,27.56,22.4,82.55,1.24,2.17,0.8,94.07
20160326,5.49,5.7859,4.2058,2.3059,0.56,23.9,26.53,22.1,88.1,0.89,1.43,0.58,94.1
20160327,14.32,5.7943,3.4183,2.6683,0.56,23.3,25.0,22.18,87.08,0.96,1.32,0.62,94.11
20160328,12.78,5.7442,3.6828,2.4948,0.55,23.83,25.98,22.17,88.88,1.04,2.38,0.63,94.07
20160329,5.87,5.005,2.8214,2.3995,0.48,23.72,25.99,22.34,88.52,0.67,1.59,0.4,94.07
20160330,26.97,5.49,3.235,2.4223,0.53,22.74,24.17,21.69,92.26,0.88,1.64,0.56,94.06
20160331,52.64,5.4672,3.0065,2.6412,0.53,22.99,24.2,21.92,92.74,1.13,1.84,0.7,93.96
20160401,30.74,5.4202,2.4166,2.7502,0.53,22.76,24.14,21.96,93.59,1.38,2.11,0.86,93.97
20160402,4.97,5.8798,4.4525,2.2171,0.57,24.47,27.68,21.73,81.58,1.33,1.95,0.83,93.92
20160403,3.29,5.8644,4.2814,2.231,0.57,24.48,27.25,22.84,85.89,1.03,2.31,0.69,93.95
20160404,12.9,6.2081,5.3407,2.0328,0.61,23.75,26.35,22.42,89.98,0.97,1.65,0.59,93.93
20160405,3.49,5.689,3.6965,2.5404,0.56,24.35,28.06,21.59,85.57,1.06,1.66,0.65,93.87
20160406,1.49,5.6287,3.5162,2.5476,0.55,24.42,26.95,22.51,85.09,1.29,2.0,0.79,93.9
20160407,2.99,5.4437,3.3204,2.4206,0.53,24.67,27.46,22.7,88.83,1.72,2.38,1.08,93.9
20160408,23.55,5.6563,3.9439,2.3906,0.56,24.56,27.91,22.68,89.26,1.13,2.05,0.69,93.84
20160409,47.83,4.6075,1.9402,2.5042,0.45,23.69,25.91,22.29,91.87,1.18,1.93,0.75,93.87
20160410,16.25,4.1743,0.9694,2.736,0.41,23.11,24.69,22.05,91.91,1.05,1.92,0.65,93.92
20160411,1.55,4.9985,1.6049,2.9462,0.49,23.61,25.49,21.89,90.89,1.2,1.83,0.74,93.93
20160412,0.21,5.4871,2.4883,2.9189,0.54,24.63,27.13,22.74,87.94,1.21,1.74,0.75,93.81
20160413,0.62,5.8075,4.4688,2.089,0.58,24.19,26.29,22.72,88.59,1.2,1.9,0.77,93.8
20160414,8.2,4.2713,2.1528,2.0357,0.42,24.23,26.98,22.02,85.61,1.01,1.59,0.61,93.84
20160415,5.37,5.9014,4.3224,2.1986,0.59,23.95,26.68,22.04,87.74,0.65,0.97,0.44,93.95
20160416,16.78,5.0177,2.4185,2.603,0.5,23.76,25.68,22.6,91.02,1.13,1.83,0.75,93.91
20160417,2.47,3.9878,1.0795,2.5322,0.4,23.38,25.0,22.12,91.32,1.47,2.04,0.91,93.95
20160418,10.67,5.8675,4.8185,2.0086,0.59,24.68,27.72,22.68,85.5,1.56,2.5,1.0,93.84
20160419,10.95,4.0788,0.8911,2.4605,0.41,24.34,27.29,22.39,89.07,1.21,1.81,0.75,93.9
20160420,12.19,5.3129,3.8251,2.1029,0.53,24.33,26.89,22.77,89.42,1.19,1.46,0.76,93.86
20160421,53.7,4.2919,1.6008,2.471,0.43,23.59,26.03,22.27,90.58,1.24,2.17,0.78,93.9
20160422,8.79,6.0082,5.2442,2.0006,0.61,24.1,27.0,22.08,83.4,1.25,2.46,0.82,93.88
20160423,21.82,5.5486,3.9456,2.2483,0.56,23.51,26.23,21.01,88.82,1.24,1.83,0.77,93.83
20160424,63.45,5.6978,4.2617,2.3129,0.58,23.73,25.65,22.47,90.52,1.19,1.64,0.73,93.81
20160425,37.26,6.017,5.3326,1.9063,0.61,24.27,27.1,22.13,87.59,1.41,2.21,0.9,93.79
20160426,70.27,3.7558,0.5371,2.4679,0.38,23.65,25.71,22.17,93.38,1.2,1.84,0.73,93.8
20160427,33.98,5.0652,2.9546,2.3078,0.52,23.89,26.02,22.69,89.96,1.07,1.8,0.68,93.77
20160428,12.82,5.2147,3.1805,2.4835,0.53,22.98,24.17,21.91,92.91,0.92,2.03,0.62,93.84
20160429,9.62,5.9078,4.9704,2.1341,0.61,24.01,26.7,21.68,88.45,1.18,1.58,0.71,93.84
20160430,8.9,5.4787,4.0567,2.2176,0.56,24.47,27.08,22.6,89.4,1.36,1.73,0.84,93.78
20160501,1.66,5.935,5.3894,1.8958,0.61,24.5,27.59,22.06,86.38,0.99,1.78,0.62,93.81
20160502,0.45,6.1709,5.8987,1.7904,0.64,24.58,27.02,22.78,87.12,1.21,2.07,0.77,93.82
20160503,2.84,5.7758,4.8043,2.059,0.6,24.68,27.53,22.86,85.85,0.98,1.65,0.62,93.81
20160504,11.5,5.9215,5.6726,1.8408,0.62,24.66,27.73,22.72,86.91,1.26,2.73,0.79,93.77
20160505,8.4,6.1915,5.8126,1.9255,0.64,24.62,27.0,23.2,90.22,1.29,1.7,0.8,93.72
20160506,1.85,5.1982,2.8968,2.8073,0.54,24.11,26.02,22.8,92.14,1.16,1.56,0.68,93.71
20160507,0.63,5.5598,4.6793,2.0443,0.58,25.07,27.77,23.35,83.92,1.04,1.71,0.67,93.74
20160508,5.19,6.0955,6.0084,1.6118,0.64,24.75,27.13,23.07,85.25,1.09,2.09,0.71,93.79
20160509,11.76,5.3436,3.6442,2.4264,0.56,24.82,27.99,22.6,85.18,1.2,1.53,0.75,93.81
20160510,4.72,5.2764,4.1371,2.2296,0.56,23.9,25.85,22.78,89.66,1.0,2.02,0.65,93.82
20160511,5.75,5.6724,5.4847,1.6994,0.6,24.34,27.52,22.27,87.57,1.33,1.98,0.86,93.71
20160512,5.33,5.3431,3.875,2.5898,0.57,24.21,27.64,21.96,86.0,1.49,1.85,0.92,93.65
20160513,24.93,5.7943,5.4343,1.8835,0.61,24.69,27.82,22.06,84.11,1.07,1.55,0.69,93.7
20160514,18.87,6.3562,6.5849,1.6584,0.68,24.97,27.67,23.01,89.18,1.32,2.12,0.85,93.76
20160515,21.69,5.0549,3.252,2.4216,0.54,24.09,25.33,22.87,92.26,1.16,2.16,0.73,93.72
20160516,6.48,4.9361,2.6786,2.485,0.53,24.04,26.24,22.3,90.18,1.38,2.23,0.86,93.64
20160517,2.92,4.0788,0.671,2.9261,0.44,23.87,26.23,21.75,87.94,1.36,1.71,0.85,93.73
20160518,3.97,5.1778,4.0728,1.9841,0.56,24.02,26.42,22.78,88.5,1.34,2.14,0.86,93.79
20160519,13.9,5.2342,4.1122,1.9896,0.56,23.53,26.43,21.88,90.16,1.49,1.9,0.93,93.77
20160520,8.36,4.9526,3.4982,2.16,0.53,24.48,27.52,21.96,85.56,1.13,1.79,0.7,93.7
20160521,4.12,4.176,0.9473,2.7994,0.45,24.16,25.69,23.03,94.37,1.75,2.8,1.05,93.77
20160522,8.24,4.8161,3.3814,2.196,0.52,23.94,25.22,23.11,93.73,1.37,2.08,0.86,93.89
20160523,9.93,4.2365,1.1902,2.7154,0.46,24.49,26.56,23.05,89.77,1.47,2.03,0.93,93.95
20160524,3.35,4.4702,1.945,2.5558,0.48,24.28,26.3,23.1,89.46,1.43,2.53,0.9,93.94
20160525,12.82,4.9649,3.4639,2.1662,0.54,24.55,27.21,22.61,85.28,1.26,1.79,0.77,93.89
20160526,22.85,5.009,3.2731,2.4622,0.55,23.89,26.56,21.59,89.76,1.43,1.69,0.83,93.92
20160527,27.15,5.3316,3.9718,2.2639,0.58,23.89,26.24,22.57,90.57,1.27,1.68,0.77,93.98
20160528,31.98,5.5073,4.1767,2.2277,0.6,23.88,26.55,21.95,86.1,1.16,1.4,0.73,93.98
20160529,6.89,5.6762,5.0465,1.938,0.62,24.0,27.01,21.51,86.01,1.1,1.64,0.7,93.87
20160530,9.35,6.0029,5.4221,2.1773,0.66,23.91,27.15,22.0,85.95,1.44,1.83,0.87,93.88
20160531,2.0,6.1032,6.5998,1.5274,0.67,24.19,27.5,21.51,80.93,1.21,1.81,0.77,93.92
20160601,5.17,3.1622,1.0392,2.0657,0.35,23.57,26.53,21.32,86.61,1.47,1.88,0.91,93.94
20160602,0.83,4.8408,2.5498,2.6647,0.53,23.2,25.35,21.85,85.48,1.16,1.74,0.73,93.96
20160603,2.06,5.3916,5.1482,1.8571,0.59,24.04,27.17,21.72,83.59,1.15,2.35,0.75,93.93
20160604,9.16,4.4527,2.4046,2.2231,0.49,24.0,27.12,21.3,86.98,1.4,1.88,0.85,93.93
20160605,5.49,5.2658,4.207,2.0366,0.58,24.02,26.43,22.59,88.86,1.33,2.12,0.84,93.94
20160606,0.44,5.7734,5.4989,1.8468,0.64,24.15,26.72,22.32,87.95,1.75,2.77,1.1,93.99
20160607,0.06,5.34,5.0388,1.9034,0.59,23.99,26.48,22.47,86.4,1.19,1.57,0.76,93.98
20160608,1.59,5.9928,6.6055,1.3711,0.66,24.19,26.91,22.22,87.5,1.88,2.88,1.21,93.93
20160609,4.62,5.1958,4.3154,1.8871,0.58,24.18,27.25,22.41,86.7,1.6,2.27,1.0,94.01
20160610,37.51,5.232,4.6368,1.9042,0.58,23.99,26.97,21.74,86.44,1.42,2.1,0.89,94.01
20160611,20.49,4.2986,2.8915,2.1566,0.48,23.86,26.68,21.68,87.76,1.5,2.28,0.95,94.02
20160612,3.56,5.0258,4.2665,1.8682,0.56,23.59,26.22,21.82,87.75,1.17,1.91,0.74,94.01
20160613,9.68,4.6963,2.9731,2.3654,0.52,23.31,25.35,22.06,87.85,0.99,1.75,0.64,93.94
20160614,6.62,5.4895,5.5774,1.65,0.61,23.96,26.93,22.14,82.69,1.06,2.09,0.68,93.88
20160615,12.53,5.5322,5.0366,1.9044,0.62,24.2,26.98,22.13,85.17,1.05,1.76,0.63,93.81
20160616,2.93,5.2406,5.1701,1.7105,0.58,24.29,26.86,22.68,84.69,1.11,1.81,0.71,93.76
20160617,76.45,5.0587,3.9437,2.2104,0.56,23.84,26.32,22.19,88.64,1.15,1.9,0.7,93.69
20160618,41.93,4.7808,2.6722,2.5944,0.53,23.83,26.32,21.83,86.72,1.19,1.53,0.74,93.7
20160619,39.23,4.0236,0.804,2.8291,0.45,23.55,26.61,21.57,92.73,1.36,2.0,0.85,93.66
20160620,19.29,3.0658,0.1766,2.2445,0.34,22.96,24.58,22.0,92.49,1.32,2.5,0.85,93.68
20160621,13.49,2.2903,0.2858,1.5706,0.26,21.63,23.28,19.91,93.63,1.37,2.72,0.88,93.83
20160622,0.72,4.4551,2.7221,2.1494,0.5,22.96,26.29,19.9,82.91,1.36,2.04,0.85,93.82
20160623,23.05,4.5156,2.7336,2.2435,0.5,22.82,24.29,21.84,93.61,1.71,2.95,1.07,93.84
20160624,37.97,4.2691,2.0904,2.3318,0.48,22.74,24.51,21.68,88.8,0.93,1.6,0.59,93.85
20160625,11.18,4.8456,2.7317,2.5008,0.54,22.45,24.27,20.84,90.02,1.16,1.6,0.75,93.92
20160626,6.88,3.4488,0.7834,2.3741,0.38,22.69,23.88,21.44,93.31,1.3,1.86,0.79,93.85
20160627,8.21,5.2272,4.0778,2.1331,0.58,22.75,24.83,21.29,92.48,1.42,1.79,0.85,93.82
20160628,25.18,5.1156,4.0234,2.058,0.57,22.8,24.54,21.66,92.44,0.91,1.38,0.56,93.89
20160629,17.36,3.1032,0.3631,2.2018,0.35,22.38,23.4,21.43,93.48,1.08,1.69,0.71,94.01
20160630,0.82,3.9653,0.6797,2.5894,0.44,22.75,25.62,21.3,89.13,1.12,2.07,0.68,94.06
20160701,3.35,4.0385,0.9504,2.6657,0.45,23.31,26.44,20.87,84.71,1.36,1.91,0.82,94.0
20160702,10.8,3.0874,0.1678,2.2608,0.34,22.88,25.01,21.45,84.17,1.32,1.73,0.83,94.12
20160703,2.46,5.2728,4.2833,2.1192,0.59,23.19,26.32,20.72,84.54,1.31,1.83,0.82,94.0
20160704,2.79,5.1149,5.1509,1.6512,0.57,23.67,26.78,21.64,86.42,1.24,1.91,0.78,93.93
20160705,1.8,5.0165,4.1998,1.9558,0.56,23.42,26.15,21.62,88.15,1.95,2.51,1.2,93.87
20160706,0.9,5.6208,5.8363,1.6027,0.62,23.2,26.27,21.03,86.58,1.48,2.51,0.94,93.85
20160707,0.03,5.2402,5.2327,1.7518,0.58,23.31,26.81,20.77,81.29,1.15,1.76,0.72,93.86
20160708,0.86,5.9602,6.198,1.5226,0.66,23.62,26.75,20.79,82.72,1.29,1.63,0.81,93.83
20160709,2.25,4.8948,2.3362,2.8337,0.54,23.29,26.17,20.78,87.02,1.48,2.09,0.91,93.88
20160710,1.2,5.2704,4.061,2.1672,0.58,23.78,26.86,21.31,87.94,1.34,1.82,0.86,93.81
20160711,13.18,5.2692,4.5511,1.9265,0.58,23.77,26.11,22.11,89.65,1.31,2.12,0.79,93.82
20160712,3.28,5.501,5.328,1.8283,0.61,23.7,26.63,21.88,86.68,1.15,1.94,0.74,93.83
20160713,13.04,5.0191,3.6564,2.1998,0.55,23.0,24.36,21.74,92.33,1.44,2.26,0.88,93.84
20160714,2.48,5.4216,4.9858,1.7995,0.6,23.36,26.2,21.34,89.5,1.82,2.64,1.13,93.81
20160715,3.15,4.9003,4.0798,1.8588,0.54,23.73,26.9,21.77,87.47,1.13,2.2,0.73,93.76
20160716,11.49,3.9154,1.6738,2.1118,0.43,23.11,25.67,20.57,88.97,1.35,1.84,0.82,93.82
20160717,26.02,4.1124,0.9492,2.6904,0.45,22.79,24.27,21.49,93.96,1.06,1.61,0.68,93.83
20160718,9.32,4.439,2.2291,2.3806,0.49,22.84,24.95,21.61,92.71,1.47,1.88,0.9,93.83
20160719,3.57,4.1266,1.8262,2.2531,0.45,22.27,23.46,20.79,92.94,1.31,2.4,0.81,93.77
20160720,0.36,4.1604,1.9272,2.267,0.45,23.54,26.8,20.83,83.93,1.31,2.03,0.82,93.79
20160721,5.78,4.1688,2.0242,2.2699,0.45,23.3,26.6,20.44,87.57,1.66,2.13,1.01,93.84
20160722,4.07,5.1682,3.1037,2.4434,0.56,22.71,25.64,20.14,87.76,1.37,1.93,0.86,93.85
20160723,0.63,4.1837,1.0334,2.857,0.45,23.18,25.98,21.36,87.65,1.41,2.38,0.91,93.79
20160724,0.07,4.9514,3.2861,2.3496,0.54,23.18,25.81,21.46,89.01,1.43,2.44,0.92,93.75
20160725,38.3,3.8006,2.0345,1.9966,0.41,22.91,24.98,21.42,88.27,0.93,1.82,0.58,93.79
20160726,8.3,4.6354,2.4348,2.4209,0.5,22.59,25.4,20.3,83.41,1.32,1.87,0.82,93.85
20160727,3.39,5.3878,4.7362,1.9034,0.58,22.66,25.89,20.14,83.4,1.22,1.95,0.81,93.87
20160728,2.2,5.1552,4.4777,1.8766,0.55,22.96,26.33,20.6,83.33,1.11,1.95,0.7,93.89
20160729,0.43,5.1406,4.4868,2.0254,0.55,23.12,26.28,20.94,87.79,1.41,2.31,0.9,93.79
20160730,0.39,2.8267,0.961,1.7201,0.3,22.22,23.73,20.61,86.85,1.27,2.0,0.81,93.83
20160731,0.15,4.0469,0.8513,2.6657,0.43,22.26,25.53,19.65,83.88,1.44,2.17,0.88,93.85
20160801,3.59,2.8476,0.3454,1.9896,0.3,22.53,24.49,21.16,88.87,1.44,2.58,0.92,93.78
20160802,3.35,4.6872,2.3546,2.4533,0.5,22.54,25.58,20.23,88.27,1.45,2.0,0.91,93.74
20160803,17.54,4.8415,3.6286,1.8578,0.51,22.87,24.86,21.52,93.02,1.43,2.2,0.88,93.73
20160804,11.07,4.7993,3.0742,2.2037,0.51,21.75,23.51,20.15,90.96,1.07,1.6,0.68,93.91
20160805,1.99,5.0801,3.1555,2.4218,0.54,22.9,26.08,20.85,86.84,1.35,2.84,0.87,93.88
20160806,6.25,5.1746,3.9053,2.1922,0.55,23.14,25.89,21.51,89.69,1.88,3.19,1.16,93.89
20160807,0.66,6.0986,5.1257,2.1413,0.64,23.0,26.38,20.85,84.71,1.49,2.31,0.93,93.97
20160808,0.0,5.9134,4.686,2.3378,0.62,23.19,26.71,20.18,84.06,1.42,1.82,0.9,93.98
20160809,0.0,5.683,3.8014,2.5795,0.6,22.68,24.91,20.76,86.18,1.41,2.63,0.9,93.92
20160810,0.02,6.2011,5.7905,1.8559,0.65,23.53,26.74,21.12,84.22,1.48,2.15,0.94,93.92
20160811,6.86,5.6359,4.7282,2.023,0.59,23.81,26.99,21.39,85.71,1.43,2.34,0.89,93.88
20160812,14.18,4.4578,3.0492,2.1041,0.46,22.66,25.54,20.53,82.68,1.24,2.03,0.8,93.93
20160813,0.03,4.6123,3.2918,2.2258,0.48,22.96,26.77,19.78,81.69,1.52,2.31,0.97,93.81
20160814,6.22,3.8822,1.6954,2.0902,0.4,23.15,26.19,21.11,84.98,1.52,2.39,0.96,93.83
20160815,2.51,4.081,1.3874,2.4422,0.42,23.23,26.53,21.08,87.17,1.65,2.66,1.03,93.83
20160816,0.63,4.7815,1.5276,3.2986,0.49,22.97,25.15,21.3,86.56,1.57,2.65,0.98,93.87
20160817,0.0,4.6294,3.1944,1.9488,0.48,22.96,26.4,20.41,84.48,1.21,1.78,0.75,93.82
20160818,0.78,5.2514,4.8098,1.7832,0.54,23.34,26.35,21.35,84.86,1.38,2.68,0.88,93.72
20160819,0.81,3.8618,2.7725,1.6462,0.4,22.43,25.23,20.2,87.59,1.46,2.65,0.95,93.72
20160820,2.44,4.5586,3.3134,1.8578,0.47,22.68,27.14,19.64,86.61,1.27,2.12,0.79,93.75
20160821,1.23,4.3404,1.3392,2.6527,0.44,22.88,25.55,20.76,89.28,1.68,2.35,1.04,93.72
20160822,0.41,4.8924,3.6084,1.9238,0.5,23.35,25.59,21.73,89.8,1.93,2.98,1.16,93.67
20160823,0.04,5.2452,3.3566,2.4017,0.53,23.49,25.44,21.94,88.44,1.89,2.83,1.15,93.65
20160824,2.1,4.8653,3.7027,1.8089,0.49,23.98,27.37,21.47,87.11,1.65,2.48,1.04,93.63
20160825,19.09,3.3372,0.9322,2.0321,0.34,23.04,24.78,21.6,91.88,1.43,2.83,0.88,93.74
20160826,1.97,4.5389,2.8865,2.0369,0.46,23.76,27.29,21.21,83.02,1.36,2.53,0.83,93.87
20160827,0.84,6.4534,6.0564,1.8696,0.65,23.78,27.47,20.55,81.24,1.44,2.16,0.9,93.97
20160828,1.52,5.845,5.2526,2.0856,0.59,23.76,26.66,21.86,83.58,1.19,1.72,0.75,93.96
20160829,0.99,5.627,4.5149,2.1041,0.57,24.05,27.41,21.73,82.39,1.18,1.94,0.73,93.88
20160830,0.11,6.3422,5.7485,1.8624,0.64,24.32,27.58,21.88,81.06,1.08,1.6,0.69,93.92
20160831,21.52,6.8172,6.9938,1.3594,0.68,24.26,27.6,21.56,80.29,1.01,1.81,0.66,93.94
20160901,12.36,6.2748,5.4802,2.0381,0.63,24.13,27.25,21.97,84.46,1.14,2.17,0.73,93.87
20160902,15.31,5.628,4.7477,1.9584,0.56,23.74,26.61,21.48,82.73,1.19,1.76,0.76,93.8
20160903,16.81,5.815,4.4206,2.2313,0.58,23.54,26.35,22.08,85.81,1.02,1.8,0.67,93.84
20160904,14.7,5.5706,4.3411,2.005,0.55,22.89,26.2,20.23,86.82,1.39,2.19,0.86,93.98
20160905,1.7,6.9624,6.7363,1.7189,0.69,23.26,26.96,20.56,82.89,1.21,1.91,0.78,94.03
20160906,0.37,6.9989,6.9473,1.5778,0.69,23.91,27.29,21.43,81.31,1.1,2.05,0.73,94.0
20160907,0.53,5.003,2.495,2.5459,0.5,23.61,26.73,21.45,81.87,1.22,1.85,0.77,94.0
20160908,0.11,6.5784,5.7986,1.9853,0.65,23.67,26.48,21.65,77.78,1.04,1.7,0.66,94.0
20160909,0.1,6.672,5.8992,2.0902,0.66,23.73,26.98,21.24,77.9,1.01,1.95,0.68,93.96
20160910,0.06,6.0113,4.1474,2.4797,0.59,23.05,26.26,20.54,82.69,1.76,3.31,1.12,93.89
20160911,0.0,5.8094,3.3804,2.7398,0.57,23.2,26.41,20.16,80.73,1.5,2.35,0.93,93.81
20160912,1.04,5.9429,5.1226,2.0045,0.58,23.58,26.21,21.7,82.7,0.91,1.69,0.57,93.78
20160913,15.23,4.9776,2.0611,2.6873,0.49,22.72,24.66,21.23,88.55,1.01,2.04,0.65,93.85
20160914,13.89,5.9122,3.7044,2.7917,0.58,22.62,24.65,21.2,89.19,1.14,1.96,0.72,93.9
20160915,53.34,4.4362,0.8676,2.6568,0.43,22.81,25.27,21.36,87.4,1.24,2.35,0.79,93.89
20160916,21.12,5.3148,2.7346,2.6244,0.52,22.83,25.46,20.91,87.78,1.3,1.95,0.81,93.89
20160917,0.49,5.4785,3.5402,2.4187,0.53,24.24,27.16,21.79,82.17,1.16,2.02,0.74,93.81
20160918,0.14,6.0581,5.2253,1.9205,0.59,23.93,26.27,22.33,86.99,1.28,2.77,0.8,93.77
20160919,5.73,5.1245,1.6351,2.9674,0.5,23.7,26.63,21.73,85.44,0.8,1.19,0.48,93.78
20160920,5.83,5.4598,3.8472,2.1576,0.53,24.19,27.07,22.29,87.0,1.33,2.11,0.86,93.75
20160921,25.54,5.5759,3.7498,2.2325,0.54,23.4,25.5,21.9,93.12,1.3,1.71,0.8,93.83
20160922,10.45,5.6887,3.947,2.4228,0.55,23.99,27.13,21.7,85.34,1.18,2.06,0.77,93.81
20160923,2.26,5.8394,4.1225,2.3227,0.57,23.19,24.83,22.07,91.08,1.09,1.65,0.71,93.69
20160924,16.03,5.6134,4.1059,2.07,0.54,23.29,25.16,22.17,90.91,0.81,1.45,0.52,93.64
20160925,10.11,5.3753,2.3762,2.9916,0.52,23.18,26.05,21.16,87.64,0.94,1.52,0.57,93.72
20160926,0.13,6.1714,4.4054,2.4499,0.6,23.99,26.65,22.11,82.57,1.26,2.19,0.8,93.75
20160927,0.22,6.9883,6.4142,1.9661,0.67,24.07,26.68,21.94,82.28,1.22,1.88,0.79,93.78
20160928,5.6,5.6316,2.9273,2.9086,0.54,24.25,27.68,21.9,83.77,1.31,1.82,0.82,93.73
20160929,13.69,5.0237,1.3466,3.0547,0.48,23.24,25.21,22.15,90.66,0.88,1.65,0.54,93.76
20160930,0.98,5.4175,2.8858,2.5147,0.52,23.71,26.7,21.74,85.32,1.22,1.93,0.76,93.73
20161001,5.38,4.5264,2.6314,2.117,0.44,23.43,25.0,22.25,90.3,1.48,2.27,0.9,93.85
20161002,4.76,5.1521,1.9502,2.8138,0.5,23.68,26.47,21.97,87.24,1.35,1.75,0.84,93.88
20161003,3.99,5.8471,3.9794,2.4857,0.56,23.59,26.04,21.71,86.78,1.45,2.28,0.91,93.79
20161004,3.33,5.4341,2.4326,2.9254,0.52,23.42,25.25,22.06,90.57,1.27,1.78,0.78,93.74
20161005,1.78,3.834,0.1963,2.808,0.37,22.79,24.69,21.18,86.3,0.78,1.44,0.51,93.8
20161006,1.08,6.293,4.5893,2.5018,0.6,24.01,27.72,21.19,82.31,1.37,2.2,0.87,93.78
20161007,5.01,5.2402,2.0743,2.8634,0.5,23.91,27.09,21.71,85.5,1.2,1.93,0.74,93.83
20161008,9.99,5.1814,1.5689,2.8934,0.5,23.47,25.85,21.28,89.48,1.42,1.78,0.86,93.87
20161009,19.44,2.8822,0.3458,1.891,0.28,22.86,24.11,21.27,95.15,2.06,3.89,1.26,93.87
20161010,8.15,4.1957,1.11,2.6758,0.4,22.6,25.31,20.27,85.63,1.12,2.04,0.71,93.9
20161011,6.52,4.7203,1.5103,2.8493,0.45,23.81,27.05,21.8,85.26,1.15,2.0,0.73,93.79
20161012,7.83,4.8314,2.303,2.4854,0.46,22.73,24.88,20.92,89.46,1.17,2.21,0.74,93.78
20161013,2.56,5.5536,3.2621,2.5356,0.53,23.7,26.55,21.74,86.23,1.45,2.26,0.93,93.72
20161014,17.41,5.7859,3.9298,2.5241,0.55,23.5,26.29,21.67,87.44,1.38,2.33,0.89,93.75
20161015,4.19,6.5717,5.7461,2.1545,0.63,23.27,26.83,20.95,83.23,1.55,2.16,0.96,93.74
20161016,0.19,5.9638,4.5773,2.273,0.57,23.37,27.0,20.41,82.23,1.36,2.22,0.85,93.74
20161017,0.0,5.2627,3.3936,2.3522,0.5,23.76,27.16,21.45,84.71,1.48,2.47,0.93,93.67
20161018,5.51,5.7607,4.6836,2.167,0.55,24.13,27.87,21.41,83.29,1.4,2.24,0.86,93.7
20161019,3.44,5.6854,3.9331,2.2591,0.54,24.36,27.92,21.27,83.36,1.46,2.11,0.88,93.68
20161020,3.28,5.9822,3.6036,2.7689,0.57,24.18,27.9,21.45,84.01,1.53,2.01,0.91,93.66
20161021,9.83,5.3508,1.1227,3.6826,0.51,23.42,26.92,20.69,87.72,1.64,2.34,1.01,93.75
20161022,23.44,5.4655,3.3216,2.5157,0.52,23.45,26.0,21.4,87.85,1.35,2.21,0.86,93.82
20161023,16.05,5.6995,2.8836,2.7454,0.55,22.52,23.94,21.57,92.61,1.29,2.3,0.81,93.8
20161024,13.72,5.0426,1.6579,2.8315,0.48,22.99,25.73,21.14,87.42,1.5,2.29,0.95,93.75
20161025,26.12,4.7707,1.129,3.1138,0.46,22.53,23.97,21.1,94.45,1.4,2.28,0.87,93.72
20161026,11.53,4.7155,0.9535,2.9364,0.45,22.46,23.85,21.25,93.74,1.03,1.42,0.63,93.85
20161027,14.1,4.5768,1.7755,3.0384,0.44,23.2,25.57,21.45,92.26,1.85,2.65,1.14,93.8
20161028,17.15,5.4235,1.939,3.1723,0.52,22.81,24.33,21.35,93.75,1.77,3.04,1.07,93.75
20161029,2.3,5.3484,2.3923,2.953,0.51,22.62,25.61,20.58,88.62,1.12,1.56,0.69,93.79
20161030,0.42,5.6326,4.733,2.7562,0.54,24.0,27.31,21.47,84.22,1.39,2.32,0.88,93.74
20161031,6.7,5.4691,3.0146,2.7338,0.53,23.21,24.91,22.03,92.98,1.4,2.04,0.86,93.73
20161101,22.31,5.4722,3.1092,2.471,0.53,23.57,26.59,21.01,89.34,1.38,2.09,0.9,93.72
20161102,9.02,5.4946,3.2306,2.7437,0.53,23.75,26.56,22.15,85.7,1.07,1.66,0.66,93.73
20161103,2.31,5.9971,3.7114,3.5506,0.58,23.99,27.38,21.51,83.37,1.41,2.17,0.9,93.79
20161104,1.09,6.4889,5.4742,2.6186,0.63,24.48,28.13,21.66,79.85,1.03,1.99,0.68,93.73
20161105,1.64,5.5666,4.2506,2.916,0.54,24.03,26.25,22.16,83.45,1.09,1.71,0.69,93.78
20161106,0.97,6.347,5.6258,2.8474,0.61,24.36,27.57,21.17,83.65,1.63,1.93,1.0,93.85
20161107,12.94,5.5318,2.3578,3.2587,0.53,23.42,25.51,22.27,93.01,1.14,1.65,0.68,93.95
20161108,9.24,5.2464,1.8014,2.9434,0.51,24.2,27.3,21.79,85.39,1.31,2.36,0.83,93.9
20161109,4.73,5.341,2.8301,2.6674,0.52,24.49,26.82,22.91,86.78,1.6,2.54,1.01,93.84
20161110,7.76,6.0862,4.177,2.664,0.59,23.21,25.84,21.59,90.6,1.18,1.85,0.76,93.88
20161111,6.26,5.123,1.6829,3.2306,0.5,23.39,26.26,21.3,88.11,1.44,2.21,0.9,93.85
20161112,2.66,5.9263,3.9329,2.5366,0.57,24.1,27.83,21.4,85.26,1.16,1.97,0.72,93.83
20161113,0.65,5.4914,3.0468,2.9474,0.53,24.64,27.91,22.7,86.35,1.12,2.41,0.74,93.74
20161114,13.57,5.785,4.4566,2.4737,0.56,23.9,25.76,22.9,89.58,1.12,1.75,0.67,93.71
20161115,15.24,5.7401,4.8103,2.2142,0.56,23.33,24.82,22.11,88.66,0.93,1.65,0.62,93.73
20161116,2.08,5.466,2.9969,2.9563,0.53,23.3,26.49,21.13,88.14,1.42,2.3,0.86,93.72
20161117,20.83,5.5538,3.9026,2.3724,0.54,22.94,25.21,21.25,90.65,1.08,1.45,0.68,93.7
20161118,5.61,5.5632,2.9362,2.9774,0.54,23.88,26.6,21.74,85.17,1.39,2.38,0.88,93.58
20161119,8.42,5.6635,3.3864,2.6743,0.55,23.49,25.74,22.05,88.65,1.45,3.17,0.96,93.63
20161120,2.91,4.9711,1.2694,3.2232,0.48,23.81,26.67,21.82,84.92,1.2,1.94,0.76,93.64
20161121,22.22,5.9047,4.8463,2.1514,0.58,24.39,27.4,22.41,86.39,1.21,2.01,0.76,93.59
20161122,25.8,5.173,1.9776,3.5981,0.5,23.17,25.14,21.89,89.25,1.33,2.31,0.86,93.72
20161123,9.8,4.9634,1.3402,3.415,0.48,23.88,26.94,21.86,82.44,1.24,2.52,0.83,93.7
20161124,2.66,5.3518,2.4751,2.9429,0.52,23.96,26.62,21.96,86.83,1.7,2.99,1.1,93.62
20161125,1.2,5.2267,2.3172,2.9947,0.51,23.95,26.17,22.24,88.01,1.67,2.19,1.04,93.63
20161126,2.9,5.671,3.3696,2.6782,0.55,23.42,25.0,22.27,91.26,1.29,1.85,0.82,93.67
20161127,55.03,5.8682,4.1369,3.2376,0.57,23.68,25.46,22.32,89.1,0.88,1.53,0.55,93.66
20161128,15.31,4.6058,1.0121,2.807,0.45,24.2,26.1,23.0,88.72,1.05,1.67,0.64,93.7
20161129,6.72,5.6904,3.0274,2.7646,0.56,23.72,24.85,22.53,92.67,0.97,1.49,0.61,93.76
20161130,7.3,5.7943,3.6787,2.6074,0.57,23.99,25.75,22.94,89.29,0.91,1.32,0.59,93.78
20161201,2.65,4.7839,0.7327,3.498,0.47,23.89,26.31,22.4,87.32,1.3,2.17,0.82,93.77
20161202,9.45,5.9018,4.295,2.3988,0.58,23.34,24.83,22.15,92.64,1.68,2.21,1.02,93.75
20161203,25.62,5.1643,2.6102,2.5946,0.51,23.1,25.05,21.25,88.34,0.87,1.45,0.54,93.8
20161204,5.13,5.3431,3.2064,2.7046,0.53,24.24,27.29,21.71,82.12,0.95,1.57,0.61,93.74
20161205,11.75,5.2925,2.651,3.0672,0.52,23.63,26.35,21.72,87.62,1.11,1.77,0.71,93.76
20161206,1.62,4.223,0.6434,3.0768,0.42,23.94,27.0,22.18,82.2,0.77,1.85,0.5,93.76
20161207,1.74,5.9076,4.6886,2.3141,0.58,24.41,27.7,21.71,78.86,1.27,1.95,0.8,93.68
20161208,4.45,5.2298,1.9322,2.9945,0.51,24.06,25.81,22.49,89.39,1.49,2.42,0.92,93.58
20161209,8.95,5.5759,3.9413,2.4746,0.55,23.71,25.51,22.16,89.36,1.48,2.35,0.94,93.6
20161210,20.46,5.5438,4.4074,2.2793,0.55,23.65,25.66,22.27,90.37,1.87,2.8,1.19,93.65
20161211,21.83,5.3964,3.1694,2.5178,0.53,23.75,26.33,22.25,86.36,1.02,1.75,0.62,93.65
20161212,20.55,5.1797,3.3521,2.2346,0.51,23.66,25.72,22.26,88.41,0.85,1.5,0.52,93.68
20161213,25.66,4.8554,2.0758,3.0223,0.48,22.74,24.37,21.49,90.1,1.07,1.64,0.66,93.75
20161214,1.04,5.3472,2.6818,2.671,0.53,23.54,26.55,20.95,80.84,1.08,1.45,0.67,93.79
20161215,10.49,4.5907,2.0839,2.7161,0.45,23.24,25.47,21.35,86.37,0.75,1.68,0.48,93.79
20161216,3.9,5.6436,2.7881,2.9126,0.56,23.21,26.57,19.96,81.25,1.18,1.89,0.71,93.78
20161217,0.8,5.227,1.6409,3.534,0.52,23.9,26.68,21.78,78.8,0.74,1.14,0.47,93.79
20161218,7.48,6.0718,3.7138,3.109,0.6,23.47,25.98,20.73,79.75,1.19,1.82,0.73,93.79
20161219,3.84,5.976,4.5893,2.3275,0.59,24.77,28.5,22.13,80.53,1.04,1.66,0.67,93.66
20161220,0.51,5.1322,1.4832,3.2918,0.51,23.7,25.86,21.67,87.13,0.98,1.65,0.58,93.63
20161221,1.57,5.3146,2.3861,2.928,0.52,23.89,27.38,20.2,82.78,1.38,2.45,0.82,93.59
20161222,1.96,4.2151,0.5695,3.1522,0.42,24.02,27.15,22.02,83.19,1.2,1.51,0.73,93.59
20161223,0.3,4.8612,1.1506,3.3425,0.48,23.53,27.11,20.16,82.58,1.14,2.24,0.71,93.58
20161224,0.55,5.6242,3.8578,2.5034,0.55,24.02,27.02,20.29,82.4,1.3,2.12,0.77,93.59
20161225,0.2,4.5218,0.7836,3.2395,0.45,23.74,26.18,21.6,85.03,0.87,1.86,0.52,93.62
20161226,2.66,4.9992,2.3957,2.6254,0.49,24.04,25.67,22.56,84.69,0.67,0.89,0.42,93.64
20161227,1.16,6.341,6.0564,1.884,0.62,24.03,26.75,22.12,84.71,0.95,1.89,0.59,93.59
20161228,12.16,4.5931,0.5926,3.3382,0.45,23.37,25.91,21.59,88.5,0.84,1.27,0.51,93.7
20161229,30.51,4.8545,2.521,2.4905,0.48,23.19,24.77,21.85,89.19,0.79,1.36,0.47,93.74
20161230,9.54,4.4837,0.6509,3.2815,0.44,23.77,26.71,21.83,85.79,0.88,1.42,0.53,93.68
20161231,0.31,5.5265,2.5958,2.8814,0.54,23.84,26.11,22.39,82.74,0.78,1.34,0.49,93.7
20170101,0.02,5.3455,2.1247,3.5285,0.53,24.53,28.08,21.47,79.73,0.79,1.58,0.49,93.63
20170102,16.26,4.6123,0.9898,3.2513,0.45,24.06,26.89,22.04,82.77,0.85,1.49,0.53,93.63
20170103,2.24,5.465,3.3418,2.891,0.54,24.61,28.48,21.31,78.65,1.08,1.55,0.67,93.57
20170104,6.23,4.4479,0.5107,3.289,0.44,24.48,28.24,21.42,81.6,0.86,1.73,0.52,93.55
20170105,3.52,4.0394,0.6586,2.8906,0.4,23.84,26.74,21.92,83.91,1.17,1.6,0.71,93.62
20170106,1.1,3.691,0.253,2.791,0.36,24.68,28.32,21.29,77.08,1.0,1.78,0.67,93.54
20170107,0.45,5.2126,1.6411,3.6149,0.51,24.16,26.99,21.21,78.71,0.63,1.3,0.43,93.5
20170108,0.12,4.3738,0.2945,3.2762,0.43,24.05,27.48,21.59,79.75,0.72,1.01,0.46,93.53
20170109,0.2,4.9255,1.6238,3.0744,0.48,24.2,27.08,21.48,79.47,1.23,1.8,0.77,93.59
20170110,0.02,4.1138,0.1565,3.0581,0.4,24.41,26.9,22.58,79.81,0.86,1.36,0.56,93.66
20170111,1.96,5.718,4.1626,2.3878,0.56,24.23,26.81,22.22,86.33,1.49,1.92,0.92,93.62
20170112,3.14,4.4746,0.8813,3.144,0.44,23.84,26.13,22.39,87.9,1.03,1.7,0.6,93.63
20170113,15.9,4.405,0.4013,3.2088,0.43,24.0,27.32,21.68,84.16,1.22,1.84,0.76,93.63
20170114,14.5,4.212,0.1658,3.2273,0.41,23.02,25.26,20.96,87.63,0.59,1.2,0.36,93.72
20170115,39.49,4.2098,0.6581,2.7214,0.41,23.86,27.32,21.96,85.89,1.02,1.96,0.65,93.74
20170116,27.53,5.5366,2.1346,3.2268,0.54,23.13,25.59,21.33,86.87,0.91,1.45,0.57,93.75
20170117,9.12,4.4155,0.5746,3.1826,0.43,23.09,25.08,21.93,88.41,0.79,1.5,0.49,93.81
20170118,31.34,5.6278,4.7098,2.2867,0.55,23.4,25.84,22.05,87.39,1.14,2.0,0.72,93.89
20170119,6.04,5.7758,4.3198,2.1797,0.56,23.55,26.09,21.74,88.05,1.26,1.63,0.79,93.85
20170120,4.2,5.3664,3.6811,2.232,0.52,24.02,26.49,22.21,86.29,1.35,2.0,0.85,93.76
20170121,1.69,5.4101,2.0686,3.5083,0.52,23.52,25.51,22.28,90.36,1.32,2.1,0.82,93.86
20170122,3.52,5.3851,2.9014,2.9362,0.52,23.14,24.02,22.39,93.44,1.49,1.94,0.91,93.89
20170123,3.7,5.7823,3.7649,2.555,0.56,23.37,25.89,22.1,90.41,1.51,1.77,0.92,93.85
20170124,8.6,5.9832,3.8664,2.4749,0.58,24.13,27.51,21.61,82.87,1.09,1.69,0.68,93.84
20170125,5.08,5.61,1.8228,3.6962,0.54,23.95,26.67,21.93,85.78,1.39,2.42,0.89,93.83
20170126,26.76,5.3594,1.9519,3.1073,0.52,23.11,24.69,21.9,92.1,0.95,1.53,0.6,93.77
20170127,13.19,4.5814,1.0246,3.1769,0.44,22.74,25.02,21.34,89.27,0.75,1.33,0.45,93.76
20170128,6.47,5.082,1.2281,3.365,0.49,24.03,27.06,21.65,85.76,1.4,2.17,0.89,93.67
20170129,4.61,3.9492,0.1138,2.9628,0.38,23.66,25.6,22.69,92.28,1.81,2.53,1.13,93.76
20170130,7.61,4.0783,0.2916,3.0204,0.39,22.84,24.52,21.63,87.56,0.9,1.68,0.58,93.79
20170131,10.06,4.4976,0.877,3.2141,0.43,23.0,25.82,20.8,88.15,1.05,2.13,0.67,93.74
20170201,21.94,5.2404,1.927,3.594,0.5,23.95,27.29,21.98,87.4,1.5,2.43,0.94,93.71
20170202,6.3,4.8655,1.5566,3.0324,0.47,23.52,26.14,21.7,86.09,0.51,0.79,0.32,93.72
20170203,0.79,4.8324,0.4766,3.5753,0.46,23.4,26.51,21.03,81.56,1.1,2.02,0.68,93.67
20170204,0.01,5.2015,1.0354,3.4951,0.5,23.8,27.62,20.13,76.19,1.34,1.77,0.8,93.55
20170205,0.26,5.196,3.3638,2.2898,0.5,23.98,28.32,19.65,78.34,1.37,1.95,0.82,93.48
20170206,0.24,4.8144,0.5489,3.4397,0.46,24.12,28.74,20.48,80.98,1.76,2.48,1.06,93.45
20170207,0.08,5.443,2.3866,3.0888,0.52,23.4,26.89,20.92,82.21,1.88,2.47,1.1,93.58
20170208,0.65,4.2576,0.9924,3.0154,0.41,23.74,27.97,20.23,80.73,1.74,2.3,1.02,93.63
20170209,0.19,4.9697,0.7874,3.5899,0.47,23.88,27.71,20.08,80.15,1.21,2.22,0.73,93.66
20170210,1.39,4.003,0.6156,2.712,0.38,24.11,27.07,21.45,78.77,0.72,1.26,0.46,93.71
20170211,1.98,3.7718,0.1361,2.8154,0.36,23.77,26.42,21.54,85.05,1.15,1.53,0.73,93.84
20170212,12.81,4.4491,1.2931,2.7185,0.42,23.61,25.42,22.44,91.11,1.54,2.45,0.97,93.91
20170213,16.52,5.1984,1.2785,3.27,0.49,22.86,24.09,21.85,93.84,1.53,1.95,0.95,93.99
20170214,7.62,4.691,1.4362,2.9402,0.45,23.03,25.03,21.6,90.32,1.08,1.63,0.68,94.04
20170215,9.29,4.8662,1.8994,2.6345,0.46,23.34,25.13,21.85,88.44,1.24,1.94,0.79,93.94
20170216,27.86,5.7984,4.3082,2.2838,0.55,23.25,26.13,21.37,90.69,1.88,3.32,1.18,93.89
20170217,4.17,5.1996,1.8072,3.102,0.49,23.78,26.65,21.62,85.07,1.32,2.19,0.82,93.93
20170218,2.17,5.5994,2.5289,3.0192,0.53,23.28,25.13,21.96,88.59,1.46,1.97,0.92,94.0
20170219,4.43,4.8331,1.7366,2.873,0.46,22.56,23.86,21.65,89.76,1.2,1.83,0.74,93.93
20170220,2.6,4.6932,0.6204,3.1687,0.44,23.73,26.87,21.46,82.68,1.35,2.17,0.85,93.83
20170221,1.45,5.1989,1.9658,2.8056,0.49,23.97,27.14,21.31,83.71,1.43,2.18,0.89,93.85
20170222,5.76,4.5905,1.8034,2.579,0.43,23.01,24.22,21.71,93.21,1.31,2.61,0.82,93.88
20170223,1.06,4.8965,1.1086,3.2966,0.46,22.56,24.78,20.99,84.92,0.78,1.29,0.53,93.95
20170224,27.98,5.3935,1.7227,3.2743,0.51,23.63,26.19,22.13,86.48,1.25,2.17,0.79,93.89
20170225,21.16,5.7418,3.4375,2.6978,0.54,23.32,26.25,20.98,89.5,1.62,2.32,1.0,93.78
20170226,29.26,4.4834,0.9658,2.9119,0.42,22.36,24.01,21.52,91.36,1.29,2.02,0.8,93.79
20170227,0.42,4.5398,1.1179,2.8212,0.43,23.12,25.45,21.34,83.74,1.22,2.21,0.8,93.78
20170228,3.31,4.8984,1.7386,2.7156,0.46,23.35,25.69,21.65,87.04,1.16,1.67,0.76,93.71
20170301,7.25,5.527,3.4474,2.5646,0.52,23.38,26.96,21.03,85.89,1.25,1.88,0.77,93.7
20170302,4.65,4.9709,1.3642,3.3362,0.47,23.48,25.57,21.29,86.43,1.16,1.83,0.74,93.67
20170303,13.53,5.8896,3.5566,2.6203,0.56,23.27,25.33,21.97,88.9,1.12,1.48,0.71,93.58
20170304,25.86,5.0038,2.3292,2.7965,0.47,23.4,26.09,21.94,91.7,1.62,2.44,1.0,93.54
20170305,27.79,5.3719,3.0936,2.4468,0.51,23.04,24.38,21.96,92.89,1.23,1.54,0.74,93.58
20170306,12.33,5.3102,3.0091,2.5483,0.5,23.48,25.3,22.1,89.38,0.93,1.73,0.61,93.55
20170307,2.93,5.7276,3.5923,2.3614,0.54,24.16,27.47,21.9,82.29,1.09,1.61,0.7,93.56
20170308,6.16,4.1102,0.4051,2.8027,0.39,22.97,25.0,21.41,87.81,1.22,2.54,0.74,93.68
20170309,0.31,4.8346,0.9206,3.2472,0.46,23.38,26.45,21.51,78.78,0.9,1.79,0.59,93.7
20170310,0.02,5.093,1.3978,3.0091,0.48,23.84,27.06,21.13,85.42,1.87,2.7,1.16,93.67
20170311,4.11,4.7095,2.3263,2.2118,0.45,23.64,25.39,22.41,90.75,1.83,2.31,1.11,93.75
20170312,9.4,5.226,2.3666,2.6902,0.5,22.44,23.62,20.96,90.79,1.37,2.67,0.85,93.82
20170313,7.53,5.328,2.5601,2.7444,0.51,22.77,25.97,20.69,86.65,0.98,1.79,0.6,93.85
20170314,8.41,4.3903,0.4615,3.198,0.42,22.64,24.99,21.38,88.98,0.94,1.5,0.59,93.92
20170315,3.5,5.6986,2.8793,2.7869,0.54,23.79,27.44,21.45,85.57,1.04,1.53,0.65,93.83
20170316,2.05,5.8538,3.7651,2.4569,0.56,23.35,25.07,22.13,90.04,1.41,2.3,0.91,93.8
20170317,4.22,5.5913,2.4972,3.0034,0.53,23.75,26.26,21.72,82.78,0.85,1.44,0.55,93.84
20170318,28.27,5.959,3.3742,2.7545,0.57,23.32,24.82,21.82,89.63,0.75,1.42,0.46,93.86
20170319,18.9,5.5231,2.0455,3.2417,0.53,23.39,25.64,21.9,88.67,0.66,1.18,0.4,93.85
20170320,11.53,6.4195,4.9462,2.2757,0.61,23.57,26.33,22.03,88.69,1.16,2.01,0.73,93.78
20170321,59.92,5.7751,3.6442,2.4516,0.55,23.08,25.35,21.41,87.27,0.69,1.5,0.43,93.83
20170322,5.09,5.8135,2.4746,3.1663,0.56,22.44,23.36,21.65,90.6,1.29,2.14,0.81,93.88
20170323,0.12,6.1754,4.7011,2.4739,0.59,23.78,26.53,21.85,83.83,1.21,2.26,0.79,93.88
20170324,0.16,7.0056,6.2654,2.0102,0.67,24.16,27.04,22.0,84.44,1.4,2.29,0.89,93.86
20170325,2.26,5.0614,2.3184,2.6069,0.49,23.4,25.43,21.94,88.48,1.02,1.44,0.65,93.85
20170326,18.56,4.5739,1.0164,2.9206,0.44,22.63,24.13,21.24,90.91,1.17,1.65,0.7,93.95
20170327,24.1,4.8763,1.4789,3.1241,0.47,22.67,24.04,21.65,93.46,1.09,1.73,0.72,93.98
20170328,7.94,4.409,0.7416,2.731,0.43,22.84,24.23,21.75,94.08,1.61,2.41,0.98,93.93
20170329,10.12,5.9033,3.6763,2.5397,0.57,23.4,26.4,21.67,88.32,1.76,2.69,1.12,93.92
20170330,33.98,4.3548,0.5765,2.9273,0.42,22.5,24.05,21.24,90.48,1.2,1.91,0.75,94.0
20170331,46.54,5.8594,3.8302,2.4912,0.57,23.26,26.09,21.48,88.94,1.58,2.35,0.99,93.95
20170401,9.77,5.7317,3.8784,2.3131,0.56,23.54,26.42,21.39,87.43,0.88,1.39,0.56,93.83
20170402,3.01,5.0849,1.3063,3.2772,0.49,24.02,26.65,22.03,85.01,0.77,1.19,0.47,93.81
20170403,3.06,4.8557,1.2667,3.2599,0.47,24.05,27.06,21.85,85.32,1.09,1.96,0.68,93.8
20170404,5.96,4.9764,1.4777,2.9863,0.49,23.39,25.4,22.26,88.66,0.8,1.28,0.48,93.85
20170405,4.77,5.3302,2.857,2.4658,0.52,23.05,24.51,21.71,89.0,0.79,1.18,0.48,93.76
20170406,0.62,5.3515,1.9001,3.2275,0.52,24.08,27.14,21.96,82.52,1.1,1.81,0.71,93.7
20170407,0.77,5.5135,3.9566,2.1202,0.54,23.56,25.3,22.26,91.63,1.41,1.91,0.86,93.78
20170408,7.3,5.6102,3.9125,2.3378,0.55,23.72,25.87,21.98,91.1,1.33,1.77,0.81,93.85
20170409,8.78,4.949,1.0538,3.258,0.49,23.58,25.59,22.58,90.63,1.83,2.2,1.15,93.86
20170410,17.0,3.564,0.1421,2.5937,0.35,23.22,25.56,21.33,87.94,1.11,1.84,0.69,93.77
20170411,6.11,5.0458,2.4485,2.856,0.5,23.36,26.28,21.77,89.37,1.25,1.9,0.78,93.73
20170412,30.27,5.6431,3.4982,2.5493,0.56,23.29,24.71,21.91,94.64,1.74,2.7,1.05,93.74
20170413,28.73,6.2626,5.0705,2.3563,0.62,23.33,25.0,22.12,91.68,1.22,1.63,0.76,93.87
20170414,0.56,5.197,2.0035,2.7854,0.52,23.24,24.97,22.02,90.58,1.31,1.92,0.8,93.85
20170415,7.31,4.8574,2.2135,2.6558,0.48,23.47,26.53,21.45,88.3,1.15,2.16,0.73,93.82
20170416,7.43,5.2954,3.3204,2.4295,0.53,24.02,25.69,22.44,86.66,0.74,1.3,0.48,93.77
20170417,4.03,6.0358,4.9819,2.1598,0.6,24.53,27.49,22.49,86.41,1.69,2.82,1.06,93.76
20170418,2.43,5.399,3.0854,2.7211,0.54,23.48,25.33,22.09,89.43,0.93,1.74,0.61,93.86
20170419,1.02,5.7972,4.2475,2.2049,0.58,23.93,27.57,20.73,83.49,1.24,1.76,0.79,93.88
20170420,3.09,5.8186,4.6567,2.1302,0.59,23.33,26.13,21.87,90.12,0.98,1.65,0.66,93.93
20170421,16.5,5.8354,4.5859,2.0006,0.59,23.88,26.25,22.02,87.17,1.06,1.67,0.69,93.86
20170422,7.87,5.706,3.8568,2.3501,0.58,23.75,25.88,21.81,84.07,1.22,1.94,0.78,93.87
20170423,17.41,4.2665,1.5583,2.381,0.43,23.86,25.99,21.17,78.79,1.01,1.58,0.65,93.96
20170424,28.59,4.6944,2.2058,2.418,0.48,23.71,26.38,21.75,85.57,1.57,2.41,1.0,93.94
20170425,18.93,5.6522,4.6903,2.0328,0.58,23.57,27.0,20.98,85.95,1.33,1.99,0.84,93.89
20170426,0.48,5.9057,5.165,1.811,0.6,23.46,26.05,21.73,90.27,1.4,1.75,0.84,93.81
20170427,33.41,4.1278,0.8383,2.7727,0.42,22.97,23.84,22.26,94.9,1.41,2.49,0.86,93.85
20170428,11.39,4.2905,2.0741,2.231,0.44,23.85,26.52,22.36,86.01,1.14,2.17,0.75,93.88
20170429,17.06,4.7818,1.8026,2.6162,0.49,23.15,25.24,21.74,90.97,0.99,1.54,0.59,93.91
20170430,4.28,4.3279,0.4246,2.9462,0.45,22.87,24.16,21.99,92.0,1.37,2.66,0.85,93.98
20170501,0.39,5.5582,4.2682,2.0354,0.57,24.02,26.9,21.78,85.05,1.05,1.76,0.67,93.93
20170502,11.02,4.7239,3.2179,2.0842,0.49,24.17,26.26,22.36,91.35,1.34,1.81,0.83,93.87
20170503,7.07,4.8792,2.7595,2.3566,0.51,23.93,26.19,22.99,90.79,1.24,2.19,0.76,93.92
20170504,23.68,5.6496,4.5852,2.1914,0.59,23.87,26.09,22.05,85.81,1.22,2.17,0.79,93.96
20170505,4.42,5.9573,5.1478,2.0093,0.62,24.18,27.66,21.26,83.17,1.57,2.26,0.97,93.9
20170506,3.48,4.4971,1.6838,2.4962,0.47,23.2,25.58,21.7,91.15,1.75,2.67,1.09,93.97
20170507,18.07,4.8197,3.0367,2.2766,0.5,22.94,25.4,21.08,88.83,1.54,2.03,0.95,93.97
20170508,19.64,4.6646,2.2279,2.3976,0.49,22.54,24.09,21.02,94.93,1.53,2.26,0.95,93.9
20170509,23.67,4.7676,2.5546,2.4775,0.5,23.18,25.98,20.9,88.98,1.24,1.75,0.77,93.86
20170510,9.34,5.376,4.6651,1.9202,0.57,24.0,27.18,21.52,85.38,1.51,2.12,0.94,93.82
20170511,17.47,5.5327,3.9727,2.4245,0.58,23.96,26.46,22.0,90.18,1.29,1.82,0.8,93.78
20170512,26.61,2.3621,0.2198,1.7369,0.25,22.91,24.02,21.63,93.58,1.49,2.89,0.89,93.78
20170513,1.15,5.1278,3.0838,2.4569,0.54,23.72,27.31,20.85,86.82,1.28,2.46,0.77,93.75
20170514,6.34,2.8783,0.1589,2.1319,0.31,23.44,25.54,21.74,90.49,1.28,1.83,0.79,93.75
20170515,1.27,4.7762,1.4436,2.9117,0.51,23.83,26.9,21.37,86.87,1.31,1.98,0.8,93.77
20170516,1.5,5.321,3.1855,2.5339,0.57,23.51,26.62,20.7,84.42,1.38,1.83,0.84,93.73
20170517,33.97,4.5012,2.8754,2.1665,0.48,23.82,26.44,22.09,86.73,1.23,2.0,0.77,93.79
20170518,40.05,4.6334,3.6682,2.0282,0.5,24.01,26.82,21.7,85.92,1.16,1.94,0.73,93.85
20170519,36.3,3.5431,0.8489,2.3782,0.38,24.12,27.39,21.97,86.31,1.4,2.38,0.88,93.76
20170520,1.75,4.5415,2.9033,2.1919,0.49,23.56,26.29,21.45,88.03,1.26,2.17,0.81,93.68
20170521,21.92,4.4815,2.8855,2.1804,0.48,23.11,24.46,21.98,91.19,1.1,2.13,0.71,93.7
20170522,4.65,5.1907,3.7831,2.1713,0.56,23.91,27.14,21.52,86.71,1.23,2.25,0.77,93.78
20170523,33.88,4.7213,3.6,2.0525,0.51,23.8,26.75,21.66,87.15,1.11,1.83,0.69,93.81
20170524,6.69,2.569,0.1418,1.9668,0.28,23.42,25.93,20.9,88.52,1.33,1.77,0.82,93.85
20170525,6.71,4.8182,1.8804,2.8894,0.52,24.12,27.23,22.09,86.47,0.86,1.82,0.51,93.8
20170526,22.56,4.9406,3.5789,2.2404,0.54,23.97,26.52,22.36,87.52,1.06,1.73,0.67,93.74
20170527,40.44,4.9987,2.467,2.6906,0.54,23.66,25.94,21.92,90.7,1.1,1.95,0.68,93.71
20170528,34.44,5.4487,4.8367,1.9836,0.59,24.13,27.19,22.12,87.31,1.2,2.43,0.75,93.7
20170529,24.4,3.1783,1.0104,1.9778,0.35,22.97,25.5,21.59,92.01,1.46,2.4,0.9,93.84
20170530,6.97,4.7412,3.5004,1.9397,0.52,23.1,25.59,20.93,89.11,1.64,2.39,1.03,93.93
20170531,26.55,3.8729,1.1762,2.5181,0.42,23.8,27.11,21.07,87.16,1.42,2.16,0.88,93.86
20170601,10.19,3.7003,0.8611,2.3594,0.41,23.44,25.89,21.61,89.31,0.99,2.06,0.66,93.89
20170602,17.68,2.9412,0.2203,2.136,0.32,22.89,25.59,21.48,92.26,1.15,1.51,0.74,93.92
20170603,46.66,2.5373,0.0408,1.9289,0.28,22.65,24.24,21.45,94.93,1.67,2.65,1.01,93.96
20170604,7.97,3.1274,0.2177,2.3575,0.34,22.31,24.81,20.64,86.3,1.3,1.92,0.8,94.0
20170605,39.2,3.6014,1.1167,2.2349,0.4,23.14,26.48,20.67,87.48,1.24,2.19,0.77,93.89
20170606,40.83,4.3042,2.1619,2.2745,0.48,22.98,25.26,21.33,93.0,1.34,1.64,0.85,93.93
20170607,13.89,4.4578,1.2091,2.7581,0.49,23.26,25.17,21.94,90.64,1.3,2.23,0.79,93.91
20170608,3.63,4.272,1.349,2.6311,0.47,23.41,26.1,21.95,89.44,1.5,2.01,0.91,93.91
20170609,0.91,4.1808,2.3386,2.219,0.46,23.42,26.25,21.57,88.28,1.55,2.18,0.94,93.91
20170610,33.49,4.2166,2.1811,2.3201,0.47,23.35,26.06,21.55,87.86,0.93,1.64,0.59,93.95
20170611,29.9,3.5818,0.4661,2.6016,0.4,22.36,23.69,21.11,93.78,1.39,1.9,0.86,93.88
20170612,1.49,2.5507,0.1303,1.8754,0.28,22.57,24.17,21.49,90.02,1.05,1.88,0.67,93.94
20170613,2.47,2.2536,0.2489,1.5706,0.25,21.92,23.16,20.85,91.93,1.34,1.94,0.82,94.04
20170614,1.05,2.7722,0.2472,1.9229,0.31,22.18,24.18,20.49,86.6,0.88,1.62,0.55,94.1
20170615,0.89,3.3538,1.1333,2.1545,0.37,23.2,26.2,20.67,80.19,0.88,1.94,0.59,93.94
20170616,1.57,3.4008,0.4956,2.4348,0.38,22.89,25.39,21.24,84.08,0.99,1.8,0.65,93.93
20170617,1.89,4.8439,3.57,2.1454,0.54,22.59,24.81,21.05,89.65,1.2,1.38,0.73,93.85
20170618,0.62,5.2274,4.5972,1.9582,0.58,22.73,25.61,20.85,89.78,1.62,2.72,1.01,93.76
20170619,1.98,5.0558,3.8026,2.2997,0.56,22.93,26.08,20.17,83.91,1.31,1.78,0.82,93.81
20170620,13.5,4.273,2.9362,2.0707,0.48,22.65,24.34,21.6,90.45,1.19,1.65,0.72,93.78
20170621,8.25,2.5471,0.3007,1.8425,0.28,22.02,23.48,21.21,92.77,1.31,2.08,0.82,93.9
20170622,6.9,4.1124,1.1995,2.6174,0.46,22.23,24.82,19.89,87.21,1.33,2.18,0.84,93.95
20170623,9.5,4.8413,2.8049,2.4348,0.54,22.74,25.43,20.75,87.43,1.11,1.73,0.71,93.85
20170624,5.62,5.562,5.1665,1.8931,0.62,23.27,26.07,21.48,88.89,0.99,1.73,0.62,93.75
20170625,12.83,3.7075,1.1899,2.2517,0.41,22.35,24.06,20.72,94.2,1.71,3.44,1.08,93.83
20170626,3.58,4.8773,2.6734,2.586,0.54,22.31,24.86,20.57,86.74,1.2,2.04,0.75,93.9
20170627,5.4,4.097,1.6757,2.3496,0.46,22.55,25.36,20.29,89.36,1.42,2.0,0.9,93.91
20170628,2.26,5.2591,4.2269,2.3806,0.59,22.54,24.68,20.88,93.5,1.69,2.88,1.05,93.9
20170629,2.77,5.0134,3.815,2.1732,0.56,23.08,25.86,21.4,87.22,1.1,2.21,0.7,93.86
20170630,7.02,3.0175,0.4747,2.1377,0.34,22.94,25.1,21.51,86.44,0.99,1.49,0.65,93.84
20170701,4.26,4.1364,1.9339,2.2867,0.46,22.5,24.18,20.98,89.54,1.01,1.87,0.65,93.83
20170702,8.0,3.4752,0.6055,2.5524,0.39,22.33,24.15,21.32,91.5,1.14,1.46,0.73,93.92
20170703,8.08,4.8343,2.3767,2.6002,0.54,22.42,24.82,20.7,86.45,1.05,1.63,0.68,93.93
20170704,11.54,3.1762,0.3586,2.3414,0.35,22.42,24.5,21.07,89.65,1.1,2.0,0.69,93.94
20170705,3.13,5.6018,5.1718,1.9181,0.62,23.13,26.08,20.72,86.61,1.08,1.76,0.69,93.93
20170706,8.86,5.4334,4.4832,2.111,0.6,22.77,24.64,21.25,89.57,0.95,1.32,0.62,93.93
20170707,12.48,5.5118,4.7808,2.0105,0.61,23.15,26.01,21.41,86.8,1.06,1.68,0.69,93.89
20170708,3.46,5.2356,4.1374,2.0786,0.58,23.39,25.92,21.31,87.34,1.25,1.74,0.8,93.9
20170709,6.79,4.4057,2.3738,2.2543,0.49,22.85,25.55,21.15,88.46,1.48,3.04,0.92,93.89
20170710,4.31,4.387,2.6815,2.1103,0.49,23.02,25.89,20.78,87.72,1.35,2.72,0.87,93.86
20170711,17.86,3.1807,0.5604,2.1379,0.35,22.53,24.13,21.56,93.97,1.47,2.38,0.91,93.94
20170712,1.63,3.6511,0.4877,2.6146,0.4,22.74,25.08,21.21,86.99,1.17,2.04,0.75,93.97
20170713,19.64,4.8701,3.3502,2.1922,0.54,22.67,25.33,20.74,89.33,1.41,2.02,0.91,93.9
20170714,30.19,3.6242,1.0157,2.2464,0.4,21.82,23.04,20.59,95.88,1.76,2.42,1.09,93.87
20170715,1.02,6.1286,5.9093,1.7726,0.67,21.27,23.85,18.96,80.05,1.0,1.55,0.66,93.96
20170716,0.03,3.7603,0.9823,2.5774,0.41,21.28,24.26,18.03,84.45,1.52,1.83,0.94,93.89
20170717,14.88,3.3014,0.8071,1.961,0.36,21.63,23.83,19.89,91.29,1.77,2.48,1.07,93.9
20170718,10.27,2.9796,0.3312,2.1468,0.33,21.37,23.82,19.47,92.52,1.59,2.21,0.96,94.03
20170719,2.32,3.6473,0.6466,2.4751,0.4,21.31,22.96,19.95,89.85,1.3,2.03,0.77,94.05
20170720,0.61,4.6291,1.5816,2.7557,0.5,22.65,25.73,20.39,82.0,1.07,2.45,0.69,93.91
20170721,0.59,5.2342,3.3046,2.508,0.57,22.45,24.78,20.44,86.89,1.21,1.79,0.78,93.99
20170722,3.26,3.5297,0.4637,2.6088,0.38,22.51,25.27,20.99,87.83,1.52,2.44,0.94,94.0
20170723,3.34,3.4344,0.2892,2.5536,0.37,22.49,25.3,20.62,89.64,1.57,2.25,0.98,93.94
20170724,0.06,4.4009,3.179,1.8931,0.48,22.33,24.17,21.07,89.11,1.57,1.83,0.96,93.9
20170725,2.04,3.4051,2.275,1.7285,0.37,22.48,25.41,20.49,88.06,1.86,2.37,1.12,93.83
20170726,6.95,4.0906,1.9313,2.245,0.44,22.51,24.89,20.5,91.66,1.53,2.21,0.95,93.75
20170727,30.84,3.5126,0.5182,2.2934,0.38,23.0,25.3,21.22,89.77,1.22,1.87,0.75,93.83
20170728,3.99,4.4635,2.3842,2.3105,0.48,23.36,25.89,21.52,87.76,1.14,1.66,0.69,93.93
20170729,2.17,5.5478,4.6632,2.0042,0.6,22.46,24.11,21.08,91.77,1.35,1.9,0.82,93.96
20170730,1.48,4.655,2.7619,2.3196,0.5,23.08,25.9,20.98,89.64,1.48,2.7,0.93,93.85
20170731,38.23,3.8878,1.8031,2.0374,0.42,22.75,25.05,21.46,92.74,2.23,3.45,1.36,93.88
20170801,4.26,2.7293,1.5053,1.4246,0.29,22.47,24.96,20.77,91.95,1.97,2.84,1.23,93.96
20170802,1.07,3.8443,1.4575,2.1406,0.41,22.09,24.69,19.52,87.2,1.45,1.97,0.9,93.93
20170803,0.36,4.0692,2.2958,2.0095,0.43,22.52,25.15,20.6,88.07,1.5,2.31,0.95,93.85
20170804,1.59,2.844,0.6665,1.8372,0.3,22.34,24.31,21.16,88.19,1.11,2.13,0.74,93.83
20170805,9.95,4.8727,3.3149,2.3186,0.52,23.18,26.37,20.82,86.8,1.24,2.21,0.82,93.82
20170806,30.34,5.0794,4.5866,1.8667,0.54,23.0,25.91,20.73,88.97,1.25,2.34,0.8,93.86
20170807,31.95,4.0495,1.7784,2.2061,0.43,23.07,25.39,21.14,90.02,1.19,2.26,0.79,93.88
20170808,13.67,4.6718,3.0346,2.161,0.49,23.35,26.36,21.51,88.62,1.16,1.92,0.71,93.93
20170809,2.5,5.4322,4.0442,2.3011,0.57,23.17,26.12,21.04,84.09,1.2,1.96,0.76,93.94
20170810,15.46,4.4114,1.8778,2.4154,0.46,23.24,25.69,21.71,84.54,1.01,2.09,0.67,93.89
20170811,39.26,4.1042,1.4143,2.3758,0.43,22.67,24.35,21.36,90.5,0.9,1.7,0.57,93.88
20170812,8.31,2.664,0.1812,1.9039,0.28,22.79,25.42,21.1,88.21,1.18,2.24,0.74,93.9
20170813,2.41,5.3146,2.3779,2.9268,0.55,22.74,25.9,20.5,86.81,1.49,2.46,0.93,93.94
20170814,0.0,5.9508,4.2331,2.4569,0.62,22.71,25.68,20.69,83.23,1.2,2.15,0.77,93.95
20170815,4.06,3.815,1.7419,2.1125,0.4,22.43,24.76,20.76,89.7,1.88,3.21,1.19,93.85
20170816,7.42,3.8429,1.0831,2.376,0.4,22.24,24.75,20.91,89.37,1.11,2.3,0.74,93.75
20170817,7.44,4.2094,1.2218,2.5106,0.43,22.2,24.44,20.76,91.23,1.16,2.68,0.77,93.79
20170818,33.69,3.5232,0.4596,2.4998,0.36,22.12,24.27,20.93,92.73,1.26,1.94,0.8,93.88
20170819,6.07,3.4442,0.2866,2.5207,0.35,21.64,23.71,20.38,91.78,1.84,2.89,1.12,93.97
20170820,0.15,3.8393,2.1415,1.975,0.39,22.05,25.18,19.57,85.65,1.63,2.63,1.04,93.87
20170821,0.0,5.0189,2.6328,2.4034,0.51,22.47,25.22,20.17,85.9,1.17,2.66,0.76,93.75
20170822,0.54,4.0121,1.9805,2.0023,0.41,22.79,25.5,20.53,87.61,1.44,2.67,0.95,93.79
20170823,7.43,3.107,0.8227,1.9279,0.32,22.83,25.52,21.12,89.74,1.34,2.27,0.86,93.87
20170824,4.81,5.4718,4.0102,2.2414,0.56,22.49,25.46,20.64,87.03,1.13,1.5,0.72,93.89
20170825,6.65,3.0703,0.9305,1.926,0.31,21.54,23.04,20.24,91.44,1.71,3.2,1.07,93.86
20170826,0.72,5.8414,3.9854,2.4744,0.59,21.97,25.2,19.94,84.17,1.38,2.11,0.9,93.82
20170827,0.02,3.5623,1.7926,2.005,0.36,22.11,25.5,19.27,86.69,1.13,2.01,0.71,93.8
20170828,2.56,4.5103,2.4946,2.2195,0.45,23.0,26.46,20.54,86.8,1.6,2.57,1.02,93.74
20170829,3.25,4.0649,1.9476,2.2296,0.41,22.7,25.59,21.02,89.42,2.04,3.26,1.28,93.76
20170830,0.02,5.9803,5.3604,1.9483,0.6,22.59,25.68,20.42,86.35,1.72,2.47,1.08,93.86
20170831,1.39,5.4814,3.8765,2.31,0.55,22.51,25.53,20.13,88.29,1.35,2.33,0.88,93.95
20170901,10.49,4.2154,0.798,2.9028,0.42,22.26,24.15,20.72,90.64,1.33,1.57,0.83,93.94
20170902,9.56,2.9758,0.5774,2.0585,0.3,22.69,25.54,20.91,86.99,1.4,2.18,0.85,93.92
20170903,11.11,4.944,3.0643,2.2298,0.49,22.75,25.59,20.32,85.83,1.15,1.42,0.71,93.94
20170904,7.39,4.7573,2.7043,2.5176,0.47,22.91,25.38,20.7,85.99,0.9,1.41,0.57,93.89
20170905,1.51,7.1671,7.5835,1.3927,0.71,22.97,26.58,20.62,82.24,1.33,1.92,0.81,93.88
20170906,0.0,7.1878,7.4914,1.4726,0.71,22.6,26.39,19.39,85.26,1.23,2.04,0.79,93.89
20170907,3.43,4.6608,2.0786,2.6318,0.46,23.32,26.47,20.98,86.32,1.33,2.69,0.83,93.9
20170908,20.47,3.6528,1.6759,2.0798,0.36,23.12,25.94,20.92,87.95,1.5,2.24,0.94,93.88
20170909,3.89,5.856,5.2133,2.0585,0.58,23.53,26.51,20.87,85.75,1.12,2.29,0.74,93.75
20170910,2.46,5.2318,3.709,2.1271,0.52,23.56,26.46,21.67,87.76,1.52,2.56,0.94,93.77
20170911,12.56,5.185,3.2611,2.4168,0.51,23.56,26.77,21.31,90.62,1.76,2.95,1.12,93.77
20170912,20.81,6.0439,5.112,2.0268,0.59,23.65,26.78,21.16,87.31,1.33,2.49,0.84,93.82
20170913,26.64,4.1376,0.7673,2.5198,0.41,22.51,24.89,21.2,88.88,1.4,3.25,0.89,93.86
20170914,12.32,4.6814,2.0554,2.562,0.46,22.61,24.93,20.78,87.9,1.07,1.76,0.67,93.89
20170915,5.96,5.4967,3.1788,2.9326,0.54,23.02,25.75,20.9,86.61,1.12,1.69,0.72,93.86
20170916,30.53,4.8624,2.9726,2.2462,0.48,23.49,26.43,21.28,87.63,1.42,1.87,0.86,93.89
20170917,14.62,6.6331,6.5712,1.5643,0.65,23.3,26.27,21.57,85.61,1.38,2.09,0.87,94.01
20170918,0.01,6.6598,6.4404,1.8288,0.65,22.88,25.96,20.05,82.36,1.5,2.69,0.97,94.06
20170919,0.03,5.2543,3.2522,2.49,0.51,22.9,26.44,20.28,83.6,1.38,2.7,0.91,93.94
20170920,11.1,5.9582,3.9943,2.5668,0.58,22.93,25.94,20.51,84.8,1.47,2.59,0.97,93.86
20170921,7.85,4.1702,0.5182,2.7905,0.41,22.33,24.27,20.87,90.54,1.28,2.47,0.82,93.8
20170922,9.7,4.1698,0.4154,2.9784,0.4,22.76,25.01,21.12,87.46,0.87,1.37,0.56,93.88
20170923,31.44,4.5763,1.5101,2.6678,0.44,23.23,25.88,21.69,87.33,1.0,1.6,0.64,93.91
20170924,11.6,2.7566,0.1793,1.902,0.27,22.85,25.37,20.91,88.87,1.18,1.54,0.74,93.86
20170925,3.68,5.7732,3.4142,2.5001,0.56,23.22,25.99,21.28,88.46,1.29,1.91,0.83,93.83
20170926,1.17,7.1081,6.9706,1.8972,0.69,23.2,26.41,20.76,85.09,1.09,1.84,0.7,93.88
20170927,0.12,6.7502,5.5656,2.3369,0.65,23.86,27.27,21.16,81.83,1.23,1.86,0.79,93.88
20170928,0.21,6.6247,5.3738,2.3479,0.64,24.01,27.41,21.55,82.48,1.16,1.98,0.74,93.84
20170929,13.58,4.2341,1.2504,2.6825,0.41,23.48,26.24,21.32,89.27,1.84,2.75,1.15,93.9
20170930,6.15,6.3857,5.5601,1.9829,0.62,23.6,27.41,19.85,84.06,1.3,2.02,0.8,93.88
20171001,49.87,3.9965,0.7325,2.5618,0.38,23.05,25.8,20.84,90.25,1.54,2.67,0.99,93.83
20171002,9.18,6.2378,5.5325,2.0246,0.6,23.43,27.3,19.99,82.67,1.36,2.0,0.84,93.78
20171003,12.34,5.3815,3.4673,2.4252,0.52,23.46,26.03,21.46,87.44,1.08,1.74,0.69,93.82
20171004,18.76,5.2056,2.8075,2.6815,0.5,23.92,26.77,21.5,86.75,1.34,1.81,0.85,93.81
20171005,26.71,5.2728,2.7552,2.6712,0.51,23.55,25.54,22.04,90.08,1.53,2.69,0.98,93.78
20171006,2.09,7.1155,6.7284,1.8828,0.68,24.01,27.57,21.33,81.71,1.34,1.9,0.84,93.7
20171007,15.22,6.5095,5.7902,1.8922,0.62,24.13,27.56,21.69,84.2,1.53,2.56,1.0,93.6
20171008,20.5,4.6783,1.914,2.6621,0.45,23.1,26.27,20.65,89.45,1.33,1.99,0.83,93.67
20171009,9.73,6.1903,4.9663,2.2409,0.59,24.0,26.62,22.12,88.01,1.21,2.43,0.8,93.58
20171010,4.48,6.5292,5.6162,2.159,0.63,23.67,25.58,21.76,89.42,1.11,1.76,0.69,93.53
20171011,8.55,5.6974,3.3943,2.6477,0.55,24.07,26.72,22.58,89.7,1.36,2.65,0.87,93.55
20171012,2.15,5.5913,4.4539,2.2183,0.54,23.84,26.51,21.92,84.82,1.78,2.99,1.14,93.65
20171013,4.75,6.0607,4.8934,2.3753,0.58,23.77,26.39,21.57,83.45,1.33,2.76,0.86,93.59
20171014,1.34,5.4067,2.9186,3.2052,0.52,23.75,26.74,21.75,85.69,1.25,2.45,0.82,93.56
20171015,14.36,4.9579,0.961,3.3041,0.48,23.8,26.44,22.1,89.19,0.92,1.69,0.62,93.58
20171016,29.28,4.0241,0.9547,2.5627,0.39,23.17,26.03,21.51,90.95,1.47,2.08,0.94,93.67
20171017,15.24,5.2906,2.1994,2.9707,0.51,23.36,26.26,21.47,87.71,1.1,1.96,0.69,93.7
20171018,22.6,5.5447,3.6804,3.1555,0.53,23.64,25.92,21.75,88.61,1.3,2.14,0.84,93.71
20171019,19.99,4.9747,2.1262,2.6854,0.48,24.01,26.74,21.99,84.81,1.16,1.65,0.72,93.8
20171020,12.89,6.4176,5.208,2.7238,0.62,23.97,26.96,21.48,85.67,1.48,2.44,0.94,93.9
20171021,10.18,6.2818,4.1342,2.9652,0.6,23.88,26.47,22.42,84.13,1.0,1.38,0.65,93.94
20171022,4.59,5.7274,2.9923,2.9347,0.55,23.97,26.58,22.03,84.71,1.04,1.56,0.69,93.87
20171023,5.3,5.2646,3.1512,2.2778,0.5,23.68,25.7,22.21,90.61,1.59,2.26,0.98,93.87
20171024,3.84,6.1207,2.9942,3.0732,0.59,23.98,26.68,21.99,86.95,1.3,1.78,0.82,93.95
20171025,0.43,5.6698,3.5069,2.3964,0.54,24.23,27.01,22.33,85.97,1.41,1.96,0.85,93.95
20171026,1.95,5.7874,4.3382,2.369,0.56,23.75,26.0,21.88,88.69,1.55,2.37,0.97,93.88
20171027,22.95,4.4184,1.2214,2.921,0.42,23.88,26.42,22.27,86.7,1.36,1.89,0.84,93.85
20171028,7.14,6.5206,5.519,1.9968,0.63,24.13,27.15,22.0,86.54,1.43,2.61,0.9,93.76
20171029,18.37,5.3378,2.9642,2.6124,0.51,23.4,24.72,22.37,91.8,1.34,1.95,0.82,93.79
20171030,2.95,5.9671,4.2374,2.2726,0.57,22.57,23.92,21.51,86.23,0.96,1.46,0.63,93.79
20171031,0.14,5.7497,3.5554,2.5718,0.55,24.03,27.16,21.25,80.34,1.24,2.29,0.78,93.67
20171101,0.16,5.7538,3.2503,2.8061,0.55,24.57,27.04,22.7,84.7,1.29,2.16,0.84,93.64
20171102,1.29,4.5096,0.3358,3.2983,0.43,23.37,25.55,21.61,88.66,1.32,2.01,0.81,93.58
20171103,1.43,5.905,3.395,3.2323,0.57,23.91,27.42,20.68,81.88,1.31,1.91,0.83,93.54
20171104,3.68,5.8171,4.0334,2.2783,0.56,23.27,24.89,22.07,90.04,0.92,1.46,0.6,93.57
20171105,0.4,5.3602,2.4797,3.3185,0.52,24.15,27.44,21.6,82.22,1.49,1.86,0.92,93.61
20171106,0.9,5.2003,1.7431,3.288,0.5,23.65,26.15,22.07,87.46,1.64,2.31,1.0,93.63
20171107,2.9,6.0588,4.3174,2.441,0.59,23.98,27.16,21.47,82.95,1.21,2.0,0.76,93.64
20171108,1.4,6.0014,4.3601,2.3654,0.58,23.86,26.24,22.4,86.92,1.26,2.36,0.84,93.57
20171109,0.26,5.6143,3.6077,2.6316,0.54,24.26,26.73,22.21,84.76,1.71,2.88,1.08,93.56
20171110,0.62,6.5822,5.479,2.4259,0.64,24.19,27.9,21.64,84.01,1.59,2.27,0.99,93.65
20171111,1.04,5.5219,2.2668,3.3461,0.53,24.29,27.56,21.13,81.52,1.78,2.59,1.11,93.67
20171112,2.31,5.7655,3.552,2.9083,0.56,24.28,26.9,22.22,87.42,1.37,2.07,0.85,93.6
20171113,1.44,5.1828,2.5524,2.6873,0.5,23.83,25.68,22.81,89.4,1.37,1.83,0.86,93.61
20171114,5.42,5.0062,1.2089,3.341,0.49,23.05,25.21,21.86,89.68,1.36,2.45,0.84,93.72
20171115,3.86,6.0302,4.9541,2.173,0.59,24.14,26.93,21.94,86.14,1.03,1.87,0.66,93.68
20171116,3.63,5.1127,1.5478,3.0341,0.5,23.12,24.67,21.72,90.54,1.35,2.09,0.81,93.69
20171117,1.93,5.7874,3.1183,2.9484,0.56,23.74,27.01,21.18,85.37,1.52,2.52,0.94,93.64
20171118,14.03,5.6738,3.0192,2.9371,0.55,23.59,25.6,22.09,92.07,1.69,2.6,1.05,93.63
20171119,14.22,5.4226,3.101,2.6297,0.53,23.55,25.74,21.4,85.68,1.22,2.01,0.78,93.66
20171120,43.87,4.055,0.6814,2.9234,0.4,23.41,25.52,21.98,89.72,1.16,1.72,0.79,93.72
20171121,32.77,5.0705,2.9741,3.0792,0.49,23.25,25.18,22.07,91.07,1.45,2.03,0.95,93.63
20171122,5.9,5.0232,2.0551,2.9426,0.49,22.92,24.52,21.8,90.54,0.69,1.37,0.44,93.58
20171123,6.63,5.8658,4.1345,2.7864,0.57,24.15,27.51,21.72,84.37,1.19,1.79,0.76,93.49
20171124,7.68,5.7398,3.6809,2.4542,0.56,24.38,27.33,22.49,86.76,1.46,1.96,0.89,93.57
20171125,15.66,5.5222,3.025,3.3617,0.54,23.85,25.55,22.55,90.77,1.64,2.28,1.04,93.65
20171126,26.79,5.4619,3.4889,2.6225,0.53,24.19,26.63,22.32,89.09,1.45,2.19,0.9,93.59
20171127,19.88,6.283,5.2498,2.1444,0.61,24.24,27.44,22.5,88.89,1.13,1.78,0.67,93.47
20171128,12.29,5.9225,4.1681,2.3623,0.58,23.7,25.11,22.61,91.08,0.75,1.57,0.44,93.53
20171129,4.93,4.7006,1.1345,3.3694,0.46,23.36,26.17,21.54,85.81,1.04,1.49,0.63,93.63
20171130,14.95,5.9386,4.1354,2.405,0.58,24.89,28.28,22.34,81.52,0.9,1.27,0.6,93.56
20171201,3.42,5.161,2.3182,2.8769,0.51,23.97,26.01,22.31,85.36,0.91,1.45,0.58,93.63
20171202,0.59,5.2668,3.0161,2.4828,0.52,24.12,26.96,21.89,84.05,1.26,1.59,0.76,93.67
20171203,0.24,4.3601,0.7838,2.9146,0.43,24.18,26.53,22.2,85.65,1.05,1.35,0.66,93.72
20171204,3.65,6.0809,5.1019,2.341,0.6,25.01,27.97,23.01,82.78,0.91,1.59,0.6,93.61
20171205,19.8,5.239,2.2171,2.8817,0.51,24.01,25.76,22.75,90.12,1.21,1.64,0.77,93.63
20171206,8.25,6.0809,4.962,2.214,0.6,24.7,27.03,23.07,84.64,1.11,1.82,0.72,93.61
20171207,0.39,4.7225,1.8286,2.6165,0.46,24.11,26.03,22.49,87.8,1.0,1.52,0.61,93.68
20171208,8.64,5.7334,3.7034,2.6453,0.56,23.93,26.56,22.21,87.71,1.28,2.08,0.8,93.72
20171209,8.21,4.223,0.7666,2.73,0.42,23.72,26.31,21.83,85.09,1.43,2.24,0.89,93.8
20171210,6.36,5.7053,3.8645,2.4828,0.56,23.96,27.11,21.25,85.49,1.71,2.41,1.04,93.78
20171211,7.12,4.9152,1.2782,2.9981,0.48,23.68,25.85,22.24,89.94,1.02,1.86,0.62,93.82
20171212,20.58,4.914,2.3527,2.5452,0.48,24.45,27.38,22.51,86.59,1.32,2.1,0.83,93.76
20171213,8.83,5.2771,3.253,2.471,0.52,24.07,26.65,22.65,89.15,1.36,1.83,0.83,93.76
20171214,3.69,5.7557,3.306,2.8198,0.57,23.65,25.67,22.32,90.53,1.42,1.87,0.88,93.76
20171215,0.7,6.2554,5.3705,2.2908,0.62,24.68,28.23,21.63,81.24,0.95,1.57,0.62,93.73
20171216,0.74,6.035,4.392,2.3705,0.6,24.12,26.74,22.19,82.34,1.06,1.88,0.69,93.79
20171217,20.48,5.6206,3.4913,2.6402,0.55,23.63,26.29,21.57,86.79,1.16,2.07,0.72,93.77
20171218,7.86,4.3999,0.6338,2.9306,0.43,23.5,24.98,22.04,88.67,0.92,1.46,0.58,93.74
20171219,5.45,5.1079,3.2237,2.2586,0.5,24.02,26.72,21.68,83.5,0.87,1.67,0.52,93.73
20171220,10.25,4.3346,0.6242,3.1238,0.43,23.56,26.14,21.92,86.71,1.08,2.18,0.67,93.81
20171221,5.95,4.7813,1.9519,3.2242,0.47,23.02,25.92,20.93,85.86,0.99,1.7,0.6,93.76
20171222,2.38,4.1659,0.7308,2.9491,0.41,23.71,27.58,20.29,82.82,1.26,2.26,0.77,93.6
20171223,5.83,5.3998,3.4838,2.7559,0.53,23.92,27.21,21.18,86.89,1.2,2.1,0.75,93.49
20171224,1.25,5.3736,2.8519,2.7324,0.53,24.52,27.67,22.13,83.64,0.88,1.76,0.56,93.5
20171225,0.88,5.9273,4.651,2.4286,0.58,24.8,28.43,22.02,82.71,1.17,1.69,0.7,93.51
20171226,24.56,5.0112,2.5582,2.8426,0.49,24.25,26.75,22.59,88.39,0.98,1.54,0.6,93.57
20171227,16.7,5.3594,2.9095,2.8507,0.53,23.62,25.85,22.14,91.06,1.21,1.87,0.77,93.68
20171228,6.93,4.3351,0.9804,3.103,0.43,23.31,25.1,22.29,89.71,0.67,1.08,0.44,93.74
20171229,3.78,5.4794,2.8344,2.8963,0.54,23.97,25.98,22.39,85.8,1.24,1.91,0.78,93.72
20171230,2.14,4.7702,1.5907,2.9537,0.47,23.31,24.63,22.11,94.08,1.93,3.56,1.21,93.69
20171231,10.5,5.5171,3.48,2.5706,0.54,22.91,24.63,21.53,91.52,0.96,1.28,0.61,93.62
20180101,5.85,5.3614,3.3876,2.3935,0.53,23.59,26.01,22.15,90.12,1.36,2.22,0.88,93.49
20180102,6.26,5.0866,2.0698,2.6851,0.5,23.5,25.78,22.16,90.95,1.67,1.99,1.04,93.53
20180103,2.59,3.6401,0.1202,2.7763,0.36,23.02,24.76,21.88,92.25,0.86,1.2,0.55,93.59
20180104,27.0,5.6443,2.9198,3.0355,0.55,23.96,26.22,22.49,86.89,1.18,1.86,0.75,93.61
20180105,12.2,5.7636,3.5935,2.9261,0.56,24.21,27.07,22.06,84.58,1.28,1.63,0.78,93.56
20180106,10.91,4.4347,0.5671,3.2021,0.43,23.1,24.45,21.95,92.69,1.11,1.54,0.67,93.66
20180107,9.59,5.5973,2.7007,3.1373,0.55,24.18,27.46,21.53,81.11,1.24,1.66,0.76,93.73
20180108,6.97,5.4024,2.5826,3.3581,0.53,23.49,25.23,22.24,88.18,1.28,1.78,0.77,93.76
20180109,2.3,4.278,0.4582,3.0461,0.42,23.08,24.91,21.83,86.92,0.86,1.15,0.51,93.76
20180110,8.97,5.6986,3.9389,2.5644,0.56,23.21,25.15,21.7,91.62,2.06,2.58,1.29,93.73
20180111,16.69,4.9152,1.3207,3.3828,0.48,23.05,24.64,22.07,92.17,1.35,1.93,0.84,93.69
20180112,22.42,4.7117,0.827,3.3938,0.46,22.84,24.1,21.8,91.14,0.77,1.33,0.5,93.66
20180113,14.23,4.1988,0.1783,3.1759,0.41,22.33,23.59,21.27,88.34,0.92,1.36,0.52,93.73
20180114,1.15,3.4596,0.0617,2.6426,0.34,23.1,25.9,21.03,86.28,1.66,2.0,1.03,93.71
20180115,16.16,5.2327,2.7672,2.6513,0.51,21.88,23.63,20.81,90.82,1.15,1.65,0.73,93.65
20180116,4.91,3.6631,0.162,2.7871,0.36,22.65,25.37,20.88,86.08,0.88,1.38,0.58,93.57
20180117,0.9,4.2535,0.3749,3.0545,0.41,22.78,25.51,20.58,85.44,0.86,1.28,0.53,93.62
20180118,0.52,4.6781,0.6662,3.3744,0.45,23.18,25.6,21.27,86.41,1.14,1.73,0.69,93.65
20180119,5.25,4.6123,0.9456,3.3672,0.45,23.92,26.8,21.49,84.63,0.94,1.35,0.6,93.58
20180120,2.99,4.1062,0.6886,2.7041,0.4,23.5,26.17,20.96,85.27,0.74,1.54,0.44,93.53
20180121,0.33,5.0486,2.0081,3.1152,0.49,23.89,27.02,21.11,81.85,0.93,1.71,0.57,93.47
20180122,0.3,5.501,2.9808,2.7648,0.53,24.04,27.23,21.27,77.92,1.25,1.9,0.75,93.46
20180123,23.93,5.2332,3.0192,2.544,0.51,23.66,27.68,20.3,82.28,1.18,2.19,0.68,93.46
20180124,2.43,5.6952,3.0209,2.8697,0.55,23.54,26.36,20.93,80.97,0.87,1.36,0.54,93.47
20180125,1.33,5.5481,2.9926,2.7228,0.53,24.18,26.68,22.1,79.82,0.84,1.39,0.52,93.41
20180126,0.59,5.1886,1.985,3.1663,0.5,23.79,26.52,21.58,81.33,1.11,1.69,0.67,93.49
20180127,0.07,6.0902,3.6701,3.4334,0.59,23.85,27.68,20.97,80.92,1.34,2.05,0.81,93.46
20180128,0.0,5.999,3.3271,3.2791,0.58,24.23,28.1,20.74,78.87,1.15,2.06,0.66,93.53
20180129,0.0,5.609,1.956,3.4015,0.54,24.09,27.62,20.98,78.91,1.44,2.21,0.82,93.59
20180130,0.72,5.177,2.9717,3.0137,0.5,23.47,27.8,20.09,82.97,1.3,2.32,0.77,93.63
20180131,0.03,6.4118,4.5612,2.5111,0.61,23.84,27.62,20.48,79.95,1.23,1.8,0.74,93.71
20180201,0.0,4.7503,0.7603,3.2069,0.46,24.02,27.32,20.54,80.43,1.39,2.12,0.85,93.72
20180202,4.55,4.1947,0.3782,3.059,0.4,23.75,26.19,21.89,86.71,0.92,1.43,0.57,93.76
20180203,1.21,5.6266,3.8383,2.412,0.54,24.24,27.84,21.42,83.67,1.2,2.14,0.75,93.78
20180204,3.12,5.2284,2.1209,2.7161,0.5,24.15,27.11,22.33,84.87,1.61,2.25,0.96,93.81
20180205,3.3,5.6998,4.1966,2.3057,0.54,24.18,27.28,22.15,88.79,1.64,2.0,0.98,93.75
20180206,5.5,4.4568,1.6205,2.4458,0.43,24.19,26.95,22.52,86.4,1.5,2.38,0.9,93.78
20180207,5.48,5.2812,1.9404,2.9458,0.5,24.28,27.36,22.2,83.79,1.4,1.97,0.86,93.72
20180208,27.9,4.8842,2.1259,2.5512,0.47,23.65,26.01,21.94,86.13,0.84,1.32,0.54,93.78
20180209,14.77,5.5618,3.3679,2.4586,0.53,23.43,25.39,21.74,86.17,0.96,1.58,0.59,93.76
20180210,16.17,4.3622,0.7346,2.8342,0.42,23.27,25.12,21.92,90.74,1.35,1.76,0.82,93.75
20180211,5.92,4.3661,1.2089,2.483,0.42,22.8,24.52,21.7,90.25,0.58,1.29,0.38,93.84
20180212,0.28,4.6246,0.6053,3.2066,0.44,23.57,26.82,20.75,77.21,0.87,1.5,0.54,93.94
20180213,0.86,4.9469,1.9169,2.9357,0.47,23.74,26.78,21.19,85.67,0.84,1.89,0.52,93.93
20180214,1.18,5.6026,2.5666,2.9023,0.53,23.43,26.53,20.97,85.13,1.02,1.51,0.64,93.94
20180215,2.3,5.0834,2.7046,2.3722,0.48,23.19,26.24,20.28,84.82,1.4,2.16,0.86,93.95
20180216,2.97,5.6525,2.8862,2.9158,0.54,23.42,26.22,20.75,83.22,1.07,1.98,0.65,93.9
20180217,1.32,4.9961,1.2727,3.2054,0.47,23.94,26.5,21.72,82.63,0.96,1.52,0.59,93.8
20180218,0.9,5.6448,2.7521,2.9618,0.53,24.7,28.12,21.58,81.9,1.04,1.75,0.65,93.76
20180219,5.68,4.099,0.3442,2.9383,0.39,22.99,24.0,21.97,91.82,1.44,1.96,0.88,93.81
20180220,19.19,5.658,3.8974,2.209,0.54,24.15,27.39,21.68,84.44,1.27,2.26,0.8,93.68
20180221,25.64,5.4074,3.2426,2.4965,0.51,23.13,25.36,21.76,90.68,1.42,1.94,0.91,93.67
20180222,8.57,5.484,3.8417,2.0774,0.52,23.73,27.13,21.22,84.24,1.36,2.26,0.86,93.65
20180223,6.34,5.747,3.5842,2.6724,0.54,23.24,25.28,21.68,88.11,1.03,1.45,0.66,93.73
20180224,26.88,5.8382,4.0075,2.3784,0.55,22.9,24.97,21.55,89.22,1.62,2.55,1.03,93.8
20180225,20.91,5.6938,2.3714,3.5273,0.54,23.36,25.94,21.55,90.41,1.57,2.11,0.97,93.72
20180226,11.6,5.2577,3.2304,2.2994,0.5,23.55,25.87,22.03,89.6,1.15,1.5,0.7,93.69
20180227,5.59,4.8233,1.1678,3.1759,0.46,23.02,24.19,21.88,92.35,1.2,1.58,0.75,93.73
20180228,14.65,4.8386,3.3242,2.0486,0.46,24.16,27.22,21.87,85.54,1.24,2.16,0.75,93.64
20180301,20.71,4.6591,0.7584,3.013,0.44,23.01,24.35,22.11,91.82,1.03,1.61,0.65,93.71
20180302,1.54,5.8807,3.5856,2.7497,0.56,23.46,26.29,21.38,87.44,1.1,1.65,0.69,93.73
20180303,0.73,3.7082,0.1726,2.6887,0.35,23.25,24.7,22.21,90.46,1.45,2.04,0.92,93.71
20180304,18.77,5.2291,2.9662,2.4266,0.49,24.04,26.66,22.06,84.46,1.07,1.87,0.71,93.69
20180305,21.03,5.0837,1.3294,3.0996,0.48,23.72,26.04,21.83,90.69,1.31,1.6,0.81,93.73
20180306,14.42,5.6873,2.561,3.2309,0.54,23.55,25.56,22.48,90.75,1.84,2.66,1.16,93.7
20180307,12.06,4.968,2.3443,2.4677,0.47,23.18,25.0,22.12,91.92,1.57,2.11,0.96,93.69
20180308,9.22,5.3868,3.2424,2.3906,0.51,23.52,26.58,21.56,87.32,1.24,1.87,0.78,93.64
20180309,7.61,6.1202,4.5934,2.3246,0.58,23.84,26.59,21.92,88.13,1.0,1.53,0.63,93.68
20180310,6.12,6.0713,4.8876,2.2195,0.58,23.8,26.71,21.93,89.16,1.16,1.58,0.75,93.67
20180311,9.19,5.7881,3.8126,2.5454,0.55,22.66,24.28,21.36,90.74,1.07,1.96,0.69,93.77
20180312,20.55,4.6133,0.6631,2.969,0.44,22.46,24.7,21.39,92.54,1.37,2.55,0.85,93.78
20180313,8.75,5.3081,1.3901,3.2666,0.5,23.3,26.36,21.5,88.93,1.64,2.81,1.02,93.76
20180314,3.83,4.5041,1.3978,2.8632,0.43,23.36,25.81,21.53,88.77,1.0,1.47,0.61,93.81
20180315,5.2,4.5638,1.4676,3.0854,0.43,23.64,26.3,21.8,87.33,1.0,1.59,0.62,93.81
20180316,8.76,4.8804,0.449,3.4903,0.46,23.36,25.93,21.98,88.0,0.74,1.52,0.45,93.83
20180317,0.95,6.4296,4.2598,2.7994,0.61,24.47,28.18,22.13,83.41,0.87,1.59,0.59,93.81
20180318,0.6,5.7202,2.2644,3.3674,0.55,23.48,25.58,22.11,87.92,0.96,1.43,0.59,93.85
20180319,3.84,6.2436,4.3596,2.4377,0.6,24.1,26.85,21.96,87.64,1.54,1.8,0.94,93.75
20180320,4.06,6.6624,5.4365,2.2483,0.64,24.11,25.95,22.57,86.75,1.27,1.7,0.8,93.68
20180321,18.44,5.6686,3.6857,2.6546,0.54,24.36,27.38,22.22,82.82,0.77,1.1,0.5,93.56
20180322,9.26,4.2612,0.5443,2.7756,0.41,23.07,25.74,21.33,86.34,0.88,1.48,0.54,93.65
20180323,3.44,6.1738,4.5223,2.1893,0.59,23.32,25.86,20.91,84.28,1.04,1.81,0.66,93.71
20180324,8.41,5.881,3.6014,2.5968,0.56,23.34,24.97,22.22,89.66,1.44,2.03,0.91,93.76
20180325,32.12,4.5986,0.8407,2.8944,0.44,23.14,25.42,21.99,91.01,1.11,1.59,0.72,93.83
20180326,3.6,4.7746,1.0714,3.0329,0.46,23.46,26.18,21.58,86.56,1.09,1.96,0.71,93.84
20180327,13.02,4.6133,1.7791,2.6882,0.44,23.59,25.87,22.05,88.25,1.03,2.24,0.64,93.75
20180328,19.6,5.2884,2.9801,2.4115,0.51,23.88,26.34,21.96,86.24,0.93,1.59,0.55,93.73
20180329,16.81,4.6889,0.894,3.289,0.45,23.9,26.22,22.59,88.51,1.28,1.7,0.77,93.67
20180330,7.55,4.5211,0.8647,2.7022,0.44,23.98,25.87,22.32,86.75,0.96,1.82,0.56,93.68
20180331,1.19,3.0202,0.1973,2.1233,0.29,22.93,25.42,21.57,88.98,0.83,1.25,0.5,93.76
20180401,3.73,6.1466,4.9543,2.0261,0.6,23.48,25.83,21.16,86.8,1.22,2.1,0.73,93.67
20180402,13.92,5.6777,3.0067,2.7557,0.55,23.28,25.08,21.71,89.46,1.38,1.92,0.87,93.78
20180403,14.55,4.8341,2.0983,2.483,0.47,23.89,27.14,21.38,83.18,1.55,2.1,0.95,93.8
20180404,14.87,5.2745,2.7187,2.6131,0.51,23.55,26.29,21.78,83.53,1.14,2.04,0.75,93.79
20180405,13.83,5.9558,4.3157,2.238,0.58,23.29,27.06,20.57,84.03,1.24,1.95,0.8,93.68
20180406,14.59,5.7173,3.7486,2.3916,0.56,23.09,25.87,21.08,88.32,1.35,1.95,0.85,93.69
20180407,24.74,4.5744,1.1966,2.7324,0.45,22.82,25.36,21.03,88.99,1.16,1.54,0.76,93.85
20180408,8.13,5.8829,4.2617,2.3839,0.58,23.32,26.65,20.54,85.6,1.15,2.14,0.74,93.86
20180409,0.94,6.1932,5.4415,2.717,0.61,24.21,27.06,22.27,81.43,1.15,1.82,0.74,93.89
20180410,0.02,6.5544,6.1711,1.867,0.65,24.57,27.41,22.11,81.99,1.15,1.51,0.72,93.79
20180411,2.05,5.7276,4.5881,2.3652,0.57,23.78,26.01,22.27,87.95,1.11,1.9,0.71,93.73
20180412,0.77,6.2016,5.3503,2.2219,0.61,23.76,25.97,21.99,90.09,1.22,2.09,0.77,93.7
20180413,1.92,5.3777,2.9902,2.7715,0.53,24.53,27.19,22.65,88.69,1.49,2.29,0.92,93.73
20180414,3.22,6.2978,5.485,2.1199,0.63,24.77,28.07,22.09,81.37,1.18,1.78,0.76,93.66
20180415,13.06,5.7883,4.4057,2.435,0.58,24.54,26.82,22.95,88.47,1.36,2.11,0.87,93.57
20180416,3.4,5.2385,3.4066,2.4905,0.52,24.18,26.24,22.79,93.79,1.67,2.3,1.02,93.68
20180417,8.26,4.9834,2.0234,2.5368,0.5,23.64,25.24,22.33,89.2,1.27,2.11,0.77,93.82
20180418,4.9,5.3798,3.3965,2.5046,0.54,23.7,26.34,21.69,88.32,1.76,2.59,1.13,93.76
20180419,42.22,4.0008,0.4925,2.9539,0.4,22.78,24.34,22.02,93.11,1.4,1.73,0.88,93.8
20180420,3.18,4.3234,1.1114,2.8394,0.43,23.24,25.34,21.69,89.25,1.32,1.86,0.84,93.75
20180421,6.74,6.0372,5.0446,2.1317,0.61,23.64,25.73,22.06,89.73,1.56,2.94,1.0,93.75
20180422,4.91,5.4271,3.6994,2.3486,0.55,23.71,25.87,21.94,90.63,1.4,2.78,0.9,93.69
20180423,2.36,5.0117,2.6141,2.4132,0.51,23.92,26.42,22.38,89.65,1.32,1.75,0.83,93.7
20180424,22.13,3.1306,0.3372,2.0693,0.32,23.25,24.85,21.98,93.53,1.5,2.12,0.9,93.69
20180425,23.82,5.059,2.5502,2.6254,0.51,23.35,25.9,21.34,89.96,1.72,2.57,1.05,93.73
20180426,11.44,4.1153,1.0272,2.508,0.42,22.86,24.68,21.64,89.97,1.01,1.39,0.6,93.88
20180427,0.25,5.3942,3.199,2.4713,0.55,23.52,26.16,21.7,86.92,1.14,1.6,0.69,93.92
20180428,4.2,4.351,1.571,2.3556,0.45,23.46,25.45,22.08,90.93,1.95,2.95,1.21,93.89
20180429,14.45,4.1376,1.8578,2.2272,0.42,22.9,24.38,22.01,90.78,1.87,2.82,1.18,93.91
20180430,0.44,6.0794,5.304,2.0616,0.63,23.77,27.32,20.92,84.12,1.23,1.62,0.79,93.89
20180501,3.18,5.4816,4.6363,2.0714,0.57,23.45,25.76,22.18,88.46,1.69,2.32,1.04,93.91
20180502,9.27,4.5247,1.8271,2.4521,0.47,22.86,24.56,21.49,91.33,1.41,1.97,0.86,93.94
20180503,1.05,5.7638,4.6702,2.1223,0.6,23.83,26.8,21.78,85.82,1.45,2.35,0.93,93.93
20180504,0.04,6.1582,5.7821,1.8566,0.64,23.6,26.55,21.6,86.67,1.3,1.7,0.82,93.98
20180505,0.43,4.4753,2.454,2.3227,0.47,24.02,26.77,21.94,85.01,1.66,2.25,1.01,94.04
20180506,1.36,6.2186,6.1788,1.679,0.65,23.98,27.42,21.35,82.85,1.27,1.7,0.8,94.05
20180507,6.35,5.6338,4.98,1.9106,0.59,23.37,27.06,21.11,84.72,1.11,1.79,0.71,93.92
20180508,5.49,5.196,3.6708,2.2668,0.54,22.99,25.13,21.36,85.54,0.99,1.94,0.66,93.92
20180509,1.54,5.6218,4.482,2.1173,0.59,23.53,26.91,21.0,85.97,1.31,2.46,0.85,93.97
20180510,16.8,5.7638,5.4468,1.7791,0.61,23.53,26.57,20.85,84.58,1.25,1.9,0.78,93.96
20180511,15.28,4.7242,1.8442,2.735,0.5,23.2,24.98,21.88,90.99,1.21,1.93,0.78,93.89
20180512,11.61,4.7854,2.2675,2.4907,0.51,23.15,25.78,21.09,85.61,1.43,2.13,0.88,93.9
20180513,4.09,5.5534,4.2209,2.4298,0.59,23.48,26.68,21.2,87.19,1.2,1.72,0.75,93.84
20180514,0.75,4.2264,1.0596,2.7386,0.45,23.32,24.75,21.91,93.72,1.44,2.49,0.87,93.79
20180515,0.43,5.1778,4.5043,1.9493,0.55,24.38,27.45,22.44,85.74,1.36,1.67,0.83,93.75
20180516,5.63,4.9474,2.4907,2.747,0.53,24.3,27.13,21.91,85.59,1.21,1.91,0.76,93.7
20180517,33.65,3.4534,0.2868,2.6078,0.37,23.53,25.45,22.54,94.43,1.86,2.8,1.15,93.63
20180518,3.33,4.416,2.0844,2.3806,0.47,23.22,24.94,22.13,92.77,1.2,1.92,0.75,93.6
20180519,9.89,4.4014,2.5478,2.2327,0.47,23.49,26.55,20.76,83.92,1.31,1.83,0.81,93.6
20180520,16.3,3.1524,0.1296,2.3273,0.34,22.59,24.06,21.2,92.02,1.27,1.56,0.8,93.68
20180521,6.77,2.6602,0.4438,1.9567,0.29,22.98,25.13,21.47,87.65,1.24,1.89,0.79,93.76
20180522,2.57,4.9884,4.3051,1.9598,0.54,23.6,26.82,20.59,86.15,1.22,1.95,0.74,93.76
20180523,4.18,5.089,3.8542,2.2553,0.55,24.17,26.84,22.15,85.91,1.19,1.53,0.73,93.71
20180524,20.73,4.4534,2.615,2.2418,0.48,23.67,26.21,21.72,90.45,0.97,1.57,0.62,93.69
20180525,12.0,4.6946,2.8615,2.3203,0.51,24.25,27.22,22.04,85.64,1.08,1.8,0.68,93.67
20180526,6.1,4.7052,2.4386,2.6251,0.51,23.75,26.15,22.38,86.66,0.77,1.53,0.49,93.76
20180527,4.77,5.2282,4.1246,2.1787,0.57,24.02,26.91,21.94,85.52,0.86,1.52,0.57,93.75
20180528,11.12,3.7896,0.3173,2.8351,0.41,23.22,24.75,21.91,92.34,0.64,1.25,0.4,93.75
20180529,5.58,2.9438,0.197,2.1526,0.32,23.2,25.34,21.48,92.7,1.79,2.7,1.1,93.74
20180530,4.43,4.5286,2.7002,2.213,0.5,23.29,26.03,21.63,91.87,1.53,2.65,0.98,93.74
20180531,5.3,4.9133,3.6907,2.0422,0.54,23.17,25.96,20.87,86.12,1.25,1.79,0.8,93.81
20180601,6.91,3.2678,0.7901,2.13,0.36,23.31,25.49,21.99,88.85,1.17,2.17,0.76,93.82
20180602,24.12,3.703,1.955,2.0635,0.41,22.87,24.6,21.17,92.71,1.36,2.06,0.84,93.79
20180603,30.12,2.8507,0.5146,1.9966,0.31,22.54,24.38,20.85,90.02,1.17,1.93,0.7,93.85
20180604,2.92,3.001,0.3226,2.2752,0.33,22.58,24.01,21.49,90.22,1.02,1.7,0.58,93.83
20180605,0.39,4.805,3.179,2.3806,0.53,23.51,26.72,21.08,84.8,1.31,2.0,0.84,93.89
20180606,0.0,5.0347,4.4794,1.7494,0.56,24.13,27.25,21.85,85.49,1.12,1.99,0.73,93.87
20180607,0.1,3.4766,2.0681,1.782,0.38,24.01,26.89,22.05,88.42,1.57,2.65,0.99,93.85
20180608,0.03,5.3021,4.3874,2.0263,0.59,23.83,26.7,22.01,86.97,1.26,2.29,0.82,93.81
20180609,0.42,5.2841,5.2574,1.9202,0.59,23.75,26.87,21.4,86.05,1.18,2.28,0.74,93.88
20180610,0.12,6.0122,6.6139,1.4638,0.67,23.83,26.88,21.46,83.28,1.09,1.52,0.67,94.0
20180611,5.75,5.1046,4.1585,2.1698,0.57,24.19,26.58,22.27,83.06,0.9,1.58,0.59,93.98
20180612,21.83,4.7988,3.6674,1.9906,0.53,23.08,24.52,22.15,90.55,0.88,1.62,0.55,93.93
20180613,5.45,4.9445,3.4166,2.1418,0.55,23.18,25.63,21.33,89.22,1.39,1.94,0.88,93.88
20180614,3.12,4.8871,3.0072,2.3014,0.54,23.11,25.42,21.77,88.12,1.19,1.66,0.7,93.93
20180615,1.75,4.3651,1.9898,2.598,0.49,22.73,24.89,20.96,87.74,1.6,2.22,1.0,93.99
20180616,8.08,4.5996,3.1932,2.1286,0.51,22.64,25.4,20.57,86.39,1.52,3.03,0.98,93.97
20180617,2.77,5.2627,4.2634,2.0549,0.59,22.72,25.59,20.2,84.91,1.42,2.05,0.91,93.95
20180618,0.2,5.7307,6.5088,1.3625,0.64,22.96,25.29,21.13,87.48,1.03,1.56,0.66,93.87
20180619,8.48,5.3006,4.6997,2.004,0.59,23.1,25.09,22.02,87.55,1.03,1.41,0.61,93.93
20180620,28.53,4.2336,2.2728,2.2255,0.47,22.63,24.98,20.89,88.05,1.2,1.91,0.77,94.04
20180621,27.47,5.448,4.7126,2.1029,0.61,22.23,24.8,20.6,89.66,1.3,2.07,0.83,94.0
20180622,16.29,3.0948,0.275,2.3162,0.35,22.28,25.28,20.41,83.84,0.99,1.71,0.65,94.0
20180623,9.64,4.5144,3.4932,2.0966,0.5,22.67,25.92,20.43,86.22,1.15,2.07,0.75,93.91
20180624,18.58,5.2594,5.231,1.7722,0.59,22.8,25.83,20.88,88.15,1.14,2.05,0.7,93.86
20180625,15.31,3.8894,1.1381,2.3686,0.43,22.07,23.85,20.7,91.2,1.31,1.71,0.79,93.89
20180626,14.09,3.2719,0.4882,2.2937,0.37,21.53,23.29,19.82,94.51,1.56,2.2,0.95,93.91
20180627,24.3,3.3307,0.7877,2.1972,0.37,22.08,23.61,20.83,91.03,1.09,1.74,0.66,93.88
20180628,1.64,3.3079,0.4178,2.3352,0.37,21.86,24.1,20.29,83.97,1.0,1.9,0.58,93.83
20180629,19.18,4.1107,1.6682,2.4924,0.46,21.26,22.61,19.89,93.47,1.08,1.53,0.67,93.81
20180630,8.13,4.374,1.9546,2.4866,0.49,22.17,25.14,20.03,90.74,1.32,2.07,0.8,93.83
20180701,3.05,4.1486,2.3143,2.4139,0.46,22.52,24.85,20.36,86.56,1.1,1.52,0.7,93.88
20180702,6.1,2.353,0.0768,1.8202,0.26,22.3,24.5,20.79,88.64,1.11,1.9,0.72,93.86
20180703,13.41,4.2622,2.0789,2.2764,0.47,22.07,24.48,19.96,91.24,1.33,2.39,0.84,93.83
20180704,20.76,2.9626,0.4116,2.1134,0.33,21.89,24.09,20.4,90.1,0.97,1.42,0.62,93.83
20180705,2.17,3.7166,0.445,2.5354,0.41,21.82,24.88,19.37,87.04,1.42,1.89,0.88,93.93
20180706,0.33,4.3354,3.5897,1.9104,0.48,22.37,25.39,20.04,89.17,1.76,2.47,1.07,93.78
20180707,8.63,3.8546,1.6867,2.147,0.43,22.67,25.43,20.71,90.07,1.38,2.66,0.89,93.75
20180708,3.64,3.0778,1.3483,1.8396,0.34,22.36,25.35,19.96,88.24,1.59,2.41,1.0,93.79
20180709,0.06,4.4513,3.0914,2.1598,0.49,21.94,25.29,19.32,87.52,2.1,3.02,1.27,93.82
20180710,0.13,3.6139,0.5304,2.473,0.4,22.1,25.24,20.08,86.12,1.9,2.36,1.16,93.82
20180711,0.59,4.1304,2.8526,1.969,0.46,22.11,25.03,20.15,89.26,1.81,2.44,1.12,93.85
20180712,0.7,4.1136,1.0202,2.5764,0.45,22.32,24.81,20.41,90.15,1.92,3.01,1.18,93.85
20180713,1.14,5.275,4.147,2.0954,0.58,22.66,24.77,21.0,89.67,1.38,1.94,0.88,93.79
20180714,0.26,4.7501,3.4656,2.1552,0.52,23.17,26.05,20.93,87.93,1.68,2.18,1.05,93.75
20180715,4.42,4.2043,3.4992,1.7177,0.46,22.8,25.54,21.11,90.09,2.06,3.05,1.27,93.75
20180716,5.51,4.4098,2.6606,2.1578,0.48,22.21,25.03,20.43,89.95,1.44,1.92,0.88,93.84
20180717,0.94,5.4214,5.0083,1.841,0.59,23.02,26.09,20.62,87.68,1.62,2.14,1.0,93.75
20180718,1.15,4.4923,2.9237,2.0311,0.49,23.53,26.58,21.33,88.33,1.49,2.37,0.96,93.76
20180719,1.08,4.9865,3.8474,2.0477,0.54,23.51,25.9,21.76,90.42,1.6,2.55,1.0,93.83
20180720,2.33,4.6334,3.7862,1.9298,0.51,23.72,26.49,22.05,87.93,1.22,2.31,0.77,93.84
20180721,9.59,3.5494,0.4486,2.4787,0.39,22.71,24.12,21.63,95.62,1.34,2.67,0.85,93.87
20180722,3.9,4.0644,1.2874,2.575,0.44,22.48,23.93,21.36,92.71,0.9,1.78,0.59,93.93
20180723,9.01,4.1534,2.0508,2.1864,0.45,22.01,23.74,20.73,91.67,1.12,1.98,0.73,93.9
20180724,4.34,2.7667,1.159,1.6735,0.3,22.33,25.15,20.47,87.04,1.29,2.33,0.83,93.9
20180725,5.63,4.6531,3.4378,1.9574,0.5,23.16,26.52,20.55,87.53,1.5,2.29,0.98,93.88
20180726,5.73,5.1053,3.9029,2.0918,0.55,23.79,27.37,21.68,88.29,1.2,1.82,0.75,93.88
20180727,1.05,5.0551,3.9667,2.2738,0.54,23.45,26.08,21.94,90.49,1.85,2.3,1.16,93.87
20180728,0.4,4.1011,2.3794,2.0736,0.44,23.54,26.7,21.5,88.91,1.81,2.59,1.13,93.8
20180729,0.85,4.0512,2.3143,2.1226,0.43,23.16,26.24,21.26,88.86,1.45,2.32,0.93,93.82
20180730,10.99,4.9262,3.8232,2.065,0.53,22.94,25.47,21.18,89.78,1.18,2.11,0.78,93.85
20180731,7.06,4.2761,1.1215,2.9278,0.46,22.89,25.69,20.76,85.45,1.24,2.04,0.78,93.89
20180801,0.08,5.8409,5.0861,2.0304,0.62,22.61,25.61,20.64,82.62,1.09,1.94,0.71,93.97
20180802,0.0,4.992,3.7128,2.0729,0.53,21.82,24.82,19.31,84.92,2.01,3.2,1.22,94.05
20180803,2.09,5.0302,4.1354,1.979,0.53,21.84,24.43,19.73,86.82,1.81,2.72,1.11,93.97
20180804,0.65,5.087,3.9473,2.0983,0.54,22.51,25.65,20.52,86.47,1.22,2.26,0.8,93.91
20180805,1.34,5.3222,4.0752,2.0755,0.56,22.83,26.13,20.45,87.95,1.96,2.66,1.2,93.91
20180806,0.64,4.338,1.248,2.7785,0.46,22.54,25.31,20.26,87.71,1.93,2.88,1.18,93.92
20180807,5.09,4.793,2.7415,2.3455,0.51,22.98,26.33,20.69,86.95,1.56,2.36,1.02,93.81
20180808,2.7,5.717,4.1614,2.4434,0.6,23.03,25.95,21.02,85.17,1.56,2.21,0.99,93.86
20180809,1.2,5.3568,3.7754,2.3261,0.56,22.94,25.76,20.6,84.79,1.03,1.42,0.65,93.92
20180810,3.17,4.8106,2.1379,2.7845,0.5,22.81,25.07,21.53,87.14,0.88,1.44,0.59,93.98
20180811,3.58,4.7669,2.7526,2.388,0.5,22.9,25.86,20.86,86.89,1.25,2.13,0.79,93.89
20180812,5.46,2.9486,0.8222,1.7117,0.31,22.99,25.68,21.39,88.22,1.78,2.46,1.09,93.92
20180813,0.7,4.9114,2.2109,2.6753,0.51,23.01,26.13,20.81,83.21,1.15,2.26,0.75,93.97
20180814,1.44,5.3933,4.6306,1.879,0.56,22.97,25.94,21.01,86.78,1.46,2.3,0.95,93.92
20180815,7.94,5.089,3.8837,2.1139,0.53,22.53,24.98,20.86,90.96,1.82,2.43,1.11,93.85
20180816,3.89,4.5199,3.5206,1.8372,0.47,22.81,25.89,21.06,88.92,1.9,2.64,1.19,93.75
20180817,1.04,5.3911,4.1369,2.1422,0.56,23.13,26.24,20.94,87.7,2.02,2.42,1.24,93.72
20180818,1.4,3.4769,1.6452,1.8317,0.36,23.17,26.31,21.07,87.33,1.77,2.38,1.12,93.79
20180819,0.62,4.2158,2.0052,2.2006,0.43,23.11,26.02,21.31,86.27,1.55,2.2,0.98,93.85
20180820,6.21,5.9681,5.0378,2.093,0.61,22.8,25.69,20.65,86.2,1.52,2.38,0.97,93.84
20180821,20.3,4.8384,3.6187,2.0741,0.5,22.86,26.38,20.18,87.41,1.65,2.47,1.07,93.8
20180822,7.17,4.5703,2.7331,2.2032,0.47,22.79,25.55,21.35,88.05,1.6,2.14,1.02,93.86
20180823,0.35,5.0755,3.655,2.1322,0.52,23.15,26.6,20.38,85.87,1.43,2.41,0.95,93.86
20180824,4.36,4.5679,2.3755,2.2423,0.46,22.88,25.73,20.81,88.49,1.39,1.71,0.86,93.92
20180825,3.06,5.7816,4.6673,2.0441,0.59,23.14,26.3,20.68,87.16,1.6,2.4,1.02,93.83
20180826,6.82,4.925,2.8574,2.2894,0.5,22.88,25.48,21.43,88.98,1.9,2.95,1.21,93.85
20180827,8.54,5.7684,4.4172,2.2874,0.58,22.46,24.82,20.53,88.55,1.13,1.41,0.74,93.96
20180828,0.79,5.5416,4.363,2.0537,0.56,23.36,27.02,21.0,83.23,1.12,1.79,0.72,93.95
20180829,11.18,5.7734,4.7102,2.059,0.58,23.1,26.18,20.98,84.64,1.38,2.16,0.87,93.89
20180830,6.89,4.7635,2.682,2.2834,0.48,22.52,24.2,21.43,90.6,1.31,2.27,0.8,93.95
20180831,0.12,5.7689,4.0735,2.2195,0.58,22.85,24.86,21.3,85.18,1.26,2.04,0.8,93.95
20180901,0.0,5.5385,3.0761,2.693,0.55,23.06,26.46,20.18,83.19,1.46,2.4,0.94,93.94
20180902,0.08,5.6071,4.0704,2.2474,0.56,22.55,25.69,20.46,84.4,1.85,3.14,1.15,93.94
20180903,0.33,5.2481,3.6151,2.1814,0.52,22.31,25.54,19.41,84.12,1.64,2.14,1.02,93.93
20180904,30.41,4.0546,1.4369,2.4434,0.4,22.46,25.21,20.57,88.64,1.6,2.48,0.99,93.93
20180905,12.03,4.3961,1.0966,2.9006,0.44,21.98,24.0,20.36,88.38,1.29,2.66,0.83,93.89
20180906,1.03,3.9235,0.5561,2.6933,0.39,21.9,24.23,19.98,86.16,1.32,2.2,0.86,93.87
20180907,0.08,5.8776,3.8066,2.6803,0.58,22.85,26.26,20.16,80.52,1.37,1.89,0.87,93.9
20180908,0.0,7.0877,7.0356,1.4928,0.7,23.01,26.09,20.39,80.32,1.2,2.05,0.79,93.89
20180909,21.36,6.3569,5.5534,2.0981,0.63,23.25,26.97,20.17,80.35,1.19,1.98,0.78,93.95
20180910,39.15,6.5323,5.7732,2.0035,0.64,22.34,25.39,18.82,84.16,2.12,3.92,1.32,94.12
20180911,0.0,7.4138,7.8636,1.4335,0.73,21.53,25.56,17.65,76.78,1.71,2.35,1.09,94.07
20180912,0.0,7.0342,6.737,1.7705,0.69,21.78,25.82,17.78,78.13,1.63,2.39,1.06,93.93
20180913,0.0,6.2232,4.9589,2.449,0.61,21.74,25.24,18.65,80.09,1.61,2.69,1.05,93.87
20180914,0.21,5.797,4.0056,2.4374,0.57,22.38,25.91,19.61,82.5,1.73,2.86,1.11,93.85
20180915,0.71,5.448,3.0557,2.6402,0.53,22.56,25.63,20.61,83.5,1.56,2.25,0.98,93.88
20180916,0.19,6.3958,4.8156,2.3926,0.63,23.27,26.92,20.18,80.64,1.16,1.96,0.76,93.79
20180917,0.42,6.1795,4.9531,2.189,0.6,23.67,27.46,20.19,82.5,1.4,1.88,0.87,93.75
20180918,10.68,3.451,0.557,2.227,0.34,22.15,23.19,20.81,90.11,1.46,4.22,0.92,93.83
20180919,4.63,6.3358,5.2884,2.2166,0.62,22.58,26.05,19.52,84.81,1.45,2.18,0.9,93.83
20180920,1.38,6.3526,4.4825,3.3737,0.62,23.14,26.63,20.29,81.65,1.24,2.11,0.8,93.83
20180921,0.0,7.0469,6.4819,1.945,0.68,22.82,26.36,20.24,78.83,1.41,2.24,0.93,93.95
20180922,0.0,6.8556,5.975,2.0388,0.67,23.08,26.53,20.13,80.0,1.27,2.31,0.84,94.09
20180923,9.55,5.7499,4.2168,2.1367,0.56,23.47,26.81,20.95,82.91,1.36,2.56,0.88,94.03
20180924,7.52,5.2951,3.8978,2.2442,0.51,23.02,26.34,20.56,82.49,1.62,2.45,1.02,93.96
20180925,0.61,6.1968,4.6663,2.399,0.6,23.29,26.8,19.85,79.88,1.44,2.09,0.94,93.86
20180926,0.12,6.5376,5.6882,2.0578,0.63,23.65,27.1,20.94,79.47,1.09,2.29,0.74,93.84
20180927,0.0,5.7998,4.4918,2.2423,0.56,23.55,27.33,21.0,82.33,1.36,2.39,0.89,93.8
20180928,7.08,5.5814,3.7306,2.3407,0.54,23.34,27.04,20.68,85.04,1.47,2.22,0.93,93.8
20180929,14.49,6.0202,4.1222,2.4017,0.58,23.62,27.26,21.46,86.94,1.47,2.55,0.94,93.74
20180930,7.7,6.408,4.8528,2.3978,0.62,23.38,26.71,20.8,85.4,1.44,2.39,0.88,93.78
20181001,1.14,6.773,6.1781,1.9889,0.65,23.96,27.82,21.22,81.95,1.4,2.22,0.89,93.82
20181002,0.0,5.9897,4.6073,2.3278,0.58,23.71,27.24,21.01,82.54,1.52,2.82,1.0,93.82
20181003,0.0,6.4308,5.0969,2.3426,0.62,23.64,27.5,20.58,82.54,1.62,2.99,1.05,93.85
20181004,0.0,5.773,3.9715,2.4348,0.56,23.91,27.69,21.35,82.02,1.34,2.4,0.84,93.88
20181005,0.51,6.5873,4.9817,2.7115,0.63,23.78,28.02,19.62,79.2,1.43,1.95,0.88,93.87
20181006,13.87,5.807,3.8765,2.4595,0.56,23.96,26.84,21.95,85.14,1.16,2.25,0.74,93.9
20181007,11.62,5.3875,3.0617,2.5382,0.52,23.11,25.87,21.37,89.53,1.24,2.6,0.79,93.84
20181008,2.4,6.0811,5.1336,2.0448,0.58,24.02,27.54,21.53,80.87,0.97,1.81,0.65,93.81
20181009,4.89,5.6045,3.0636,2.6446,0.54,24.15,27.79,21.48,84.98,1.44,2.53,0.93,93.73
20181010,1.94,5.4605,3.2136,2.5236,0.52,24.21,27.37,22.03,85.1,1.19,2.31,0.77,93.76
20181011,7.5,4.6128,1.4561,2.9198,0.44,24.0,26.86,21.71,87.06,1.25,1.87,0.81,93.78
20181012,15.64,4.92,1.2811,2.8894,0.47,23.17,25.54,21.02,90.58,1.44,2.08,0.92,93.83
20181013,17.84,5.0429,2.0306,2.8579,0.48,22.8,26.38,19.97,86.77,1.37,2.3,0.88,93.89
20181014,3.64,6.8462,6.0878,2.1374,0.66,23.85,27.61,20.85,80.48,1.16,2.11,0.77,93.92
20181015,0.14,6.4656,4.9435,2.4322,0.62,23.5,26.45,21.32,83.35,1.38,2.13,0.88,93.98
20181016,0.0,6.3924,4.3649,2.863,0.61,23.47,26.07,21.16,79.82,1.16,1.69,0.73,93.93
20181017,1.41,6.4855,4.555,2.545,0.62,23.89,27.53,20.7,80.01,1.35,2.0,0.88,93.85
20181018,4.56,5.3635,3.0883,2.5877,0.51,23.44,26.53,21.1,85.5,1.74,3.0,1.09,93.85
20181019,7.25,6.0458,4.4335,2.3107,0.58,22.96,25.77,20.35,86.69,1.48,1.96,0.91,93.93
20181020,14.31,5.2706,2.459,2.8668,0.51,22.68,24.02,21.37,90.6,1.09,1.59,0.68,93.95
20181021,0.33,6.2501,4.9142,2.3849,0.6,23.68,26.95,21.53,82.37,1.23,2.25,0.78,93.99
20181022,0.0,7.1861,6.4927,2.0213,0.69,23.9,27.33,21.32,79.96,1.55,2.16,0.96,93.94
20181023,0.0,5.7499,2.7185,3.1781,0.55,23.94,27.38,21.3,79.89,1.4,1.89,0.9,93.91
20181024,0.0,7.2528,6.7092,2.1646,0.7,23.88,27.86,20.27,80.25,1.43,2.07,0.9,93.92
20181025,2.61,7.055,6.9552,1.7758,0.68,24.25,27.86,21.7,80.94,1.41,2.17,0.92,93.95
20181026,5.32,5.2997,3.703,2.3407,0.51,23.77,26.86,21.8,86.49,1.85,3.01,1.16,94.01
20181027,0.55,5.9482,4.1266,2.5421,0.57,23.8,27.08,21.11,82.46,1.71,3.12,1.11,93.92
20181028,0.04,5.9146,3.5926,2.8774,0.57,23.91,27.22,21.77,81.55,1.48,2.53,0.96,93.78
20181029,0.11,5.5291,3.4469,2.5889,0.53,24.05,27.03,21.64,80.69,1.56,2.6,1.0,93.75
20181030,0.15,6.1774,5.0508,2.2176,0.59,24.16,27.51,21.5,78.48,1.17,2.3,0.78,93.74
20181031,4.04,5.8579,3.8431,2.7677,0.56,23.43,26.39,21.18,86.36,1.04,1.43,0.65,93.74
20181101,3.82,5.6441,2.7634,2.7821,0.54,23.83,27.04,21.44,86.45,1.13,1.88,0.69,93.73
20181102,9.52,6.2323,4.4405,2.7566,0.6,24.41,27.38,22.02,82.65,1.02,1.4,0.65,93.83
20181103,5.06,6.443,4.6555,2.7259,0.62,24.97,28.54,21.79,79.17,1.15,1.94,0.75,93.79
20181104,3.36,5.6767,3.6204,2.711,0.55,24.41,26.86,22.28,87.51,1.69,2.77,1.06,93.65
20181105,2.54,5.8927,4.4215,2.2174,0.57,23.83,25.44,22.51,89.74,1.33,3.11,0.83,93.67
20181106,14.84,5.8387,3.8628,2.5109,0.56,24.0,26.63,22.0,88.97,1.45,2.72,0.92,93.62
20181107,17.71,6.4637,5.7324,2.5073,0.62,24.35,27.8,21.82,86.23,1.27,1.98,0.79,93.62
20181108,19.41,5.5764,2.7473,3.0869,0.54,23.24,24.23,22.11,91.62,1.29,2.17,0.81,93.63
20181109,17.22,5.7127,3.7344,2.7398,0.55,22.89,24.91,21.72,92.79,1.54,2.53,0.99,93.7
20181110,1.22,4.9985,2.4336,2.6743,0.48,22.74,24.26,21.38,87.85,1.15,1.61,0.74,93.72
20181111,0.03,5.993,4.7196,2.2543,0.58,24.29,27.99,21.62,80.81,1.14,1.67,0.68,93.7
20181112,0.0,5.2382,2.987,2.8649,0.51,24.29,27.16,22.02,84.99,1.67,2.07,1.02,93.67
20181113,0.99,5.4134,3.0271,2.9414,0.52,24.43,27.76,21.89,83.96,1.5,1.96,0.93,93.61
20181114,1.57,5.6294,3.929,2.3789,0.55,24.85,27.82,22.9,82.22,1.06,1.91,0.68,93.69
20181115,1.9,5.471,2.1914,3.0883,0.53,24.36,27.83,22.08,84.26,1.39,1.87,0.85,93.83
20181116,0.67,5.7799,3.9634,2.663,0.56,24.19,27.1,22.39,85.49,1.39,2.22,0.88,93.82
20181117,1.03,5.4994,3.4519,2.4876,0.53,24.28,27.7,21.59,80.76,0.66,1.27,0.41,93.83
20181118,5.33,5.489,3.3521,2.4446,0.53,23.83,26.77,22.08,85.48,0.81,1.23,0.51,93.87
20181119,14.99,5.7518,3.3626,2.7454,0.56,23.76,25.58,22.22,85.95,0.96,1.28,0.62,93.88
20181120,2.64,6.3396,4.9414,2.4343,0.62,24.73,27.79,22.47,80.9,1.21,2.0,0.76,93.79
20181121,3.42,6.1157,4.8,2.7218,0.6,24.2,26.97,22.71,84.83,1.58,2.09,0.97,93.76
20181122,5.24,5.543,4.0075,2.3911,0.54,23.62,25.52,22.05,87.05,1.28,1.95,0.82,93.86
20181123,3.76,5.7094,4.0999,2.5946,0.56,23.4,25.2,22.09,85.19,1.1,1.65,0.7,93.93
20181124,1.86,4.1952,1.2612,2.477,0.41,23.91,26.87,22.06,84.23,1.09,1.64,0.72,93.93
20181125,18.14,5.2414,1.5384,3.4632,0.51,23.32,25.26,21.72,92.5,1.55,2.23,0.99,93.94
20181126,22.94,4.4566,0.6655,3.0792,0.44,22.94,24.45,22.1,91.37,0.93,1.33,0.6,93.97
20181127,21.31,6.0586,4.2451,2.6407,0.59,23.81,26.7,21.99,85.64,0.79,1.37,0.5,93.95
20181128,3.34,5.3201,3.1015,2.5222,0.52,24.09,26.94,22.27,87.45,1.18,1.93,0.78,93.95
20181129,4.35,5.3263,3.5052,2.3674,0.52,23.23,24.34,22.54,91.96,1.3,1.87,0.8,93.95
20181130,25.85,5.3976,3.397,2.4638,0.53,23.03,24.8,21.89,92.52,1.46,1.78,0.88,93.88
20181201,33.56,5.0851,2.0971,2.8164,0.5,23.09,24.99,22.06,93.47,1.23,1.59,0.74,93.79
20181202,17.22,5.2344,2.6561,2.7242,0.51,23.54,25.92,22.1,89.74,1.29,1.97,0.78,93.73
20181203,4.01,5.8157,3.9883,2.5526,0.57,23.45,25.68,22.06,89.83,0.59,0.99,0.38,93.75
20181204,2.81,6.0098,5.2594,2.0472,0.59,24.14,26.97,22.05,85.69,1.17,2.03,0.78,93.75
20181205,9.58,6.0871,5.2462,2.25,0.6,24.48,27.25,22.59,84.09,0.95,1.52,0.62,93.68
20181206,7.77,5.9971,4.7374,2.3462,0.59,24.93,27.97,22.61,81.59,1.19,1.94,0.78,93.56
20181207,0.17,5.8142,4.1962,2.5349,0.57,24.98,28.27,22.51,81.04,1.28,1.97,0.82,93.57
20181208,0.03,5.6688,3.991,2.4742,0.56,24.68,27.43,22.56,84.04,1.2,1.81,0.74,93.68
20181209,0.13,5.2447,2.327,2.9052,0.52,24.02,25.96,22.61,85.9,0.97,1.58,0.62,93.74
20181210,6.87,6.1778,5.1396,2.4418,0.61,24.84,28.42,22.02,83.5,1.21,1.69,0.74,93.66
20181211,34.56,4.7945,2.0222,2.5063,0.47,24.54,27.38,22.59,86.18,1.33,1.69,0.81,93.72
20181212,32.67,4.4606,1.3706,2.7353,0.44,24.06,26.43,22.53,88.37,0.91,1.24,0.57,93.78
20181213,34.1,5.6779,4.2415,2.2068,0.56,23.73,25.29,22.62,91.71,1.3,1.96,0.82,93.79
20181214,7.28,5.9933,4.4434,2.6638,0.59,24.83,28.53,22.42,84.51,1.1,1.74,0.68,93.75
20181215,16.56,5.2826,1.6826,3.7073,0.52,24.25,27.44,22.34,88.69,1.23,1.78,0.75,93.75
20181216,47.5,4.8703,2.3933,2.7036,0.48,23.6,25.49,22.11,85.99,0.62,1.34,0.41,93.87
20181217,6.5,4.5031,0.4915,3.3406,0.44,23.39,26.57,21.34,87.37,1.16,2.05,0.71,93.9
20181218,0.64,4.691,1.535,3.1097,0.46,24.3,26.9,22.26,82.48,0.48,0.82,0.33,93.9
20181219,5.69,4.4767,0.5122,3.2362,0.44,24.01,27.0,21.64,86.83,1.21,2.18,0.74,93.88
20181220,5.18,4.7076,1.3615,3.2398,0.46,24.36,27.23,22.63,87.95,1.04,1.68,0.63,93.79
20181221,1.3,4.891,1.8557,2.8836,0.48,24.42,27.02,22.06,83.23,0.73,1.31,0.46,93.73
20181222,10.93,5.5622,3.5184,2.3234,0.55,23.6,26.16,21.52,84.25,1.14,1.68,0.7,93.69
20181223,11.71,4.8559,2.6959,2.664,0.48,24.12,27.3,21.84,84.86,1.1,1.81,0.67,93.6
20181224,32.32,4.842,2.5966,2.5212,0.48,22.57,23.79,21.52,94.91,1.59,2.66,0.97,93.62
20181225,6.22,4.5629,0.4558,3.4178,0.45,23.02,25.8,21.18,89.21,1.02,1.84,0.62,93.69
20181226,11.23,4.0634,1.0183,2.5817,0.4,23.11,24.82,22.21,93.04,1.23,1.99,0.75,93.65
20181227,4.62,3.7951,1.7112,2.2956,0.37,23.99,27.35,21.47,84.06,0.94,1.75,0.59,93.52
20181228,7.5,4.265,1.6978,2.4245,0.42,23.6,26.75,21.18,84.19,0.8,1.67,0.51,93.52
20181229,1.63,5.3858,3.9713,2.2752,0.53,24.23,28.18,21.15,82.49,1.15,2.08,0.71,93.65
20181230,0.74,3.8285,0.3523,2.9026,0.38,24.21,27.16,21.88,82.69,0.86,1.5,0.56,93.8
20181231,0.22,4.7777,1.7047,2.8404,0.47,24.28,27.79,21.35,80.87,1.09,1.77,0.68,93.87
20190101,1.57,3.4078,0.2054,2.5783,0.33,24.21,26.48,22.79,83.32,0.56,0.99,0.37,93.9
20190102,5.87,3.9499,0.4445,2.8596,0.39,23.85,26.97,21.3,81.54,1.04,1.75,0.65,93.93
20190103,0.72,5.2778,1.9354,2.9719,0.52,24.06,27.85,21.05,84.45,1.22,1.64,0.76,93.99
20190104,11.06,5.7206,3.0974,3.0749,0.56,23.6,25.38,22.31,88.77,0.75,1.29,0.44,94.03
20190105,17.29,4.9224,1.2581,3.1891,0.48,23.08,25.06,21.73,91.28,0.95,1.48,0.58,94.06
20190106,0.81,5.5037,3.5628,2.5397,0.54,23.98,27.43,21.28,82.51,1.02,1.73,0.64,93.95
20190107,36.65,5.8387,4.4225,2.2937,0.57,24.28,26.9,22.08,85.57,1.24,2.0,0.79,93.89
20190108,19.96,5.6014,3.821,2.497,0.55,23.76,25.95,22.36,89.42,1.21,1.44,0.75,93.89
20190109,11.17,4.8938,2.0054,2.7005,0.48,23.55,26.18,21.81,86.44,1.24,2.02,0.75,93.85
20190110,5.13,4.967,1.8926,2.9162,0.49,23.45,25.3,22.27,89.88,1.52,2.09,0.93,93.87
20190111,1.57,5.9635,5.0002,2.2464,0.58,24.1,26.59,22.13,83.72,1.07,1.65,0.68,93.79
20190112,3.29,5.3678,3.1466,2.4144,0.52,23.8,26.65,21.51,86.58,1.43,2.04,0.91,93.8
20190113,3.19,5.4871,3.6355,2.3738,0.53,23.84,27.08,21.57,86.87,1.28,1.74,0.79,93.74
20190114,17.66,5.1761,3.3084,2.2908,0.5,23.43,25.13,22.24,91.4,1.0,1.45,0.6,93.65
20190115,11.73,5.129,2.0045,2.9098,0.5,23.84,26.99,21.51,85.89,0.93,1.57,0.56,93.66
20190116,11.97,4.5024,1.373,2.645,0.44,23.66,25.98,21.82,86.38,0.76,1.15,0.47,93.68
20190117,5.01,4.1885,0.7622,2.7977,0.41,23.16,26.13,21.64,84.65,1.06,1.61,0.66,93.75
20190118,0.16,5.491,2.6714,3.3602,0.53,24.29,28.23,21.2,81.13,1.11,1.77,0.7,93.69
20190119,8.74,4.0154,0.216,3.0046,0.39,23.67,25.76,22.18,92.0,1.64,2.27,0.99,93.68
20190120,9.64,4.9903,1.2286,3.306,0.48,23.52,24.74,22.64,94.02,1.65,2.44,0.97,93.69
20190121,5.34,4.4237,0.685,2.969,0.43,24.06,26.81,22.45,88.31,0.94,2.04,0.59,93.65
20190122,1.04,4.4203,0.8095,3.101,0.43,24.63,27.87,21.69,79.1,1.12,1.81,0.68,93.65
20190123,0.06,4.6258,0.3722,3.4889,0.45,23.69,26.23,21.43,83.14,0.9,1.42,0.56,93.73
20190124,0.01,5.3189,1.0637,3.5532,0.51,23.88,28.04,20.87,80.65,1.04,1.71,0.62,93.77
20190125,0.31,5.5409,2.7206,2.9678,0.53,24.16,27.84,19.95,77.15,1.27,2.14,0.78,93.75
20190126,1.29,3.9845,0.1368,2.9849,0.38,24.06,27.09,21.87,79.91,1.15,1.71,0.71,93.82
20190127,0.95,4.9116,1.2353,3.1188,0.47,24.04,27.98,20.8,81.55,1.27,1.99,0.79,93.82
20190128,0.65,4.565,1.0601,2.9218,0.44,23.97,26.83,21.9,81.51,0.83,1.41,0.52,93.88
20190129,0.35,4.1249,1.1714,2.3191,0.4,23.22,25.57,21.37,83.66,1.0,2.01,0.65,93.95
20190130,3.87,3.9127,0.6151,2.767,0.38,23.5,25.49,21.79,83.96,1.09,1.39,0.69,93.96
20190131,4.74,5.6861,3.1918,2.7048,0.55,23.98,26.79,22.37,85.11,1.14,1.98,0.73,93.95
20190201,16.04,6.1154,4.1287,2.4953,0.59,23.84,26.31,21.71,87.02,0.95,1.38,0.6,93.92
20190202,4.93,4.4695,0.3077,3.3278,0.43,24.11,26.96,22.14,85.1,0.86,1.86,0.54,93.88
20190203,8.91,4.5298,0.307,3.3888,0.43,23.66,25.25,22.6,92.7,1.17,1.49,0.75,93.88
20190204,28.39,5.1041,1.6267,2.8742,0.49,23.33,24.73,22.23,92.59,0.8,1.21,0.49,93.92
20190205,10.53,5.3342,1.2468,3.6948,0.51,23.6,26.14,21.75,83.05,0.67,1.31,0.44,93.95
20190206,5.93,5.9926,3.7358,2.7264,0.57,24.13,27.63,21.6,82.6,0.81,1.22,0.5,93.89
20190207,8.24,4.931,0.6545,3.5818,0.47,24.32,27.25,22.14,85.93,1.25,1.96,0.78,93.9
20190208,50.14,5.2692,2.5694,2.5927,0.5,23.81,26.3,22.61,90.32,1.75,2.23,1.09,93.92
20190209,27.68,4.9824,1.4165,3.0197,0.47,23.26,25.26,22.05,91.41,1.63,2.05,1.04,93.96
20190210,23.09,5.4871,2.3582,3.0022,0.52,23.26,25.72,22.01,90.36,0.93,1.53,0.6,94.06
20190211,42.67,5.0762,3.0655,2.2109,0.48,23.22,25.53,21.98,91.5,0.84,1.39,0.54,94.1
20190212,31.44,5.3647,2.3947,2.7926,0.51,22.72,24.74,21.64,92.33,1.14,2.0,0.74,94.12
20190213,10.52,5.7773,3.5318,2.585,0.55,22.12,23.45,21.17,92.83,1.32,1.99,0.86,94.2
20190214,0.18,5.6254,2.2262,3.0533,0.53,23.7,27.15,21.05,86.25,1.37,2.17,0.87,94.07
20190215,2.29,4.4158,1.2912,2.6575,0.42,23.54,25.07,21.56,90.76,1.89,2.86,1.16,94.03
20190216,7.12,4.673,0.8491,3.3595,0.44,23.0,26.57,20.27,87.73,1.48,1.96,0.92,94.03
20190217,20.33,5.982,4.7712,2.1607,0.57,23.36,26.51,21.57,87.8,1.58,2.32,1.0,93.99
20190218,10.56,5.827,3.7195,2.4194,0.55,23.61,26.57,21.49,86.93,1.17,2.03,0.74,94.03
20190219,1.86,5.9294,3.1752,2.9335,0.56,23.51,26.64,21.08,85.85,1.12,1.65,0.72,94.1
20190220,8.92,5.7161,3.7646,2.5001,0.54,23.6,26.56,21.67,88.09,1.07,1.72,0.66,94.08
20190221,17.36,5.5294,3.5376,2.4936,0.52,22.91,24.55,21.43,92.04,1.15,2.2,0.72,94.1
20190222,3.36,6.0746,3.8544,2.6494,0.57,23.51,26.44,21.51,86.45,0.97,1.77,0.63,93.98
20190223,3.42,5.4475,1.8619,3.3785,0.52,23.96,26.86,21.56,85.98,1.41,1.81,0.9,93.84
20190224,1.32,5.8387,3.817,2.5711,0.55,23.57,25.63,22.06,90.76,1.84,3.06,1.14,93.78
20190225,1.86,5.6618,3.9499,2.3652,0.54,23.47,25.39,21.75,90.78,1.47,2.45,0.92,93.9
20190226,0.84,5.4283,4.2391,2.0462,0.51,24.12,27.38,21.42,86.16,1.65,2.5,1.04,93.82
20190227,0.12,6.4685,5.5793,2.0755,0.61,24.14,27.81,21.11,79.04,1.18,2.0,0.73,93.69
20190228,27.73,5.1281,2.6126,2.6052,0.48,24.42,27.6,21.72,84.27,1.5,2.4,0.97,93.65
20190301,23.86,3.5549,0.5184,2.4166,0.34,23.81,25.85,21.99,91.47,1.12,1.79,0.68,93.71
20190302,2.78,5.3155,2.4557,2.6594,0.5,23.33,24.79,22.32,91.9,1.66,3.05,1.02,93.7
20190303,22.97,5.9546,4.1422,2.3189,0.56,23.42,26.3,21.38,86.97,0.87,1.4,0.57,93.7
20190304,10.64,5.797,3.1433,2.9414,0.55,23.14,24.27,21.96,91.12,1.07,1.89,0.71,93.74
20190305,7.67,5.3122,1.7803,2.9609,0.5,22.99,25.09,21.22,91.69,1.26,1.92,0.76,93.74
20190306,1.66,6.4661,4.967,2.5049,0.61,23.64,27.82,19.9,80.43,1.46,2.36,0.88,93.81
20190307,44.65,5.6801,2.9167,2.7576,0.54,22.99,25.32,22.18,89.71,1.1,1.66,0.69,93.92
20190308,4.66,5.2574,0.8868,3.743,0.5,23.42,25.87,22.24,84.36,0.97,2.04,0.63,93.96
20190309,1.87,5.9906,3.5069,2.6371,0.57,24.15,27.46,21.71,86.37,1.25,2.33,0.79,93.92
20190310,1.44,5.0894,2.5361,2.3683,0.48,23.89,26.44,22.19,87.65,1.35,1.8,0.84,93.91
20190311,2.99,4.9205,1.7858,2.8963,0.47,23.87,27.07,21.53,86.05,1.19,1.68,0.74,93.88
20190312,1.97,4.362,0.373,3.1817,0.41,22.95,25.34,21.43,86.91,0.68,1.38,0.41,93.97
20190313,12.09,3.7466,0.1606,2.753,0.36,23.07,24.87,21.91,89.13,1.19,1.84,0.76,94.0
20190314,11.84,4.3826,1.0601,2.8738,0.42,23.65,26.49,22.41,85.62,1.15,2.05,0.75,93.99
20190315,4.1,5.5934,2.7089,3.0401,0.53,24.49,28.09,21.6,79.76,0.72,1.05,0.49,93.83
20190316,1.36,4.5026,1.5722,2.8433,0.43,23.9,27.36,20.39,79.66,1.04,2.35,0.63,93.81
20190317,24.8,6.0941,3.8645,2.6659,0.58,23.91,27.47,20.04,82.16,1.17,2.24,0.71,93.85
20190318,4.58,7.2792,7.0229,1.8821,0.69,24.32,28.03,21.51,78.99,0.81,1.27,0.47,93.82
20190319,0.02,7.422,7.3675,1.6049,0.71,24.93,28.93,21.73,80.21,0.92,1.4,0.59,93.74
20190320,0.11,6.8772,6.024,2.1785,0.66,24.26,26.24,22.81,88.6,1.27,1.77,0.8,93.75
20190321,0.27,5.7838,4.1774,2.2006,0.55,24.62,27.22,22.48,87.52,1.4,1.97,0.91,93.73
20190322,2.24,5.987,3.8405,2.5399,0.57,24.07,25.82,23.01,89.75,1.1,1.49,0.7,93.8
20190323,14.53,5.5766,2.7163,2.9933,0.53,24.54,26.66,22.88,84.91,0.7,1.12,0.43,93.78
20190324,9.69,5.6705,2.6933,2.959,0.54,24.14,26.48,22.3,85.31,0.77,1.36,0.46,93.81
20190325,7.08,5.305,2.3004,2.6638,0.51,23.68,25.15,22.23,88.89,1.16,1.57,0.71,93.9
20190326,3.03,5.0998,2.4367,2.5344,0.49,24.19,26.58,22.4,84.92,1.11,1.7,0.73,93.95
20190327,2.67,5.1365,2.4022,2.597,0.49,23.86,25.65,22.56,93.55,1.58,2.6,0.99,93.92
20190328,24.04,4.4928,1.7035,2.495,0.43,23.43,25.29,22.14,91.7,1.54,1.91,0.95,93.9
20190329,20.25,5.7266,3.7322,2.4098,0.55,23.47,25.94,22.23,91.89,1.04,1.47,0.64,93.82
20190330,5.47,5.957,3.671,2.4326,0.58,23.9,26.71,22.07,89.53,0.71,1.22,0.45,93.85
20190331,15.77,5.0297,2.2733,2.7312,0.49,23.79,25.98,22.12,87.41,0.75,1.14,0.46,93.92
20190401,11.98,4.8715,2.1773,2.5481,0.47,23.42,24.87,22.15,87.29,0.55,1.07,0.36,93.93
20190402,18.64,4.9798,2.9141,2.3527,0.48,23.96,27.13,22.06,86.7,0.75,1.15,0.46,93.91
20190403,12.7,4.949,1.6865,2.771,0.48,23.62,25.89,22.16,88.73,0.96,1.47,0.61,93.94
20190404,1.91,5.569,3.5628,2.3611,0.54,24.29,26.73,22.56,83.73,0.75,1.47,0.48,93.91
20190405,12.8,5.4938,2.273,3.1106,0.54,24.48,27.02,22.61,89.35,1.46,1.73,0.92,93.87
20190406,8.03,5.8099,3.1258,2.7746,0.57,24.41,26.6,22.68,85.61,0.65,1.39,0.39,93.87
20190407,0.04,5.801,3.895,2.443,0.57,24.93,27.23,23.54,83.78,0.8,1.33,0.52,93.8
20190408,0.21,5.0167,2.0779,2.819,0.49,24.58,26.4,23.38,89.87,1.21,1.59,0.76,93.75
20190409,2.49,3.3266,0.0881,2.4499,0.33,24.16,25.29,23.18,94.98,1.69,2.22,0.99,93.78
20190410,0.76,5.6909,3.6182,2.4187,0.56,24.7,27.32,23.05,87.72,1.43,1.89,0.87,93.79
20190411,0.27,5.7682,4.4474,2.2274,0.57,24.46,27.72,21.7,84.78,1.18,1.98,0.76,93.76
20190412,2.3,4.7527,1.489,3.0398,0.47,24.28,27.67,21.64,88.62,1.5,1.91,0.92,93.78
20190413,2.9,5.9059,4.5794,2.123,0.59,23.68,25.73,22.27,87.25,1.32,2.18,0.82,93.88
20190414,33.56,5.5874,3.3794,2.5793,0.55,24.44,27.36,22.58,84.59,1.13,1.69,0.7,93.88
20190415,17.69,4.5941,1.9692,2.4931,0.46,23.83,26.0,22.61,89.42,1.61,2.44,1.02,93.88
20190416,5.47,5.2222,3.2002,2.2716,0.52,23.77,26.05,22.52,89.28,1.34,2.22,0.82,93.88
20190417,4.39,5.1408,2.9138,2.6863,0.51,23.46,25.77,22.04,88.83,1.15,1.89,0.73,93.91
20190418,4.8,5.4559,3.115,2.5558,0.55,23.31,25.63,21.55,87.82,1.44,1.97,0.92,93.86
20190419,2.34,5.1372,3.3238,2.3892,0.52,23.98,27.65,20.34,84.33,1.49,1.77,0.94,93.73
20190420,27.0,4.4311,2.1454,2.2462,0.45,23.24,24.25,22.56,92.67,1.31,2.55,0.84,93.71
20190421,8.16,5.047,2.0246,2.8375,0.51,22.54,23.83,21.06,92.51,1.1,1.79,0.69,93.75
20190422,1.62,5.4794,4.6464,1.8982,0.55,24.38,27.47,22.0,85.29,1.14,1.99,0.73,93.63
20190423,2.78,3.9038,2.13,2.1269,0.4,24.43,27.78,21.92,87.36,1.31,1.84,0.8,93.68
20190424,12.31,3.7613,1.0433,2.5133,0.38,24.26,27.1,21.97,89.39,1.36,2.24,0.84,93.68
20190425,18.05,3.0276,0.2806,2.1,0.31,24.4,27.76,22.21,89.44,1.32,2.09,0.85,93.65
20190426,33.92,5.0129,2.729,2.4691,0.51,24.24,27.23,22.3,91.79,1.25,1.86,0.77,93.61
20190427,17.45,4.4378,1.2211,2.6585,0.45,23.78,25.99,22.21,94.11,0.99,1.36,0.6,93.67
20190428,55.62,4.2439,1.1508,2.4583,0.43,23.67,25.95,22.0,91.56,1.24,1.97,0.74,93.76
20190429,47.72,4.1743,1.031,2.4686,0.43,22.56,23.18,22.01,96.69,1.77,2.69,1.08,93.92
20190430,3.02,3.2525,0.0458,2.4542,0.33,24.22,27.9,21.51,87.22,1.04,1.72,0.6,93.83
20190501,0.26,4.2103,2.3606,2.2699,0.43,24.73,27.76,22.37,82.71,1.06,1.57,0.66,93.81
20190502,0.54,3.3514,0.4853,2.3666,0.35,24.02,26.77,21.53,83.13,0.83,1.4,0.54,93.98
20190503,0.59,5.7067,4.2883,2.3767,0.59,24.0,26.31,22.11,85.02,1.05,1.55,0.66,93.99
20190504,3.62,6.0559,5.8666,1.6243,0.63,24.36,26.57,22.83,88.63,1.22,1.69,0.76,93.93
20190505,1.39,5.4785,3.6799,2.401,0.57,24.2,26.6,22.69,91.68,1.82,2.63,1.1,93.86
20190506,0.16,2.6438,0.7891,1.7652,0.28,24.14,25.73,23.06,91.87,1.6,1.98,0.95,93.83
20190507,0.07,6.0919,5.5486,2.0126,0.64,24.25,26.69,22.84,89.63,1.77,2.56,1.07,93.77
20190508,0.86,5.2334,3.2453,2.478,0.55,24.59,27.53,22.37,89.05,1.66,2.14,1.03,93.69
20190509,2.93,5.4926,4.2595,2.1394,0.58,23.75,25.37,22.65,92.6,1.53,1.83,0.95,93.77
20190510,7.84,4.2883,0.9084,2.6851,0.45,23.35,24.85,22.47,93.45,1.68,2.24,1.03,93.93
20190511,8.88,4.4218,2.6731,2.1288,0.47,22.96,24.37,22.18,91.83,1.3,2.3,0.8,93.98
20190512,16.5,5.3246,4.566,1.9608,0.56,24.03,26.81,22.3,86.92,1.0,1.64,0.63,93.94
20190513,8.42,3.9962,2.0251,2.1098,0.42,23.54,25.46,21.97,92.25,1.87,3.3,1.17,93.88
20190514,3.09,5.2298,3.8813,2.1089,0.56,23.93,26.93,21.52,86.79,1.35,1.7,0.83,93.87
20190515,4.13,4.5379,2.4586,2.3405,0.48,23.93,26.39,22.67,87.59,1.17,1.58,0.72,93.94
20190516,3.44,4.2835,1.8672,2.3921,0.46,23.85,26.61,21.84,86.8,1.12,1.9,0.74,93.86
20190517,7.54,4.8403,4.0438,1.9082,0.52,23.24,25.26,21.94,91.13,1.84,3.21,1.13,93.88
20190518,4.19,4.8742,3.4253,2.0818,0.52,23.56,26.54,21.28,86.31,1.31,1.7,0.79,93.93
20190519,1.62,6.0617,5.6566,1.8804,0.65,24.1,27.14,21.87,87.25,1.63,2.36,0.99,93.96
20190520,9.88,5.9021,4.9538,2.2368,0.63,24.03,26.93,22.11,88.14,1.22,1.77,0.79,93.93
20190521,15.9,5.5346,4.7962,2.0402,0.6,23.79,26.52,22.04,90.97,1.79,3.14,1.09,93.91
20190522,17.79,3.2381,0.2844,2.3525,0.35,23.43,25.79,21.96,91.04,1.37,2.31,0.85,93.96
20190523,4.87,3.8933,2.7377,1.9243,0.42,22.78,24.6,21.5,89.61,1.38,2.28,0.86,94.0
20190524,9.03,5.3414,4.6166,2.0618,0.58,23.38,26.17,20.92,84.08,1.04,1.4,0.67,93.93
20190525,9.02,5.4466,4.3807,2.1446,0.59,23.24,25.81,21.86,88.7,1.42,1.85,0.87,93.88
20190526,14.54,4.8168,3.8686,1.9342,0.52,23.24,25.77,20.93,86.09,1.07,1.75,0.68,93.84
20190527,6.95,3.5801,0.2952,2.6417,0.39,23.35,25.7,21.3,88.59,1.21,2.09,0.76,93.89
20190528,5.03,5.0153,3.5438,2.2704,0.55,23.82,27.03,21.44,81.81,1.14,1.73,0.73,93.79
20190529,14.21,4.0985,2.7218,1.9426,0.45,23.74,26.3,22.03,89.28,1.4,2.2,0.87,93.71
20190530,2.13,3.2616,0.6415,2.1038,0.36,23.3,25.66,21.73,89.07,1.02,1.6,0.63,93.78
20190531,12.11,3.7906,2.5418,1.8593,0.42,23.89,26.86,21.84,87.24,1.16,1.69,0.71,93.72
20190601,14.54,3.2263,0.7843,2.2541,0.35,23.74,26.88,21.41,89.87,1.28,1.78,0.78,93.68
20190602,15.35,2.8596,0.8414,1.77,0.31,23.17,26.02,21.35,90.41,1.12,1.88,0.73,93.7
20190603,35.18,3.379,0.7286,2.2346,0.37,23.01,25.63,21.42,92.36,1.34,1.98,0.85,93.73
20190604,12.02,3.845,1.0951,2.6086,0.42,22.89,25.6,20.85,88.16,0.91,1.64,0.58,93.8
20190605,11.82,4.9774,3.864,2.0414,0.55,23.38,26.41,20.86,86.28,1.08,1.53,0.67,93.83
20190606,1.14,3.8105,1.5866,2.1192,0.42,23.43,25.87,21.41,86.34,1.09,1.57,0.66,93.88
20190607,4.08,2.6892,0.6442,1.7347,0.3,23.6,26.15,21.64,88.09,1.06,1.51,0.65,93.86
20190608,33.37,3.1099,0.3934,2.1415,0.34,23.73,26.51,21.95,89.29,1.65,2.09,1.0,93.82
20190609,10.42,2.7586,0.5215,2.0254,0.31,23.33,25.81,21.64,90.83,1.07,1.64,0.67,93.86
20190610,12.22,3.8911,0.797,2.4823,0.43,23.09,24.66,21.7,91.66,0.9,1.49,0.53,93.79
20190611,4.92,2.6083,0.4344,1.7686,0.29,23.36,26.44,21.72,84.98,0.98,1.59,0.63,93.95
20190612,139.47,3.3262,1.2924,1.9337,0.37,23.63,26.59,21.45,90.48,1.15,1.88,0.73,93.92
20190613,74.09,4.1573,1.704,2.5651,0.46,23.36,25.51,21.38,88.0,0.97,1.7,0.62,93.86
20190614,15.84,4.8014,3.8266,1.8713,0.53,23.46,25.44,21.74,88.94,0.94,1.66,0.61,93.82
20190615,18.12,3.4404,0.9254,2.1326,0.38,21.81,23.64,19.17,92.42,2.01,3.12,1.24,93.95
20190616,0.44,4.6342,3.149,2.2788,0.52,23.01,26.17,20.4,80.41,1.25,2.21,0.78,93.93
20190617,3.84,3.0362,0.8446,1.8876,0.34,22.35,23.69,21.3,93.14,2.04,3.37,1.26,94.0
20190618,16.87,4.5223,3.0077,2.1442,0.5,22.68,25.24,21.02,91.28,1.71,2.78,1.08,93.93
20190619,34.07,3.9934,2.5733,1.9351,0.45,22.95,25.36,21.54,93.77,1.8,2.52,1.1,93.84
20190620,26.47,3.451,1.039,2.0923,0.39,22.24,24.09,21.22,90.95,1.65,2.62,1.03,93.95
20190621,13.07,4.7136,3.7658,1.9486,0.53,23.16,26.06,21.11,84.8,1.4,2.07,0.93,93.81
20190622,24.74,4.8792,3.4284,2.2262,0.54,23.39,26.48,21.56,90.1,1.68,2.74,1.07,93.75
20190623,12.1,4.3766,3.3845,1.9586,0.49,23.39,26.33,21.59,91.62,1.77,2.94,1.11,93.8
20190624,7.88,5.3218,4.8526,2.0983,0.59,23.09,26.2,20.75,87.93,1.28,1.82,0.76,93.97
20190625,2.78,5.0606,4.5113,1.9524,0.57,23.14,26.32,20.89,87.29,1.46,1.78,0.89,94.02
20190626,2.98,3.9199,3.3914,1.7664,0.44,23.01,25.85,21.21,90.78,1.79,2.75,1.14,93.93
20190627,3.98,3.5772,2.3057,1.883,0.4,22.86,25.67,21.13,90.66,1.79,2.75,1.15,93.85
20190628,4.79,4.1767,2.8872,1.9594,0.47,22.1,25.05,20.58,88.94,1.9,3.32,1.19,93.96
20190629,0.02,3.1238,2.6342,1.4779,0.35,22.46,25.9,19.72,86.38,1.28,2.42,0.85,93.9
20190630,0.04,3.9288,1.7398,2.2598,0.44,22.74,26.17,20.61,83.98,0.91,1.89,0.6,93.84
20190701,14.65,2.5922,0.4862,1.7498,0.29,22.17,24.73,20.14,89.47,1.42,1.93,0.89,93.89
20190702,8.28,3.3593,0.4291,2.3539,0.37,21.8,23.04,20.76,91.94,1.18,1.58,0.74,93.92
20190703,1.31,4.025,1.674,2.4271,0.45,22.37,24.04,20.72,86.06,0.63,1.31,0.4,93.94
20190704,2.82,4.7383,3.8777,1.8895,0.53,21.94,24.2,20.35,92.28,1.45,1.95,0.88,94.01
20190705,9.75,4.6637,3.4212,2.0234,0.52,22.06,24.43,20.64,92.03,1.63,2.49,1.01,93.95
20190706,0.97,5.1852,4.3037,2.003,0.58,22.52,25.89,20.13,88.7,1.92,2.83,1.21,93.88
20190707,0.02,6.179,6.5846,1.5238,0.69,22.44,25.85,20.19,81.72,1.24,2.31,0.8,93.99
20190708,0.48,5.5253,5.5049,1.6898,0.61,22.41,25.91,19.74,81.33,0.98,1.49,0.64,94.08
20190709,2.69,4.0238,1.1186,2.4497,0.45,22.54,25.14,20.32,90.18,1.11,1.71,0.7,93.94
20190710,2.21,3.0871,1.3243,1.789,0.34,22.01,23.49,20.9,91.38,1.43,2.14,0.9,94.01
20190711,0.04,3.4596,1.6507,1.957,0.38,22.37,24.97,20.22,83.21,1.29,2.0,0.81,94.11
20190712,1.57,3.9689,2.2546,2.0609,0.44,21.81,24.08,19.95,86.65,1.27,1.6,0.8,94.05
20190713,8.07,2.9429,1.1266,1.7834,0.32,21.48,23.42,20.38,90.16,1.75,2.68,1.09,94.02
20190714,1.93,4.6097,3.3571,1.9843,0.51,21.55,23.85,20.02,88.37,1.64,2.83,1.03,93.96
20190715,9.2,4.2631,3.396,2.0213,0.47,21.9,24.76,19.73,87.69,1.63,2.28,1.0,93.87
20190716,9.3,3.157,2.0227,1.7645,0.35,21.66,24.33,20.09,88.88,1.51,1.83,0.94,93.9
20190717,2.61,2.5958,0.6763,1.6577,0.28,22.23,25.67,19.28,90.1,1.69,2.4,1.06,93.8
20190718,3.75,3.2256,0.7997,2.0225,0.35,22.71,25.74,20.17,88.35,1.32,2.3,0.78,93.78
20190719,1.08,4.1141,2.4211,2.136,0.45,23.34,26.88,20.52,86.92,1.47,2.09,0.87,93.78
20190720,1.61,4.1551,2.6662,2.0904,0.45,23.32,26.72,20.82,85.56,1.31,2.11,0.83,93.83
20190721,1.1,5.784,5.8661,1.7148,0.63,23.12,26.76,20.68,88.25,1.63,2.67,1.03,93.77
20190722,0.29,6.0535,6.0922,1.7112,0.66,22.37,26.08,19.58,86.33,1.22,1.91,0.81,93.77
20190723,0.47,3.8736,2.9364,1.8257,0.42,22.1,25.26,19.88,85.87,1.59,2.77,1.04,93.85
20190724,0.03,5.2579,3.7066,2.4838,0.57,22.05,25.66,19.44,79.51,1.02,1.76,0.66,93.98
20190725,4.83,4.4465,3.3259,2.0856,0.48,22.18,25.37,20.14,86.7,1.07,2.11,0.67,94.02
20190726,17.0,4.5557,3.144,2.0969,0.49,22.4,25.39,20.28,87.12,1.01,2.25,0.64,93.92
20190727,14.59,3.8755,2.2082,2.2123,0.42,22.21,24.84,20.29,88.99,1.15,2.27,0.75,93.94
20190728,2.81,4.7064,3.5064,1.9706,0.51,22.55,25.85,20.72,87.3,1.67,2.47,1.06,93.98
20190729,6.74,5.7578,5.0767,2.0227,0.62,22.56,26.04,19.69,86.38,1.25,1.86,0.83,93.94
20190730,10.78,2.5126,1.007,1.5098,0.27,21.6,23.65,19.94,91.77,1.96,3.11,1.22,93.92
20190731,1.89,3.8033,2.1778,1.9145,0.41,21.41,24.87,19.21,83.68,1.73,2.58,1.07,94.01
20190801,0.81,4.4645,3.2009,1.9154,0.48,21.72,25.67,18.69,82.59,1.23,1.91,0.81,94.03
20190802,1.62,5.2514,4.7477,1.8946,0.56,21.41,24.63,19.21,84.99,1.84,2.47,1.14,94.03
20190803,0.36,4.987,3.901,1.9918,0.53,21.5,25.34,18.56,83.56,1.68,2.93,1.07,93.95
20190804,0.26,2.7154,2.1914,1.4172,0.29,21.63,24.83,19.52,85.8,1.5,3.22,0.97,93.9
20190805,0.13,4.643,2.8334,2.2548,0.49,21.72,24.85,19.5,85.21,1.7,2.68,1.07,93.92
20190806,0.0,5.341,4.2818,2.022,0.56,22.63,26.02,20.13,84.44,1.31,2.38,0.84,93.79
20190807,0.0,4.7971,2.801,2.4622,0.51,22.75,25.88,20.81,88.7,2.05,2.86,1.27,93.75
20190808,0.0,4.843,3.5705,2.0669,0.51,22.72,25.82,20.87,86.46,1.87,2.91,1.15,93.83
20190809,0.0,5.2387,3.4666,2.4494,0.55,22.96,26.57,20.33,85.16,1.34,2.59,0.88,93.89
20190810,0.0,5.6088,4.3752,2.5726,0.59,23.32,26.87,20.5,83.45,1.26,2.25,0.79,93.93
20190811,0.0,6.0953,5.209,2.1079,0.64,23.83,27.46,21.33,83.0,1.19,2.07,0.75,93.9
20190812,0.53,5.1218,3.4656,2.2668,0.53,23.5,26.73,21.36,88.46,1.57,3.1,0.97,93.92
20190813,0.16,4.9538,3.9953,1.9529,0.52,23.49,27.21,20.77,84.6,1.4,2.18,0.87,94.0
20190814,0.03,5.6376,4.6704,2.0724,0.59,23.09,26.4,20.24,83.17,1.39,2.59,0.9,94.04
20190815,0.26,5.4478,4.4587,2.065,0.56,23.06,26.49,20.81,83.71,1.32,2.52,0.86,94.07
20190816,2.85,6.4358,6.2045,1.7825,0.67,22.96,26.69,20.1,83.11,1.03,2.11,0.7,94.02
20190817,7.85,5.514,4.2578,2.147,0.57,22.89,26.25,20.6,88.0,1.18,2.06,0.78,94.03
20190818,43.06,4.9716,3.6576,2.0945,0.51,22.7,25.72,20.68,89.53,1.13,2.19,0.73,93.99
20190819,34.42,4.1443,2.2488,2.0105,0.43,22.74,25.4,20.8,89.21,1.39,2.59,0.89,93.94
20190820,34.28,5.0585,3.738,2.113,0.52,22.74,25.47,21.05,86.58,1.51,2.13,0.95,94.01
20190821,0.8,5.9158,5.4634,1.8982,0.61,22.61,25.84,20.04,83.84,1.42,2.03,0.87,93.9
20190822,0.69,5.6935,4.0622,2.4031,0.58,22.31,25.68,20.1,85.55,1.4,2.29,0.88,94.0
20190823,0.38,4.5818,2.2661,2.7194,0.47,22.93,26.27,20.61,87.55,1.69,2.66,1.06,94.0
20190824,3.28,5.813,4.8689,1.9678,0.59,23.55,27.83,19.99,83.23,1.26,1.9,0.78,93.94
20190825,5.83,3.6514,2.8937,1.9678,0.37,22.27,24.6,20.97,89.43,1.48,3.16,0.97,93.9
20190826,3.76,5.4422,4.6834,1.8511,0.55,22.57,26.05,20.22,84.97,1.75,2.66,1.11,93.83
20190827,3.16,3.6254,0.8983,2.2121,0.37,21.61,25.23,19.18,82.5,1.78,2.52,1.1,93.96
20190828,2.3,4.4011,4.0632,1.9006,0.44,21.08,24.77,18.92,83.23,1.76,2.53,1.13,94.03
20190829,2.88,6.9672,7.2206,1.4906,0.7,21.27,25.49,17.95,81.14,1.02,2.01,0.66,94.01
20190830,0.19,5.9662,5.2133,1.925,0.6,22.19,26.2,18.93,82.09,1.44,2.04,0.91,93.85
20190831,0.32,6.0396,5.5589,1.9433,0.61,22.98,26.93,20.05,83.64,1.36,1.99,0.84,93.8
20190901,0.26,4.896,2.2502,2.5358,0.49,22.98,26.72,20.75,84.12,1.5,3.06,0.97,93.87
20190902,0.11,5.1334,4.1947,1.9421,0.51,22.49,26.4,19.64,82.8,1.52,2.58,0.99,93.94
20190903,0.15,6.9348,6.54,1.867,0.69,22.53,26.88,18.98,80.49,1.39,2.08,0.9,93.89
20190904,0.0,5.0621,3.9062,2.0398,0.5,21.93,24.46,19.81,86.25,1.61,3.45,1.05,93.91
20190905,1.51,5.0167,3.9358,2.1161,0.5,22.95,26.04,20.29,84.49,1.16,2.05,0.76,93.88
20190906,26.26,5.0892,2.3011,2.6734,0.51,22.56,25.06,21.32,90.11,1.24,1.89,0.75,93.94
20190907,13.93,4.2722,2.5068,2.0762,0.42,23.2,26.55,20.78,88.39,1.53,2.24,0.96,93.97
20190908,0.82,6.5542,5.9518,1.999,0.65,23.03,26.7,20.73,85.9,1.57,2.25,0.98,94.04
20190909,0.0,7.2773,7.3584,1.6058,0.72,22.56,26.41,19.41,81.43,1.32,2.08,0.85,94.02
20190910,0.0,7.5571,8.2992,1.1846,0.75,21.96,25.78,18.55,79.04,1.34,2.16,0.88,94.11
20190911,0.0,7.3591,7.7318,1.4935,0.72,21.56,25.25,18.57,74.98,1.19,2.52,0.8,94.16
20190912,0.01,6.263,5.0782,2.2754,0.62,21.38,24.76,18.74,81.26,1.8,2.92,1.17,94.11
20190913,0.0,6.0038,4.2353,2.4079,0.59,21.94,25.55,18.98,81.37,1.73,2.71,1.08,94.08
20190914,0.0,6.7435,5.9414,2.0352,0.66,22.35,26.04,19.35,79.49,1.29,2.5,0.82,94.04
20190915,0.0,6.5059,5.7814,2.0846,0.64,22.93,26.99,19.38,82.82,1.4,2.1,0.88,93.94
20190916,0.0,6.5894,5.7175,2.0738,0.64,23.19,27.16,19.68,82.08,1.49,2.46,0.92,93.91
20190917,0.0,6.2621,4.3762,2.5082,0.61,23.07,26.11,20.29,83.67,1.35,2.2,0.86,93.98
20190918,0.0,6.3809,5.1017,2.2116,0.62,23.3,26.76,20.64,83.26,1.43,1.97,0.86,94.04
20190919,0.0,6.8119,5.9196,2.1034,0.66,23.62,27.87,20.64,83.56,1.42,2.22,0.86,93.97
20190920,1.14,5.8733,4.7602,2.117,0.57,23.57,27.43,20.63,84.34,1.37,1.95,0.87,93.92
20190921,1.58,5.4713,3.8371,2.2332,0.53,23.6,27.17,21.08,87.2,1.63,2.44,1.01,93.92
20190922,5.16,6.1358,4.8895,2.1862,0.6,23.7,27.58,20.74,84.16,1.11,2.09,0.67,94.0
20190923,9.03,6.0871,4.7501,2.2423,0.59,23.71,27.68,20.99,82.99,1.21,1.94,0.76,94.05
20190924,4.41,6.5489,5.7389,2.105,0.63,23.62,27.02,21.12,82.86,1.16,2.37,0.77,94.03
20190925,5.68,6.3235,5.173,2.2819,0.61,23.69,27.33,20.79,83.57,1.3,1.88,0.82,94.0
20190926,28.75,4.7285,3.0043,2.4492,0.46,23.5,26.94,20.57,86.35,1.48,1.88,0.93,93.98
20190927,57.41,5.2013,2.6374,2.6575,0.5,22.7,25.27,20.34,87.85,1.72,3.03,1.08,94.02
20190928,2.39,5.3069,2.8457,2.6926,0.51,22.6,25.74,19.77,86.43,1.45,1.77,0.88,94.05
20190929,5.46,6.0948,4.1674,2.6714,0.59,22.76,25.69,21.24,90.13,1.4,1.89,0.89,94.0
20190930,14.44,5.1982,3.6694,2.8606,0.5,23.16,26.23,20.75,86.72,1.02,1.69,0.66,93.98
20191001,35.06,4.788,2.2471,2.4754,0.46,23.32,26.71,21.09,88.19,1.25,2.23,0.8,93.99
20191002,19.33,5.993,4.6982,2.257,0.58,22.98,25.83,20.93,87.5,1.27,1.69,0.81,94.02
20191003,39.15,4.0238,1.6541,2.1893,0.39,22.26,25.19,19.55,84.17,1.35,1.84,0.84,94.05
20191004,3.12,6.8196,6.282,1.8571,0.66,22.56,26.17,19.5,78.47,1.26,1.86,0.82,93.97
20191005,21.1,5.3465,3.1279,2.5351,0.51,23.17,26.86,20.33,85.03,1.08,1.91,0.69,93.87
20191006,26.52,5.5699,4.433,2.1149,0.54,23.41,26.67,21.13,87.56,1.44,2.34,0.92,93.85
20191007,3.67,6.4579,5.351,2.1811,0.62,23.78,27.5,21.07,85.37,1.48,2.04,0.92,93.84
20191008,0.71,6.7361,5.7874,2.2774,0.65,23.82,27.45,21.43,85.53,1.49,2.67,0.96,93.82
20191009,0.54,6.7301,6.0353,2.1139,0.65,23.3,27.04,20.83,85.17,1.71,3.28,1.09,93.89
20191010,0.25,6.8129,5.843,2.3378,0.65,23.81,27.68,20.37,81.23,1.25,2.16,0.82,93.9
20191011,0.7,6.2323,4.1772,2.5349,0.6,23.41,26.65,21.13,84.89,1.56,2.23,0.98,93.9
20191012,2.69,5.8442,3.877,2.5226,0.56,23.36,26.74,21.02,83.98,1.13,1.83,0.75,93.82
20191013,7.38,5.2471,2.7168,2.6556,0.5,23.05,25.45,21.36,90.01,1.58,2.54,0.99,93.85
20191014,2.0,6.3809,4.6805,2.5418,0.61,23.08,25.65,21.33,86.93,1.46,2.06,0.91,93.88
20191015,45.36,5.5697,2.7518,2.7662,0.53,23.26,26.56,21.21,86.02,1.25,2.07,0.79,93.87
20191016,111.95,4.4316,1.2785,2.5411,0.42,23.3,25.95,21.62,90.13,1.89,2.77,1.19,93.81
20191017,7.58,5.3753,3.2525,2.581,0.52,22.83,25.05,20.81,88.28,0.78,1.51,0.5,93.82
20191018,7.45,6.252,5.2973,2.1787,0.6,24.08,28.02,21.43,83.17,1.32,1.96,0.83,93.82
20191019,7.36,6.4738,5.1722,2.3167,0.62,24.12,27.68,21.57,82.09,1.18,1.88,0.75,93.92
20191020,4.73,5.5267,3.743,2.3491,0.53,23.9,26.24,22.15,84.69,0.98,1.52,0.63,93.91
20191021,0.3,6.7598,6.126,2.0923,0.65,23.82,27.4,21.18,83.57,1.22,1.9,0.8,93.81
20191022,0.0,7.4316,7.5811,1.6373,0.71,23.42,27.42,20.09,78.84,1.15,1.82,0.75,93.74
20191023,0.0,7.602,8.0508,1.4254,0.73,23.47,27.3,19.94,76.35,1.0,1.55,0.66,93.78
20191024,0.0,6.7591,5.8764,2.0614,0.65,23.95,27.6,20.8,79.92,1.16,2.17,0.75,93.77
20191025,11.12,6.0377,4.6711,2.3122,0.58,23.62,25.93,21.78,87.15,1.08,1.81,0.7,93.81
20191026,21.25,5.1202,2.1238,2.8555,0.49,24.14,26.94,22.56,85.99,1.15,1.99,0.76,93.74
20191027,18.2,4.8163,2.5903,2.4355,0.46,22.79,25.67,20.71,86.61,1.3,1.82,0.85,93.71
20191028,1.55,6.7442,5.7024,2.2769,0.65,23.65,26.83,21.14,81.94,1.28,2.28,0.85,93.73
20191029,3.97,6.3696,5.1905,2.3268,0.61,24.08,27.88,21.36,82.99,1.41,2.0,0.89,93.73
20191030,1.08,5.8118,3.6221,2.6714,0.56,24.02,27.25,21.53,83.15,1.42,2.18,0.91,93.75
20191031,3.48,6.0144,4.5938,2.3148,0.58,24.08,27.75,21.52,83.87,1.46,2.11,0.9,93.65
20191101,1.27,5.9546,4.5245,2.2409,0.57,23.89,27.0,21.42,84.29,1.4,2.22,0.89,93.71
20191102,0.48,5.8764,4.6291,2.4468,0.57,24.05,27.21,21.57,86.29,1.86,2.83,1.16,93.74
20191103,0.2,6.9578,6.371,2.1298,0.67,23.87,27.2,21.26,82.46,1.61,2.06,0.98,93.85
20191104,0.76,6.3689,4.5814,2.6086,0.61,24.19,27.52,21.36,83.02,1.48,1.96,0.93,93.92
20191105,0.5,5.839,3.7183,2.5824,0.56,23.85,26.93,21.53,82.6,1.37,2.14,0.87,93.83
20191106,0.72,6.901,5.9254,2.2325,0.67,24.22,27.98,20.97,78.97,1.15,1.61,0.75,93.71
20191107,0.36,6.5741,5.755,2.1317,0.63,24.48,27.88,22.01,78.23,1.13,1.59,0.74,93.78
20191108,2.05,6.919,6.5436,2.1602,0.67,24.64,27.94,22.37,79.21,0.89,1.81,0.6,93.85
20191109,2.71,6.1272,4.5168,2.4588,0.59,23.52,25.92,22.01,88.3,1.02,1.66,0.63,93.85
20191110,2.51,4.8953,2.1259,2.6354,0.47,23.81,27.02,21.45,84.86,0.77,1.45,0.5,93.82
20191111,14.43,6.114,4.483,2.383,0.59,24.08,26.56,22.06,84.15,0.97,1.59,0.56,93.76
20191112,15.1,5.1055,2.0102,2.7545,0.49,23.71,25.69,21.87,87.37,1.09,1.59,0.68,93.85
20191113,0.0,6.0667,4.1894,2.8128,0.59,24.38,27.49,21.94,83.71,1.07,1.96,0.71,93.9
20191114,0.07,7.278,7.3594,1.668,0.71,24.24,28.05,21.48,80.44,1.36,1.97,0.89,93.83
20191115,0.01,7.2014,6.8626,2.0018,0.7,24.39,28.0,20.86,78.15,1.18,1.94,0.78,93.8
20191116,0.05,6.7951,5.8176,2.3306,0.66,24.64,28.4,21.68,78.37,1.1,1.87,0.7,93.86
20191117,1.21,6.9514,6.389,2.1158,0.68,24.54,28.54,20.88,80.26,1.24,1.71,0.78,93.87
20191118,1.31,6.894,6.4579,2.1348,0.67,24.97,28.58,22.51,80.78,0.88,1.72,0.6,93.77
20191119,3.57,6.1178,5.2788,2.1917,0.6,24.26,27.4,22.08,87.28,1.96,3.44,1.24,93.73
20191120,0.48,6.1819,5.231,2.1511,0.6,24.41,28.08,21.51,77.81,1.18,1.77,0.74,93.72
20191121,0.0,5.1936,2.9316,2.4334,0.51,23.54,24.86,22.2,86.36,0.99,1.35,0.66,93.77
20191122,0.0,5.4521,3.109,2.7746,0.53,24.38,27.74,21.42,81.05,1.11,1.69,0.72,93.83
20191123,0.0,5.3638,2.6438,2.8718,0.52,24.93,28.35,21.89,78.17,1.01,1.61,0.65,93.8
20191124,0.0,5.1266,2.5514,2.719,0.5,24.34,27.19,21.97,81.03,1.43,2.03,0.88,93.81
20191125,0.0,6.3732,5.0933,2.3849,0.62,24.52,27.76,21.89,79.06,1.28,2.09,0.83,93.78
20191126,0.4,5.749,3.5731,2.7329,0.56,23.89,26.56,21.6,80.99,1.1,1.95,0.73,93.71
20191127,0.53,5.1422,2.7926,2.4185,0.5,24.34,27.72,21.77,81.38,1.35,2.23,0.84,93.68
20191128,0.09,4.4186,1.1122,2.5301,0.43,24.8,28.2,22.46,84.59,1.4,2.05,0.88,93.67
20191129,0.0,5.5195,3.3583,2.8994,0.54,24.4,27.94,22.35,83.19,0.96,1.53,0.59,93.69
20191130,0.0,5.7917,4.2794,3.0756,0.57,25.09,28.51,22.56,81.63,1.33,2.5,0.87,93.7
20191201,0.64,6.1673,5.477,3.5278,0.6,24.71,28.35,22.15,80.95,1.64,2.62,1.05,93.66
20191202,0.04,6.2146,6.3499,3.6516,0.61,24.99,29.28,21.65,79.23,1.34,1.79,0.87,93.62
20191203,2.34,4.9402,1.68,3.2882,0.49,24.89,27.75,22.72,84.57,1.57,2.9,0.99,93.66
20191204,5.36,4.537,0.6972,3.1548,0.45,24.57,28.25,22.31,85.68,1.49,2.29,0.9,93.77
20191205,2.3,5.9558,3.7618,3.2112,0.59,24.52,28.63,21.0,79.39,1.46,1.82,0.9,93.84
20191206,0.0,5.5778,2.2342,3.8105,0.55,24.82,28.85,21.36,79.37,1.42,1.92,0.87,93.82
20191207,0.09,5.8442,3.2909,3.03,0.57,25.1,28.85,22.2,82.2,1.28,1.92,0.81,93.79
20191208,1.05,5.2961,3.1205,2.6328,0.52,23.86,26.31,21.61,86.01,1.36,2.4,0.86,93.83
20191209,0.75,6.0862,4.6042,2.5198,0.6,24.71,28.39,21.46,79.94,1.25,1.97,0.79,93.76
20191210,1.72,4.5336,1.2905,2.7655,0.45,23.13,24.71,21.82,86.29,0.91,1.62,0.58,93.76
20191211,0.73,5.8217,4.099,2.4554,0.57,24.4,27.32,22.48,80.37,1.03,1.73,0.67,93.7
20191212,1.37,5.1886,1.9334,3.1049,0.51,23.6,26.55,21.81,85.74,1.27,2.04,0.79,93.75
20191213,3.73,5.3628,3.245,2.6066,0.53,24.5,28.15,21.3,80.6,1.33,1.83,0.81,93.81
20191214,16.29,4.998,2.3998,2.6837,0.49,23.74,25.85,21.91,86.57,1.26,2.53,0.82,93.84
20191215,2.33,5.2519,3.011,2.797,0.52,24.14,26.74,22.15,84.99,1.53,2.3,0.95,93.72
20191216,1.97,6.0214,5.0635,2.2262,0.59,24.05,26.5,22.21,85.75,1.1,1.78,0.73,93.67
20191217,3.6,5.6549,3.8208,2.4614,0.56,23.64,26.52,21.73,86.68,1.16,1.74,0.73,93.72
20191218,0.12,5.4161,2.5742,3.1498,0.53,23.57,26.03,22.06,83.54,0.76,1.19,0.49,93.77
20191219,0.62,5.6453,3.7277,2.6928,0.56,24.38,27.8,21.77,81.81,1.61,2.22,1.02,93.76
20191220,0.68,5.927,4.5881,2.413,0.58,24.03,26.45,22.16,86.19,1.28,1.76,0.82,93.76
20191221,0.83,5.5116,4.188,2.3112,0.54,23.94,26.35,22.03,87.54,1.29,1.95,0.81,93.7
20191222,0.89,5.0405,3.1615,2.3575,0.5,24.03,26.95,22.08,87.63,1.39,2.14,0.84,93.67
20191223,0.94,4.6606,1.2511,2.7252,0.46,23.64,26.06,22.05,86.69,1.17,1.94,0.72,93.82
20191224,0.4,5.3695,2.604,2.8097,0.53,25.18,28.39,23.12,79.59,0.88,1.69,0.55,93.77
20191225,0.29,4.6483,1.7784,2.6304,0.46,24.67,27.14,22.73,85.5,1.09,1.67,0.69,93.76
20191226,0.65,5.6035,3.6898,2.5022,0.55,24.5,26.94,22.52,83.36,0.88,1.18,0.58,93.82
20191227,0.17,6.4589,6.516,1.813,0.64,24.86,27.95,22.64,84.07,0.98,1.26,0.61,93.75
20191228,6.01,4.7441,2.5063,2.4881,0.47,24.17,25.67,22.83,90.46,1.7,2.77,1.06,93.77
20191229,6.02,4.6555,0.786,3.1553,0.46,23.96,26.05,22.8,88.22,1.36,1.87,0.87,93.88
20191230,0.36,4.8036,1.1878,3.3706,0.47,24.13,26.1,22.38,83.51,0.93,1.95,0.6,93.86
20191231,0.34,5.1086,2.4718,2.6734,0.5,24.48,27.16,22.39,84.59,1.23,1.93,0.77,93.83
20200101,4.05,5.2085,1.7791,3.1762,0.51,23.5,24.79,22.22,92.31,1.29,2.79,0.83,93.9
20200102,6.69,5.6616,3.1589,2.8008,0.56,23.4,26.0,21.82,89.68,1.0,1.49,0.59,93.92
20200103,30.16,4.0601,0.8654,2.5711,0.4,23.62,25.98,21.79,82.06,0.88,1.5,0.56,93.84
20200104,14.75,5.6918,4.4054,2.7103,0.56,23.82,27.62,20.5,84.76,1.55,2.13,0.93,93.65
20200105,9.89,5.088,2.7854,2.358,0.5,23.49,25.74,22.19,90.12,0.68,1.27,0.43,93.74
20200106,4.32,3.671,0.5642,2.5154,0.36,23.59,25.93,21.83,83.88,0.84,1.55,0.54,93.79
20200107,6.96,4.355,1.0267,3.0017,0.43,24.01,28.22,20.88,79.9,1.29,1.87,0.77,93.7
20200108,2.25,5.7002,3.9564,2.2601,0.56,24.01,26.93,20.75,83.28,1.21,2.02,0.74,93.7
20200109,4.7,4.9282,1.8523,2.777,0.48,24.19,26.44,22.58,87.07,1.25,2.05,0.82,93.63
20200110,12.03,4.6505,0.3857,3.4704,0.45,24.42,27.39,22.58,89.03,1.7,2.37,1.04,93.54
20200111,24.08,4.6471,1.2674,3.0139,0.45,24.04,27.03,22.63,91.13,1.39,2.37,0.83,93.58
20200112,8.14,3.4668,0.2988,2.5325,0.34,22.8,25.7,21.3,87.52,1.21,2.19,0.75,93.66
20200113,0.19,4.8398,2.9383,2.3798,0.47,24.28,28.8,20.31,80.88,1.23,1.92,0.75,93.63
20200114,8.01,5.579,3.8491,2.4986,0.54,24.59,27.67,22.4,86.89,1.76,2.3,1.06,93.75
20200115,5.56,5.8795,3.6943,2.7223,0.57,24.36,26.84,22.48,86.71,1.69,2.27,1.06,93.81
20200116,3.57,4.1256,0.649,2.8272,0.4,23.86,26.12,22.17,88.75,1.76,3.18,1.11,93.81
20200117,1.4,5.4562,3.7246,2.3491,0.53,24.55,27.45,22.23,85.99,1.32,2.05,0.83,93.77
20200118,1.89,6.2131,4.8869,2.4492,0.6,25.0,27.97,22.96,83.4,0.94,1.68,0.6,93.81
20200119,0.57,6.3259,5.2414,2.1982,0.61,24.71,26.69,22.73,84.42,0.79,1.46,0.52,93.82
20200120,0.01,6.3353,4.8557,2.449,0.61,24.75,28.15,22.25,84.0,1.05,1.41,0.65,93.88
20200121,0.0,6.4877,6.2074,2.549,0.63,24.44,28.47,20.82,79.3,1.4,2.27,0.83,94.01
20200122,14.29,6.1248,5.5332,1.9332,0.59,24.64,28.02,22.39,82.38,0.92,1.3,0.58,93.96
20200123,13.3,3.8016,1.5115,2.3695,0.37,24.01,26.56,22.7,90.29,1.41,2.15,0.9,93.83
20200124,0.08,5.3911,4.2197,2.057,0.52,24.81,28.55,22.36,82.36,1.17,2.13,0.79,93.81
20200125,0.01,5.1679,2.7816,2.5829,0.5,25.07,28.18,22.69,86.47,1.35,1.77,0.86,93.78
20200126,12.15,5.8478,4.1256,2.5714,0.56,24.07,25.33,23.18,92.64,1.46,2.16,0.88,93.78
20200127,3.8,6.8806,6.5494,1.8881,0.66,25.18,29.81,21.8,82.55,1.3,2.09,0.81,93.78
20200128,0.33,5.7139,4.1294,2.4362,0.55,24.72,28.06,22.73,85.29,1.03,2.31,0.69,93.79
20200129,9.69,4.9313,3.0425,2.2975,0.47,24.93,28.16,22.4,85.25,1.28,1.63,0.8,93.78
20200130,9.75,5.1924,1.4386,3.0418,0.5,24.37,26.42,23.3,88.07,0.96,1.58,0.61,93.74
20200131,5.76,4.4628,0.4618,3.2417,0.43,24.0,26.7,22.31,83.24,0.87,1.33,0.53,93.89
20200201,0.26,4.8485,1.5794,3.0662,0.46,23.44,25.47,22.1,87.93,1.37,2.62,0.87,93.93
20200202,12.43,5.2558,1.8353,3.1018,0.5,23.6,26.24,21.9,87.56,1.19,1.88,0.77,93.94
20200203,2.05,4.7986,0.4303,3.5578,0.46,23.74,26.19,22.07,89.37,1.15,1.59,0.75,93.94
20200204,0.4,5.2896,2.8927,2.5735,0.51,24.66,27.75,22.77,84.22,1.06,2.02,0.68,93.79
20200205,1.49,4.5629,0.6132,3.1402,0.44,23.97,26.0,22.73,89.44,0.93,1.81,0.58,93.72
20200206,17.28,6.6089,5.5159,2.2406,0.63,24.25,27.02,22.35,88.24,0.98,1.85,0.61,93.72
20200207,25.75,5.4348,2.2248,3.3706,0.52,24.01,26.06,22.57,89.29,0.88,1.36,0.54,93.84
20200208,13.77,5.9498,3.8962,2.5656,0.57,23.3,24.6,22.22,93.19,1.37,2.14,0.85,93.89
20200209,19.92,5.3167,1.745,3.1642,0.51,23.52,25.11,22.4,88.57,1.23,1.99,0.79,93.91
20200210,6.74,5.1305,1.8046,2.7715,0.49,23.2,25.72,21.59,88.21,0.75,1.54,0.45,93.96
20200211,0.18,5.9474,3.9158,2.5087,0.57,23.87,26.78,21.67,84.77,1.03,2.15,0.64,94.02
20200212,0.13,5.3642,2.5733,2.8001,0.51,24.48,28.25,21.58,82.22,1.3,1.9,0.81,93.99
20200213,0.0,5.1319,0.9679,3.7169,0.49,23.97,25.77,22.62,88.42,1.38,1.84,0.84,93.93
20200214,2.09,4.3426,0.5974,3.1433,0.41,24.39,27.21,22.56,88.4,1.39,1.87,0.88,93.84
20200215,8.5,5.5982,2.9616,2.687,0.53,23.81,25.47,21.96,92.38,1.86,2.81,1.14,93.87
20200216,39.61,5.2771,3.3017,2.4396,0.5,24.2,27.22,21.88,85.74,1.32,2.53,0.83,93.88
20200217,18.22,5.5548,3.067,2.6616,0.53,23.24,25.31,21.87,92.6,1.27,2.62,0.79,93.91
20200218,7.48,5.2697,1.416,3.2371,0.5,23.75,27.04,21.45,85.76,1.06,1.98,0.68,93.91
20200219,10.08,5.1379,2.1523,2.8543,0.49,23.9,26.3,22.62,87.54,0.97,1.34,0.6,93.85
20200220,11.59,5.8867,3.6218,2.7154,0.56,23.51,26.2,21.76,90.13,1.05,1.54,0.65,93.86
20200221,11.72,5.2795,2.8121,2.5188,0.5,23.07,25.51,21.8,90.89,1.48,1.85,0.91,93.99
20200222,3.71,5.5582,3.205,2.664,0.53,23.35,25.8,21.7,88.32,1.17,1.69,0.71,94.02
20200223,0.18,5.6203,3.829,2.2939,0.53,24.6,27.95,22.25,85.64,1.24,1.57,0.75,93.87
20200224,1.72,5.2555,2.1355,2.9501,0.5,23.58,24.8,22.51,93.09,1.5,2.91,0.94,93.84
20200225,0.78,6.3516,4.9464,2.3724,0.6,24.39,27.95,21.79,84.45,1.1,1.73,0.67,93.77
20200226,29.74,4.8384,2.3863,2.5738,0.46,23.82,25.04,22.45,94.84,1.5,2.28,0.93,93.75
20200227,11.25,5.2236,2.616,2.6234,0.49,24.55,28.28,21.58,84.56,1.47,2.07,0.91,93.74
20200228,2.72,6.1517,3.8618,2.8188,0.58,24.29,26.22,22.62,89.05,1.55,2.49,0.99,93.67
20200229,2.18,5.8742,3.2064,2.8116,0.56,24.95,28.36,22.89,86.63,1.08,1.38,0.68,93.63
20200301,33.1,6.1622,4.2163,2.5843,0.58,23.88,26.52,21.65,90.39,1.08,1.55,0.68,93.72
20200302,9.0,5.892,3.3377,2.9993,0.56,23.99,26.54,22.42,87.61,1.01,1.85,0.64,93.78
20200303,16.91,5.5483,3.4452,2.4605,0.52,24.31,27.13,22.57,87.17,1.22,1.96,0.77,93.75
20200304,29.96,4.277,0.9293,2.9993,0.4,24.53,27.4,22.42,89.73,1.68,2.04,1.04,93.75
20200305,12.39,5.443,1.9668,3.0965,0.51,24.38,27.36,23.06,90.69,1.42,1.84,0.88,93.72
20200306,5.9,4.0819,0.2014,2.9926,0.39,23.48,26.14,22.35,88.49,0.83,1.62,0.51,93.89
20200307,0.45,3.7843,0.1409,2.8186,0.36,23.86,26.49,22.37,86.73,0.93,1.72,0.59,93.94
20200308,2.11,5.7672,2.9621,2.8836,0.55,23.85,26.68,22.13,85.95,0.85,1.44,0.53,93.87
20200309,1.65,5.2409,1.0766,3.4471,0.5,24.45,27.31,22.41,86.8,1.22,1.57,0.75,93.76
20200310,2.65,4.4309,0.3086,3.2119,0.42,23.92,26.47,22.44,88.15,0.94,1.85,0.58,93.82
20200311,1.01,6.2126,3.901,2.7922,0.59,24.41,27.6,21.6,84.67,1.39,1.93,0.85,93.88
20200312,4.14,6.1442,4.193,2.3969,0.58,24.52,26.9,23.18,87.38,1.06,1.7,0.7,93.95
20200313,3.03,5.8303,4.0702,2.3882,0.55,23.88,26.49,22.59,87.95,1.02,2.02,0.63,94.0
20200314,16.42,4.4942,0.8105,2.9122,0.43,23.09,25.18,21.23,90.47,1.54,2.46,0.99,93.93
20200315,0.69,5.9429,3.8146,2.4739,0.57,24.51,28.25,21.08,81.92,1.34,1.91,0.85,93.84
20200316,0.92,5.4806,3.7135,2.2558,0.52,23.36,24.97,21.95,92.33,1.61,2.61,0.94,93.92
20200317,6.84,4.7597,2.255,2.449,0.45,24.17,27.35,21.58,86.32,1.54,2.21,0.96,93.92
20200318,21.31,5.8411,3.7378,2.5423,0.56,24.17,27.75,21.95,85.76,1.34,2.09,0.84,93.86
20200319,1.85,5.0306,2.5152,2.5092,0.48,23.7,25.61,21.79,88.33,1.45,2.07,0.91,93.89
20200320,11.4,4.5737,1.9654,2.5094,0.44,24.14,27.48,21.98,88.01,1.4,2.54,0.89,93.86
20200321,7.05,5.4442,2.7269,2.6921,0.52,23.19,25.33,21.89,91.5,1.52,2.04,0.95,93.97
20200322,35.42,5.4538,2.407,2.8819,0.52,23.13,25.01,21.98,90.71,1.26,1.7,0.78,93.97
20200323,23.95,6.3814,5.0297,2.1576,0.61,23.89,27.92,20.82,83.17,1.32,2.27,0.86,93.84
20200324,6.04,5.7878,2.7974,3.0533,0.56,23.3,25.19,21.8,90.97,1.26,1.95,0.79,93.79
20200325,3.47,5.6518,3.637,2.5517,0.54,23.82,26.37,22.08,91.22,1.85,2.79,1.2,93.69
20200326,1.97,4.7263,1.3858,2.9978,0.45,24.29,26.42,22.8,90.16,1.64,1.95,1.04,93.72
20200327,46.06,5.2433,3.263,2.2886,0.51,24.26,26.82,22.64,90.97,1.67,2.27,1.04,93.74
20200328,30.62,4.5955,1.4873,2.622,0.44,23.98,25.65,23.0,95.21,2.04,2.84,1.18,93.74
20200329,13.53,4.991,1.2101,3.342,0.48,24.04,26.41,22.69,90.07,1.42,1.89,0.83,93.74
20200330,34.03,4.331,1.4827,2.4876,0.42,23.78,25.69,22.53,90.9,1.22,1.65,0.74,93.75
20200331,16.89,5.7533,4.3814,2.153,0.56,23.91,26.58,22.56,89.82,1.3,2.02,0.84,93.79
20200401,40.3,4.83,1.7117,2.658,0.47,23.21,24.66,21.91,94.59,1.57,2.74,0.95,93.84
20200402,5.24,5.9669,3.5602,2.8382,0.58,23.51,26.09,21.77,89.46,1.07,1.52,0.68,93.85
20200403,4.95,5.2807,3.4982,2.219,0.51,23.95,27.21,21.74,89.35,1.06,1.71,0.68,93.83
20200404,6.55,5.3498,3.0108,2.4607,0.52,23.59,24.85,22.68,91.59,1.13,1.56,0.71,93.88
20200405,4.58,6.103,4.4501,2.327,0.6,24.33,26.81,22.71,85.04,1.08,1.68,0.69,93.83
20200406,6.2,5.7974,4.5089,2.1122,0.57,24.25,26.85,22.43,85.53,1.14,1.56,0.68,93.82
20200407,13.35,5.8368,3.8494,2.4617,0.57,24.04,27.04,21.74,87.56,1.49,1.89,0.91,93.78
20200408,24.4,4.1815,1.2725,2.4343,0.41,22.79,23.87,21.69,94.79,1.14,1.68,0.7,93.9
20200409,9.48,5.4749,4.1126,2.0952,0.54,23.42,26.04,21.59,91.17,1.63,2.11,0.99,93.97
20200410,12.14,5.5913,4.4902,1.9678,0.55,24.06,27.11,22.0,90.2,1.51,2.17,0.95,93.92
20200411,29.78,4.4467,2.9102,1.9582,0.44,24.62,27.27,22.94,91.14,1.28,2.15,0.79,93.84
20200412,3.89,6.5518,5.7934,2.2135,0.65,23.94,27.61,20.42,86.06,1.5,2.01,0.92,93.87
20200413,1.01,6.4858,5.904,2.0309,0.64,24.64,27.74,22.45,87.84,1.61,2.28,1.0,93.82
20200414,9.79,5.587,3.5273,2.7384,0.56,23.77,25.29,22.48,93.19,1.83,2.89,1.12,93.91
20200415,8.08,5.2639,3.8496,2.3592,0.52,23.68,26.18,21.86,87.43,1.24,1.48,0.76,94.0
20200416,0.83,6.2945,4.5974,2.3258,0.63,24.68,28.03,21.9,80.56,1.25,1.95,0.79,93.9
20200417,7.37,5.7847,4.6608,2.232,0.58,24.75,27.66,22.56,86.72,1.23,1.92,0.77,93.85
20200418,26.74,6.1536,5.2894,2.0806,0.62,24.73,27.33,22.88,87.45,0.96,1.14,0.62,93.88
20200419,33.04,5.6383,3.5827,3.073,0.57,24.1,26.61,22.44,87.58,1.26,2.13,0.83,93.9
20200420,15.6,6.0602,4.877,2.1893,0.61,23.26,25.32,21.61,90.62,1.46,2.22,0.94,93.92
20200421,0.23,5.8094,4.2122,2.5056,0.59,23.9,26.56,21.43,85.17,1.22,1.7,0.78,93.85
20200422,5.59,5.069,3.2765,2.2517,0.51,24.54,27.27,22.95,87.18,0.77,1.28,0.5,93.83
20200423,8.65,6.1282,5.3729,2.0122,0.62,24.33,27.01,22.58,88.57,1.17,1.79,0.74,93.81
20200424,26.32,5.4643,3.1385,2.6986,0.56,23.67,25.72,22.39,89.99,1.49,2.3,0.95,93.77
20200425,36.68,5.7113,5.1235,1.9402,0.58,23.74,25.93,22.28,88.3,0.82,1.67,0.56,93.73
20200426,30.63,3.8472,0.9146,2.3758,0.39,23.0,23.99,22.15,91.22,1.79,3.51,1.1,93.81
20200427,3.77,4.8194,2.417,2.491,0.49,23.76,26.71,21.74,84.99,1.31,1.68,0.81,93.79
20200428,20.64,4.7935,2.0837,2.6054,0.49,22.91,24.53,21.47,93.16,1.56,1.88,0.97,93.85
20200429,41.26,4.5778,2.1418,2.4374,0.47,23.27,25.84,21.07,91.22,1.28,1.96,0.81,93.83
20200430,6.96,4.7856,2.1924,2.4533,0.49,23.16,24.58,22.25,92.77,1.37,1.77,0.84,93.87
20200501,15.34,5.3162,4.1234,2.075,0.55,24.11,27.11,22.03,86.09,1.14,1.81,0.73,93.77
20200502,13.91,5.2613,3.9427,2.0702,0.54,23.87,27.02,21.94,88.06,1.03,1.99,0.67,93.72
20200503,14.5,4.7633,1.7861,2.7086,0.49,23.74,26.29,21.83,88.46,1.25,2.02,0.8,93.81
20200504,7.8,4.5089,0.6511,3.1646,0.47,23.4,24.83,22.44,92.79,0.98,1.74,0.62,93.87
20200505,3.67,4.5701,1.8038,2.6407,0.48,24.23,27.21,21.96,86.39,1.28,2.13,0.83,93.84
20200506,0.58,5.3021,3.6542,2.2694,0.55,24.89,27.87,22.24,83.77,1.28,1.77,0.78,93.8
20200507,10.25,5.1535,2.885,2.8147,0.54,24.68,26.64,23.2,88.73,0.85,1.55,0.53,93.83
20200508,2.66,5.5843,4.6495,2.0959,0.59,24.53,27.5,22.25,82.37,1.15,1.73,0.73,93.79
20200509,56.28,4.8302,2.0426,2.695,0.51,24.42,27.01,22.63,84.86,1.24,2.21,0.82,93.79
20200510,22.19,4.6373,2.3815,2.418,0.49,23.56,25.97,22.22,90.22,1.47,1.96,0.93,93.89
20200511,1.93,5.514,4.8257,1.9166,0.58,24.08,27.3,21.49,85.41,1.35,2.07,0.86,93.85
20200512,8.24,5.0105,4.261,1.9726,0.53,24.44,27.23,22.85,88.6,1.37,1.85,0.86,93.82
20200513,11.42,4.8377,3.9857,1.889,0.51,24.41,27.42,22.1,87.97,1.47,2.18,0.92,93.81
20200514,39.39,5.0489,4.1731,2.1902,0.54,23.67,25.66,22.31,92.78,1.12,1.79,0.69,93.72
20200515,3.38,5.0695,4.0757,1.9591,0.54,23.97,26.42,22.47,88.84,1.05,1.88,0.63,93.64
20200516,16.75,4.4676,3.6204,1.8334,0.48,24.13,27.03,22.02,90.45,1.02,1.85,0.64,93.58
20200517,3.21,4.7494,1.8883,2.7338,0.51,24.82,27.76,22.7,86.41,1.23,2.19,0.76,93.54
20200518,28.55,5.3388,3.0278,2.8181,0.57,24.04,25.26,22.51,91.55,1.25,1.84,0.78,93.57
20200519,33.39,3.5376,0.8107,2.3998,0.38,23.68,25.5,22.03,91.07,1.28,2.39,0.8,93.7
20200520,12.15,5.0402,3.7471,2.1622,0.54,23.97,27.06,21.71,87.55,0.93,1.8,0.62,93.78
20200521,13.11,4.3603,2.2061,2.4396,0.47,24.44,27.66,22.28,87.18,1.51,2.35,0.95,93.74
20200522,5.94,3.3281,0.6456,2.2546,0.36,23.3,25.06,22.0,92.88,1.42,2.52,0.87,93.85
20200523,1.87,5.1101,3.2962,2.4684,0.55,23.61,26.05,21.37,89.72,1.27,2.0,0.78,93.89
20200524,3.45,5.0333,3.0876,2.2399,0.55,23.49,26.33,21.67,89.06,1.3,1.61,0.77,93.96
20200525,2.84,4.8456,2.7449,2.5334,0.53,23.8,26.4,21.62,89.29,1.44,1.94,0.86,94.02
20200526,1.43,4.367,1.5598,2.5625,0.48,23.94,26.78,21.75,87.89,0.84,1.38,0.5,93.98
20200527,1.89,3.4265,0.5059,2.3443,0.37,23.51,25.58,22.23,89.93,0.76,1.5,0.49,94.0
20200528,7.49,5.0326,3.3828,2.381,0.55,23.59,26.36,20.87,85.99,1.14,1.76,0.71,93.99
20200529,12.73,3.0811,0.36,2.1919,0.34,23.39,24.91,22.13,89.63,1.07,1.73,0.69,94.06
20200530,14.82,5.3069,4.1042,2.249,0.58,23.96,26.98,21.53,81.69,1.16,1.69,0.73,94.04
20200531,43.84,5.2123,4.1779,2.0498,0.57,23.52,26.01,21.18,85.65,0.97,1.13,0.62,94.04
20200601,13.22,5.8639,5.7862,1.669,0.64,23.98,26.94,21.9,83.97,1.13,1.93,0.7,93.95
20200602,9.72,4.2881,2.7754,2.0525,0.47,23.38,25.8,21.56,84.08,1.12,1.89,0.72,93.97
20200603,1.19,4.4446,2.5493,2.4262,0.49,23.17,25.87,21.29,82.5,1.07,1.6,0.67,94.0
20200604,0.31,5.9088,6.5585,1.4902,0.65,23.35,26.35,20.63,84.17,1.34,1.8,0.82,93.97
20200605,2.8,4.1184,2.5596,2.1773,0.46,23.05,24.53,21.4,91.55,1.36,2.37,0.88,93.83
20200606,17.94,2.3755,0.2026,1.7208,0.26,22.84,24.63,21.08,93.15,1.59,2.44,0.99,93.81
20200607,37.09,4.0289,1.6898,2.2402,0.45,23.08,25.92,20.62,86.26,1.31,1.68,0.84,93.75
20200608,61.96,3.1082,0.6403,1.9819,0.34,22.39,24.57,20.85,93.53,1.51,1.97,0.93,93.85
20200609,20.09,4.254,2.4754,2.1629,0.47,22.85,25.66,21.25,88.56,1.42,2.88,0.93,93.92
20200610,4.34,5.2344,4.0502,2.2236,0.58,23.04,26.09,20.42,86.23,1.26,1.83,0.81,93.87
20200611,0.62,4.5768,2.149,2.5253,0.51,23.21,26.1,21.53,87.78,1.19,1.58,0.75,93.76
20200612,1.32,4.656,3.2981,2.2039,0.52,23.62,26.46,21.78,86.96,1.04,1.91,0.67,93.69
20200613,3.83,3.3506,1.0999,2.1338,0.37,23.14,25.73,20.76,88.18,1.48,1.95,0.89,93.75
20200614,9.01,4.607,3.4603,1.98,0.51,23.75,26.82,21.48,88.02,1.46,2.47,0.9,93.86
20200615,55.06,2.7173,0.4502,1.9584,0.3,23.15,25.62,21.53,91.37,1.25,1.56,0.76,93.91
20200616,27.79,4.8989,3.7805,2.1394,0.55,23.13,25.43,21.41,92.47,1.75,2.36,1.07,93.83
20200617,65.08,3.9893,2.0825,2.1667,0.45,23.21,25.33,21.81,90.22,1.44,1.85,0.87,93.84
20200618,39.68,2.5541,0.2419,1.9243,0.29,23.15,25.66,21.29,89.85,1.26,1.67,0.76,93.88
20200619,14.38,2.7823,0.5033,1.9279,0.31,23.35,25.97,21.74,89.19,1.12,1.94,0.67,93.89
20200620,16.43,3.9746,1.4256,2.2812,0.44,23.06,25.39,21.46,89.57,1.17,1.67,0.73,93.8
20200621,13.97,3.7757,2.1146,2.023,0.42,22.82,25.6,20.15,87.82,1.35,2.12,0.87,93.68
20200622,2.19,4.0793,2.4859,2.0767,0.46,23.4,26.5,21.4,86.89,1.07,2.2,0.69,93.72
20200623,1.01,5.3237,5.1046,1.769,0.59,23.31,26.29,21.13,87.38,1.3,1.91,0.82,93.75
20200624,12.22,4.0214,2.1158,2.2178,0.45,23.04,25.68,21.33,90.33,1.62,2.79,1.03,93.79
20200625,24.37,3.4493,1.0966,2.076,0.39,22.92,25.39,21.19,91.72,1.21,1.96,0.79,93.76
20200626,33.94,2.623,0.0797,2.0359,0.29,22.36,24.3,21.04,93.43,1.15,1.46,0.7,93.76
20200627,2.37,4.8823,3.0422,2.4725,0.54,22.09,24.93,20.05,84.83,1.23,1.84,0.79,93.88
20200628,1.73,3.6602,0.8592,2.4497,0.41,22.24,24.91,20.12,84.82,0.94,1.3,0.56,93.94
20200629,0.52,4.357,2.4876,2.1682,0.49,22.45,25.31,20.29,83.6,0.79,1.33,0.54,93.93
20200630,1.87,4.1491,2.6114,1.985,0.46,22.94,26.12,20.77,88.61,1.15,1.57,0.74,93.79
20200701,8.3,4.4904,2.0635,2.5171,0.5,22.74,25.14,20.98,89.62,1.1,1.91,0.69,93.77
20200702,16.98,4.2583,2.6772,2.1007,0.47,22.22,24.97,19.95,87.79,1.21,1.68,0.78,93.78
20200703,33.86,3.6826,2.0957,1.9258,0.41,22.38,24.48,20.81,89.94,1.01,1.84,0.66,93.9
20200704,12.77,3.7742,1.0956,2.3227,0.42,22.12,24.35,20.66,87.71,1.06,1.75,0.66,93.92
20200705,11.53,4.2754,2.4389,2.2294,0.47,22.53,25.56,20.18,85.99,1.09,1.52,0.65,93.8
20200706,9.06,2.3095,0.2746,1.6601,0.26,22.38,24.55,20.48,90.96,1.13,1.83,0.67,93.82
20200707,1.57,3.7656,1.2295,2.2246,0.42,22.54,24.61,20.79,87.87,1.02,1.72,0.61,93.83
20200708,7.5,3.4409,0.7862,2.334,0.38,22.62,24.47,21.07,89.16,1.19,2.04,0.71,93.73
20200709,11.54,2.2627,0.2465,1.6776,0.25,22.17,24.23,20.57,91.28,1.14,1.73,0.72,93.69
20200710,17.13,1.5595,0.1286,1.187,0.17,22.45,24.06,21.42,92.59,0.7,1.22,0.42,93.77
20200711,6.97,4.8703,3.7078,2.0506,0.54,22.52,24.89,20.98,91.85,1.03,1.55,0.64,93.79
20200712,34.91,3.3814,0.2474,2.4607,0.37,21.91,24.0,20.15,93.06,1.23,2.11,0.77,93.78
20200713,19.13,3.5328,0.7718,2.3878,0.39,22.19,24.28,20.59,90.36,0.78,1.48,0.53,93.82
20200714,14.91,2.0546,0.2474,1.4738,0.23,21.71,22.81,20.78,92.84,1.2,2.56,0.72,93.82
20200715,1.07,2.1101,0.1186,1.5883,0.23,22.39,24.73,20.6,88.29,0.84,1.45,0.56,93.78
20200716,2.11,1.8533,0.1646,1.3517,0.2,21.56,23.86,19.51,89.83,1.11,1.81,0.71,93.78
20200717,7.23,5.7641,5.3834,1.8444,0.63,22.52,25.03,20.42,87.71,1.09,1.55,0.71,93.73
20200718,8.32,4.7374,3.294,2.1031,0.52,23.29,26.48,21.1,86.76,1.07,1.68,0.68,93.74
20200719,19.36,5.6258,5.1756,1.9483,0.61,23.07,26.44,20.4,88.51,1.48,2.26,0.93,93.69
20200720,53.46,4.7299,3.3566,2.0254,0.52,22.98,25.79,21.14,90.02,1.12,2.02,0.73,93.73
20200721,8.59,4.9949,2.9561,2.4674,0.54,23.25,26.57,20.7,86.92,1.33,2.17,0.83,93.74
20200722,4.45,4.2562,1.3721,2.5037,0.46,22.88,25.34,20.93,89.3,1.22,1.78,0.73,93.72
20200723,13.48,4.6798,3.0521,2.2147,0.51,22.78,25.62,20.86,89.73,1.26,2.16,0.8,93.71
20200724,5.51,5.4907,4.9195,2.1122,0.59,22.51,25.71,20.64,86.38,1.23,2.14,0.79,93.76
20200725,23.87,3.7066,1.655,2.0177,0.4,22.76,25.63,20.61,90.75,1.72,2.72,1.09,93.76
20200726,9.57,2.1434,1.169,1.3752,0.23,22.4,24.75,20.85,88.16,1.4,1.93,0.89,93.85
20200727,2.48,5.0148,4.3766,1.9126,0.54,22.63,25.88,20.25,86.73,1.25,1.84,0.8,93.79
20200728,0.87,5.533,4.5293,2.2138,0.59,22.49,25.79,20.39,87.72,1.32,2.34,0.84,93.77
20200729,4.46,5.2894,4.5943,1.9889,0.57,22.37,25.26,20.09,89.79,1.67,2.34,1.05,93.76
20200730,2.71,2.8416,0.5076,1.9886,0.3,22.49,25.15,20.83,88.19,1.48,1.85,0.93,93.81
20200731,1.77,2.9563,0.6331,2.0933,0.32,22.74,25.12,20.86,90.5,1.73,2.99,1.08,93.78
20200801,7.36,4.2554,2.0647,2.2788,0.45,22.53,25.29,20.84,90.38,1.43,2.3,0.88,93.78
20200802,9.94,2.6926,0.3977,1.8696,0.29,22.3,24.62,20.8,91.46,1.68,2.51,1.06,93.78
20200803,16.72,4.5091,2.2478,2.2423,0.48,22.73,25.27,20.94,88.69,0.87,1.34,0.52,93.7
20200804,29.59,4.0315,1.0301,2.5034,0.43,22.52,24.27,21.53,93.83,2.07,3.29,1.27,93.68
20200805,4.75,4.8967,3.5688,2.0422,0.52,23.13,25.98,21.38,90.72,2.02,3.04,1.25,93.74
20200806,0.23,4.3114,2.855,2.0832,0.45,22.76,25.29,21.04,90.21,2.09,3.08,1.29,93.79
20200807,8.87,4.2557,1.5917,2.5478,0.45,22.81,25.26,21.04,91.08,1.61,2.38,0.99,93.77
20200808,25.24,4.993,4.1244,1.9656,0.52,23.22,26.4,21.26,90.02,1.34,1.96,0.83,93.79
20200809,7.79,5.6076,4.0709,2.4288,0.59,23.23,25.62,21.26,87.73,1.35,1.84,0.82,93.86
20200810,8.22,4.109,2.3626,2.1398,0.43,23.26,26.48,20.9,87.88,1.53,2.13,0.92,93.92
20200811,2.26,3.7061,0.9691,2.2594,0.39,23.67,26.82,21.64,87.73,1.05,1.52,0.65,93.94
20200812,4.64,4.998,3.6398,2.2457,0.52,23.29,25.66,21.86,90.63,1.84,3.22,1.13,93.98
20200813,0.05,6.793,7.0706,1.4695,0.71,23.3,26.62,20.62,83.05,1.33,1.88,0.85,93.9
20200814,0.02,6.4013,6.6542,1.5218,0.66,23.55,26.93,21.27,82.09,1.2,1.91,0.79,93.82
20200815,0.82,4.715,3.0122,2.2351,0.49,22.89,26.24,20.63,82.26,1.1,1.88,0.72,93.85
20200816,12.23,4.4909,1.6846,2.4922,0.46,21.95,24.49,19.44,89.19,1.39,2.67,0.9,93.9
20200817,0.54,4.0046,0.7918,2.7974,0.41,22.15,25.21,19.12,82.55,1.2,1.66,0.74,93.86
20200818,0.0,6.4358,6.1097,1.9788,0.66,22.37,25.73,19.77,84.4,1.57,2.38,1.01,93.76
20200819,0.0,4.7875,3.6194,2.0158,0.49,22.37,26.04,19.19,84.2,1.6,1.98,1.02,93.72
20200820,0.0,5.639,3.6842,2.4626,0.58,23.06,26.51,20.49,83.45,1.33,2.27,0.86,93.84
20200821,0.0,5.3126,3.6974,2.1574,0.54,23.13,26.74,20.07,79.0,1.08,1.89,0.69,93.97
20200822,10.86,5.5068,4.3704,2.0582,0.56,23.05,25.66,21.17,85.33,0.92,1.35,0.58,94.04
20200823,4.79,6.0857,5.7943,1.6915,0.62,23.43,26.48,21.37,85.43,1.39,2.52,0.91,93.93
20200824,0.43,5.5018,4.5365,1.9975,0.56,23.06,26.68,20.31,81.17,1.05,1.89,0.68,93.93
20200825,10.62,5.3328,4.4719,2.0806,0.54,22.5,26.12,20.03,85.0,1.54,2.2,0.98,94.0
20200826,18.24,2.9786,1.6656,1.7969,0.3,22.43,25.54,20.28,89.38,1.99,2.51,1.23,93.94
20200827,3.4,4.1614,2.9585,2.2901,0.42,22.58,25.71,19.93,82.59,1.28,2.38,0.79,93.82
20200828,4.07,5.4535,4.2562,2.1024,0.55,23.21,25.84,20.91,85.36,1.22,1.95,0.74,93.72
20200829,2.28,6.4368,5.9196,1.9483,0.65,23.01,26.23,20.9,85.11,1.48,2.34,0.95,93.72
20200830,0.09,5.7706,4.4563,2.2894,0.58,23.09,26.46,20.56,82.4,1.01,2.14,0.68,93.74
20200831,55.79,3.8846,1.0694,2.5771,0.39,22.51,24.87,21.13,89.13,0.7,1.54,0.47,93.77
20200901,23.81,4.813,2.6006,2.3136,0.48,23.03,25.79,20.74,88.71,0.84,1.57,0.53,93.75
20200902,27.52,5.7444,3.8724,2.4007,0.57,23.32,26.47,20.66,87.87,1.21,1.73,0.79,93.77
20200903,39.39,3.997,0.8078,2.5661,0.4,23.35,25.78,21.75,87.9,0.85,1.85,0.57,93.86
20200904,9.22,3.9079,1.5737,2.1962,0.39,22.86,25.8,21.14,89.71,1.06,1.99,0.68,93.8
20200905,5.08,5.8147,4.0452,2.449,0.58,23.38,26.85,20.7,85.58,1.2,1.94,0.77,93.68
20200906,29.63,4.9505,2.4144,2.5591,0.49,23.28,26.33,21.32,88.61,1.13,2.34,0.75,93.72
20200907,11.27,3.4668,0.18,2.502,0.34,22.99,25.22,21.7,89.35,1.35,2.0,0.83,93.87
20200908,15.41,4.6337,0.8894,2.8879,0.46,22.47,24.42,21.05,89.36,0.62,0.83,0.39,93.98
20200909,23.12,5.2464,3.1042,2.7007,0.52,23.08,25.81,21.32,86.11,1.16,1.67,0.72,93.83
20200910,22.51,4.9344,2.6297,2.4686,0.49,22.52,25.29,20.57,90.78,1.47,2.18,0.92,93.63
20200911,12.48,4.4472,2.2248,2.1254,0.44,23.29,26.33,21.42,88.7,1.38,2.22,0.85,93.75
20200912,5.4,5.6086,4.0956,2.2807,0.55,23.13,26.37,20.66,86.9,1.26,1.76,0.79,93.82
20200913,33.02,2.993,0.4586,2.0383,0.29,21.87,24.6,19.7,92.39,1.61,3.38,1.04,93.85
20200914,4.18,4.8953,2.5982,2.4912,0.48,22.03,25.62,19.3,85.98,1.63,2.57,1.06,93.85
20200915,2.01,4.812,2.8373,2.3414,0.47,22.23,25.09,20.42,83.11,1.56,2.56,1.03,93.89
20200916,1.06,4.9954,2.1451,2.863,0.49,22.28,25.61,19.44,80.89,1.33,1.83,0.84,93.9
20200917,1.77,4.4959,0.9982,2.9306,0.44,22.88,26.4,19.92,78.65,1.12,1.87,0.73,93.89
20200918,2.85,5.7648,3.5407,2.461,0.56,23.43,27.07,20.35,82.9,1.13,1.91,0.71,93.86
20200919,1.82,5.1002,3.497,2.4665,0.5,23.53,27.19,19.91,84.1,1.34,1.9,0.82,93.8
20200920,2.94,5.7262,4.4239,2.3268,0.56,23.91,27.42,21.52,87.83,1.2,2.16,0.77,93.75
20200921,5.01,6.2837,5.2452,2.1792,0.61,23.61,27.09,21.07,87.27,1.3,1.91,0.82,93.75
20200922,30.92,4.8226,2.7077,2.4854,0.47,23.41,25.12,21.9,91.35,0.94,1.25,0.62,93.79
20200923,17.97,4.4878,1.1455,2.6844,0.43,23.24,26.11,20.95,86.95,1.32,1.79,0.81,93.88
20200924,2.73,5.1178,1.6313,3.2856,0.5,23.27,27.01,19.65,78.45,1.31,2.15,0.79,93.92
20200925,0.3,5.8565,3.5129,2.6316,0.57,23.55,26.81,20.69,85.46,1.52,2.2,0.98,93.85
20200926,5.01,5.9184,3.9919,2.6705,0.57,23.68,26.33,22.04,86.88,1.71,2.6,1.06,93.81
20200927,4.84,5.0988,2.659,2.4989,0.49,23.15,25.45,21.64,87.12,1.15,1.47,0.72,93.87
20200928,1.58,6.1298,4.0022,2.5769,0.59,23.5,26.86,21.0,83.66,1.4,1.93,0.85,93.91
20200929,5.05,4.1251,1.1659,2.521,0.4,23.6,26.95,21.19,81.07,1.15,1.65,0.73,93.81
20200930,4.65,4.9754,2.4727,2.6244,0.48,22.8,25.0,21.4,87.21,1.11,1.34,0.68,93.75
20201001,1.62,4.9687,1.8581,2.7883,0.48,23.1,26.48,20.84,81.63,1.09,2.01,0.71,93.78
20201002,0.06,6.3854,4.7426,2.5709,0.61,23.59,26.98,20.74,84.71,1.17,1.89,0.75,93.77
20201003,0.01,5.707,2.2157,3.1757,0.55,23.99,27.39,21.77,80.04,1.23,1.95,0.77,93.8
20201004,8.95,4.8355,2.8258,2.5313,0.46,23.06,25.99,20.84,88.54,1.73,2.51,1.09,93.78
20201005,10.13,4.3526,1.6742,2.4151,0.42,23.13,25.57,21.53,86.82,1.46,2.42,0.92,93.73
20201006,4.04,5.1845,1.859,2.9978,0.5,23.61,26.67,21.36,85.14,1.46,2.3,0.93,93.72
20201007,6.03,5.2277,1.9634,3.3077,0.5,23.3,25.13,22.25,91.2,1.72,2.55,1.05,93.68
20201008,33.68,5.3842,3.4778,2.67,0.52,23.75,26.99,21.7,87.05,1.2,2.22,0.75,93.68
20201009,52.14,5.9818,4.0226,2.2951,0.57,23.8,26.92,21.32,90.32,1.66,2.55,1.03,93.66
20201010,50.75,4.1762,0.4164,3.0307,0.4,23.02,24.27,21.69,94.02,1.44,2.17,0.9,93.69
20201011,3.68,6.1159,4.5996,2.3489,0.59,23.12,25.42,21.48,83.74,1.27,1.87,0.79,93.69
20201012,0.38,6.7718,6.2503,2.0614,0.65,23.55,27.44,20.27,80.99,1.13,1.88,0.75,93.69
20201013,15.5,5.005,3.0828,2.3522,0.48,23.88,27.1,21.64,84.55,1.07,2.13,0.7,93.73
20201014,18.21,5.3407,2.7576,3.0559,0.51,23.92,26.51,22.11,87.6,1.14,1.76,0.73,93.74
20201015,28.08,5.6234,3.4531,2.4242,0.54,22.31,23.04,21.43,92.38,1.47,2.16,0.91,93.74
20201016,3.8,5.5982,3.3828,2.5951,0.54,23.32,25.95,21.71,84.79,1.09,1.49,0.68,93.65
20201017,75.64,4.099,0.5496,2.819,0.39,21.85,22.71,20.71,91.24,1.32,2.56,0.81,93.75
20201018,2.66,4.2398,1.2737,2.5961,0.41,23.97,27.68,20.71,80.81,1.33,1.7,0.82,93.73
20201019,2.11,5.4048,2.3342,2.9952,0.52,23.74,26.65,21.58,87.76,1.49,2.72,0.93,93.77
20201020,0.1,6.1169,4.8965,2.5068,0.59,23.91,27.5,21.04,81.64,1.09,1.91,0.7,93.8
20201021,6.85,6.815,5.9172,2.2063,0.65,24.04,26.95,21.86,81.95,1.08,2.16,0.73,93.75
20201022,1.44,6.5357,5.328,2.2534,0.63,23.83,27.46,20.49,80.79,1.32,1.97,0.86,93.73
20201023,0.01,6.2489,4.6526,2.4144,0.6,24.51,27.88,21.95,82.37,1.26,1.77,0.78,93.72
20201024,1.44,6.3014,4.9169,2.327,0.6,24.76,27.89,22.52,80.35,1.06,1.78,0.68,93.8
20201025,0.68,5.94,3.5064,2.9117,0.57,24.3,26.76,22.82,84.71,0.97,1.66,0.65,93.8
20201026,4.46,5.9918,3.8743,2.6998,0.58,24.4,26.86,22.82,86.03,1.22,2.57,0.81,93.7
20201027,4.5,5.6618,2.7907,2.9462,0.54,24.31,27.1,22.21,83.92,1.09,2.0,0.69,93.75
20201028,0.97,5.4533,2.3462,2.8116,0.52,23.74,26.43,21.58,82.82,1.53,1.97,0.95,93.87
20201029,7.73,6.6355,5.9618,2.0664,0.64,23.96,27.11,21.69,84.95,1.35,1.75,0.8,93.84
20201030,5.69,5.7415,3.7243,2.4838,0.55,23.88,26.2,22.69,86.8,1.14,2.1,0.71,93.79
20201031,12.06,5.4439,3.2695,2.3148,0.52,23.08,24.31,22.27,94.85,2.26,3.07,1.35,93.76
20201101,11.72,6.1697,3.8119,2.652,0.59,23.1,25.16,21.87,91.1,1.54,2.26,0.96,93.82
20201102,6.13,5.1053,1.8053,3.0876,0.49,23.65,26.23,21.84,87.2,1.54,2.57,0.97,93.91
20201103,0.99,3.7267,0.725,2.4804,0.36,23.52,26.4,21.66,83.83,1.29,2.15,0.84,93.97
20201104,0.79,5.3966,2.7377,2.8294,0.52,23.94,27.35,21.3,78.59,1.3,2.14,0.83,93.93
20201105,7.27,6.3168,5.4691,2.1715,0.61,24.01,27.81,20.84,83.22,1.44,1.68,0.88,93.91
20201106,7.78,5.4228,3.2777,2.7478,0.52,24.07,27.8,20.76,83.21,1.58,2.56,0.98,93.93
20201107,2.35,5.7574,4.1638,2.3614,0.56,23.88,26.34,22.05,86.37,1.47,2.23,0.92,93.86
20201108,0.28,6.6761,5.8534,2.4478,0.65,23.83,27.26,21.09,82.71,1.66,2.41,1.04,93.81
20201109,0.03,7.0337,6.5995,2.0155,0.68,23.62,27.03,20.71,78.63,1.62,2.65,1.03,93.78
20201110,0.12,5.563,3.3998,2.9522,0.54,23.99,27.78,21.18,82.07,1.58,2.48,1.0,93.73
20201111,5.03,6.4385,5.7775,2.321,0.62,24.12,27.83,20.19,82.41,1.51,2.05,0.9,93.81
20201112,1.74,6.9533,6.5616,1.9682,0.67,24.74,27.59,22.67,82.55,1.12,1.51,0.71,93.84
20201113,7.74,6.4889,6.0257,2.0573,0.63,25.12,28.43,22.66,79.54,1.22,1.85,0.79,93.68
20201114,26.95,5.1415,2.131,2.7569,0.5,24.25,26.25,22.36,87.16,1.12,1.53,0.71,93.71
20201115,10.5,5.2982,3.019,2.7518,0.51,24.0,26.76,22.25,86.71,1.08,1.87,0.66,93.76
20201116,0.54,6.029,4.823,2.3102,0.59,24.45,27.12,22.16,84.34,1.02,1.83,0.66,93.72
20201117,2.33,6.2424,5.3095,2.5778,0.61,24.84,27.87,22.78,81.84,1.13,2.08,0.74,93.63
20201118,3.82,5.8654,4.6344,2.2596,0.57,24.52,28.06,21.78,81.61,1.42,1.73,0.86,93.6
20201119,4.31,5.6446,2.9498,2.7058,0.55,24.21,27.1,21.64,82.41,1.24,1.73,0.76,93.66
20201120,1.91,6.3492,5.1475,2.4706,0.62,24.69,27.42,22.86,83.21,1.07,1.6,0.7,93.64
20201121,10.75,6.0806,4.5581,2.6299,0.59,24.2,26.29,22.7,88.33,1.35,1.84,0.85,93.64
20201122,8.89,5.6911,3.7514,2.6436,0.56,23.61,25.71,22.18,92.46,1.39,1.83,0.85,93.67
20201123,6.28,4.9442,2.2474,2.7696,0.48,23.8,26.59,21.95,83.31,1.35,2.0,0.84,93.71
20201124,10.73,5.1679,2.2068,3.3665,0.5,23.81,26.43,21.72,87.28,1.18,1.58,0.74,93.65
20201125,18.51,4.6476,0.9048,3.0941,0.45,23.66,24.95,22.55,92.29,1.67,2.55,1.03,93.59
20201126,12.21,4.7278,1.8557,2.6078,0.46,24.28,26.99,22.5,87.2,1.01,1.52,0.61,93.61
20201127,26.62,5.0947,1.817,2.9117,0.5,23.91,25.72,22.66,90.95,0.8,1.08,0.49,93.65
20201128,8.73,5.209,2.1156,2.9606,0.51,24.02,26.25,22.55,86.12,0.85,1.51,0.49,93.68
20201129,24.95,5.4859,3.8014,2.3642,0.54,23.22,24.74,22.33,91.4,0.68,1.3,0.42,93.65
20201130,6.87,3.9434,1.6762,2.1749,0.39,23.51,26.89,20.95,86.34,1.05,2.09,0.69,93.73
20201201,2.87,5.3398,3.5501,2.2541,0.52,24.08,27.2,21.77,82.74,1.22,2.36,0.77,93.75
20201202,0.84,5.6359,3.9286,2.5639,0.55,23.92,26.38,22.36,86.27,0.73,1.35,0.46,93.69
20201203,21.58,4.5946,0.2438,3.504,0.45,23.92,26.62,22.02,87.25,0.96,1.8,0.6,93.64
20201204,5.7,4.591,1.1909,3.0389,0.45,24.2,27.19,22.21,86.32,1.23,2.01,0.78,93.61
20201205,11.84,5.1391,2.1499,3.1798,0.51,24.29,27.21,22.29,85.64,1.25,1.75,0.8,93.64
20201206,5.85,5.4977,2.4278,3.349,0.54,24.3,27.03,22.64,86.26,1.3,2.32,0.83,93.72
20201207,0.05,5.1528,1.6416,3.276,0.51,24.57,27.46,22.82,86.25,1.25,1.85,0.75,93.75
20201208,0.04,5.2954,2.1845,2.9422,0.52,24.04,26.96,21.79,85.49,0.99,1.53,0.63,93.79
20201209,29.12,4.9498,1.3915,3.096,0.49,24.09,26.17,22.62,87.41,0.8,1.54,0.5,93.72
20201210,19.97,5.3138,2.9532,2.6746,0.52,23.51,25.05,22.64,87.3,1.03,1.56,0.65,93.76
20201211,5.68,5.8786,3.9785,2.6309,0.58,24.25,27.02,22.37,86.1,1.22,1.8,0.78,93.71
20201212,6.56,5.0683,2.8598,2.6477,0.5,23.24,24.56,22.34,91.12,1.0,1.51,0.61,93.72
20201213,13.6,5.0366,2.5344,3.2081,0.5,23.56,25.96,21.98,87.4,1.25,2.04,0.8,93.68
20201214,16.43,5.4583,2.9023,2.8298,0.54,23.54,25.88,22.11,90.32,1.53,2.05,0.96,93.69
20201215,2.37,4.1177,0.2417,3.0763,0.41,23.56,25.67,22.09,87.35,1.04,1.67,0.67,93.74
20201216,0.99,4.9471,0.7039,3.5628,0.49,23.81,26.96,21.59,86.21,1.02,2.04,0.65,93.68
20201217,4.85,5.0532,2.0419,3.4476,0.5,23.89,26.79,21.82,86.13,0.69,1.08,0.43,93.57
20201218,16.92,4.3306,1.0214,2.5318,0.43,23.8,26.72,21.46,84.89,0.89,1.93,0.59,93.5
20201219,7.71,5.7017,3.5426,2.8879,0.56,23.55,26.0,21.49,84.99,0.83,1.33,0.51,93.55
20201220,1.19,4.4758,0.4138,3.3377,0.44,23.25,26.35,20.56,86.29,1.19,1.96,0.73,93.62
20201221,2.65,4.1657,0.372,3.1104,0.41,23.46,26.02,20.87,85.15,0.97,1.59,0.58,93.6
20201222,8.55,4.6138,0.6667,3.3874,0.45,23.52,25.41,21.98,88.24,0.91,1.35,0.53,93.6
20201223,22.71,4.7762,1.9332,2.5793,0.47,24.08,27.16,22.29,87.63,0.77,1.38,0.49,93.59
20201224,3.06,5.0016,1.2864,3.2045,0.49,23.62,25.97,22.01,86.33,0.7,1.2,0.44,93.61
20201225,2.9,3.6703,0.1891,2.7466,0.36,23.47,26.21,20.97,83.85,0.81,1.19,0.47,93.65
20201226,6.54,3.8208,0.1534,2.8666,0.38,22.49,23.97,21.38,91.47,0.89,1.31,0.54,93.7
20201227,4.07,5.4235,3.5815,2.4062,0.53,23.82,26.87,21.35,85.95,1.23,1.98,0.76,93.61
20201228,6.27,4.5706,1.2758,2.9796,0.45,23.26,24.89,22.17,91.77,1.34,1.97,0.8,93.59
20201229,1.51,4.5857,0.8088,3.1735,0.45,23.62,26.32,21.38,82.53,0.91,1.59,0.56,93.6
20201230,21.84,4.3627,0.5167,3.2011,0.43,22.96,24.09,22.25,91.95,0.98,1.7,0.62,93.58
20201231,9.68,4.6553,1.3507,2.971,0.46,22.91,25.25,21.35,88.41,0.89,1.72,0.51,93.61
20210101,42.96,5.5042,3.115,2.7156,0.54,23.64,25.73,22.16,88.7,1.05,1.44,0.64,93.63
20210102,33.46,5.3158,3.0247,2.6316,0.52,23.34,25.64,22.07,92.79,1.62,1.88,1.02,93.63
20210103,19.86,5.0386,1.8581,3.0245,0.49,23.25,24.73,22.21,92.21,1.45,1.85,0.89,93.63
20210104,8.6,5.0016,0.72,3.6358,0.49,23.36,25.54,21.87,91.56,1.08,1.54,0.66,93.6
20210105,46.3,4.7938,1.1412,3.1709,0.47,22.64,23.72,21.63,94.35,1.34,3.0,0.85,93.62
20210106,9.09,3.8383,0.0298,2.9458,0.38,22.95,24.75,21.6,86.33,0.79,1.11,0.49,93.63
20210107,23.59,4.2394,0.8054,2.8699,0.41,23.22,25.58,21.43,88.01,1.57,2.55,0.98,93.54
20210108,44.08,4.6274,1.0078,3.144,0.45,23.36,25.87,21.67,90.42,1.22,1.85,0.74,93.57
20210109,22.27,5.0165,1.9476,2.8555,0.49,23.53,25.55,22.3,88.68,0.77,1.36,0.47,93.49
20210110,8.54,5.9357,5.5874,1.9188,0.58,23.9,26.15,22.14,91.81,1.01,1.66,0.63,93.49
20210111,8.31,5.4418,2.7154,2.7029,0.53,23.56,24.83,22.34,93.28,0.99,1.43,0.6,93.54
20210112,12.3,5.6189,3.5225,2.5754,0.55,23.3,24.96,22.38,89.22,0.64,1.0,0.42,93.62
20210113,2.86,5.6078,4.2535,2.3213,0.55,24.15,26.08,22.45,84.82,0.9,1.41,0.58,93.59
20210114,2.7,5.4418,2.5826,3.0941,0.53,23.79,25.63,22.73,88.64,1.34,2.01,0.8,93.59
20210115,35.49,5.0491,2.0268,2.8577,0.49,23.64,25.35,22.5,93.44,1.08,1.79,0.68,93.49
20210116,4.99,4.2826,0.2599,3.1918,0.42,23.13,25.16,21.92,90.12,0.91,1.77,0.6,93.47
20210117,4.18,3.1634,0.1092,2.412,0.31,23.24,25.27,21.95,86.74,0.77,1.36,0.52,93.57
20210118,1.25,4.3963,0.3161,3.1752,0.43,23.12,26.12,20.83,79.58,1.13,1.58,0.71,93.59
20210119,1.34,4.0452,0.1651,3.0329,0.39,23.35,26.55,21.12,81.97,1.32,1.93,0.8,93.64
20210120,1.0,5.359,1.7441,3.3002,0.52,24.3,27.28,21.33,83.32,1.09,1.46,0.7,93.64
20210121,3.51,4.043,0.3502,2.9218,0.39,23.6,24.79,22.58,90.91,1.04,1.6,0.63,93.66
20210122,34.36,5.8639,4.8701,2.1209,0.57,23.2,25.15,22.08,93.33,1.29,1.93,0.82,93.67
20210123,17.91,4.3174,0.2047,3.2974,0.42,23.13,25.48,21.69,89.96,0.98,1.51,0.62,93.72
20210124,17.98,4.8415,1.0181,3.4555,0.47,22.96,25.31,21.73,89.98,0.98,1.69,0.63,93.74
20210125,8.33,4.0555,0.2714,3.0852,0.39,22.82,24.46,21.5,85.23,0.72,1.3,0.45,93.74
20210126,0.43,4.6181,0.4073,3.426,0.44,23.48,26.67,21.26,80.45,0.95,1.51,0.59,93.61
20210127,9.65,5.3335,2.7761,2.6746,0.51,24.06,27.64,21.38,84.06,1.06,1.26,0.67,93.54
20210128,41.95,6.0422,4.8593,2.5661,0.58,23.42,26.71,21.66,87.17,1.16,2.0,0.73,93.62
20210129,10.1,5.1458,1.1275,3.4318,0.49,23.95,26.96,22.04,84.36,0.76,1.1,0.47,93.64
20210130,7.44,6.1745,4.4261,3.0367,0.59,23.76,26.97,21.87,88.1,1.07,1.95,0.7,93.67
20210131,0.86,4.4566,0.2726,3.3703,0.43,23.38,25.61,21.95,89.5,0.94,1.35,0.57,93.7
20210201,8.37,4.8055,0.3353,3.5182,0.46,22.91,25.5,21.04,84.59,0.99,1.4,0.63,93.78
20210202,36.07,5.0486,1.3762,3.2354,0.48,23.51,25.75,21.94,83.75,0.65,1.22,0.44,93.76
20210203,19.33,4.9824,1.1306,3.1159,0.48,23.86,27.01,22.13,86.92,1.15,2.14,0.75,93.71
20210204,4.66,4.0195,0.1834,2.9806,0.38,23.37,25.41,22.08,89.36,0.85,1.32,0.52,93.75
20210205,15.83,5.4811,2.8224,2.7499,0.52,23.97,27.06,21.78,85.6,0.89,1.76,0.56,93.69
20210206,4.8,5.3662,2.2054,3.3161,0.51,23.31,25.01,21.91,89.83,1.27,1.79,0.76,93.67
20210207,7.17,5.238,1.2401,3.6182,0.5,23.33,24.78,22.33,90.84,1.11,1.67,0.68,93.62
20210208,29.63,5.1607,2.8733,2.555,0.49,23.9,26.71,22.06,89.36,1.52,2.54,0.95,93.6
20210209,4.87,5.8447,3.8777,3.8282,0.56,24.41,27.87,22.14,86.91,1.36,2.1,0.81,93.62
20210210,0.28,4.872,0.8448,3.4212,0.46,24.75,27.78,22.6,85.35,1.19,1.59,0.75,93.65
20210211,0.27,5.1122,0.6742,3.6972,0.49,24.97,27.71,22.86,83.63,0.82,1.32,0.52,93.67
20210212,1.15,4.8991,0.6312,3.4229,0.47,24.14,26.17,22.72,89.98,1.03,1.57,0.65,93.76
20210213,18.47,3.1409,0.1978,2.2831,0.3,23.5,25.41,22.54,90.97,1.53,2.06,0.93,93.85
20210214,4.88,5.6597,3.2578,2.567,0.54,23.74,26.58,22.05,85.0,0.78,1.63,0.51,93.86
20210215,0.76,4.7726,2.6537,2.2322,0.45,23.65,26.83,21.2,82.56,0.78,1.43,0.46,93.79
20210216,0.1,5.742,3.2585,2.8246,0.54,24.22,26.87,22.23,81.04,1.19,1.96,0.76,93.71
20210217,0.47,5.1638,1.4638,3.4836,0.49,24.07,26.84,22.65,86.89,1.12,1.67,0.69,93.72
20210218,9.2,4.7066,1.7575,2.4886,0.45,24.48,27.69,22.1,82.24,0.75,1.27,0.44,93.72
20210219,4.71,5.8212,3.2282,3.6338,0.55,23.78,26.88,21.94,80.58,0.61,1.48,0.37,93.77
20210220,1.68,4.9279,0.967,3.2347,0.47,23.66,26.97,21.05,81.42,1.03,1.42,0.59,93.76
20210221,4.44,6.3091,4.6142,2.6705,0.6,24.03,27.23,22.19,85.43,1.38,2.47,0.86,93.75
20210222,4.13,4.7059,2.0729,2.4497,0.44,24.19,27.78,22.17,84.68,1.07,1.46,0.69,93.67
20210223,15.62,4.7755,1.3637,2.845,0.45,23.23,25.54,21.48,84.91,0.92,1.32,0.56,93.61
20210224,2.49,5.2382,2.4883,2.694,0.5,23.78,27.08,20.76,78.24,0.88,1.76,0.55,93.58
20210225,0.45,6.5078,5.7874,2.1578,0.62,23.99,27.44,21.21,81.56,1.06,1.72,0.63,93.58
20210226,0.04,5.503,1.8552,3.4262,0.52,23.93,26.4,22.08,85.86,1.46,1.88,0.92,93.58
20210227,1.99,6.485,4.9956,2.5397,0.61,24.43,27.28,22.06,83.87,1.2,2.04,0.79,93.64
20210228,1.49,5.2231,2.1511,2.9194,0.49,23.61,26.0,21.98,81.0,0.91,1.54,0.6,93.77
20210301,1.89,5.0321,1.2646,3.0463,0.48,23.07,25.95,21.62,86.18,1.11,1.62,0.67,93.85
20210302,6.2,4.7304,0.7229,3.2794,0.45,23.63,27.15,20.86,84.46,0.83,1.27,0.54,93.87
20210303,10.58,6.1106,3.8134,2.6882,0.58,23.67,26.67,21.65,85.99,1.06,1.98,0.66,93.88
20210304,27.01,5.7646,3.3934,2.79,0.55,22.71,24.77,21.48,91.37,1.43,1.74,0.91,93.95
20210305,37.62,5.2862,2.2018,2.9695,0.5,23.37,26.7,21.04,88.02,1.37,2.13,0.9,93.88
20210306,11.9,5.0662,1.1093,3.3893,0.48,23.24,25.78,21.73,89.09,1.18,1.44,0.74,93.87
20210307,36.57,4.771,1.5502,2.7209,0.45,22.45,23.35,21.72,93.22,1.3,1.98,0.83,93.86
20210308,8.33,5.9597,3.4056,2.641,0.56,23.05,26.15,20.69,83.8,1.1,1.88,0.72,93.86
20210309,22.85,5.5255,2.4046,2.7938,0.52,22.66,24.73,21.23,88.85,1.06,1.65,0.64,93.83
20210310,7.08,5.3822,1.4386,3.4577,0.51,23.26,26.46,21.19,82.97,1.24,1.9,0.76,93.86
20210311,1.83,4.751,1.6202,2.5354,0.45,22.85,25.21,21.12,90.79,1.75,2.07,1.09,93.83
20210312,5.45,6.1085,4.2463,2.4799,0.58,22.97,25.79,21.37,88.31,1.41,1.84,0.85,93.93
20210313,3.4,6.3715,4.5024,2.6734,0.6,24.11,27.8,21.7,83.11,1.35,2.29,0.86,93.82
20210314,12.14,6.1418,4.4717,2.6138,0.58,23.47,25.15,22.31,89.69,1.49,2.43,0.96,93.75
20210315,12.86,5.6942,4.0975,2.2649,0.54,23.77,26.3,22.02,84.83,1.06,1.29,0.68,93.77
20210316,10.07,6.0334,3.4798,2.7353,0.57,23.62,26.15,21.89,88.04,1.21,1.46,0.76,93.8
20210317,5.72,6.9235,5.952,2.1751,0.66,24.08,27.36,22.15,84.37,1.08,1.46,0.65,93.67
20210318,12.92,6.3106,4.4131,2.4413,0.6,24.29,27.76,21.76,85.29,0.98,1.63,0.65,93.61
20210319,11.55,5.2445,3.4579,2.1751,0.5,23.61,25.5,22.18,88.51,1.26,1.7,0.79,93.57
20210320,4.03,5.8066,4.1592,2.2423,0.55,23.78,26.5,21.93,90.26,1.3,1.73,0.81,93.49
20210321,9.12,6.1447,4.7306,2.1526,0.59,23.79,25.77,22.49,90.6,1.2,1.73,0.77,93.55
20210322,5.05,5.7646,3.9046,2.2922,0.55,24.44,27.37,22.24,86.13,1.46,2.01,0.91,93.66
20210323,18.29,5.0604,2.5514,2.6035,0.48,22.99,24.1,21.91,90.9,1.25,2.42,0.78,93.73
20210324,2.47,6.2532,5.0299,2.1547,0.6,24.15,26.67,22.16,82.8,1.01,1.58,0.64,93.63
20210325,4.38,5.1953,1.2574,3.2484,0.5,23.63,25.82,21.91,89.59,1.07,1.78,0.69,93.59
20210326,11.73,5.105,1.3678,3.3727,0.49,22.64,24.02,21.23,88.37,0.67,1.27,0.42,93.69
20210327,2.37,5.2654,1.469,3.119,0.51,23.67,26.91,20.8,83.63,1.37,1.79,0.82,93.62
20210328,11.07,4.4016,0.7819,2.9753,0.42,23.58,26.29,21.63,88.77,1.34,1.72,0.84,93.6
20210329,13.7,6.0521,4.2334,2.3818,0.58,23.54,26.08,21.8,90.05,1.48,1.83,0.9,93.54
20210330,8.26,5.0724,2.4245,2.6604,0.49,23.22,24.55,22.23,95.78,1.41,1.83,0.85,93.45
20210331,2.44,4.319,1.332,2.6798,0.42,23.72,26.52,21.95,88.24,0.73,1.33,0.44,93.42
20210401,4.13,4.3687,1.8946,2.4677,0.42,24.67,28.16,21.87,79.26,0.83,1.21,0.54,93.44
20210402,0.9,3.8474,0.6655,2.7929,0.37,24.25,27.65,21.33,76.99,1.41,1.77,0.85,93.59
20210403,0.15,6.7308,6.0816,2.0803,0.66,24.29,28.32,19.93,77.02,1.42,2.0,0.87,93.56
20210404,0.46,5.8258,3.2858,3.1596,0.57,24.96,28.3,22.61,82.77,1.16,2.38,0.76,93.61
20210405,2.07,4.5005,1.7138,2.6453,0.44,24.36,27.36,22.52,85.63,1.19,1.9,0.76,93.71
20210406,1.34,6.1865,4.8826,2.1785,0.61,23.97,27.43,21.35,80.52,1.18,1.88,0.75,93.8
20210407,8.66,5.0458,2.1274,2.5814,0.49,23.9,25.74,22.67,87.84,1.3,1.83,0.82,93.78
20210408,8.49,4.2564,0.648,2.9347,0.42,23.78,26.34,22.28,88.92,1.62,1.91,0.98,93.7
20210409,5.24,4.607,1.4935,2.7499,0.45,23.33,25.59,21.98,88.49,1.43,1.69,0.85,93.82
20210410,0.89,5.3006,2.2253,2.9916,0.52,22.89,24.77,21.48,79.06,1.23,1.94,0.77,93.98
20210411,0.55,6.2422,4.8511,2.339,0.62,23.84,26.99,21.84,78.72,1.18,1.91,0.75,93.97
20210412,7.02,4.3687,1.6685,2.4295,0.43,23.4,25.7,21.76,85.2,1.0,1.54,0.64,93.95
20210413,24.18,5.3606,3.57,2.1972,0.53,23.49,26.15,21.6,87.76,1.43,2.11,0.86,93.89
20210414,17.12,4.8946,3.2659,2.213,0.49,22.91,24.02,21.93,93.46,1.6,2.51,0.95,93.85
20210415,14.49,4.4436,1.8948,2.4415,0.44,22.64,24.33,21.52,92.63,1.41,2.52,0.89,93.82
20210416,88.92,5.4466,3.912,2.1845,0.54,22.99,24.75,21.93,92.49,1.78,2.21,1.12,93.85
20210417,43.47,5.2637,3.2088,2.4065,0.53,23.21,24.88,21.83,89.32,1.65,2.31,1.03,93.89
20210418,5.04,4.9133,2.8358,2.2973,0.49,23.19,25.49,21.49,86.74,1.73,2.73,1.1,93.92
20210419,1.77,5.7468,3.1862,3.0641,0.58,23.17,25.16,21.34,89.86,1.66,2.23,1.02,93.84
20210420,24.35,5.2858,2.6064,2.8903,0.53,23.43,25.45,21.81,90.08,1.71,2.08,1.06,93.8
20210421,11.7,4.7338,2.3078,2.388,0.48,23.31,25.66,22.02,91.24,1.47,1.9,0.91,93.87
20210422,1.29,4.0116,0.3574,2.8716,0.41,23.66,26.02,21.65,90.38,1.6,2.06,1.01,93.81
20210423,2.42,5.0414,2.8044,2.4482,0.51,23.21,24.71,22.31,93.56,1.57,2.32,0.93,93.8
20210424,1.03,5.2625,3.1154,2.4449,0.53,23.76,26.24,21.99,90.11,1.57,1.78,0.96,93.86
20210425,0.08,5.593,4.1746,2.1996,0.57,23.98,26.61,22.09,87.34,1.41,1.66,0.85,93.89
20210426,0.97,5.5992,3.8117,2.4458,0.57,23.37,25.93,21.69,88.09,1.41,1.81,0.84,93.9
20210427,5.13,4.9195,3.1058,2.2351,0.5,23.85,26.96,21.66,86.55,1.14,1.57,0.73,93.88
20210428,3.94,4.2005,2.0323,2.2037,0.43,23.55,26.36,21.76,88.35,1.15,1.48,0.73,93.93
20210429,1.67,5.8042,4.4957,2.1878,0.6,23.78,26.9,22.05,87.74,0.93,1.79,0.62,93.88
20210430,0.69,5.6338,4.8814,1.9951,0.58,24.4,27.73,22.2,83.14,1.04,1.56,0.68,93.84
20210501,8.53,5.2135,2.8382,2.6784,0.54,24.06,27.17,22.13,89.49,1.47,2.02,0.9,93.87
20210502,17.96,5.8183,5.0774,1.9939,0.6,23.81,26.58,22.34,89.15,1.45,1.97,0.9,93.81
20210503,24.79,5.5171,4.4004,2.1067,0.57,23.25,25.97,20.46,88.28,1.32,1.88,0.83,93.69
20210504,17.5,5.4821,3.9283,2.3942,0.57,23.87,27.29,21.1,85.52,1.41,1.83,0.86,93.63
20210505,10.56,5.2968,4.1246,2.2435,0.55,23.15,25.56,21.4,91.53,1.36,2.18,0.81,93.59
20210506,6.81,4.1842,1.3001,2.4922,0.44,23.05,25.21,21.67,90.71,0.82,1.26,0.51,93.66
20210507,37.63,3.6331,0.5906,2.6014,0.38,22.28,23.51,21.49,92.68,1.1,1.44,0.66,93.81
20210508,18.93,4.6522,1.4328,3.0209,0.49,23.47,26.15,21.58,86.62,1.32,1.91,0.87,93.76
20210509,1.22,3.1747,0.3156,2.202,0.33,23.44,25.79,21.72,88.62,1.16,1.58,0.73,93.75
20210510,33.88,5.347,4.1162,2.1353,0.56,23.65,26.66,21.79,86.88,1.02,1.9,0.65,93.73
20210511,7.3,4.2115,2.6083,2.065,0.44,24.01,27.32,21.73,85.71,1.62,2.35,1.03,93.7
20210512,13.56,5.3724,4.4954,2.0026,0.57,23.98,27.62,20.57,86.6,1.58,1.79,1.0,93.65
20210513,22.27,4.2158,1.4911,2.8997,0.45,23.82,26.81,21.79,88.64,1.2,1.56,0.73,93.61
20210514,8.42,4.5458,3.5189,1.8895,0.48,23.98,25.24,22.6,93.43,1.08,1.59,0.63,93.57
20210515,22.35,4.0786,2.0825,2.1967,0.43,24.18,26.55,22.59,90.63,1.19,1.7,0.74,93.6
20210516,25.69,4.4052,1.9154,2.4482,0.47,23.67,26.01,21.91,91.57,0.93,1.36,0.59,93.67
20210517,25.51,3.0034,0.5294,2.0318,0.32,23.39,25.65,22.04,91.94,1.69,2.39,1.05,93.77
20210518,3.3,4.181,1.5142,2.477,0.45,23.88,26.29,22.14,85.32,0.94,1.87,0.6,93.77
20210519,0.63,4.6562,2.9933,2.304,0.5,23.83,27.13,20.65,85.35,1.22,1.78,0.78,93.76
20210520,9.1,3.8458,1.0934,2.3112,0.41,24.16,27.12,22.33,86.39,1.18,1.97,0.76,93.83
20210521,3.94,4.5175,2.455,2.2925,0.49,23.81,26.26,21.43,83.93,1.01,1.44,0.64,93.92
20210522,5.63,4.6901,2.4098,2.454,0.51,23.98,26.82,22.02,84.91,1.27,2.11,0.82,93.76
20210523,13.18,4.3553,2.0683,2.2754,0.47,23.59,26.1,21.73,87.54,1.33,2.07,0.85,93.8
20210524,17.48,4.4906,1.5434,2.6822,0.49,23.22,25.21,22.15,92.78,1.49,1.93,0.92,93.92
20210525,11.04,5.0976,3.571,2.304,0.55,23.22,25.1,21.82,90.34,1.22,1.79,0.76,93.89
20210526,0.86,4.2238,1.6939,2.5783,0.46,23.78,26.23,22.19,88.71,1.31,1.69,0.8,93.9
20210527,0.96,4.6819,3.2734,2.1763,0.51,24.31,27.12,22.07,85.4,1.18,1.77,0.74,93.88
20210528,8.34,5.3441,4.5062,2.19,0.58,23.7,27.43,20.01,85.69,1.29,1.62,0.8,93.95
20210529,13.94,5.557,5.749,1.6416,0.61,24.06,27.22,21.7,88.67,1.53,2.28,0.99,93.82
20210530,0.17,5.1986,2.9969,3.3694,0.57,24.22,27.27,22.15,87.41,1.46,2.19,0.91,93.75
20210531,3.31,4.2559,1.0406,2.8109,0.47,23.87,25.96,22.23,87.47,1.35,2.32,0.86,93.7
20210601,2.19,4.0478,1.2326,2.4979,0.44,23.76,26.23,22.08,89.55,1.62,2.73,1.03,93.74
20210602,0.48,5.5704,5.3256,1.8643,0.61,24.24,27.32,21.81,86.05,1.63,2.81,1.03,93.82
20210603,0.27,6.2004,6.5249,1.5089,0.68,24.29,27.28,21.62,80.79,0.97,1.58,0.59,93.89
20210604,1.13,4.8706,3.3806,2.3179,0.54,23.69,25.56,21.67,86.85,1.15,1.82,0.68,93.91
20210605,3.63,3.8957,2.7432,1.8895,0.43,23.46,26.91,20.27,83.04,1.55,2.4,0.95,93.87
20210606,5.6,3.9763,2.5906,2.089,0.44,23.82,26.79,21.3,83.89,1.22,2.31,0.77,93.82
20210607,0.19,4.8686,4.1551,1.8062,0.54,24.13,26.82,21.91,83.81,1.0,1.62,0.64,93.89
20210608,0.92,5.9424,6.2465,1.6152,0.66,24.18,27.14,22.3,85.96,1.38,2.31,0.87,93.84
20210609,9.96,5.8308,5.6959,1.7942,0.65,23.99,27.7,21.14,84.36,1.35,1.68,0.83,93.75
20210610,9.2,5.4785,4.8667,2.0712,0.61,24.14,27.33,21.97,86.19,1.36,2.28,0.87,93.68
20210611,4.77,4.7952,3.2686,2.3052,0.53,23.23,24.97,21.81,90.99,1.2,2.1,0.76,93.72
20210612,2.15,4.4854,2.0803,2.4679,0.5,23.28,25.24,21.68,90.92,1.25,1.97,0.81,93.88
20210613,3.63,4.8586,3.072,2.4859,0.54,22.75,25.42,20.85,89.05,1.35,2.01,0.86,93.94
20210614,29.49,4.501,1.6656,2.6602,0.5,23.03,25.96,21.36,85.08,1.06,1.74,0.66,93.9
20210615,14.38,2.6765,0.2597,2.0014,0.3,22.44,24.53,20.67,86.0,1.3,1.79,0.81,93.89
20210616,9.78,4.6687,2.9038,2.3095,0.52,22.94,25.52,21.21,85.93,1.14,1.54,0.74,93.96
20210617,0.93,5.4055,5.5654,1.6649,0.6,22.91,25.55,20.83,84.86,0.91,1.58,0.58,93.96
20210618,14.38,3.8693,0.7702,2.4679,0.43,22.82,24.35,20.95,86.57,0.93,1.6,0.59,94.0
20210619,3.84,4.6481,3.4051,2.0477,0.52,22.7,25.88,19.76,84.31,1.49,2.0,0.91,93.98
20210620,9.75,3.7226,1.2014,2.3587,0.42,22.75,25.37,20.82,88.46,1.5,1.96,0.97,93.98
20210621,6.31,5.0251,3.9271,2.017,0.56,22.85,25.37,20.91,90.16,1.32,1.69,0.82,93.91
20210622,0.22,4.8588,3.3838,2.6534,0.54,23.17,25.52,21.47,90.19,1.63,2.52,1.0,93.95
20210623,8.0,5.0501,4.2094,1.9918,0.56,23.69,26.57,21.83,89.63,1.38,1.93,0.84,93.91
20210624,6.68,5.1295,4.7335,1.8245,0.57,23.55,26.11,21.9,87.85,1.03,1.58,0.63,93.9
20210625,8.0,4.9138,4.0994,2.0186,0.55,23.55,25.34,22.21,87.09,0.66,1.08,0.44,93.91
20210626,7.56,4.6272,2.9369,2.1346,0.52,23.3,26.18,21.0,87.17,1.24,1.65,0.76,93.93
20210627,11.05,5.0453,3.756,2.1365,0.56,22.94,25.71,21.21,85.11,1.08,1.51,0.67,93.95
20210628,5.72,4.6798,3.0758,2.2404,0.52,22.7,25.45,20.27,82.46,1.17,1.73,0.73,93.93
20210629,18.2,4.5886,2.513,2.4098,0.51,22.16,24.31,19.98,89.85,1.31,2.11,0.83,93.88
20210630,8.16,4.8074,3.7042,2.0227,0.54,22.24,24.48,20.66,86.87,0.93,1.2,0.56,93.97
20210701,1.98,3.8743,0.9211,2.4989,0.43,22.73,25.93,20.52,85.07,1.18,2.11,0.74,93.93
20210702,10.83,2.2661,0.2102,1.6884,0.25,22.59,24.9,21.44,91.57,1.54,2.23,0.95,93.86
20210703,15.85,2.3765,0.2002,1.757,0.26,22.15,23.56,21.0,94.95,1.81,3.32,1.11,93.8
20210704,0.16,4.8024,3.7205,2.1658,0.53,23.12,26.21,21.25,87.2,1.52,1.96,0.93,93.79
20210705,1.56,4.1878,1.2638,2.7082,0.47,22.69,25.4,20.8,86.97,1.5,2.65,0.95,93.76
20210706,3.45,4.0397,1.3963,2.687,0.45,21.64,24.2,19.27,82.62,1.01,1.64,0.62,93.75
20210707,2.61,5.0165,4.2269,1.8811,0.56,22.9,26.27,20.06,85.94,1.43,1.88,0.89,93.73
20210708,29.5,4.1143,1.3838,2.6263,0.46,23.25,25.84,21.67,90.23,1.58,2.28,0.98,93.78
20210709,23.26,3.3415,0.5486,2.2918,0.37,22.93,24.87,21.39,90.74,1.49,2.22,0.88,93.77
20210710,3.23,3.8527,2.1079,2.0474,0.43,22.85,25.59,21.13,87.08,1.08,1.75,0.65,93.75
20210711,3.31,1.7191,0.1238,1.3231,0.19,22.35,24.42,20.85,85.26,0.99,1.37,0.62,93.86
20210712,2.48,3.4889,0.9134,2.3645,0.38,22.69,25.26,20.89,89.34,1.37,2.33,0.88,93.8
20210713,9.49,4.3291,2.0042,2.334,0.48,22.89,25.45,21.19,91.33,1.06,1.61,0.69,93.69
20210714,21.9,3.7562,0.821,2.3774,0.41,22.84,24.63,21.59,92.95,1.24,2.15,0.79,93.67
20210715,8.14,2.1096,0.0634,1.5917,0.23,22.34,24.01,20.89,90.26,1.12,1.87,0.72,93.84
20210716,13.94,2.683,0.3578,1.9591,0.29,22.45,24.89,20.72,88.24,1.32,1.87,0.83,93.92
20210717,8.64,2.041,0.1891,1.4568,0.22,21.83,23.27,20.91,93.41,1.49,2.48,0.92,93.92
20210718,0.18,4.5617,1.9382,2.579,0.5,22.65,25.21,20.68,86.43,1.08,1.56,0.71,93.81
20210719,0.0,5.4485,3.8069,2.3659,0.59,23.38,26.76,21.32,84.7,1.13,2.05,0.69,93.87
20210720,11.39,4.1093,1.9414,2.4247,0.45,23.09,25.65,20.95,84.63,1.06,1.66,0.69,93.96
20210721,23.37,2.939,0.2062,2.1701,0.32,21.49,24.13,19.98,88.53,1.66,2.55,1.03,94.06
20210722,10.22,3.2882,0.57,2.2625,0.36,21.44,23.76,19.67,86.59,1.01,1.84,0.64,93.98
20210723,0.75,4.6471,1.9675,2.5447,0.5,22.5,25.79,19.63,83.23,1.4,2.11,0.88,93.9
20210724,0.48,5.5846,4.5506,2.1672,0.6,22.77,25.14,20.74,86.95,1.18,2.4,0.77,93.98
20210725,0.07,6.541,7.0615,1.3973,0.71,22.85,26.01,20.69,84.7,1.26,2.3,0.79,93.98
20210726,0.0,6.1579,6.6934,1.3906,0.66,23.13,26.74,20.39,85.33,1.11,2.0,0.73,93.84
20210727,0.0,5.148,2.5474,2.6938,0.55,23.26,26.13,21.05,86.49,1.48,2.29,0.96,93.86
20210728,0.08,6.1675,6.312,1.6097,0.66,23.26,25.25,21.71,87.6,1.35,1.56,0.84,93.86
20210729,2.14,5.2178,3.493,2.3954,0.56,22.8,25.16,21.04,88.83,1.2,1.56,0.75,93.92
20210730,3.32,3.9422,1.2792,2.4504,0.42,22.97,25.52,20.26,81.36,1.08,1.56,0.71,93.97
20210731,2.31,4.0296,1.542,2.2541,0.43,22.85,25.08,21.35,87.41,0.89,1.29,0.59,93.97
20210801,27.4,3.9612,1.5326,2.2265,0.42,22.82,24.95,21.46,90.17,0.8,1.44,0.52,93.86
20210802,23.37,4.8161,3.3744,2.1991,0.51,22.95,25.4,20.86,92.51,1.47,2.75,0.95,93.83
20210803,22.98,5.0362,3.089,2.2716,0.53,23.02,25.14,21.47,90.36,1.27,1.69,0.8,94.01
20210804,15.11,4.429,1.6723,2.7216,0.47,23.11,25.24,21.57,86.58,0.82,1.76,0.51,94.07
20210805,38.9,5.2692,4.1436,2.0306,0.56,23.27,25.89,21.63,86.84,1.33,2.12,0.83,94.04
20210806,29.66,3.347,0.2306,2.3789,0.35,22.52,25.0,21.21,91.22,1.31,2.22,0.84,94.12
20210807,4.24,4.1294,1.2931,2.4235,0.43,22.04,23.85,20.5,91.3,1.04,1.48,0.63,94.09
20210808,0.93,5.5846,4.5458,2.0863,0.59,22.96,26.58,20.22,88.06,1.49,2.22,0.92,94.01
20210809,3.22,5.0203,3.4807,2.2006,0.53,23.26,26.28,21.32,87.71,1.05,1.66,0.66,93.9
20210810,20.97,4.447,2.8584,2.0357,0.47,22.83,25.23,20.6,88.12,1.11,1.66,0.68,93.9
20210811,5.38,3.1349,0.4176,2.2046,0.33,23.01,25.56,21.06,86.22,0.97,1.8,0.59,94.0
20210812,2.32,3.7699,1.7791,1.9694,0.39,23.31,26.88,19.88,85.64,1.38,1.81,0.85,94.01
20210813,3.69,3.9182,1.0378,2.407,0.41,23.24,25.48,21.48,89.61,1.05,1.8,0.63,93.84
20210814,15.22,4.7206,3.2794,2.1854,0.49,23.31,25.93,21.64,89.23,1.39,2.07,0.82,93.82
20210815,8.64,5.569,5.1698,1.6896,0.58,23.06,26.32,20.37,86.37,1.3,1.77,0.82,93.92
20210816,9.59,6.03,5.1242,2.1662,0.62,23.01,26.07,20.44,85.47,1.1,1.52,0.69,94.0
20210817,12.2,5.1242,3.7546,2.1854,0.53,22.99,26.17,20.78,88.68,1.28,1.93,0.83,93.93
20210818,4.39,5.4578,4.77,1.7942,0.56,23.23,26.49,20.87,86.25,1.29,1.76,0.8,93.78
20210819,10.69,3.8986,0.9502,2.4862,0.4,22.63,25.32,20.72,90.53,1.4,2.75,0.88,93.8
20210820,19.83,4.7774,3.0398,2.1211,0.49,23.06,26.3,20.66,82.12,1.13,1.74,0.72,93.86
20210821,11.87,4.5158,1.8362,2.483,0.46,22.5,24.42,21.25,86.77,0.96,1.71,0.62,93.9
20210822,1.17,5.2464,3.1006,2.3947,0.54,22.75,25.82,20.48,82.9,1.04,1.94,0.69,93.87
20210823,0.68,5.6119,4.2514,2.1122,0.57,23.42,26.83,20.9,81.6,0.92,2.09,0.6,93.85
20210824,14.62,3.5381,1.229,2.279,0.36,22.94,25.94,20.45,84.43,1.15,1.79,0.74,93.85
20210825,5.86,4.0517,1.757,2.2219,0.41,22.38,24.69,20.73,85.34,0.97,2.57,0.63,93.86
20210826,9.92,4.7731,3.0235,2.3076,0.48,22.72,25.64,20.18,85.33,1.0,2.17,0.65,93.76
20210827,57.9,5.1698,3.755,2.112,0.52,22.86,25.78,21.18,89.25,1.7,3.04,1.06,93.66
20210828,39.23,4.1834,1.1071,2.4638,0.42,22.5,23.94,21.3,95.5,1.83,3.0,1.12,93.7
20210829,30.17,5.8562,5.0057,1.9445,0.59,23.1,26.14,21.36,88.27,1.14,1.79,0.72,93.7
20210830,15.94,4.1354,1.5036,2.3626,0.42,23.06,25.91,20.97,89.67,1.49,2.22,0.95,93.8
20210831,9.79,3.8911,0.3074,2.8274,0.39,23.47,26.16,21.5,86.32,0.99,1.98,0.62,93.81
20210901,8.93,3.8028,0.9912,2.4017,0.38,23.59,26.35,21.59,84.18,1.02,2.23,0.68,93.8
20210902,28.68,4.4611,2.1425,2.2375,0.45,23.0,25.71,21.3,89.38,1.06,1.61,0.68,93.81
20210903,10.68,3.8426,0.4985,2.4998,0.38,22.85,25.88,20.1,85.27,1.14,1.66,0.69,93.76
20210904,4.27,5.2584,2.6148,2.7953,0.52,23.56,26.21,21.83,85.52,0.93,1.62,0.61,93.79
20210905,36.33,4.5787,1.5144,2.6311,0.46,23.18,25.62,21.5,89.96,1.78,2.45,1.1,93.83
20210906,23.64,5.1192,1.6975,2.952,0.51,22.3,24.29,21.08,89.95,1.54,2.45,0.98,93.98
20210907,1.56,4.5895,2.0273,2.6532,0.45,22.85,26.03,20.09,85.93,1.46,2.35,0.92,93.86
20210908,6.32,5.3635,3.1404,2.6592,0.53,22.66,25.45,20.38,87.18,1.31,1.63,0.83,93.83
20210909,5.71,3.319,0.5179,2.2769,0.33,22.54,25.01,20.81,89.41,1.41,2.5,0.88,93.9
20210910,9.01,5.825,4.1724,2.3957,0.57,23.42,26.49,21.2,86.39,1.23,2.06,0.75,93.88
20210911,17.6,5.4158,2.6412,2.7562,0.53,22.91,25.67,20.59,87.58,1.36,1.99,0.84,93.82
20210912,6.79,4.7904,1.8677,2.5457,0.47,23.29,26.07,21.32,85.5,1.01,2.13,0.67,93.75
20210913,10.29,4.2326,0.7265,2.7053,0.42,22.49,24.69,21.05,91.74,1.3,2.38,0.83,93.84
20210914,1.44,5.863,4.8295,2.0227,0.57,23.21,25.87,21.19,81.68,1.17,2.28,0.77,93.94
20210915,1.44,5.3354,2.4245,2.6434,0.52,23.1,25.3,21.21,77.68,0.87,1.66,0.6,93.97
20210916,3.94,3.3996,0.3158,2.3933,0.33,22.48,24.9,20.77,87.98,1.27,2.27,0.81,93.9
20210917,0.97,4.5926,0.7867,3.2004,0.45,22.92,25.92,20.71,86.5,1.36,1.85,0.83,93.85
20210918,0.15,6.739,5.4372,2.3777,0.66,23.12,25.98,20.88,79.16,0.89,1.87,0.58,93.91
20210919,0.15,5.5754,3.1483,2.6093,0.54,23.17,26.75,20.17,82.78,1.28,1.94,0.81,93.88
20210920,45.58,4.7837,2.2421,2.7394,0.47,22.95,25.72,21.21,88.76,1.87,2.92,1.19,93.84
20210921,44.4,3.618,0.8201,2.2637,0.35,22.56,25.23,21.16,84.72,0.89,1.93,0.58,93.87
20210922,21.39,5.1288,1.9574,2.8198,0.5,22.6,25.27,20.39,82.65,0.91,1.82,0.62,93.94
20210923,32.72,5.1067,2.3062,2.6971,0.49,22.21,24.27,20.14,90.67,1.72,2.17,1.08,93.91
20210924,36.2,4.6884,1.0841,2.7989,0.45,22.94,25.65,21.22,90.86,1.87,2.19,1.15,93.85
20210925,12.34,5.1862,2.2459,2.7588,0.5,23.29,26.14,21.3,89.56,1.73,2.06,1.07,93.76
20210926,3.18,3.6694,1.6306,2.0542,0.35,23.53,26.37,21.34,85.84,1.54,2.48,0.98,93.69
20210927,7.41,6.211,5.1974,2.3626,0.6,23.6,26.3,21.72,85.73,1.16,1.83,0.76,93.68
20210928,7.38,5.9587,3.5011,3.077,0.57,23.78,26.83,21.53,86.38,1.09,1.83,0.7,93.7
20210929,14.11,4.2818,1.2074,2.4833,0.41,23.97,26.94,21.8,88.39,1.27,2.26,0.79,93.74
20210930,2.34,6.1262,4.5398,2.5394,0.59,23.58,26.57,20.66,86.1,1.31,1.67,0.79,93.78
20211001,4.7,4.9205,2.1319,2.6969,0.47,23.44,26.61,21.14,82.97,1.4,1.66,0.84,93.85
20211002,0.32,5.4439,3.155,2.4386,0.52,23.74,27.22,20.59,79.28,1.12,1.71,0.7,93.82
20211003,8.32,3.887,1.8967,1.9673,0.37,23.18,25.6,21.46,90.61,2.0,3.37,1.26,93.71
20211004,11.44,5.2946,2.5726,3.0187,0.51,23.13,26.18,21.22,87.31,1.32,2.27,0.85,93.7
20211005,1.97,6.6024,4.9615,2.7329,0.63,23.2,26.81,20.89,86.4,1.54,2.41,0.95,93.62
20211006,0.98,6.2206,4.6613,2.586,0.6,23.45,26.52,20.78,86.74,1.68,2.17,1.05,93.63
20211007,1.61,5.8673,4.5967,2.2289,0.56,23.96,26.98,21.75,87.71,1.65,2.47,1.06,93.66
20211008,2.24,5.0261,2.2027,2.7031,0.48,23.84,26.54,22.16,87.25,1.19,2.08,0.77,93.73
20211009,0.06,6.4853,5.1571,2.255,0.62,23.96,27.46,20.84,81.21,1.24,1.98,0.79,93.77
20211010,5.56,5.0148,1.3366,3.2088,0.48,23.88,25.92,21.63,88.25,1.47,2.2,0.93,93.69
20211011,4.9,4.8432,1.4093,2.778,0.46,23.82,26.67,22.1,87.62,1.5,2.47,0.94,93.63
20211012,2.88,5.5061,2.3508,3.0206,0.53,23.75,26.01,22.01,86.53,1.04,1.61,0.65,93.66
20211013,4.04,5.9467,4.393,3.3086,0.57,24.66,27.98,22.32,84.16,1.04,1.71,0.69,93.58
20211014,44.37,4.554,1.4258,2.6122,0.44,23.55,25.15,21.75,92.72,0.79,1.43,0.5,93.69
20211015,9.56,6.1546,4.4585,2.4355,0.59,23.78,26.6,21.47,87.32,1.29,1.88,0.79,93.65
20211016,0.66,5.7288,3.9377,2.3753,0.55,24.4,27.08,22.51,87.51,1.71,2.73,1.07,93.67
20211017,0.77,6.2909,4.9694,2.346,0.6,23.75,25.68,22.08,86.44,0.82,1.2,0.49,93.74
20211018,1.95,5.7336,3.7735,2.5318,0.55,24.19,27.26,22.1,86.63,1.22,1.83,0.78,93.84
20211019,1.43,5.9338,4.0882,2.533,0.57,24.26,27.56,21.85,86.16,1.31,2.06,0.84,94.03
20211020,3.08,6.6931,5.9347,2.0602,0.64,24.33,27.3,21.93,84.04,1.03,1.85,0.65,93.99
20211021,1.42,5.7562,3.5422,2.7859,0.55,24.15,26.77,22.0,84.17,1.05,1.52,0.68,93.92
20211022,1.12,4.1066,0.8786,2.8051,0.39,24.12,26.03,22.17,82.68,1.09,1.95,0.72,93.95
20211023,0.06,7.0183,5.8966,2.2918,0.67,24.64,27.61,22.23,80.25,1.25,2.0,0.79,93.93
20211024,0.68,5.6904,2.8855,2.766,0.55,24.68,27.31,22.48,82.45,1.34,2.53,0.87,93.86
20211025,2.07,6.3194,5.0515,2.311,0.61,24.73,27.95,22.57,83.89,1.17,2.14,0.75,93.76
20211026,1.45,5.6882,3.5774,2.5853,0.55,24.3,27.82,21.25,84.67,1.56,1.94,0.92,93.76
20211027,2.65,5.772,4.4419,2.5601,0.55,24.58,27.68,22.14,84.83,1.43,1.88,0.88,93.81
20211028,3.49,5.7528,4.9474,2.1454,0.55,24.77,28.25,21.88,82.83,1.27,1.57,0.81,93.8
20211029,38.8,5.729,3.7898,2.615,0.55,24.55,27.43,22.85,85.38,0.92,1.97,0.58,93.84
20211030,44.62,5.9472,3.6946,2.6664,0.57,23.61,25.77,21.47,85.74,1.17,2.06,0.69,93.96
20211031,3.67,6.108,4.2113,3.1102,0.59,24.08,27.04,21.4,77.64,1.16,1.84,0.72,93.9
20211101,6.37,6.5489,5.6237,2.123,0.63,24.78,28.13,22.47,79.3,1.11,2.08,0.74,93.85
20211102,19.67,5.501,2.97,2.8222,0.53,24.42,27.39,22.26,86.83,1.17,1.9,0.76,93.81
20211103,11.73,5.6959,3.6943,2.4787,0.55,24.03,26.65,21.55,83.81,1.08,1.53,0.66,93.77
20211104,0.88,5.9664,3.2858,3.1901,0.58,24.41,28.02,21.4,82.84,1.34,1.73,0.85,93.72
20211105,6.29,5.562,2.3114,3.36,0.54,24.15,26.8,22.37,86.73,1.11,1.42,0.69,93.67
20211106,15.12,5.0129,1.8365,2.8159,0.48,23.45,25.38,22.05,86.74,0.98,1.42,0.58,93.57
20211107,3.69,5.8567,4.0548,2.544,0.57,24.91,28.58,22.5,82.22,1.2,1.76,0.75,93.5
20211108,5.95,6.1183,4.6126,2.4053,0.59,24.03,26.68,22.61,85.88,0.73,1.7,0.47,93.6
20211109,7.05,5.4967,2.6189,3.5587,0.53,23.63,26.25,21.68,87.56,1.18,2.15,0.76,93.62
20211110,0.98,5.7809,3.8494,2.3969,0.56,24.61,28.46,21.14,82.8,1.54,1.9,0.94,93.61
20211111,8.07,5.6338,2.9398,3.5434,0.55,24.07,26.32,21.88,86.81,1.14,1.65,0.71,93.6
20211112,10.91,5.5932,4.1654,2.6942,0.54,24.3,26.97,22.09,87.26,1.21,1.64,0.74,93.66
20211113,27.25,5.257,1.9666,3.2328,0.51,23.85,26.53,22.16,88.92,1.44,1.76,0.89,93.7
20211114,4.18,4.9152,1.1635,3.2585,0.48,23.18,25.1,21.95,88.89,1.18,1.51,0.74,93.78
20211115,16.52,4.7974,1.5833,2.8889,0.47,22.93,25.27,21.29,88.76,1.6,2.54,1.01,93.75
20211116,14.96,5.0537,2.171,2.7,0.49,22.58,25.4,20.87,86.95,1.24,1.87,0.78,93.77
20211117,4.97,4.2895,0.883,2.9818,0.42,22.62,25.22,20.78,87.46,1.18,1.96,0.74,93.78
20211118,4.16,5.2745,2.3762,2.6249,0.51,23.53,26.62,21.07,85.95,1.43,2.27,0.91,93.58
20211119,7.45,5.7689,3.0475,2.9491,0.56,23.76,26.36,22.13,90.92,1.12,1.67,0.68,93.48
20211120,14.08,5.67,3.0787,2.9724,0.55,24.09,26.69,22.09,90.7,1.12,1.41,0.68,93.56
20211121,30.13,5.1953,2.8385,2.6328,0.51,23.76,25.1,22.85,93.23,1.99,3.81,1.22,93.68
20211122,0.75,6.0802,4.9649,2.6566,0.59,24.55,26.88,22.72,84.81,0.98,1.65,0.64,93.68
20211123,1.39,5.6021,3.9509,2.2452,0.55,24.56,27.34,22.37,83.83,1.34,2.1,0.87,93.6
20211124,11.25,5.4967,4.1846,2.0909,0.54,23.32,25.16,21.8,88.57,1.03,2.08,0.65,93.67
20211125,10.21,5.315,2.4557,3.0386,0.52,24.04,27.28,20.99,81.0,1.32,1.91,0.8,93.61
20211126,20.5,5.4504,3.6778,2.3232,0.53,23.97,26.71,22.05,87.13,1.39,2.17,0.88,93.6
20211127,12.01,5.6076,3.69,2.4245,0.55,23.31,25.15,22.06,88.49,0.85,1.53,0.51,93.67
20211128,29.15,5.1192,2.0719,3.0953,0.5,22.75,24.27,21.46,91.88,0.97,1.34,0.6,93.63
20211129,5.42,4.2192,0.9763,2.8308,0.41,23.31,26.26,21.31,87.78,0.79,1.76,0.5,93.64
20211130,41.44,5.8874,3.99,2.8836,0.58,23.87,27.17,21.66,85.3,0.96,1.39,0.63,93.65
20211201,25.26,5.832,3.7968,2.5486,0.57,23.04,25.17,21.66,87.74,0.9,1.63,0.53,93.75
20211202,0.02,4.6949,0.8256,3.2866,0.46,23.79,26.85,21.14,82.48,1.21,2.22,0.71,93.75
20211203,24.06,5.8217,5.0568,2.988,0.57,24.37,27.27,22.32,84.6,1.41,2.36,0.93,93.76
20211204,16.12,4.8871,0.9749,3.5765,0.48,23.22,24.96,22.15,88.89,1.16,1.94,0.75,93.81
20211205,19.16,4.4585,0.7764,2.9743,0.44,24.19,27.63,21.95,83.55,0.91,1.75,0.59,93.68
20211206,11.46,4.5516,1.2715,2.7893,0.45,23.39,26.64,21.27,88.19,0.85,1.88,0.53,93.67
20211207,18.05,4.7249,1.4064,3.054,0.46,23.24,25.88,21.08,88.79,0.98,2.39,0.61,93.74
20211208,1.71,4.3699,0.9883,2.9537,0.43,23.68,26.65,21.46,87.12,1.12,2.14,0.69,93.8
20211209,0.52,6.2765,5.9834,2.0594,0.62,24.3,27.18,22.2,85.97,1.29,2.11,0.82,93.76
20211210,6.07,5.4948,3.2294,2.7794,0.54,24.26,26.45,22.72,91.08,1.65,1.96,0.99,93.68
20211211,11.3,5.8176,3.8566,2.6412,0.57,24.4,27.63,22.44,89.71,1.48,2.14,0.87,93.68
20211212,17.15,4.3903,0.9127,2.7643,0.43,23.66,25.8,22.25,89.58,1.1,2.17,0.65,93.72
20211213,15.86,4.925,0.9562,3.0782,0.49,24.29,26.45,22.73,87.85,1.3,2.05,0.85,93.59
20211214,38.14,5.196,3.3598,2.4672,0.51,23.61,24.73,22.69,95.3,1.44,2.1,0.9,93.54
20211215,8.77,5.5598,3.6269,3.1003,0.55,23.82,26.05,22.44,92.23,1.08,2.09,0.69,93.6
20211216,1.81,4.8713,1.0498,3.4404,0.48,23.9,25.64,22.26,92.37,1.42,2.02,0.85,93.63
20211217,28.33,5.353,2.551,3.2822,0.53,24.05,25.52,22.89,93.51,1.7,2.62,1.02,93.62
20211218,18.79,5.8651,4.6738,2.5699,0.58,24.53,27.34,22.24,86.65,1.36,2.73,0.88,93.67
20211219,15.42,5.2073,3.5333,2.4317,0.51,24.2,26.4,22.72,90.99,1.2,2.02,0.78,93.75
20211220,42.07,5.2073,3.5117,2.5248,0.51,23.26,24.67,22.21,93.89,0.94,1.57,0.63,93.9
20211221,28.56,4.0406,0.2388,3.036,0.4,23.12,25.08,21.67,89.45,0.9,1.33,0.55,93.95
20211222,0.0,4.4808,0.3293,3.3912,0.44,23.62,27.15,20.72,83.65,1.41,1.86,0.85,93.85
20211223,5.62,3.8299,0.557,2.8265,0.38,23.64,25.65,22.4,89.94,1.11,1.75,0.67,93.75
20211224,0.25,5.8236,4.2086,2.9575,0.57,23.92,26.21,21.92,82.39,0.64,1.66,0.41,93.73
20211225,0.44,4.98,2.1382,3.2954,0.49,23.84,27.1,21.05,81.72,1.2,1.69,0.73,93.74
20211226,0.52,4.7436,2.5034,2.8469,0.47,24.1,27.18,21.16,81.03,0.91,1.51,0.56,93.8
20211227,0.83,3.5784,1.3958,2.237,0.35,23.41,26.24,21.7,84.38,1.0,1.68,0.61,93.86
20211228,0.76,4.1525,0.2537,3.1039,0.41,23.06,25.58,20.66,84.22,0.89,1.49,0.54,93.84
20211229,5.84,4.7873,2.1679,2.8157,0.47,24.16,27.67,21.2,80.37,0.66,0.86,0.39,93.8
20211230,17.51,5.3698,2.6239,2.9054,0.53,23.86,26.97,21.1,81.18,0.77,1.34,0.49,93.82
20211231,10.01,5.226,2.2812,3.3787,0.51,23.93,26.52,22.23,87.68,1.13,1.63,0.7,93.8
20220101,3.86,4.6099,0.283,3.5153,0.45,23.07,24.46,21.93,90.06,1.02,1.61,0.63,93.83
20220102,12.39,3.899,0.313,2.8675,0.38,23.52,25.82,21.9,89.62,1.19,1.87,0.74,93.75
20220103,25.11,5.6069,3.8734,2.7401,0.55,22.84,24.32,21.89,90.21,0.74,1.55,0.49,93.74
20220104,37.2,4.2559,0.4001,3.1474,0.42,22.97,25.19,21.43,87.32,0.76,1.14,0.49,93.81
20220105,3.83,5.9942,4.2019,2.5565,0.59,23.71,27.5,20.63,86.38,1.3,1.95,0.83,93.76
20220106,10.94,5.0782,0.9293,3.5158,0.5,23.89,25.91,22.51,89.84,0.75,1.33,0.45,93.83
20220107,5.56,4.6193,1.0397,3.1258,0.45,23.9,26.99,21.41,85.21,1.18,1.85,0.72,93.88
20220108,17.87,4.9178,2.0076,2.6894,0.48,23.01,24.4,22.0,90.88,0.88,1.73,0.54,93.87
20220109,1.27,6.3854,5.5123,2.034,0.62,24.32,28.37,21.25,81.33,1.02,1.44,0.64,93.75
20220110,6.26,5.1936,1.1767,3.3674,0.51,23.22,24.6,22.38,91.26,1.07,1.68,0.64,93.79
20220111,11.08,3.1217,0.3629,2.2238,0.3,23.07,25.32,22.13,88.99,0.91,1.8,0.58,93.84
20220112,0.47,5.3669,1.9423,3.2057,0.52,23.17,25.5,20.98,85.41,1.12,1.54,0.7,93.83
20220113,7.69,5.2889,2.0909,2.9753,0.52,23.91,26.4,22.25,83.25,1.22,1.76,0.76,93.8
20220114,39.44,6.0962,4.501,2.3986,0.59,23.39,25.03,22.3,89.55,0.73,1.12,0.46,93.76
20220115,7.01,5.2651,2.2385,2.9962,0.51,23.4,26.19,21.0,87.66,1.39,1.86,0.87,93.73
20220116,3.25,4.8149,2.2558,3.0684,0.47,23.18,25.95,21.73,88.04,0.7,1.43,0.44,93.79
20220117,0.54,5.3203,2.5464,2.9143,0.52,23.46,26.8,20.97,83.29,1.28,1.56,0.79,93.75
20220118,1.06,5.0071,2.6422,2.5769,0.49,23.7,26.24,21.91,87.68,1.41,2.11,0.89,93.66
20220119,2.94,3.7632,0.2299,2.712,0.36,23.09,25.73,21.38,88.16,1.02,1.9,0.65,93.64
20220120,10.3,4.7323,0.9883,3.1848,0.46,23.56,26.7,21.74,86.06,1.24,1.83,0.76,93.64
20220121,3.47,4.6183,1.0423,3.0754,0.45,22.99,25.21,21.5,87.63,0.59,1.11,0.38,93.7
20220122,0.15,5.9472,3.9972,2.821,0.57,24.05,27.93,20.39,80.46,1.21,1.76,0.75,93.64
20220123,0.02,6.955,6.1337,2.2315,0.67,24.59,27.32,22.3,78.69,0.65,1.14,0.44,93.6
20220124,0.01,5.6834,1.6831,3.7606,0.55,25.07,28.9,22.06,75.97,0.7,1.59,0.47,93.49
20220125,0.12,4.0908,1.3325,2.6335,0.39,23.84,27.16,20.78,81.52,1.28,1.99,0.76,93.53
20220126,0.31,6.0173,3.763,2.7192,0.58,24.53,26.83,22.83,81.28,0.88,1.71,0.56,93.59
20220127,1.12,5.4216,2.3789,2.94,0.52,23.19,24.11,22.39,90.04,1.45,2.97,0.94,93.71
20220128,6.96,4.8518,2.6374,2.7348,0.47,23.01,24.88,21.62,86.47,0.7,1.22,0.49,93.8
20220129,1.53,6.0156,3.6732,3.444,0.58,23.26,25.81,21.39,83.24,1.24,1.57,0.77,93.8
20220130,3.94,5.3386,1.4129,3.5885,0.51,23.62,25.73,21.79,84.59,0.72,1.63,0.47,93.76
20220131,0.26,6.1224,3.2201,3.1817,0.59,23.97,26.7,21.8,84.05,0.84,1.44,0.54,93.74
20220201,0.12,5.0422,1.6654,3.2777,0.48,23.68,27.35,20.88,82.44,1.0,1.51,0.6,93.76
20220202,2.91,5.2018,2.022,2.6918,0.5,23.92,26.79,21.46,85.38,1.05,1.5,0.65,93.74
20220203,12.26,4.8103,1.3385,3.2395,0.46,23.45,26.14,21.64,87.92,1.21,1.79,0.71,93.71
20220204,1.35,5.8543,3.8016,2.4408,0.56,23.96,27.25,21.06,82.89,1.09,1.75,0.68,93.59
20220205,2.53,5.1314,1.2415,3.379,0.49,23.9,26.21,22.21,89.95,1.38,1.57,0.87,93.59
20220206,12.18,5.5927,2.5303,3.0684,0.53,23.43,24.9,22.61,92.09,1.23,2.05,0.78,93.68
20220207,16.88,5.2195,2.1547,2.7451,0.5,24.14,27.25,21.51,85.81,1.45,1.98,0.9,93.71
20220208,7.32,4.8619,1.639,3.0041,0.46,23.69,25.94,22.06,87.61,1.62,2.16,1.03,93.78
20220209,2.45,5.4542,4.0409,2.8061,0.52,23.45,26.23,21.7,86.71,1.29,2.11,0.8,93.68
20220210,29.7,5.6753,3.2904,2.681,0.54,22.96,24.74,21.36,90.36,0.73,1.66,0.48,93.61
20220211,25.23,4.8144,1.4935,3.2561,0.46,23.36,25.65,21.88,89.91,1.3,1.71,0.84,93.59
20220212,27.32,5.0575,1.8058,2.6801,0.48,23.06,25.66,21.55,89.68,1.09,1.65,0.66,93.54
20220213,48.73,4.111,0.5148,2.8519,0.39,22.97,25.53,21.46,89.07,0.89,1.24,0.53,93.58
20220214,11.54,6.0038,4.039,2.5274,0.57,24.11,27.7,21.45,85.74,1.14,2.09,0.74,93.62
20220215,8.02,5.177,2.7391,2.4038,0.49,23.47,25.36,22.13,92.72,1.7,2.09,1.02,93.57
20220216,25.64,5.0316,2.0417,2.5615,0.48,22.67,23.3,21.88,93.02,1.16,1.92,0.69,93.55
20220217,15.87,5.3203,2.3242,2.8284,0.5,23.0,25.2,21.84,87.44,1.02,1.72,0.65,93.56
20220218,14.83,5.9232,3.2878,2.9191,0.56,23.34,26.19,21.54,85.78,1.37,2.33,0.9,93.68
20220219,2.46,5.665,2.677,3.0742,0.54,23.27,25.89,21.78,88.02,1.23,2.04,0.81,93.69
20220220,29.47,5.0225,0.9233,3.3048,0.47,22.95,25.21,21.62,91.88,1.75,2.9,1.1,93.63
20220221,5.29,3.4493,0.2021,2.5188,0.33,21.88,23.7,20.31,88.14,1.03,1.81,0.64,93.71
20220222,1.97,4.621,0.2194,3.4243,0.44,22.78,27.0,19.17,82.22,1.44,2.06,0.87,93.76
20220223,0.61,4.368,1.4239,2.7482,0.41,22.77,26.11,19.03,80.6,1.14,2.76,0.7,93.83
20220224,1.77,4.8689,1.0166,3.3636,0.46,23.4,26.86,20.16,79.1,1.13,1.94,0.67,93.83
20220225,0.52,4.9858,1.1566,3.2825,0.47,23.1,26.62,20.49,82.47,1.18,1.92,0.7,93.81
20220226,10.18,5.5733,3.2753,2.6165,0.53,24.12,28.3,20.94,81.6,1.16,2.07,0.72,93.75
20220227,11.32,5.0878,1.5401,3.1682,0.48,23.6,26.2,22.01,88.61,1.06,1.78,0.67,93.69
20220228,6.71,6.2093,4.9303,2.3479,0.59,24.02,27.61,21.01,82.97,1.1,2.26,0.66,93.72
20220301,1.2,6.7769,5.527,2.3894,0.64,24.15,27.94,20.87,80.79,1.41,2.08,0.87,93.66
20220302,5.54,5.2896,1.8478,3.1193,0.5,24.07,25.78,22.95,91.14,1.69,2.23,1.04,93.68
20220303,4.51,4.969,1.2643,3.2378,0.47,23.97,25.95,22.64,88.72,0.89,1.3,0.56,93.7
20220304,1.06,3.762,0.3406,2.6566,0.36,24.03,26.04,22.8,86.26,1.03,1.49,0.67,93.72
20220305,9.98,4.4834,0.348,3.1495,0.42,23.69,25.39,22.32,87.81,0.89,1.39,0.54,93.66
20220306,18.98,5.1365,2.7302,2.346,0.49,23.83,26.08,22.27,88.96,1.16,2.04,0.71,93.59
20220307,38.51,4.5821,1.9946,2.3866,0.43,22.97,24.38,21.93,91.85,1.36,1.93,0.82,93.66
20220308,3.2,5.8318,3.2107,2.8709,0.55,24.25,27.7,21.56,79.06,0.88,1.29,0.56,93.58
20220309,0.02,5.7125,2.6254,3.2705,0.54,24.42,27.28,22.06,81.45,0.76,1.25,0.48,93.59
20220310,14.09,5.6352,2.5822,2.94,0.53,23.98,26.18,22.23,91.52,1.48,1.71,0.9,93.58
20220311,15.08,5.4418,1.8281,3.005,0.52,24.3,26.98,22.51,88.19,1.34,1.74,0.82,93.53
20220312,27.03,6.3418,4.795,2.3683,0.6,23.85,26.36,21.68,86.9,1.23,1.73,0.78,93.55
20220313,38.63,4.5101,0.5496,3.2158,0.43,22.9,24.21,21.9,90.82,0.91,1.37,0.58,93.63
20220314,8.56,5.8255,3.8978,2.2536,0.55,23.65,26.4,21.83,89.72,0.99,2.06,0.66,93.61
20220315,7.62,6.0192,4.5247,2.2656,0.57,24.36,27.21,22.58,88.95,1.1,1.41,0.68,93.51
20220316,1.86,5.5759,2.6902,2.831,0.53,23.78,25.86,22.46,91.63,1.36,1.99,0.87,93.52
20220317,5.69,6.0533,4.2578,2.4324,0.58,23.85,25.94,22.44,89.5,0.86,1.59,0.51,93.54
20220318,11.97,6.0756,3.3005,2.833,0.58,23.99,26.49,21.89,87.34,1.37,1.88,0.82,93.48
20220319,28.26,6.1481,3.8657,2.6234,0.59,23.66,25.57,22.52,92.09,1.38,2.19,0.89,93.54
20220320,44.61,3.803,0.0718,2.8728,0.36,23.04,24.6,22.07,92.57,1.22,1.79,0.76,93.71
20220321,8.44,5.3412,2.9558,2.4996,0.51,23.17,25.34,21.73,90.04,1.04,1.51,0.68,93.79
20220322,49.63,5.0057,1.8482,2.8555,0.48,23.06,24.78,21.84,91.11,1.28,1.94,0.8,93.84
20220323,13.18,2.5848,0.3029,1.7443,0.25,22.53,24.6,21.26,89.13,0.92,1.39,0.55,93.88
20220324,0.04,5.4538,2.5999,2.8997,0.52,24.26,28.11,21.35,80.6,1.24,1.94,0.77,93.74
20220325,10.86,4.614,1.021,3.035,0.44,23.83,26.21,22.29,90.09,1.76,2.76,1.11,93.84
20220326,2.07,6.0264,4.0634,2.5298,0.58,23.54,24.88,22.69,90.46,1.72,2.91,1.05,93.82
20220327,19.7,5.5786,3.5686,2.2632,0.54,23.4,24.99,22.15,89.78,1.24,1.78,0.76,93.81
20220328,7.87,5.5397,2.4523,2.8814,0.53,23.18,25.98,21.36,87.46,1.16,1.69,0.72,93.82
20220329,3.05,5.371,1.3745,3.5503,0.52,23.72,26.49,22.02,88.89,1.76,2.08,1.1,93.77
20220330,2.9,4.3337,0.773,2.7451,0.42,23.49,26.0,21.92,88.44,1.63,2.04,1.01,93.8
20220331,12.95,5.4578,2.6429,2.5524,0.53,22.41,23.67,21.55,92.2,1.45,2.39,0.88,93.82
20220401,7.74,5.2752,2.5922,2.6426,0.51,22.68,25.11,21.25,90.36,1.0,1.67,0.64,93.81
20220402,18.05,5.2526,2.3945,2.7833,0.51,23.37,25.83,21.51,87.7,0.68,1.24,0.4,93.8
20220403,10.14,4.7057,2.3616,2.3146,0.46,23.39,25.72,21.74,87.79,1.13,1.97,0.71,93.77
20220404,24.15,4.6219,0.8107,2.9472,0.45,23.55,25.63,22.1,90.99,1.79,2.33,1.12,93.81
20220405,79.21,4.8367,2.8493,2.1763,0.47,23.52,25.72,22.34,92.0,1.82,2.59,1.12,93.82
20220406,25.05,4.9426,2.8332,2.3114,0.48,23.56,26.02,22.17,89.9,1.6,2.34,0.95,93.76
20220407,0.88,6.0818,4.4479,2.383,0.6,24.12,27.21,21.59,84.61,1.64,2.0,1.01,93.68
20220408,0.2,5.5944,3.3312,2.4888,0.55,23.75,26.05,21.94,90.07,1.99,2.86,1.19,93.62
20220409,2.47,5.0218,1.1573,3.269,0.49,23.73,26.01,22.03,86.63,1.34,1.83,0.85,93.7
20220410,1.02,5.8637,3.5148,2.6551,0.58,23.48,26.13,21.58,82.18,1.28,2.04,0.8,93.73
20220411,0.46,5.4461,2.0527,3.0787,0.54,23.53,26.05,21.34,82.99,1.18,1.63,0.74,93.72
20220412,0.46,6.0348,4.4275,2.436,0.6,24.31,27.36,22.18,82.66,1.39,2.06,0.87,93.61
20220413,0.54,5.4497,2.8524,2.7154,0.54,24.32,27.35,22.42,81.68,0.91,1.45,0.57,93.64
20220414,1.85,4.5276,1.1832,2.6544,0.45,24.19,26.72,22.57,85.69,1.19,2.03,0.77,93.66
20220415,6.73,4.9346,1.662,2.8675,0.49,23.84,26.68,22.2,88.11,1.25,1.67,0.75,93.67
20220416,14.86,4.788,1.5384,2.8231,0.48,23.77,26.14,22.51,89.92,1.07,1.6,0.68,93.67
20220417,2.97,3.846,0.8412,2.5262,0.38,22.94,24.96,21.84,88.57,0.9,1.55,0.57,93.74
20220418,23.55,4.3085,1.6973,2.3462,0.43,24.21,27.3,21.89,86.11,1.21,2.2,0.78,93.7
20220419,44.88,5.1686,2.862,2.6122,0.52,23.52,24.69,22.64,94.13,1.54,1.94,0.96,93.71
20220420,9.57,5.4094,2.844,2.6491,0.54,23.73,26.14,22.45,89.59,1.39,1.9,0.89,93.74
20220421,19.34,5.8548,4.3963,2.2399,0.59,23.41,26.08,21.33,87.22,1.06,1.54,0.68,93.74
20220422,1.19,5.6345,3.5962,2.5222,0.57,22.31,23.67,21.44,89.27,1.19,1.85,0.78,93.79
20220423,0.45,5.4101,2.6102,3.0653,0.55,23.98,27.21,21.06,82.19,1.16,1.67,0.72,93.72
20220424,7.24,5.6338,4.2113,2.286,0.57,24.05,26.63,22.43,88.1,1.05,1.75,0.68,93.61
20220425,14.52,2.6678,0.3293,1.8624,0.27,23.32,25.02,22.08,92.29,1.14,1.91,0.7,93.58
20220426,4.26,5.3477,3.9751,2.1158,0.54,23.4,26.01,21.4,87.66,1.11,1.54,0.67,93.53
20220427,35.12,4.4364,1.3764,2.5903,0.45,23.21,24.81,22.4,94.61,1.65,2.3,1.0,93.61
20220428,3.73,5.1122,2.3126,2.6866,0.52,23.62,26.22,21.95,89.38,1.45,2.17,0.92,93.69
20220429,3.44,5.0844,3.0122,2.3563,0.52,23.51,25.77,21.82,89.47,1.06,1.6,0.66,93.75
20220430,42.23,4.7251,2.2846,2.418,0.49,23.83,26.52,22.13,87.5,1.29,1.81,0.83,93.72
20220501,5.1,5.6484,4.3877,2.0016,0.58,24.21,27.16,21.66,80.6,1.13,1.71,0.72,93.69
20220502,1.11,5.6362,4.5005,2.219,0.58,24.49,27.04,22.61,86.68,1.11,1.79,0.72,93.65
20220503,18.51,5.6635,4.6459,2.033,0.59,24.26,26.7,22.33,89.01,1.4,2.16,0.88,93.67
20220504,32.99,5.0959,2.8387,2.5819,0.53,24.1,26.56,22.17,89.16,1.25,1.61,0.78,93.65
20220505,1.37,5.0726,3.2129,2.3369,0.53,24.1,26.84,22.03,88.82,1.36,2.36,0.86,93.63
20220506,8.71,5.2375,3.7999,2.3402,0.55,24.56,28.12,21.97,86.58,1.18,2.4,0.72,93.56
20220507,5.76,5.4677,3.7522,2.3909,0.57,24.46,26.43,23.23,90.15,1.14,1.64,0.68,93.58
20220508,38.01,4.3435,1.7011,2.4298,0.45,23.38,24.76,22.28,91.83,1.03,1.77,0.65,93.58
20220509,18.21,4.338,0.547,3.1975,0.46,23.4,25.44,21.75,91.53,1.23,1.82,0.76,93.6
20220510,6.73,4.4568,1.8065,2.4396,0.47,23.57,24.91,22.27,92.14,1.14,1.82,0.66,93.66
20220511,2.32,4.5418,1.1062,2.8363,0.48,24.34,26.84,22.52,89.06,1.32,2.17,0.83,93.64
20220512,7.01,4.7628,2.5044,2.5298,0.5,24.11,26.07,22.89,90.0,1.06,1.58,0.62,93.67
20220513,10.45,3.7913,0.4246,2.6258,0.4,23.41,26.45,21.11,84.71,0.97,1.72,0.6,93.79
20220514,2.45,4.7054,2.0081,2.5502,0.5,23.76,26.1,21.92,86.52,0.75,1.17,0.47,93.89
20220515,7.51,5.6323,4.7933,2.1096,0.6,23.8,26.08,21.93,88.84,0.97,1.58,0.61,93.87
20220516,4.76,4.6349,2.147,2.5286,0.49,24.66,27.72,22.48,84.74,0.89,2.01,0.57,93.8
20220517,13.69,4.4837,1.8775,2.3998,0.48,23.94,27.2,21.44,84.3,1.09,1.92,0.7,93.84
20220518,14.42,4.871,2.9981,2.3518,0.52,24.06,26.65,22.18,86.71,1.24,2.2,0.8,93.92
20220519,8.55,5.2284,3.625,2.2056,0.56,24.36,27.75,21.74,85.35,1.45,2.31,0.91,93.89
20220520,10.57,3.8801,1.5072,2.2519,0.42,22.77,24.45,21.31,93.43,1.06,1.91,0.69,93.83
20220521,11.48,3.6768,1.5586,2.088,0.4,23.29,26.21,21.14,87.22,0.89,1.77,0.6,93.8
20220522,3.14,5.5217,4.6579,2.0486,0.6,23.56,26.23,21.61,87.21,1.31,2.14,0.82,93.7
20220523,1.72,5.339,4.7206,1.9896,0.58,23.79,26.38,21.66,85.24,1.24,1.81,0.8,93.75
20220524,0.85,4.7614,2.2402,2.4883,0.52,23.87,25.99,22.44,85.33,1.06,1.7,0.7,93.89
20220525,16.91,4.7414,2.3736,2.4955,0.51,23.66,25.82,22.21,89.51,1.44,1.88,0.91,93.84
20220526,11.5,5.0587,2.4502,2.6285,0.55,23.23,25.44,21.93,91.24,1.38,2.24,0.88,93.8
20220527,8.19,3.0058,0.247,2.0892,0.33,23.29,25.47,22.19,89.73,1.4,1.94,0.87,93.78
20220528,0.11,4.3428,1.2293,2.7173,0.47,23.4,25.29,21.57,83.28,1.19,1.84,0.76,93.74
20220529,30.22,4.9246,3.6146,2.178,0.54,23.57,25.43,22.17,84.7,0.69,1.04,0.43,93.75
20220530,10.7,4.9766,3.1567,2.3374,0.54,23.34,26.13,21.23,83.72,1.09,1.62,0.68,93.78
20220531,0.15,6.1111,6.3746,1.6157,0.67,23.75,26.15,22.22,84.78,1.25,1.66,0.77,93.73
20220601,1.32,5.4096,4.2348,2.0887,0.59,23.83,26.09,22.45,85.79,0.99,1.83,0.66,93.76
20220602,1.63,5.9047,5.4698,1.8847,0.65,23.48,25.14,22.15,85.95,0.83,1.04,0.54,93.77
20220603,2.03,5.5975,5.1293,1.8562,0.62,23.95,26.59,22.22,84.11,0.96,1.41,0.62,93.77
20220604,11.22,4.8264,2.7355,2.5781,0.53,22.98,24.94,21.56,87.92,1.14,1.5,0.72,93.82
20220605,2.61,5.4991,4.7462,2.0189,0.61,23.16,25.28,21.61,88.43,1.28,2.0,0.82,93.77
20220606,35.58,5.6398,5.0909,1.8797,0.62,23.43,26.37,21.69,86.31,1.18,1.64,0.73,93.73
20220607,36.73,4.4515,1.6589,2.5694,0.49,22.68,24.33,21.6,89.29,1.34,2.19,0.86,93.78
20220608,3.63,5.873,6.0355,1.6133,0.65,23.62,26.94,20.36,78.62,1.0,1.66,0.64,93.74
20220609,3.3,4.5276,4.0978,2.3323,0.5,23.9,26.79,21.86,85.27,1.04,2.19,0.67,93.73
20220610,20.5,5.6455,5.5435,1.7563,0.63,23.81,26.8,21.71,86.13,1.27,1.95,0.79,93.69
20220611,3.14,5.2094,4.4846,2.1458,0.58,24.01,27.11,21.28,81.91,1.15,1.62,0.72,93.74
20220612,6.48,4.728,2.9993,2.3654,0.53,23.4,24.89,21.96,85.19,0.95,1.28,0.61,93.8
20220613,28.1,4.6094,2.7682,2.3803,0.51,23.44,25.94,21.27,83.5,1.29,1.95,0.82,93.8
20220614,33.64,5.0002,3.7819,2.1499,0.56,23.39,25.8,21.69,83.37,1.03,1.7,0.64,93.85
20220615,9.56,5.2152,4.5631,2.0537,0.58,22.65,25.59,20.4,85.98,1.42,1.7,0.85,93.89
20220616,5.81,5.1348,3.1795,2.431,0.57,22.73,25.06,20.63,86.14,1.11,1.61,0.7,93.86
20220617,9.4,4.579,3.0487,2.1979,0.51,23.28,25.58,21.42,84.45,0.94,1.47,0.62,93.76
20220618,16.81,4.9188,3.7654,2.1214,0.55,23.38,26.14,21.78,86.17,1.41,2.07,0.9,93.75
20220619,12.54,4.2557,1.818,2.4204,0.47,22.56,25.27,20.87,89.88,1.57,2.17,0.97,93.79
20220620,2.61,5.4518,4.6104,2.0383,0.61,22.45,24.66,20.85,88.49,1.34,1.82,0.82,93.7
20220621,7.51,4.4438,2.843,2.2534,0.5,23.17,26.19,20.82,83.45,1.12,1.76,0.73,93.67
20220622,18.81,4.1623,3.1925,2.1158,0.46,22.33,24.64,20.61,88.53,0.92,1.57,0.57,93.86
20220623,21.53,3.727,1.3745,2.322,0.42,22.9,25.06,21.21,87.11,1.22,1.95,0.78,93.84
20220624,14.12,5.1151,4.5646,2.0638,0.57,23.53,26.53,20.97,85.65,1.28,1.65,0.79,93.7
20220625,18.89,5.6076,5.5498,1.7851,0.63,23.76,26.89,21.48,86.14,1.13,1.54,0.73,93.65
20220626,23.71,4.4587,1.5478,2.9302,0.5,23.22,25.38,21.88,92.62,1.38,2.33,0.89,93.73
20220627,25.82,4.6078,2.8978,2.2836,0.51,22.4,23.95,21.17,91.34,1.37,2.45,0.87,93.81
20220628,10.21,3.5772,0.768,2.359,0.4,22.71,25.36,20.52,88.73,1.48,2.0,0.91,93.7
20220629,10.17,4.5888,2.5385,2.2858,0.51,22.83,24.27,21.63,92.42,0.98,2.12,0.6,93.57
20220630,21.47,4.2761,1.4285,2.6141,0.48,23.49,25.87,22.01,90.11,1.25,1.73,0.73,93.62
20220701,3.32,5.0806,4.2593,1.9118,0.57,23.55,26.49,21.87,88.93,1.22,2.05,0.75,93.7
20220702,13.31,5.2526,3.9019,2.3388,0.58,23.75,26.69,20.73,83.15,1.43,1.83,0.88,93.68
20220703,34.26,4.7695,3.1322,2.2486,0.53,23.99,26.57,22.23,88.88,1.43,2.23,0.91,93.6
20220704,19.87,3.7663,0.6833,2.4502,0.42,23.04,24.93,21.9,90.92,1.21,1.55,0.74,93.7
20220705,0.23,5.053,3.5674,2.2598,0.56,23.25,25.6,21.37,87.71,1.08,1.64,0.66,93.74
20220706,1.3,4.0058,0.8856,2.5783,0.44,23.49,26.33,21.56,86.52,1.24,1.92,0.79,93.78
20220707,31.45,3.2503,0.8131,2.1516,0.36,22.43,24.96,20.42,89.5,1.28,1.88,0.78,93.83
20220708,29.63,3.8222,1.2487,2.2745,0.42,22.34,23.57,21.56,93.75,1.28,2.43,0.79,93.74
20220709,35.52,2.831,0.3828,1.8542,0.31,22.3,23.63,21.39,93.22,1.05,1.56,0.68,93.72
20220710,6.18,2.3114,0.0007,1.8194,0.26,22.02,23.82,20.59,90.45,1.25,1.7,0.77,93.84
20220711,14.71,4.7304,2.0791,2.6371,0.52,22.93,25.38,21.25,83.4,1.06,1.67,0.69,93.87
20220712,8.37,3.551,0.4073,2.4586,0.39,23.05,25.66,21.27,84.67,1.07,1.81,0.68,93.8
20220713,32.49,5.4235,4.9478,1.805,0.6,23.29,26.21,20.94,85.59,1.37,1.95,0.86,93.71
20220714,30.72,3.2081,0.6626,2.0844,0.35,22.38,23.51,21.33,92.89,1.38,1.71,0.84,93.78
20220715,7.05,2.5584,0.0048,1.9901,0.28,21.6,22.68,20.33,92.64,0.73,1.35,0.42,93.88
20220716,1.81,3.8342,0.5575,2.5738,0.42,22.37,24.76,20.69,86.03,0.95,1.49,0.62,93.88
20220717,13.47,3.3691,0.6432,2.2466,0.37,22.08,23.78,20.7,88.58,0.98,1.74,0.63,93.91
20220718,9.36,1.9003,0.2448,1.3478,0.21,21.69,23.69,20.15,87.68,0.94,1.52,0.59,93.91
20220719,0.33,5.1967,3.2206,2.3652,0.57,22.48,25.16,20.26,84.12,0.83,1.57,0.53,93.82
20220720,2.64,5.5126,4.8749,1.92,0.6,23.51,26.2,21.33,85.4,1.2,2.07,0.78,93.8
20220721,17.18,5.1394,4.0277,2.0767,0.56,23.68,26.46,21.78,85.45,1.15,1.83,0.7,93.8
20220722,13.18,4.2564,1.8089,2.3825,0.46,22.77,24.63,21.23,92.67,1.5,2.62,0.92,93.83
20220723,3.07,4.2866,2.7473,2.029,0.46,23.16,26.1,21.26,89.32,1.59,2.5,1.03,93.78
20220724,1.2,3.0427,1.7273,1.6517,0.33,22.79,25.37,21.51,90.78,1.57,3.18,1.02,93.69
20220725,0.06,5.7994,5.4682,1.8737,0.63,23.21,26.65,20.64,84.18,1.11,2.14,0.72,93.71
20220726,13.05,3.5443,1.1789,2.1449,0.38,23.53,26.58,21.28,85.62,1.15,2.01,0.73,93.75
20220727,18.76,3.6132,1.0344,2.155,0.39,22.79,24.62,21.35,91.32,1.51,2.3,0.9,93.72
20220728,11.23,3.4882,2.0431,1.9241,0.37,23.02,26.34,20.42,87.06,1.31,1.65,0.82,93.78
20220729,9.47,3.8179,2.1022,2.1828,0.41,23.22,25.97,21.34,88.01,0.9,1.56,0.61,93.76
20220730,6.2,3.5791,1.0795,2.2654,0.38,22.88,25.92,21.05,86.84,1.17,2.11,0.74,93.72
20220731,3.9,3.7694,0.4618,2.5546,0.4,22.2,25.31,20.13,88.28,1.46,1.83,0.88,93.73
20220801,1.69,3.8587,0.6218,2.7914,0.41,23.13,26.79,19.94,85.95,1.53,2.13,0.94,93.7
20220802,30.61,4.8974,3.3622,2.2634,0.52,23.14,25.9,20.86,88.92,1.3,1.99,0.82,93.74
20220803,9.77,4.4645,1.3104,2.7439,0.47,22.79,25.99,20.21,86.55,1.47,2.11,0.9,93.79
20220804,0.86,5.2483,3.9554,2.1218,0.56,22.81,25.61,20.61,86.44,1.02,1.98,0.68,93.82
20220805,0.18,5.9278,5.3518,1.9706,0.63,22.79,26.25,19.86,81.2,0.96,1.43,0.66,93.77
20220806,3.39,4.0709,0.9134,2.6882,0.43,22.23,24.01,21.1,91.25,1.54,2.28,0.97,93.79
20220807,0.17,3.744,0.3862,2.803,0.39,22.2,24.6,20.38,87.36,1.15,1.81,0.75,93.81
20220808,5.86,4.6728,3.2009,2.1511,0.49,22.78,25.23,20.82,87.52,1.12,1.8,0.73,93.77
20220809,38.19,4.2571,2.3978,2.137,0.45,22.68,24.37,21.57,93.7,1.63,2.9,1.05,93.71
20220810,22.88,5.3201,3.6197,2.3388,0.56,22.95,25.73,21.23,90.84,1.36,2.23,0.86,93.76
20220811,22.69,4.985,2.6767,2.4336,0.52,22.86,24.94,21.5,90.26,1.43,1.66,0.88,93.83
20220812,6.31,5.5399,4.1107,2.244,0.58,23.66,26.48,21.85,86.42,0.93,1.28,0.56,93.81
20220813,16.74,5.2978,3.7584,2.1888,0.55,22.84,24.58,21.71,94.62,1.46,1.96,0.9,93.79
20220814,2.43,4.3944,2.3506,2.1718,0.46,22.53,23.76,21.53,90.19,1.32,2.08,0.82,93.85
20220815,0.97,4.153,1.8478,2.3378,0.43,22.45,25.3,20.59,85.39,1.49,2.55,0.94,93.86
20220816,0.15,3.6252,0.0972,2.7571,0.37,21.55,23.25,20.29,85.31,1.36,2.1,0.85,93.95
20220817,0.11,5.141,2.0794,2.7989,0.53,22.82,26.09,20.18,79.61,1.31,2.23,0.84,93.93
20220818,0.55,2.903,0.108,2.1619,0.3,22.94,25.68,21.01,86.59,1.31,2.53,0.83,93.85
20220819,2.11,5.5997,4.6906,1.9781,0.58,23.04,26.27,20.69,84.33,1.34,2.33,0.83,93.83
20220820,1.38,5.2682,3.9065,2.1852,0.54,22.79,26.32,20.27,85.2,1.11,2.28,0.68,93.84
20220821,16.66,4.9162,3.5076,2.1192,0.5,23.25,26.47,20.89,82.65,1.09,1.51,0.68,93.75
20220822,55.96,2.7986,0.4704,1.8396,0.29,22.9,25.82,21.13,90.55,1.46,2.29,0.92,93.78
20220823,7.19,4.7628,3.1258,2.947,0.49,23.0,25.93,20.86,88.02,1.58,2.22,0.97,93.83
20220824,23.39,3.8318,1.4707,2.3378,0.39,22.88,25.86,20.72,87.53,1.3,1.83,0.81,93.84
20220825,14.39,3.193,0.5933,2.2685,0.32,22.51,24.61,21.22,91.58,1.24,1.81,0.77,93.84
20220826,3.69,3.9634,1.5461,2.1518,0.4,22.71,24.98,20.14,86.1,1.05,1.42,0.66,93.78
20220827,13.43,3.8522,0.8858,2.5445,0.39,23.27,26.77,20.18,87.6,1.63,2.28,0.99,93.69
20220828,8.84,3.3014,0.5702,2.2757,0.33,23.16,25.83,21.41,87.96,1.18,1.59,0.73,93.72
20220829,17.66,4.7671,2.8534,2.1886,0.48,23.49,26.81,20.86,85.71,1.41,1.68,0.88,93.73
20220830,65.93,4.2187,2.021,2.233,0.42,23.01,25.66,21.35,85.99,1.09,1.82,0.68,93.71
20220831,23.21,5.8634,4.5084,2.2615,0.59,23.33,26.54,20.59,86.25,1.3,2.19,0.82,93.71
20220901,1.46,6.0917,4.871,2.0688,0.61,23.71,26.92,21.54,87.33,1.5,2.54,0.94,93.78
20220902,0.16,4.6951,2.9678,2.3383,0.47,23.67,26.24,21.37,82.04,1.0,1.56,0.65,93.82
20220903,17.23,5.3678,4.1364,2.1146,0.54,24.04,26.75,21.71,84.23,1.15,1.85,0.74,93.71
20220904,20.03,4.6457,1.0541,2.8937,0.46,23.0,25.27,21.16,92.24,1.29,1.84,0.79,93.75
20220905,10.54,3.6084,0.2287,2.6285,0.36,22.72,25.12,20.03,84.77,1.09,1.84,0.67,93.89
20220906,5.03,2.9218,0.0166,2.2174,0.29,22.79,25.12,21.48,85.61,1.04,1.32,0.65,93.9
20220907,1.66,5.1768,2.1737,2.844,0.51,23.49,26.71,21.46,83.18,1.18,2.01,0.75,93.93
20220908,6.45,5.1605,3.799,2.075,0.51,23.64,26.49,21.32,83.77,1.05,1.92,0.69,93.92
20220909,17.94,4.8574,2.5776,2.2997,0.48,22.87,24.0,22.04,90.75,0.74,1.36,0.52,93.96
20220910,19.03,5.1718,2.3719,2.8097,0.51,22.77,24.75,21.46,88.49,0.89,1.37,0.56,93.95
20220911,9.42,4.9049,1.956,2.6261,0.48,23.32,26.07,21.74,86.18,1.09,1.87,0.69,93.88
20220912,37.21,4.7292,2.2675,2.5366,0.46,23.43,26.49,21.53,87.85,1.02,1.92,0.64,93.83
20220913,18.43,3.4332,0.6252,2.37,0.34,22.89,24.76,21.31,88.61,1.03,1.88,0.68,94.0
20220914,3.53,5.166,2.0834,2.9993,0.51,22.12,24.69,20.13,85.09,1.22,1.85,0.78,94.12
20220915,0.3,5.1226,3.4536,2.2946,0.5,22.22,25.05,19.59,85.99,1.56,2.06,0.96,93.97
20220916,0.02,5.9911,5.179,2.9191,0.59,23.24,26.23,20.48,85.53,1.29,1.96,0.84,93.85
20220917,1.34,4.9632,1.9656,3.1346,0.48,23.24,25.99,21.43,86.01,1.1,1.45,0.7,93.88
20220918,0.76,6.2098,4.7402,2.2205,0.61,23.57,26.85,20.99,80.14,1.17,2.15,0.74,93.89
20220919,12.08,5.7482,3.426,2.5766,0.56,23.06,25.1,21.56,88.49,0.87,1.27,0.56,93.88
20220920,16.48,5.2706,3.3187,2.3683,0.51,23.21,25.52,21.56,89.74,1.49,2.58,0.98,93.86
20220921,6.33,6.1901,4.9639,2.1756,0.6,23.35,25.42,21.71,88.12,1.17,1.57,0.74,93.87
20220922,12.39,3.883,0.324,2.8498,0.38,22.37,24.01,20.32,89.09,1.31,1.84,0.78,93.92
20220923,4.85,6.6684,5.8034,1.9229,0.65,23.46,27.29,19.95,81.17,1.52,2.04,0.96,93.75
20220924,8.03,5.4346,3.2666,2.634,0.53,23.29,25.94,21.0,86.32,1.48,2.66,0.93,93.75
20220925,0.45,6.4735,5.1732,2.6376,0.63,23.07,25.85,20.88,83.91,1.33,1.93,0.87,93.77
20220926,0.0,7.0886,6.5321,1.9526,0.69,23.1,26.22,19.8,79.29,1.16,1.76,0.76,93.74
20220927,0.0,6.463,5.2884,2.1689,0.62,23.45,27.05,20.64,80.17,1.24,1.49,0.79,93.67
20220928,2.17,6.3314,4.7731,2.4497,0.61,24.22,27.72,21.42,84.81,1.44,1.8,0.84,93.55
20220929,5.37,5.3395,3.7541,2.3263,0.51,23.82,26.66,22.17,87.11,1.59,2.13,0.94,93.69
20220930,6.49,6.2102,5.7833,2.3347,0.6,23.85,26.84,21.72,84.53,1.35,1.59,0.82,93.79
20221001,1.08,6.4306,4.8206,2.4178,0.62,24.49,28.13,21.11,78.94,1.06,1.45,0.67,93.74
20221002,21.37,5.8154,4.6565,2.1754,0.56,23.73,25.68,22.37,86.57,1.03,1.77,0.65,93.63
20221003,16.32,4.6858,1.2564,2.9225,0.45,23.63,26.53,21.17,85.63,1.23,1.82,0.75,93.65
20221004,9.1,5.7182,4.0498,2.3633,0.55,23.94,27.37,21.07,84.83,1.33,1.83,0.8,93.7
20221005,8.27,5.6678,2.9426,2.6662,0.54,23.96,27.39,21.2,87.4,1.29,1.54,0.81,93.72
20221006,40.34,5.2193,3.2489,2.5594,0.5,23.67,26.04,22.16,89.13,1.0,1.75,0.64,93.76
20221007,20.99,5.7538,4.4184,2.1574,0.55,23.32,25.35,21.94,90.94,0.97,1.59,0.6,93.72
20221008,6.91,5.4967,3.4927,2.4766,0.53,23.96,26.86,21.27,82.89,1.18,2.04,0.74,93.79
20221009,27.95,5.051,1.7803,2.8997,0.48,23.41,24.9,22.19,84.22,1.0,2.16,0.68,93.89
20221010,11.66,4.4112,1.1849,2.8226,0.42,23.3,25.74,20.87,78.54,1.05,1.94,0.69,93.89
20221011,3.96,4.9126,2.1492,2.6825,0.47,22.93,25.8,20.95,86.09,1.14,1.71,0.72,93.85
20221012,1.82,5.6717,3.4008,2.5714,0.54,23.32,26.35,21.09,84.93,1.41,2.37,0.88,93.76
20221013,0.6,5.6479,2.4228,3.2014,0.54,23.57,26.15,21.75,84.13,1.12,1.55,0.7,93.74
20221014,3.75,5.4466,3.6194,2.4418,0.52,23.45,26.07,21.86,85.35,1.11,2.17,0.71,93.67
20221015,9.91,4.9186,1.915,2.9909,0.47,23.08,26.21,20.81,88.42,1.22,1.8,0.74,93.7
20221016,7.68,5.5457,2.939,2.9093,0.53,23.34,26.0,21.62,88.78,1.14,1.71,0.74,93.83
20221017,17.42,5.7518,4.0634,2.5015,0.55,23.89,26.98,22.0,87.25,1.42,2.5,0.91,93.74
20221018,10.1,5.1067,1.9224,2.8099,0.49,23.46,25.06,22.22,92.71,1.15,1.53,0.67,93.69
20221019,15.95,4.5734,1.5218,2.9628,0.44,23.54,25.4,22.17,93.93,1.42,1.82,0.86,93.79
20221020,3.12,6.2506,4.8113,2.3798,0.6,24.45,27.72,22.28,87.14,1.22,1.87,0.77,93.85
20221021,2.98,6.1649,4.938,2.4019,0.59,24.35,27.08,21.93,84.1,0.79,1.18,0.52,93.87
20221022,4.39,5.959,4.2672,2.2589,0.57,23.78,26.86,21.36,85.0,1.05,1.6,0.69,93.86
20221023,0.07,6.1001,5.017,2.1122,0.58,24.54,27.7,22.44,83.27,1.19,2.44,0.79,93.73
20221024,0.08,6.1524,4.5139,2.4914,0.59,24.86,27.96,22.42,82.57,1.4,1.94,0.91,93.7
20221025,0.13,6.2642,5.2402,2.045,0.6,24.47,27.53,22.51,83.47,1.09,1.86,0.7,93.73
20221026,10.34,5.5615,2.6338,2.8505,0.53,24.06,27.11,21.53,85.51,1.19,1.66,0.76,93.67
20221027,3.13,3.9845,0.2261,2.862,0.38,23.42,25.55,21.84,88.19,1.28,1.9,0.81,93.64
20221028,5.58,4.4158,1.4851,2.9549,0.42,23.93,26.79,22.19,84.81,1.24,2.29,0.81,93.58
20221029,1.84,4.9675,1.2485,3.1654,0.48,24.0,27.67,21.19,84.23,1.31,2.47,0.85,93.6
20221030,2.41,5.3009,3.5407,2.6755,0.51,23.62,25.68,21.89,88.04,1.55,2.4,1.0,93.62
20221031,3.21,5.2634,2.0316,3.0302,0.51,23.19,25.24,21.77,89.66,1.2,2.22,0.77,93.72
20221101,2.92,4.9661,2.9626,2.2766,0.48,24.2,27.09,22.13,85.62,1.66,2.78,1.0,93.67
20221102,8.69,4.5058,0.871,3.1358,0.43,23.24,24.62,21.91,93.77,1.63,3.17,0.99,93.81
20221103,0.22,6.1531,5.0621,2.3921,0.59,24.43,27.59,21.78,81.12,1.14,1.56,0.72,93.8
20221104,17.43,5.8171,3.7255,2.8478,0.56,24.49,26.97,23.2,84.64,1.08,1.91,0.71,93.89
20221105,9.24,5.5296,3.5438,3.2976,0.53,23.93,26.12,22.57,87.28,1.21,2.67,0.79,93.93
20221106,5.23,5.2906,3.2777,2.4862,0.51,23.85,26.3,22.26,85.88,1.17,2.01,0.76,93.88
20221107,23.85,5.0885,1.3046,3.2537,0.49,23.29,25.37,21.85,90.53,1.18,1.63,0.73,93.83
20221108,34.96,5.7115,3.6655,2.7089,0.55,23.31,25.87,21.59,90.91,1.52,1.95,0.94,93.78
20221109,6.27,5.6266,3.8407,2.3153,0.54,23.68,26.49,22.03,88.88,1.02,1.35,0.64,93.79
20221110,0.41,5.8195,3.3746,2.9669,0.56,24.58,27.99,22.25,83.21,1.22,2.07,0.77,93.72
20221111,1.44,5.6851,3.6475,3.0876,0.55,24.59,27.62,22.53,84.55,1.11,1.97,0.72,93.68
20221112,2.49,5.9369,4.5912,2.6378,0.57,24.56,27.67,22.18,84.4,1.12,1.65,0.71,93.63
20221113,10.94,5.2807,2.1029,3.0312,0.51,23.49,24.61,22.6,90.54,1.12,2.1,0.7,93.71
20221114,6.65,5.7487,3.475,2.635,0.56,24.05,27.04,21.08,85.21,1.31,1.97,0.8,93.65
20221115,7.27,5.7646,3.7063,2.6352,0.56,23.45,25.0,22.43,89.1,1.2,1.93,0.79,93.65
20221116,31.46,4.4909,0.8952,3.0204,0.44,24.01,26.69,22.35,83.39,1.29,2.33,0.84,93.64
20221117,37.15,5.8217,4.5058,2.2524,0.57,23.9,26.22,22.49,91.13,1.8,2.38,1.14,93.6
20221118,21.06,4.603,2.5111,2.5896,0.45,23.19,24.7,22.11,93.45,1.83,2.1,1.13,93.67
20221119,6.32,2.8642,0.4476,2.0326,0.28,22.88,25.08,21.39,89.71,1.15,1.88,0.72,93.68
20221120,0.58,3.9557,0.3502,2.6976,0.39,23.49,25.93,21.35,86.73,1.14,2.12,0.72,93.6
20221121,2.14,5.0666,1.7518,3.1582,0.49,23.39,25.01,22.1,88.95,1.22,1.55,0.76,93.66
20221122,3.05,4.9531,2.5282,2.6412,0.48,23.44,25.71,21.41,86.86,1.03,1.58,0.61,93.73
20221123,3.79,4.4378,0.749,3.0362,0.43,23.76,25.99,21.99,86.86,0.96,1.52,0.61,93.76
20221124,31.59,5.4926,4.1489,2.6066,0.54,23.67,26.44,21.69,89.71,1.25,1.77,0.78,93.82
20221125,17.3,5.034,1.9039,2.9239,0.49,22.93,24.11,22.05,90.49,1.11,1.85,0.67,93.91
20221126,5.39,5.6623,3.9919,2.4703,0.55,23.89,26.43,22.36,85.46,0.78,1.06,0.51,93.8
20221127,37.68,5.4466,2.4631,3.0005,0.53,22.6,24.1,21.47,92.28,1.05,2.39,0.67,93.74
20221128,16.05,5.8538,4.4278,2.3052,0.57,23.51,25.24,22.04,86.49,0.79,1.25,0.52,93.68
20221129,48.74,5.2687,3.0946,2.5975,0.52,23.32,24.69,22.43,91.31,1.27,2.15,0.81,93.68
20221130,6.14,5.9861,3.8376,2.6657,0.59,23.75,26.89,22.01,85.09,0.93,2.04,0.61,93.66
20221201,3.35,5.4307,3.7013,2.3496,0.53,23.32,26.05,21.41,86.61,0.87,1.73,0.56,93.58
20221202,9.82,5.6429,3.4591,2.6282,0.55,23.31,24.69,22.19,91.64,1.39,1.7,0.84,93.5
20221203,38.54,4.7318,1.9994,2.549,0.46,22.88,24.06,22.03,94.31,1.35,1.88,0.85,93.56
20221204,7.84,5.5783,3.0766,2.6587,0.55,22.62,24.29,21.49,92.05,1.23,1.63,0.74,93.67
20221205,9.13,5.1504,3.023,2.4298,0.51,23.27,26.09,21.34,88.48,1.25,2.26,0.82,93.69
20221206,3.09,5.491,3.5078,2.6006,0.54,23.07,24.68,21.84,90.84,1.54,2.44,0.94,93.63
20221207,1.71,5.7576,5.3042,1.8991,0.57,23.83,26.95,21.38,83.68,1.24,2.39,0.78,93.61
20221208,0.76,5.2133,4.2689,2.173,0.51,24.06,27.08,22.01,81.65,1.25,2.15,0.82,93.6
20221209,0.37,5.2565,3.8765,2.2301,0.52,23.74,26.59,21.61,85.41,1.69,2.72,1.06,93.56
20221210,9.25,5.1442,2.5301,2.6484,0.51,22.75,24.55,21.57,87.44,0.94,1.4,0.62,93.64
20221211,4.93,4.8703,2.4734,2.5166,0.48,23.58,26.02,21.8,82.13,1.14,1.56,0.73,93.66
20221212,7.57,5.5267,3.1538,2.8968,0.54,23.84,26.36,22.48,85.74,0.99,1.36,0.59,93.67
20221213,6.15,4.9322,1.3114,3.3922,0.49,23.07,25.11,21.95,91.74,1.34,1.56,0.83,93.74
20221214,43.47,4.9865,1.4772,3.0202,0.49,23.11,25.18,21.9,88.34,1.12,1.66,0.67,93.71
20221215,21.94,4.656,1.795,2.5666,0.46,23.63,26.34,22.06,84.88,1.35,1.94,0.88,93.54
20221216,34.37,5.1818,2.2834,2.8666,0.51,23.36,26.02,21.99,90.83,1.26,1.96,0.8,93.48
20221217,34.87,5.1106,1.613,3.0809,0.5,23.1,25.1,21.86,90.36,1.05,2.07,0.64,93.49
20221218,5.96,3.5318,0.2678,2.5394,0.35,22.9,25.18,21.31,86.71,0.82,1.43,0.49,93.48
20221219,0.43,4.9315,1.9486,3.0557,0.49,23.66,26.78,20.65,79.96,0.68,1.24,0.42,93.4
20221220,0.15,5.7535,4.241,2.5889,0.57,23.81,27.02,21.39,83.35,1.11,2.18,0.7,93.4
20221221,0.0,5.7816,2.867,3.2933,0.57,24.38,28.02,21.99,83.36,1.3,1.94,0.81,93.38
20221222,1.51,6.1903,5.4463,2.0789,0.61,24.19,27.64,21.27,82.86,1.07,1.88,0.68,93.33
20221223,9.41,3.8254,0.3516,2.8368,0.38,23.93,26.63,21.76,88.47,1.24,2.27,0.79,93.43
20221224,6.19,4.3051,0.1426,3.2844,0.42,23.34,26.07,21.2,87.81,0.99,2.28,0.61,93.61
20221225,0.79,4.4654,0.3012,3.3554,0.44,23.2,26.66,21.31,81.96,1.05,2.15,0.64,93.72
20221226,0.1,4.021,0.2198,2.9681,0.4,23.18,26.74,20.48,80.22,1.2,2.04,0.75,93.8
20221227,0.6,4.5461,1.1861,3.2786,0.45,22.87,26.41,20.28,84.96,0.98,1.59,0.61,93.88
20221228,14.42,4.2014,0.3144,3.0478,0.41,22.73,25.8,20.15,82.79,1.12,1.83,0.69,93.86
20221229,4.23,4.4496,0.6648,3.0557,0.44,23.82,28.05,19.96,79.74,1.14,1.73,0.7,93.86
20221230,0.32,4.951,1.7237,2.9035,0.49,22.77,25.86,20.07,80.97,1.53,1.98,0.9,93.91
20221231,0.01,4.4186,0.6588,3.1668,0.43,23.09,26.76,19.98,80.16,1.57,2.26,0.9,93.82
20230101,0.0,5.8685,3.0444,3.606,0.58,22.81,28.13,18.05,73.0,1.79,2.71,1.06,93.8
20230102,0.01,5.4792,3.7759,3.2741,0.54,23.49,28.09,19.07,75.28,1.32,2.36,0.8,93.72
20230103,0.17,5.401,1.9512,3.6624,0.53,23.68,27.25,20.48,80.21,1.36,1.81,0.81,93.65
20230104,1.04,4.753,0.5683,3.5592,0.47,23.19,26.38,20.7,80.99,1.21,2.09,0.74,93.68
20230105,2.51,5.2541,2.3256,2.8075,0.51,23.39,26.4,20.17,83.52,0.94,1.5,0.59,93.74
20230106,2.05,3.7742,0.1668,2.8548,0.37,23.49,25.85,21.55,84.15,0.93,1.33,0.59,93.77
20230107,1.16,5.0683,1.7045,3.323,0.5,23.88,26.48,21.63,84.15,0.8,1.19,0.52,93.69
20230108,32.2,4.5197,1.6687,2.6899,0.44,22.83,24.12,21.41,91.62,0.91,1.54,0.56,93.78
20230109,12.08,3.9905,0.3994,2.8966,0.39,22.86,26.22,20.2,83.87,1.37,1.79,0.84,93.89
20230110,3.71,4.5235,0.9646,2.9796,0.44,23.36,25.62,21.73,84.37,0.85,1.42,0.56,93.84
20230111,2.79,4.7698,1.6001,2.7094,0.47,23.07,25.6,20.72,77.69,1.09,1.4,0.69,93.8
20230112,6.44,4.7261,0.5616,3.4457,0.46,23.84,27.05,21.68,78.97,0.8,1.19,0.52,93.78
20230113,0.54,6.2119,5.2121,2.1989,0.61,24.14,27.78,21.38,80.71,0.88,1.52,0.53,93.72
20230114,0.32,5.0242,1.8144,3.1486,0.49,23.94,26.21,21.77,81.64,0.57,1.07,0.38,93.64
20230115,2.37,4.9572,3.1222,2.8807,0.48,23.62,26.48,21.07,81.27,1.1,1.47,0.68,93.61
20230116,1.74,5.1031,2.2438,2.8608,0.5,24.13,27.2,21.96,82.72,1.12,1.78,0.72,93.67
20230117,0.85,5.473,3.0504,2.6112,0.53,24.26,26.59,22.56,87.6,1.42,1.82,0.9,93.76
20230118,3.25,4.7244,1.7842,2.6038,0.46,23.82,26.29,22.2,87.86,1.19,1.64,0.72,93.76
20230119,31.56,4.8346,2.5637,2.579,0.47,22.95,24.8,21.63,89.29,0.97,1.55,0.6,93.72
20230120,3.28,5.2774,1.9476,3.1819,0.51,23.3,26.3,21.23,88.81,1.59,2.39,0.98,93.71
20230121,0.52,3.4879,0.1279,2.5901,0.34,23.33,24.97,22.19,89.93,1.2,1.41,0.75,93.63
20230122,5.65,4.5396,0.7032,3.1685,0.44,24.05,27.08,21.89,86.86,1.26,1.98,0.8,93.51
20230123,6.45,4.6202,0.9718,3.1116,0.45,23.77,26.0,22.38,90.01,1.74,2.69,1.11,93.47
20230124,17.7,5.0758,1.704,2.9933,0.49,23.52,26.09,21.63,89.45,1.51,1.99,0.94,93.48
20230125,22.74,4.2636,0.7961,2.9023,0.41,22.95,25.2,21.89,89.37,0.86,1.81,0.54,93.48
20230126,25.22,5.0225,1.6008,2.8999,0.48,23.44,26.02,21.78,90.24,0.99,1.6,0.65,93.49
20230127,17.2,5.0172,0.8282,3.5587,0.48,23.45,25.95,21.75,90.84,1.03,1.73,0.63,93.48
20230128,3.44,4.3898,0.4406,3.1318,0.42,22.92,24.6,21.94,91.31,1.04,1.32,0.67,93.48
20230129,3.99,4.3078,0.2539,3.1466,0.41,23.37,25.28,21.89,86.89,0.55,1.11,0.35,93.57
20230130,7.89,5.3088,2.1233,3.1258,0.51,23.32,25.04,22.16,88.44,0.79,1.55,0.48,93.65
20230131,13.0,4.7311,0.8165,3.3242,0.45,22.93,24.88,21.5,90.25,1.12,1.61,0.66,93.6
20230201,9.64,4.3642,0.498,2.951,0.42,23.23,25.71,21.72,88.68,1.26,1.5,0.76,93.6
20230202,4.58,4.3349,0.2774,3.1997,0.41,23.5,26.41,21.68,85.4,0.84,1.47,0.47,93.68
20230203,2.77,3.9943,0.4846,2.9047,0.38,23.09,25.47,21.16,84.16,0.67,1.1,0.44,93.65
20230204,22.89,4.6238,0.3804,3.4152,0.44,23.34,26.14,21.44,86.52,0.73,1.24,0.44,93.6
20230205,9.16,4.8305,0.9449,3.2174,0.46,23.85,27.63,21.3,85.0,0.98,1.42,0.61,93.59
20230206,0.85,5.2102,2.0122,3.0533,0.5,23.98,27.59,20.98,82.92,1.07,1.48,0.69,93.62
20230207,0.27,5.2646,1.2907,3.4644,0.5,23.81,26.63,21.86,83.02,0.83,1.36,0.54,93.65
20230208,0.17,4.878,0.5486,3.4315,0.46,23.03,26.21,20.27,80.99,1.02,1.75,0.64,93.7
20230209,0.96,3.7946,0.3444,2.7326,0.36,23.12,25.72,20.64,81.4,0.84,1.61,0.49,93.69
20230210,0.05,4.6519,1.0884,3.3151,0.44,23.88,27.11,21.46,80.76,1.28,1.67,0.81,93.67
20230211,2.17,5.4036,1.8072,3.6374,0.51,24.27,27.54,21.68,79.0,0.97,1.37,0.61,93.7
20230212,5.84,3.8126,0.2038,2.8183,0.36,23.87,26.46,22.26,86.51,0.9,1.75,0.59,93.74
20230213,2.55,3.3972,0.0511,2.5903,0.32,23.31,26.43,20.84,82.22,1.47,2.3,0.89,93.67
20230214,1.16,5.0906,0.5033,3.7332,0.48,22.99,26.71,19.79,84.55,1.31,2.03,0.77,93.55
20230215,0.3,3.486,0.1858,2.615,0.33,23.49,27.08,20.37,79.86,1.23,1.91,0.73,93.59
20230216,0.17,3.9326,0.1205,2.9652,0.37,23.6,26.57,20.26,78.85,1.08,1.72,0.67,93.7
20230217,0.3,4.9927,2.0642,2.6098,0.47,23.98,27.56,21.62,79.18,1.15,2.21,0.71,93.66
20230218,8.04,5.3136,2.1962,3.0017,0.5,23.65,26.09,21.84,85.46,0.97,1.61,0.63,93.66
20230219,10.26,5.7722,3.0228,2.8174,0.55,24.25,27.84,21.54,84.78,0.96,1.61,0.63,93.68
20230220,3.32,4.8233,1.4066,2.9906,0.46,24.22,27.42,22.19,82.45,0.68,1.27,0.47,93.72
20230221,0.2,5.0407,1.6445,2.8488,0.48,23.84,27.0,20.94,82.19,0.99,1.48,0.63,93.76
20230222,1.66,5.4106,1.9918,3.3211,0.51,24.49,27.93,22.02,80.68,0.61,0.95,0.42,93.73
20230223,4.55,4.9435,0.6214,3.551,0.47,24.56,27.95,22.01,81.77,0.64,1.07,0.44,93.62
20230224,21.57,4.669,0.6605,3.1865,0.44,23.68,26.75,22.05,89.54,1.17,1.54,0.7,93.7
20230225,2.93,5.3117,1.5794,3.1346,0.5,24.08,27.29,22.12,87.65,1.25,1.63,0.75,93.78
20230226,32.32,5.5246,2.6062,2.825,0.52,23.54,25.49,22.19,88.08,0.63,1.4,0.41,93.82
20230227,9.04,5.2255,1.3886,3.3818,0.49,23.9,26.62,21.91,84.98,1.02,1.44,0.66,93.84
20230228,11.95,4.6457,1.8396,2.6921,0.44,22.87,24.37,21.84,92.1,1.12,1.59,0.73,93.88
20230301,11.2,4.4986,1.435,2.5949,0.42,23.33,25.47,21.97,85.91,0.46,0.95,0.32,93.89
20230302,0.5,5.6818,2.263,3.6334,0.54,24.0,27.46,20.96,80.29,0.99,1.26,0.61,93.94
20230303,3.04,6.3583,4.9968,2.465,0.6,23.72,25.97,21.86,85.08,0.97,1.59,0.59,94.03
20230304,6.65,4.5545,0.6773,3.0698,0.43,23.74,26.15,22.24,85.19,0.6,1.11,0.39,94.03
20230305,0.87,4.4278,0.3038,3.2054,0.42,23.39,25.93,21.3,84.89,0.69,1.6,0.44,94.02
20230306,0.17,4.8943,0.5909,3.4289,0.46,23.98,27.12,21.51,81.37,0.8,1.31,0.51,93.95
20230307,3.48,5.6297,3.1997,2.525,0.53,24.41,27.39,21.83,82.97,0.97,1.29,0.63,93.91
20230308,8.15,5.2354,1.8115,3.3041,0.5,23.95,26.12,22.05,88.17,1.04,1.63,0.65,93.93
20230309,8.12,5.2822,2.3395,2.9002,0.5,23.71,26.12,22.48,91.98,1.52,2.17,0.95,93.86
20230310,14.97,5.8831,4.1107,2.424,0.56,23.42,25.31,22.12,90.34,1.43,2.4,0.9,93.79
20230311,6.64,5.5085,3.5333,2.4511,0.52,22.78,25.21,21.26,89.17,1.13,1.51,0.7,93.84
20230312,16.74,5.1941,2.7235,2.5006,0.49,23.28,26.4,21.16,88.07,0.93,2.09,0.59,93.8
20230313,41.38,4.5482,1.2838,2.7694,0.43,22.56,24.22,21.48,93.37,1.57,2.04,0.94,93.75
20230314,33.09,5.0863,2.148,2.7864,0.48,23.01,25.54,21.3,90.47,1.19,2.15,0.75,93.72
20230315,8.78,6.1966,4.3774,2.4353,0.59,23.67,26.9,21.47,87.85,1.08,1.99,0.67,93.82
20230316,8.41,5.7509,3.6902,2.4806,0.55,23.04,25.02,21.84,91.3,0.83,1.4,0.49,93.88
20230317,2.0,5.5838,1.8559,3.3883,0.53,23.81,26.33,21.96,86.03,0.98,1.8,0.6,93.83
20230318,23.0,3.2894,0.7289,2.1259,0.31,23.36,25.12,21.54,82.73,0.85,1.62,0.55,93.86
20230319,1.68,5.9263,3.6377,2.5781,0.56,24.44,27.44,22.1,81.15,1.01,1.47,0.64,93.75
20230320,5.97,5.2178,1.9253,2.7768,0.5,23.77,26.7,21.81,87.82,1.53,2.46,0.95,93.65
20230321,5.07,5.4826,2.3592,2.9479,0.52,23.76,26.61,22.0,88.02,1.05,1.54,0.63,93.69
20230322,9.55,5.2198,2.0047,2.6585,0.5,24.09,27.05,21.68,85.82,1.13,1.64,0.68,93.69
20230323,0.39,5.0496,1.7815,2.761,0.48,24.02,26.32,21.99,85.33,1.06,1.47,0.67,93.71
20230324,2.21,6.2062,4.2838,2.4905,0.59,24.62,27.51,22.71,82.98,0.98,1.77,0.66,93.72
20230325,13.23,6.408,4.8617,2.4014,0.61,24.3,26.91,22.25,85.01,1.09,1.68,0.71,93.72
20230326,7.92,4.9733,1.3164,3.2897,0.48,23.8,26.1,22.36,88.58,0.9,1.59,0.58,93.67
20230327,1.25,4.9574,1.3637,2.9138,0.48,23.56,26.19,21.64,86.63,1.1,2.16,0.68,93.74
20230328,5.3,5.19,1.9733,2.8819,0.5,23.25,25.15,21.97,90.39,1.62,2.42,1.03,93.81
20230329,3.73,4.7273,1.1422,2.9815,0.46,23.28,25.85,21.44,87.56,1.1,1.85,0.7,93.79
20230330,22.92,5.7382,3.6504,2.4511,0.55,23.96,26.62,21.8,89.2,1.57,1.82,0.96,93.63
20230331,27.2,5.2778,2.6345,2.7122,0.51,22.98,24.66,21.53,90.78,1.0,1.61,0.61,93.7
20230401,45.85,4.9973,1.3241,2.9731,0.48,22.76,24.48,21.29,91.93,0.94,1.19,0.6,93.69
20230402,34.38,4.7251,1.0378,3.0936,0.46,23.28,24.68,22.22,91.55,0.83,1.08,0.54,93.65
20230403,29.17,5.8771,3.2434,2.8457,0.57,23.64,26.56,21.49,89.66,0.54,1.06,0.33,93.66
20230404,44.84,4.4719,1.1585,2.6549,0.44,22.63,24.94,21.51,89.31,0.91,1.61,0.58,93.78
20230405,5.72,4.62,1.0111,3.0062,0.45,23.31,26.29,21.51,85.38,0.8,1.47,0.54,93.81
20230406,2.02,5.5267,2.2452,2.9736,0.54,24.11,27.42,21.44,83.31,1.09,1.71,0.72,93.78
20230407,1.84,5.0626,1.9862,2.735,0.5,23.33,25.5,21.72,86.43,0.75,1.28,0.51,93.8
20230408,0.05,5.01,1.4575,2.9652,0.49,23.39,26.69,20.82,79.94,0.84,1.33,0.52,93.87
20230409,0.47,5.3599,3.5278,2.4974,0.53,23.28,26.98,19.76,80.95,1.42,2.06,0.87,93.81
20230410,4.21,5.1202,3.0869,2.436,0.5,23.81,27.26,20.89,77.32,1.17,2.0,0.72,93.75
20230411,3.25,5.485,4.4273,2.0558,0.54,23.78,27.65,19.67,80.24,1.24,2.0,0.76,93.75
20230412,0.08,4.5329,0.7658,3.0353,0.45,24.41,26.65,22.11,82.21,0.98,1.38,0.64,93.71
20230413,0.98,5.5087,3.0955,2.5294,0.55,24.74,27.33,23.08,87.79,1.03,1.94,0.65,93.75
20230414,22.34,4.6022,1.3471,2.6148,0.46,23.45,24.78,22.37,91.23,1.29,2.23,0.76,93.85
20230415,3.23,5.8159,4.1258,2.2481,0.58,24.73,28.13,22.1,84.82,1.08,1.66,0.69,93.74
20230416,3.76,4.3286,1.7381,2.2891,0.43,23.89,25.32,22.91,93.4,1.71,3.08,1.04,93.74
20230417,0.75,5.9443,4.867,1.9022,0.59,24.38,27.22,22.47,85.57,1.18,1.73,0.76,93.87
20230418,0.25,5.5418,3.372,2.3952,0.55,23.92,25.46,22.9,91.35,1.4,1.83,0.87,93.93
20230419,0.01,4.6334,2.3962,2.2752,0.46,24.14,25.79,22.81,91.77,1.87,2.61,1.11,93.66
20230420,1.89,5.3916,3.1164,2.4168,0.54,24.27,26.62,22.81,90.68,1.5,2.05,0.93,93.55
20230421,2.95,5.1194,2.4797,2.6263,0.52,23.99,25.96,22.53,92.07,1.51,2.25,0.91,93.64
20230422,44.01,3.7582,0.6638,2.3686,0.38,23.83,26.48,21.41,88.29,1.35,1.91,0.87,93.72
20230423,7.73,5.9957,5.31,1.943,0.61,24.03,27.09,21.14,84.47,1.05,1.84,0.64,93.73
20230424,6.31,5.5706,4.2468,2.2462,0.56,24.43,27.67,22.28,87.61,1.42,2.5,0.9,93.67
20230425,1.31,5.7367,4.5922,2.0858,0.58,24.3,27.84,21.54,85.14,1.25,1.47,0.76,93.67
20230426,8.12,5.2186,3.4375,2.2738,0.53,24.01,26.04,22.92,88.83,1.35,2.11,0.84,93.61
20230427,25.13,5.028,2.466,2.7007,0.51,23.97,26.5,22.03,88.86,1.14,1.47,0.71,93.66
20230428,34.23,5.5594,4.199,2.1734,0.57,24.0,25.84,22.95,92.09,1.45,2.3,0.93,93.67
20230429,13.95,5.0695,2.6784,2.5087,0.52,23.07,24.03,21.73,92.74,1.41,2.17,0.87,93.64
20230430,3.37,4.4256,2.1924,2.4804,0.45,23.18,25.53,21.56,88.88,1.21,1.64,0.77,93.63
20230501,13.96,5.5786,4.225,2.105,0.57,23.92,26.81,22.1,89.47,1.29,2.0,0.77,93.64
20230502,26.61,4.3195,1.4573,2.5075,0.45,24.01,26.77,22.21,89.1,1.3,2.09,0.8,93.78
20230503,25.31,5.2999,2.9719,2.7682,0.55,24.41,27.28,22.16,87.81,1.22,1.89,0.78,93.76
20230504,28.5,4.2247,1.1784,2.5994,0.44,24.24,26.23,22.89,88.59,1.01,1.36,0.64,93.68
20230505,24.12,3.0346,0.2957,2.1694,0.32,23.71,26.24,22.02,89.54,1.22,1.86,0.75,93.57
20230506,31.36,5.4247,3.3384,2.6141,0.57,24.51,27.29,22.33,85.37,1.28,1.97,0.83,93.52
20230507,7.72,4.9433,2.3028,2.5961,0.52,24.31,26.87,22.52,88.94,1.06,1.91,0.68,93.6
20230508,24.97,4.2029,1.7782,2.2464,0.44,24.02,25.38,22.99,94.44,1.17,1.58,0.71,93.57
20230509,24.28,5.029,2.6412,2.4907,0.53,23.47,24.54,22.52,94.75,1.2,1.78,0.75,93.75
20230510,20.0,4.8838,2.6023,2.4535,0.51,22.81,24.61,21.49,93.73,1.32,1.75,0.82,93.96
20230511,2.33,5.641,4.2586,2.2978,0.59,23.92,27.43,20.99,81.53,1.2,2.03,0.78,94.0
20230512,4.19,5.0299,2.6172,2.575,0.53,24.34,27.24,22.22,87.32,1.25,1.77,0.77,93.98
20230513,2.26,5.2126,4.729,1.8058,0.55,24.88,27.88,22.8,86.63,1.15,2.22,0.74,93.87
20230514,6.63,4.7549,2.9148,2.255,0.5,23.85,25.61,22.67,91.15,1.75,2.92,1.07,93.91
20230515,3.96,5.0026,3.5206,2.1096,0.53,24.35,27.44,22.01,88.62,1.37,1.64,0.87,93.96
20230516,22.03,5.3803,4.219,2.1924,0.57,23.59,24.58,22.83,95.02,1.51,2.6,0.93,93.98
20230517,31.44,4.4107,2.7804,2.0522,0.47,22.88,24.26,21.98,91.52,0.93,1.27,0.56,94.07
20230518,5.69,4.5235,2.1374,2.3952,0.48,23.55,25.74,21.85,91.65,1.67,2.21,1.02,94.01
20230519,6.84,4.9486,3.1291,2.2562,0.53,23.44,24.66,22.43,95.2,1.8,2.15,1.08,93.97
20230520,2.64,5.3772,4.6529,1.9114,0.58,23.48,25.18,22.08,90.86,1.77,2.58,1.11,93.94
20230521,0.01,4.9154,2.2721,2.6242,0.53,24.05,27.09,21.7,88.87,1.75,2.19,1.1,93.94
20230522,1.11,3.3706,0.3398,2.4175,0.36,23.78,26.03,22.59,89.15,1.29,1.77,0.8,94.01
20230523,0.22,3.8585,0.4774,2.7725,0.42,23.97,26.03,22.3,90.08,1.68,2.42,1.07,93.98
20230524,6.2,4.1009,1.962,2.1857,0.44,23.51,25.21,22.15,89.77,1.44,2.72,0.92,94.07
20230525,7.5,4.8756,3.1229,2.2858,0.53,23.27,25.52,21.29,88.33,1.35,2.03,0.81,94.05
20230526,1.42,4.7911,2.664,2.4482,0.52,23.49,25.97,21.65,86.46,1.25,1.9,0.78,93.99
20230527,5.89,4.5324,3.409,1.9968,0.49,23.97,26.63,22.07,86.6,1.61,2.15,1.01,93.81
20230528,4.47,4.5982,3.1512,2.1101,0.5,24.03,26.96,22.06,88.74,1.75,2.69,1.09,93.76
20230529,1.06,4.2706,3.4085,1.9622,0.47,24.19,26.6,22.58,88.81,2.0,2.82,1.24,93.82
20230530,3.27,3.3768,1.3303,1.999,0.37,23.6,26.55,21.84,89.54,1.23,1.4,0.77,93.91
20230531,5.53,4.9982,3.425,2.4286,0.55,23.35,25.42,21.61,91.5,1.11,1.63,0.69,93.87
20230601,11.83,3.9768,0.6403,2.8836,0.44,23.94,26.55,22.0,88.25,0.94,1.8,0.59,93.84
20230602,3.74,5.5066,5.1154,1.8348,0.61,24.58,27.3,22.83,85.41,1.02,1.58,0.63,93.87
20230603,6.93,4.3954,1.4597,2.6422,0.48,24.08,26.89,21.83,89.67,1.33,2.13,0.83,93.86
20230604,20.58,4.4371,2.0035,2.4562,0.49,23.79,25.51,22.46,94.56,1.48,2.17,0.9,93.74
20230605,6.64,4.5343,2.0724,2.5267,0.5,23.7,25.85,22.06,88.3,1.24,2.21,0.77,93.75
20230606,7.44,5.1108,4.0735,2.1154,0.56,23.77,26.66,22.14,86.89,1.25,2.55,0.81,93.81
20230607,0.63,5.989,6.2251,1.7196,0.66,23.64,26.76,21.54,82.99,1.18,1.77,0.77,93.95
20230608,0.0,6.037,6.3919,1.5948,0.67,23.57,26.64,21.09,81.36,1.06,1.65,0.72,93.91
20230609,0.21,5.7487,5.6585,1.8506,0.64,23.75,26.73,21.23,86.37,1.31,2.16,0.85,93.8
20230610,4.32,4.5917,2.4062,2.4737,0.51,23.78,26.27,21.96,89.85,1.2,2.33,0.77,93.75
20230611,1.12,2.3618,0.0734,1.8365,0.26,22.86,24.99,21.03,88.78,1.29,2.13,0.78,93.84
20230612,0.34,3.5784,1.4503,2.016,0.4,23.37,26.28,21.44,86.66,0.83,1.51,0.53,93.87
20230613,8.61,4.1266,2.431,2.0383,0.46,22.94,25.24,20.8,88.25,1.16,1.92,0.72,93.91
20230614,5.85,4.9697,3.2191,2.4014,0.55,23.47,26.67,20.4,82.65,1.39,2.11,0.85,93.92
20230615,6.65,4.535,3.3866,2.0141,0.5,23.08,25.28,21.82,90.59,1.37,2.94,0.88,93.87
20230616,1.35,4.5946,2.8265,2.2277,0.51,23.47,26.48,21.18,86.59,1.34,2.16,0.85,93.88
20230617,26.35,4.0178,1.5886,2.3462,0.45,23.49,26.32,21.55,87.69,1.38,2.04,0.85,93.92
20230618,23.5,2.5186,0.7274,1.5679,0.28,23.05,25.3,21.19,88.86,1.16,1.98,0.74,93.9
20230619,2.9,4.7628,2.7787,2.297,0.53,23.44,26.7,20.79,85.84,1.47,1.87,0.89,93.87
20230620,6.01,4.4755,2.0465,2.449,0.5,22.69,24.84,21.6,88.23,0.76,1.54,0.49,93.95
20230621,2.37,4.5965,2.7365,2.4698,0.51,22.8,25.38,20.91,83.83,0.82,1.37,0.54,94.0
20230622,0.45,5.7869,5.6441,1.8156,0.65,23.55,26.64,21.08,82.17,1.3,2.35,0.84,93.85
20230623,4.95,3.3763,1.3013,1.8982,0.38,23.79,26.77,21.43,88.44,1.43,2.16,0.87,93.72
20230624,6.51,3.4306,1.0742,1.9934,0.38,22.95,24.17,22.08,93.53,1.14,1.89,0.71,93.72
20230625,11.46,4.4779,2.9011,2.1082,0.5,22.63,24.32,21.36,92.55,1.45,2.53,0.9,93.72
20230626,9.18,4.7486,3.2417,2.155,0.53,24.1,27.38,21.21,81.08,1.03,1.5,0.64,93.73
20230627,18.12,4.7534,3.7274,2.0995,0.53,24.33,27.5,21.92,85.05,1.16,1.81,0.73,93.82
20230628,33.0,4.7563,3.8758,1.9922,0.53,23.42,25.53,21.52,89.65,1.22,2.1,0.74,93.93
20230629,17.08,4.7822,3.1121,2.2656,0.53,23.66,26.21,21.82,89.31,1.33,1.8,0.82,93.87
20230630,5.78,5.1036,4.5288,1.853,0.57,23.99,27.03,22.05,89.08,1.42,1.99,0.87,93.77
20230701,4.96,4.2804,2.1024,2.3297,0.48,23.43,24.39,22.39,95.87,1.25,1.95,0.77,93.84
20230702,9.66,4.391,2.645,2.1473,0.49,23.79,26.21,22.33,91.96,1.45,2.37,0.91,93.87
20230703,17.92,4.0709,1.6135,2.3462,0.45,23.16,24.68,22.25,92.51,1.01,2.13,0.62,93.85
20230704,12.17,3.6917,0.8594,2.6249,0.41,22.74,23.84,21.89,92.03,1.14,1.7,0.69,93.86
20230705,0.37,5.4197,4.8439,1.927,0.6,23.81,26.73,21.61,86.14,1.18,1.7,0.7,93.77
20230706,1.08,2.4526,0.3326,1.7842,0.27,23.19,25.54,21.13,88.97,1.44,1.74,0.87,93.88
20230707,11.66,2.7504,0.4322,1.825,0.3,23.22,26.1,20.67,85.49,1.51,2.35,0.95,93.96
20230708,3.49,4.7748,2.4739,2.5906,0.53,22.92,26.12,19.68,77.9,1.06,1.85,0.67,94.03
20230709,8.41,4.6649,3.4258,2.3326,0.52,23.05,25.63,20.73,83.41,0.89,1.47,0.61,93.93
20230710,1.42,4.775,4.3606,1.7582,0.53,23.48,26.58,21.71,84.79,1.26,2.66,0.83,93.82
20230711,0.0,2.5915,0.137,1.9118,0.29,23.0,25.73,21.14,88.65,1.74,2.69,1.08,93.9
20230712,1.67,4.2084,2.7941,2.0405,0.46,23.14,26.16,20.82,89.57,1.65,2.59,1.0,93.83
20230713,18.14,2.0074,0.2098,1.4592,0.22,22.85,24.31,21.61,93.39,0.97,1.7,0.6,93.87
20230714,3.76,2.8538,0.2148,2.1077,0.31,22.28,24.56,20.46,86.84,1.39,2.05,0.85,93.93
20230715,0.05,5.207,4.333,2.0045,0.57,22.92,25.44,20.59,82.11,1.24,1.98,0.78,93.87
20230716,2.81,5.3986,4.4693,2.0366,0.59,23.05,25.39,21.27,85.53,1.15,1.76,0.74,93.87
20230717,1.75,5.5212,4.8307,1.877,0.61,22.65,25.54,20.83,88.31,1.68,2.32,1.05,93.89
20230718,0.29,4.1318,0.5162,2.8342,0.45,23.29,26.23,21.11,86.79,1.64,2.17,1.04,93.88
20230719,2.0,4.2626,3.2414,1.8878,0.47,23.3,25.7,21.92,90.01,1.92,2.72,1.2,93.8
20230720,0.63,4.0234,2.825,1.9025,0.44,23.77,27.03,21.27,88.89,1.94,2.6,1.22,93.75
20230721,1.44,3.4224,1.5163,1.9183,0.37,23.75,26.69,21.89,88.88,1.82,2.69,1.14,93.9
20230722,7.05,4.2994,2.6249,2.1149,0.47,23.12,25.87,21.51,90.77,1.74,2.52,1.09,93.98
20230723,10.16,2.4833,0.7294,1.6728,0.27,22.16,23.8,20.69,91.33,1.42,2.25,0.89,93.96
20230724,6.24,4.3469,2.4473,2.195,0.47,22.65,25.11,20.88,88.94,1.79,2.56,1.11,93.93
20230725,1.71,4.9277,4.3154,1.9459,0.53,23.11,26.12,20.96,88.3,2.04,2.67,1.25,93.98
20230726,0.63,5.3016,4.6594,1.8451,0.57,23.45,26.64,21.32,87.37,1.78,2.49,1.11,93.96
20230727,3.0,5.3098,4.5158,1.9651,0.57,23.13,26.03,21.44,88.92,1.72,2.16,1.06,94.04
20230728,1.31,5.6299,5.2985,2.035,0.61,23.3,26.52,21.4,88.65,1.86,2.71,1.15,93.93
20230729,0.0,6.0336,5.6222,1.8499,0.65,23.55,26.75,21.32,86.98,1.7,2.33,1.04,93.95
20230730,0.0,5.7686,4.9414,2.0172,0.62,23.79,26.87,21.44,85.41,1.2,2.06,0.79,93.96
20230731,0.0,5.6623,5.1118,1.8751,0.61,23.8,27.28,21.01,83.33,1.21,1.63,0.76,93.94
20230801,3.13,4.3716,2.1744,2.3357,0.47,23.86,27.05,21.7,87.88,1.17,2.36,0.74,93.93
20230802,4.11,5.3702,4.9435,1.7846,0.57,23.76,27.08,21.66,87.24,1.21,1.78,0.78,94.05
20230803,0.05,5.9376,5.4014,1.9061,0.63,24.07,27.39,21.5,87.08,1.08,2.09,0.7,94.13
20230804,7.25,4.205,2.7576,2.0393,0.45,23.82,26.32,21.93,87.25,1.06,1.48,0.64,94.21
20230805,11.6,4.3066,2.3798,2.2649,0.46,23.7,27.03,21.12,88.17,1.46,2.03,0.92,94.14
20230806,4.18,3.1901,1.4069,1.7206,0.34,23.42,26.87,21.41,86.5,1.22,1.87,0.78,94.05
20230807,5.69,3.3977,1.8432,1.753,0.36,22.51,24.97,21.13,87.83,1.67,2.12,1.06,94.03
20230808,4.57,4.607,3.2098,2.1146,0.48,22.82,26.04,20.87,87.12,1.71,2.59,1.12,94.02
20230809,3.31,4.6507,3.2508,1.8766,0.49,22.79,25.61,21.07,89.56,1.51,2.65,0.97,94.07
20230810,12.78,3.9648,2.3203,1.8989,0.41,22.9,25.0,21.7,90.93,1.87,2.34,1.19,94.03
20230811,9.44,3.7975,2.8142,1.7971,0.4,22.79,25.68,21.18,89.45,1.9,2.98,1.2,94.02
20230812,2.76,5.4264,4.1549,2.3177,0.57,23.01,26.25,20.85,87.42,1.37,2.18,0.91,93.96
20230813,1.33,4.4038,3.1078,1.9006,0.46,23.13,25.78,21.37,88.04,1.62,2.08,1.05,93.94
20230814,3.32,4.9985,2.9522,2.3508,0.52,23.26,26.31,21.6,89.7,1.83,2.73,1.16,93.94
20230815,8.46,4.189,2.2289,2.1722,0.43,23.15,26.33,21.12,90.98,1.95,2.82,1.19,93.97
20230816,4.66,4.4225,2.0098,2.4125,0.46,23.04,25.71,21.39,88.97,2.17,3.4,1.34,94.02
20230817,1.18,5.2529,4.1095,2.0028,0.54,23.14,26.24,20.95,87.66,2.08,2.86,1.29,93.93
20230818,0.22,4.1616,2.7216,1.9394,0.43,22.9,25.33,21.09,87.64,1.91,3.02,1.19,93.89
20230819,0.07,5.1002,3.9552,2.0938,0.52,22.87,25.32,21.3,86.41,1.45,2.53,0.9,93.95
20230820,1.05,6.0058,5.658,1.7501,0.62,23.15,26.83,20.22,82.51,1.55,2.45,0.97,93.93
20230821,3.52,5.586,5.1103,1.8715,0.57,22.96,26.69,20.19,84.48,1.54,2.17,0.98,93.92
20230822,30.43,5.3969,4.585,1.9954,0.55,22.91,26.52,20.21,85.88,1.41,2.73,0.89,93.9
20230823,26.35,4.7311,1.8948,2.665,0.48,23.2,26.36,20.97,86.77,1.24,1.78,0.78,93.93
20230824,14.02,3.9725,0.7418,2.5442,0.4,23.45,26.82,21.07,89.11,1.21,1.82,0.76,93.88
20230825,9.35,4.8281,3.2738,2.0899,0.49,23.44,26.87,21.17,87.85,1.51,2.3,0.94,93.87
20230826,0.78,5.6707,4.7078,2.0518,0.57,23.16,26.62,20.92,85.94,1.6,2.22,1.0,93.85
20230827,0.04,5.4247,3.9737,2.1749,0.55,23.09,26.11,20.84,86.52,1.96,2.94,1.22,93.84
20230828,0.37,5.1456,4.1628,1.8648,0.52,22.86,26.08,20.82,85.05,1.71,3.02,1.09,93.85
20230829,2.21,6.5045,6.3552,1.7138,0.65,22.74,26.34,19.76,86.27,1.55,2.37,1.01,93.86
20230830,0.72,6.51,6.0406,1.8012,0.65,22.93,26.68,20.22,83.9,1.24,2.29,0.83,93.89
20230831,0.0,6.2198,5.6165,1.8835,0.62,22.9,26.39,20.64,84.39,1.73,3.62,1.12,93.94
20230901,0.15,5.7199,4.8082,2.0251,0.57,22.61,26.24,19.8,83.85,1.67,2.73,1.09,93.92
20230902,0.11,5.2886,4.2101,2.0203,0.53,22.33,25.68,19.75,86.31,1.71,3.07,1.12,93.83
20230903,0.0,4.1916,2.0196,2.208,0.42,22.94,26.36,20.52,85.18,1.63,2.74,1.07,93.86
20230904,8.84,5.6537,4.5506,2.0861,0.56,23.62,27.68,20.63,83.3,1.37,1.98,0.84,93.78
20230905,29.83,4.4803,3.0262,2.1031,0.45,23.35,27.04,20.2,86.42,1.57,2.2,0.95,93.86
20230906,11.3,5.8066,4.8516,2.1041,0.58,23.73,27.4,21.21,84.6,1.47,2.75,0.95,93.9
20230907,0.01,4.7381,2.6494,2.2812,0.47,23.65,26.93,21.36,84.34,1.27,2.97,0.84,93.94
20230908,0.5,4.3505,2.765,2.0578,0.43,23.18,26.81,20.86,85.68,1.71,3.18,1.12,93.95
20230909,1.4,5.8793,4.3404,2.3633,0.58,23.24,27.03,20.13,84.95,1.55,2.28,0.98,93.93
20230910,11.8,4.7786,2.3254,2.615,0.47,23.37,26.55,20.69,86.53,0.98,1.78,0.65,93.93
20230911,13.21,4.145,2.2025,2.0551,0.41,23.26,25.61,21.87,86.91,1.24,2.08,0.75,93.96
20230912,0.14,3.2575,1.2372,1.9015,0.32,23.06,25.84,21.0,84.92,0.87,1.48,0.55,94.01
20230913,0.01,5.7463,3.5885,2.6364,0.56,22.71,26.08,19.94,78.78,1.16,1.85,0.75,94.06
20230914,0.01,5.3369,3.5182,2.3465,0.52,23.28,26.71,20.6,81.26,1.3,1.86,0.83,94.0
20230915,0.1,3.8642,1.9694,2.0153,0.38,23.61,26.71,21.4,84.7,1.6,2.63,0.99,93.97
20230916,4.44,4.8204,1.9733,2.6131,0.47,23.41,26.86,20.98,85.24,1.49,1.96,0.94,93.94
20230917,8.16,3.1896,0.6674,1.9637,0.31,23.23,26.16,21.1,87.88,1.4,2.6,0.89,93.88
20230918,10.65,5.2973,3.4591,2.3002,0.52,23.59,26.72,21.69,86.2,1.67,2.55,1.08,93.84
20230919,4.24,4.4945,2.2759,2.1713,0.44,23.51,27.25,21.39,86.09,1.8,3.1,1.16,93.85
20230920,13.35,3.6742,1.6538,1.9411,0.36,22.8,25.45,21.2,89.25,1.95,2.94,1.2,93.87
20230921,4.19,4.6154,2.7055,2.0834,0.45,22.77,26.72,20.38,85.45,1.75,2.93,1.1,93.89
20230922,6.03,5.676,3.8316,2.3206,0.55,23.05,26.57,20.54,81.92,1.49,2.42,0.94,93.84
20230923,0.99,6.8371,6.125,2.0174,0.66,23.31,27.16,19.98,84.71,1.56,2.5,1.01,93.85
20230924,0.0,6.8909,6.2621,1.9517,0.67,23.6,27.26,20.57,82.43,1.26,2.27,0.83,93.85
20230925,0.0,6.6511,5.8481,1.9769,0.64,23.4,26.28,20.73,79.5,1.0,1.83,0.63,93.88
20230926,0.0,6.6816,6.2045,1.9073,0.65,23.26,26.99,20.39,80.0,1.38,2.51,0.93,93.89
20230927,0.0,5.9784,4.9975,2.1305,0.58,23.04,26.87,20.08,80.26,1.7,2.77,1.08,93.94
20230928,0.0,6.9775,6.3278,1.9548,0.67,23.0,27.01,19.9,76.85,1.58,2.17,1.03,93.99
20230929,0.01,6.2717,5.0419,2.088,0.6,22.88,27.32,18.93,79.35,1.5,2.38,0.98,94.02
20230930,3.71,5.7514,4.026,2.4866,0.55,22.87,26.12,19.93,83.54,1.56,2.31,1.01,93.99
20231001,9.72,6.2549,5.0112,2.3734,0.6,23.24,26.5,20.77,82.87,1.18,1.66,0.77,93.97
20231002,8.32,5.3196,2.5013,2.7144,0.51,24.02,27.52,20.81,83.22,1.52,2.5,0.98,93.99
20231003,5.1,5.1252,2.592,2.5092,0.49,24.01,27.26,21.32,84.85,1.28,1.63,0.82,94.06
20231004,8.43,6.3612,5.071,2.281,0.61,24.22,27.69,21.53,88.1,1.25,1.99,0.8,94.03
20231005,4.18,5.6069,4.1899,2.1696,0.54,24.51,27.7,21.81,86.83,1.64,2.5,1.05,93.92
20231006,0.0,6.6926,6.0298,1.9819,0.64,24.71,27.85,22.63,81.8,1.58,2.88,0.99,93.95
20231007,0.59,5.689,3.8681,2.4149,0.55,24.33,28.21,21.42,83.26,1.25,2.29,0.82,93.94
20231008,0.06,5.9398,4.5972,2.2342,0.57,23.69,27.35,20.0,79.22,1.31,2.15,0.82,94.03
20231009,1.35,5.7557,4.3997,2.1053,0.55,24.24,27.96,21.16,80.83,1.44,2.1,0.94,94.0
20231010,0.63,6.3898,4.7498,2.4077,0.61,23.98,27.39,21.09,82.12,1.53,2.1,0.97,94.01
20231011,0.0,6.901,5.8462,2.119,0.66,23.97,27.53,21.17,77.49,1.34,1.97,0.86,93.99
20231012,0.0,6.4754,5.3959,2.201,0.62,24.17,27.81,21.28,80.19,1.28,2.1,0.85,94.04
20231013,3.4,5.5097,3.4118,2.453,0.53,24.42,27.95,21.89,84.2,1.32,2.58,0.87,93.99
20231014,3.86,5.0467,2.4845,2.417,0.48,24.34,27.52,22.0,85.43,1.22,2.51,0.8,93.91
20231015,12.06,6.9024,6.3847,1.9289,0.66,24.69,27.89,22.6,84.63,1.2,1.84,0.74,93.93
20231016,10.16,6.5825,5.6753,2.0825,0.63,24.59,27.73,22.16,85.51,1.13,1.96,0.73,93.92
20231017,8.55,5.0119,3.4327,2.3467,0.48,24.27,27.17,22.26,87.05,1.28,1.63,0.8,93.95
20231018,8.8,4.8749,2.5682,2.4334,0.47,24.12,27.22,21.77,86.32,1.48,2.26,0.92,93.96
20231019,3.05,5.8164,3.8597,2.4751,0.56,24.17,26.5,22.36,85.7,0.91,1.64,0.59,93.95
20231020,0.23,6.8222,6.2124,2.0182,0.65,24.6,27.52,22.41,84.52,1.25,1.93,0.81,93.97
20231021,0.0,6.6238,5.3774,2.261,0.63,24.66,27.53,22.94,82.4,1.02,2.07,0.67,93.97
20231022,0.0,6.2302,4.6219,2.4432,0.6,24.75,28.01,22.39,83.86,1.31,2.23,0.85,93.98
20231023,0.98,5.6297,3.6398,2.3736,0.54,24.16,26.36,22.84,87.84,1.4,2.17,0.88,93.95
20231024,0.31,4.8648,2.5342,2.3654,0.47,23.15,25.58,21.77,87.96,1.41,2.18,0.91,93.98
20231025,0.0,6.7298,5.779,2.2051,0.65,24.29,27.73,22.06,77.63,1.11,1.87,0.75,94.02
20231026,0.0,7.213,6.7051,1.8475,0.69,24.24,28.13,20.8,75.2,1.4,2.16,0.92,94.03
20231027,0.0,7.332,6.8424,1.9176,0.7,24.29,28.07,21.31,67.36,1.27,1.99,0.83,94.03
20231028,0.0,7.2538,6.6934,2.0513,0.7,23.65,27.75,20.24,71.57,1.34,2.04,0.84,93.99
20231029,0.01,6.7462,5.8058,2.1742,0.65,24.53,28.21,21.15,77.53,1.19,1.76,0.76,93.86
20231030,0.0,6.5472,5.1158,2.3587,0.63,25.04,28.64,22.22,81.62,1.31,1.89,0.84,93.77
20231031,0.0,6.342,4.9322,2.3453,0.61,24.9,28.14,22.41,82.23,1.28,2.16,0.85,93.83
20231101,1.39,6.4253,4.5826,2.5469,0.62,24.63,27.48,22.16,82.58,1.11,1.56,0.71,93.86
20231102,26.63,5.4571,2.958,2.7941,0.52,24.3,26.26,23.22,86.57,1.02,1.33,0.66,93.8
20231103,20.36,5.647,3.9629,2.31,0.54,24.36,27.38,22.61,83.38,1.02,2.18,0.66,93.72
20231104,48.79,6.1447,5.0297,2.2452,0.59,23.25,24.64,22.25,89.31,1.41,2.86,0.88,93.79
20231105,3.09,6.8767,6.5686,1.9025,0.66,24.34,27.71,21.89,80.73,1.34,2.21,0.83,93.85
20231106,0.0,6.2153,5.0422,2.3112,0.6,24.95,28.01,22.82,83.11,1.07,2.19,0.72,93.84
20231107,0.0,6.0391,4.3037,2.4739,0.58,24.49,26.99,22.16,84.59,1.32,1.75,0.86,93.8
20231108,0.0,6.1922,4.3867,2.5337,0.6,24.46,27.36,22.05,81.48,1.41,2.09,0.9,93.76
20231109,0.0,5.897,4.3253,2.3808,0.57,24.46,26.39,23.14,85.49,1.06,1.78,0.7,93.8
20231110,8.75,5.622,3.7918,2.4905,0.54,24.9,27.7,22.99,83.81,1.14,1.7,0.74,93.86
20231111,29.55,5.5428,2.6038,2.892,0.54,24.28,26.25,22.67,88.25,1.53,2.42,0.91,93.91
20231112,0.67,5.3441,2.2402,2.9556,0.52,24.22,26.38,22.75,85.06,1.16,1.52,0.74,93.91
20231113,0.21,6.1073,4.1921,2.5001,0.59,24.78,28.04,22.16,81.06,1.23,2.08,0.8,93.9
20231114,0.0,6.6679,5.3906,2.3791,0.65,25.31,28.4,22.95,79.68,1.14,1.77,0.74,93.89
20231115,0.07,6.2405,4.8857,2.3628,0.61,25.36,28.17,23.39,82.12,1.25,2.15,0.81,93.85
20231116,1.02,4.4527,1.3133,2.8046,0.43,24.74,27.27,23.05,86.87,1.22,1.75,0.76,93.89
20231117,2.03,5.7658,3.947,2.5392,0.56,24.74,27.13,23.29,89.9,1.69,2.52,1.04,93.84
20231118,1.32,5.1096,2.6462,2.6532,0.5,25.08,28.19,22.82,85.87,1.73,2.23,1.06,93.79
20231119,5.94,5.7686,3.8525,2.5003,0.56,24.64,27.49,23.12,86.57,1.62,2.38,1.01,93.79
20231120,8.32,4.0867,1.9944,2.1274,0.4,24.31,27.17,21.8,85.24,1.21,1.6,0.74,93.82
20231121,23.53,5.6734,3.8827,2.4002,0.55,24.65,28.38,22.07,87.02,1.63,2.57,1.0,93.75
20231122,2.19,6.2318,5.7689,2.005,0.61,24.94,28.92,20.96,79.63,1.47,1.92,0.89,93.68
20231123,4.42,6.1975,4.8209,2.3743,0.6,25.4,29.02,22.03,81.3,1.3,1.62,0.78,93.59
20231124,24.34,5.3102,1.3903,3.5854,0.52,24.83,27.22,23.24,87.77,1.44,2.27,0.93,93.62
20231125,14.23,5.7485,3.75,2.713,0.56,23.97,26.11,22.22,89.83,1.02,1.88,0.66,93.63
20231126,2.36,3.552,0.2654,2.568,0.35,23.0,25.58,21.28,86.49,1.29,2.18,0.82,93.75
20231127,9.61,5.2051,2.6798,2.6242,0.51,24.29,26.83,21.96,81.35,0.93,1.78,0.61,93.69
20231128,9.06,5.041,2.4101,2.5447,0.49,24.44,27.31,22.47,86.89,1.19,2.11,0.77,93.7
20231129,5.85,5.1094,1.6942,3.0545,0.5,23.77,24.91,22.88,92.49,1.78,3.32,1.09,93.72
20231130,7.42,4.9848,2.2745,2.6078,0.49,24.51,26.96,22.17,84.45,1.0,1.51,0.63,93.72
20231201,0.85,6.0576,4.5062,2.5174,0.59,24.7,26.91,23.34,87.26,1.51,2.75,0.97,93.66
20231202,1.43,5.7353,4.3054,2.3815,0.56,25.15,28.74,21.45,79.61,1.37,1.85,0.83,93.69
20231203,13.19,5.2831,3.624,2.381,0.52,25.06,28.19,22.85,83.64,1.21,1.6,0.77,93.72
20231204,8.56,5.8202,4.4122,2.4043,0.57,24.34,26.6,22.62,82.86,1.37,2.25,0.85,93.76
20231205,1.06,5.928,4.0138,2.4907,0.58,24.21,26.55,22.56,87.4,1.49,2.88,0.94,93.77
20231206,0.34,5.3635,3.649,2.3078,0.53,24.98,27.96,22.61,83.18,1.11,1.94,0.73,93.79
20231207,0.05,5.5502,3.7651,2.4151,0.55,24.75,26.54,23.63,83.64,0.94,1.33,0.63,93.78
20231208,24.43,5.1977,3.0242,2.4821,0.51,24.35,26.03,23.07,85.83,1.06,1.36,0.64,93.76
20231209,31.85,5.0093,2.6609,2.6314,0.49,24.12,26.8,22.07,84.14,1.25,1.9,0.77,93.8
20231210,58.19,5.5498,3.9722,2.3148,0.55,24.63,27.71,23.09,85.8,1.13,1.98,0.71,93.65
20231211,10.43,6.0012,4.4122,2.4658,0.59,25.17,28.67,22.37,82.42,0.9,1.63,0.59,93.65
20231212,2.98,5.2579,2.6424,2.8898,0.52,24.86,27.18,23.26,85.58,0.85,1.37,0.54,93.65
20231213,9.14,5.7077,3.8225,2.5632,0.56,24.52,27.7,22.14,87.57,1.35,1.78,0.82,93.7
20231214,8.94,5.5217,2.2474,3.2095,0.54,23.72,25.44,22.36,91.77,1.42,1.78,0.85,93.78
20231215,16.38,5.2807,2.059,2.9405,0.52,24.35,26.96,22.2,87.63,0.83,1.19,0.5,93.73
20231216,10.0,5.1499,1.7578,3.0828,0.51,23.79,25.36,22.7,90.96,0.92,1.29,0.55,93.75
20231217,3.36,5.6966,4.1342,2.3304,0.56,24.93,28.11,22.67,84.8,1.42,2.11,0.87,93.74
20231218,1.78,5.0712,3.0046,2.4086,0.5,24.16,26.44,22.86,90.72,1.33,2.06,0.82,93.72
20231219,5.69,3.4735,0.2952,2.5061,0.34,23.93,25.59,23.13,91.45,1.4,2.51,0.86,93.75
20231220,7.66,4.6342,1.8881,2.6045,0.46,24.1,26.25,22.23,88.22,1.18,1.83,0.76,93.74
20231221,0.31,4.7158,1.6104,2.7962,0.46,24.01,25.11,23.21,91.12,1.2,1.81,0.75,93.78
20231222,0.06,4.9529,2.8226,2.4607,0.49,24.6,26.58,23.13,87.91,1.24,1.56,0.76,93.86
20231223,3.11,4.2384,1.4952,2.4394,0.42,23.97,25.33,22.97,92.41,1.21,1.78,0.73,93.93
20231224,3.78,5.681,4.3222,2.299,0.56,24.84,28.44,22.3,85.01,1.35,2.15,0.88,93.89
20231225,3.71,5.0174,2.5034,2.6088,0.49,24.06,25.74,22.77,88.87,1.2,2.03,0.76,93.9
20231226,1.83,4.787,2.4432,2.4614,0.47,24.4,27.6,22.21,84.47,1.38,2.21,0.87,93.96
20231227,0.1,4.8636,1.9488,2.6719,0.48,24.9,26.97,23.11,84.23,0.98,1.61,0.62,94.03
20231228,0.68,4.986,2.7326,2.4912,0.49,24.62,26.28,23.49,89.34,1.0,2.05,0.63,93.95
20231229,2.14,5.2128,3.4039,2.4218,0.51,25.14,28.13,23.28,87.27,1.43,2.43,0.93,93.79
20231230,8.22,5.5145,3.7697,2.473,0.54,25.04,28.89,22.66,85.2,1.0,1.87,0.6,93.76
20231231,5.08,4.585,1.5715,2.6352,0.45,24.69,27.63,22.84,86.59,1.12,2.22,0.7,93.77
20240101,2.14,5.6066,3.6653,2.4336,0.55,25.18,28.82,23.37,84.08,1.12,2.55,0.74,93.74
20240102,7.19,5.2658,2.838,2.6093,0.52,24.61,26.78,23.15,87.59,0.98,1.84,0.64,93.73
20240103,18.39,5.9522,4.4076,2.3791,0.58,24.78,27.22,22.79,84.87,1.36,1.69,0.84,93.75
20240104,16.36,5.5378,3.7466,2.441,0.54,24.5,27.44,22.25,84.89,1.26,1.81,0.79,93.8
20240105,63.5,5.4497,3.4346,2.5531,0.53,24.29,27.2,21.98,84.17,1.01,1.46,0.64,93.85
20240106,14.42,4.6675,0.8614,2.957,0.46,23.93,25.89,22.95,89.45,0.99,1.84,0.65,93.83
20240107,3.11,5.7694,3.6118,2.6863,0.56,24.87,28.2,22.31,83.78,1.24,1.91,0.8,93.8
20240108,2.03,4.6762,2.1701,2.5082,0.46,24.47,27.62,22.41,87.14,1.31,2.09,0.81,93.79
20240109,16.52,5.0914,2.0129,2.6345,0.5,23.76,25.62,22.49,88.53,1.3,1.75,0.8,93.76
20240110,20.54,5.2495,1.907,3.179,0.51,25.22,28.4,22.84,83.89,1.18,1.8,0.77,93.61
20240111,24.8,4.6046,0.8969,3.1582,0.45,24.36,26.4,22.94,92.32,1.08,1.81,0.65,93.65
20240112,15.99,5.785,3.3722,2.8375,0.56,24.67,27.79,22.84,88.29,1.04,1.63,0.66,93.61
20240113,27.47,5.5754,2.0309,3.1742,0.54,23.98,25.94,22.75,88.15,0.52,1.01,0.33,93.68
20240114,39.54,5.3976,2.8622,2.7905,0.53,24.48,27.59,22.64,85.13,0.86,1.19,0.52,93.65
20240115,17.94,5.0666,1.0385,3.551,0.49,23.97,26.46,21.61,84.47,1.16,1.92,0.68,93.69
20240116,9.6,4.9464,1.1002,3.3749,0.48,23.58,26.13,21.52,88.36,1.35,1.83,0.83,93.7
20240117,22.82,5.2613,1.7578,3.0007,0.51,23.99,26.84,21.84,90.46,1.08,1.74,0.74,93.67
20240118,10.94,5.539,1.7827,3.8179,0.54,24.46,26.84,22.64,90.8,1.27,2.46,0.79,93.62
20240119,1.53,5.8145,3.439,2.6222,0.56,24.77,28.74,22.14,86.42,1.26,1.79,0.76,93.62
20240120,3.13,4.3618,0.3353,3.2489,0.42,23.58,25.99,21.98,88.75,1.07,1.74,0.65,93.72
20240121,1.12,4.3903,0.5102,2.9909,0.42,23.88,27.4,20.93,83.9,1.39,2.02,0.84,93.78
20240122,0.26,5.1422,2.2822,2.8526,0.5,24.71,29.32,20.29,80.94,1.34,2.15,0.84,93.82
20240123,5.54,5.0626,1.9387,2.8884,0.49,24.38,27.77,21.4,81.75,1.51,2.4,0.91,93.9
20240124,2.3,3.6214,0.0497,2.7636,0.35,23.47,26.77,20.62,84.26,1.64,2.23,0.98,93.93
20240125,0.04,4.7477,0.7934,3.2323,0.46,24.45,29.03,20.21,80.52,1.36,2.12,0.79,94.02
20240126,0.08,4.8158,0.7927,3.3245,0.46,24.84,28.14,22.48,82.95,0.91,1.3,0.55,94.06
20240127,0.05,4.4722,0.5868,3.0674,0.43,24.41,27.03,22.72,87.55,1.28,2.46,0.85,94.03
20240128,3.88,5.3201,3.2057,2.5476,0.51,24.14,26.68,22.06,84.38,0.68,1.15,0.46,94.03
20240129,4.58,5.4708,3.0492,2.615,0.52,24.3,27.0,22.13,87.75,1.44,2.05,0.88,94.01
20240130,8.46,5.1041,2.4763,2.5421,0.49,23.88,25.41,22.83,90.53,1.67,2.06,1.03,93.99
20240131,60.12,5.4144,3.323,2.581,0.52,24.56,27.4,22.89,87.48,1.13,1.84,0.71,93.96
20240201,40.73,6.12,4.1748,2.3561,0.59,24.32,26.76,22.65,87.75,0.69,1.21,0.44,93.98
20240202,8.71,5.8634,3.942,2.5174,0.56,24.69,27.71,22.25,85.81,0.98,1.71,0.62,93.91
20240203,12.73,5.7744,2.8838,2.8781,0.55,23.99,26.58,22.28,87.36,1.04,1.84,0.65,93.95
20240204,6.7,5.3436,3.1704,2.479,0.51,23.82,25.37,22.58,93.0,0.95,1.42,0.56,93.98
20240205,64.54,4.8511,1.4726,2.7499,0.46,23.66,25.57,22.83,92.66,0.86,1.27,0.54,94.05
20240206,4.8,5.508,1.6471,3.5844,0.53,24.1,26.26,22.41,87.04,1.24,1.72,0.77,94.03
20240207,5.78,4.7326,2.4182,2.3297,0.45,23.98,25.81,22.53,91.98,1.43,1.78,0.88,93.97
20240208,5.55,5.423,2.8562,2.5853,0.52,24.46,27.33,21.92,83.77,1.36,1.8,0.84,93.91
20240209,2.63,5.2769,2.4103,2.7552,0.5,24.33,27.22,22.61,89.36,1.57,2.09,0.96,93.92
20240210,28.45,4.6066,1.6018,2.5356,0.44,24.42,26.95,23.06,89.94,1.07,1.95,0.7,94.0
20240211,68.13,4.9483,1.2979,2.9126,0.47,23.59,25.46,22.33,90.39,0.86,1.54,0.53,94.04
20240212,28.65,5.5646,3.1147,2.6333,0.53,24.25,27.45,22.39,87.48,0.98,1.71,0.61,94.05
20240213,5.5,5.6983,3.1157,2.855,0.54,24.21,27.28,21.71,86.81,1.16,1.46,0.69,94.03
20240214,0.07,6.1956,4.4645,2.5889,0.59,24.7,27.45,22.4,83.22,0.98,1.59,0.59,93.93
20240215,13.02,4.027,0.7622,2.4703,0.38,24.52,26.55,23.21,90.4,1.41,2.25,0.92,93.88
20240216,26.73,4.6214,1.9044,2.448,0.44,24.43,27.25,22.27,90.2,1.76,2.35,1.1,93.85
20240217,31.11,5.815,3.8237,2.4727,0.55,23.96,25.14,23.08,94.19,1.25,2.22,0.78,93.82
20240218,10.15,6.1152,4.4302,2.4432,0.58,24.53,27.62,22.58,88.31,1.39,2.16,0.86,93.88
20240219,1.56,6.7406,6.1217,2.0059,0.64,25.03,28.61,22.31,86.58,1.2,1.85,0.78,93.89
20240220,0.83,6.1188,4.8535,2.2668,0.58,25.04,28.27,22.02,83.03,1.15,2.2,0.74,93.88
20240221,18.75,5.6988,3.3893,2.5699,0.54,25.01,27.53,23.18,89.37,1.6,2.26,1.0,93.79
20240222,19.65,6.198,4.6349,2.4564,0.59,25.41,28.68,23.37,89.38,1.62,2.26,1.02,93.84
20240223,3.68,5.5519,2.7482,2.9033,0.52,24.38,26.56,22.81,88.69,1.28,1.96,0.83,93.98
20240224,21.13,6.3341,5.3479,2.0172,0.6,24.99,27.48,23.01,84.57,1.07,2.0,0.71,93.85
20240225,23.28,6.1798,4.4664,2.3513,0.58,24.64,27.14,23.26,87.76,1.1,1.71,0.71,93.84
20240226,34.74,5.6566,2.8418,2.8822,0.53,24.23,26.6,22.55,87.32,1.18,1.83,0.72,93.86
20240227,17.03,5.9846,3.689,2.8291,0.57,24.87,28.11,22.67,86.75,1.21,1.75,0.77,93.73
20240228,3.01,6.2957,5.0772,2.1557,0.59,25.08,28.01,23.12,89.36,1.21,1.65,0.81,93.66
20240229,4.56,5.7113,3.4987,2.5217,0.54,24.2,27.47,22.11,85.06,1.23,1.87,0.77,93.75
20240301,30.85,5.1134,1.7851,3.3202,0.48,24.44,27.17,22.54,85.06,0.94,1.4,0.58,93.75
20240302,13.93,6.0307,3.5678,2.7797,0.57,24.49,26.67,22.37,87.34,1.12,1.86,0.71,93.74
20240303,29.62,5.3738,1.944,3.1706,0.51,24.57,26.83,22.43,87.6,1.27,1.83,0.79,93.82
20240304,14.85,5.3549,2.0966,3.0818,0.51,24.26,26.32,22.59,90.3,1.18,1.76,0.73,93.78
20240305,7.05,5.4461,2.8951,3.3895,0.51,24.39,26.15,23.14,87.34,0.97,1.63,0.59,93.7
20240306,5.51,5.2238,2.3446,2.6602,0.49,24.82,27.58,22.97,87.11,1.24,1.85,0.8,93.65
20240307,25.43,5.3304,2.5277,2.6436,0.5,24.29,26.66,22.96,92.84,1.33,2.11,0.89,93.66
20240308,10.54,5.1238,0.7906,3.4476,0.48,24.27,26.12,22.89,92.25,1.32,2.22,0.8,93.65
20240309,6.69,5.1274,1.8595,2.7295,0.49,24.07,26.12,22.73,91.43,1.12,1.64,0.71,93.68
20240310,5.9,3.397,0.0994,2.5044,0.32,23.28,24.46,22.54,91.25,0.78,1.18,0.49,93.93
20240311,0.03,5.9722,3.0079,2.958,0.57,24.86,28.79,21.75,83.23,1.3,2.09,0.81,93.91
20240312,4.25,5.9777,3.7985,2.5438,0.57,25.03,27.83,23.26,87.38,1.68,2.7,1.06,93.83
20240313,4.5,3.9571,0.1706,2.8332,0.38,24.48,26.71,23.23,90.54,1.36,1.94,0.83,93.85
20240314,0.21,4.781,0.3758,3.5501,0.45,24.95,27.99,22.81,82.22,0.9,1.48,0.57,93.85
20240315,0.02,5.1312,0.8158,3.6989,0.49,24.19,26.41,22.31,81.86,1.18,1.84,0.72,93.9
20240316,0.11,4.6728,0.541,3.4145,0.44,24.52,27.48,22.35,83.7,0.92,1.48,0.56,93.93
20240317,0.09,5.7262,2.5411,3.3622,0.54,24.6,27.45,22.72,85.7,0.96,1.53,0.6,93.82
20240318,0.4,6.1073,3.6874,2.6513,0.58,24.74,27.44,22.3,83.73,1.0,1.27,0.62,93.79
20240319,0.74,3.1025,0.0869,2.2829,0.3,24.28,26.24,22.77,89.99,1.19,1.62,0.73,93.88
20240320,1.91,4.4249,0.2741,3.3086,0.42,24.84,27.05,23.08,85.82,0.99,1.55,0.64,93.86
20240321,8.77,4.9344,1.4779,2.7353,0.47,24.52,26.46,23.1,91.27,1.72,2.3,1.08,93.77
20240322,9.5,4.5857,1.3625,2.7391,0.44,24.06,26.15,22.77,90.38,1.38,1.98,0.85,93.79
20240323,0.13,5.3227,2.3786,2.6899,0.51,24.97,27.83,22.67,86.54,1.15,1.63,0.76,93.8
20240324,1.72,5.2567,2.9674,2.3609,0.5,24.61,27.89,22.52,88.34,1.32,2.43,0.83,93.86
20240325,9.17,6.0077,4.6229,2.3093,0.58,24.15,25.26,23.14,93.93,1.4,2.34,0.9,93.87
20240326,37.34,5.695,3.2006,2.8318,0.55,24.07,26.66,21.85,89.38,1.27,1.92,0.79,94.0
20240327,2.94,5.7254,3.5378,2.5157,0.55,24.95,27.78,22.66,81.75,0.93,1.48,0.57,94.03
20240328,11.02,4.8967,1.8365,2.7259,0.47,24.6,26.41,23.37,86.85,1.01,1.87,0.66,93.98
20240329,6.15,6.2532,4.5967,2.4007,0.6,24.61,27.52,22.28,85.23,1.19,1.54,0.75,94.01
20240330,55.9,6.1171,4.7666,2.274,0.59,24.76,27.63,22.49,86.94,1.04,1.55,0.68,94.03
20240331,23.82,6.0269,4.5682,2.4593,0.58,25.28,28.09,23.34,87.23,1.29,2.06,0.81,93.89
20240401,8.96,4.9757,2.237,2.5651,0.48,24.33,25.8,23.23,91.91,1.04,1.63,0.65,93.8
20240402,16.22,5.2332,2.195,2.845,0.51,24.15,25.8,22.93,91.55,1.35,2.07,0.83,93.77
20240403,13.55,5.3854,2.1588,2.9964,0.52,24.5,26.57,22.75,89.41,1.02,1.49,0.67,93.75
20240404,4.4,5.4773,3.691,2.1257,0.53,25.05,28.22,23.23,90.51,1.44,1.85,0.89,93.65
20240405,0.18,5.9112,3.9583,2.4617,0.58,24.88,27.18,23.31,89.58,1.56,2.12,0.99,93.7
20240406,2.36,5.2555,2.9822,2.4852,0.51,24.39,26.8,22.82,90.77,1.49,2.36,0.94,93.72
20240407,3.56,3.6216,0.1428,2.6971,0.35,24.11,25.46,23.28,92.24,1.67,2.38,1.02,93.71
20240408,33.79,5.2106,2.4007,2.6381,0.51,24.26,26.52,22.39,87.6,1.05,1.29,0.64,93.76
20240409,20.95,5.2913,2.5466,2.6741,0.52,23.59,25.18,22.42,93.37,1.82,2.72,1.12,93.81
20240410,8.28,4.8072,1.4242,2.8522,0.47,23.77,26.52,21.62,89.17,1.14,1.59,0.73,93.87
20240411,11.84,5.3194,3.3439,2.3474,0.53,23.74,26.15,22.23,91.26,0.93,1.57,0.62,93.84
20240412,7.61,4.2742,0.7169,2.5937,0.42,24.21,27.51,21.81,88.34,1.31,2.01,0.86,93.77
20240413,18.3,4.7467,2.5411,2.2946,0.47,24.22,26.02,22.93,93.11,1.77,2.44,1.08,93.76
20240414,3.8,4.3394,1.0289,2.6225,0.43,24.22,26.48,22.84,89.92,1.35,1.85,0.84,93.85
20240415,4.7,4.5137,1.6745,2.4391,0.45,23.98,26.93,22.26,89.97,1.03,1.92,0.64,93.91
20240416,3.04,5.2591,2.5267,2.6858,0.52,24.63,26.98,22.77,87.86,1.31,1.77,0.83,93.82
20240417,0.71,5.8174,4.5175,2.1631,0.58,24.93,27.94,23.08,86.98,1.35,2.23,0.86,93.72
20240418,22.92,4.9606,2.6357,2.5198,0.5,24.16,26.01,22.41,89.91,1.47,1.8,0.91,93.7
20240419,4.9,5.6918,4.043,2.3938,0.57,24.64,27.25,22.65,89.31,1.42,2.07,0.9,93.67
20240420,11.92,4.3118,2.0856,2.2099,0.43,24.96,27.52,23.39,90.78,1.72,2.2,1.05,93.62
20240421,14.32,4.5046,1.589,2.6162,0.45,24.24,25.3,23.35,95.58,1.61,2.64,0.96,93.64
20240422,120.34,5.01,2.3527,2.6323,0.51,23.9,25.09,22.91,94.94,1.2,2.07,0.73,93.7
20240423,16.64,6.145,4.6615,2.2495,0.62,24.38,27.08,22.17,88.72,0.62,1.26,0.4,93.73
20240424,11.7,4.331,1.7054,2.4487,0.44,24.73,27.21,22.78,88.34,1.23,1.91,0.77,93.71
20240425,6.89,5.5034,3.582,2.4458,0.56,24.6,27.71,21.89,86.49,1.26,1.7,0.73,93.7
20240426,12.48,5.6558,4.0932,2.3093,0.58,25.19,27.92,23.17,84.98,1.12,1.68,0.71,93.66
20240427,4.02,5.7271,4.1856,2.4041,0.59,25.09,28.55,21.65,83.44,1.43,2.01,0.83,93.68
20240428,13.51,5.6333,4.2828,2.202,0.58,24.98,27.86,22.8,85.79,1.27,1.77,0.76,93.73
20240429,12.58,2.933,0.3886,1.937,0.3,24.77,27.67,22.8,87.22,1.2,1.67,0.73,93.74
20240430,7.06,4.787,1.9747,2.4499,0.49,24.29,26.24,22.72,92.85,1.38,1.71,0.87,93.68
20240501,5.01,4.1198,0.8066,2.7151,0.42,24.36,26.56,23.17,91.17,0.93,1.23,0.57,93.68
20240502,17.8,4.704,1.5293,2.8514,0.49,24.59,27.55,22.84,86.23,1.31,1.95,0.82,93.7
20240503,18.61,3.0079,0.2928,2.0551,0.31,23.89,26.61,21.76,88.77,1.35,1.98,0.83,93.75
20240504,14.89,3.4414,0.3578,2.4007,0.36,23.79,26.21,21.99,89.18,1.35,1.99,0.86,93.72
20240505,50.02,4.6836,2.7142,2.2985,0.49,23.25,25.46,21.34,88.62,1.29,1.94,0.8,93.73
20240506,28.15,4.1705,1.3606,2.5958,0.44,23.4,25.6,21.71,89.35,1.27,2.25,0.82,93.85
20240507,8.78,5.1497,3.1459,2.4343,0.54,23.34,25.14,21.97,90.29,1.01,1.46,0.61,93.82
20240508,12.19,5.3424,4.0483,2.1554,0.56,24.08,27.12,21.74,88.11,1.46,2.1,0.9,93.75
20240509,22.34,3.2405,0.3989,2.1535,0.34,23.1,24.84,22.33,91.86,0.97,1.56,0.64,93.85
20240510,10.0,5.6575,4.8473,1.9824,0.6,24.49,27.91,21.58,85.01,1.25,1.82,0.79,93.88
20240511,6.35,4.5154,2.9878,2.1413,0.48,24.88,28.19,21.48,83.17,1.16,1.62,0.71,93.89
20240512,45.02,4.6776,3.0578,2.2313,0.49,24.88,27.63,23.26,87.71,0.99,1.78,0.66,93.83
20240513,62.46,4.7306,3.3026,2.2296,0.5,24.28,27.01,22.55,86.72,1.1,2.2,0.71,93.78
20240514,0.98,4.9562,3.5729,2.125,0.53,24.54,27.9,21.77,84.94,1.51,1.87,0.95,93.8
20240515,3.95,3.7327,0.559,2.5639,0.4,23.67,24.88,22.73,90.9,1.22,1.88,0.78,93.9
20240516,2.78,3.5047,0.7661,2.3191,0.37,24.64,27.68,22.33,83.22,0.99,1.46,0.64,93.87
20240517,8.24,5.6772,5.2651,1.9061,0.61,24.81,27.46,22.96,86.77,1.11,2.0,0.68,93.79
20240518,7.46,4.2134,2.0052,2.3148,0.45,24.79,27.46,22.99,86.12,1.23,1.6,0.75,93.72
20240519,5.85,4.9738,4.0284,1.9097,0.53,23.87,26.38,21.92,87.29,1.09,1.61,0.67,93.67
20240520,3.71,4.3272,3.204,2.0066,0.47,24.59,27.48,22.57,87.46,1.44,2.15,0.89,93.65
20240521,16.93,4.5982,3.1368,2.1247,0.5,24.34,26.21,23.2,92.0,1.32,1.65,0.8,93.7
20240522,25.23,4.2986,2.3088,2.2459,0.46,24.74,27.8,22.58,90.17,1.21,1.76,0.77,93.65
20240523,19.35,3.0893,0.4994,2.1972,0.33,24.1,27.21,21.67,91.55,1.25,1.96,0.76,93.67
20240524,11.76,4.4873,2.0083,2.3549,0.49,24.6,27.68,22.13,89.9,1.35,1.94,0.85,93.69
20240525,17.32,2.8104,0.4932,1.9618,0.31,24.24,26.1,22.67,94.35,1.71,2.84,1.08,93.78
20240526,48.22,3.8242,1.5458,2.1038,0.42,23.77,26.14,22.12,93.75,1.5,2.67,0.93,93.83
20240527,37.91,4.0774,1.3414,2.7648,0.44,23.85,26.65,21.8,86.03,1.13,1.78,0.7,93.83
20240528,77.37,3.5645,0.4411,2.5474,0.39,23.82,26.27,22.31,87.73,1.03,2.06,0.66,93.85
20240529,10.74,5.3834,3.2282,2.4626,0.59,24.57,28.05,21.64,83.42,1.22,1.66,0.76,93.78
20240530,9.77,5.6405,4.7359,2.1079,0.62,24.82,27.66,22.6,84.97,1.13,1.67,0.71,93.84
20240531,6.27,5.676,5.0945,1.9646,0.62,24.56,27.88,21.72,86.33,1.35,1.66,0.81,93.87
20240601,16.57,4.6956,3.0814,2.1542,0.52,24.48,26.54,22.82,86.46,1.08,1.34,0.69,93.89
20240602,49.7,4.3879,2.5954,2.3306,0.48,23.72,25.67,22.25,92.56,0.86,1.64,0.51,93.83
20240603,52.9,4.2329,1.3879,2.5397,0.47,24.46,26.49,22.89,92.31,1.29,2.43,0.8,93.76
20240604,7.83,3.6391,0.6082,2.4958,0.4,23.46,25.6,22.11,90.59,1.34,1.8,0.85,94.0
20240605,27.78,3.787,1.2353,2.4139,0.42,23.75,26.37,21.64,87.67,1.47,2.06,0.92,94.01
20240606,26.61,4.4695,2.4646,2.3585,0.49,23.69,26.38,21.91,87.0,0.87,1.49,0.52,93.99
20240607,3.87,4.0471,1.2552,2.4365,0.45,23.82,25.87,22.48,88.23,1.01,1.87,0.64,93.86
20240608,7.12,4.7767,3.1322,2.3304,0.53,23.56,26.33,21.83,87.62,1.0,1.35,0.65,93.86
20240609,4.7,4.5818,2.5567,2.3122,0.51,24.03,26.36,22.24,87.05,1.13,1.48,0.68,93.93
20240610,5.74,3.5794,0.8465,2.3717,0.4,23.92,26.65,21.98,89.56,1.38,1.81,0.84,93.98
20240611,2.04,3.3074,0.7394,2.411,0.37,23.47,25.77,21.64,86.31,1.29,1.77,0.77,94.07
20240612,7.45,4.2372,2.0138,2.3014,0.47,23.73,26.32,21.82,84.65,1.12,1.82,0.73,94.05
20240613,16.15,3.6804,1.0049,2.267,0.41,22.92,24.11,21.72,91.67,1.35,2.44,0.85,93.97
20240614,1.15,3.9713,0.6694,2.6338,0.44,23.3,25.79,21.23,85.17,1.09,1.49,0.69,93.91
20240615,19.65,3.1706,0.3605,2.1871,0.35,23.56,25.69,22.22,84.79,0.88,1.44,0.57,93.87
20240616,8.91,4.0109,2.0926,2.1528,0.45,23.3,25.8,21.76,85.72,1.13,1.78,0.72,93.9
20240617,4.79,3.7795,0.7082,2.4194,0.42,23.72,26.64,21.77,86.71,1.0,1.35,0.64,93.86
20240618,7.33,4.8864,4.0145,2.0858,0.55,23.07,25.37,21.6,88.7,1.45,2.42,0.93,93.83
20240619,7.94,3.6449,2.1557,1.9738,0.41,23.05,25.42,21.18,88.82,1.89,3.16,1.19,93.81
20240620,1.44,4.513,1.5094,2.6412,0.5,22.71,24.77,21.01,87.67,1.31,1.77,0.83,93.79
20240621,0.13,5.1641,4.3685,1.9111,0.58,23.57,26.94,21.12,84.25,1.13,1.64,0.72,93.82
20240622,3.61,3.2695,1.1894,1.9807,0.36,23.22,26.04,21.13,87.33,1.47,2.23,0.89,93.86
20240623,4.06,3.2434,0.8561,2.2006,0.36,22.96,25.76,20.1,86.91,1.35,1.58,0.82,93.85
20240624,1.7,5.238,4.4981,2.6554,0.58,24.19,27.42,21.95,88.12,1.46,1.9,0.94,93.74
20240625,24.99,4.6771,3.8446,1.9188,0.52,23.15,24.49,22.14,95.65,1.94,3.03,1.2,93.74
20240626,18.33,2.725,0.3413,1.8307,0.3,22.99,24.65,21.9,93.12,1.39,2.6,0.87,93.8
20240627,1.25,5.7146,5.3647,1.8324,0.64,23.88,27.26,21.33,87.07,1.48,1.84,0.9,93.84
20240628,3.06,4.5504,2.2776,2.4526,0.51,23.65,25.88,21.61,82.9,1.03,1.62,0.64,93.92
20240629,12.66,3.4836,1.0061,2.2896,0.39,23.44,26.27,21.71,89.18,0.89,1.66,0.59,93.91
20240630,6.63,4.1054,2.063,2.267,0.46,23.45,26.12,20.98,88.59,1.35,1.9,0.85,93.87
20240701,51.35,3.139,0.457,2.1521,0.35,22.95,24.14,21.8,94.7,1.14,1.61,0.73,93.75
20240702,45.57,4.6102,2.6592,2.3028,0.51,23.31,26.42,21.24,88.95,1.21,1.86,0.76,93.82
20240703,60.6,3.1207,0.2993,2.143,0.35,22.45,24.72,20.93,89.74,1.31,2.11,0.79,93.99
20240704,41.76,3.9845,1.0951,2.6472,0.44,22.7,24.95,20.44,88.28,1.0,1.52,0.62,93.99
20240705,35.62,4.5358,3.6629,1.8648,0.5,23.17,25.94,21.25,86.82,1.12,2.1,0.72,93.78
20240706,52.11,3.9022,1.7066,2.2831,0.43,23.36,26.33,21.48,88.1,1.0,1.61,0.64,93.73
20240707,51.13,2.4818,0.1346,1.7899,0.27,22.53,23.82,21.66,94.42,0.98,1.66,0.66,93.82
20240708,5.25,1.5895,0.097,1.1873,0.18,22.16,23.83,21.19,90.0,0.83,1.55,0.54,93.87
20240709,1.54,2.9494,0.366,2.0861,0.33,22.99,25.51,21.0,84.76,0.73,1.11,0.5,93.9
20240710,0.84,5.25,3.541,2.3429,0.58,22.62,25.2,20.63,88.48,1.77,3.23,1.1,93.99
20240711,0.51,3.9874,0.7013,2.6945,0.44,22.66,25.49,20.6,88.08,1.78,3.05,1.12,93.92
20240712,1.13,3.7802,2.4197,1.9006,0.42,22.78,25.91,20.59,87.4,1.57,2.64,0.99,93.73
20240713,1.47,2.5457,0.6919,1.7033,0.28,22.46,24.81,20.81,90.63,1.8,3.09,1.15,93.71
20240714,14.57,3.5395,1.9474,1.8146,0.39,22.46,24.43,21.18,92.78,1.61,2.52,1.0,93.78
20240715,22.38,4.685,3.7241,1.7839,0.51,23.12,25.87,20.99,89.88,1.21,1.69,0.74,93.71
20240716,44.35,3.373,1.2362,2.0143,0.37,22.46,23.92,21.31,92.78,1.68,2.59,1.04,93.86
20240717,3.92,4.6526,3.353,2.01,0.51,23.07,26.15,20.79,89.96,1.75,2.64,1.11,93.83
20240718,0.63,2.741,1.3553,1.5108,0.3,21.96,24.59,20.09,89.88,1.32,1.75,0.83,94.01
20240719,1.06,4.3339,2.9278,2.0249,0.47,22.59,25.45,20.37,88.99,1.74,2.73,1.11,93.91
20240720,2.31,4.5854,2.7247,2.2198,0.5,22.44,25.28,20.37,89.26,1.27,1.64,0.77,93.96
20240721,5.57,4.781,2.5174,2.4862,0.52,23.48,26.51,21.22,87.95,1.22,2.0,0.78,94.0
20240722,23.84,4.1316,2.0882,2.1948,0.45,23.02,25.35,21.35,91.42,1.37,2.33,0.86,93.99
20240723,38.06,3.4104,0.9161,2.0616,0.37,22.26,23.36,21.41,92.77,1.53,3.01,0.98,93.97
20240724,2.68,4.1074,0.6475,2.778,0.44,22.95,25.79,20.82,87.5,1.21,1.99,0.76,93.79
20240725,20.53,4.3812,2.1403,2.3141,0.47,22.57,24.1,21.38,92.77,1.14,1.52,0.69,93.73
20240726,42.47,4.8206,3.528,2.0098,0.52,23.5,26.21,21.43,91.56,1.38,2.29,0.83,93.79
20240727,13.35,4.5847,3.7915,1.8334,0.49,23.47,25.48,22.08,89.93,1.53,2.37,0.96,93.91
20240728,1.79,4.0128,1.2658,2.5351,0.43,24.12,27.21,21.8,87.53,1.47,2.49,0.9,93.83
20240729,15.01,5.4943,4.5012,2.0506,0.59,23.89,26.51,22.12,88.79,1.15,2.22,0.7,93.74
20240730,31.42,4.1203,1.601,2.341,0.44,23.42,26.06,21.54,91.14,1.35,2.02,0.83,93.87
20240731,23.95,4.8096,3.3538,2.069,0.51,23.54,26.43,21.26,88.08,1.24,1.99,0.79,94.03
20240801,32.81,4.4424,3.2165,2.0119,0.47,23.1,25.44,21.63,89.8,1.0,1.51,0.63,93.99
20240802,18.06,5.4926,4.8072,1.975,0.58,23.26,26.32,21.56,88.08,1.25,2.07,0.79,93.93
20240803,5.12,5.6076,4.7748,1.997,0.59,23.09,26.23,21.06,85.73,1.27,2.32,0.84,93.99
20240804,2.0,5.3342,4.0255,2.1266,0.56,23.07,25.89,21.05,87.13,1.08,1.74,0.71,94.0
20240805,8.48,3.709,0.5472,2.6477,0.39,23.16,25.74,21.49,88.0,0.9,1.57,0.56,93.9
20240806,12.97,2.7262,0.5203,1.8122,0.29,23.37,26.39,21.59,88.08,0.99,1.62,0.6,93.89
20240807,7.8,2.3474,0.5438,1.5715,0.25,23.49,26.72,21.03,89.04,1.51,2.02,0.92,93.95
20240808,6.5,4.0229,1.0937,2.6273,0.42,23.49,26.56,21.01,87.91,1.27,1.61,0.79,93.97
20240809,5.75,5.982,5.2682,2.4778,0.63,23.15,26.37,20.86,84.17,1.27,1.79,0.76,93.94
20240810,0.0,5.7458,5.5505,1.7676,0.6,22.8,26.27,20.45,81.96,1.25,2.21,0.82,93.84
20240811,0.0,5.8178,5.2454,1.9536,0.61,22.93,26.49,20.33,81.78,1.06,2.23,0.69,93.76
20240812,2.6,3.4596,2.5037,1.789,0.36,23.0,26.68,20.04,86.42,1.46,2.37,0.95,93.76
20240813,6.39,4.1515,1.7143,2.2997,0.43,23.42,26.67,21.39,89.06,1.56,2.18,0.98,93.85
20240814,1.16,6.2544,5.6935,1.831,0.65,22.91,26.46,20.2,82.49,1.34,1.9,0.85,93.89
20240815,0.47,5.4943,4.7239,1.8965,0.57,22.86,26.63,19.52,84.84,1.31,2.27,0.85,93.79
20240816,2.08,5.9273,5.359,1.8806,0.61,23.31,27.06,20.39,84.05,1.28,1.95,0.82,93.74
20240817,1.46,5.9381,4.7988,2.1509,0.61,23.83,27.47,21.41,84.02,1.11,1.73,0.68,93.85
20240818,5.09,4.5492,3.2462,2.0345,0.47,23.95,27.11,21.86,84.51,1.2,2.31,0.77,93.85
20240819,49.56,3.5602,1.8996,1.8756,0.37,23.91,27.19,21.51,86.9,0.93,2.04,0.59,93.81
20240820,12.74,5.2618,3.6247,2.1965,0.54,23.88,26.86,21.51,87.8,1.2,1.55,0.72,93.88
20240821,18.96,3.9715,2.1842,1.9147,0.41,23.49,25.99,21.9,89.07,1.03,1.78,0.67,93.93
20240822,7.62,3.1776,0.5479,2.1168,0.32,23.13,24.99,21.93,89.69,0.99,1.94,0.64,93.91
20240823,13.63,2.5416,0.3456,1.7914,0.26,22.39,24.36,20.8,87.25,1.21,2.3,0.78,94.01
20240824,1.04,4.1448,1.8144,2.2613,0.42,22.48,25.57,20.13,87.89,1.7,2.55,1.04,93.98
20240825,12.82,4.1225,1.7594,2.2867,0.42,22.81,25.51,20.66,90.89,1.09,1.54,0.69,93.88
20240826,11.81,2.0942,0.1505,1.5511,0.21,23.05,24.97,21.93,92.97,1.33,2.23,0.83,93.84
20240827,1.45,3.6106,1.4801,2.197,0.36,23.0,25.46,20.99,88.41,1.16,1.55,0.74,93.88
20240828,5.1,3.7987,2.4264,1.7957,0.38,22.95,26.03,21.07,89.88,1.76,2.7,1.11,93.9
20240829,7.74,5.0806,3.2887,2.3105,0.51,22.61,26.21,19.53,86.53,1.62,2.11,1.03,93.93
20240830,3.0,2.7665,0.1795,1.943,0.28,23.12,25.83,21.06,87.26,1.14,2.03,0.71,93.92
20240831,0.89,4.4822,1.2898,2.6902,0.45,23.32,25.74,21.47,87.56,1.24,1.88,0.76,93.86
20240901,1.61,5.3839,4.0142,2.1206,0.54,23.73,26.91,21.75,88.13,1.7,2.87,1.07,93.82
20240902,0.23,4.7402,2.6278,2.3662,0.47,23.55,26.54,21.63,86.15,1.89,3.2,1.19,93.91
20240903,0.01,4.2612,1.542,2.6671,0.42,23.81,26.82,21.31,82.39,1.27,2.04,0.8,93.93
20240904,4.93,5.3585,2.6532,2.8582,0.53,24.06,27.37,21.46,85.56,1.3,2.07,0.81,93.77
20240905,19.46,5.0021,3.1224,2.291,0.5,22.75,25.11,21.06,92.14,1.55,2.91,0.96,93.76
20240906,7.74,5.0676,2.3621,2.665,0.5,23.12,26.41,20.14,87.95,1.22,1.89,0.76,93.94
20240907,3.02,3.8009,0.8503,2.2572,0.38,23.63,25.78,22.25,88.99,1.27,2.17,0.77,94.0
20240908,7.48,4.4441,2.4929,2.4343,0.44,23.82,26.93,21.68,88.49,1.3,1.7,0.81,93.94
20240909,5.83,5.2973,3.378,2.371,0.52,23.28,25.81,20.89,90.71,1.71,2.37,1.05,93.84
20240910,0.0,6.5933,5.9426,1.9118,0.65,23.1,26.55,20.48,85.07,1.75,2.55,1.09,93.87
20240911,0.0,6.5791,5.8886,2.1091,0.65,22.61,26.04,20.27,80.97,1.86,2.71,1.15,93.95
20240912,0.07,6.1524,4.9044,2.3088,0.6,22.4,26.21,19.35,82.42,1.77,2.76,1.14,93.92
20240913,1.29,6.2186,5.2944,2.047,0.61,22.24,25.52,19.8,80.69,1.88,3.17,1.17,93.87
20240914,0.1,5.9064,3.9022,3.1694,0.58,21.87,25.9,18.26,80.81,1.68,2.3,1.07,93.75
20240915,0.0,6.1387,4.6757,2.2706,0.6,22.56,26.25,19.71,81.87,1.71,2.6,1.08,93.7
20240916,0.0,6.0516,4.1129,2.5298,0.59,23.39,27.42,20.47,82.43,1.64,3.14,1.05,93.66
20240917,0.0,5.8939,4.0171,2.4149,0.57,23.88,27.27,20.63,83.61,1.81,2.72,1.08,93.59
20240918,0.77,5.0801,3.0984,2.3424,0.49,24.41,27.74,21.37,83.42,1.39,2.31,0.85,93.58
20240919,0.55,6.0958,3.893,2.5469,0.59,24.33,27.59,22.25,85.89,1.37,1.9,0.81,93.68
20240920,0.04,4.6858,0.7294,3.1882,0.46,24.47,27.61,22.19,83.4,1.32,2.04,0.83,93.72
20240921,0.6,5.5027,2.9239,2.5582,0.53,24.47,28.11,21.7,82.66,1.39,1.83,0.84,93.79
20240922,9.23,6.006,4.4858,2.3196,0.58,24.6,28.2,21.61,82.23,1.42,2.0,0.88,93.84
20240923,3.18,5.9503,4.3202,2.2486,0.58,24.49,28.09,21.07,81.63,1.34,1.81,0.83,93.86
20240924,10.23,5.7355,3.9902,2.3441,0.55,24.36,27.45,21.52,86.22,1.51,2.05,0.96,93.81
20240925,2.11,5.9098,3.8671,2.5994,0.57,24.28,27.15,22.33,88.5,1.32,2.19,0.82,93.82
20240926,1.75,5.5738,3.3194,2.4934,0.54,23.98,25.89,22.77,87.7,0.86,1.59,0.57,93.85
20240927,2.11,6.048,4.8228,2.2106,0.58,24.49,28.05,21.75,83.8,1.52,1.96,0.92,93.85
20240928,15.73,5.4163,3.6674,2.4326,0.52,24.12,27.07,21.56,85.13,1.3,1.68,0.81,93.86
20240929,14.27,5.0162,3.2069,2.3126,0.48,24.3,27.41,22.01,84.57,0.8,1.52,0.52,93.83
20240930,6.41,5.1821,1.7923,3.2124,0.5,24.53,27.77,22.32,84.94,1.3,1.84,0.81,93.8
20241001,3.42,4.7966,2.8349,2.4593,0.46,24.28,27.5,21.78,84.83,1.46,2.32,0.94,93.75
20241002,3.62,4.5396,1.4755,2.6345,0.44,23.6,25.4,22.41,90.03,0.99,1.52,0.64,93.81
20241003,6.59,5.0333,2.4482,2.5642,0.48,23.45,25.9,21.65,86.75,1.34,2.71,0.87,93.89
20241004,5.42,6.2136,4.4069,2.6222,0.6,23.94,27.55,21.23,83.34,1.49,1.89,0.92,93.82
20241005,0.12,6.4512,5.1821,2.159,0.62,24.03,27.05,21.23,82.64,1.55,2.14,0.99,93.82
20241006,0.0,7.1803,7.0339,1.8024,0.69,24.11,27.31,21.44,78.77,1.29,2.27,0.85,93.85
20241007,5.74,5.7797,4.2756,2.1,0.55,24.09,27.6,21.13,83.6,1.6,2.91,1.04,93.97
20241008,20.67,5.045,2.3846,2.6971,0.48,23.66,25.98,21.87,89.48,1.04,1.49,0.65,93.93
20241009,23.73,5.8282,4.5295,2.207,0.56,24.03,27.04,21.92,87.33,1.21,1.9,0.77,93.84
20241010,16.47,5.1624,2.4667,2.8757,0.5,24.61,27.73,22.32,84.53,1.26,2.13,0.8,93.77
20241011,7.48,6.1306,4.7782,2.3786,0.59,25.06,28.34,23.0,83.48,1.2,2.03,0.74,93.74
20241012,45.85,6.4313,5.9414,1.9138,0.62,23.89,26.76,21.73,90.71,1.41,1.91,0.85,93.76
20241013,11.09,5.1204,1.6512,2.9218,0.49,24.5,28.07,22.41,82.9,1.26,1.6,0.79,93.73
20241014,18.44,4.7602,2.119,2.4804,0.46,24.26,27.34,21.82,86.63,1.54,2.4,0.98,93.72
20241015,16.44,5.2099,2.6004,2.603,0.5,24.33,27.96,21.24,85.26,1.31,1.89,0.81,93.79
20241016,30.3,5.1938,2.8003,2.5068,0.5,23.16,25.01,21.82,90.21,1.12,1.97,0.71,93.9
20241017,0.29,5.7893,2.8546,2.9546,0.55,24.01,27.24,21.54,82.87,1.24,1.56,0.77,93.87
20241018,0.87,5.1326,1.8852,2.9287,0.49,23.25,24.7,21.99,90.66,1.63,2.74,0.99,93.86
20241019,0.55,5.5997,4.0594,2.2992,0.54,24.02,26.85,21.78,84.89,1.5,2.5,0.93,93.87
20241020,2.45,5.6314,4.171,2.2486,0.54,24.07,27.5,21.92,83.54,1.41,2.14,0.88,93.91
20241021,4.73,6.0017,3.9281,2.4134,0.57,23.58,25.87,21.85,91.11,1.83,2.83,1.11,93.85
20241022,0.73,6.2474,4.5826,2.3918,0.6,24.09,26.51,22.27,82.3,1.24,2.26,0.77,93.8
20241023,0.33,6.601,5.9306,2.0945,0.63,24.0,26.52,21.68,85.19,1.73,2.59,1.06,93.77
20241024,0.0,6.8333,5.6705,2.249,0.65,24.2,27.38,21.71,80.6,1.43,1.93,0.88,93.77
20241025,3.29,5.8255,3.8242,2.8224,0.56,23.5,25.3,21.58,85.84,1.45,2.1,0.88,93.83
20241026,1.57,5.5008,3.4846,2.5183,0.53,23.65,26.61,21.03,81.57,1.48,2.0,0.93,93.76
20241027,0.53,6.5366,5.297,2.2046,0.63,24.6,27.92,22.53,76.59,1.21,1.72,0.78,93.71
20241028,0.17,6.7303,5.988,2.0508,0.65,24.72,28.53,21.58,77.86,1.21,1.62,0.78,93.74
20241029,0.0,6.1538,5.0434,2.2901,0.59,24.96,28.25,22.56,82.06,1.12,1.98,0.73,93.79
20241030,0.0,6.4495,5.335,2.4629,0.62,25.12,28.67,22.54,83.73,1.46,2.36,0.92,93.77
20241031,0.8,5.7149,4.3375,2.4554,0.55,24.83,28.29,22.2,83.31,1.22,1.69,0.74,93.79
20241101,3.71,5.1062,2.761,2.3686,0.49,24.39,27.35,22.49,85.04,1.09,1.62,0.71,93.88
20241102,25.68,5.3602,3.5359,2.2663,0.52,23.98,26.32,22.58,85.0,0.9,1.62,0.52,93.91
20241103,3.14,5.6306,3.1054,2.7552,0.54,24.25,27.5,22.2,84.02,1.27,2.04,0.8,93.83
20241104,11.01,4.1566,1.1616,2.3832,0.4,23.3,25.6,21.99,89.58,1.59,2.43,0.99,93.84
20241105,0.54,6.0067,4.1818,2.4826,0.58,23.18,25.91,20.91,84.54,1.57,2.06,0.96,93.84
20241106,0.75,5.7014,3.9734,2.8015,0.55,23.66,27.33,20.0,79.83,1.39,1.84,0.86,93.82
20241107,2.42,4.829,1.8391,2.682,0.47,24.69,27.85,22.43,82.39,1.14,2.17,0.75,93.84
20241108,1.39,5.9789,4.5826,2.393,0.58,24.93,28.3,22.59,81.84,1.09,2.09,0.69,93.81
20241109,5.52,6.0238,4.7064,2.3491,0.58,24.68,27.64,22.66,84.73,1.1,1.66,0.7,93.81
20241110,4.88,5.8963,4.9747,2.1398,0.57,24.84,28.61,21.82,83.3,1.29,2.25,0.82,93.78
20241111,3.39,5.3083,2.383,2.8118,0.51,24.66,27.24,22.97,86.23,1.03,1.95,0.67,93.76
20241112,3.11,4.746,1.1558,2.7142,0.46,24.1,26.84,22.48,86.96,1.19,2.01,0.78,93.78
20241113,8.23,6.3816,5.5272,2.0621,0.62,24.13,27.05,21.75,83.44,1.11,1.69,0.71,93.75
20241114,19.09,4.8994,2.2824,2.5709,0.48,24.47,27.37,22.27,84.01,1.19,1.71,0.76,93.73
20241115,6.76,6.0535,4.2929,2.4941,0.59,24.74,27.31,22.55,83.69,1.1,1.64,0.71,93.68
20241116,18.13,5.789,3.6698,2.5183,0.56,24.57,27.28,22.9,85.05,0.98,1.3,0.64,93.65
20241117,6.55,5.0042,2.7446,2.6033,0.49,24.38,26.96,22.58,86.81,1.41,1.65,0.87,93.66
20241118,9.23,6.029,5.046,2.099,0.59,24.86,28.49,21.97,79.61,1.29,2.0,0.76,93.66
20241119,22.99,5.9402,4.0886,2.8022,0.58,24.94,28.83,21.78,80.58,1.36,1.52,0.84,93.62
20241120,24.67,5.6964,3.5712,2.8752,0.55,24.39,27.44,21.96,86.93,1.41,1.68,0.88,93.57
20241121,48.57,5.4103,3.8009,2.311,0.53,24.93,27.74,23.05,84.65,1.17,2.33,0.73,93.53
20241122,20.63,5.8637,4.1129,2.5075,0.57,24.64,27.69,21.95,81.8,1.2,2.24,0.78,93.56
20241123,14.16,5.0846,2.3498,2.6628,0.5,24.71,26.68,23.17,87.74,1.07,1.89,0.68,93.55
20241124,20.74,5.1278,1.3738,3.2928,0.5,24.26,27.25,22.33,88.87,1.19,1.87,0.73,93.57
20241125,4.24,5.6491,3.4502,2.5642,0.55,24.4,27.68,22.26,86.7,1.27,2.36,0.79,93.57
20241126,3.34,5.5481,3.2134,2.7266,0.54,24.3,26.85,22.51,88.47,1.27,1.87,0.81,93.51
20241127,6.14,5.7814,4.375,2.3275,0.57,24.46,27.52,22.64,88.67,0.99,2.01,0.63,93.51
20241128,1.3,5.7,3.8832,2.3633,0.56,24.29,26.15,22.76,90.68,1.31,1.94,0.81,93.54
20241129,0.46,5.2236,2.293,2.9196,0.51,24.44,26.87,22.17,86.56,0.86,1.41,0.52,93.56
20241130,3.63,5.2906,2.5217,2.7754,0.52,24.43,26.65,23.16,89.53,1.25,2.15,0.81,93.48
20241201,24.66,4.2197,0.5902,2.9774,0.41,23.66,25.23,22.81,91.91,1.16,2.23,0.72,93.57
20241202,7.57,5.7938,3.1409,2.9328,0.57,24.51,27.34,22.35,87.38,1.08,1.57,0.67,93.56
20241203,1.7,4.9037,1.2353,3.1462,0.48,24.57,27.46,22.7,87.84,1.13,1.88,0.7,93.56
20241204,25.26,5.281,2.058,3.0168,0.52,24.04,26.0,22.83,92.18,1.18,1.89,0.7,93.55
20241205,52.89,4.901,2.0525,3.1051,0.48,23.97,26.03,22.45,89.73,0.89,1.41,0.54,93.54
20241206,13.19,5.2673,2.3374,2.9496,0.52,24.39,27.81,22.38,85.14,0.87,1.55,0.54,93.56
20241207,2.45,4.025,0.2928,2.976,0.4,24.39,27.68,22.4,83.72,0.65,1.32,0.38,93.6
20241208,0.61,5.6424,4.1983,2.3522,0.55,24.62,27.6,21.95,83.35,1.05,1.78,0.66,93.56
20241209,2.1,3.9526,0.3636,2.713,0.39,24.08,25.61,22.78,88.62,0.89,1.41,0.57,93.54
20241210,17.98,4.4957,1.1515,2.7514,0.44,24.49,27.53,21.56,85.36,1.29,1.98,0.8,93.5
20241211,37.98,4.5034,1.6334,2.5745,0.44,24.01,25.32,23.12,93.41,1.52,2.3,0.92,93.49
20241212,28.51,4.5895,1.6166,2.6172,0.45,24.0,26.15,22.28,89.15,0.83,1.72,0.53,93.54
20241213,29.13,4.9968,2.005,3.0494,0.49,23.49,24.75,22.49,94.16,1.42,1.8,0.85,93.58
20241214,7.68,4.1988,1.409,2.5152,0.41,24.4,27.45,22.4,88.07,0.86,1.56,0.56,93.67
20241215,0.9,5.2087,2.0443,2.8217,0.51,24.23,27.02,22.32,86.01,0.76,1.5,0.45,93.75
20241216,0.22,5.2675,2.0866,2.7658,0.52,24.08,26.23,21.99,82.29,0.51,0.94,0.29,93.73
20241217,0.05,4.6807,2.0736,2.7154,0.46,24.53,27.65,21.65,81.66,0.77,1.46,0.47,93.67
20241218,3.88,4.9829,2.0268,3.1145,0.49,24.82,27.82,22.18,84.25,1.09,2.46,0.69,93.55
20241219,16.37,4.823,2.4794,2.5246,0.48,24.98,27.99,22.87,84.75,0.92,2.25,0.6,93.5
20241220,4.54,4.0524,0.6996,2.5944,0.4,24.97,28.36,21.91,82.64,0.92,1.88,0.58,93.52
20241221,8.92,4.0687,0.4824,2.91,0.4,24.42,27.17,22.24,85.11,1.26,2.14,0.77,93.61
20241222,3.08,4.8535,2.1684,2.8846,0.48,24.44,27.27,22.31,87.13,0.87,1.72,0.56,93.69
20241223,0.95,5.4943,2.2598,3.2045,0.54,24.27,27.4,21.56,85.88,1.17,1.59,0.73,93.65
20241224,1.73,4.1674,0.4836,3.0588,0.41,25.03,28.03,23.1,85.45,0.65,1.09,0.42,93.67
20241225,18.46,4.6795,0.9905,3.1663,0.46,24.14,26.66,22.3,86.81,0.55,1.24,0.33,93.8
20241226,17.77,3.4123,0.0859,2.6042,0.34,23.44,25.47,21.54,87.84,0.61,1.01,0.38,93.93
20241227,15.54,5.5812,3.6482,2.4132,0.55,24.45,27.71,22.01,85.58,1.05,1.62,0.66,93.83
20241228,27.87,4.2415,0.2945,3.1082,0.42,23.67,25.57,22.53,91.46,0.98,1.31,0.61,93.81
20241229,0.4,3.9031,0.5234,2.7173,0.38,22.98,24.62,21.83,87.91,0.7,1.62,0.44,93.79
20241230,12.56,5.1998,3.3737,2.352,0.51,24.1,27.04,21.99,86.19,1.11,1.74,0.68,93.8
20241231,41.01,3.2738,0.2842,2.3054,0.32,23.02,24.15,21.8,93.23,1.03,1.89,0.64,93.77
20250101,2.56,4.4498,1.1407,2.8308,0.44,23.22,25.73,21.62,88.95,1.2,1.96,0.73,93.75
20250102,11.02,5.0966,2.8481,2.5454,0.5,23.8,26.63,21.83,86.47,1.15,1.64,0.7,93.75
20250103,4.96,4.8948,2.7391,2.4139,0.48,24.08,27.15,22.25,88.13,1.36,2.21,0.85,93.67
20250104,3.31,5.7367,3.7639,2.5495,0.56,23.86,25.93,22.32,87.84,0.85,1.67,0.55,93.66
20250105,9.26,5.2954,2.55,2.9062,0.52,23.94,26.35,22.15,85.58,0.97,1.72,0.6,93.71
20250106,7.9,5.7374,3.511,2.5673,0.56,24.55,27.59,22.37,83.76,0.68,1.32,0.4,93.71
20250107,13.06,4.9838,1.8286,2.8536,0.49,24.11,25.53,22.94,94.02,1.83,2.45,1.11,93.68
20250108,2.45,3.9379,0.1498,2.879,0.38,23.17,24.35,22.53,90.03,1.31,2.49,0.85,93.75
20250109,1.03,5.3959,3.797,2.2855,0.53,24.17,27.01,22.27,82.26,1.19,1.88,0.76,93.78
20250110,14.87,5.8958,3.581,2.683,0.58,23.26,24.56,22.56,90.55,1.08,1.58,0.67,93.86
20250111,13.8,5.9794,3.3926,2.9059,0.58,23.97,26.65,22.36,88.67,1.25,1.71,0.79,93.78
20250112,1.91,5.7293,3.7018,2.5615,0.56,24.15,26.48,22.53,89.98,1.39,2.33,0.87,93.7
20250113,4.07,4.1354,0.4572,3.1118,0.4,24.12,26.42,22.39,89.61,1.27,1.85,0.8,93.68
20250114,1.21,5.0292,2.6297,2.6594,0.49,23.55,25.25,22.74,90.52,0.51,1.03,0.33,93.75
20250115,15.01,5.238,2.0914,3.1008,0.51,23.37,24.78,22.49,92.64,1.34,1.89,0.84,93.68
20250116,9.75,5.4955,2.8399,2.8351,0.53,23.29,25.4,22.2,90.97,1.38,2.27,0.85,93.65
20250117,15.81,5.7883,3.5676,2.8092,0.56,23.57,25.48,22.15,89.89,0.93,1.74,0.59,93.6
20250118,6.69,5.4626,1.8941,3.252,0.53,23.81,25.69,22.29,92.37,1.03,1.52,0.66,93.55
20250119,12.39,5.1154,1.7822,3.0118,0.5,23.13,24.48,22.02,93.41,1.35,2.03,0.86,93.5
20250120,8.18,4.2168,0.401,3.1001,0.41,23.93,26.57,22.29,91.66,1.94,2.96,1.21,93.54
20250121,17.83,5.0155,1.9111,2.8596,0.48,23.5,25.71,22.2,91.74,1.64,2.17,1.01,93.66
20250122,18.3,4.621,0.7382,3.288,0.45,23.03,25.07,21.73,90.49,1.49,2.07,0.93,93.71
20250123,8.2,5.2874,2.07,3.1234,0.51,24.19,27.6,21.88,83.49,1.03,1.61,0.62,93.64
20250124,7.36,4.122,0.2506,3.0163,0.4,23.5,26.3,21.6,90.91,1.51,1.96,0.91,93.57
20250125,1.73,3.9019,0.2678,2.867,0.38,23.99,26.76,22.24,86.07,1.1,1.68,0.7,93.61
20250126,6.02,4.6937,0.5035,3.4774,0.45,23.71,25.75,22.3,90.1,1.14,2.01,0.72,93.55
20250127,43.1,4.5727,0.4884,3.2479,0.44,23.95,26.8,22.65,88.32,0.99,2.1,0.63,93.49
20250128,20.72,4.296,0.2587,3.2316,0.41,23.26,25.37,21.76,89.74,1.26,1.59,0.78,93.68
20250129,42.65,5.2246,2.6681,2.5224,0.5,23.19,24.46,22.29,92.79,1.1,1.97,0.7,93.69
20250130,21.7,5.0501,0.7774,3.6617,0.48,23.09,24.65,22.23,88.94,0.65,1.1,0.4,93.6
20250131,7.24,5.6647,2.5548,3.5806,0.54,24.11,27.27,21.61,85.88,1.45,2.32,0.88,93.53
20250201,14.22,4.4542,1.3927,2.8164,0.43,23.0,24.54,21.65,91.33,1.27,1.94,0.75,93.6
20250202,0.41,5.1485,1.5662,3.085,0.49,24.21,28.39,20.4,77.74,1.31,2.08,0.83,93.56
20250203,0.11,5.6808,2.1902,3.223,0.54,23.99,26.65,21.73,78.54,1.1,1.56,0.69,93.66
20250204,12.22,4.8317,0.966,3.1236,0.46,24.45,27.58,22.39,82.56,1.09,2.36,0.73,93.65
20250205,7.75,5.069,0.9871,3.4354,0.48,23.89,26.97,21.19,83.52,1.3,1.92,0.83,93.58
20250206,8.7,4.4707,0.331,3.2964,0.43,24.01,26.7,22.22,88.02,1.15,1.98,0.75,93.59
20250207,5.01,3.5518,0.132,2.6134,0.34,23.89,26.57,22.18,87.86,0.99,1.89,0.65,93.61
20250208,15.28,5.2678,2.7768,2.5603,0.5,24.23,27.46,22.07,85.88,1.19,2.04,0.75,93.51
20250209,4.97,4.0896,1.0214,2.514,0.39,24.24,27.35,22.16,85.08,1.11,1.84,0.72,93.54
20250210,0.07,4.1662,0.9874,2.9064,0.4,24.05,27.22,21.21,82.14,1.08,1.77,0.69,93.65
20250211,0.86,4.8226,1.5766,2.6806,0.46,24.23,27.19,21.74,83.46,1.01,1.79,0.6,93.76
20250212,0.56,4.597,0.4334,3.3809,0.44,23.92,27.38,21.57,81.71,0.94,1.52,0.57,93.86
20250213,0.38,4.5799,1.0709,2.9688,0.43,24.9,28.06,22.55,80.01,0.77,1.36,0.51,93.86
20250214,0.07,4.8989,0.6545,3.5299,0.46,24.78,28.11,22.54,84.01,0.62,1.03,0.42,93.75
20250215,8.11,6.0804,3.671,2.9371,0.58,24.44,27.29,22.44,87.04,0.95,1.27,0.6,93.75
20250216,16.41,4.969,1.0142,2.9844,0.47,24.17,26.12,23.16,91.66,1.79,2.63,1.1,93.82
20250217,15.89,3.1121,0.3103,2.1391,0.29,23.35,25.31,22.47,89.36,1.34,1.8,0.86,93.94
20250218,47.96,4.9901,1.7647,3.048,0.47,22.99,24.89,21.67,89.72,1.59,2.32,1.01,93.9
20250219,8.28,5.6822,2.3014,3.205,0.54,23.82,26.98,21.59,87.86,1.18,1.75,0.76,93.8
20250220,12.34,5.395,1.9934,2.9981,0.51,23.39,25.34,22.43,91.35,1.15,1.75,0.7,93.82
20250221,33.2,4.831,0.6744,3.1697,0.46,22.76,24.72,21.26,88.49,0.87,1.87,0.54,93.9
20250222,4.48,4.5238,1.2293,2.8387,0.43,23.09,24.96,21.77,88.46,0.79,1.56,0.48,93.94
20250223,3.81,5.0045,1.0963,2.9777,0.47,23.13,25.76,21.31,88.63,1.32,2.07,0.81,94.0
20250224,26.88,5.0515,1.3793,3.0343,0.48,23.37,26.6,21.43,87.0,1.15,2.08,0.74,94.01
20250225,3.65,5.9474,3.7702,2.5073,0.56,24.0,27.58,21.05,81.81,1.04,1.65,0.67,94.0
20250226,4.48,5.5524,3.0823,2.4929,0.52,23.57,26.0,22.06,91.03,1.45,1.88,0.92,93.98
20250227,3.47,4.1719,0.8362,2.831,0.39,23.07,24.77,22.06,88.6,1.25,1.97,0.78,93.98
20250228,0.13,5.442,1.9591,3.1699,0.51,24.55,27.92,21.57,82.37,1.69,2.24,1.08,93.82
20250301,6.31,5.7626,3.2707,2.6779,0.54,23.27,25.71,21.86,86.47,1.2,2.25,0.74,93.82
20250302,6.21,5.1511,1.5622,3.0686,0.49,24.04,26.33,22.32,84.55,1.11,1.55,0.7,93.7
20250303,9.9,4.1282,0.6185,2.7506,0.39,24.22,27.08,22.54,89.86,1.49,2.9,0.95,93.6
20250304,7.59,5.8874,3.1826,2.7576,0.56,23.58,25.83,21.61,91.64,1.01,1.35,0.64,93.66
20250305,4.59,4.488,0.6468,3.0461,0.42,23.5,24.99,22.65,93.69,1.43,2.08,0.89,93.72
20250306,8.49,5.2546,2.7,2.6947,0.5,24.14,27.24,22.04,89.22,1.36,1.63,0.85,93.71
20250307,10.9,5.2608,1.789,2.7929,0.5,23.28,25.02,21.74,90.78,1.19,1.57,0.73,93.66
20250308,10.63,3.3314,0.121,2.5099,0.32,23.16,25.02,21.97,91.43,1.12,1.62,0.68,93.76
20250309,6.33,5.4509,1.5307,3.511,0.52,24.15,27.75,21.43,83.32,1.31,1.98,0.82,93.86
20250310,14.46,6.0936,3.923,2.641,0.58,24.11,27.18,22.45,87.89,1.08,1.77,0.68,93.89
20250311,9.14,5.0266,1.5677,2.7098,0.48,24.26,27.74,21.8,83.85,1.2,1.63,0.72,93.79
20250312,0.62,5.4442,2.7358,2.6105,0.52,24.0,27.11,21.66,87.25,1.35,1.6,0.82,93.73
20250313,0.54,5.4115,3.1517,2.3532,0.51,24.65,27.74,22.51,87.05,1.21,2.04,0.78,93.69
20250314,0.22,5.9767,3.5419,2.521,0.57,23.72,25.84,22.05,87.76,1.31,1.71,0.82,93.79
20250315,0.8,6.0238,4.1914,2.484,0.57,24.67,27.69,22.29,86.72,1.7,2.12,1.07,93.7
20250316,51.34,5.8714,3.5472,2.5714,0.56,23.42,24.36,22.63,92.34,1.11,1.79,0.71,93.71
20250317,27.89,4.6294,0.87,3.239,0.44,23.86,26.35,22.27,86.35,1.24,1.88,0.81,93.69
20250318,16.13,5.472,1.9133,3.2215,0.52,23.96,26.63,22.28,89.32,1.25,1.87,0.77,93.76
20250319,35.58,5.4475,2.5754,2.7569,0.52,23.21,24.86,22.27,92.46,1.47,1.96,0.88,93.91
20250320,3.54,4.9171,0.7982,3.3396,0.47,23.89,26.44,22.03,87.65,0.91,1.28,0.55,93.9
20250321,10.2,4.8269,1.6906,2.8759,0.46,23.26,24.79,22.17,92.43,1.09,1.31,0.68,93.9
20250322,10.64,3.4222,0.1306,2.5274,0.33,23.38,26.03,22.06,89.42,0.9,1.54,0.55,93.89
20250323,1.96,5.5618,1.8322,3.3929,0.53,24.11,27.14,21.83,87.14,1.32,1.98,0.82,93.77
20250324,3.84,5.3621,1.7153,3.0773,0.51,23.86,27.16,21.38,84.49,1.06,2.08,0.65,93.75
20250325,4.47,4.505,0.516,3.1435,0.43,24.47,27.9,22.58,86.51,1.12,1.55,0.68,93.62
20250326,2.45,4.6195,0.4102,3.2818,0.44,24.15,26.98,22.5,84.9,0.92,1.62,0.6,93.59
20250327,0.62,5.7929,4.2199,2.6273,0.56,25.11,28.35,22.75,84.05,1.15,1.61,0.72,93.53
20250328,14.0,5.2646,1.5523,3.3636,0.51,24.91,26.84,23.48,88.71,1.16,1.7,0.72,93.57
20250329,17.42,5.069,1.5744,3.0331,0.49,24.08,25.68,23.09,89.84,1.2,1.54,0.79,93.72
20250330,6.83,4.6814,1.086,3.0391,0.45,23.52,24.9,22.68,88.74,1.29,2.62,0.83,93.81
20250331,0.03,6.4118,4.2386,2.4876,0.62,24.28,27.47,22.13,85.74,1.14,1.78,0.72,93.69
20250401,4.26,5.0645,1.2958,3.3631,0.49,22.93,24.95,21.58,87.84,0.86,1.51,0.52,93.76
20250402,4.41,3.6391,0.1099,2.7398,0.35,22.69,24.64,21.15,88.31,1.02,1.58,0.62,93.86
20250403,13.32,5.5694,3.3149,2.3316,0.54,23.26,25.31,21.97,91.32,1.56,1.84,0.96,93.85
20250404,12.31,4.8919,0.9187,3.3694,0.48,23.66,26.4,22.13,91.2,1.49,1.94,0.91,93.83
20250405,2.15,4.3483,0.7543,3.0931,0.42,23.75,26.22,22.12,90.65,1.23,1.97,0.76,93.77
20250406,28.9,4.1198,0.2597,2.9885,0.4,23.16,24.43,21.95,94.42,1.64,2.64,0.97,93.88
20250407,12.61,4.5569,0.6814,3.2006,0.45,23.38,26.0,21.23,86.65,0.91,1.34,0.55,93.95
20250408,10.6,5.6923,3.7716,2.5018,0.56,23.77,26.09,21.95,89.21,1.22,1.63,0.77,93.9
20250409,12.89,5.4703,3.6847,2.3158,0.54,24.17,27.2,21.94,87.97,1.56,2.34,0.97,93.81
20250410,14.42,4.8197,1.1273,2.9527,0.47,24.09,26.19,22.86,90.89,1.67,2.45,1.04,93.71
20250411,2.32,4.1179,1.008,2.4367,0.41,23.41,24.79,22.44,91.66,1.51,2.28,0.9,93.75
20250412,0.06,5.6738,4.2331,2.1679,0.56,24.15,26.67,22.38,86.73,1.1,1.69,0.68,93.78
20250413,8.02,5.4446,3.2042,2.5838,0.54,24.16,26.78,22.43,88.31,1.2,1.53,0.75,93.82
20250414,13.11,5.6186,4.1906,2.2721,0.56,24.55,27.37,22.53,86.09,1.22,1.7,0.77,93.75
20250415,3.79,5.7986,4.8751,2.0366,0.58,23.58,25.29,21.86,92.26,1.37,1.94,0.86,93.76
20250416,23.16,5.3354,2.629,2.6004,0.53,22.91,24.31,21.72,92.64,0.99,1.36,0.6,93.84
20250417,1.7,5.449,3.5638,2.2714,0.54,24.48,27.34,22.04,83.61,0.98,1.36,0.59,93.74
20250418,0.64,6.0151,3.8971,2.6496,0.6,24.45,27.65,22.31,86.19,1.21,2.09,0.72,93.7
20250419,0.26,4.8926,1.0303,3.3118,0.49,23.98,26.18,22.66,88.52,1.36,1.75,0.85,93.77
20250420,0.12,5.9556,4.9262,2.0758,0.6,24.98,28.05,23.11,81.42,1.49,2.46,0.97,93.74
20250421,0.12,5.5937,3.469,2.4552,0.56,24.21,26.49,22.61,89.09,1.32,1.65,0.83,93.85
20250422,0.05,4.6392,1.6418,2.6045,0.47,23.08,25.05,21.83,88.95,1.49,2.57,0.94,93.92
20250423,1.71,4.8156,1.5799,2.8145,0.49,23.44,26.21,21.56,84.14,0.84,1.17,0.51,93.88
20250424,24.2,4.727,1.6366,2.6333,0.48,23.35,25.76,21.49,89.58,0.87,1.31,0.55,93.84
20250425,12.89,4.6123,1.531,2.8164,0.47,23.57,26.05,21.96,91.17,1.08,2.2,0.7,93.84
20250426,2.76,4.9366,1.7532,2.9959,0.5,22.85,25.25,21.32,89.33,0.92,1.53,0.58,93.9
20250427,1.26,5.0626,3.3878,2.1787,0.52,23.36,26.35,21.52,87.07,1.28,2.33,0.79,93.84
20250428,0.24,5.2829,3.067,2.6645,0.54,23.43,26.01,21.84,87.76,1.25,1.53,0.73,93.75
20250429,2.0,4.4016,1.0087,2.6638,0.45,23.97,27.14,21.66,87.95,1.52,1.83,0.93,93.71
20250430,2.99,3.8712,1.4741,2.1266,0.4,23.45,24.56,22.71,94.39,1.18,1.72,0.69,93.72
20250501,2.54,5.4622,3.4781,2.389,0.56,24.38,27.53,22.02,86.79,1.44,2.09,0.89,93.78
20250502,34.58,5.2034,2.5906,2.6599,0.54,23.92,26.53,22.44,87.89,1.28,2.19,0.79,93.77
20250503,17.47,4.4484,1.6831,2.443,0.46,23.2,26.18,21.02,87.22,1.52,2.52,0.95,93.79
20250504,3.87,5.561,3.1975,2.7602,0.58,24.17,27.57,20.78,80.82,1.24,2.05,0.76,93.7
20250505,0.04,4.787,2.0431,2.6674,0.5,24.05,25.97,22.48,86.61,1.44,2.29,0.91,93.77
20250506,5.23,4.849,2.316,2.5426,0.51,23.84,25.66,22.78,88.08,1.11,1.49,0.7,93.78
20250507,1.56,5.4586,4.056,2.0736,0.57,23.83,26.27,22.32,90.1,1.64,2.12,1.04,93.73
20250508,1.42,4.5583,2.269,2.4619,0.48,23.62,25.44,22.22,91.71,1.38,1.55,0.84,93.73
20250509,42.01,3.8318,0.8381,2.3798,0.4,24.04,26.89,22.22,87.21,1.52,2.33,0.98,93.77
20250510,17.37,4.3003,0.8966,2.7374,0.45,23.51,25.83,21.97,91.31,1.61,2.35,1.04,93.78
20250511,0.05,5.8334,5.5188,1.8019,0.62,24.11,26.82,21.94,86.74,1.42,2.56,0.91,93.65
20250512,0.02,5.4605,4.0968,2.2733,0.58,24.41,26.84,22.8,89.46,1.61,2.49,1.0,93.69
20250513,0.14,5.4425,3.9665,2.3318,0.58,24.14,26.86,22.22,87.08,1.27,1.8,0.77,93.75
20250514,17.62,4.8353,3.3216,2.2085,0.51,23.65,25.97,22.34,90.08,1.06,2.09,0.66,93.82
20250515,31.4,4.5022,1.6807,2.76,0.48,23.62,26.2,21.85,88.53,0.98,1.45,0.63,93.82
20250516,7.49,5.1022,3.415,2.4014,0.54,23.97,26.89,21.52,87.33,1.31,1.97,0.84,93.81
20250517,10.32,4.8276,2.9426,2.262,0.52,24.04,27.28,20.84,85.15,1.41,1.8,0.88,93.77
20250518,0.31,4.4275,2.2428,2.1946,0.47,23.8,25.15,22.55,92.78,1.67,2.53,1.06,93.76
20250519,0.13,2.9242,0.1363,2.1838,0.31,23.61,24.92,22.25,89.67,1.05,1.94,0.7,93.74
20250520,9.7,3.7346,1.4496,2.2558,0.4,23.06,24.7,21.56,91.24,1.12,1.95,0.68,93.76
20250521,10.51,4.6025,1.9836,2.5198,0.5,23.48,25.2,21.99,89.51,0.66,1.11,0.41,93.76
20250522,1.47,4.0104,1.7083,2.2044,0.43,24.2,27.47,21.74,84.45,1.2,1.9,0.75,93.65
20250523,2.63,4.4225,2.5217,2.2073,0.48,24.28,26.45,22.75,90.99,1.54,1.86,0.95,93.6
20250524,3.87,4.3351,1.356,2.5282,0.47,23.73,25.52,22.87,91.03,1.27,1.83,0.81,93.73
20250525,23.59,4.2473,1.8586,2.3645,0.46,23.92,26.25,22.11,85.61,1.0,1.72,0.63,93.79
20250526,2.54,5.5514,4.5989,2.0702,0.6,24.6,27.91,21.95,84.64,1.24,1.94,0.8,93.75
20250527,9.57,4.5797,2.5327,2.3498,0.5,23.97,25.99,22.67,93.28,2.13,3.38,1.34,93.83
20250528,4.84,5.358,4.2223,2.1295,0.58,23.43,25.3,22.11,89.51,1.39,2.0,0.85,93.88
20250529,1.71,5.2332,4.1722,2.1677,0.57,24.11,26.94,21.34,83.29,1.06,1.6,0.68,93.91
20250530,17.27,5.4929,5.0513,1.8994,0.6,24.3,26.92,22.58,87.25,1.25,2.01,0.8,93.92
20250531,11.72,3.9634,1.0742,2.6618,0.43,24.24,26.94,22.33,87.33,1.42,2.17,0.89,93.96
20250601,14.65,3.5638,1.008,2.405,0.39,22.72,25.93,20.71,91.14,1.24,2.43,0.81,94.06
20250602,9.47,4.0106,0.8381,2.5474,0.44,23.07,25.54,21.23,90.46,1.87,3.01,1.17,93.97
20250603,1.5,2.5987,0.078,1.9908,0.29,22.44,24.17,21.56,92.79,1.37,2.14,0.84,93.97
20250604,1.44,4.6841,1.5869,2.813,0.52,23.4,26.54,21.05,83.28,1.25,1.65,0.77,93.98
20250605,4.52,4.7268,3.0038,2.2224,0.52,23.14,25.27,21.71,91.61,1.36,1.88,0.83,93.95
20250606,0.94,5.1941,3.9197,2.2673,0.57,23.53,25.36,22.06,89.5,1.36,1.93,0.82,93.85
20250607,26.28,4.4834,2.7756,2.2795,0.5,23.51,25.98,21.84,90.27,1.62,2.35,1.0,93.87
20250608,4.94,4.1206,3.198,1.9178,0.46,22.93,25.07,21.08,88.94,1.0,1.44,0.61,93.76
20250609,0.05,5.5394,5.1629,1.9054,0.61,23.55,27.18,20.54,82.26,1.33,1.78,0.82,93.72
20250610,0.17,3.9415,1.1976,2.4019,0.44,23.8,26.43,22.0,87.38,1.18,1.44,0.77,93.65
20250611,0.1,4.1846,1.6507,2.3714,0.46,23.69,25.8,22.07,86.33,0.92,1.45,0.57,93.68
20250612,0.29,4.9889,4.4285,1.8394,0.55,24.36,27.32,21.88,88.44,1.72,2.05,1.06,93.76
20250613,3.61,3.3588,0.4874,2.5003,0.37,23.58,26.03,21.33,88.45,1.35,1.87,0.8,93.93
20250614,5.95,4.2557,1.5072,2.5555,0.47,23.2,25.47,21.89,90.65,1.46,2.37,0.92,93.91
20250615,1.46,5.7413,5.1245,2.0633,0.64,23.08,25.46,21.57,88.15,1.36,1.81,0.84,93.96
20250616,0.08,5.8171,5.9304,1.7352,0.65,23.83,27.06,21.39,82.38,1.08,1.8,0.7,93.89
20250617,0.13,3.6019,1.2041,2.2519,0.4,23.61,26.47,21.52,84.51,1.52,2.41,0.97,93.89
20250618,0.19,3.5873,1.4642,2.2183,0.4,23.29,26.25,20.43,83.68,1.34,2.02,0.83,93.85
20250619,29.53,4.6726,2.9506,2.285,0.52,23.04,24.96,21.9,89.9,1.12,1.88,0.7,93.81
20250620,20.79,3.966,0.7824,2.7509,0.44,22.87,25.18,21.12,90.37,1.26,1.65,0.77,93.92
20250621,2.89,4.3478,0.7682,2.9758,0.49,23.0,25.96,20.96,84.58,1.03,1.93,0.65,93.95
20250622,0.93,3.6595,0.3161,2.7331,0.41,22.3,24.4,20.87,82.42,0.64,1.23,0.43,93.97
20250623,0.07,3.6389,0.691,2.365,0.41,22.15,24.57,20.37,86.49,1.2,1.59,0.78,93.87
20250624,0.07,3.3864,0.8942,2.2483,0.38,22.43,24.59,20.92,91.53,1.48,1.93,0.92,93.9
20250625,0.19,3.7738,0.8369,2.3472,0.42,22.73,24.65,21.57,91.03,1.67,2.35,1.02,93.97
20250626,10.67,4.2463,1.9704,2.3938,0.47,21.98,23.75,20.81,94.66,1.74,2.71,1.05,93.95
20250627,5.27,3.1291,0.1063,2.4046,0.35,22.01,24.27,19.92,89.18,0.97,1.94,0.59,93.92
20250628,0.23,4.1798,2.1809,2.2166,0.47,21.55,23.1,19.96,91.45,1.07,1.66,0.63,93.85
20250629,0.25,2.5471,0.3089,1.8314,0.28,22.21,24.68,21.01,91.27,1.58,2.54,0.94,93.82
20250630,30.9,4.139,1.9406,2.2486,0.46,21.33,23.1,19.84,91.29,1.32,1.75,0.78,93.85
20250701,5.54,4.2758,1.7664,2.3431,0.48,21.79,24.41,19.62,92.81,1.62,2.63,0.98,93.89
20250702,3.48,2.4962,0.1846,1.8679,0.28,21.82,23.57,20.63,89.14,1.03,1.69,0.63,93.95
20250703,0.83,5.2121,3.6936,2.2908,0.58,23.11,25.97,21.15,84.83,1.15,1.78,0.73,93.86
20250704,11.59,4.7141,3.4018,2.143,0.52,22.8,24.19,21.49,91.03,1.06,1.33,0.62,93.86
20250705,19.65,2.7732,0.2134,2.0155,0.31,22.86,24.86,21.23,88.67,0.94,1.34,0.59,93.92
20250706,12.73,3.955,1.6961,2.34,0.44,22.3,24.08,21.1,91.88,1.15,1.42,0.73,93.94
20250707,11.45,4.2,1.5017,2.4324,0.47,22.21,24.77,20.42,89.71,1.52,2.55,0.98,93.99
20250708,3.21,4.6937,3.3638,1.9906,0.52,22.07,24.88,19.72,83.95,1.49,2.08,0.91,93.92
20250709,0.02,3.6787,1.6735,2.0592,0.41,22.47,24.75,20.4,87.9,1.49,1.73,0.92,93.82
20250710,0.18,4.0766,1.3644,2.3914,0.45,22.73,24.87,21.51,91.35,1.32,2.21,0.78,93.71
20250711,0.07,2.9225,0.2822,2.039,0.32,22.65,24.49,21.16,91.03,1.44,1.98,0.87,93.77
20250712,0.19,3.5198,1.1882,2.0052,0.39,22.99,25.16,21.13,88.37,1.27,1.62,0.77,93.88
20250713,0.18,4.1489,1.2132,2.6239,0.46,23.09,25.61,21.45,88.66,1.11,1.95,0.69,93.9
20250714,0.47,3.072,0.3686,2.1727,0.34,22.4,24.48,20.67,88.36,1.28,1.93,0.77,93.88
20250715,1.06,2.3707,0.1315,1.7033,0.26,22.25,24.1,20.69,89.94,1.17,1.79,0.72,93.79
20250716,34.35,3.6634,0.8407,2.383,0.4,22.29,23.91,20.94,94.38,1.67,2.42,1.02,93.77
20250717,16.46,5.8582,4.2977,2.508,0.64,22.04,24.89,19.67,86.67,1.94,2.82,1.2,93.82
20250718,0.01,5.515,5.2922,1.6603,0.6,20.77,23.8,17.76,79.41,1.32,2.39,0.83,93.78
20250719,0.0,4.6757,3.4135,1.9781,0.51,21.58,24.59,19.08,83.4,1.63,2.09,1.01,93.72
20250720,0.0,5.7298,5.6436,1.6841,0.62,22.73,25.87,20.39,82.51,1.24,1.7,0.8,93.7
20250721,0.82,5.2157,4.0572,2.1341,0.57,23.37,26.76,20.07,82.09,1.21,1.8,0.72,93.75
20250722,0.45,4.7782,3.3475,2.1912,0.52,23.74,26.84,21.79,86.45,1.25,2.23,0.79,93.73
20250723,0.0,4.7616,3.4447,2.0268,0.52,24.1,27.02,22.13,88.73,1.68,2.37,1.03,93.66
20250724,10.3,5.3566,4.1033,2.1257,0.58,24.35,27.11,22.43,88.66,1.29,1.83,0.83,93.68
20250725,13.93,5.4907,4.495,2.0755,0.59,24.19,27.12,22.4,89.95,1.65,2.0,1.01,93.76
20250726,0.4,5.3191,4.2706,2.125,0.57,23.95,26.6,22.18,88.54,1.47,2.19,0.95,93.85
20250727,1.43,4.4441,2.1084,2.4451,0.48,23.4,25.68,21.84,85.74,1.12,2.07,0.73,93.92
20250728,0.39,5.2368,3.6418,2.2603,0.56,23.41,26.52,21.29,84.92,1.13,2.01,0.71,93.91
20250729,0.05,5.3136,4.1158,2.2262,0.57,23.57,26.14,21.57,87.68,1.27,2.04,0.82,93.91
20250730,0.01,5.3731,4.7566,1.8648,0.57,24.11,27.61,21.5,85.76,1.06,1.99,0.67,93.83
20250731,9.67,5.6726,4.8391,1.9774,0.61,23.9,27.19,21.09,84.61,1.3,1.8,0.8,93.88
20250801,19.0,5.0143,4.0349,1.8662,0.53,23.8,26.22,22.07,89.18,1.13,1.97,0.71,93.86
20250802,3.79,3.7277,1.6212,2.1,0.4,23.53,26.38,20.94,86.89,1.43,1.91,0.87,93.88
20250803,9.89,4.3543,1.8403,2.3532,0.46,23.78,26.39,21.96,87.53,1.36,2.03,0.85,93.87
20250804,3.49,3.9653,1.5089,2.1706,0.42,23.52,26.24,21.58,88.46,1.34,1.92,0.8,93.87
20250805,0.21,5.2536,3.8405,2.2457,0.56,23.5,26.82,21.49,86.51,1.42,2.55,0.88,93.86
20250806,3.76,5.0995,3.3058,2.3774,0.54,22.95,24.75,21.9,89.35,1.6,2.66,1.0,93.87
20250807,20.22,4.8302,2.8615,2.2913,0.51,23.0,25.15,21.44,88.72,1.05,1.61,0.66,93.88
20250808,8.24,5.0455,2.9974,2.4634,0.53,23.2,25.63,21.34,87.29,1.37,2.18,0.85,93.91
20250809,12.23,2.4502,0.0382,1.878,0.26,22.96,25.41,21.36,90.47,1.36,2.03,0.87,93.92
20250810,9.33,4.8144,2.394,2.5925,0.5,22.19,23.65,20.85,91.68,0.88,1.54,0.58,93.93
20250811,2.46,4.1424,2.4691,2.1134,0.43,22.38,25.4,19.89,88.05,1.41,2.29,0.91,93.81
20250812,0.06,4.914,4.0418,1.9762,0.51,23.1,26.06,21.15,83.52,1.6,2.71,1.04,93.8
20250813,0.0,5.7905,5.2752,2.0414,0.6,22.56,26.28,19.67,82.52,1.54,2.52,1.01,93.9
20250814,0.03,6.0118,5.5385,1.8468,0.62,22.44,25.72,20.0,82.89,1.63,3.09,1.08,93.89
20250815,0.12,3.0634,1.025,1.8353,0.32,22.69,25.71,20.21,85.25,1.44,2.33,0.93,93.76
20250816,0.03,3.5758,0.6007,2.5279,0.37,22.91,25.69,20.9,83.56,1.3,2.16,0.82,93.74
20250817,0.24,2.7247,0.1956,1.9627,0.28,22.92,25.48,20.79,83.58,1.07,1.68,0.67,93.89
20250818,0.79,4.5175,2.2214,2.3489,0.46,23.68,26.9,21.23,84.79,1.37,1.81,0.83,93.97
20250819,3.2,4.476,1.3663,2.6904,0.46,23.5,26.74,21.17,88.38,1.37,2.3,0.84,93.87
20250820,2.71,5.5901,4.4808,2.0136,0.57,23.04,25.64,20.87,86.71,1.14,2.34,0.71,93.85
20250821,2.26,4.8655,2.0098,2.8015,0.5,23.05,25.7,21.38,85.15,0.91,1.83,0.59,93.95
20250822,1.78,5.2802,3.0146,2.4154,0.54,22.97,26.13,21.05,83.32,1.13,1.94,0.7,93.92
20250823,16.22,3.7637,0.4735,2.7065,0.38,22.65,25.15,21.03,84.8,0.96,1.56,0.59,93.88
20250824,5.5,3.6768,0.2808,2.7197,0.37,21.79,24.32,20.03,86.97,1.0,1.87,0.64,93.93
20250825,8.79,4.1585,0.762,2.8306,0.42,21.82,24.72,19.93,87.58,1.49,2.3,0.94,93.92
20250826,8.82,3.6173,0.7529,2.531,0.37,21.77,24.21,19.97,89.67,1.64,2.6,1.01,93.94
20250827,0.29,4.5953,2.4278,2.351,0.46,22.78,25.79,20.68,83.92,1.31,2.29,0.83,93.85
20250828,0.73,3.9312,0.6638,2.4487,0.4,23.24,27.11,20.64,81.74,1.31,2.14,0.82,93.83
20250829,23.68,4.5931,1.6886,2.634,0.46,22.98,25.37,21.19,91.35,1.85,2.89,1.12,93.9
20250830,16.36,5.1178,3.0161,2.2891,0.51,22.99,26.19,20.76,85.33,1.52,2.68,0.96,93.95
20250831,4.37,5.2222,3.9002,2.0311,0.52,23.35,26.73,21.5,83.92,1.36,3.04,0.89,93.9
20250901,2.55,4.008,1.2434,2.4821,0.4,23.25,26.41,20.81,85.15,1.6,2.7,1.01,93.86
20250902,0.16,6.0394,5.3695,1.9759,0.6,22.82,26.64,19.2,84.06,1.46,2.22,0.89,93.9
20250903,0.26,4.5218,1.8094,2.682,0.45,23.23,26.62,20.94,83.0,1.5,2.77,0.92,93.89
20250904,5.4,4.355,1.919,2.5003,0.43,22.88,25.81,20.17,84.81,1.39,1.65,0.86,93.85
20250905,0.62,5.8358,3.8441,2.6971,0.58,23.68,27.44,20.21,83.57,1.48,2.16,0.92,93.79
20250906,2.99,4.3181,0.695,2.9554,0.43,23.88,27.2,21.33,85.76,1.33,2.08,0.82,93.86
20250907,6.67,3.9463,1.2163,2.4317,0.39,23.26,25.63,20.88,88.35,1.33,1.98,0.81,93.85
20250908,7.86,5.1348,3.0115,2.5531,0.51,23.55,26.87,20.5,86.64,1.33,1.99,0.82,93.83
20250909,2.9,5.0496,2.9042,2.4432,0.5,23.69,26.28,21.77,87.68,1.13,2.19,0.73,93.82
20250910,10.38,4.579,1.3884,2.8651,0.45,23.09,25.6,21.32,91.99,1.35,2.17,0.86,93.78
20250911,5.8,5.4797,4.134,2.1274,0.54,23.51,27.04,20.63,86.35,1.6,2.84,1.02,93.76
20250912,3.4,6.2818,4.7551,2.4197,0.62,23.67,26.99,21.69,86.63,1.88,2.64,1.17,93.84
20250913,0.02,6.1459,4.7095,2.3623,0.6,23.89,27.35,20.88,83.69,1.21,2.41,0.8,93.86
20250914,16.33,4.1282,1.0882,2.5562,0.4,23.02,25.08,21.13,88.29,0.87,1.51,0.59,93.9
20250915,27.99,5.1055,2.7086,2.4574,0.5,23.57,26.81,21.45,86.8,1.22,2.47,0.79,93.88
20250916,3.58,5.2946,3.3202,2.455,0.52,23.75,26.78,21.54,83.64,1.12,2.43,0.73,93.87
20250917,3.45,5.2049,2.7886,2.5524,0.51,23.48,26.56,21.3,82.96,1.23,1.96,0.8,93.9
20250918,0.3,5.4967,3.8386,2.3784,0.54,23.72,27.51,20.71,81.48,1.46,2.37,0.93,93.93
20250919,0.0,6.2518,4.6562,2.3323,0.61,23.86,27.4,21.03,81.45,1.26,2.01,0.81,93.96
20250920,0.0,6.4193,5.3714,2.0585,0.62,23.83,26.84,21.87,84.21,1.23,2.27,0.79,93.9
20250921,0.39,6.9101,6.1706,2.185,0.67,23.58,26.78,21.26,84.6,1.59,2.33,1.0,93.91
20250922,0.15,7.0066,6.6583,1.8403,0.68,23.08,25.62,20.78,83.92,1.33,1.93,0.85,93.87
20250923,0.67,6.685,5.7917,1.9994,0.65,23.46,27.32,20.48,80.23,1.32,1.66,0.84,93.83
20250924,2.81,4.8818,3.2131,2.1703,0.47,23.15,25.94,20.81,82.49,1.35,2.3,0.86,93.81
20250925,0.0,5.771,3.7956,2.3959,0.56,23.4,26.05,21.46,84.81,1.24,2.17,0.79,93.85
20250926,2.23,5.6112,3.7625,2.4115,0.54,23.9,26.94,21.22,82.21,1.13,1.82,0.73,93.89
20250927,5.91,3.4738,0.2081,2.5493,0.34,23.4,26.58,21.48,87.84,1.28,2.45,0.76,93.91
20250928,2.34,5.2514,1.9661,3.253,0.51,23.87,27.32,21.76,85.52,1.39,1.93,0.85,93.91
20250929,0.24,5.4732,3.215,2.5678,0.53,23.87,27.36,20.7,83.05,1.6,2.26,0.96,93.82
20250930,0.11,6.7843,6.5254,1.8799,0.65,24.11,27.49,21.17,81.96,1.25,1.81,0.8,93.8
20251001,0.05,6.6449,5.8342,2.1276,0.64,24.19,27.43,21.49,83.59,1.55,2.32,0.98,93.84
20251002,1.59,7.0145,6.3665,2.023,0.67,24.5,27.66,22.43,81.18,1.11,1.8,0.72,93.85
20251003,1.91,5.1562,2.5217,2.6021,0.5,23.71,26.08,21.02,81.14,1.31,1.64,0.81,93.96
20251004,21.08,5.6004,2.8915,2.7175,0.54,23.81,26.89,21.26,79.49,1.24,1.8,0.83,93.99
20251005,19.55,5.0345,2.1919,2.8445,0.48,23.24,26.13,21.22,86.96,1.58,2.4,1.0,94.0
20251006,11.88,3.6499,0.6454,2.4377,0.35,22.08,23.67,20.55,90.06,1.61,2.44,0.97,94.08
20251007,1.12,6.4027,4.2046,2.8939,0.61,22.87,26.26,20.2,77.35,1.33,1.97,0.83,94.04
20251008,2.16,5.4574,3.1795,2.6069,0.52,23.12,25.87,21.11,82.47,1.57,2.7,0.99,93.95
20251009,0.66,6.3778,4.4501,2.597,0.61,23.55,25.97,21.66,81.84,1.0,1.55,0.66,93.91
20251010,0.53,6.055,4.1969,2.5742,0.58,23.58,26.37,21.61,85.06,1.4,2.09,0.87,93.91
20251011,0.08,6.1507,4.4395,2.2759,0.59,23.75,27.14,20.8,82.23,1.35,1.7,0.82,93.91
20251012,0.01,5.8318,6.0451,1.65,0.56,24.1,27.52,21.03,81.0,1.48,2.01,0.93,93.89
20251013,0.2,6.6626,6.0636,2.081,0.64,24.78,28.49,21.94,79.87,1.02,1.69,0.66,93.79
20251014,20.93,5.8546,4.7676,2.1372,0.56,24.27,27.61,21.67,84.98,1.32,2.15,0.85,93.68
20251015,17.09,5.8867,4.1395,2.3599,0.56,24.39,27.28,22.67,85.57,1.35,2.41,0.87,93.56
20251016,2.81,5.8322,4.2797,2.3539,0.56,24.66,28.12,22.15,83.05,1.36,2.13,0.87,93.56
20251017,0.02,6.2244,4.4297,2.5567,0.6,25.06,28.84,21.75,82.15,1.35,1.96,0.86,93.56
20251018,9.22,6.1147,4.6147,2.2946,0.59,24.69,27.63,22.86,87.61,1.56,2.91,1.01,93.45
20251019,20.67,5.7722,4.7743,3.042,0.55,25.01,28.59,22.75,87.58,0.96,1.72,0.58,93.39
20251020,4.9,5.5169,3.1106,3.3079,0.53,24.65,27.96,22.06,86.47,1.46,2.15,0.89,93.48
20251021,1.79,4.8264,2.477,2.4302,0.46,23.97,26.72,21.89,86.89,1.16,1.93,0.77,93.53
20251022,3.1,5.3462,2.1626,3.2359,0.51,23.95,26.99,22.31,87.71,1.18,2.44,0.77,93.64
20251023,6.42,5.4924,2.9359,2.6357,0.53,24.18,27.5,22.08,87.05,1.83,2.78,1.12,93.67
20251024,2.61,5.3407,1.837,3.2258,0.51,23.75,26.77,20.56,80.74,1.19,1.84,0.73,93.74
20251025,2.61,5.6018,3.6305,2.3347,0.54,24.24,27.33,22.25,84.51,0.99,2.19,0.63,93.73
20251026,8.31,5.2987,3.1164,2.5368,0.51,23.25,25.04,21.98,91.89,1.03,1.54,0.66,93.78
20251027,1.82,5.3266,2.4938,2.9436,0.51,23.77,26.46,22.14,85.49,1.0,2.21,0.64,93.87
20251028,22.02,5.6472,3.6835,2.292,0.54,23.76,26.01,21.98,86.16,0.83,1.38,0.53,93.89
20251029,18.99,5.6189,2.8687,2.6678,0.54,23.93,26.66,22.44,86.58,1.38,1.95,0.87,93.9
20251030,0.39,6.2412,4.1527,2.7463,0.6,24.0,26.28,22.4,84.22,0.81,1.3,0.54,93.94
20251031,1.15,5.0698,2.5373,2.5488,0.49,24.58,27.19,22.72,82.47,1.29,2.26,0.84,94.0
20251101,0.82,6.4279,5.1226,2.1298,0.62,24.51,28.11,21.78,78.27,1.18,1.56,0.74,93.99
20251102,0.92,5.1701,3.4675,2.1305,0.5,24.61,27.79,22.45,80.75,1.27,2.01,0.84,93.92
20251103,3.44,5.6753,4.1146,2.4442,0.55,24.17,27.3,22.28,82.9,1.1,2.18,0.66,93.86
20251104,9.96,5.1115,1.5154,3.2198,0.49,23.93,25.87,22.35,89.96,1.47,2.32,0.88,93.78
20251105,2.21,6.3326,5.2759,2.6815,0.61,24.34,27.03,22.27,84.77,1.36,2.1,0.87,93.68
20251106,7.44,5.7005,3.5854,2.9585,0.55,23.78,25.58,22.28,89.37,1.4,2.15,0.85,93.72
20251107,11.5,4.8487,1.4417,3.125,0.47,24.0,26.64,22.29,85.68,0.88,1.61,0.56,93.79
20251108,4.21,5.7982,4.9318,2.3614,0.56,23.96,26.9,21.4,84.29,1.04,1.5,0.64,93.79
20251109,21.89,5.4684,2.4934,2.8706,0.53,23.64,25.83,22.06,92.09,1.72,2.59,1.04,93.73
20251110,9.66,3.9559,0.5686,2.8445,0.38,23.19,24.71,21.72,86.55,0.81,1.33,0.5,93.78
20251111,7.0,4.6337,1.5252,2.6263,0.45,23.98,27.4,21.15,82.99,1.42,2.12,0.91,93.79
20251112,8.67,4.8158,1.5494,2.9134,0.47,23.01,24.85,22.09,91.37,1.09,1.95,0.64,93.82
20251113,3.93,5.0909,3.5503,2.4821,0.49,23.76,27.15,21.52,85.38,0.98,1.57,0.58,93.74
20251114,0.88,5.2366,2.6539,2.671,0.51,23.66,26.85,21.56,84.05,0.95,1.59,0.59,93.72
20251115,0.48,5.3242,1.6867,3.3708,0.52,23.95,27.11,21.69,83.48,1.21,1.84,0.75,93.78
20251116,12.48,5.1017,1.3519,3.2014,0.5,23.95,25.95,22.51,88.99,1.3,1.64,0.81,93.84
20251117,6.68,5.4828,2.897,3.4032,0.53,24.55,27.29,22.69,86.06,1.41,2.04,0.87,93.75
20251118,5.81,4.9932,2.7338,2.4019,0.49,24.27,26.1,23.21,89.9,1.22,1.61,0.79,93.67
20251119,8.1,5.2958,2.6765,2.851,0.52,23.77,26.08,22.32,91.11,1.34,2.14,0.83,93.66
20251120,10.22,5.4379,3.5806,2.7797,0.53,24.47,27.68,22.64,86.92,1.27,2.11,0.75,93.69
20251121,13.12,4.7686,1.3178,3.1025,0.46,24.11,25.86,23.12,86.08,0.73,1.6,0.46,93.72
20251122,0.65,5.5411,4.0097,3.2604,0.54,24.61,28.11,21.67,82.67,1.36,2.1,0.84,93.67
20251123,0.73,5.1509,2.0491,3.4565,0.5,24.14,26.95,22.58,86.18,0.89,1.66,0.58,93.61
20251124,0.41,4.5425,2.7233,2.8051,0.44,24.45,28.24,21.63,82.47,1.15,2.27,0.75,93.61
20251125,2.76,5.1605,4.6138,2.8836,0.5,24.78,28.41,22.06,84.46,1.19,2.11,0.72,93.51
20251126,0.72,4.1424,0.6545,2.8886,0.41,24.27,26.51,23.0,90.17,1.29,1.84,0.8,93.59
20251127,0.1,5.1185,1.2055,3.4442,0.5,24.66,27.67,22.66,84.26,0.99,1.83,0.61,93.73
20251128,0.52,3.8928,0.696,2.6088,0.38,24.59,27.17,22.84,84.83,1.09,2.03,0.67,93.65
20251129,1.52,4.7546,1.5631,3.0595,0.47,24.19,26.85,22.13,87.0,1.0,1.78,0.61,93.72
20251130,1.56,5.2344,1.7698,3.449,0.51,24.97,28.19,22.59,81.85,1.17,2.0,0.74,93.79
20251201,0.88,5.0232,1.3426,3.1639,0.49,23.86,26.17,22.27,87.57,0.98,1.44,0.61,93.85
20251202,0.63,4.8386,1.1016,3.1099,0.47,24.75,28.23,22.59,82.73,0.89,1.76,0.57,93.73
20251203,37.88,4.8067,3.0374,2.177,0.47,23.6,26.08,21.82,88.83,1.1,1.76,0.65,93.8
20251204,4.64,5.3861,3.3223,2.561,0.53,23.61,26.05,21.83,85.3,0.76,1.28,0.48,93.82
20251205,0.83,4.8679,1.9798,2.6278,0.48,23.49,26.25,21.42,85.76,1.45,2.47,0.89,93.82
20251206,0.29,5.9227,4.6862,2.2169,0.58,24.41,27.51,22.34,83.35,1.67,2.58,1.05,93.73
20251207,0.47,5.7293,3.7085,2.5574,0.56,24.27,27.0,22.43,88.01,1.9,2.89,1.18,93.7
20251208,15.09,5.383,2.8322,2.7377,0.53,23.78,25.61,22.44,90.44,1.46,1.74,0.89,93.62
20251209,34.79,3.4344,0.2052,2.5303,0.34,23.43,25.16,22.33,92.47,1.29,1.67,0.81,93.64
20251210,0.64,5.3774,2.8085,2.9966,0.53,24.35,27.69,21.88,82.47,1.12,2.1,0.68,93.69
20251211,5.12,4.8427,1.7544,2.923,0.48,23.73,25.61,22.62,90.33,1.06,1.65,0.67,93.68
20251212,16.11,4.3414,1.2838,2.6729,0.43,23.86,26.39,22.1,88.6,1.23,1.76,0.76,93.59
20251213,14.25,3.9485,0.449,2.6657,0.39,23.68,25.93,22.12,89.74,1.38,2.19,0.87,93.59
20251214,0.62,4.3706,1.4023,2.4223,0.43,23.32,24.75,22.28,92.51,1.46,1.82,0.91,93.61
20251215,1.75,4.8581,2.0501,2.6755,0.48,23.35,25.57,21.74,89.8,1.19,1.72,0.73,93.64
20251216,15.93,5.0832,1.921,3.0614,0.5,23.93,27.33,22.05,89.36,1.23,2.02,0.75,93.61
20251217,7.77,5.4737,2.5752,2.8294,0.54,23.81,25.86,22.25,88.36,0.58,1.08,0.36,93.64
20251218,19.64,5.3424,2.147,3.1891,0.53,23.97,26.88,22.0,86.99,0.78,1.44,0.48,93.62
20251219,1.96,5.7886,4.0666,2.5322,0.57,24.02,27.25,21.75,83.6,1.14,1.96,0.71,93.56
20251220,1.05,5.2985,2.7175,2.7991,0.52,24.34,27.35,21.96,81.1,0.96,1.75,0.6,93.56
20251221,2.49,4.9829,0.732,3.6542,0.49,24.06,26.48,21.53,85.67,1.12,1.89,0.72,93.57
20251222,4.39,4.199,1.8482,2.6734,0.41,24.33,26.36,23.06,87.21,1.21,1.46,0.75,93.54
20251223,5.3,4.9793,2.869,2.4547,0.49,23.59,25.38,22.71,91.82,1.36,1.9,0.84,93.54
20251224,2.51,4.9946,1.608,3.3314,0.49,24.12,27.05,22.04,87.59,0.98,1.37,0.62,93.52
20251225,0.04,4.667,1.4974,3.0694,0.46,24.14,26.24,22.69,87.78,1.01,1.35,0.64,93.58
20251226,0.06,5.7319,3.9898,2.466,0.56,24.8,28.81,21.57,84.04,1.24,2.13,0.76,93.59
20251227,0.79,5.1235,1.9411,2.9112,0.5,24.32,27.12,22.15,86.24,1.16,1.75,0.73,93.69
20251228,1.06,5.5718,2.7377,3.1562,0.55,24.72,28.48,22.24,84.71,1.19,2.04,0.76,93.7
20251229,0.1,5.7026,3.3115,3.2402,0.56,24.98,28.39,22.49,83.03,0.94,1.73,0.61,93.66
20251230,0.13,4.1275,0.1819,3.1015,0.41,23.81,26.07,22.16,86.85,1.11,1.46,0.69,93.66
20251231,3.92,4.8588,0.5983,3.601,0.48,24.13,27.02,21.92,87.35,1.41,1.96,0.88,93.56
20260101,22.27,4.2106,1.1467,3.0158,0.41,23.82,26.4,22.03,90.83,1.29,1.94,0.78,93.61
20260102,6.33,5.4979,2.0765,3.2388,0.54,24.03,27.04,22.29,84.21,1.38,1.87,0.86,93.77
20260103,6.86,1.8727,0.312,1.2247,0.18,23.19,24.29,22.16,93.46,1.75,2.5,1.09,93.79
20260104,5.16,5.1876,2.2313,2.9215,0.51,23.15,25.46,21.48,88.47,1.31,1.85,0.83,93.8
20260105,19.31,4.7347,1.0699,3.097,0.46,22.8,24.13,21.89,93.15,1.38,1.79,0.85,93.79
20260106,14.13,4.0505,0.4618,2.8754,0.4,22.69,24.27,21.91,90.39,0.94,1.54,0.58,93.79
20260107,2.73,4.5871,0.7356,3.1882,0.45,23.95,27.34,21.86,83.47,0.81,1.24,0.51,93.8
20260108,1.95,4.152,0.3888,2.969,0.41,23.79,26.54,21.81,83.18,0.59,0.79,0.37,93.8
20260109,0.63,4.914,0.8186,3.5846,0.48,24.26,28.37,20.23,76.49,1.08,2.02,0.67,93.75
20260110,5.06,6.1385,4.7602,2.4454,0.6,24.12,27.3,21.53,77.36,0.96,1.81,0.6,93.75
20260111,22.16,4.1016,1.817,2.383,0.4,23.32,26.43,20.82,86.82,1.07,1.9,0.6,93.84
20260112,1.49,6.0276,3.6173,3.1459,0.59,23.53,27.83,20.3,77.99,1.51,2.42,0.91,93.87
20260113,0.36,5.5284,2.0698,3.3187,0.54,24.1,28.78,19.94,78.14,1.31,2.39,0.79,93.79
20260114,0.23,6.0557,3.9439,2.9088,0.59,24.64,28.3,21.1,75.76,1.02,1.77,0.63,93.7
20260115,0.11,5.2754,2.4554,2.7504,0.51,24.36,27.68,21.24,76.17,1.12,1.71,0.7,93.66
20260116,0.12,6.2131,5.7259,2.039,0.6,24.19,27.64,21.42,76.9,0.97,2.02,0.62,93.59
20260117,0.04,4.9452,1.4263,3.0245,0.48,24.1,27.99,20.53,79.57,1.25,1.98,0.78,93.52
20260118,6.03,5.737,4.4102,2.2668,0.56,24.34,27.99,21.55,81.85,0.76,1.75,0.49,93.44
20260119,3.22,4.8842,2.2776,2.6194,0.47,24.22,27.96,21.24,81.8,1.12,2.09,0.72,93.5
20260120,18.74,4.861,2.615,2.3347,0.47,24.15,27.74,21.36,80.63,0.83,1.47,0.52,93.58
20260121,1.84,5.5889,2.5145,3.2582,0.54,24.28,28.44,20.93,78.15,1.29,1.96,0.76,93.58
20260122,0.17,5.5282,2.2421,3.095,0.53,23.2,27.57,19.59,80.6,2.01,2.48,1.19,93.66
20260123,0.0,5.1638,1.4294,3.3727,0.5,24.0,28.91,19.25,77.53,1.37,2.43,0.83,93.79
20260124,0.0,6.5002,5.2968,2.7317,0.63,24.03,28.74,19.25,82.28,1.84,2.76,1.1,93.88
20260125,0.0,5.8925,3.5575,2.7842,0.57,24.37,27.01,22.43,84.5,1.33,1.95,0.83,93.88
20260126,0.0,5.6729,2.9664,3.324,0.55,24.5,27.35,22.38,82.29,1.21,1.95,0.77,93.87
20260127,0.46,5.8598,3.7205,2.6803,0.56,24.34,27.2,22.39,87.13,1.17,1.81,0.77,93.86
20260128,1.4,4.621,0.6571,3.3763,0.44,23.85,26.29,22.02,85.7,1.15,1.63,0.71,93.92
20260129,10.72,4.5233,1.247,3.0187,0.43,23.45,25.7,21.93,89.88,1.66,2.19,1.04,93.94
20260130,9.29,5.6688,3.595,2.4893,0.54,23.86,26.73,21.96,86.69,1.72,2.55,1.1,93.97
20260131,4.21,4.1107,0.84,2.8618,0.39,23.62,26.11,21.79,86.22,1.23,1.91,0.76,93.95
