# NASA POWER daily point,lat=-4.53006,lon=136.89348,grid_elev_m=303.99,period=19960101-20260131
DATE,PRECTOTCORR,ALLSKY_SFC_SW_DWN,ALLSKY_SFC_SW_DNI,ALLSKY_SFC_SW_DIFF,ALLSKY_KT,T2M,T2M_MAX,T2M_MIN,RH2M,WS10M,WS10M_MAX,WS2M,PS
19960101,39.48,4.7935,-999.0,3.5856,-999.0,24.13,25.79,22.81,92.8,1.0,2.21,0.41,97.58
19960102,9.68,5.5253,-999.0,2.9424,-999.0,24.14,26.52,22.3,91.53,1.31,2.07,0.48,97.51
19960103,13.78,5.5224,-999.0,3.3792,-999.0,24.11,26.19,23.2,95.49,1.45,2.41,0.58,97.42
19960104,2.5,5.0945,-999.0,3.6072,-999.0,24.08,25.58,22.97,94.77,1.43,2.36,0.63,97.17
19960105,0.93,5.5274,-999.0,3.792,-999.0,24.59,27.56,22.36,89.55,1.58,2.69,0.67,97.1
19960106,0.28,5.0333,-999.0,3.432,-999.0,24.58,27.7,22.76,88.48,1.41,2.56,0.59,97.19
19960107,7.76,5.2241,-999.0,3.9816,-999.0,24.64,26.73,23.15,91.92,1.24,2.12,0.54,97.21
19960108,4.91,5.1166,-999.0,2.7768,-999.0,24.98,28.79,22.64,89.71,1.32,2.77,0.58,97.16
19960109,15.7,5.2025,-999.0,2.8872,-999.0,24.27,26.81,22.75,92.23,1.4,2.67,0.5,97.17
19960110,15.3,5.1305,-999.0,4.7784,-999.0,23.97,26.35,22.88,93.25,1.1,1.91,0.47,97.26
19960111,25.97,3.9206,-999.0,3.2184,-999.0,24.57,27.23,23.04,90.14,1.09,2.36,0.43,97.28
19960112,2.56,5.6378,-999.0,3.192,-999.0,24.22,26.9,22.76,90.31,1.29,2.33,0.49,97.38
19960113,1.19,4.8701,-999.0,3.78,-999.0,24.0,26.82,22.25,91.26,1.2,2.03,0.5,97.38
19960114,19.75,3.767,-999.0,3.336,-999.0,23.98,26.28,22.51,91.05,1.21,2.02,0.5,97.34
19960115,0.52,5.9659,-999.0,2.1456,-999.0,24.13,27.58,21.45,87.95,1.22,2.16,0.52,97.37
19960116,2.28,5.6561,-999.0,2.8704,-999.0,24.29,27.65,21.71,88.32,1.24,1.87,0.5,97.31
19960117,6.02,5.5702,-999.0,4.404,-999.0,24.35,27.58,22.17,90.64,1.32,2.4,0.6,97.3
19960118,2.2,4.6186,-999.0,3.7464,-999.0,24.52,27.97,22.16,89.04,1.05,2.08,0.42,97.25
19960119,5.35,5.6527,-999.0,2.7672,-999.0,24.31,27.36,22.26,90.41,1.27,2.07,0.45,97.07
19960120,7.07,6.0086,-999.0,4.5,-999.0,24.29,26.57,22.57,92.32,0.93,1.75,0.35,97.04
19960121,2.35,4.8619,-999.0,4.4976,-999.0,24.59,26.99,22.85,91.08,1.1,1.82,0.44,97.13
19960122,5.09,5.651,-999.0,3.7704,-999.0,23.78,25.49,22.6,93.68,1.3,1.93,0.52,97.2
19960123,11.45,4.9591,-999.0,3.8352,-999.0,24.11,27.1,22.16,92.67,1.47,2.74,0.59,97.19
19960124,13.75,5.6414,-999.0,3.4032,-999.0,24.25,27.23,22.41,91.08,0.99,1.78,0.48,97.15
19960125,31.68,5.2658,-999.0,3.4848,-999.0,23.4,26.19,21.81,93.28,1.13,1.95,0.54,97.06
19960126,6.13,4.3032,-999.0,4.0224,-999.0,23.5,26.45,21.61,92.93,1.5,2.5,0.57,97.03
19960127,8.23,5.8411,-999.0,2.5608,-999.0,23.83,25.75,22.04,93.28,1.18,1.59,0.46,97.07
19960128,9.45,5.6374,-999.0,2.8152,-999.0,24.11,26.29,22.71,94.57,1.37,2.19,0.53,97.13
19960129,13.93,5.0047,-999.0,4.0968,-999.0,24.2,25.68,22.8,97.22,1.4,1.97,0.56,97.12
19960130,9.84,5.899,-999.0,2.376,-999.0,24.42,26.81,22.69,92.85,1.15,1.96,0.47,97.13
19960131,21.5,5.6066,-999.0,5.1024,-999.0,24.67,28.01,22.6,91.77,1.3,2.23,0.52,97.17
19960201,22.26,5.6518,-999.0,3.864,-999.0,24.42,27.54,22.19,91.88,1.34,2.45,0.6,97.05
19960202,13.38,5.3136,-999.0,3.0024,-999.0,24.25,25.89,23.19,94.17,1.23,2.15,0.59,97.04
19960203,3.34,4.3073,-999.0,3.6192,-999.0,23.66,25.34,22.46,92.87,0.89,1.56,0.44,97.12
19960204,5.78,5.4571,-999.0,4.0704,-999.0,24.07,26.18,22.29,93.68,1.47,2.4,0.58,97.13
19960205,8.57,6.0535,-999.0,3.2736,-999.0,24.69,27.76,22.81,92.47,1.48,2.75,0.59,97.15
19960206,7.96,4.4611,-999.0,3.9384,-999.0,23.82,25.38,21.85,95.83,1.64,2.95,0.65,97.28
19960207,40.04,5.2651,-999.0,3.7224,-999.0,23.27,24.92,21.75,92.58,0.91,1.48,0.37,97.33
19960208,29.54,4.1443,-999.0,3.5304,-999.0,23.61,26.23,21.8,91.86,0.74,1.14,0.36,97.37
19960209,2.27,5.1451,-999.0,4.3032,-999.0,24.2,27.18,21.99,90.64,1.14,2.01,0.42,97.29
19960210,59.45,5.6376,-999.0,4.5672,-999.0,24.51,25.89,23.31,97.9,1.2,1.58,0.52,97.24
19960211,32.04,5.1223,-999.0,3.7704,-999.0,24.37,25.84,23.51,97.12,1.4,2.37,0.56,97.31
19960212,11.03,5.1444,-999.0,4.3272,-999.0,23.97,25.17,23.07,95.4,1.19,1.47,0.48,97.35
19960213,3.92,5.3237,-999.0,4.6104,-999.0,24.34,26.81,22.31,89.81,0.96,1.5,0.35,97.31
19960214,17.02,5.8831,-999.0,4.0104,-999.0,24.57,26.43,22.95,94.38,1.14,1.78,0.48,97.09
19960215,1.42,5.6381,-999.0,4.0272,-999.0,25.67,27.79,24.47,87.29,1.15,2.36,0.55,96.98
19960216,99.02,5.2968,-999.0,3.1224,-999.0,24.95,26.26,23.88,90.92,1.22,2.36,0.54,97.08
19960217,28.76,4.8235,-999.0,2.9136,-999.0,24.27,26.15,23.08,94.53,1.37,2.2,0.57,97.33
19960218,14.98,6.6504,-999.0,2.9928,-999.0,24.48,27.77,22.43,89.64,1.26,2.43,0.57,97.4
19960219,9.83,4.727,-999.0,3.396,-999.0,24.0,27.47,22.01,90.23,1.14,2.15,0.51,97.38
19960220,10.67,5.3093,-999.0,3.4464,-999.0,23.36,26.19,21.63,93.01,1.12,1.93,0.47,97.44
19960221,5.12,4.8007,-999.0,4.5096,-999.0,23.94,27.33,21.9,89.56,1.14,2.24,0.53,97.35
19960222,0.2,5.8265,-999.0,2.988,-999.0,22.58,25.52,20.72,87.42,1.33,2.05,0.58,97.33
19960223,4.07,5.532,-999.0,4.0104,-999.0,23.74,27.58,20.59,89.28,1.72,3.0,0.75,97.18
19960224,2.55,5.8426,-999.0,3.096,-999.0,24.04,27.06,21.69,92.35,1.25,2.51,0.6,97.2
19960225,5.61,5.573,-999.0,3.9,-999.0,24.42,27.52,22.34,92.08,1.63,2.53,0.71,97.18
19960226,5.0,3.3684,-999.0,2.8896,-999.0,24.02,26.39,22.34,94.59,1.69,2.61,0.8,97.21
19960227,1.0,5.435,-999.0,3.2232,-999.0,24.37,27.71,21.67,89.83,1.7,2.62,0.72,97.22
19960228,2.56,5.2565,-999.0,4.0416,-999.0,24.53,27.8,22.22,88.25,1.06,1.57,0.38,97.16
19960229,6.21,5.455,-999.0,3.1512,-999.0,25.51,28.19,23.95,88.82,1.18,2.28,0.57,97.14
19960301,6.4,6.6106,-999.0,3.1944,-999.0,25.3,28.05,23.04,87.76,1.04,1.69,0.51,97.16
19960302,2.77,5.795,-999.0,3.7632,-999.0,25.47,29.19,22.25,86.44,1.09,2.25,0.43,97.14
19960303,5.79,6.079,-999.0,1.8288,-999.0,24.72,26.94,22.01,90.08,0.81,1.55,0.3,97.19
19960304,4.23,5.6988,-999.0,4.332,-999.0,23.78,27.15,20.83,88.48,1.32,1.81,0.45,97.26
19960305,0.52,5.9023,-999.0,4.4856,-999.0,25.7,29.81,22.28,83.02,1.16,2.32,0.42,97.08
19960306,0.01,6.4082,-999.0,3.804,-999.0,26.03,29.2,23.71,84.5,0.91,1.83,0.38,97.1
19960307,0.08,6.3689,-999.0,2.7552,-999.0,24.94,27.48,22.79,87.1,0.99,1.75,0.41,97.36
19960308,0.07,5.574,-999.0,3.0576,-999.0,24.71,27.65,22.8,86.37,1.1,1.74,0.43,97.4
19960309,0.01,6.3859,-999.0,2.7024,-999.0,24.81,28.25,22.56,88.05,1.24,1.97,0.5,97.38
19960310,0.28,6.4241,-999.0,3.5664,-999.0,24.25,27.48,21.99,84.36,1.12,1.65,0.39,97.5
19960311,0.04,5.6654,-999.0,4.0584,-999.0,24.06,27.8,20.78,81.53,1.18,1.79,0.36,97.6
19960312,0.34,6.3379,-999.0,3.828,-999.0,24.58,28.83,21.17,83.59,1.3,1.86,0.46,97.66
19960313,26.83,5.1307,-999.0,4.716,-999.0,23.54,26.12,22.06,93.91,1.26,2.14,0.49,97.56
19960314,8.59,5.2495,-999.0,4.8288,-999.0,24.24,26.84,22.42,90.23,1.18,2.42,0.47,97.53
19960315,5.49,5.5944,-999.0,2.4648,-999.0,24.69,27.16,23.0,91.1,1.21,2.09,0.52,97.53
19960316,50.51,4.613,-999.0,2.9184,-999.0,24.41,25.82,23.05,96.12,1.26,2.0,0.51,97.43
19960317,6.3,6.0989,-999.0,3.168,-999.0,24.83,26.94,23.54,89.07,0.93,1.66,0.45,97.46
19960318,0.52,5.5478,-999.0,3.108,-999.0,25.45,28.86,23.15,88.66,1.29,2.31,0.54,97.33
19960319,0.27,5.743,-999.0,3.6744,-999.0,25.34,27.96,23.27,88.46,1.16,2.19,0.45,97.17
19960320,3.71,5.3215,-999.0,4.0056,-999.0,24.6,26.5,23.07,94.33,1.51,2.6,0.65,97.26
19960321,0.99,5.7106,-999.0,4.0032,-999.0,24.42,26.95,22.77,90.83,1.16,2.19,0.48,97.42
19960322,5.83,5.6326,-999.0,5.16,-999.0,24.96,28.26,22.42,88.76,1.35,2.48,0.6,97.32
19960323,4.12,5.3244,-999.0,3.6432,-999.0,24.76,27.65,22.79,89.91,1.46,2.64,0.64,97.38
19960324,2.69,6.071,-999.0,4.0608,-999.0,24.17,26.91,22.11,90.7,0.98,1.61,0.4,97.36
19960325,0.35,5.6986,-999.0,4.7952,-999.0,24.73,27.95,21.96,87.43,1.27,2.05,0.46,97.26
19960326,5.57,4.6824,-999.0,3.084,-999.0,25.13,27.5,23.38,93.17,1.45,1.99,0.62,97.14
19960327,3.16,4.8653,-999.0,3.6816,-999.0,25.56,28.39,24.1,93.45,1.39,2.51,0.58,97.1
19960328,20.83,3.1243,-999.0,2.6088,-999.0,25.28,28.34,22.77,90.32,1.14,1.91,0.46,97.12
19960329,9.72,5.7302,-999.0,4.6272,-999.0,25.41,28.89,23.48,91.06,1.2,1.65,0.49,97.2
19960330,3.72,5.6808,-999.0,3.9504,-999.0,25.33,28.31,23.61,91.51,1.12,2.03,0.48,97.24
19960331,6.13,4.6435,-999.0,4.1448,-999.0,24.77,27.18,23.08,92.99,1.51,2.38,0.63,97.13
19960401,24.56,5.4662,-999.0,3.9984,-999.0,24.54,26.29,23.03,95.47,1.24,1.6,0.5,97.05
19960402,11.6,5.207,-999.0,3.5784,-999.0,24.58,25.66,23.96,96.21,1.33,1.94,0.54,97.08
19960403,26.67,5.0462,-999.0,4.8936,-999.0,25.12,26.76,23.62,91.43,0.88,1.66,0.44,97.1
19960404,61.6,4.8907,-999.0,4.7472,-999.0,24.51,25.71,23.52,95.37,1.04,1.69,0.48,97.21
19960405,17.53,3.4481,-999.0,3.1584,-999.0,23.67,25.22,21.95,94.85,1.0,1.7,0.5,97.39
19960406,2.1,4.8739,-999.0,4.2696,-999.0,23.47,25.98,21.17,88.18,0.71,1.11,0.3,97.49
19960407,1.37,3.3492,-999.0,3.0264,-999.0,23.81,26.24,21.48,88.95,1.03,1.54,0.4,97.53
19960408,11.38,5.1994,-999.0,3.2784,-999.0,23.57,25.93,21.51,92.27,0.87,1.49,0.38,97.47
19960409,61.22,4.6265,-999.0,2.3256,-999.0,24.33,27.33,22.62,91.53,1.25,2.27,0.5,97.27
19960410,38.03,4.5391,-999.0,3.6792,-999.0,24.56,27.74,21.88,91.93,1.14,1.93,0.45,97.28
19960411,24.43,3.7822,-999.0,3.1128,-999.0,24.38,25.74,23.1,95.08,1.04,1.71,0.41,97.33
19960412,8.28,5.1667,-999.0,3.2784,-999.0,24.77,26.9,22.82,92.15,1.13,2.19,0.52,97.44
19960413,7.38,3.899,-999.0,3.432,-999.0,23.41,24.51,22.05,95.03,0.79,1.22,0.27,97.66
19960414,0.14,5.9892,-999.0,2.424,-999.0,24.31,27.47,21.87,89.38,1.15,1.94,0.49,97.7
19960415,4.41,5.0784,-999.0,2.844,-999.0,24.52,27.27,22.45,90.21,1.03,1.64,0.45,97.48
19960416,10.76,5.473,-999.0,2.3568,-999.0,24.57,27.23,22.98,92.25,1.24,1.87,0.54,97.41
19960417,7.04,5.9045,-999.0,2.6424,-999.0,24.13,26.48,22.72,93.74,1.32,2.19,0.61,97.49
19960418,0.04,6.1927,-999.0,2.2488,-999.0,24.45,27.18,22.5,88.5,1.05,1.71,0.47,97.42
19960419,0.3,4.2264,-999.0,3.6912,-999.0,24.75,27.7,22.76,91.16,1.48,2.77,0.61,97.35
19960420,19.63,5.1523,-999.0,2.7672,-999.0,24.42,26.61,22.83,92.64,1.48,2.27,0.59,97.39
19960421,27.16,5.1528,-999.0,4.3176,-999.0,23.94,25.49,22.9,95.22,1.48,2.87,0.6,97.46
19960422,25.54,5.0614,-999.0,3.9744,-999.0,24.25,27.16,22.24,93.07,1.63,2.87,0.68,97.46
19960423,40.05,4.4923,-999.0,4.368,-999.0,23.97,26.38,22.91,93.8,1.47,2.16,0.6,97.41
19960424,13.14,4.435,-999.0,2.9496,-999.0,24.05,26.73,22.36,93.58,1.28,2.07,0.5,97.38
19960425,11.91,4.843,-999.0,3.9408,-999.0,24.19,25.77,23.08,96.67,1.3,2.67,0.56,97.38
19960426,28.86,5.4295,-999.0,3.4896,-999.0,24.12,25.93,22.84,94.82,1.12,1.66,0.54,97.38
19960427,33.3,3.6271,-999.0,3.5328,-999.0,24.78,25.76,24.01,97.43,1.46,2.16,0.54,97.28
19960428,18.61,5.0707,-999.0,3.6504,-999.0,24.86,27.48,23.31,90.0,1.01,1.78,0.41,97.24
19960429,10.85,4.243,-999.0,2.6952,-999.0,25.11,28.19,23.28,91.47,0.97,1.93,0.39,97.08
19960430,8.68,5.1406,-999.0,3.1272,-999.0,24.89,26.28,23.69,95.61,0.99,1.59,0.43,97.1
19960501,6.54,5.1017,-999.0,3.3048,-999.0,24.89,26.4,23.83,94.35,1.13,2.02,0.5,97.24
19960502,3.32,2.987,-999.0,2.2248,-999.0,24.46,26.36,23.17,91.95,0.94,1.93,0.41,97.38
19960503,6.83,4.5811,-999.0,3.4296,-999.0,24.23,26.47,22.91,93.11,0.84,1.15,0.36,97.36
19960504,8.08,4.5341,-999.0,3.4128,-999.0,24.7,27.91,22.18,91.34,1.07,2.15,0.43,97.3
19960505,12.53,3.8138,-999.0,3.3936,-999.0,24.6,26.66,22.94,93.87,1.25,1.89,0.52,97.41
19960506,17.75,4.4417,-999.0,3.576,-999.0,23.63,25.82,21.72,95.2,1.12,1.76,0.46,97.5
19960507,5.91,3.3274,-999.0,2.892,-999.0,23.63,26.25,21.92,92.56,1.3,1.95,0.52,97.6
19960508,0.25,5.1986,-999.0,3.408,-999.0,23.58,26.92,20.77,88.31,1.09,1.58,0.46,97.56
19960509,0.28,5.3813,-999.0,3.2352,-999.0,24.8,28.25,22.35,88.35,0.9,1.97,0.41,97.56
19960510,0.07,6.2863,-999.0,1.2072,-999.0,24.24,27.92,21.73,87.85,0.94,1.58,0.35,97.58
19960511,0.13,5.3954,-999.0,3.1392,-999.0,23.55,27.35,20.79,83.03,1.15,1.52,0.46,97.56
19960512,0.2,6.12,-999.0,1.38,-999.0,24.31,27.92,21.04,83.71,1.01,1.43,0.5,97.52
19960513,13.63,4.6891,-999.0,2.6064,-999.0,24.35,26.25,23.08,93.17,1.32,1.68,0.6,97.54
19960514,18.98,4.896,-999.0,3.8904,-999.0,24.05,25.79,22.84,95.16,1.27,2.07,0.5,97.55
19960515,0.51,5.095,-999.0,2.4744,-999.0,24.39,27.44,21.88,90.81,1.43,2.22,0.58,97.6
19960516,1.82,4.8425,-999.0,3.4752,-999.0,24.4,26.35,23.53,93.59,1.37,1.8,0.51,97.7
19960517,19.63,4.925,-999.0,3.4104,-999.0,24.0,26.24,22.76,93.26,1.21,2.01,0.53,97.63
19960518,14.56,4.7964,-999.0,3.672,-999.0,23.96,26.73,22.08,91.05,1.33,2.28,0.57,97.46
19960519,3.63,4.9682,-999.0,2.8728,-999.0,23.42,25.74,22.29,93.88,1.33,2.1,0.57,97.54
19960520,8.08,4.4443,-999.0,4.236,-999.0,23.08,24.96,21.71,95.09,1.27,1.92,0.58,97.61
19960521,7.34,3.4253,-999.0,3.2736,-999.0,22.43,23.65,21.42,95.17,1.3,1.99,0.56,97.69
19960522,2.5,4.3524,-999.0,3.4272,-999.0,22.74,24.89,21.19,93.43,1.17,2.25,0.55,97.66
19960523,0.65,4.5612,-999.0,3.6864,-999.0,23.52,26.67,21.17,91.52,1.4,2.02,0.59,97.54
19960524,1.38,4.6349,-999.0,3.6168,-999.0,23.89,26.18,22.31,93.45,1.53,2.07,0.63,97.57
19960525,3.24,4.236,-999.0,3.744,-999.0,24.13,26.93,22.21,93.18,1.49,2.31,0.6,97.61
19960526,1.43,4.7131,-999.0,3.18,-999.0,24.1,25.45,23.21,94.39,1.02,1.83,0.43,97.49
19960527,2.1,4.6704,-999.0,2.6376,-999.0,24.49,26.81,23.01,93.63,1.33,2.1,0.57,97.4
19960528,4.02,4.344,-999.0,3.8088,-999.0,23.79,25.22,22.93,95.8,1.43,2.08,0.55,97.36
19960529,9.21,5.4343,-999.0,2.1384,-999.0,23.42,24.65,22.5,96.87,1.05,2.02,0.46,97.49
19960530,45.03,4.0579,-999.0,3.4488,-999.0,23.64,25.12,22.44,96.44,1.05,1.31,0.45,97.51
19960531,18.59,2.1742,-999.0,1.5792,-999.0,24.13,25.14,23.05,95.58,0.81,1.27,0.38,97.51
19960601,21.02,4.0738,-999.0,3.348,-999.0,23.86,26.77,21.85,93.27,1.67,2.71,0.72,97.46
19960602,11.55,4.488,-999.0,4.0272,-999.0,23.72,26.0,22.13,93.74,1.62,2.38,0.68,97.39
19960603,5.42,4.3822,-999.0,4.1664,-999.0,23.38,25.33,22.41,94.28,1.17,1.74,0.48,97.45
19960604,8.53,3.0382,-999.0,2.8992,-999.0,23.64,26.04,22.52,94.24,1.28,2.03,0.53,97.44
19960605,9.9,4.5917,-999.0,3.0984,-999.0,23.21,25.22,22.36,94.72,1.17,1.98,0.5,97.41
19960606,6.84,3.7488,-999.0,3.6816,-999.0,23.02,24.09,22.23,96.26,1.32,2.23,0.53,97.39
19960607,1.11,3.8172,-999.0,3.7392,-999.0,23.3,25.32,21.95,93.41,1.24,2.28,0.53,97.32
19960608,1.97,3.5902,-999.0,3.5448,-999.0,23.41,25.39,22.39,92.82,1.29,1.95,0.55,97.26
19960609,6.79,4.8398,-999.0,3.2712,-999.0,23.6,25.99,22.16,93.91,1.38,2.14,0.56,97.29
19960610,22.99,3.9024,-999.0,3.7536,-999.0,23.27,24.64,22.54,96.39,0.98,1.24,0.45,97.32
19960611,22.75,2.7166,-999.0,2.2608,-999.0,23.35,24.3,22.68,97.82,1.26,2.12,0.49,97.32
19960612,12.21,4.4354,-999.0,3.912,-999.0,23.45,25.7,22.35,94.97,1.31,1.93,0.53,97.32
19960613,25.65,3.7819,-999.0,4.008,-999.0,23.41,25.2,22.14,96.13,1.23,2.12,0.54,97.39
19960614,42.44,4.6536,-999.0,2.976,-999.0,23.25,24.35,22.62,96.29,0.97,1.79,0.38,97.39
19960615,15.3,3.6288,-999.0,3.6192,-999.0,22.94,24.53,21.72,95.57,1.39,2.22,0.55,97.42
19960616,11.83,4.7292,-999.0,3.9288,-999.0,22.69,24.2,21.53,97.04,1.14,1.5,0.52,97.54
19960617,27.2,3.3684,-999.0,3.3264,-999.0,23.85,26.47,22.14,94.01,1.27,2.24,0.53,97.49
19960618,5.11,3.8338,-999.0,3.924,-999.0,24.26,26.83,22.6,92.27,1.29,2.43,0.55,97.4
19960619,20.22,4.2713,-999.0,3.468,-999.0,24.22,26.64,22.44,93.69,1.59,2.92,0.63,97.45
19960620,8.74,5.0873,-999.0,2.4216,-999.0,24.32,26.91,22.74,94.52,1.39,2.35,0.58,97.5
19960621,3.69,2.9722,-999.0,2.7768,-999.0,23.4,24.01,22.67,96.99,1.52,2.2,0.61,97.55
19960622,0.36,4.6601,-999.0,2.8728,-999.0,23.22,25.07,22.18,92.75,0.91,1.89,0.4,97.55
19960623,22.9,4.3963,-999.0,2.7648,-999.0,22.61,24.01,21.66,93.72,0.88,1.65,0.36,97.58
19960624,6.93,3.7068,-999.0,3.5448,-999.0,23.51,26.29,21.56,90.41,1.03,2.06,0.44,97.59
19960625,4.03,4.4045,-999.0,2.9472,-999.0,23.56,25.65,22.23,94.06,1.03,2.14,0.42,97.68
19960626,2.75,4.6411,-999.0,3.0264,-999.0,23.88,26.15,22.56,93.89,1.13,2.15,0.44,97.72
19960627,4.25,4.6889,-999.0,3.3936,-999.0,24.37,26.89,23.02,92.47,1.36,2.7,0.57,97.72
19960628,1.7,5.1653,-999.0,2.052,-999.0,24.2,26.69,22.84,93.37,1.39,2.22,0.6,97.75
19960629,6.11,4.1141,-999.0,3.804,-999.0,23.83,25.73,22.79,94.29,1.45,2.39,0.59,97.75
19960630,1.28,3.3571,-999.0,3.2856,-999.0,23.4,26.08,21.49,90.58,1.39,2.49,0.59,97.69
19960701,2.21,3.858,-999.0,3.6912,-999.0,22.86,25.45,21.16,91.12,1.28,2.3,0.55,97.68
19960702,52.81,4.4302,-999.0,3.0168,-999.0,23.18,25.74,21.64,94.82,1.48,2.68,0.61,97.63
19960703,29.32,4.4292,-999.0,3.564,-999.0,22.88,24.25,21.79,96.51,1.09,1.37,0.45,97.58
19960704,5.3,4.0418,-999.0,4.1496,-999.0,23.68,26.86,21.84,92.73,1.01,1.84,0.41,97.41
19960705,14.13,3.3156,-999.0,2.6712,-999.0,23.3,24.88,22.24,95.95,1.58,2.55,0.66,97.25
19960706,10.22,4.1232,-999.0,3.2064,-999.0,23.77,26.59,21.98,93.11,1.16,1.98,0.5,97.2
19960707,0.03,5.4874,-999.0,1.7472,-999.0,24.51,27.25,22.81,91.9,1.08,1.65,0.44,97.21
19960708,10.72,4.4177,-999.0,3.6408,-999.0,23.82,24.67,23.05,95.67,1.54,2.63,0.63,97.32
19960709,0.94,3.871,-999.0,3.8568,-999.0,24.54,27.29,23.06,92.4,1.53,2.61,0.65,97.26
19960710,5.56,4.5163,-999.0,3.9624,-999.0,24.68,27.51,22.96,88.73,1.12,2.2,0.51,97.28
19960711,47.41,4.0882,-999.0,4.2072,-999.0,24.09,26.92,22.49,91.83,1.19,2.43,0.51,97.33
19960712,20.5,3.4591,-999.0,3.4968,-999.0,23.32,25.48,21.92,93.84,1.3,2.45,0.55,97.4
19960713,0.91,4.0846,-999.0,4.2,-999.0,22.92,25.53,21.6,92.14,1.42,2.38,0.6,97.53
19960714,0.18,4.0337,-999.0,3.5328,-999.0,22.82,26.0,21.33,89.92,1.28,2.27,0.59,97.49
19960715,0.21,3.8191,-999.0,3.684,-999.0,22.88,25.8,21.25,91.73,1.32,2.4,0.53,97.47
19960716,22.56,3.876,-999.0,3.7704,-999.0,22.8,25.77,21.17,90.82,1.3,2.41,0.49,97.48
19960717,34.52,2.7862,-999.0,2.46,-999.0,22.22,23.94,21.01,95.22,1.08,1.86,0.5,97.56
19960718,16.7,4.1155,-999.0,3.6912,-999.0,22.0,24.07,20.86,95.5,1.25,1.72,0.53,97.56
19960719,4.53,2.7089,-999.0,2.3136,-999.0,21.58,22.97,20.86,95.67,0.97,1.35,0.43,97.52
19960720,2.55,3.2954,-999.0,3.2856,-999.0,22.42,24.39,20.53,94.06,1.0,1.63,0.38,97.49
19960721,15.14,2.6551,-999.0,2.3856,-999.0,22.79,25.45,21.33,93.99,1.31,2.55,0.55,97.48
19960722,55.33,2.6966,-999.0,2.3328,-999.0,22.19,24.65,20.84,94.76,1.38,2.45,0.58,97.55
19960723,24.01,3.9437,-999.0,3.6792,-999.0,23.08,25.53,20.98,91.16,1.12,1.97,0.47,97.5
19960724,23.81,4.5694,-999.0,3.2352,-999.0,22.99,25.49,21.55,94.1,1.43,2.41,0.6,97.5
19960725,9.27,4.5689,-999.0,3.0336,-999.0,23.41,26.37,21.82,93.2,1.34,2.45,0.53,97.5
19960726,3.32,3.0566,-999.0,2.9376,-999.0,22.85,25.11,21.66,93.67,1.51,2.79,0.63,97.63
19960727,0.58,3.7824,-999.0,4.1016,-999.0,22.62,26.48,20.06,88.63,1.32,2.32,0.56,97.62
19960728,0.25,4.9032,-999.0,4.0704,-999.0,22.51,25.82,20.6,91.03,1.49,2.76,0.6,97.56
19960729,0.01,3.6917,-999.0,3.804,-999.0,22.71,25.87,20.82,90.37,1.55,2.81,0.68,97.49
19960730,6.78,2.7098,-999.0,2.5416,-999.0,22.25,24.44,20.86,92.93,1.55,2.66,0.64,97.62
19960731,1.69,3.4519,-999.0,3.5952,-999.0,22.37,25.09,20.68,92.96,1.34,2.39,0.6,97.66
19960801,0.17,3.7702,-999.0,3.9888,-999.0,22.7,25.29,21.05,92.21,1.39,2.79,0.53,97.68
19960802,0.01,4.7388,-999.0,3.8016,-999.0,23.34,26.06,21.48,90.6,1.31,2.67,0.52,97.63
19960803,0.03,3.6307,-999.0,3.4416,-999.0,23.7,26.49,21.83,91.8,1.07,1.51,0.44,97.63
19960804,9.2,3.4562,-999.0,3.3408,-999.0,23.47,25.61,21.71,93.84,1.1,1.93,0.43,97.64
19960805,7.74,3.6931,-999.0,3.8952,-999.0,23.94,27.09,21.94,91.18,1.31,2.63,0.53,97.62
19960806,1.14,4.0109,-999.0,3.6,-999.0,23.57,26.75,21.85,91.48,1.26,2.59,0.49,97.66
19960807,1.67,4.1683,-999.0,4.1064,-999.0,22.26,24.17,20.54,93.48,1.22,2.74,0.48,97.78
19960808,0.67,4.782,-999.0,3.072,-999.0,23.57,28.33,20.08,84.59,1.25,1.81,0.49,97.53
19960809,13.25,3.8189,-999.0,3.5856,-999.0,22.8,24.53,21.33,95.24,0.93,1.44,0.37,97.52
19960810,84.08,4.6375,-999.0,4.1952,-999.0,24.13,27.16,22.27,90.19,1.48,2.32,0.62,97.49
19960811,39.78,3.799,-999.0,3.6792,-999.0,22.96,23.89,22.09,97.2,1.5,2.26,0.59,97.6
19960812,2.93,3.7351,-999.0,3.8784,-999.0,23.11,25.39,21.81,93.05,1.07,1.57,0.48,97.56
19960813,33.19,2.7895,-999.0,2.5368,-999.0,22.87,24.51,21.47,95.15,0.88,1.36,0.38,97.55
19960814,13.3,5.7122,-999.0,3.336,-999.0,23.65,26.68,21.89,93.06,1.36,2.41,0.57,97.55
19960815,0.13,6.1879,-999.0,2.1936,-999.0,24.38,27.6,22.27,91.1,1.28,2.53,0.51,97.47
19960816,20.55,4.6361,-999.0,3.9864,-999.0,24.27,26.84,22.99,93.54,1.66,2.47,0.65,97.47
19960817,24.53,4.7009,-999.0,4.4736,-999.0,23.7,25.61,22.44,95.23,1.09,1.73,0.44,97.35
19960818,7.74,3.8412,-999.0,3.6696,-999.0,23.1,24.74,21.99,95.43,1.24,2.2,0.48,97.38
19960819,11.6,4.7856,-999.0,4.2624,-999.0,22.95,25.84,21.51,93.32,1.37,2.52,0.53,97.44
19960820,10.15,3.7692,-999.0,3.3504,-999.0,22.35,23.82,21.58,95.45,1.41,2.15,0.59,97.49
19960821,54.36,3.5119,-999.0,3.4968,-999.0,22.88,25.16,21.55,94.03,1.64,2.62,0.67,97.53
19960822,52.02,3.3602,-999.0,3.384,-999.0,23.22,25.6,22.11,92.79,1.23,2.74,0.53,97.5
19960823,23.22,3.9017,-999.0,4.0056,-999.0,23.45,26.42,21.86,92.08,1.44,2.34,0.58,97.46
19960824,45.67,4.7422,-999.0,4.3056,-999.0,22.55,24.01,21.74,95.69,1.35,2.1,0.57,97.52
19960825,16.38,4.877,-999.0,4.2888,-999.0,23.23,25.36,21.76,93.34,1.13,2.1,0.49,97.53
19960826,3.25,3.3029,-999.0,3.1608,-999.0,24.14,27.66,22.08,91.6,1.48,2.65,0.59,97.58
19960827,5.19,4.5204,-999.0,3.8952,-999.0,23.75,26.54,22.19,93.89,1.55,2.55,0.58,97.56
19960828,35.56,4.7366,-999.0,3.6336,-999.0,23.74,26.73,21.69,93.95,1.32,2.59,0.48,97.34
19960829,18.59,3.1289,-999.0,2.5656,-999.0,23.31,25.84,21.97,95.3,0.98,1.57,0.38,97.43
19960830,3.11,5.2754,-999.0,4.6848,-999.0,23.42,25.26,22.06,94.53,0.81,1.3,0.33,97.49
19960831,7.14,3.9274,-999.0,3.9096,-999.0,23.3,24.81,22.52,95.64,0.9,1.51,0.36,97.49
19960901,6.01,5.3647,-999.0,3.3552,-999.0,23.0,24.31,22.0,95.27,0.93,1.72,0.42,97.41
19960902,4.9,3.9062,-999.0,3.852,-999.0,22.08,23.42,20.93,94.96,0.99,1.52,0.4,97.45
19960903,4.23,4.5199,-999.0,4.2504,-999.0,22.25,25.16,20.48,91.54,1.13,2.42,0.49,97.47
19960904,7.36,3.8294,-999.0,3.876,-999.0,22.59,24.57,21.47,93.23,1.24,2.16,0.56,97.42
19960905,6.18,3.3648,-999.0,3.084,-999.0,22.41,24.08,21.5,94.56,1.14,1.8,0.51,97.44
19960906,23.01,4.087,-999.0,4.1592,-999.0,22.87,25.78,21.39,93.17,1.54,2.47,0.63,97.31
19960907,26.2,2.664,-999.0,2.2344,-999.0,22.76,25.05,21.53,94.75,1.39,2.62,0.6,97.3
19960908,27.76,4.7844,-999.0,4.0992,-999.0,23.18,26.07,21.77,93.06,1.24,2.23,0.53,97.21
19960909,40.36,3.4253,-999.0,3.1896,-999.0,22.52,24.36,21.51,95.52,1.25,2.1,0.53,97.19
19960910,31.35,2.6938,-999.0,2.2896,-999.0,22.62,24.3,21.46,95.95,0.92,1.8,0.36,97.17
19960911,14.77,5.4545,-999.0,3.8424,-999.0,23.56,26.63,21.92,94.55,1.55,2.55,0.62,97.15
19960912,14.3,2.7958,-999.0,2.3736,-999.0,23.02,24.39,21.99,97.36,1.4,2.27,0.57,97.28
19960913,4.12,4.356,-999.0,4.284,-999.0,23.45,26.56,21.36,91.92,1.21,2.39,0.46,97.37
19960914,1.26,3.7457,-999.0,3.1584,-999.0,23.63,26.18,21.94,91.8,1.49,2.53,0.58,97.43
19960915,1.65,3.3989,-999.0,3.0504,-999.0,23.62,25.68,22.45,93.73,1.27,2.23,0.5,97.48
19960916,1.04,4.5134,-999.0,4.3608,-999.0,24.08,26.39,22.55,91.75,1.23,2.28,0.46,97.52
19960917,0.82,5.7946,-999.0,4.4832,-999.0,24.57,27.96,22.34,90.88,1.45,2.55,0.54,97.44
19960918,0.09,6.1742,-999.0,3.3432,-999.0,23.85,25.54,22.69,94.41,1.26,1.78,0.51,97.4
19960919,3.9,4.6944,-999.0,4.1808,-999.0,23.86,26.49,22.28,92.73,1.51,2.83,0.59,97.45
19960920,0.5,5.8037,-999.0,3.6192,-999.0,24.08,27.66,21.98,90.2,1.14,2.21,0.51,97.55
19960921,16.01,6.7181,-999.0,2.9112,-999.0,23.94,27.59,21.11,86.4,1.09,1.67,0.49,97.63
19960922,3.11,6.0734,-999.0,4.6224,-999.0,23.48,27.48,20.62,86.78,1.13,2.03,0.46,97.53
19960923,0.0,6.7894,-999.0,2.5944,-999.0,23.65,27.76,19.57,85.37,1.0,1.72,0.46,97.47
19960924,0.57,6.6077,-999.0,3.2808,-999.0,24.02,27.5,21.41,88.41,1.24,2.31,0.51,97.45
19960925,4.94,4.7378,-999.0,4.5696,-999.0,22.59,24.23,21.0,94.52,1.42,2.19,0.53,97.51
19960926,3.59,5.4211,-999.0,3.4344,-999.0,23.4,25.99,21.42,89.78,1.19,2.0,0.51,97.47
19960927,2.44,5.3594,-999.0,3.4752,-999.0,23.89,27.33,21.72,92.05,1.18,1.85,0.45,97.44
19960928,0.9,5.2625,-999.0,3.8784,-999.0,24.92,28.75,22.39,87.82,1.29,2.54,0.52,97.36
19960929,7.69,3.715,-999.0,3.5448,-999.0,24.13,26.91,22.45,92.6,1.54,2.61,0.61,97.35
19960930,4.43,5.1538,-999.0,4.7328,-999.0,24.0,27.26,22.45,91.57,1.09,1.67,0.49,97.49
19961001,20.18,4.2358,-999.0,3.8928,-999.0,24.34,27.13,22.5,90.32,1.24,2.51,0.51,97.61
19961002,29.91,3.5045,-999.0,2.5464,-999.0,24.26,27.29,22.61,91.42,1.47,3.1,0.6,97.66
19961003,4.61,3.5546,-999.0,2.7816,-999.0,23.9,26.35,22.21,93.3,1.22,2.23,0.46,97.61
19961004,9.66,5.2394,-999.0,3.3528,-999.0,23.74,25.15,22.64,95.6,1.25,1.87,0.53,97.49
19961005,22.59,3.4606,-999.0,3.0264,-999.0,23.4,24.85,22.29,96.87,1.37,2.07,0.52,97.49
19961006,7.88,4.1244,-999.0,3.7824,-999.0,23.84,25.55,22.24,93.85,1.24,1.78,0.47,97.43
19961007,1.57,5.4298,-999.0,2.7648,-999.0,23.99,26.0,22.52,93.22,1.19,1.92,0.48,97.45
19961008,15.82,5.4996,-999.0,3.3144,-999.0,24.06,26.5,22.56,92.42,1.38,2.18,0.57,97.43
19961009,15.29,5.7955,-999.0,1.452,-999.0,24.25,26.75,22.49,93.8,1.12,2.05,0.48,97.26
19961010,55.61,4.0066,-999.0,3.7224,-999.0,23.96,26.15,22.69,94.96,1.84,3.34,0.73,97.19
19961011,5.27,5.5356,-999.0,3.7872,-999.0,24.2,26.79,22.52,92.98,1.31,2.49,0.53,97.33
19961012,6.04,4.2634,-999.0,3.216,-999.0,24.38,27.15,21.96,89.77,1.2,1.89,0.49,97.5
19961013,1.41,5.4857,-999.0,4.1976,-999.0,25.18,28.29,23.1,91.59,1.38,2.51,0.56,97.48
19961014,0.83,5.4106,-999.0,5.112,-999.0,24.4,27.35,22.78,90.26,1.37,2.34,0.51,97.38
19961015,5.0,4.4916,-999.0,3.7176,-999.0,24.25,26.82,22.45,93.8,1.13,1.78,0.44,97.31
19961016,14.02,3.4589,-999.0,2.8824,-999.0,24.04,25.33,23.07,96.76,1.39,2.12,0.54,97.42
19961017,11.44,5.5044,-999.0,4.7064,-999.0,24.22,26.81,22.79,94.28,1.64,2.97,0.64,97.38
19961018,8.83,5.0182,-999.0,3.9024,-999.0,24.25,27.13,22.61,92.88,1.49,2.61,0.59,97.33
19961019,3.44,5.0138,-999.0,3.7704,-999.0,24.25,26.94,22.57,91.36,1.4,2.27,0.59,97.34
19961020,2.25,5.7266,-999.0,3.0216,-999.0,24.97,28.36,22.48,89.56,1.47,2.7,0.58,97.26
19961021,3.83,3.9461,-999.0,3.588,-999.0,24.24,25.4,23.48,95.79,1.48,1.86,0.58,97.25
19961022,9.96,3.7613,-999.0,3.4296,-999.0,24.31,26.34,23.13,96.19,0.85,1.36,0.36,97.28
19961023,4.81,4.5353,-999.0,4.1664,-999.0,24.31,26.18,23.15,94.25,1.18,1.96,0.43,97.3
19961024,21.86,3.3036,-999.0,2.8176,-999.0,24.13,25.83,23.06,94.88,1.34,2.27,0.45,97.3
19961025,29.09,3.9646,-999.0,3.4752,-999.0,23.92,25.59,22.63,95.73,1.56,2.78,0.61,97.32
19961026,17.52,5.1962,-999.0,4.0128,-999.0,23.51,25.27,22.02,95.43,1.45,2.36,0.59,97.27
19961027,21.29,4.8749,-999.0,3.4776,-999.0,23.95,25.39,22.86,96.17,1.26,2.36,0.5,97.23
19961028,19.16,5.8769,-999.0,5.0064,-999.0,24.32,26.15,23.13,93.97,1.21,2.07,0.46,97.29
19961029,1.32,4.2605,-999.0,3.8616,-999.0,24.07,26.09,22.75,93.86,1.31,2.47,0.51,97.37
19961030,6.46,5.029,-999.0,4.7592,-999.0,23.66,26.02,21.68,92.16,0.89,1.17,0.35,97.27
19961031,28.01,5.6047,-999.0,2.9376,-999.0,24.05,25.57,22.63,97.46,1.24,1.89,0.49,97.16
19961101,9.54,2.5138,-999.0,1.4496,-999.0,23.07,24.13,21.46,94.03,0.89,1.7,0.37,97.19
19961102,0.7,5.7878,-999.0,4.5528,-999.0,23.02,25.94,20.94,91.52,1.02,1.58,0.4,97.2
19961103,0.46,5.4142,-999.0,3.6792,-999.0,23.75,26.7,21.94,91.5,1.55,2.48,0.63,97.24
19961104,0.05,5.5514,-999.0,4.5072,-999.0,23.33,27.56,20.47,84.75,0.91,1.4,0.31,97.18
19961105,15.15,5.5058,-999.0,5.3376,-999.0,22.86,27.16,18.99,86.36,1.19,1.98,0.45,97.04
19961106,11.27,4.1532,-999.0,3.5088,-999.0,23.04,27.03,20.78,89.52,1.25,2.55,0.56,97.17
19961107,25.91,4.1465,-999.0,3.7992,-999.0,22.75,25.33,20.86,93.63,0.8,1.48,0.36,97.2
19961108,22.97,4.811,-999.0,3.5256,-999.0,23.2,25.51,21.73,93.72,1.23,1.82,0.52,97.37
19961109,2.28,3.8126,-999.0,3.312,-999.0,24.09,26.97,22.46,92.41,1.17,2.04,0.49,97.41
19961110,7.53,4.4446,-999.0,3.2472,-999.0,23.87,26.93,21.7,91.76,1.32,2.25,0.53,97.38
19961111,34.28,5.5582,-999.0,3.0912,-999.0,24.53,27.81,22.65,90.64,1.29,2.33,0.54,97.44
19961112,7.53,2.9184,-999.0,2.496,-999.0,24.24,26.27,22.92,92.13,1.2,2.25,0.51,97.4
19961113,0.57,4.2194,-999.0,4.0176,-999.0,24.42,27.1,22.36,87.14,1.37,2.68,0.59,97.49
19961114,12.13,5.8085,-999.0,3.3912,-999.0,24.18,26.56,21.97,92.33,1.16,1.55,0.48,97.58
19961115,14.65,3.6074,-999.0,2.7504,-999.0,23.98,25.38,22.59,95.55,1.21,1.51,0.54,97.64
19961116,0.44,5.988,-999.0,3.8568,-999.0,24.44,28.04,21.42,85.58,1.28,1.94,0.48,97.46
19961117,6.01,5.3614,-999.0,4.4712,-999.0,24.62,28.08,22.56,88.35,1.28,2.26,0.55,97.41
19961118,3.97,5.0232,-999.0,4.0632,-999.0,24.7,28.2,21.5,87.32,1.36,2.65,0.54,97.42
19961119,4.12,5.1137,-999.0,2.8368,-999.0,24.6,27.19,22.59,90.57,1.19,2.04,0.45,97.39
19961120,1.12,4.1431,-999.0,3.5376,-999.0,24.25,26.75,22.63,90.08,0.92,1.59,0.38,97.42
19961121,0.19,5.5135,-999.0,3.564,-999.0,24.53,27.81,22.17,87.56,1.15,2.28,0.51,97.29
19961122,1.95,5.3952,-999.0,4.968,-999.0,23.78,26.07,21.63,90.57,1.02,2.23,0.41,97.24
19961123,2.18,5.0194,-999.0,4.764,-999.0,24.14,27.84,21.52,89.17,1.27,2.42,0.49,97.19
19961124,0.18,4.5977,-999.0,3.7752,-999.0,24.12,26.81,22.51,90.78,1.2,2.46,0.49,97.26
19961125,3.66,5.3899,-999.0,4.068,-999.0,23.38,25.67,21.57,90.98,0.97,1.67,0.42,97.27
19961126,18.93,4.2257,-999.0,3.72,-999.0,23.82,25.48,22.46,96.32,1.31,1.89,0.5,97.26
19961127,4.25,4.0999,-999.0,3.5496,-999.0,23.95,25.96,22.64,93.98,1.4,2.5,0.54,97.26
19961128,0.17,5.6256,-999.0,3.1008,-999.0,24.34,26.5,22.96,89.82,1.1,1.99,0.46,97.32
19961129,0.26,5.2111,-999.0,3.012,-999.0,24.27,26.52,22.55,90.63,0.89,1.22,0.33,97.33
19961130,30.41,4.1899,-999.0,3.8088,-999.0,23.67,25.42,22.15,94.98,1.12,1.74,0.44,97.33
19961201,2.94,6.3173,-999.0,2.9808,-999.0,24.69,28.28,22.43,88.66,1.24,2.36,0.46,97.42
19961202,0.22,5.5997,-999.0,3.8448,-999.0,24.68,27.98,21.62,86.57,1.23,2.21,0.48,97.46
19961203,36.51,5.6066,-999.0,2.0496,-999.0,25.08,27.77,23.02,90.88,1.15,1.68,0.46,97.32
19961204,38.35,2.6386,-999.0,1.4784,-999.0,24.05,25.28,22.8,95.93,1.43,2.19,0.57,97.23
19961205,6.83,6.6096,-999.0,2.5152,-999.0,24.58,27.6,22.92,89.31,1.29,2.36,0.56,97.15
19961206,5.47,5.8814,-999.0,3.2448,-999.0,23.63,25.76,22.26,92.53,1.13,2.33,0.51,97.28
19961207,0.38,5.2123,-999.0,3.9384,-999.0,24.81,27.54,22.38,87.79,1.21,2.32,0.46,97.26
19961208,0.05,6.0751,-999.0,2.6832,-999.0,24.34,26.36,22.73,89.45,1.09,1.97,0.5,97.3
19961209,15.02,4.1933,-999.0,3.6024,-999.0,23.77,26.01,22.05,93.29,1.33,2.35,0.62,97.19
19961210,14.77,6.0096,-999.0,3.0768,-999.0,23.68,25.62,22.37,94.92,1.21,2.03,0.47,97.15
19961211,14.51,6.0684,-999.0,4.1424,-999.0,24.26,27.59,22.42,91.66,1.01,1.59,0.38,97.18
19961212,2.39,4.4335,-999.0,4.0248,-999.0,24.48,28.38,22.86,91.28,1.2,2.78,0.51,97.23
19961213,6.59,5.0585,-999.0,3.804,-999.0,24.5,27.36,22.21,89.87,1.46,2.67,0.57,97.2
19961214,5.02,4.5948,-999.0,3.7416,-999.0,24.53,26.69,23.11,93.98,1.12,1.71,0.45,97.12
19961215,8.11,3.5887,-999.0,3.1152,-999.0,24.11,25.59,22.91,95.32,1.62,2.85,0.66,97.12
19961216,2.55,4.8859,-999.0,3.7944,-999.0,24.04,26.76,22.24,91.04,1.22,1.88,0.56,97.25
19961217,5.75,4.0327,-999.0,3.1416,-999.0,23.58,26.95,21.25,87.7,1.18,1.69,0.4,97.29
19961218,5.11,5.4958,-999.0,4.8,-999.0,24.73,28.29,22.06,88.63,1.23,2.45,0.51,97.17
19961219,17.86,5.2274,-999.0,4.296,-999.0,24.96,28.55,23.1,91.34,1.07,2.33,0.47,97.13
19961220,8.53,5.4614,-999.0,4.956,-999.0,24.45,27.35,22.09,91.67,1.18,1.83,0.5,97.12
19961221,5.9,4.159,-999.0,3.6984,-999.0,23.92,26.23,21.99,94.25,1.54,2.75,0.65,97.14
19961222,2.91,3.5839,-999.0,3.0096,-999.0,24.01,27.09,22.03,90.6,1.69,2.77,0.72,97.11
19961223,0.57,4.631,-999.0,3.9528,-999.0,23.5,25.42,21.35,91.3,1.74,2.28,0.76,97.25
19961224,0.76,4.4918,-999.0,3.684,-999.0,24.22,27.45,21.76,88.0,1.87,2.92,0.76,97.15
19961225,0.16,6.2232,-999.0,3.132,-999.0,24.11,27.24,21.48,88.1,1.73,2.44,0.72,97.0
19961226,0.02,5.6839,-999.0,3.2016,-999.0,25.32,28.69,22.83,89.86,1.84,2.77,0.85,96.81
19961227,1.3,5.7982,-999.0,3.4968,-999.0,26.36,29.2,23.56,84.32,1.19,1.93,0.58,96.85
19961228,31.0,5.9448,-999.0,2.3568,-999.0,24.87,28.33,22.83,87.56,1.05,1.87,0.41,97.18
19961229,6.74,5.5435,-999.0,3.8688,-999.0,23.87,26.56,21.91,88.59,0.72,1.31,0.26,97.4
19961230,6.17,4.1897,-999.0,3.708,-999.0,23.87,26.97,21.27,89.67,0.84,1.35,0.34,97.41
19961231,7.0,2.867,-999.0,1.7592,-999.0,23.56,25.96,21.82,90.71,0.97,1.47,0.39,97.56
19970101,2.6,5.5135,-999.0,3.2616,-999.0,24.09,28.02,20.69,86.6,1.21,1.79,0.45,97.48
19970102,6.9,5.2992,-999.0,2.5704,-999.0,24.18,26.94,22.04,89.64,1.01,2.41,0.44,97.32
19970103,23.97,5.5913,-999.0,2.844,-999.0,25.13,27.95,23.69,89.64,1.04,2.14,0.49,97.24
19970104,16.79,3.9794,-999.0,3.1992,-999.0,24.23,26.13,23.23,94.85,0.74,1.26,0.34,97.49
19970105,0.13,6.2335,-999.0,3.4848,-999.0,25.0,28.63,22.18,87.05,1.01,1.65,0.44,97.6
19970106,4.95,5.3436,-999.0,3.36,-999.0,24.57,28.2,21.89,86.91,1.07,1.61,0.4,97.6
19970107,6.92,5.5649,-999.0,3.6624,-999.0,23.51,26.38,21.43,91.0,1.01,1.35,0.38,97.64
19970108,3.46,5.3813,-999.0,4.0992,-999.0,23.97,26.78,21.44,89.42,1.55,2.39,0.63,97.44
19970109,15.83,4.8763,-999.0,4.5408,-999.0,24.28,26.0,23.05,93.3,1.2,1.97,0.53,97.33
19970110,31.72,5.6035,-999.0,4.0296,-999.0,24.93,27.73,23.26,87.21,1.25,2.61,0.54,97.35
19970111,11.59,5.1571,-999.0,3.0216,-999.0,24.22,26.0,23.14,95.3,1.36,2.28,0.58,97.44
19970112,8.43,5.4989,-999.0,3.6216,-999.0,23.58,25.4,21.98,95.65,1.19,2.02,0.5,97.44
19970113,8.57,5.8162,-999.0,3.1152,-999.0,23.06,25.27,21.41,94.73,1.12,2.23,0.42,97.36
19970114,2.02,5.6647,-999.0,3.3216,-999.0,23.71,26.29,22.08,93.73,1.17,2.51,0.5,97.4
19970115,0.52,5.8183,-999.0,4.9248,-999.0,23.93,27.42,21.64,90.45,1.34,2.06,0.55,97.35
19970116,0.27,5.275,-999.0,4.8528,-999.0,24.22,27.42,21.87,89.71,1.36,2.18,0.5,97.22
19970117,2.04,4.7338,-999.0,3.264,-999.0,24.46,25.92,23.17,91.18,1.21,2.22,0.52,97.33
19970118,1.52,5.7994,-999.0,2.9352,-999.0,24.37,27.25,22.67,90.06,1.13,2.27,0.49,97.4
19970119,13.19,4.3663,-999.0,4.0056,-999.0,24.24,27.81,21.97,87.99,1.39,2.02,0.55,97.37
19970120,2.4,6.054,-999.0,2.5632,-999.0,24.21,26.98,21.56,88.95,1.3,1.74,0.53,97.26
19970121,4.54,5.909,-999.0,3.0096,-999.0,24.93,27.61,23.37,92.48,1.32,2.26,0.59,97.19
19970122,38.37,5.5469,-999.0,4.7568,-999.0,25.52,28.88,23.69,90.59,1.16,2.46,0.53,97.07
19970123,20.94,4.8638,-999.0,2.6064,-999.0,25.05,26.63,23.78,88.85,0.93,1.54,0.43,97.17
19970124,27.83,4.9214,-999.0,4.3008,-999.0,24.69,26.48,23.54,94.32,1.28,2.08,0.57,97.21
19970125,6.73,5.5939,-999.0,3.876,-999.0,24.4,27.04,23.14,94.55,1.38,2.25,0.6,97.23
19970126,7.06,4.7532,-999.0,3.2088,-999.0,23.94,25.97,22.61,94.83,1.23,1.9,0.5,97.32
19970127,1.15,5.7389,-999.0,4.536,-999.0,23.81,25.75,22.16,90.32,0.85,1.6,0.37,97.38
19970128,0.22,5.1403,-999.0,4.644,-999.0,24.14,26.83,22.48,85.84,1.0,1.54,0.44,97.39
19970129,1.95,5.5908,-999.0,4.8888,-999.0,24.1,27.17,21.69,89.44,1.38,2.46,0.54,97.37
19970130,3.17,6.0934,-999.0,4.1928,-999.0,23.76,25.66,22.38,91.18,0.87,1.43,0.38,97.29
19970131,18.12,5.4098,-999.0,4.056,-999.0,23.68,25.88,22.49,94.69,1.26,2.14,0.57,97.32
19970201,3.07,5.412,-999.0,5.1816,-999.0,24.4,27.28,22.11,90.73,1.53,2.47,0.68,97.31
19970202,0.5,4.8394,-999.0,3.48,-999.0,24.79,27.38,23.21,89.17,1.35,2.88,0.59,97.18
19970203,44.54,5.9988,-999.0,2.5824,-999.0,25.09,27.64,23.5,89.24,1.06,2.1,0.5,97.12
19970204,21.14,5.682,-999.0,4.212,-999.0,24.08,25.6,22.96,95.48,0.98,1.34,0.45,97.22
19970205,6.3,5.2678,-999.0,5.0064,-999.0,23.47,25.52,22.01,94.89,1.24,2.25,0.55,97.26
19970206,25.58,5.6078,-999.0,3.9312,-999.0,24.22,26.58,22.48,93.51,1.19,2.17,0.51,97.16
19970207,42.68,5.287,-999.0,3.7776,-999.0,25.0,28.11,23.2,90.25,1.42,2.62,0.56,97.26
19970208,27.51,3.2827,-999.0,2.7096,-999.0,23.79,25.09,22.23,96.07,1.76,2.89,0.76,97.36
19970209,0.11,5.119,-999.0,3.8088,-999.0,23.33,25.89,21.82,89.75,0.88,1.58,0.42,97.34
19970210,12.99,5.3995,-999.0,3.5256,-999.0,24.29,27.22,22.48,91.05,1.58,2.79,0.64,97.17
19970211,11.83,5.3904,-999.0,4.3128,-999.0,23.89,26.09,22.44,95.34,1.43,2.28,0.59,97.23
19970212,4.22,5.7214,-999.0,3.9744,-999.0,24.64,28.1,22.73,93.26,1.27,2.51,0.54,97.17
19970213,3.57,5.082,-999.0,4.224,-999.0,24.09,25.59,22.83,94.44,1.37,2.67,0.59,97.19
19970214,11.13,5.034,-999.0,3.6696,-999.0,24.22,26.31,22.55,95.07,1.43,2.28,0.62,97.08
19970215,9.69,5.7528,-999.0,4.4568,-999.0,24.67,26.76,23.38,92.99,1.37,2.3,0.57,97.08
19970216,10.81,4.3786,-999.0,3.9024,-999.0,24.72,26.46,23.68,95.21,1.37,1.85,0.54,97.16
19970217,6.9,5.1214,-999.0,3.72,-999.0,25.0,27.1,23.59,92.7,1.25,2.04,0.63,97.0
19970218,1.71,5.3141,-999.0,3.6528,-999.0,25.63,29.09,23.29,87.49,1.19,2.14,0.48,96.89
19970219,3.36,5.2474,-999.0,4.488,-999.0,25.82,28.99,23.37,85.87,1.08,2.25,0.48,96.96
19970220,3.07,3.3742,-999.0,2.9328,-999.0,25.5,29.02,23.33,88.15,1.03,2.06,0.45,97.17
19970221,0.19,5.3705,-999.0,3.7968,-999.0,25.27,29.09,22.55,88.04,1.28,2.09,0.56,97.1
19970222,0.5,5.6551,-999.0,3.8784,-999.0,25.2,28.02,22.96,86.72,0.9,1.66,0.37,97.04
19970223,1.71,5.2692,-999.0,3.5904,-999.0,25.06,28.21,22.93,89.86,0.95,2.06,0.38,97.11
19970224,3.82,5.1547,-999.0,4.0248,-999.0,24.6,26.99,22.87,91.66,0.87,1.5,0.3,97.26
19970225,3.67,3.3002,-999.0,2.7168,-999.0,24.22,26.9,21.92,92.47,0.82,1.91,0.36,97.35
19970226,0.74,5.545,-999.0,4.1712,-999.0,24.57,27.94,22.74,89.76,1.01,1.51,0.45,97.32
19970227,1.19,5.6208,-999.0,3.66,-999.0,24.45,27.85,21.96,89.99,1.32,1.98,0.54,97.16
19970228,0.5,5.9213,-999.0,2.7912,-999.0,25.23,28.86,22.39,88.52,1.37,2.43,0.57,97.02
19970301,1.17,4.6908,-999.0,4.1064,-999.0,26.05,29.68,23.77,81.42,1.5,2.95,0.6,96.86
19970302,0.05,5.9551,-999.0,2.6712,-999.0,26.2,30.08,23.62,84.38,1.45,2.79,0.62,96.97
19970303,0.01,6.5858,-999.0,3.588,-999.0,26.07,28.55,24.39,84.88,1.46,2.38,0.7,97.18
19970304,6.76,6.066,-999.0,3.72,-999.0,26.16,29.7,23.61,85.41,1.14,2.3,0.47,97.11
19970305,0.49,6.4798,-999.0,2.9784,-999.0,26.1,30.42,23.19,83.77,1.3,2.35,0.55,97.09
19970306,0.02,5.2601,-999.0,3.8616,-999.0,25.3,28.43,23.25,85.56,1.38,2.12,0.65,97.27
19970307,0.03,6.0142,-999.0,4.6632,-999.0,24.66,28.3,21.94,84.39,1.68,2.7,0.69,97.3
19970308,9.72,6.4394,-999.0,2.712,-999.0,25.08,29.09,22.18,81.87,1.89,2.61,0.82,97.29
19970309,4.61,6.107,-999.0,2.856,-999.0,25.39,28.58,23.06,86.15,1.49,2.58,0.71,97.28
19970310,2.17,5.6002,-999.0,4.44,-999.0,24.37,26.52,22.64,90.55,1.55,2.43,0.65,97.42
19970311,0.11,4.2132,-999.0,3.6936,-999.0,25.52,29.59,22.91,81.68,1.55,2.79,0.7,97.42
19970312,0.06,5.0105,-999.0,3.8712,-999.0,24.7,28.7,21.89,85.73,1.44,2.37,0.64,97.49
19970313,0.05,6.083,-999.0,3.8016,-999.0,24.62,28.77,21.5,85.65,1.35,2.47,0.55,97.39
19970314,0.01,6.4366,-999.0,3.7296,-999.0,24.75,28.64,21.59,85.77,1.16,2.14,0.48,97.41
19970315,3.12,5.5373,-999.0,4.1232,-999.0,24.82,28.56,22.34,88.79,1.41,2.56,0.62,97.49
19970316,0.19,5.6868,-999.0,3.2832,-999.0,24.65,28.85,21.49,86.44,1.41,2.65,0.58,97.52
19970317,1.16,5.4626,-999.0,3.5136,-999.0,24.87,28.53,22.71,88.65,1.51,2.7,0.72,97.61
19970318,0.23,5.7494,-999.0,4.1496,-999.0,24.79,28.32,22.02,89.01,1.21,2.38,0.56,97.7
19970319,0.02,6.1483,-999.0,3.7464,-999.0,24.56,27.71,21.84,89.22,1.16,2.06,0.5,97.7
19970320,0.56,6.407,-999.0,3.2352,-999.0,24.62,28.56,21.71,87.36,1.36,2.53,0.55,97.66
19970321,5.97,5.2296,-999.0,3.9168,-999.0,24.73,28.53,22.03,88.24,1.42,2.38,0.66,97.64
19970322,0.53,5.675,-999.0,4.188,-999.0,24.87,28.92,21.9,86.86,1.5,2.56,0.73,97.6
19970323,18.85,5.2894,-999.0,4.3608,-999.0,24.9,28.07,22.82,89.71,1.65,2.75,0.73,97.5
19970324,14.34,5.7787,-999.0,4.1424,-999.0,24.9,28.5,22.67,89.78,1.53,2.53,0.63,97.6
19970325,0.2,5.388,-999.0,3.732,-999.0,24.85,28.26,22.49,87.32,1.45,2.53,0.6,97.65
19970326,63.49,4.5386,-999.0,4.2864,-999.0,24.24,26.26,22.93,91.8,0.94,1.8,0.42,97.67
19970327,20.0,5.2922,-999.0,4.488,-999.0,23.51,24.47,22.58,96.29,1.24,1.93,0.51,97.66
19970328,3.92,5.6388,-999.0,3.8448,-999.0,24.6,27.72,22.19,89.97,1.21,2.25,0.47,97.48
19970329,0.94,4.6913,-999.0,4.0728,-999.0,25.26,28.73,23.71,90.99,1.36,2.22,0.55,97.48
19970330,2.53,4.3272,-999.0,3.5328,-999.0,24.61,25.87,23.79,95.24,1.37,1.83,0.49,97.48
19970331,1.91,3.8441,-999.0,3.3192,-999.0,24.57,26.89,23.17,92.42,1.42,2.09,0.57,97.46
19970401,0.8,5.5447,-999.0,3.1176,-999.0,24.42,27.5,22.36,90.29,1.42,2.37,0.59,97.37
19970402,13.99,5.2829,-999.0,3.9408,-999.0,24.57,27.13,22.64,92.72,1.49,2.69,0.61,97.31
19970403,10.51,2.8075,-999.0,2.4336,-999.0,24.58,27.2,23.26,94.44,1.45,2.38,0.63,97.36
19970404,11.13,5.7958,-999.0,2.7768,-999.0,24.41,26.17,23.3,94.94,1.67,2.68,0.64,97.42
19970405,32.09,3.3264,-999.0,2.5896,-999.0,24.72,27.56,22.77,94.07,1.2,1.92,0.53,97.44
19970406,4.85,5.9863,-999.0,1.9608,-999.0,24.51,26.94,23.14,91.02,1.32,2.65,0.58,97.45
19970407,0.1,5.2142,-999.0,3.7056,-999.0,24.88,28.28,22.38,87.28,1.12,1.89,0.49,97.44
19970408,1.1,4.0937,-999.0,3.3192,-999.0,24.66,27.96,22.44,90.15,1.37,2.59,0.61,97.39
19970409,22.61,5.341,-999.0,3.5376,-999.0,23.96,26.65,22.46,93.06,1.44,1.87,0.66,97.5
19970410,9.49,5.8961,-999.0,2.5128,-999.0,23.84,26.71,22.24,90.45,1.51,2.45,0.65,97.62
19970411,0.1,5.5954,-999.0,3.7392,-999.0,23.95,27.42,21.64,89.5,1.56,2.55,0.69,97.63
19970412,1.32,5.5025,-999.0,3.3384,-999.0,24.03,27.36,21.74,88.96,1.11,1.81,0.53,97.64
19970413,1.36,5.9189,-999.0,4.0512,-999.0,23.73,26.94,21.41,88.89,1.03,1.76,0.4,97.66
19970414,4.37,4.4551,-999.0,3.5328,-999.0,23.29,25.59,21.8,92.45,1.41,2.03,0.63,97.7
19970415,6.49,5.3484,-999.0,3.468,-999.0,22.52,24.57,21.51,93.97,0.97,1.97,0.46,97.62
19970416,27.82,5.9112,-999.0,3.1128,-999.0,22.72,26.13,19.71,88.69,1.24,1.9,0.55,97.64
19970417,20.93,5.9174,-999.0,2.9544,-999.0,23.09,26.86,20.18,90.34,1.35,1.71,0.57,97.73
19970418,14.6,5.2507,-999.0,3.9648,-999.0,23.3,26.92,20.37,91.03,1.46,2.14,0.71,97.76
19970419,9.39,4.1417,-999.0,3.408,-999.0,23.43,26.97,21.38,90.09,1.36,2.35,0.67,97.75
19970420,25.56,3.8743,-999.0,3.648,-999.0,23.06,25.23,21.49,92.3,1.43,2.15,0.63,97.68
19970421,19.49,5.0105,-999.0,3.9048,-999.0,23.55,25.98,22.07,91.42,1.35,2.41,0.58,97.61
19970422,3.12,4.1174,-999.0,3.768,-999.0,23.57,25.33,22.18,94.04,1.11,1.57,0.52,97.63
19970423,5.8,4.14,-999.0,3.8448,-999.0,23.61,26.29,22.56,93.53,0.81,1.41,0.34,97.6
19970424,8.38,4.8876,-999.0,3.5064,-999.0,23.28,24.84,22.22,95.76,1.11,1.37,0.45,97.59
19970425,9.83,3.2362,-999.0,2.904,-999.0,23.45,24.77,22.43,97.29,1.21,1.71,0.47,97.52
19970426,6.44,5.5498,-999.0,4.74,-999.0,23.33,25.07,22.0,95.43,0.93,1.49,0.41,97.71
19970427,4.4,5.4305,-999.0,3.3096,-999.0,23.55,26.53,21.19,92.43,1.22,1.83,0.52,97.66
19970428,24.96,2.6942,-999.0,2.256,-999.0,24.4,27.19,22.59,94.18,1.53,2.19,0.62,97.5
19970429,19.52,4.7232,-999.0,3.8112,-999.0,24.88,27.83,23.51,92.27,1.72,2.41,0.71,97.46
19970430,4.33,3.7634,-999.0,3.552,-999.0,24.37,27.17,22.54,90.53,1.38,2.01,0.57,97.5
19970501,29.93,3.3134,-999.0,3.0408,-999.0,24.14,27.42,22.22,90.54,1.13,2.4,0.48,97.54
19970502,6.0,5.2452,-999.0,3.8184,-999.0,23.71,27.09,21.2,90.52,1.33,2.21,0.59,97.62
19970503,14.0,4.8991,-999.0,3.552,-999.0,24.05,27.19,22.22,90.93,1.38,2.67,0.64,97.47
19970504,28.39,4.9865,-999.0,3.6048,-999.0,23.33,26.57,21.33,91.84,1.54,2.65,0.66,97.48
19970505,15.7,5.1922,-999.0,2.712,-999.0,23.73,27.2,21.35,89.61,1.42,2.36,0.63,97.45
19970506,3.69,3.3866,-999.0,3.0072,-999.0,23.57,26.22,21.94,92.0,1.47,2.51,0.62,97.57
19970507,32.91,5.7977,-999.0,2.7288,-999.0,23.74,27.1,21.34,92.06,1.52,2.66,0.67,97.57
19970508,19.04,2.2678,-999.0,1.7544,-999.0,23.46,26.02,21.62,90.91,1.46,2.88,0.68,97.54
19970509,2.6,5.0287,-999.0,3.144,-999.0,22.97,25.74,21.18,91.12,1.26,2.14,0.59,97.47
19970510,1.83,4.0958,-999.0,2.9952,-999.0,23.68,26.8,21.1,89.97,1.34,2.14,0.58,97.35
19970511,9.55,4.679,-999.0,3.1824,-999.0,23.31,26.34,21.55,91.24,1.37,1.94,0.57,97.43
19970512,13.01,3.6187,-999.0,3.3432,-999.0,23.57,26.35,21.96,93.41,1.23,2.6,0.52,97.45
19970513,2.84,4.7107,-999.0,3.4416,-999.0,24.18,27.21,22.21,93.0,1.15,2.16,0.47,97.39
19970514,25.37,4.8634,-999.0,3.5448,-999.0,23.66,25.72,22.33,95.65,1.28,2.46,0.5,97.42
19970515,18.33,5.0069,-999.0,3.4056,-999.0,23.77,25.74,22.36,94.85,1.3,2.07,0.55,97.42
19970516,11.34,2.3947,-999.0,1.9776,-999.0,23.99,26.03,22.28,94.99,1.51,2.84,0.57,97.44
19970517,5.17,4.8446,-999.0,4.656,-999.0,24.03,25.74,23.14,94.75,1.02,1.91,0.42,97.45
19970518,39.79,4.4059,-999.0,3.9936,-999.0,23.72,25.58,22.29,95.6,1.06,1.94,0.45,97.44
19970519,27.57,1.8199,-999.0,1.032,-999.0,22.86,24.69,21.93,95.06,1.39,2.2,0.58,97.5
19970520,8.15,5.6026,-999.0,2.676,-999.0,22.82,24.55,21.99,96.22,0.73,1.59,0.35,97.52
19970521,4.16,4.6022,-999.0,4.1496,-999.0,23.64,26.78,21.7,92.86,1.07,1.78,0.48,97.61
19970522,0.36,5.2565,-999.0,3.2928,-999.0,23.94,27.08,22.2,91.1,1.36,2.76,0.67,97.66
19970523,0.01,5.3354,-999.0,2.6088,-999.0,23.25,25.28,21.46,91.66,0.59,0.92,0.27,97.67
19970524,11.77,5.6887,-999.0,1.9944,-999.0,23.68,27.25,20.5,89.87,1.12,1.91,0.49,97.66
19970525,2.72,4.032,-999.0,3.4344,-999.0,24.18,27.55,21.92,90.62,1.07,1.8,0.54,97.63
19970526,0.31,4.3399,-999.0,3.4536,-999.0,23.81,27.17,21.75,89.81,0.99,1.9,0.47,97.67
19970527,0.02,5.6525,-999.0,2.2608,-999.0,23.71,27.33,20.55,89.07,0.95,1.62,0.48,97.63
19970528,0.0,5.3782,-999.0,3.084,-999.0,23.64,27.02,21.3,89.89,1.14,1.84,0.58,97.68
19970529,4.18,5.677,-999.0,2.0808,-999.0,23.23,26.45,20.84,91.34,1.34,2.22,0.61,97.68
19970530,2.83,4.6973,-999.0,2.9472,-999.0,23.15,26.02,21.42,91.47,1.19,2.13,0.48,97.82
19970531,0.32,4.5043,-999.0,2.4792,-999.0,23.05,26.86,20.45,84.85,1.3,2.49,0.6,97.87
19970601,0.0,5.4454,-999.0,2.4432,-999.0,22.73,26.53,19.64,85.93,1.22,2.07,0.55,97.9
19970602,0.0,5.5658,-999.0,1.7016,-999.0,22.68,26.89,19.01,88.72,1.2,1.7,0.52,97.82
19970603,0.09,4.8732,-999.0,2.7384,-999.0,22.65,25.85,20.29,89.64,1.28,2.1,0.6,97.9
19970604,6.32,3.678,-999.0,3.1056,-999.0,22.74,25.57,20.35,90.94,1.36,2.36,0.53,97.93
19970605,21.15,3.7006,-999.0,3.4536,-999.0,22.77,25.52,21.37,92.55,1.03,2.03,0.43,97.88
19970606,1.12,4.6805,-999.0,2.8656,-999.0,23.51,27.2,20.41,87.59,1.14,1.91,0.52,97.89
19970607,0.09,4.8278,-999.0,2.3112,-999.0,23.75,27.2,21.68,88.7,1.13,1.87,0.54,97.92
19970608,0.06,3.6077,-999.0,3.1368,-999.0,23.19,26.68,20.78,89.69,1.57,2.42,0.72,97.87
19970609,2.1,3.9487,-999.0,3.1656,-999.0,22.31,24.81,20.76,90.81,1.52,2.36,0.65,97.85
19970610,0.86,4.0135,-999.0,3.8712,-999.0,22.57,25.53,20.52,90.85,1.1,2.05,0.49,97.75
19970611,0.26,4.3339,-999.0,3.0888,-999.0,22.9,25.29,21.62,91.77,1.01,1.93,0.45,97.71
19970612,0.47,4.6908,-999.0,4.4904,-999.0,22.76,25.07,21.09,91.86,1.09,1.97,0.46,97.75
19970613,0.26,4.6644,-999.0,3.1104,-999.0,23.16,26.04,21.62,90.74,1.22,1.81,0.54,97.7
19970614,0.08,3.8933,-999.0,2.4336,-999.0,22.8,25.22,21.4,90.58,1.35,2.32,0.56,97.63
19970615,0.2,2.8822,-999.0,2.4144,-999.0,21.61,23.19,20.32,91.35,1.23,1.97,0.56,97.78
19970616,1.06,3.3422,-999.0,3.1488,-999.0,21.92,24.93,20.06,90.47,1.17,2.47,0.53,97.69
19970617,1.82,4.7167,-999.0,3.3456,-999.0,22.29,25.44,19.8,91.37,1.26,2.47,0.54,97.63
19970618,1.32,4.0181,-999.0,3.372,-999.0,22.61,25.32,20.86,92.27,1.38,2.33,0.64,97.62
19970619,0.73,3.4205,-999.0,3.3936,-999.0,22.28,25.4,20.83,92.22,1.3,2.3,0.57,97.7
19970620,0.23,3.6379,-999.0,3.7152,-999.0,22.12,24.83,20.34,92.23,1.24,2.22,0.59,97.79
19970621,0.09,4.3906,-999.0,3.516,-999.0,22.33,25.79,19.87,88.51,1.23,2.2,0.6,97.83
19970622,0.03,4.8233,-999.0,3.1896,-999.0,22.2,25.64,19.08,89.74,1.5,2.44,0.6,97.65
19970623,1.01,3.3149,-999.0,2.9832,-999.0,22.63,25.48,21.01,90.78,1.39,2.34,0.57,97.51
19970624,2.18,3.4277,-999.0,3.0768,-999.0,22.48,25.17,20.93,92.94,1.32,2.44,0.55,97.49
19970625,0.74,4.1105,-999.0,3.9024,-999.0,22.93,26.18,21.0,92.6,1.38,2.59,0.61,97.5
19970626,2.19,3.7788,-999.0,3.6432,-999.0,22.7,25.48,21.05,93.27,1.18,2.49,0.45,97.5
19970627,12.02,4.6555,-999.0,3.6552,-999.0,22.64,24.37,21.31,96.23,1.39,2.34,0.56,97.43
19970628,23.32,2.953,-999.0,2.5368,-999.0,22.65,24.84,21.69,95.2,1.24,2.15,0.46,97.46
19970629,26.07,4.0421,-999.0,3.9792,-999.0,23.33,26.17,21.58,94.21,1.52,2.16,0.6,97.38
19970630,28.07,3.6571,-999.0,3.1608,-999.0,22.96,24.82,21.85,95.49,1.13,2.11,0.53,97.32
19970701,12.02,4.2024,-999.0,2.9544,-999.0,23.05,26.26,21.45,93.9,1.13,2.14,0.44,97.43
19970702,61.28,2.2702,-999.0,1.7424,-999.0,23.07,25.61,21.61,93.92,1.32,2.11,0.54,97.41
19970703,27.2,2.9839,-999.0,2.7696,-999.0,22.9,25.91,21.4,92.85,0.83,1.43,0.35,97.46
19970704,2.04,4.6819,-999.0,3.1824,-999.0,23.23,25.9,21.56,93.28,1.13,1.88,0.43,97.45
19970705,0.63,4.4443,-999.0,3.8424,-999.0,23.44,26.44,21.37,92.66,1.38,2.54,0.49,97.43
19970706,1.34,3.0127,-999.0,2.5344,-999.0,22.66,24.58,21.58,95.21,1.21,2.08,0.46,97.48
19970707,7.38,3.6662,-999.0,3.4728,-999.0,22.74,24.85,21.44,94.65,1.04,2.36,0.38,97.42
19970708,17.55,3.8503,-999.0,4.032,-999.0,22.87,25.19,21.63,95.53,1.1,2.25,0.53,97.36
19970709,28.07,3.7018,-999.0,3.3648,-999.0,22.34,23.81,21.46,96.15,1.1,1.8,0.41,97.54
19970710,7.13,4.5612,-999.0,3.612,-999.0,23.1,25.57,21.46,95.35,0.95,2.03,0.39,97.53
19970711,3.36,4.8007,-999.0,3.564,-999.0,23.75,26.88,22.02,92.15,1.12,2.21,0.38,97.52
19970712,30.57,3.6823,-999.0,3.7728,-999.0,22.74,23.93,21.87,96.47,1.19,1.9,0.45,97.54
19970713,30.83,3.5206,-999.0,3.6432,-999.0,22.26,23.48,21.36,95.97,1.15,1.8,0.49,97.66
19970714,25.22,3.3605,-999.0,3.4704,-999.0,22.75,25.46,21.33,94.57,1.12,2.25,0.47,97.55
19970715,13.19,3.7992,-999.0,3.4368,-999.0,22.88,25.53,21.36,94.52,1.38,2.58,0.54,97.5
19970716,5.79,3.8873,-999.0,4.0944,-999.0,23.01,26.22,21.68,94.05,1.33,2.22,0.53,97.53
19970717,4.98,3.9146,-999.0,3.3768,-999.0,22.51,25.35,21.3,94.72,1.46,2.51,0.6,97.59
19970718,1.5,3.6871,-999.0,3.5544,-999.0,22.29,25.59,20.95,92.29,1.47,2.6,0.62,97.62
19970719,0.98,4.0934,-999.0,3.6744,-999.0,22.06,24.57,20.69,92.31,1.33,2.53,0.6,97.56
19970720,18.57,3.9329,-999.0,3.7128,-999.0,21.91,24.0,20.79,94.15,1.19,2.41,0.57,97.53
19970721,13.83,3.3029,-999.0,3.0648,-999.0,21.86,24.42,20.59,93.31,1.5,2.54,0.66,97.57
19970722,2.76,4.0728,-999.0,4.0872,-999.0,21.96,24.94,20.61,91.82,1.36,2.63,0.59,97.63
19970723,0.35,3.7358,-999.0,3.5232,-999.0,22.01,25.02,20.05,90.57,1.29,2.62,0.58,97.63
19970724,12.16,3.8234,-999.0,3.924,-999.0,21.48,23.91,19.93,93.27,1.03,1.91,0.47,97.65
19970725,13.61,3.9984,-999.0,3.4776,-999.0,21.88,24.94,20.14,93.36,1.19,2.07,0.49,97.73
19970726,15.35,3.1757,-999.0,3.1296,-999.0,21.79,24.98,20.28,92.03,1.12,2.24,0.5,97.81
19970727,3.54,3.6271,-999.0,3.5088,-999.0,21.95,25.24,20.15,92.17,1.25,2.54,0.48,97.8
19970728,1.4,3.997,-999.0,3.912,-999.0,21.54,24.21,20.08,92.02,1.22,2.42,0.56,97.83
19970729,3.37,3.2419,-999.0,2.9856,-999.0,20.88,23.26,19.22,91.57,1.23,2.49,0.53,97.77
19970730,3.38,3.3156,-999.0,3.4368,-999.0,20.79,23.93,18.3,91.2,1.38,2.71,0.57,97.74
19970731,0.26,4.3073,-999.0,2.616,-999.0,21.19,24.0,19.51,90.82,1.3,2.4,0.59,97.76
19970801,0.0,4.3762,-999.0,3.2592,-999.0,21.98,25.48,19.51,89.38,1.07,2.2,0.47,97.69
19970802,0.05,5.148,-999.0,2.5944,-999.0,22.02,25.05,20.09,87.18,0.99,2.38,0.43,97.74
19970803,0.22,3.6274,-999.0,3.6072,-999.0,22.25,25.62,19.9,88.2,1.14,2.24,0.54,97.84
19970804,0.22,4.2178,-999.0,4.2744,-999.0,22.18,25.79,19.79,89.81,1.11,1.86,0.53,97.88
19970805,0.07,4.9903,-999.0,3.3048,-999.0,22.27,25.25,20.52,89.54,1.16,2.42,0.49,97.85
19970806,0.07,5.267,-999.0,4.032,-999.0,22.19,25.68,19.81,90.56,1.46,2.47,0.65,97.76
19970807,0.03,4.8883,-999.0,2.9664,-999.0,22.09,25.83,19.9,88.39,1.32,2.54,0.62,97.77
19970808,0.0,5.2104,-999.0,3.4992,-999.0,21.66,25.59,18.83,89.16,1.41,2.43,0.65,97.9
19970809,0.0,5.9743,-999.0,2.4672,-999.0,21.71,25.58,18.04,88.04,1.27,2.49,0.58,97.94
19970810,0.0,5.3942,-999.0,4.3704,-999.0,22.08,25.84,19.27,89.21,1.44,2.4,0.66,97.97
19970811,0.0,5.6832,-999.0,3.5808,-999.0,21.98,25.92,19.5,89.0,1.41,2.12,0.63,97.99
19970812,0.16,5.3107,-999.0,3.5544,-999.0,21.29,24.78,19.09,89.14,1.42,2.22,0.59,98.0
19970813,0.21,3.2414,-999.0,2.736,-999.0,20.64,23.31,18.89,89.19,1.45,2.47,0.59,97.95
19970814,0.01,4.7899,-999.0,3.6768,-999.0,20.54,24.28,18.24,87.41,1.46,2.9,0.64,97.86
19970815,0.11,3.2074,-999.0,2.8104,-999.0,21.16,24.53,18.29,88.85,1.33,2.73,0.54,97.74
19970816,3.17,3.2004,-999.0,2.8968,-999.0,21.49,24.62,19.48,90.88,1.26,2.39,0.52,97.67
19970817,0.37,4.6781,-999.0,3.5736,-999.0,22.16,26.27,19.05,88.89,1.14,2.14,0.48,97.51
19970818,0.01,5.2718,-999.0,3.5544,-999.0,22.37,26.13,20.0,88.41,1.04,2.16,0.47,97.6
19970819,0.01,5.3225,-999.0,3.4416,-999.0,22.08,25.8,19.49,88.87,1.17,2.34,0.49,97.61
19970820,0.21,4.621,-999.0,4.3848,-999.0,21.81,24.59,20.21,91.21,1.12,1.98,0.52,97.64
19970821,0.04,4.4738,-999.0,3.672,-999.0,22.08,25.56,19.89,89.71,1.0,1.99,0.5,97.65
19970822,0.15,3.9026,-999.0,3.8232,-999.0,22.67,26.58,20.29,88.21,1.06,2.14,0.48,97.57
19970823,0.45,2.773,-999.0,2.4816,-999.0,22.44,26.19,20.4,89.53,1.18,2.5,0.53,97.66
19970824,0.19,3.6883,-999.0,3.1848,-999.0,21.94,25.27,20.11,89.52,1.3,2.41,0.56,97.72
19970825,0.0,4.0798,-999.0,4.3416,-999.0,21.95,25.6,19.72,89.33,1.18,2.64,0.49,97.85
19970826,0.0,4.1177,-999.0,3.1488,-999.0,21.91,25.11,19.68,87.29,1.36,2.82,0.6,97.77
19970827,0.0,3.7927,-999.0,3.7512,-999.0,21.33,23.88,19.94,87.31,1.12,1.97,0.52,97.81
19970828,0.0,5.1694,-999.0,3.4824,-999.0,22.31,26.63,19.89,84.77,1.19,2.45,0.57,97.74
19970829,0.04,4.3939,-999.0,3.4008,-999.0,21.61,24.72,19.6,88.94,0.91,1.87,0.42,97.8
19970830,0.06,4.5629,-999.0,4.4256,-999.0,21.66,25.06,19.21,90.08,0.97,1.6,0.46,97.78
19970831,0.01,4.7839,-999.0,3.9864,-999.0,21.88,25.72,19.62,89.08,1.06,2.11,0.47,97.8
19970901,0.06,5.7211,-999.0,2.4888,-999.0,22.65,26.63,19.8,87.98,0.99,1.76,0.43,97.78
19970902,0.02,5.7804,-999.0,3.6816,-999.0,22.81,26.66,19.71,86.41,1.23,2.37,0.5,97.77
19970903,0.01,5.3755,-999.0,4.1496,-999.0,22.87,25.91,20.86,89.85,1.15,1.93,0.52,97.81
19970904,0.02,5.4065,-999.0,3.696,-999.0,23.32,26.64,21.1,89.59,1.03,1.77,0.48,97.8
19970905,0.01,6.1961,-999.0,3.4104,-999.0,23.13,26.0,21.08,91.16,1.08,2.1,0.48,97.72
19970906,0.08,4.3157,-999.0,4.1136,-999.0,22.27,24.35,20.75,93.7,1.17,1.91,0.5,97.7
19970907,0.01,3.5047,-999.0,3.2712,-999.0,22.54,25.14,20.28,90.2,0.92,1.54,0.44,97.72
19970908,0.01,6.229,-999.0,3.288,-999.0,23.02,27.23,20.06,89.07,1.0,1.87,0.42,97.65
19970909,0.04,6.1301,-999.0,3.3792,-999.0,22.83,26.55,20.07,88.37,0.89,1.74,0.36,97.71
19970910,0.08,5.3554,-999.0,4.5312,-999.0,22.59,27.01,19.01,86.52,1.18,2.29,0.52,97.71
19970911,0.01,5.461,-999.0,5.4144,-999.0,22.59,26.96,19.42,87.65,1.21,2.58,0.53,97.59
19970912,0.01,5.3093,-999.0,5.3928,-999.0,22.38,27.18,18.67,86.79,1.19,2.75,0.48,97.57
19970913,0.01,4.0075,-999.0,3.7776,-999.0,21.99,26.33,19.41,88.38,1.28,2.43,0.52,97.6
19970914,0.01,5.7797,-999.0,4.5024,-999.0,22.13,26.71,18.94,85.42,0.81,1.76,0.31,97.67
19970915,0.17,4.8862,-999.0,4.6272,-999.0,22.31,26.97,19.06,86.1,1.09,2.41,0.43,97.61
19970916,0.12,4.6394,-999.0,4.464,-999.0,21.81,25.58,18.99,88.6,1.07,1.88,0.4,97.77
19970917,0.03,4.6663,-999.0,4.5264,-999.0,21.83,25.41,19.35,88.79,0.94,1.77,0.39,97.88
19970918,0.0,5.2882,-999.0,5.3352,-999.0,22.05,26.09,19.94,88.31,1.14,2.17,0.51,97.87
19970919,0.0,5.0414,-999.0,5.1096,-999.0,22.22,26.2,19.83,88.8,1.0,2.18,0.41,97.81
19970920,0.0,3.4824,-999.0,2.9088,-999.0,22.54,26.1,19.63,88.5,1.12,2.07,0.46,97.71
19970921,0.0,4.1803,-999.0,4.0944,-999.0,22.34,25.71,20.35,89.53,1.08,2.25,0.43,97.83
19970922,0.75,5.3472,-999.0,4.8768,-999.0,22.34,24.85,20.78,91.23,0.77,1.49,0.34,97.81
19970923,2.24,3.2458,-999.0,2.3136,-999.0,22.6,25.5,20.81,93.51,1.01,1.83,0.46,97.84
19970924,0.28,4.8938,-999.0,4.6128,-999.0,22.66,25.11,20.79,92.46,0.92,1.22,0.39,97.72
19970925,0.06,3.6958,-999.0,3.3552,-999.0,22.75,24.67,21.15,91.22,0.69,1.35,0.33,97.73
19970926,0.15,5.1098,-999.0,4.8048,-999.0,22.78,26.05,20.09,91.16,1.05,1.72,0.38,97.79
19970927,1.22,3.5345,-999.0,2.9976,-999.0,22.79,25.08,21.12,92.75,0.83,1.67,0.35,97.83
19970928,9.65,4.0886,-999.0,3.912,-999.0,22.57,24.19,21.28,94.22,0.88,1.48,0.39,97.85
19970929,3.3,5.2085,-999.0,5.0088,-999.0,23.29,25.55,21.75,93.21,1.02,1.93,0.41,97.83
19970930,0.63,3.5354,-999.0,2.8272,-999.0,22.82,24.58,21.39,91.85,0.63,1.07,0.26,97.88
19971001,1.33,5.4362,-999.0,4.068,-999.0,23.43,26.64,20.91,90.57,0.91,1.44,0.38,97.77
19971002,0.9,2.3194,-999.0,1.7592,-999.0,23.97,26.7,22.34,93.09,1.19,2.14,0.44,97.72
19971003,5.07,4.7467,-999.0,4.104,-999.0,23.51,26.52,21.68,91.84,1.15,1.9,0.44,97.82
19971004,2.35,4.4518,-999.0,3.42,-999.0,23.11,26.43,21.3,91.64,1.13,2.27,0.46,97.8
19971005,0.02,4.9586,-999.0,4.6416,-999.0,23.19,26.65,20.98,91.02,1.29,2.27,0.5,97.76
19971006,3.73,4.6325,-999.0,4.2264,-999.0,23.34,26.46,21.41,90.65,1.04,1.89,0.4,97.71
19971007,1.19,5.3554,-999.0,4.9488,-999.0,23.57,27.43,21.37,90.1,0.88,1.79,0.36,97.77
19971008,0.22,5.4602,-999.0,4.824,-999.0,23.57,26.62,21.39,90.97,0.94,1.68,0.47,97.8
19971009,0.31,6.2014,-999.0,3.9216,-999.0,24.02,27.78,21.14,88.5,1.25,2.38,0.49,97.74
19971010,2.21,4.6073,-999.0,3.768,-999.0,23.55,25.89,22.09,92.19,1.49,2.33,0.6,97.75
19971011,0.56,5.7276,-999.0,4.3104,-999.0,23.96,27.64,21.36,88.58,1.19,2.49,0.44,97.79
19971012,0.06,5.3486,-999.0,3.8568,-999.0,23.62,26.98,21.34,88.1,1.23,2.29,0.49,97.82
19971013,0.0,5.2145,-999.0,4.8072,-999.0,23.77,27.79,21.6,87.37,1.1,2.37,0.47,97.65
19971014,0.09,5.8428,-999.0,4.0728,-999.0,23.15,26.3,20.89,88.32,1.0,2.11,0.42,97.6
19971015,0.01,5.7701,-999.0,4.8504,-999.0,23.41,27.6,20.14,87.58,1.02,2.11,0.44,97.6
19971016,0.09,5.3791,-999.0,4.4928,-999.0,23.21,27.28,20.48,89.62,1.06,2.24,0.45,97.57
19971017,0.02,4.7609,-999.0,4.3128,-999.0,23.16,26.0,20.89,90.21,0.93,1.58,0.39,97.58
19971018,0.36,4.8367,-999.0,4.4592,-999.0,23.54,26.55,21.67,88.76,1.01,1.82,0.39,97.61
19971019,0.64,4.6733,-999.0,4.1352,-999.0,23.27,26.98,20.66,87.36,0.93,1.84,0.37,97.64
19971020,0.2,4.6615,-999.0,4.1376,-999.0,24.06,28.32,21.52,89.11,1.23,2.26,0.47,97.64
19971021,28.06,3.575,-999.0,2.9016,-999.0,23.34,25.54,22.03,94.3,1.26,1.84,0.51,97.68
19971022,30.49,3.0526,-999.0,2.5968,-999.0,23.57,27.22,21.42,90.32,1.16,2.35,0.48,97.74
19971023,3.61,5.7254,-999.0,4.7496,-999.0,23.52,26.3,21.19,91.03,0.92,1.67,0.35,97.68
19971024,1.55,4.9063,-999.0,4.692,-999.0,23.77,27.57,21.39,90.33,1.07,2.47,0.43,97.72
19971025,7.15,5.6138,-999.0,4.8672,-999.0,23.4,26.33,21.61,90.89,1.05,1.72,0.47,97.75
19971026,2.01,3.0497,-999.0,2.4816,-999.0,22.97,25.75,21.18,89.95,0.92,1.62,0.42,97.76
19971027,0.0,5.0618,-999.0,4.968,-999.0,22.94,25.8,21.11,87.56,1.23,2.21,0.49,97.8
19971028,0.0,5.1598,-999.0,5.1384,-999.0,23.43,26.76,20.92,87.9,1.44,2.7,0.62,97.72
19971029,0.0,5.1166,-999.0,4.3536,-999.0,24.46,28.65,21.68,87.11,1.22,2.34,0.56,97.63
19971030,0.0,6.107,-999.0,4.5456,-999.0,24.28,28.48,21.26,87.93,1.24,2.36,0.53,97.57
19971031,0.02,6.3977,-999.0,3.3792,-999.0,24.04,28.44,20.74,88.35,1.09,2.18,0.4,97.54
19971101,0.01,6.1222,-999.0,4.8864,-999.0,23.93,28.29,20.33,89.05,1.12,2.13,0.45,97.64
19971102,0.0,6.0266,-999.0,5.2008,-999.0,23.69,27.38,21.38,89.19,1.03,2.14,0.46,97.7
19971103,0.08,6.0187,-999.0,4.8888,-999.0,23.61,28.02,20.57,89.35,1.06,1.89,0.46,97.72
19971104,0.0,5.7365,-999.0,4.8432,-999.0,24.23,28.35,21.4,89.06,0.94,1.95,0.42,97.79
19971105,0.0,6.013,-999.0,5.0472,-999.0,24.93,29.07,21.67,86.09,1.19,2.11,0.5,97.7
19971106,6.29,5.3573,-999.0,4.9968,-999.0,24.32,26.93,22.67,89.22,0.89,1.3,0.38,97.77
19971107,23.93,4.2986,-999.0,4.1472,-999.0,24.0,26.73,22.14,92.13,0.81,1.8,0.33,97.84
19971108,0.62,4.1702,-999.0,3.8784,-999.0,24.46,28.51,22.19,90.07,0.84,1.65,0.31,97.76
19971109,0.04,5.729,-999.0,5.0064,-999.0,24.65,28.77,21.24,87.18,1.02,2.0,0.38,97.67
19971110,5.28,5.6563,-999.0,5.2248,-999.0,24.64,27.85,22.04,89.72,1.07,2.11,0.44,97.73
19971111,3.85,4.3625,-999.0,3.9264,-999.0,23.82,26.82,21.73,90.65,1.32,1.87,0.48,97.75
19971112,0.07,5.3962,-999.0,4.9368,-999.0,24.23,26.79,22.62,88.87,1.07,1.58,0.43,97.66
19971113,0.69,5.2032,-999.0,5.244,-999.0,23.41,25.56,21.78,89.71,0.93,1.18,0.35,97.62
19971114,16.78,5.3938,-999.0,5.2128,-999.0,24.24,27.47,21.66,87.98,1.1,2.05,0.42,97.54
19971115,18.66,5.2126,-999.0,4.8432,-999.0,24.28,27.57,22.05,90.74,1.24,2.18,0.56,97.52
19971116,36.21,2.5942,-999.0,1.752,-999.0,23.42,24.64,22.22,96.63,1.14,1.49,0.5,97.52
19971117,2.48,4.5744,-999.0,4.38,-999.0,24.06,27.7,22.03,91.06,1.18,2.31,0.5,97.45
19971118,0.71,3.193,-999.0,2.4864,-999.0,23.99,26.0,22.39,91.29,1.1,1.44,0.38,97.42
19971119,0.58,4.8838,-999.0,3.9144,-999.0,23.96,26.83,22.2,90.79,0.91,1.5,0.35,97.57
19971120,5.76,4.4378,-999.0,3.5112,-999.0,23.23,24.74,21.82,94.04,0.93,1.23,0.33,97.69
19971121,18.69,5.1994,-999.0,4.1112,-999.0,23.71,27.21,21.13,89.82,1.24,1.95,0.45,97.61
19971122,8.78,4.8504,-999.0,3.6048,-999.0,23.99,27.16,22.24,91.22,1.34,2.17,0.56,97.52
19971123,10.49,4.9656,-999.0,2.8416,-999.0,24.27,27.81,22.07,88.46,1.3,2.41,0.59,97.47
19971124,13.0,4.8605,-999.0,3.9744,-999.0,24.76,28.2,22.21,87.52,1.03,2.14,0.43,97.54
19971125,16.17,4.8478,-999.0,3.3744,-999.0,24.2,25.81,23.35,94.93,0.99,1.48,0.43,97.59
19971126,6.85,6.0096,-999.0,1.7712,-999.0,24.86,28.71,22.13,88.64,0.89,1.78,0.36,97.59
19971127,0.4,4.1107,-999.0,3.6816,-999.0,24.61,27.98,21.71,89.24,1.01,1.79,0.39,97.57
19971128,7.03,6.0672,-999.0,2.9208,-999.0,24.35,27.97,21.59,88.97,1.05,1.78,0.36,97.56
19971129,4.48,2.8963,-999.0,2.3688,-999.0,24.49,27.99,21.88,89.78,1.33,2.45,0.54,97.59
19971130,1.08,5.7098,-999.0,1.3032,-999.0,24.22,27.94,21.9,90.47,0.91,1.87,0.41,97.57
19971201,2.05,5.3998,-999.0,4.5216,-999.0,24.79,28.24,22.38,88.79,1.25,2.16,0.51,97.65
19971202,7.58,4.4102,-999.0,3.7608,-999.0,23.85,25.51,21.55,94.01,1.18,1.91,0.44,97.59
19971203,2.44,5.7067,-999.0,3.8688,-999.0,24.8,28.95,21.22,81.95,1.21,1.98,0.44,97.53
19971204,6.14,5.0107,-999.0,3.4728,-999.0,24.85,28.72,21.7,87.99,1.25,2.45,0.51,97.49
19971205,4.6,4.0951,-999.0,3.696,-999.0,24.62,27.6,22.05,89.98,1.38,2.62,0.6,97.56
19971206,19.02,5.3846,-999.0,1.8792,-999.0,25.0,28.58,22.02,88.86,1.16,2.03,0.53,97.44
19971207,7.15,5.4466,-999.0,3.1632,-999.0,25.28,28.95,21.91,87.03,1.09,1.83,0.49,97.32
19971208,8.97,5.2526,-999.0,3.48,-999.0,25.16,28.59,23.0,90.54,1.45,2.71,0.66,97.32
19971209,23.38,4.1849,-999.0,3.7848,-999.0,24.44,25.99,22.32,93.34,1.23,2.05,0.53,97.51
19971210,4.39,6.1392,-999.0,3.084,-999.0,25.41,28.76,22.77,88.26,1.09,2.1,0.48,97.45
19971211,0.44,3.5638,-999.0,3.0744,-999.0,25.86,29.0,23.84,86.19,1.27,2.06,0.55,97.48
19971212,7.22,4.7172,-999.0,3.1464,-999.0,25.14,28.14,23.37,89.61,1.12,2.09,0.48,97.59
19971213,7.32,6.3098,-999.0,2.556,-999.0,25.17,28.29,22.59,90.52,1.44,2.24,0.62,97.51
19971214,13.13,4.998,-999.0,3.8208,-999.0,25.02,28.4,22.73,89.11,1.46,2.74,0.6,97.5
19971215,4.12,6.313,-999.0,3.216,-999.0,25.1,27.86,23.19,89.58,1.23,2.09,0.55,97.53
19971216,12.34,5.4809,-999.0,3.1128,-999.0,25.36,28.85,22.78,87.46,1.33,2.36,0.49,97.51
19971217,28.47,2.922,-999.0,2.3568,-999.0,24.05,25.55,22.68,93.35,1.15,1.88,0.47,97.55
19971218,11.6,5.7638,-999.0,2.2128,-999.0,25.07,28.89,22.35,87.97,1.33,2.49,0.51,97.43
19971219,19.22,4.7753,-999.0,3.6912,-999.0,24.83,26.36,23.8,94.04,0.88,1.41,0.35,97.49
19971220,42.54,5.0501,-999.0,2.1408,-999.0,24.73,26.29,23.34,94.58,1.31,2.25,0.6,97.57
19971221,5.65,6.1601,-999.0,3.6504,-999.0,24.55,27.18,22.27,89.4,0.74,1.29,0.32,97.6
19971222,2.34,4.9562,-999.0,4.5816,-999.0,25.25,28.91,22.74,86.01,1.27,2.57,0.49,97.53
19971223,10.11,5.5901,-999.0,3.4536,-999.0,24.51,27.4,21.69,90.72,1.32,2.1,0.52,97.48
19971224,36.31,5.3158,-999.0,4.5384,-999.0,24.25,26.12,22.5,94.34,1.15,1.86,0.55,97.42
19971225,26.32,5.7437,-999.0,3.552,-999.0,24.04,26.16,22.22,94.44,1.27,2.13,0.55,97.36
19971226,4.08,5.6546,-999.0,4.776,-999.0,24.29,26.69,22.41,94.38,1.3,2.0,0.59,97.3
19971227,0.43,5.0978,-999.0,4.3536,-999.0,26.47,30.2,23.3,83.69,1.2,2.58,0.52,97.13
19971228,0.53,6.0847,-999.0,3.7848,-999.0,26.78,30.15,24.28,83.88,1.25,2.63,0.55,97.21
19971229,1.65,5.951,-999.0,2.748,-999.0,26.05,27.03,25.36,86.81,1.07,1.98,0.53,97.26
19971230,1.96,5.4252,-999.0,3.948,-999.0,26.13,28.64,24.42,87.27,1.02,2.18,0.46,97.25
19971231,18.7,5.7199,-999.0,4.5264,-999.0,24.87,26.87,22.94,91.35,1.07,1.91,0.47,97.35
19980101,43.39,5.2392,-999.0,2.52,-999.0,25.09,27.04,23.75,94.82,0.81,1.34,0.39,97.35
19980102,15.45,5.0182,-999.0,3.9072,-999.0,25.9,28.28,23.88,89.69,1.14,1.81,0.47,97.33
19980103,6.21,5.5277,-999.0,2.3664,-999.0,25.94,28.74,24.62,91.74,1.05,1.82,0.49,97.37
19980104,0.24,5.345,-999.0,2.652,-999.0,25.63,27.59,24.09,91.99,0.9,1.92,0.45,97.44
19980105,4.03,3.6374,-999.0,2.4528,-999.0,25.86,29.54,23.51,85.56,1.18,2.01,0.48,97.37
19980106,1.61,5.3846,-999.0,2.8488,-999.0,25.75,27.98,23.98,89.03,1.12,2.41,0.46,97.4
19980107,0.12,5.2397,-999.0,3.6648,-999.0,26.07,29.13,23.96,86.0,1.37,2.98,0.54,97.35
19980108,0.2,6.1826,-999.0,2.5608,-999.0,25.92,29.6,23.69,87.55,1.15,2.5,0.51,97.42
19980109,0.18,5.8584,-999.0,4.6632,-999.0,25.99,29.38,23.55,87.13,1.05,2.16,0.5,97.34
19980110,5.75,6.4814,-999.0,2.9664,-999.0,25.8,28.82,23.83,89.05,1.37,2.56,0.64,97.37
19980111,4.1,3.9271,-999.0,3.4032,-999.0,25.24,28.23,23.53,91.36,1.58,2.74,0.67,97.42
19980112,0.15,5.9508,-999.0,3.6312,-999.0,25.3,28.57,23.16,88.45,1.49,2.42,0.55,97.46
19980113,6.59,5.4958,-999.0,2.9544,-999.0,25.3,28.55,23.16,87.75,1.14,2.04,0.42,97.49
19980114,0.97,5.61,-999.0,2.8584,-999.0,25.45,28.73,23.49,87.75,1.1,1.82,0.46,97.55
19980115,12.47,5.6448,-999.0,4.1472,-999.0,25.09,27.06,23.8,92.49,1.03,1.74,0.43,97.31
19980116,58.51,3.5758,-999.0,3.2424,-999.0,24.5,26.31,23.44,97.22,1.39,2.05,0.56,97.34
19980117,9.78,2.9328,-999.0,2.0304,-999.0,24.29,25.89,22.93,96.34,1.33,2.34,0.53,97.53
19980118,2.84,4.909,-999.0,3.8136,-999.0,24.78,27.24,23.22,94.86,1.67,2.69,0.66,97.47
19980119,12.59,3.9034,-999.0,3.4008,-999.0,25.1,27.35,23.3,93.01,1.13,1.78,0.51,97.44
19980120,1.28,6.2616,-999.0,3.6888,-999.0,26.04,29.72,23.59,87.62,0.98,1.48,0.37,97.32
19980121,0.33,6.3792,-999.0,3.7848,-999.0,25.56,28.17,23.22,85.68,0.92,1.58,0.37,97.42
19980122,1.63,5.9933,-999.0,3.9312,-999.0,25.56,28.53,23.18,87.16,1.26,2.13,0.51,97.43
19980123,0.06,7.2715,-999.0,1.3536,-999.0,25.9,29.84,23.02,84.34,1.13,1.89,0.47,97.38
19980124,0.05,6.3499,-999.0,2.6208,-999.0,25.57,27.74,23.33,89.03,1.01,1.45,0.43,97.39
19980125,1.78,5.6167,-999.0,4.188,-999.0,25.75,28.38,24.55,92.7,1.24,1.77,0.57,97.52
19980126,3.21,5.6326,-999.0,2.3424,-999.0,25.64,28.27,23.69,90.47,1.45,2.28,0.57,97.58
19980127,2.65,5.293,-999.0,3.6816,-999.0,24.3,26.86,22.46,89.97,1.02,1.35,0.33,97.71
19980128,7.15,5.3923,-999.0,4.1592,-999.0,24.21,27.08,22.27,89.31,1.02,1.83,0.43,97.7
19980129,15.74,6.1774,-999.0,2.1648,-999.0,24.65,26.78,23.07,91.3,1.23,2.43,0.52,97.74
19980130,5.08,3.2849,-999.0,2.7792,-999.0,25.07,28.15,22.99,88.67,1.01,1.39,0.45,97.85
19980131,0.22,5.6777,-999.0,4.368,-999.0,25.13,28.44,22.45,86.91,1.21,2.09,0.51,97.87
19980201,7.22,5.0522,-999.0,4.3824,-999.0,24.88,27.23,22.88,89.06,0.93,1.57,0.41,97.82
19980202,2.06,5.1046,-999.0,4.2456,-999.0,24.47,27.02,22.62,91.99,1.4,2.39,0.61,97.73
19980203,2.36,6.0946,-999.0,3.156,-999.0,25.57,29.37,23.09,88.62,1.48,2.65,0.64,97.66
19980204,1.66,5.6868,-999.0,3.9888,-999.0,24.77,25.83,23.42,96.23,1.37,2.04,0.53,97.67
19980205,4.22,4.3238,-999.0,3.7248,-999.0,24.46,26.52,22.7,92.13,0.85,1.06,0.33,97.67
19980206,7.73,4.5384,-999.0,3.0624,-999.0,25.1,28.17,22.75,92.82,1.41,2.32,0.53,97.6
19980207,21.25,4.0243,-999.0,3.3288,-999.0,24.91,26.79,23.45,95.09,1.3,2.42,0.56,97.64
19980208,23.36,5.0738,-999.0,4.2216,-999.0,24.65,26.01,23.32,96.79,1.49,2.05,0.59,97.62
19980209,4.52,3.8261,-999.0,3.2376,-999.0,24.57,26.08,23.49,95.87,1.41,2.27,0.54,97.74
19980210,13.34,4.2962,-999.0,3.6384,-999.0,24.91,27.74,23.1,92.38,1.18,2.11,0.6,97.75
19980211,16.01,5.0772,-999.0,4.2696,-999.0,25.03,27.5,23.52,90.62,1.35,3.05,0.6,97.69
19980212,112.51,5.3947,-999.0,5.1648,-999.0,25.22,28.92,22.68,90.41,1.47,2.65,0.61,97.77
19980213,10.49,4.1131,-999.0,3.7968,-999.0,25.18,27.37,23.86,89.67,1.21,2.39,0.53,97.72
19980214,0.34,6.7306,-999.0,2.1456,-999.0,24.8,26.82,23.08,91.22,1.05,1.71,0.46,97.69
19980215,11.08,5.2838,-999.0,4.8384,-999.0,25.27,28.58,22.37,88.11,1.28,1.9,0.49,97.61
19980216,18.1,4.3721,-999.0,3.5688,-999.0,24.61,25.92,23.08,96.29,1.44,2.51,0.57,97.7
19980217,2.2,6.4294,-999.0,2.9592,-999.0,24.94,27.97,21.89,89.04,1.06,1.68,0.41,97.66
19980218,19.42,5.7938,-999.0,4.7568,-999.0,25.4,28.43,22.76,89.98,1.1,2.11,0.53,97.58
19980219,16.96,4.4986,-999.0,4.2432,-999.0,25.11,27.95,22.72,90.2,1.02,1.57,0.37,97.57
19980220,11.01,5.1266,-999.0,4.3008,-999.0,25.25,27.47,23.78,94.94,1.36,2.28,0.58,97.53
19980221,6.03,5.8505,-999.0,3.7368,-999.0,25.29,26.87,24.17,95.03,1.53,2.3,0.64,97.57
19980222,12.43,5.6412,-999.0,3.7416,-999.0,25.26,27.24,23.67,95.18,1.86,2.75,0.72,97.52
19980223,28.02,4.1496,-999.0,3.5544,-999.0,25.17,26.23,24.4,95.39,1.48,2.28,0.61,97.54
19980224,1.77,6.4831,-999.0,3.1344,-999.0,26.03,28.91,23.52,87.05,1.0,1.65,0.42,97.43
19980225,0.23,7.0176,-999.0,2.4024,-999.0,27.1,29.8,24.91,84.42,1.0,1.75,0.5,97.35
19980226,15.72,6.36,-999.0,3.4512,-999.0,27.26,30.41,24.18,84.14,1.09,2.03,0.42,97.35
19980227,14.23,5.7286,-999.0,3.5784,-999.0,26.16,28.02,24.99,90.86,1.15,1.8,0.43,97.42
19980228,10.21,5.6546,-999.0,4.3608,-999.0,25.55,26.95,24.71,94.11,1.08,1.51,0.5,97.42
19980301,39.06,6.5167,-999.0,1.3728,-999.0,26.23,27.89,24.73,88.87,0.9,1.56,0.44,97.33
19980302,13.29,6.6754,-999.0,2.3424,-999.0,25.81,29.08,23.3,87.0,1.25,2.25,0.5,97.48
19980303,6.74,6.1435,-999.0,3.936,-999.0,25.7,27.91,24.25,89.95,1.12,1.89,0.57,97.47
19980304,5.05,6.9562,-999.0,2.1288,-999.0,25.21,26.98,24.08,93.28,1.38,2.15,0.61,97.45
19980305,3.74,6.6478,-999.0,1.8624,-999.0,26.16,29.17,24.16,88.39,1.16,2.15,0.58,97.35
19980306,39.87,6.6641,-999.0,1.9248,-999.0,26.1,29.44,24.0,91.14,1.02,1.81,0.48,97.3
19980307,11.6,6.9715,-999.0,2.4144,-999.0,26.25,29.33,24.03,90.45,1.13,1.84,0.43,97.37
19980308,3.46,3.7238,-999.0,2.952,-999.0,25.86,28.0,24.34,93.38,1.27,1.85,0.51,97.35
19980309,13.7,4.2804,-999.0,3.924,-999.0,25.57,28.3,24.2,92.29,1.01,1.68,0.42,97.46
19980310,3.94,3.5345,-999.0,2.7336,-999.0,25.08,27.8,23.1,90.11,1.0,1.42,0.45,97.58
19980311,23.94,5.3018,-999.0,4.3176,-999.0,24.47,27.38,22.79,90.28,1.21,2.08,0.51,97.67
19980312,11.85,4.47,-999.0,2.9496,-999.0,24.8,27.71,23.01,94.35,1.46,2.47,0.57,97.63
19980313,17.57,5.8042,-999.0,3.1296,-999.0,24.96,27.15,23.89,95.31,1.55,2.46,0.62,97.61
19980314,4.76,6.1174,-999.0,3.1824,-999.0,25.12,27.33,23.87,91.48,0.75,1.18,0.34,97.55
19980315,3.71,5.5944,-999.0,3.264,-999.0,25.52,27.85,23.86,91.51,1.32,1.99,0.52,97.57
19980316,9.27,4.4446,-999.0,3.8448,-999.0,24.79,26.04,23.98,96.21,1.36,2.35,0.51,97.72
19980317,15.71,5.5373,-999.0,3.9144,-999.0,24.87,27.1,23.33,92.82,1.32,1.98,0.55,97.67
19980318,35.82,4.0706,-999.0,3.6528,-999.0,24.62,26.17,23.54,96.17,1.34,1.97,0.54,97.53
19980319,39.83,4.056,-999.0,3.8592,-999.0,24.59,26.41,23.57,95.84,1.48,2.77,0.59,97.49
19980320,8.57,5.573,-999.0,3.3936,-999.0,25.2,27.41,23.65,93.66,1.45,2.19,0.63,97.44
19980321,0.9,5.033,-999.0,3.3456,-999.0,25.06,26.34,24.23,95.13,1.56,2.29,0.65,97.57
19980322,5.71,4.2994,-999.0,3.9432,-999.0,25.06,26.95,23.62,94.75,1.21,1.74,0.57,97.67
19980323,0.15,5.545,-999.0,4.032,-999.0,25.1,28.74,22.46,87.8,1.29,2.76,0.59,97.62
19980324,1.01,5.9227,-999.0,3.5184,-999.0,25.21,28.37,23.11,89.15,1.38,2.67,0.57,97.62
19980325,1.71,6.3113,-999.0,3.1704,-999.0,25.11,28.37,22.94,90.01,1.22,2.07,0.51,97.59
19980326,8.19,5.7137,-999.0,4.0824,-999.0,25.05,27.41,23.41,91.67,1.26,1.89,0.48,97.66
19980327,8.52,4.933,-999.0,4.6896,-999.0,25.09,28.05,23.42,93.13,1.33,2.07,0.54,97.68
19980328,15.1,5.2841,-999.0,4.536,-999.0,24.83,26.14,24.01,95.72,1.32,1.87,0.5,97.72
19980329,51.2,6.0252,-999.0,2.4096,-999.0,24.53,26.02,23.62,95.42,1.17,1.78,0.44,97.71
19980330,52.96,5.2025,-999.0,3.7584,-999.0,24.93,27.24,23.48,95.26,1.43,2.12,0.58,97.62
19980331,11.11,5.6239,-999.0,4.2,-999.0,24.77,26.14,23.94,95.46,1.35,1.63,0.55,97.6
19980401,11.65,4.9519,-999.0,4.4952,-999.0,24.62,26.6,23.38,95.75,1.44,2.32,0.55,97.53
19980402,13.65,4.7254,-999.0,3.9336,-999.0,24.33,25.76,23.28,96.34,1.33,1.87,0.49,97.6
19980403,20.8,4.5917,-999.0,4.3776,-999.0,24.55,26.55,23.22,95.57,1.31,2.65,0.55,97.63
19980404,4.48,3.6192,-999.0,3.0888,-999.0,24.42,26.0,23.44,95.74,1.14,1.86,0.43,97.75
19980405,18.5,5.5553,-999.0,4.3392,-999.0,24.78,26.71,23.33,93.7,1.16,1.87,0.45,97.7
19980406,11.08,4.7755,-999.0,4.0008,-999.0,24.7,26.38,23.39,94.52,1.21,1.83,0.51,97.58
19980407,10.24,5.4689,-999.0,3.732,-999.0,24.71,26.14,23.82,96.47,1.32,1.97,0.51,97.56
19980408,35.0,5.1197,-999.0,3.3288,-999.0,25.04,27.48,23.39,93.49,1.28,2.33,0.5,97.46
19980409,35.79,4.824,-999.0,4.2264,-999.0,25.07,26.67,23.66,96.89,1.34,2.11,0.56,97.45
19980410,13.85,4.1846,-999.0,3.0024,-999.0,25.9,28.12,24.55,94.46,1.67,2.32,0.65,97.4
19980411,52.22,4.2636,-999.0,3.768,-999.0,25.66,26.97,24.84,96.92,1.29,1.85,0.48,97.44
19980412,34.29,2.9278,-999.0,2.1576,-999.0,25.13,25.96,24.37,97.41,1.38,2.06,0.53,97.43
19980413,3.08,5.5879,-999.0,3.8664,-999.0,24.77,26.78,23.57,94.42,1.18,1.82,0.47,97.45
19980414,1.96,4.613,-999.0,4.2864,-999.0,25.21,27.64,23.47,93.47,1.13,1.52,0.47,97.49
19980415,5.66,3.66,-999.0,3.1032,-999.0,25.4,26.79,24.65,96.93,1.3,1.59,0.52,97.53
19980416,7.48,3.809,-999.0,2.9256,-999.0,25.67,28.49,24.14,94.17,1.52,2.61,0.6,97.41
19980417,4.16,5.8862,-999.0,3.2232,-999.0,25.13,26.59,24.24,95.01,1.42,2.05,0.54,97.48
19980418,15.13,4.7616,-999.0,3.3648,-999.0,24.68,26.83,23.32,93.06,1.1,1.66,0.47,97.58
19980419,5.06,5.4468,-999.0,2.8152,-999.0,24.83,27.05,23.29,93.01,0.8,1.29,0.31,97.6
19980420,2.68,5.6026,-999.0,3.9312,-999.0,25.32,27.05,24.37,93.31,1.05,1.85,0.45,97.51
19980421,4.32,4.1801,-999.0,3.6696,-999.0,25.52,28.28,24.25,94.76,1.36,2.37,0.62,97.47
19980422,7.58,2.3352,-999.0,1.5912,-999.0,25.25,27.06,23.87,95.1,0.97,1.72,0.42,97.5
19980423,0.24,4.4146,-999.0,3.78,-999.0,24.68,26.41,23.6,93.07,0.99,1.48,0.41,97.64
19980424,23.96,5.4271,-999.0,3.4296,-999.0,24.74,27.59,22.66,90.32,1.04,1.72,0.36,97.66
19980425,42.02,4.7249,-999.0,3.3744,-999.0,24.45,27.4,22.43,90.89,1.28,2.15,0.49,97.66
19980426,26.02,5.1557,-999.0,2.6784,-999.0,24.56,26.62,23.06,91.91,1.1,2.12,0.46,97.66
19980427,9.65,4.9613,-999.0,4.2912,-999.0,25.17,28.12,23.17,91.52,1.42,2.44,0.61,97.63
19980428,9.96,5.4701,-999.0,4.3872,-999.0,25.24,27.78,23.29,93.33,1.4,1.87,0.55,97.65
19980429,22.61,5.6554,-999.0,2.796,-999.0,25.19,26.69,23.95,94.94,1.51,2.27,0.58,97.57
19980430,21.68,5.3098,-999.0,2.8368,-999.0,25.38,27.58,23.92,93.61,1.59,2.24,0.67,97.52
19980501,14.91,5.3858,-999.0,2.9448,-999.0,25.15,27.58,23.6,93.3,1.4,2.25,0.63,97.52
19980502,3.53,5.0282,-999.0,2.9424,-999.0,25.19,27.49,23.76,91.82,1.29,2.35,0.54,97.58
19980503,32.21,4.8252,-999.0,3.8688,-999.0,25.12,26.82,24.23,95.09,1.38,1.61,0.53,97.52
19980504,19.97,4.7095,-999.0,2.9352,-999.0,25.15,27.37,23.72,92.73,1.18,2.11,0.47,97.41
19980505,11.29,4.2595,-999.0,3.5496,-999.0,24.78,26.15,23.75,95.35,0.92,1.15,0.4,97.36
19980506,3.78,5.371,-999.0,2.9496,-999.0,24.74,26.61,23.55,93.47,1.13,1.61,0.53,97.42
19980507,18.0,4.1659,-999.0,3.3216,-999.0,25.0,26.56,23.66,96.22,1.05,1.41,0.35,97.48
19980508,6.52,4.4472,-999.0,3.9384,-999.0,24.44,28.48,21.03,87.04,1.09,1.89,0.41,97.46
19980509,0.41,5.7934,-999.0,2.6544,-999.0,25.62,28.88,23.46,86.04,1.2,2.31,0.52,97.35
19980510,2.92,5.3851,-999.0,2.5608,-999.0,25.36,28.2,22.86,90.34,1.68,2.59,0.71,97.35
19980511,1.69,5.3482,-999.0,3.0864,-999.0,25.65,27.71,24.04,93.7,1.26,1.98,0.53,97.31
19980512,0.35,5.4614,-999.0,3.1224,-999.0,25.59,27.65,23.69,90.14,1.07,1.78,0.46,97.26
19980513,25.62,3.4666,-999.0,2.8632,-999.0,25.93,27.04,24.89,95.41,1.94,2.98,0.79,97.24
19980514,15.46,3.7306,-999.0,2.424,-999.0,25.79,27.43,24.39,95.25,1.38,2.11,0.59,97.2
19980515,2.07,2.8704,-999.0,2.268,-999.0,26.05,28.62,24.36,92.94,1.1,1.46,0.45,97.11
19980516,0.35,4.3169,-999.0,3.1488,-999.0,26.0,27.44,25.1,94.14,1.22,1.73,0.47,97.28
19980517,4.19,4.8048,-999.0,4.044,-999.0,25.26,26.84,24.26,94.95,1.22,1.88,0.5,97.44
19980518,1.14,4.2826,-999.0,4.0176,-999.0,24.88,26.19,23.67,95.19,1.29,2.03,0.56,97.49
19980519,10.42,4.9702,-999.0,3.0528,-999.0,24.85,27.2,22.59,92.38,1.01,1.78,0.38,97.52
19980520,10.96,4.7784,-999.0,3.3984,-999.0,25.49,28.27,23.33,93.54,1.38,2.25,0.6,97.49
19980521,18.63,3.4452,-999.0,3.2232,-999.0,25.21,26.51,24.28,96.04,1.44,2.47,0.57,97.48
19980522,6.13,4.2187,-999.0,3.3048,-999.0,24.74,25.78,24.05,96.5,1.08,1.82,0.47,97.49
19980523,3.64,4.5794,-999.0,3.7344,-999.0,25.02,27.13,23.52,94.05,1.39,2.38,0.59,97.51
19980524,11.15,4.4753,-999.0,3.3264,-999.0,25.18,26.37,24.04,97.28,0.97,1.32,0.38,97.45
19980525,39.22,3.4855,-999.0,2.9136,-999.0,25.5,27.12,24.7,95.21,0.77,1.38,0.32,97.52
19980526,40.66,4.7602,-999.0,2.5656,-999.0,24.34,25.55,23.43,94.88,0.68,1.22,0.34,97.73
19980527,4.73,5.543,-999.0,2.5416,-999.0,23.95,26.64,22.06,92.51,1.22,1.67,0.54,97.86
19980528,0.05,4.9889,-999.0,2.7312,-999.0,24.68,27.75,22.26,89.51,1.26,2.19,0.56,97.64
19980529,0.12,4.3294,-999.0,4.0968,-999.0,24.87,27.22,23.27,90.88,1.26,1.82,0.52,97.62
19980530,0.01,5.2087,-999.0,2.4072,-999.0,25.25,28.17,22.71,89.52,1.25,2.32,0.53,97.61
19980531,7.92,4.6514,-999.0,3.4656,-999.0,25.14,27.21,23.94,93.68,1.7,2.69,0.7,97.67
19980601,12.63,3.085,-999.0,2.4576,-999.0,24.23,25.26,23.67,95.88,1.16,1.94,0.54,97.57
19980602,5.31,3.9458,-999.0,3.552,-999.0,25.38,28.18,23.55,91.07,1.2,2.37,0.52,97.43
19980603,16.69,5.4862,-999.0,3.216,-999.0,24.95,26.15,23.8,97.06,1.36,2.03,0.53,97.45
19980604,9.8,3.8458,-999.0,3.7272,-999.0,24.83,25.66,24.03,96.11,1.55,2.29,0.58,97.45
19980605,0.41,4.0159,-999.0,3.7392,-999.0,24.35,25.44,23.64,94.38,0.69,1.29,0.24,97.55
19980606,3.13,4.9183,-999.0,3.2208,-999.0,24.03,25.28,22.98,94.55,1.3,2.14,0.6,97.53
19980607,20.18,4.2648,-999.0,2.7672,-999.0,23.26,24.36,22.21,95.93,0.98,1.33,0.45,97.5
19980608,22.29,4.2871,-999.0,4.3776,-999.0,24.57,26.09,22.95,96.45,0.84,1.35,0.39,97.42
19980609,11.84,2.136,-999.0,1.584,-999.0,24.75,25.82,23.84,97.59,1.52,2.13,0.61,97.41
19980610,1.11,3.5887,-999.0,3.7368,-999.0,24.39,25.43,23.55,96.03,1.55,2.32,0.6,97.55
19980611,0.08,4.8958,-999.0,3.1224,-999.0,24.36,25.82,22.86,93.33,0.77,1.08,0.39,97.51
19980612,0.29,3.5609,-999.0,3.0552,-999.0,24.17,25.69,23.14,94.51,0.87,1.54,0.33,97.54
19980613,52.0,4.4566,-999.0,3.4992,-999.0,24.15,25.65,22.9,95.47,1.05,1.97,0.43,97.51
19980614,41.35,3.9139,-999.0,3.4344,-999.0,24.35,26.62,23.28,94.1,1.04,2.16,0.47,97.57
19980615,2.05,4.7443,-999.0,3.4824,-999.0,25.36,28.83,23.3,89.76,0.98,2.11,0.4,97.56
19980616,31.07,2.3352,-999.0,2.004,-999.0,24.71,27.11,23.34,92.21,1.03,2.16,0.42,97.53
19980617,26.61,4.416,-999.0,3.8088,-999.0,23.22,23.96,22.4,97.18,1.38,2.13,0.62,97.54
19980618,21.39,4.0351,-999.0,3.9912,-999.0,23.59,25.44,22.42,95.64,0.9,1.77,0.46,97.52
19980619,25.07,3.0235,-999.0,2.9352,-999.0,24.23,26.74,23.01,94.32,0.92,2.09,0.42,97.47
19980620,20.33,3.1375,-999.0,2.7264,-999.0,24.43,26.69,23.22,95.14,0.91,1.73,0.41,97.45
19980621,5.52,3.9108,-999.0,3.528,-999.0,24.03,26.53,22.97,93.77,1.14,1.99,0.48,97.45
19980622,6.81,4.4297,-999.0,3.492,-999.0,24.32,26.97,22.73,91.77,1.29,2.4,0.52,97.37
19980623,29.32,3.6034,-999.0,3.6864,-999.0,23.36,24.08,22.84,97.99,1.21,1.6,0.49,97.35
19980624,18.21,3.6883,-999.0,2.7456,-999.0,23.28,24.29,22.69,97.29,1.36,2.15,0.55,97.45
19980625,1.56,4.8418,-999.0,2.616,-999.0,23.94,26.08,22.41,94.5,1.19,1.9,0.48,97.42
19980626,3.24,2.6736,-999.0,2.4936,-999.0,24.62,27.04,23.19,94.87,1.14,1.81,0.43,97.37
19980627,4.42,4.0358,-999.0,3.3552,-999.0,24.61,26.04,23.52,95.65,1.1,1.54,0.5,97.41
19980628,0.73,5.1744,-999.0,2.556,-999.0,25.26,28.41,23.27,91.22,1.27,2.26,0.48,97.41
19980629,2.09,3.8383,-999.0,2.9424,-999.0,24.01,26.57,22.66,93.28,0.92,1.64,0.38,97.47
19980630,7.12,3.6876,-999.0,3.348,-999.0,23.45,25.58,22.3,96.49,1.11,2.23,0.43,97.47
19980701,21.19,4.428,-999.0,2.9376,-999.0,24.31,26.94,22.53,93.24,1.16,2.28,0.54,97.49
19980702,33.58,3.3403,-999.0,3.048,-999.0,24.74,27.47,23.14,90.57,1.17,2.22,0.53,97.49
19980703,9.9,4.3531,-999.0,3.0672,-999.0,23.91,25.47,22.77,95.01,0.69,1.12,0.28,97.6
19980704,34.3,4.4095,-999.0,4.0752,-999.0,24.42,26.96,22.76,93.45,0.99,1.57,0.41,97.59
19980705,13.81,3.6905,-999.0,3.216,-999.0,24.79,26.91,23.42,94.46,1.1,2.07,0.45,97.56
19980706,0.38,3.6998,-999.0,3.3576,-999.0,24.9,27.36,23.65,91.44,1.23,2.19,0.55,97.54
19980707,32.08,4.549,-999.0,2.7192,-999.0,24.62,26.8,23.42,93.73,1.39,2.25,0.6,97.5
19980708,30.54,3.2014,-999.0,2.6136,-999.0,24.57,27.06,23.24,94.11,1.48,2.41,0.63,97.48
19980709,11.13,3.5095,-999.0,3.4656,-999.0,24.08,25.99,22.76,95.53,1.53,2.38,0.66,97.44
19980710,29.28,3.9355,-999.0,3.4776,-999.0,23.35,25.31,22.42,95.11,1.47,2.51,0.63,97.52
19980711,29.12,4.4935,-999.0,3.9504,-999.0,23.28,25.5,22.28,94.44,1.45,2.33,0.61,97.48
19980712,10.86,3.911,-999.0,3.5496,-999.0,23.42,25.45,22.2,94.18,1.38,2.35,0.55,97.54
19980713,15.75,3.5095,-999.0,3.408,-999.0,24.35,27.13,22.52,94.28,1.3,2.41,0.57,97.49
19980714,62.51,3.4874,-999.0,3.2832,-999.0,24.52,27.46,22.95,93.14,1.48,2.58,0.59,97.48
19980715,58.65,3.0156,-999.0,2.0424,-999.0,23.6,25.84,22.37,94.97,1.47,2.54,0.61,97.49
19980716,17.24,2.2954,-999.0,1.9896,-999.0,23.58,25.46,22.38,94.76,1.22,2.07,0.53,97.52
19980717,3.94,5.5898,-999.0,1.476,-999.0,24.41,27.15,22.69,93.7,1.25,2.09,0.53,97.5
19980718,16.69,4.5439,-999.0,3.7872,-999.0,24.75,27.33,22.87,93.96,1.27,2.28,0.51,97.45
19980719,15.65,2.8159,-999.0,2.1408,-999.0,25.05,27.81,23.46,92.24,1.25,2.29,0.5,97.33
19980720,7.63,4.8101,-999.0,2.7648,-999.0,24.11,26.4,22.75,94.79,1.22,1.66,0.46,97.35
19980721,3.31,4.0327,-999.0,3.5016,-999.0,23.79,25.55,22.77,95.83,1.23,2.22,0.47,97.35
19980722,17.21,3.659,-999.0,3.5208,-999.0,24.08,26.51,22.68,94.81,1.52,2.5,0.58,97.3
19980723,7.01,4.0949,-999.0,2.9112,-999.0,24.52,27.09,23.26,94.46,1.55,2.41,0.64,97.28
19980724,27.57,4.8084,-999.0,3.0288,-999.0,24.26,27.35,22.51,91.05,1.41,2.53,0.6,97.35
19980725,11.79,4.146,-999.0,4.3584,-999.0,24.01,26.62,22.48,92.11,1.42,2.6,0.6,97.35
19980726,13.61,3.3029,-999.0,3.3816,-999.0,23.68,25.42,22.62,95.82,1.27,1.94,0.54,97.35
19980727,4.45,3.9295,-999.0,3.7608,-999.0,23.92,27.16,22.22,92.64,1.31,2.46,0.54,97.36
19980728,2.27,4.2898,-999.0,4.0968,-999.0,23.49,26.05,21.92,93.9,1.04,1.75,0.4,97.39
19980729,52.73,3.4308,-999.0,3.4008,-999.0,23.12,24.96,21.96,95.44,1.14,1.81,0.48,97.41
19980730,35.43,4.1722,-999.0,3.684,-999.0,23.67,26.3,21.83,92.83,1.42,2.57,0.62,97.43
19980731,12.04,3.2866,-999.0,3.1944,-999.0,23.63,26.25,22.49,94.94,1.38,2.0,0.57,97.47
19980801,6.14,2.7799,-999.0,2.5704,-999.0,23.37,25.73,22.31,95.54,1.31,1.99,0.55,97.53
19980802,46.95,4.7021,-999.0,4.2648,-999.0,22.91,24.62,21.96,95.41,1.08,1.77,0.43,97.61
19980803,73.27,4.1496,-999.0,4.08,-999.0,23.14,25.19,21.96,94.84,1.0,1.8,0.46,97.62
19980804,8.36,2.6654,-999.0,2.2512,-999.0,22.77,24.09,21.9,96.29,1.17,1.89,0.5,97.67
19980805,1.02,3.7922,-999.0,3.3144,-999.0,23.54,26.18,21.73,91.88,0.81,1.52,0.29,97.55
19980806,4.51,4.8703,-999.0,3.3552,-999.0,23.37,25.07,22.1,95.22,1.32,2.67,0.56,97.62
19980807,10.22,5.1413,-999.0,4.092,-999.0,23.51,25.82,22.17,95.42,1.31,2.14,0.5,97.61
19980808,8.76,2.8082,-999.0,2.5944,-999.0,23.24,25.12,22.12,95.68,1.4,2.22,0.53,97.62
19980809,10.19,3.9134,-999.0,3.804,-999.0,22.32,23.42,21.6,95.85,1.08,1.48,0.46,97.61
19980810,1.72,4.2403,-999.0,4.0584,-999.0,22.99,24.69,21.52,94.97,1.25,2.4,0.5,97.59
19980811,31.19,3.606,-999.0,3.7008,-999.0,23.27,25.34,22.31,95.39,1.26,1.69,0.55,97.59
19980812,30.78,4.1256,-999.0,4.1976,-999.0,23.28,25.74,22.08,94.42,1.21,2.37,0.53,97.53
19980813,13.15,2.8642,-999.0,2.5536,-999.0,23.65,26.18,22.01,93.57,1.23,2.19,0.51,97.49
19980814,3.6,4.2166,-999.0,3.6384,-999.0,23.38,24.63,22.47,96.35,1.19,1.8,0.44,97.44
19980815,28.04,4.2674,-999.0,3.5928,-999.0,23.11,25.13,21.76,95.02,1.04,2.02,0.41,97.51
19980816,42.74,3.8993,-999.0,4.1832,-999.0,23.62,25.9,22.55,95.14,1.45,2.77,0.59,97.39
19980817,34.67,3.2618,-999.0,3.4056,-999.0,23.33,25.04,22.4,96.16,1.61,2.76,0.67,97.38
19980818,11.35,5.3532,-999.0,4.1304,-999.0,23.37,25.17,22.16,95.99,1.13,1.82,0.46,97.51
19980819,4.48,5.4278,-999.0,4.4664,-999.0,23.88,25.68,22.53,95.45,0.95,1.9,0.4,97.39
19980820,25.53,5.5046,-999.0,3.4608,-999.0,24.06,25.67,23.07,96.3,1.5,2.48,0.57,97.33
19980821,28.71,2.6942,-999.0,2.3832,-999.0,23.72,24.97,22.98,96.35,1.3,2.17,0.49,97.4
19980822,1.2,5.2267,-999.0,3.2448,-999.0,24.4,27.22,22.82,93.92,1.17,2.46,0.41,97.46
19980823,6.54,3.7022,-999.0,3.5568,-999.0,24.55,26.59,23.4,95.05,1.23,2.17,0.47,97.51
19980824,10.62,4.2358,-999.0,3.8376,-999.0,23.97,25.38,22.99,97.09,1.55,2.31,0.6,97.52
19980825,6.16,3.9074,-999.0,2.9688,-999.0,24.03,26.69,22.47,94.57,1.54,3.08,0.58,97.46
19980826,25.04,5.7617,-999.0,3.6936,-999.0,23.2,24.41,22.16,96.86,1.34,2.14,0.55,97.53
19980827,23.65,3.7598,-999.0,3.6984,-999.0,23.54,25.22,22.69,95.96,1.3,1.97,0.5,97.58
19980828,7.81,2.6942,-999.0,2.484,-999.0,23.13,24.4,22.01,96.58,1.08,1.66,0.46,97.58
19980829,14.35,4.4136,-999.0,4.3968,-999.0,22.57,25.36,21.12,92.7,1.39,2.27,0.6,97.57
19980830,2.3,3.8316,-999.0,3.7464,-999.0,22.97,26.25,21.06,90.81,1.19,2.39,0.53,97.55
19980831,5.78,4.6255,-999.0,4.2288,-999.0,23.34,26.63,21.12,90.71,1.26,2.4,0.53,97.62
19980901,12.5,3.2518,-999.0,3.0024,-999.0,22.62,24.21,21.66,94.68,1.2,1.65,0.51,97.7
19980902,6.59,4.2226,-999.0,4.272,-999.0,22.21,23.73,20.89,95.76,1.09,1.54,0.46,97.83
19980903,7.72,5.874,-999.0,2.0688,-999.0,24.24,27.66,21.77,88.47,1.53,2.2,0.64,97.73
19980904,4.2,5.6014,-999.0,4.4064,-999.0,23.6,25.48,22.48,95.62,0.93,1.37,0.33,97.7
19980905,0.37,5.2483,-999.0,4.056,-999.0,23.33,25.11,21.95,93.61,1.09,1.75,0.5,97.66
19980906,1.53,5.3837,-999.0,3.7104,-999.0,24.1,27.69,21.29,88.39,1.21,1.71,0.44,97.67
19980907,38.14,4.8878,-999.0,4.1304,-999.0,24.16,26.0,22.97,95.15,1.74,2.77,0.71,97.68
19980908,44.99,2.6962,-999.0,2.2872,-999.0,23.53,25.05,22.33,96.14,1.37,2.43,0.56,97.63
19980909,10.37,6.1488,-999.0,3.468,-999.0,23.91,27.1,22.29,91.73,1.13,2.03,0.49,97.48
19980910,12.24,3.6766,-999.0,3.5784,-999.0,23.65,26.56,21.81,93.29,1.53,2.77,0.61,97.4
19980911,1.45,5.3364,-999.0,3.8976,-999.0,23.63,25.64,22.05,93.39,1.33,2.23,0.52,97.44
19980912,0.18,3.5299,-999.0,3.4032,-999.0,24.2,26.67,22.67,92.69,1.62,2.95,0.62,97.47
19980913,2.73,5.2886,-999.0,4.8192,-999.0,23.95,25.86,22.18,93.03,1.2,1.64,0.5,97.41
19980914,2.43,5.3846,-999.0,4.932,-999.0,24.15,26.34,22.92,94.68,1.48,2.92,0.57,97.35
19980915,2.69,5.4814,-999.0,4.1856,-999.0,24.35,26.38,22.81,92.87,1.01,1.82,0.42,97.37
19980916,7.47,4.1676,-999.0,4.032,-999.0,24.45,26.83,23.2,95.46,1.92,3.33,0.76,97.35
19980917,6.5,4.0361,-999.0,3.5544,-999.0,23.44,24.54,22.62,96.09,1.42,1.98,0.57,97.42
19980918,4.58,3.6221,-999.0,3.3984,-999.0,23.78,26.57,22.0,92.96,1.08,1.87,0.42,97.36
19980919,14.87,4.9615,-999.0,4.7496,-999.0,24.48,26.59,22.94,96.02,1.18,1.77,0.54,97.29
19980920,18.56,4.5706,-999.0,3.7416,-999.0,24.74,26.83,23.42,94.95,1.46,2.46,0.6,97.27
19980921,17.41,2.8298,-999.0,2.292,-999.0,24.05,26.73,22.19,93.83,1.24,1.87,0.48,97.42
19980922,2.26,5.3405,-999.0,4.6392,-999.0,23.92,26.5,22.49,93.68,1.17,2.03,0.48,97.45
19980923,4.33,4.9507,-999.0,4.4064,-999.0,24.45,27.67,22.39,90.82,1.21,2.26,0.51,97.46
19980924,4.09,4.5322,-999.0,4.284,-999.0,23.59,25.03,22.32,94.9,1.46,2.37,0.59,97.47
19980925,0.98,5.2519,-999.0,4.416,-999.0,23.74,26.26,21.8,91.93,1.13,2.1,0.43,97.4
19980926,19.46,5.0429,-999.0,4.5768,-999.0,24.76,28.17,23.03,91.01,1.33,2.86,0.53,97.28
19980927,18.15,3.5827,-999.0,3.3648,-999.0,23.86,25.59,22.48,95.47,1.53,2.39,0.63,97.4
19980928,4.18,5.1406,-999.0,4.9152,-999.0,23.96,27.11,21.85,92.37,1.26,2.34,0.5,97.37
19980929,3.51,2.5831,-999.0,2.1984,-999.0,24.23,26.68,22.89,94.81,1.5,2.21,0.58,97.33
19980930,4.94,6.0888,-999.0,3.984,-999.0,23.81,25.17,22.81,95.86,0.83,1.14,0.34,97.35
19981001,3.87,2.8531,-999.0,2.5608,-999.0,23.88,25.64,22.31,94.04,1.24,2.59,0.56,97.4
19981002,14.16,4.3361,-999.0,4.02,-999.0,23.92,26.02,22.29,94.52,1.36,2.26,0.57,97.4
19981003,10.12,5.5366,-999.0,3.576,-999.0,24.3,27.12,22.56,94.0,1.54,2.64,0.59,97.37
19981004,14.01,4.673,-999.0,4.5624,-999.0,23.75,25.69,22.64,95.15,1.18,1.99,0.48,97.43
19981005,4.55,5.3837,-999.0,4.884,-999.0,24.71,28.47,22.19,90.69,1.3,2.52,0.52,97.35
19981006,10.09,4.9694,-999.0,3.4776,-999.0,24.59,27.15,22.72,94.33,1.41,2.78,0.53,97.38
19981007,45.29,6.2474,-999.0,3.1968,-999.0,24.56,26.74,23.07,93.67,1.07,1.91,0.43,97.32
19981008,40.59,4.7448,-999.0,4.1424,-999.0,25.14,27.97,23.25,90.56,1.5,2.85,0.62,97.34
19981009,15.05,4.3622,-999.0,3.7416,-999.0,25.05,28.05,23.12,91.14,1.63,2.6,0.61,97.36
19981010,21.78,4.9627,-999.0,3.7944,-999.0,24.1,25.38,22.75,96.52,1.53,2.23,0.59,97.34
19981011,28.39,4.7981,-999.0,4.8024,-999.0,23.5,25.49,22.19,92.65,0.78,1.14,0.38,97.47
19981012,5.93,4.7258,-999.0,4.248,-999.0,24.61,27.45,22.62,92.2,1.29,2.15,0.49,97.36
19981013,12.25,3.6034,-999.0,2.688,-999.0,24.15,25.62,23.14,96.68,1.18,1.52,0.47,97.4
19981014,1.75,6.1404,-999.0,2.112,-999.0,23.95,25.96,22.42,92.74,0.99,1.36,0.39,97.38
19981015,5.29,5.503,-999.0,3.8472,-999.0,25.07,28.4,22.98,90.88,0.88,1.66,0.33,97.34
19981016,8.09,4.7198,-999.0,2.4672,-999.0,24.8,26.51,23.58,94.79,1.57,2.25,0.62,97.39
19981017,1.62,5.1264,-999.0,4.5768,-999.0,25.23,28.63,23.24,87.87,1.11,2.26,0.47,97.39
19981018,0.67,5.5783,-999.0,3.5376,-999.0,24.59,27.11,22.81,91.4,1.64,2.74,0.64,97.32
19981019,5.7,4.199,-999.0,3.9528,-999.0,24.51,27.01,22.55,91.19,1.38,2.33,0.54,97.33
19981020,13.52,5.7634,-999.0,3.5616,-999.0,25.21,28.04,23.38,89.63,1.21,2.47,0.51,97.42
19981021,9.34,4.1712,-999.0,3.4152,-999.0,24.93,28.24,22.85,90.25,1.31,2.77,0.51,97.4
19981022,22.13,5.2015,-999.0,5.0088,-999.0,24.02,25.56,22.98,93.42,0.97,1.38,0.37,97.43
19981023,9.35,5.4826,-999.0,2.8392,-999.0,24.81,27.73,22.55,91.18,1.24,2.34,0.49,97.32
19981024,4.55,5.5421,-999.0,4.056,-999.0,24.72,27.42,22.28,90.03,1.07,1.66,0.46,97.37
19981025,1.86,4.8317,-999.0,4.2576,-999.0,24.66,26.61,23.41,93.94,1.01,1.33,0.4,97.39
19981026,0.4,5.323,-999.0,4.1448,-999.0,25.01,26.64,23.81,94.25,1.27,2.69,0.49,97.47
19981027,1.44,6.2592,-999.0,1.896,-999.0,25.48,28.39,23.53,89.64,1.26,2.37,0.51,97.52
19981028,2.02,3.127,-999.0,2.5344,-999.0,24.61,26.31,23.03,94.0,1.05,1.63,0.39,97.53
19981029,2.35,6.57,-999.0,2.244,-999.0,25.28,27.76,22.94,87.26,1.21,1.71,0.47,97.42
19981030,30.45,2.5188,-999.0,2.0256,-999.0,23.62,24.28,22.17,95.82,1.58,2.37,0.63,97.47
19981031,7.69,6.3305,-999.0,2.4528,-999.0,23.65,27.26,20.89,90.81,1.36,2.13,0.55,97.38
19981101,8.51,6.1666,-999.0,2.9064,-999.0,25.19,29.02,21.82,86.77,1.36,2.42,0.57,97.27
19981102,3.18,4.2077,-999.0,3.6336,-999.0,25.13,27.3,23.21,93.11,1.23,1.85,0.5,97.3
19981103,15.35,3.6497,-999.0,2.8032,-999.0,25.18,26.59,24.12,94.07,1.45,1.89,0.55,97.4
19981104,1.11,6.2407,-999.0,3.312,-999.0,24.6,26.35,22.86,92.23,1.18,1.73,0.45,97.38
19981105,0.32,5.7017,-999.0,4.4088,-999.0,25.12,28.79,22.15,87.55,1.47,2.62,0.56,97.24
19981106,2.19,4.219,-999.0,3.672,-999.0,24.62,26.27,23.51,94.17,1.19,1.72,0.49,97.21
19981107,3.51,3.3257,-999.0,2.5824,-999.0,24.48,25.89,23.4,95.67,0.89,1.24,0.37,97.25
19981108,6.69,5.0938,-999.0,3.5712,-999.0,24.36,26.06,23.04,95.52,0.97,1.5,0.39,97.22
19981109,16.99,5.0578,-999.0,4.1784,-999.0,24.62,26.69,23.11,94.33,1.51,2.73,0.65,97.25
19981110,4.37,5.2913,-999.0,4.0488,-999.0,24.89,28.1,23.08,93.51,1.45,2.54,0.56,97.24
19981111,15.32,4.7311,-999.0,3.2496,-999.0,24.22,25.98,22.86,95.26,1.28,1.77,0.57,97.23
19981112,24.54,5.6042,-999.0,4.5264,-999.0,25.56,28.49,23.36,87.45,1.36,2.26,0.57,97.08
19981113,7.4,5.9921,-999.0,2.6544,-999.0,25.07,27.42,23.54,92.34,1.34,1.85,0.58,97.17
19981114,27.83,5.5255,-999.0,3.1344,-999.0,24.75,27.48,22.51,91.44,1.2,2.0,0.48,97.27
19981115,22.11,5.417,-999.0,4.8288,-999.0,25.02,27.59,23.27,92.93,1.41,2.11,0.54,97.2
19981116,33.51,4.8828,-999.0,3.2064,-999.0,24.57,25.72,23.35,96.6,1.56,2.55,0.59,97.18
19981117,5.37,5.1926,-999.0,5.2512,-999.0,24.68,26.84,23.35,92.29,1.0,1.85,0.43,97.16
19981118,2.79,5.1955,-999.0,3.924,-999.0,24.92,27.96,23.04,89.33,1.22,2.38,0.56,97.24
19981119,2.81,6.0418,-999.0,2.9304,-999.0,25.03,28.65,22.5,88.47,1.14,2.39,0.49,97.26
19981120,1.23,6.5628,-999.0,2.6208,-999.0,25.4,29.2,22.28,85.47,1.13,1.79,0.45,97.25
19981121,0.84,6.2448,-999.0,2.8752,-999.0,25.16,28.44,22.54,87.85,1.15,1.99,0.52,97.3
19981122,0.01,6.0646,-999.0,2.6616,-999.0,25.35,28.63,22.94,87.2,1.33,2.36,0.54,97.27
19981123,2.52,5.3712,-999.0,3.7872,-999.0,24.92,26.37,23.49,89.52,1.02,1.41,0.43,97.29
19981124,2.63,5.197,-999.0,3.66,-999.0,25.53,27.77,23.95,85.76,1.2,2.09,0.5,97.3
19981125,0.95,4.6375,-999.0,3.5784,-999.0,24.75,27.07,23.27,88.53,0.72,1.45,0.3,97.35
19981126,1.76,5.1319,-999.0,3.4776,-999.0,25.54,28.08,24.03,85.01,1.05,1.82,0.47,97.37
19981127,0.58,5.7326,-999.0,3.6024,-999.0,25.3,28.25,22.86,86.47,0.96,1.7,0.4,97.44
19981128,0.51,5.3294,-999.0,2.604,-999.0,24.71,27.7,22.98,89.16,1.41,2.3,0.53,97.38
19981129,12.38,5.1835,-999.0,2.1144,-999.0,24.25,26.34,22.48,93.53,1.24,1.9,0.49,97.38
19981130,25.4,4.4107,-999.0,3.0888,-999.0,24.03,25.63,23.24,95.97,1.44,2.25,0.61,97.44
19981201,36.1,4.3358,-999.0,3.6168,-999.0,24.03,25.33,23.17,96.4,1.28,2.18,0.55,97.35
19981202,6.34,5.1943,-999.0,3.5832,-999.0,24.63,27.87,22.36,89.63,0.99,1.94,0.47,97.32
19981203,33.33,5.1946,-999.0,3.396,-999.0,24.38,27.34,21.81,92.72,1.49,2.28,0.61,97.26
19981204,21.91,4.6596,-999.0,3.9528,-999.0,24.55,27.62,21.99,92.59,1.59,2.67,0.59,97.19
19981205,2.17,4.9402,-999.0,2.5272,-999.0,25.21,27.83,23.04,91.89,1.08,1.57,0.49,97.07
19981206,16.87,5.0458,-999.0,3.7056,-999.0,25.72,28.01,24.31,91.02,0.88,1.59,0.42,96.97
19981207,2.44,4.9426,-999.0,4.9704,-999.0,25.48,28.33,23.23,91.24,1.06,1.53,0.42,97.01
19981208,12.24,5.1185,-999.0,5.208,-999.0,24.81,28.24,23.31,92.2,1.28,2.04,0.53,97.15
19981209,17.01,5.4036,-999.0,3.4944,-999.0,25.14,28.43,22.93,92.13,1.16,1.76,0.46,97.23
19981210,13.81,5.8346,-999.0,2.8248,-999.0,24.15,25.81,22.86,94.98,1.3,2.34,0.53,97.34
19981211,37.67,6.1409,-999.0,2.9136,-999.0,24.22,26.69,22.23,92.21,0.84,1.38,0.33,97.36
19981212,23.48,6.0187,-999.0,3.648,-999.0,24.64,28.42,22.3,90.26,1.17,2.22,0.45,97.36
19981213,0.96,4.9603,-999.0,4.3392,-999.0,24.37,27.28,22.2,89.26,0.87,1.43,0.34,97.43
19981214,1.89,5.4991,-999.0,4.0944,-999.0,24.76,28.47,21.57,88.35,1.3,2.06,0.52,97.35
19981215,0.31,4.7189,-999.0,4.2696,-999.0,25.12,28.52,22.45,88.64,1.4,2.5,0.6,97.31
19981216,22.44,5.4746,-999.0,3.1536,-999.0,24.57,26.08,23.49,95.12,1.42,2.24,0.59,97.33
19981217,11.56,5.4298,-999.0,4.2216,-999.0,25.37,27.73,23.44,90.44,1.04,1.98,0.51,97.18
19981218,8.08,4.775,-999.0,4.0776,-999.0,25.25,26.33,24.03,92.79,0.98,1.72,0.45,97.16
19981219,15.12,4.7155,-999.0,3.4344,-999.0,24.14,25.29,22.89,95.39,1.34,2.12,0.5,97.32
19981220,9.24,3.7834,-999.0,3.3168,-999.0,24.11,27.3,21.58,90.31,1.49,2.33,0.51,97.25
19981221,5.77,6.5191,-999.0,1.9968,-999.0,24.62,27.26,21.96,89.87,0.79,1.33,0.3,97.27
19981222,1.23,5.2066,-999.0,3.8832,-999.0,24.97,26.83,23.35,90.5,1.05,2.03,0.44,97.28
19981223,0.76,5.6772,-999.0,3.6576,-999.0,24.89,27.52,23.06,88.91,1.24,2.35,0.54,97.29
19981224,4.88,5.0724,-999.0,3.4488,-999.0,24.8,27.88,22.71,90.66,1.45,2.4,0.61,97.22
19981225,7.19,5.6134,-999.0,4.5504,-999.0,24.89,26.66,23.31,92.81,1.14,2.24,0.55,97.15
19981226,22.43,4.8259,-999.0,2.952,-999.0,24.54,25.68,23.61,93.75,1.19,2.16,0.5,97.17
19981227,11.54,5.4816,-999.0,3.3912,-999.0,24.38,25.98,23.23,95.39,1.05,1.61,0.48,97.26
19981228,10.25,5.5133,-999.0,3.7728,-999.0,24.47,27.53,22.32,91.25,1.22,2.44,0.5,97.27
19981229,7.28,5.5344,-999.0,2.4624,-999.0,25.24,29.05,22.68,89.79,1.44,2.62,0.62,97.07
19981230,4.98,5.3321,-999.0,3.9936,-999.0,25.18,27.56,23.34,92.07,1.18,2.22,0.53,97.07
19981231,9.04,5.653,-999.0,4.2216,-999.0,24.65,27.52,22.43,93.42,1.35,1.74,0.59,97.11
19990101,0.89,5.5313,-999.0,4.3704,-999.0,25.02,28.29,22.51,89.36,1.28,1.86,0.56,97.11
19990102,1.98,5.1629,-999.0,4.3464,-999.0,25.12,28.11,22.96,90.28,1.34,2.04,0.57,96.98
19990103,0.74,4.3992,-999.0,3.924,-999.0,24.4,25.79,23.39,95.22,1.47,2.26,0.56,97.02
19990104,4.91,5.1317,-999.0,3.3024,-999.0,24.6,26.62,22.77,93.7,1.34,2.3,0.54,97.04
19990105,3.87,4.3104,-999.0,4.0104,-999.0,24.2,26.59,22.44,91.83,0.88,1.39,0.36,97.12
19990106,7.12,5.7746,-999.0,4.1832,-999.0,24.88,27.93,22.52,86.44,1.24,2.18,0.5,97.04
19990107,6.44,6.3156,-999.0,2.064,-999.0,24.56,27.17,22.74,92.49,1.17,1.94,0.47,97.1
19990108,8.2,5.5658,-999.0,4.128,-999.0,24.39,26.02,22.94,92.12,0.98,1.66,0.43,97.21
19990109,6.0,5.5781,-999.0,4.7256,-999.0,24.34,26.4,22.81,91.4,0.99,1.75,0.4,97.28
19990110,1.2,3.1229,-999.0,2.5056,-999.0,24.09,26.55,22.43,91.83,1.15,2.04,0.49,97.44
19990111,4.74,6.1579,-999.0,2.3712,-999.0,24.19,26.36,22.75,89.97,0.94,1.65,0.4,97.46
19990112,5.67,5.5438,-999.0,2.5368,-999.0,24.54,27.53,22.33,90.45,1.4,2.28,0.57,97.49
19990113,10.2,5.5651,-999.0,4.308,-999.0,23.96,25.48,23.04,96.08,1.32,1.71,0.57,97.49
19990114,4.51,6.0835,-999.0,3.0408,-999.0,24.11,26.18,22.7,94.1,1.24,1.92,0.54,97.46
19990115,15.5,6.1694,-999.0,2.8776,-999.0,24.29,27.21,21.61,91.0,1.43,1.88,0.52,97.41
19990116,9.19,5.6494,-999.0,3.96,-999.0,24.74,26.16,23.33,95.76,1.27,2.09,0.51,97.33
19990117,5.31,5.1314,-999.0,4.2384,-999.0,24.4,25.63,23.17,95.9,1.42,2.73,0.55,97.27
19990118,1.59,6.5892,-999.0,2.9136,-999.0,24.66,26.94,22.75,91.53,1.3,2.53,0.56,97.08
19990119,0.56,6.4738,-999.0,2.9136,-999.0,25.53,28.53,23.49,89.73,1.49,2.5,0.67,96.94
19990120,8.48,5.5994,-999.0,3.5016,-999.0,25.59,27.44,24.35,89.54,1.05,1.98,0.49,96.93
19990121,34.02,5.7463,-999.0,3.9648,-999.0,25.77,28.16,24.37,92.29,1.19,2.02,0.54,96.81
19990122,41.79,5.6057,-999.0,4.5072,-999.0,25.35,26.76,24.23,92.34,1.3,2.05,0.64,96.8
19990123,17.48,6.4205,-999.0,3.1776,-999.0,26.13,29.76,23.44,89.28,1.02,1.99,0.38,96.82
19990124,23.83,6.1183,-999.0,2.8536,-999.0,26.27,29.04,24.13,87.85,1.12,1.81,0.52,96.95
19990125,20.99,6.0,-999.0,3.6,-999.0,26.31,28.7,24.58,93.46,0.99,1.87,0.47,96.79
19990126,28.34,4.0678,-999.0,3.7248,-999.0,25.76,26.64,24.97,96.01,1.22,1.81,0.53,96.79
19990127,4.17,5.1415,-999.0,2.7,-999.0,25.59,27.29,24.64,93.91,1.39,1.96,0.5,97.05
19990128,2.75,6.2446,-999.0,3.6456,-999.0,26.05,28.81,23.99,89.64,1.3,2.44,0.52,97.06
19990129,47.78,5.3786,-999.0,4.0416,-999.0,24.87,25.97,24.04,96.9,1.55,2.18,0.61,97.09
19990130,15.47,5.1917,-999.0,3.6264,-999.0,25.21,27.08,23.99,95.05,1.11,1.63,0.48,97.06
19990131,2.46,4.494,-999.0,3.6816,-999.0,24.92,27.14,23.4,92.66,1.62,2.53,0.66,97.18
19990201,0.13,6.4186,-999.0,3.3816,-999.0,24.57,26.63,23.02,92.15,1.4,2.64,0.56,97.3
19990202,0.03,4.4398,-999.0,4.14,-999.0,23.76,25.21,22.29,90.58,0.77,1.46,0.39,97.33
19990203,2.91,5.6959,-999.0,4.0656,-999.0,23.31,25.02,22.05,92.01,1.15,1.68,0.46,97.29
19990204,2.29,5.5606,-999.0,4.8912,-999.0,24.6,27.42,21.99,91.25,1.56,2.77,0.68,97.09
19990205,5.52,6.4577,-999.0,5.2584,-999.0,26.19,29.7,24.0,87.35,1.08,2.29,0.5,97.0
19990206,12.91,5.7792,-999.0,4.668,-999.0,26.11,27.96,24.46,90.56,0.85,1.88,0.41,97.04
19990207,29.27,5.5699,-999.0,4.5,-999.0,24.98,26.81,23.45,93.13,1.19,1.99,0.53,97.07
19990208,13.11,5.9318,-999.0,3.4608,-999.0,24.88,27.31,23.39,90.38,1.61,2.31,0.77,97.03
19990209,0.49,6.1534,-999.0,4.8864,-999.0,25.4,28.76,21.65,86.36,1.35,2.56,0.62,97.02
19990210,0.29,5.069,-999.0,4.0008,-999.0,25.6,28.07,23.55,85.34,1.39,2.65,0.7,97.17
19990211,0.16,6.0074,-999.0,3.0624,-999.0,25.0,27.74,23.08,88.61,1.3,2.54,0.57,97.25
19990212,0.04,6.353,-999.0,3.6168,-999.0,24.43,27.47,22.34,87.34,1.43,2.48,0.65,97.32
19990213,0.18,5.7216,-999.0,4.3464,-999.0,24.49,27.11,22.36,91.37,1.45,2.77,0.67,97.31
19990214,0.52,6.1534,-999.0,3.7152,-999.0,25.32,29.41,22.5,85.76,1.57,2.69,0.68,97.2
19990215,0.29,5.9782,-999.0,4.9344,-999.0,25.16,28.71,22.54,89.09,1.05,2.09,0.44,97.4
19990216,16.01,5.6832,-999.0,2.82,-999.0,25.49,28.67,23.02,89.05,1.12,2.17,0.52,97.39
19990217,10.61,3.9209,-999.0,3.264,-999.0,24.4,26.37,23.29,91.06,0.78,1.17,0.33,97.52
19990218,0.37,5.8466,-999.0,2.6112,-999.0,25.19,28.38,22.61,87.42,1.3,1.96,0.49,97.49
19990219,0.77,5.7108,-999.0,5.3352,-999.0,24.42,26.06,23.08,90.67,1.05,1.37,0.41,97.51
19990220,14.32,5.645,-999.0,5.1192,-999.0,24.0,25.89,22.17,93.01,1.04,1.49,0.42,97.47
19990221,11.41,6.0005,-999.0,4.2024,-999.0,24.26,26.82,22.71,92.3,1.34,2.27,0.58,97.49
19990222,0.08,6.9926,-999.0,4.8,-999.0,24.13,26.77,22.42,88.53,1.3,2.17,0.53,97.47
19990223,0.02,5.7458,-999.0,3.1368,-999.0,24.44,27.77,21.88,85.9,1.44,2.4,0.57,97.44
19990224,0.29,6.1704,-999.0,3.9312,-999.0,24.54,26.96,23.25,91.73,1.6,2.86,0.73,97.36
19990225,1.88,5.6966,-999.0,3.8784,-999.0,24.38,26.84,22.48,91.65,1.58,2.86,0.71,97.22
19990226,0.63,5.2342,-999.0,4.032,-999.0,24.35,26.8,22.64,88.92,1.21,2.28,0.51,97.2
19990227,0.03,6.3535,-999.0,4.692,-999.0,24.44,27.64,21.8,86.52,1.03,1.7,0.4,97.19
19990228,0.67,6.4656,-999.0,3.5112,-999.0,25.17,28.14,22.63,87.73,1.24,2.06,0.54,97.16
19990301,1.15,5.9338,-999.0,4.0128,-999.0,25.35,28.4,23.54,90.81,1.43,2.63,0.59,97.07
19990302,1.82,4.8146,-999.0,4.0224,-999.0,24.52,26.45,23.26,92.31,1.05,1.98,0.45,97.13
19990303,2.0,4.6704,-999.0,4.3344,-999.0,23.86,26.35,22.63,91.58,0.66,1.41,0.28,97.07
19990304,0.1,5.2442,-999.0,4.8144,-999.0,23.93,25.89,22.33,93.23,1.13,2.01,0.48,97.03
19990305,6.19,5.1079,-999.0,4.3824,-999.0,23.83,25.24,22.68,95.47,1.3,2.07,0.49,97.11
19990306,20.16,6.4884,-999.0,4.2048,-999.0,24.28,26.12,22.95,95.06,1.21,1.64,0.49,97.04
19990307,21.77,2.9566,-999.0,2.2392,-999.0,24.09,25.98,23.19,94.45,1.45,2.18,0.54,97.1
19990308,0.19,6.072,-999.0,3.0912,-999.0,23.87,25.7,22.58,92.18,1.32,1.89,0.54,97.12
19990309,4.98,5.7821,-999.0,4.2408,-999.0,24.39,27.21,22.42,92.5,1.45,2.54,0.54,97.2
19990310,2.17,6.3468,-999.0,4.0152,-999.0,24.33,26.42,22.85,93.13,1.32,2.04,0.54,97.25
19990311,2.79,5.4242,-999.0,3.6024,-999.0,24.7,27.43,22.64,90.38,1.31,1.82,0.55,97.16
19990312,1.83,5.5075,-999.0,2.9112,-999.0,25.03,27.98,23.16,90.01,1.16,1.78,0.46,97.13
19990313,2.71,5.202,-999.0,4.488,-999.0,24.65,26.98,22.79,90.72,1.16,1.9,0.46,97.2
19990314,0.46,5.8517,-999.0,3.5064,-999.0,25.21,28.41,22.61,86.43,1.19,1.98,0.51,97.25
19990315,0.48,4.3015,-999.0,3.2856,-999.0,24.71,26.8,23.07,90.94,1.35,2.15,0.57,97.14
19990316,26.77,4.398,-999.0,2.3352,-999.0,24.45,26.5,22.71,92.87,1.01,1.32,0.36,97.08
19990317,9.0,6.0487,-999.0,4.2792,-999.0,24.4,26.62,23.04,93.52,1.33,1.99,0.51,97.13
19990318,5.21,4.7767,-999.0,3.9384,-999.0,24.6,25.57,23.56,96.45,1.81,2.93,0.73,97.09
19990319,3.58,5.7163,-999.0,4.6824,-999.0,24.22,25.79,22.95,93.74,1.32,1.65,0.53,97.13
19990320,6.73,4.2451,-999.0,3.996,-999.0,24.33,26.51,22.74,94.18,1.59,2.76,0.65,97.1
19990321,11.12,4.7681,-999.0,3.624,-999.0,24.64,26.74,23.37,93.32,1.07,1.89,0.45,97.16
19990322,8.06,4.6003,-999.0,4.224,-999.0,24.71,27.2,23.14,93.12,1.43,2.48,0.56,97.24
19990323,9.17,5.7814,-999.0,4.344,-999.0,24.71,26.31,23.64,95.84,1.76,3.07,0.68,97.3
19990324,21.16,4.945,-999.0,4.6872,-999.0,24.95,27.47,22.97,91.64,1.34,2.32,0.56,97.34
19990325,5.7,3.1315,-999.0,2.652,-999.0,24.48,25.88,23.55,95.38,1.65,2.96,0.68,97.39
19990326,30.07,5.4115,-999.0,4.44,-999.0,24.55,27.48,22.4,90.69,1.41,2.67,0.63,97.32
19990327,21.01,4.3802,-999.0,3.9408,-999.0,24.79,27.66,22.89,93.68,1.48,2.37,0.63,97.21
19990328,25.51,5.6755,-999.0,3.6552,-999.0,25.75,28.13,24.28,90.25,1.1,2.14,0.46,97.05
19990329,12.57,4.9344,-999.0,3.6912,-999.0,25.06,27.0,23.88,94.02,0.65,1.14,0.34,97.1
19990330,2.47,5.4055,-999.0,3.6408,-999.0,24.24,25.86,23.23,94.64,0.83,1.51,0.34,97.29
19990331,1.49,6.2705,-999.0,2.5056,-999.0,24.66,26.83,22.78,92.4,0.81,1.29,0.31,97.38
19990401,5.67,4.691,-999.0,3.972,-999.0,24.61,28.07,21.77,89.82,1.59,2.92,0.59,97.37
19990402,4.6,4.2218,-999.0,4.0104,-999.0,24.32,25.61,23.22,95.05,1.76,2.65,0.7,97.45
19990403,6.65,5.0462,-999.0,3.3096,-999.0,24.41,27.01,22.76,91.85,1.33,2.37,0.54,97.39
19990404,4.09,4.6267,-999.0,3.3456,-999.0,24.36,26.36,22.63,92.86,1.04,1.59,0.42,97.33
19990405,2.19,5.4192,-999.0,4.2,-999.0,24.45,26.77,22.94,93.73,0.99,1.64,0.43,97.28
19990406,7.44,5.4259,-999.0,3.4464,-999.0,24.19,26.35,22.59,93.4,1.18,1.74,0.49,97.25
19990407,5.79,5.0626,-999.0,3.2712,-999.0,24.52,26.24,23.23,94.94,1.32,2.16,0.53,97.26
19990408,1.61,4.3274,-999.0,4.1856,-999.0,24.21,25.94,22.95,92.9,1.0,1.44,0.41,97.39
19990409,0.91,5.2102,-999.0,4.5984,-999.0,25.43,29.09,22.89,87.5,1.53,2.86,0.66,97.37
19990410,0.8,4.8672,-999.0,4.6488,-999.0,24.32,26.18,23.03,93.04,1.44,2.25,0.59,97.42
19990411,11.05,4.6982,-999.0,3.6528,-999.0,24.4,27.15,22.5,91.47,1.3,2.01,0.48,97.25
19990412,21.58,5.6503,-999.0,3.2448,-999.0,24.75,25.61,24.15,97.1,1.38,1.73,0.51,97.19
19990413,11.81,4.5413,-999.0,3.672,-999.0,25.2,26.84,24.11,94.78,1.41,2.22,0.64,97.08
19990414,1.02,5.2294,-999.0,4.3392,-999.0,25.17,27.6,22.81,89.3,1.18,2.21,0.49,97.13
19990415,1.6,5.3971,-999.0,4.4136,-999.0,25.71,28.89,23.67,89.11,1.03,2.02,0.49,97.04
19990416,0.4,5.2296,-999.0,3.9696,-999.0,26.12,29.24,24.5,88.08,1.25,2.52,0.61,96.99
19990417,7.94,4.6512,-999.0,4.3416,-999.0,25.96,29.33,23.98,89.5,1.35,2.38,0.67,97.02
19990418,5.04,4.2007,-999.0,3.8904,-999.0,25.76,27.76,24.37,91.45,1.57,2.55,0.72,97.04
19990419,2.0,4.2168,-999.0,3.7248,-999.0,24.49,25.58,23.6,95.82,1.27,2.2,0.53,97.16
19990420,6.47,5.207,-999.0,3.0816,-999.0,25.06,27.72,23.37,93.72,1.16,1.76,0.46,97.24
19990421,13.44,5.3561,-999.0,2.892,-999.0,25.27,27.66,23.92,93.03,1.18,2.17,0.45,97.31
19990422,10.69,5.4262,-999.0,2.8008,-999.0,24.14,25.42,23.05,95.17,1.02,1.66,0.41,97.23
19990423,1.59,4.7227,-999.0,3.4848,-999.0,24.1,25.6,22.74,93.5,1.12,1.72,0.48,97.19
19990424,4.88,5.6518,-999.0,2.9352,-999.0,24.31,26.42,22.88,94.59,1.26,2.12,0.49,97.23
19990425,36.14,5.8502,-999.0,3.204,-999.0,23.84,25.15,22.8,94.66,0.89,1.39,0.41,97.43
19990426,13.56,6.1363,-999.0,1.9632,-999.0,24.74,27.79,21.85,90.14,1.29,1.82,0.57,97.37
19990427,25.83,4.5391,-999.0,3.0648,-999.0,24.68,25.96,23.75,95.66,1.38,1.93,0.54,97.38
19990428,10.78,4.5446,-999.0,3.6264,-999.0,24.75,27.06,23.27,90.31,1.15,1.94,0.47,97.44
19990429,0.01,5.4682,-999.0,2.6472,-999.0,24.1,26.21,22.95,90.26,1.35,1.78,0.55,97.49
19990430,12.18,4.7179,-999.0,4.008,-999.0,24.0,26.68,22.68,92.68,1.27,2.19,0.52,97.54
19990501,11.95,5.5788,-999.0,2.9136,-999.0,23.24,24.71,21.99,96.03,1.14,1.79,0.54,97.58
19990502,2.65,3.6012,-999.0,3.2664,-999.0,23.78,27.16,21.05,88.31,1.06,1.62,0.4,97.47
19990503,2.09,4.4789,-999.0,3.3888,-999.0,24.48,27.9,22.59,89.37,1.3,2.48,0.57,97.42
19990504,0.94,5.4386,-999.0,3.4704,-999.0,24.47,27.25,22.16,90.74,1.43,2.36,0.63,97.44
19990505,0.53,5.2315,-999.0,2.7144,-999.0,24.68,26.79,23.21,90.85,1.65,2.52,0.67,97.52
19990506,0.62,4.3394,-999.0,4.1736,-999.0,24.46,26.47,23.29,91.47,1.44,2.16,0.58,97.43
19990507,16.84,4.4707,-999.0,4.0344,-999.0,23.77,24.92,23.1,96.52,1.21,2.31,0.52,97.42
19990508,12.06,3.1562,-999.0,2.7288,-999.0,24.18,26.69,21.91,92.61,1.69,2.51,0.7,97.47
19990509,11.23,5.479,-999.0,1.9752,-999.0,24.04,25.02,23.46,96.15,1.31,1.83,0.53,97.44
19990510,3.43,4.615,-999.0,4.0344,-999.0,24.67,27.11,23.14,92.19,1.15,2.43,0.46,97.44
19990511,1.2,4.4909,-999.0,4.0704,-999.0,24.43,25.76,23.67,94.13,1.45,2.26,0.57,97.46
19990512,0.54,4.9111,-999.0,3.7464,-999.0,24.42,25.52,23.54,94.6,0.94,1.37,0.38,97.41
19990513,0.05,5.029,-999.0,3.1872,-999.0,24.34,26.82,23.16,92.58,1.13,2.64,0.4,97.41
19990514,6.8,3.6317,-999.0,2.7624,-999.0,24.49,27.12,22.68,92.66,0.97,1.87,0.37,97.34
19990515,7.17,4.9493,-999.0,4.068,-999.0,24.12,25.88,22.92,94.65,1.46,2.84,0.58,97.32
19990516,1.02,4.6476,-999.0,2.892,-999.0,24.31,26.8,22.47,91.88,1.35,2.34,0.57,97.35
19990517,0.05,3.451,-999.0,3.168,-999.0,24.39,25.71,23.66,94.39,1.46,2.45,0.57,97.25
19990518,3.54,4.4784,-999.0,3.36,-999.0,24.43,25.73,23.49,96.36,1.22,2.16,0.43,97.23
19990519,6.33,2.3784,-999.0,2.0088,-999.0,23.99,25.93,22.76,96.52,0.87,1.49,0.44,97.34
19990520,0.26,5.3635,-999.0,2.5968,-999.0,24.57,27.36,22.73,91.76,1.06,2.02,0.46,97.36
19990521,27.7,4.1352,-999.0,3.8808,-999.0,23.96,25.73,22.84,92.58,1.64,2.42,0.68,97.36
19990522,29.63,3.4356,-999.0,3.0312,-999.0,23.23,25.38,21.95,93.15,1.42,2.31,0.62,97.4
19990523,1.31,4.656,-999.0,3.18,-999.0,23.72,26.59,21.77,91.94,1.1,2.0,0.5,97.42
19990524,24.7,4.482,-999.0,2.7792,-999.0,23.85,25.85,22.58,93.05,1.41,2.47,0.62,97.37
19990525,15.32,4.1206,-999.0,4.2792,-999.0,24.1,27.23,22.43,92.45,1.4,2.24,0.6,97.42
19990526,1.44,3.8676,-999.0,3.5112,-999.0,23.71,25.91,22.46,92.97,1.4,2.64,0.59,97.6
19990527,3.43,3.9922,-999.0,3.1416,-999.0,24.07,26.71,22.51,93.18,1.37,2.18,0.57,97.55
19990528,3.15,4.3798,-999.0,4.248,-999.0,24.12,26.83,22.82,92.54,1.57,2.57,0.64,97.44
19990529,0.32,4.4976,-999.0,4.2168,-999.0,24.1,27.29,21.42,90.26,1.67,2.56,0.69,97.36
19990530,0.47,3.1313,-999.0,3.084,-999.0,22.98,24.06,22.28,93.39,1.35,1.89,0.54,97.5
19990531,5.93,4.5288,-999.0,4.1832,-999.0,23.13,25.15,21.65,92.75,1.32,1.86,0.54,97.62
19990601,20.24,3.9804,-999.0,3.5952,-999.0,23.37,25.91,21.96,94.75,1.13,2.11,0.49,97.62
19990602,4.49,4.6654,-999.0,3.2112,-999.0,22.79,24.2,20.86,93.31,1.03,1.56,0.45,97.51
19990603,2.66,4.1918,-999.0,3.9456,-999.0,23.12,24.22,22.46,95.77,1.31,1.91,0.53,97.37
19990604,1.86,2.927,-999.0,2.58,-999.0,22.95,23.88,21.97,95.16,1.21,2.24,0.51,97.35
19990605,5.94,4.2079,-999.0,3.2784,-999.0,22.85,24.19,21.79,95.4,1.15,1.92,0.5,97.44
19990606,4.31,4.139,-999.0,3.0696,-999.0,22.91,24.38,21.88,96.23,1.01,2.12,0.42,97.52
19990607,0.52,4.9399,-999.0,3.708,-999.0,23.71,26.3,21.78,92.79,1.52,2.42,0.64,97.5
19990608,0.69,4.1652,-999.0,3.6336,-999.0,23.39,24.76,22.66,94.54,1.4,2.09,0.54,97.53
19990609,10.19,5.5298,-999.0,2.1696,-999.0,23.42,25.62,22.41,93.72,1.55,2.52,0.63,97.55
19990610,44.29,3.9475,-999.0,3.2928,-999.0,23.35,25.01,22.17,96.47,1.23,1.8,0.53,97.5
19990611,28.48,3.7973,-999.0,3.8328,-999.0,22.74,24.09,22.08,96.28,1.17,1.67,0.46,97.55
19990612,5.35,4.6543,-999.0,3.9408,-999.0,22.84,23.94,21.88,96.91,1.23,2.03,0.5,97.61
19990613,1.97,4.9126,-999.0,3.9408,-999.0,23.51,26.53,21.46,93.59,1.21,1.82,0.56,97.57
19990614,5.67,4.3049,-999.0,2.8128,-999.0,23.47,24.61,22.5,96.75,1.25,1.96,0.5,97.49
19990615,26.08,3.8114,-999.0,3.0576,-999.0,23.56,25.09,22.51,96.68,1.13,1.91,0.48,97.41
19990616,35.28,3.8023,-999.0,3.5424,-999.0,23.34,24.84,22.28,97.22,1.3,2.41,0.48,97.46
19990617,7.45,4.2778,-999.0,3.6096,-999.0,23.4,24.62,22.51,97.07,1.38,2.59,0.51,97.54
19990618,18.5,5.1204,-999.0,3.5568,-999.0,23.2,24.34,22.31,97.29,1.08,1.45,0.46,97.54
19990619,27.15,3.9137,-999.0,3.2184,-999.0,23.65,24.92,22.72,97.09,1.09,1.55,0.52,97.46
19990620,18.84,4.0934,-999.0,3.6192,-999.0,22.82,23.97,21.63,96.31,0.95,1.39,0.38,97.47
19990621,26.06,5.2769,-999.0,2.1,-999.0,23.01,25.0,21.68,93.95,0.96,1.34,0.36,97.51
19990622,18.06,3.9516,-999.0,3.6888,-999.0,23.06,24.36,22.4,96.65,1.32,2.1,0.49,97.45
19990623,9.45,3.0343,-999.0,3.0528,-999.0,22.59,23.47,21.14,97.26,1.01,2.36,0.39,97.56
19990624,3.95,4.7306,-999.0,3.9816,-999.0,22.87,25.71,20.49,92.73,1.17,1.97,0.43,97.49
19990625,24.28,3.7531,-999.0,3.5592,-999.0,22.92,23.67,22.33,96.73,0.9,1.44,0.35,97.38
19990626,24.89,3.7114,-999.0,3.1848,-999.0,22.88,23.82,22.1,96.56,0.79,1.13,0.37,97.44
19990627,9.45,3.6192,-999.0,3.5232,-999.0,22.69,24.0,21.78,96.15,1.13,2.11,0.44,97.48
19990628,32.63,4.5746,-999.0,2.8224,-999.0,22.83,24.05,21.76,96.98,1.02,1.57,0.39,97.39
19990629,58.55,4.2024,-999.0,3.6768,-999.0,23.54,25.5,22.45,95.68,1.04,2.18,0.44,97.37
19990630,44.57,3.6912,-999.0,3.5112,-999.0,23.82,26.1,22.65,94.19,1.23,2.27,0.57,97.36
19990701,7.48,2.976,-999.0,2.832,-999.0,23.41,24.76,22.69,95.05,0.98,1.8,0.49,97.39
19990702,12.54,4.4606,-999.0,3.1968,-999.0,23.77,25.75,22.4,94.77,1.26,1.95,0.57,97.34
19990703,30.29,2.9594,-999.0,2.6736,-999.0,23.45,24.93,22.74,96.39,1.52,2.16,0.63,97.45
19990704,12.37,3.6898,-999.0,3.4152,-999.0,23.51,25.12,22.67,95.61,1.31,2.12,0.57,97.48
19990705,1.92,4.4386,-999.0,3.5856,-999.0,23.15,24.32,22.51,95.55,1.63,2.54,0.64,97.43
19990706,4.43,3.7913,-999.0,4.0368,-999.0,22.8,23.95,21.78,96.06,1.02,1.76,0.42,97.41
19990707,7.78,2.9206,-999.0,2.6592,-999.0,23.07,24.77,21.79,94.81,1.32,2.48,0.54,97.47
19990708,12.17,4.5187,-999.0,3.8688,-999.0,23.22,25.03,22.44,95.89,1.42,1.86,0.6,97.43
19990709,7.38,3.0946,-999.0,2.7312,-999.0,23.29,24.57,22.41,95.98,1.28,2.05,0.5,97.4
19990710,24.28,4.1338,-999.0,3.9744,-999.0,23.04,24.23,22.12,94.93,1.17,1.71,0.5,97.47
19990711,7.93,3.1116,-999.0,3.1032,-999.0,22.54,23.97,21.77,95.2,1.19,1.8,0.54,97.49
19990712,5.68,4.0538,-999.0,4.0368,-999.0,22.54,24.79,21.61,94.2,1.17,1.75,0.48,97.5
19990713,5.43,4.0498,-999.0,3.8304,-999.0,22.6,24.7,21.35,94.56,1.09,1.9,0.52,97.44
19990714,14.55,3.931,-999.0,4.0032,-999.0,22.21,23.61,21.27,96.27,1.41,2.09,0.61,97.47
19990715,19.58,3.7685,-999.0,3.8736,-999.0,22.61,24.34,21.16,94.99,0.77,1.3,0.36,97.49
19990716,19.15,5.1478,-999.0,3.8952,-999.0,23.62,26.67,21.74,92.9,1.21,2.44,0.49,97.46
19990717,16.93,3.8525,-999.0,3.4176,-999.0,23.34,25.63,21.86,93.85,1.48,2.54,0.59,97.47
19990718,3.0,4.4906,-999.0,4.0488,-999.0,22.75,25.26,21.51,94.3,1.32,1.87,0.54,97.57
19990719,5.39,4.0963,-999.0,4.3032,-999.0,22.92,25.5,21.51,92.37,1.34,2.47,0.61,97.52
19990720,6.61,3.6185,-999.0,3.7296,-999.0,22.59,25.29,21.13,94.11,1.38,2.13,0.61,97.5
19990721,11.94,2.2896,-999.0,2.004,-999.0,21.9,23.06,21.01,96.24,1.29,1.87,0.52,97.54
19990722,3.88,4.0346,-999.0,3.6264,-999.0,22.09,23.72,20.9,95.19,1.2,2.1,0.5,97.51
19990723,9.45,3.1553,-999.0,2.9712,-999.0,22.35,23.96,21.44,95.55,1.39,2.56,0.55,97.49
19990724,4.78,3.9103,-999.0,3.66,-999.0,22.64,24.78,21.48,95.4,1.57,2.81,0.63,97.47
19990725,4.87,3.5546,-999.0,3.6096,-999.0,22.23,23.43,21.25,96.04,1.14,1.89,0.47,97.59
19990726,5.58,4.1342,-999.0,4.5312,-999.0,21.85,23.55,20.92,95.38,1.09,2.0,0.47,97.64
19990727,1.02,4.2281,-999.0,4.4832,-999.0,21.86,24.71,19.99,92.08,1.07,2.27,0.46,97.5
19990728,0.07,5.287,-999.0,3.7656,-999.0,22.22,25.89,19.02,89.25,1.07,1.96,0.37,97.42
19990729,13.81,5.3059,-999.0,4.1808,-999.0,21.89,24.3,20.58,92.59,1.4,2.5,0.57,97.44
19990730,19.88,3.8198,-999.0,4.0872,-999.0,22.19,24.73,20.79,93.53,1.45,2.29,0.59,97.49
19990731,16.31,4.53,-999.0,3.324,-999.0,22.57,24.54,21.08,95.74,1.34,2.29,0.51,97.52
19990801,17.63,4.5682,-999.0,3.9432,-999.0,22.66,24.37,21.51,95.54,1.18,1.87,0.46,97.51
19990802,24.41,3.8244,-999.0,3.8112,-999.0,22.85,25.34,21.63,94.42,1.13,2.22,0.46,97.47
19990803,11.82,5.0618,-999.0,4.788,-999.0,22.57,24.34,21.6,94.4,1.18,1.75,0.5,97.43
19990804,14.16,3.8186,-999.0,4.0152,-999.0,23.61,26.39,21.48,91.93,1.03,2.22,0.47,97.44
19990805,7.74,5.7737,-999.0,4.5096,-999.0,24.04,27.64,21.93,91.0,1.05,2.29,0.38,97.51
19990806,10.94,3.0984,-999.0,3.0096,-999.0,22.83,24.58,21.82,95.03,1.27,2.23,0.45,97.66
19990807,3.36,4.1479,-999.0,4.608,-999.0,22.89,25.18,21.63,93.45,1.31,2.03,0.54,97.63
19990808,0.89,4.3176,-999.0,4.7136,-999.0,22.39,24.3,21.2,92.93,1.15,1.94,0.52,97.61
19990809,6.8,5.1929,-999.0,4.2168,-999.0,21.7,23.62,20.64,94.67,0.93,1.9,0.38,97.62
19990810,58.07,4.489,-999.0,3.8088,-999.0,21.96,23.25,20.9,96.51,1.17,1.59,0.5,97.66
19990811,67.31,2.5351,-999.0,2.136,-999.0,22.51,24.75,21.08,94.54,1.76,2.81,0.73,97.63
19990812,24.69,4.6445,-999.0,4.7184,-999.0,21.47,22.33,20.57,97.04,1.03,1.51,0.4,97.69
19990813,28.83,4.3685,-999.0,4.6944,-999.0,21.82,24.63,20.74,94.06,1.35,2.35,0.63,97.62
19990814,26.64,2.8229,-999.0,2.472,-999.0,21.57,24.21,20.37,92.67,1.44,2.68,0.62,97.7
19990815,17.61,2.5219,-999.0,2.124,-999.0,21.1,23.61,19.93,92.95,1.4,2.43,0.6,97.72
19990816,3.43,4.0003,-999.0,4.332,-999.0,21.37,24.6,19.43,92.29,1.53,2.7,0.65,97.57
19990817,4.08,3.72,-999.0,3.7944,-999.0,21.45,23.71,20.4,93.27,1.39,2.57,0.61,97.63
19990818,2.88,3.8095,-999.0,3.9672,-999.0,21.83,23.64,20.52,94.81,1.28,2.29,0.52,97.71
19990819,3.07,3.138,-999.0,3.0648,-999.0,21.81,23.94,20.57,94.44,1.3,2.11,0.54,97.75
19990820,5.5,3.9002,-999.0,4.212,-999.0,22.23,24.81,20.67,93.01,1.14,2.11,0.51,97.62
19990821,45.84,4.0764,-999.0,4.1688,-999.0,22.37,25.0,20.85,95.17,1.36,2.49,0.56,97.52
19990822,37.57,3.7375,-999.0,3.6192,-999.0,22.72,25.12,21.33,93.68,0.86,1.69,0.35,97.59
19990823,4.33,4.795,-999.0,3.7536,-999.0,23.05,26.42,20.98,90.29,0.86,1.55,0.34,97.69
19990824,15.37,4.7191,-999.0,4.6704,-999.0,22.88,25.51,21.67,93.6,1.24,2.31,0.59,97.64
19990825,42.81,3.7394,-999.0,3.8976,-999.0,22.5,24.66,21.29,94.58,1.04,2.17,0.43,97.5
19990826,57.99,3.4471,-999.0,3.4968,-999.0,22.18,23.75,21.38,96.1,1.05,1.45,0.42,97.64
19990827,2.22,4.2343,-999.0,3.8928,-999.0,22.42,24.03,21.39,94.07,1.0,1.91,0.44,97.72
19990828,27.24,4.1417,-999.0,3.732,-999.0,22.78,25.1,21.1,93.29,1.54,2.46,0.64,97.65
19990829,14.54,5.215,-999.0,3.3408,-999.0,22.36,24.69,20.81,92.99,1.41,2.06,0.6,97.6
19990830,12.19,3.2875,-999.0,3.1464,-999.0,21.11,22.07,20.35,96.41,1.26,1.8,0.54,97.6
19990831,10.68,4.5014,-999.0,4.5432,-999.0,21.44,23.24,20.11,95.19,1.33,1.98,0.57,97.62
19990901,5.93,4.0733,-999.0,3.144,-999.0,21.65,23.92,20.45,93.84,1.13,1.94,0.49,97.67
19990902,3.35,3.973,-999.0,4.0224,-999.0,22.36,25.24,20.4,91.44,1.11,2.12,0.43,97.53
19990903,8.26,3.5395,-999.0,3.312,-999.0,22.25,25.28,20.38,93.89,1.3,2.4,0.55,97.58
19990904,30.64,3.8928,-999.0,3.684,-999.0,22.43,24.58,21.19,94.66,1.28,1.73,0.57,97.6
19990905,10.12,4.349,-999.0,4.4544,-999.0,23.3,26.13,21.63,91.39,1.07,2.05,0.42,97.55
19990906,5.84,5.2968,-999.0,4.1448,-999.0,23.07,25.26,21.73,93.16,1.35,2.12,0.57,97.52
19990907,3.41,3.9948,-999.0,3.7176,-999.0,22.37,24.62,21.06,92.84,1.49,2.35,0.64,97.65
19990908,1.41,3.2664,-999.0,2.9424,-999.0,22.2,24.69,20.45,91.33,1.33,2.44,0.54,97.61
19990909,6.76,4.0462,-999.0,3.7248,-999.0,22.73,25.86,20.62,91.29,1.28,2.42,0.49,97.59
19990910,11.49,4.0476,-999.0,2.7192,-999.0,22.85,25.04,21.81,95.17,1.55,2.5,0.61,97.54
19990911,2.13,5.0393,-999.0,4.3248,-999.0,23.17,26.19,21.54,93.28,1.53,2.4,0.63,97.44
19990912,33.45,3.9278,-999.0,3.5496,-999.0,23.57,26.69,21.42,92.11,1.31,2.53,0.51,97.4
19990913,24.66,4.7657,-999.0,4.2,-999.0,23.7,26.97,21.74,92.25,1.42,2.75,0.55,97.49
19990914,7.75,3.1733,-999.0,2.1144,-999.0,22.91,24.57,21.8,94.86,0.96,1.46,0.34,97.49
19990915,1.67,4.0438,-999.0,4.0944,-999.0,22.83,24.9,21.51,93.9,0.75,1.11,0.33,97.45
19990916,1.3,4.8317,-999.0,4.0392,-999.0,23.85,27.51,20.36,88.39,1.44,2.55,0.5,97.45
19990917,3.04,4.0219,-999.0,3.336,-999.0,23.94,27.0,21.94,91.94,1.45,2.63,0.55,97.51
19990918,1.18,5.9753,-999.0,2.4792,-999.0,23.19,26.31,20.87,92.02,1.29,2.1,0.49,97.6
19990919,0.16,5.8236,-999.0,4.152,-999.0,23.87,26.97,21.54,92.06,1.57,2.6,0.61,97.54
19990920,26.55,1.6658,-999.0,1.2768,-999.0,23.14,24.2,22.21,94.78,0.78,1.36,0.29,97.61
19990921,9.19,4.872,-999.0,4.5432,-999.0,22.66,24.31,21.63,93.74,1.2,1.9,0.47,97.69
19990922,0.47,5.4211,-999.0,4.0248,-999.0,23.63,26.51,21.61,89.49,1.25,2.53,0.5,97.68
19990923,8.73,4.7282,-999.0,4.308,-999.0,23.48,25.33,22.14,93.41,1.02,1.9,0.45,97.68
19990924,29.44,4.9798,-999.0,4.1712,-999.0,23.45,26.46,21.72,93.65,1.48,2.63,0.58,97.66
19990925,33.45,4.0282,-999.0,3.7368,-999.0,23.48,25.93,22.09,93.78,1.6,2.39,0.66,97.57
19990926,27.14,4.9944,-999.0,3.4416,-999.0,23.47,26.35,21.96,93.41,1.7,2.68,0.71,97.47
19990927,40.23,3.3545,-999.0,2.844,-999.0,22.68,24.34,21.35,94.04,1.03,1.74,0.45,97.47
19990928,26.02,4.3812,-999.0,3.9096,-999.0,23.8,27.25,21.9,92.24,1.4,2.68,0.55,97.37
19990929,11.76,3.3718,-999.0,2.8752,-999.0,24.07,27.82,22.04,91.23,1.26,2.57,0.53,97.35
19990930,5.53,4.1482,-999.0,3.9312,-999.0,23.15,25.35,21.81,94.14,1.28,2.6,0.53,97.43
19991001,4.03,5.1617,-999.0,4.3176,-999.0,23.45,25.6,21.62,94.24,1.08,1.68,0.43,97.45
19991002,66.63,5.4094,-999.0,4.5096,-999.0,24.04,25.88,22.77,95.24,1.57,2.24,0.62,97.37
19991003,22.93,5.4511,-999.0,4.3728,-999.0,23.73,24.9,22.42,96.35,1.49,2.24,0.63,97.43
19991004,8.96,5.2286,-999.0,4.7328,-999.0,24.0,27.54,21.21,89.2,1.02,1.38,0.37,97.46
19991005,5.84,3.7978,-999.0,3.312,-999.0,24.12,25.71,23.14,95.42,1.32,1.99,0.49,97.48
19991006,0.8,5.053,-999.0,4.3296,-999.0,23.92,25.6,22.58,93.87,1.15,2.28,0.51,97.5
19991007,4.24,5.9628,-999.0,3.78,-999.0,23.83,25.46,22.41,94.39,1.15,1.84,0.44,97.42
19991008,1.65,4.8242,-999.0,4.2816,-999.0,23.6,24.97,22.41,96.43,1.24,2.34,0.48,97.41
19991009,11.6,5.7497,-999.0,4.0344,-999.0,24.54,27.44,22.38,90.95,1.23,1.98,0.45,97.34
19991010,3.79,3.4927,-999.0,3.024,-999.0,23.97,25.87,22.39,95.02,1.2,2.17,0.48,97.47
19991011,0.45,5.8817,-999.0,3.7608,-999.0,24.29,27.66,21.62,89.86,1.25,2.08,0.49,97.41
19991012,0.49,6.1524,-999.0,2.5968,-999.0,24.54,27.6,22.56,89.72,1.33,2.34,0.52,97.43
19991013,0.98,5.4792,-999.0,3.768,-999.0,23.77,25.44,22.47,92.42,0.83,1.21,0.37,97.46
19991014,0.69,6.0979,-999.0,3.0216,-999.0,24.71,28.52,21.99,89.32,1.39,2.33,0.55,97.36
19991015,8.19,4.8415,-999.0,3.8592,-999.0,23.76,25.65,22.58,94.7,1.22,1.83,0.51,97.38
19991016,4.93,4.1014,-999.0,3.36,-999.0,24.15,27.11,22.73,92.74,1.23,2.12,0.48,97.38
19991017,1.81,4.8065,-999.0,3.5376,-999.0,23.71,25.54,22.32,93.48,1.24,1.86,0.46,97.39
19991018,3.06,6.0862,-999.0,3.696,-999.0,23.94,26.21,22.39,93.11,1.16,1.74,0.44,97.43
19991019,0.93,5.5874,-999.0,3.6288,-999.0,23.84,26.01,22.53,94.26,1.16,1.73,0.49,97.38
19991020,47.57,4.7026,-999.0,3.5568,-999.0,23.69,25.54,22.4,94.5,1.32,2.67,0.51,97.33
19991021,36.53,4.8403,-999.0,3.8232,-999.0,23.8,26.13,22.07,93.99,1.22,2.62,0.51,97.4
19991022,21.86,5.7355,-999.0,3.78,-999.0,24.41,27.26,22.38,90.63,1.45,2.72,0.58,97.4
19991023,5.2,3.4246,-999.0,2.8872,-999.0,23.88,25.18,23.04,96.12,1.36,2.4,0.56,97.45
19991024,12.05,5.9808,-999.0,3.8616,-999.0,24.62,27.56,22.19,91.86,1.38,2.36,0.58,97.39
19991025,2.9,5.7473,-999.0,4.5408,-999.0,24.61,26.93,22.99,92.4,1.29,2.23,0.51,97.34
19991026,17.64,4.0867,-999.0,3.4008,-999.0,24.29,26.41,22.96,93.58,1.0,1.59,0.4,97.36
19991027,3.44,4.4078,-999.0,3.12,-999.0,23.83,26.2,22.49,93.31,1.11,1.79,0.45,97.36
19991028,14.38,2.9237,-999.0,2.4192,-999.0,24.19,27.26,22.12,92.66,1.31,2.22,0.54,97.38
19991029,9.41,6.1085,-999.0,1.8,-999.0,23.92,26.26,22.72,92.55,0.97,1.38,0.37,97.32
19991030,13.31,5.7108,-999.0,3.1824,-999.0,24.35,26.92,22.8,91.92,1.47,2.54,0.6,97.33
19991031,6.53,4.8108,-999.0,2.8896,-999.0,24.38,26.27,23.15,94.38,0.95,1.24,0.46,97.32
19991101,5.4,4.5535,-999.0,4.1304,-999.0,24.35,27.11,22.49,93.32,1.06,1.77,0.39,97.25
19991102,24.65,5.2289,-999.0,2.7432,-999.0,24.67,27.76,23.25,94.07,1.3,2.34,0.52,97.2
19991103,38.9,4.842,-999.0,3.924,-999.0,24.07,25.38,23.08,96.72,1.4,2.38,0.58,97.13
19991104,20.1,5.8742,-999.0,3.7296,-999.0,24.33,26.04,23.07,95.87,0.9,1.54,0.37,97.06
19991105,5.5,4.4273,-999.0,3.9888,-999.0,24.06,25.03,23.13,95.85,1.21,2.36,0.5,97.18
19991106,3.46,4.5691,-999.0,4.4016,-999.0,23.85,25.51,22.89,96.16,1.42,1.98,0.56,97.32
19991107,1.76,5.3923,-999.0,4.5408,-999.0,23.82,25.59,22.29,92.77,1.39,1.96,0.57,97.26
19991108,10.36,5.8745,-999.0,4.3824,-999.0,23.89,25.89,22.59,92.47,1.23,2.15,0.5,97.3
19991109,9.68,5.5222,-999.0,3.528,-999.0,24.22,28.0,21.9,91.68,1.22,2.08,0.51,97.34
19991110,2.25,4.8797,-999.0,3.6696,-999.0,24.67,26.98,22.65,91.47,1.26,1.89,0.5,97.43
19991111,8.79,5.6491,-999.0,3.2904,-999.0,24.46,26.6,23.19,92.89,1.39,1.76,0.52,97.47
19991112,4.54,5.8709,-999.0,2.9976,-999.0,24.6,27.3,22.97,91.79,1.23,2.0,0.54,97.38
19991113,3.51,5.0201,-999.0,3.3936,-999.0,23.97,25.44,22.79,95.41,1.3,1.96,0.5,97.34
19991114,2.2,3.8285,-999.0,3.288,-999.0,23.65,25.22,22.57,94.56,1.29,2.24,0.6,97.47
19991115,0.86,6.3312,-999.0,2.0208,-999.0,23.81,26.39,22.13,91.56,1.25,2.19,0.45,97.53
19991116,1.35,4.6774,-999.0,2.9064,-999.0,23.21,26.44,20.78,86.39,1.16,2.07,0.4,97.58
19991117,0.03,6.4505,-999.0,2.7936,-999.0,24.28,27.84,21.05,89.03,1.34,2.06,0.51,97.48
19991118,1.86,5.3719,-999.0,5.1456,-999.0,24.4,27.48,22.13,90.44,1.57,2.48,0.63,97.44
19991119,2.0,5.2987,-999.0,4.7832,-999.0,24.16,26.26,22.47,92.23,1.07,1.65,0.47,97.37
19991120,1.78,5.0837,-999.0,4.0872,-999.0,24.13,26.19,22.85,91.76,1.4,1.81,0.55,97.32
19991121,22.87,5.215,-999.0,3.18,-999.0,23.72,26.24,21.94,93.32,1.17,1.82,0.45,97.32
19991122,35.43,5.8937,-999.0,2.3304,-999.0,24.19,27.44,22.56,90.82,1.14,1.4,0.44,97.35
19991123,9.9,5.405,-999.0,3.5496,-999.0,24.2,26.82,22.38,92.5,1.24,2.21,0.55,97.26
19991124,7.01,5.0993,-999.0,4.2792,-999.0,24.37,25.96,23.16,94.52,1.41,2.38,0.56,97.2
19991125,18.89,5.892,-999.0,3.0744,-999.0,24.2,25.57,23.15,95.93,1.53,2.35,0.6,97.18
19991126,10.43,5.0131,-999.0,2.9952,-999.0,23.88,25.87,22.69,94.86,1.21,1.76,0.45,97.24
19991127,11.74,5.4562,-999.0,5.1192,-999.0,24.05,26.81,21.74,91.29,1.46,3.26,0.63,97.2
19991128,2.75,5.429,-999.0,3.7104,-999.0,24.55,27.45,22.03,91.83,1.58,2.62,0.62,97.04
19991129,8.1,5.7274,-999.0,3.9,-999.0,23.98,25.57,22.26,95.32,1.47,2.78,0.59,97.08
19991130,12.32,6.0617,-999.0,3.4704,-999.0,24.63,28.2,22.01,88.75,1.29,2.7,0.54,97.21
19991201,3.28,5.1283,-999.0,4.1856,-999.0,25.02,28.4,22.58,85.22,0.99,1.9,0.44,97.29
19991202,0.31,5.6347,-999.0,3.7416,-999.0,24.69,28.17,21.86,86.91,1.44,2.64,0.59,97.35
19991203,11.2,5.8594,-999.0,3.48,-999.0,24.99,28.43,22.72,89.44,1.3,2.37,0.54,97.29
19991204,28.2,5.3251,-999.0,3.7296,-999.0,24.88,27.28,23.08,93.45,1.38,2.3,0.52,97.24
19991205,6.56,5.3909,-999.0,2.6736,-999.0,24.55,26.62,22.96,94.79,1.38,2.33,0.53,97.15
19991206,30.71,4.8067,-999.0,3.036,-999.0,24.76,27.02,23.44,93.4,1.26,1.94,0.45,97.17
19991207,88.76,5.513,-999.0,2.7312,-999.0,24.46,25.4,23.39,96.96,1.49,2.08,0.63,97.23
19991208,32.05,5.8531,-999.0,3.0456,-999.0,24.17,26.18,22.67,91.48,1.08,2.01,0.46,97.19
19991209,8.13,5.1166,-999.0,4.9632,-999.0,24.13,27.38,21.93,92.03,1.04,1.91,0.43,97.18
19991210,2.16,4.6538,-999.0,3.4992,-999.0,24.18,25.79,22.87,93.59,1.13,2.23,0.46,97.14
19991211,0.54,5.9755,-999.0,2.2824,-999.0,24.32,25.94,23.22,94.39,1.3,1.8,0.46,97.21
19991212,0.42,5.2375,-999.0,3.4152,-999.0,24.65,26.88,23.3,92.38,1.33,2.0,0.49,97.18
19991213,1.14,4.4359,-999.0,4.2504,-999.0,23.91,25.32,22.89,93.73,0.95,1.56,0.4,97.13
19991214,7.31,5.4653,-999.0,4.332,-999.0,24.71,27.26,23.0,90.35,1.23,2.32,0.51,97.14
19991215,2.44,4.9625,-999.0,4.2672,-999.0,24.53,26.91,22.71,93.86,1.15,2.21,0.48,97.19
19991216,36.63,4.2264,-999.0,3.684,-999.0,24.28,26.05,22.89,95.71,1.28,1.95,0.5,97.24
19991217,17.82,4.0644,-999.0,3.4584,-999.0,24.2,27.09,22.41,92.84,1.44,2.43,0.56,97.24
19991218,10.5,5.2819,-999.0,4.6128,-999.0,24.64,26.95,22.84,92.51,1.07,1.73,0.44,97.13
19991219,12.54,4.0649,-999.0,3.0456,-999.0,24.48,25.78,23.45,95.88,1.26,1.72,0.5,97.21
19991220,7.58,5.0179,-999.0,2.6232,-999.0,24.35,27.14,22.49,90.36,1.02,1.72,0.43,97.25
19991221,6.77,5.0438,-999.0,4.5792,-999.0,23.64,25.38,22.51,93.92,1.03,1.58,0.47,97.32
19991222,8.49,5.7312,-999.0,2.6256,-999.0,23.67,25.67,21.65,91.84,1.05,1.7,0.48,97.35
19991223,2.83,5.6794,-999.0,2.724,-999.0,24.41,26.06,23.06,91.67,0.9,1.53,0.41,97.31
19991224,0.82,5.5308,-999.0,4.5192,-999.0,25.25,28.25,23.32,88.9,1.15,2.34,0.5,97.27
19991225,17.7,5.2382,-999.0,2.6592,-999.0,25.31,28.21,23.41,88.73,1.21,2.35,0.51,97.25
19991226,49.17,5.8195,-999.0,3.876,-999.0,24.67,26.5,23.21,94.1,1.23,2.22,0.51,97.3
19991227,8.38,5.3868,-999.0,4.5432,-999.0,24.87,28.34,22.7,89.65,1.42,2.39,0.59,97.37
19991228,16.08,5.3251,-999.0,2.3664,-999.0,23.78,24.69,22.78,96.32,1.47,2.03,0.58,97.41
19991229,40.13,5.3359,-999.0,2.8536,-999.0,23.84,25.23,23.02,95.91,1.47,2.12,0.57,97.22
19991230,2.39,5.8058,-999.0,4.116,-999.0,24.5,28.09,22.03,90.56,1.45,2.62,0.55,97.17
19991231,46.54,5.6254,-999.0,4.3032,-999.0,24.18,27.12,22.2,91.64,1.2,2.11,0.45,97.19
20000101,48.77,5.6842,-999.0,2.1552,-999.0,24.32,26.69,22.37,91.88,1.12,1.68,0.45,97.16
20000102,15.74,5.2099,-999.0,2.8344,-999.0,24.57,26.29,23.49,94.73,1.02,1.65,0.38,97.14
20000103,25.16,3.9581,-999.0,3.1368,-999.0,24.57,26.44,23.23,94.73,1.09,1.8,0.43,97.19
20000104,5.63,6.0727,-999.0,2.2296,-999.0,24.36,26.51,22.94,93.39,1.13,2.08,0.47,97.21
20000105,0.33,5.094,-999.0,3.324,-999.0,23.92,26.47,21.82,91.55,1.0,1.53,0.36,97.25
20000106,0.03,5.5418,-999.0,4.104,-999.0,24.63,27.13,22.72,88.57,1.17,2.02,0.43,97.19
20000107,8.54,5.7091,-999.0,4.644,-999.0,23.96,25.36,22.48,93.22,0.95,1.31,0.41,97.16
20000108,4.6,6.3266,-999.0,2.8848,-999.0,24.9,27.87,23.08,91.46,1.44,2.68,0.56,97.17
20000109,11.87,2.5044,-999.0,1.5072,-999.0,24.23,26.74,22.31,91.89,1.1,1.66,0.44,97.21
20000110,3.58,5.6172,-999.0,3.648,-999.0,24.37,26.63,23.11,94.44,1.23,2.06,0.52,97.13
20000111,44.17,5.6076,-999.0,5.232,-999.0,23.65,24.81,22.85,95.42,1.13,1.36,0.49,97.15
20000112,6.27,5.6302,-999.0,4.1952,-999.0,24.0,26.09,22.78,93.17,1.29,2.16,0.54,97.22
20000113,6.25,5.5102,-999.0,2.8872,-999.0,23.72,25.6,21.68,92.45,0.99,1.28,0.4,97.16
20000114,14.84,4.0649,-999.0,3.7128,-999.0,24.15,26.69,22.0,91.72,1.34,2.0,0.53,97.14
20000115,8.33,5.7802,-999.0,2.856,-999.0,24.46,26.51,22.61,92.64,1.11,1.76,0.46,97.17
20000116,48.4,4.9123,-999.0,4.0752,-999.0,23.94,25.62,22.42,94.22,1.49,2.33,0.63,97.29
20000117,4.03,5.976,-999.0,2.9112,-999.0,24.2,27.8,21.43,87.71,1.33,2.24,0.52,97.25
20000118,21.8,5.765,-999.0,4.4424,-999.0,23.88,26.5,22.06,89.21,1.1,1.64,0.4,97.27
20000119,20.71,3.5995,-999.0,3.0768,-999.0,24.09,25.42,23.12,96.81,1.48,2.25,0.58,97.29
20000120,7.76,5.5783,-999.0,3.9072,-999.0,23.87,25.58,22.58,93.46,1.61,1.99,0.66,97.47
20000121,5.19,5.8351,-999.0,3.8688,-999.0,23.49,25.55,22.11,92.75,1.19,1.85,0.49,97.5
20000122,1.83,6.3547,-999.0,2.4864,-999.0,24.5,27.2,22.3,87.05,1.31,2.41,0.56,97.31
20000123,0.22,6.299,-999.0,3.4896,-999.0,24.93,28.3,22.17,87.08,1.49,2.89,0.63,97.24
20000124,44.69,5.969,-999.0,3.3696,-999.0,24.45,26.5,23.16,91.55,1.13,2.03,0.5,97.32
20000125,8.12,5.5918,-999.0,3.5208,-999.0,23.58,25.98,21.96,92.25,0.85,1.4,0.35,97.33
20000126,2.92,5.382,-999.0,3.9672,-999.0,23.77,26.81,21.65,89.64,0.97,1.86,0.4,97.27
20000127,0.73,5.3964,-999.0,3.7296,-999.0,23.4,25.61,21.41,94.05,1.3,2.01,0.5,97.18
20000128,8.1,4.4724,-999.0,3.9528,-999.0,24.25,27.12,22.24,92.92,1.42,2.62,0.55,97.17
20000129,20.08,5.6666,-999.0,4.0368,-999.0,25.28,26.63,23.88,94.52,1.11,1.85,0.5,97.16
20000130,16.62,5.6546,-999.0,4.3008,-999.0,25.31,28.14,23.29,92.27,1.14,2.13,0.53,97.2
20000131,3.31,5.225,-999.0,4.32,-999.0,24.47,26.54,22.33,92.21,1.28,2.42,0.6,97.28
20000201,13.89,5.825,-999.0,4.3776,-999.0,24.12,27.5,21.33,89.7,1.59,2.77,0.59,97.27
20000202,15.49,3.9449,-999.0,3.5016,-999.0,24.31,25.64,23.49,95.72,1.41,1.99,0.55,97.27
20000203,2.53,5.6167,-999.0,3.6456,-999.0,24.74,26.51,23.43,93.91,1.21,2.16,0.5,97.2
20000204,5.54,5.375,-999.0,3.6072,-999.0,24.26,26.62,22.67,92.43,0.86,1.16,0.35,97.27
20000205,3.06,4.9582,-999.0,3.7584,-999.0,24.5,27.39,22.49,91.2,1.0,2.06,0.4,97.23
20000206,28.8,5.6928,-999.0,4.776,-999.0,24.13,26.19,22.17,94.6,1.36,2.16,0.51,97.13
20000207,7.53,5.6734,-999.0,3.6288,-999.0,24.43,25.8,23.36,94.0,1.17,1.52,0.56,97.15
20000208,4.11,5.9621,-999.0,3.948,-999.0,24.8,27.11,23.55,91.41,1.51,2.14,0.55,97.26
20000209,2.36,4.9968,-999.0,4.3512,-999.0,23.9,26.28,22.32,93.24,1.47,2.78,0.59,97.36
20000210,1.68,6.9778,-999.0,2.8752,-999.0,24.15,27.16,21.79,88.62,0.94,1.69,0.37,97.37
20000211,0.84,5.6978,-999.0,4.512,-999.0,24.02,25.64,22.8,93.12,1.34,1.89,0.53,97.35
20000212,30.36,5.6844,-999.0,3.3048,-999.0,24.11,25.58,22.69,94.98,1.58,2.38,0.6,97.33
20000213,26.49,6.0091,-999.0,3.5136,-999.0,23.07,25.0,21.23,91.76,0.98,1.39,0.39,97.28
20000214,8.41,6.114,-999.0,4.9104,-999.0,23.67,25.98,22.3,93.53,1.22,2.12,0.5,97.28
20000215,1.67,6.973,-999.0,3.1704,-999.0,23.4,25.38,22.08,94.52,1.34,2.09,0.55,97.28
20000216,0.39,5.3196,-999.0,3.2016,-999.0,24.0,27.69,20.54,84.08,1.59,2.16,0.54,97.17
20000217,10.64,4.8446,-999.0,4.4112,-999.0,23.96,26.33,22.03,91.17,1.09,1.81,0.42,97.3
20000218,40.92,4.4556,-999.0,4.176,-999.0,23.51,24.46,22.73,97.81,1.38,2.05,0.52,97.34
20000219,7.92,5.755,-999.0,4.2816,-999.0,24.45,26.72,22.76,93.35,1.29,2.53,0.52,97.24
20000220,0.12,6.6442,-999.0,2.4672,-999.0,25.3,28.48,23.3,89.73,1.36,2.44,0.54,97.18
20000221,0.37,4.9517,-999.0,3.972,-999.0,23.7,26.4,22.0,89.43,0.95,1.63,0.38,97.29
20000222,26.49,4.9092,-999.0,3.9336,-999.0,24.15,25.77,22.06,96.66,1.47,2.48,0.62,97.24
20000223,17.82,6.6468,-999.0,3.3576,-999.0,24.82,26.81,23.61,94.14,1.43,2.13,0.63,97.25
20000224,1.51,5.6611,-999.0,4.2912,-999.0,25.05,27.23,23.69,92.77,1.27,2.2,0.52,97.15
20000225,27.85,6.149,-999.0,3.9216,-999.0,24.84,26.88,23.37,93.04,1.42,2.13,0.56,97.27
20000226,27.33,5.4749,-999.0,3.624,-999.0,24.32,26.6,22.32,93.29,1.27,1.97,0.49,97.2
20000227,43.92,5.053,-999.0,3.8184,-999.0,24.23,25.39,23.32,96.76,1.32,1.84,0.52,97.21
20000228,13.18,6.4531,-999.0,4.1208,-999.0,24.23,26.59,22.91,94.19,1.28,2.13,0.53,97.22
20000229,14.9,6.2486,-999.0,4.3872,-999.0,24.13,26.76,22.69,92.72,1.38,2.19,0.61,97.3
20000301,5.48,4.7381,-999.0,4.4856,-999.0,23.48,26.31,21.32,91.98,1.12,1.72,0.47,97.28
20000302,1.22,5.309,-999.0,4.8624,-999.0,24.9,28.62,22.12,88.27,1.57,2.45,0.62,97.24
20000303,1.15,6.6334,-999.0,3.264,-999.0,23.97,28.03,21.07,84.78,1.31,2.07,0.54,97.46
20000304,17.15,5.7967,-999.0,4.6728,-999.0,23.89,27.85,20.66,87.82,1.25,2.28,0.5,97.42
20000305,12.99,5.3506,-999.0,3.9096,-999.0,23.37,26.47,21.25,90.89,1.04,1.81,0.37,97.43
20000306,2.88,5.6366,-999.0,3.8904,-999.0,24.59,27.9,22.29,89.17,1.37,2.57,0.57,97.32
20000307,9.82,5.5452,-999.0,4.776,-999.0,23.54,26.21,21.61,91.52,1.02,2.03,0.46,97.44
20000308,21.39,5.1067,-999.0,4.4184,-999.0,24.05,26.66,22.63,93.33,1.42,2.42,0.62,97.39
20000309,13.1,5.994,-999.0,4.1712,-999.0,23.77,25.78,22.56,95.46,1.33,2.08,0.58,97.35
20000310,7.45,5.1259,-999.0,4.3776,-999.0,23.96,25.92,22.61,94.55,1.19,1.73,0.55,97.39
20000311,0.51,5.8596,-999.0,3.4392,-999.0,24.08,27.09,21.88,89.97,1.17,1.91,0.57,97.25
20000312,0.38,4.4323,-999.0,3.7032,-999.0,24.89,28.14,22.42,88.71,1.43,2.73,0.66,97.13
20000313,10.61,6.0622,-999.0,3.6936,-999.0,24.83,27.24,23.08,91.25,1.38,2.35,0.62,97.2
20000314,8.25,5.8495,-999.0,4.3968,-999.0,24.19,26.91,22.78,91.68,1.01,1.84,0.47,97.29
20000315,0.7,4.8082,-999.0,4.5216,-999.0,23.68,25.76,22.14,93.74,1.38,2.23,0.62,97.22
20000316,1.45,6.144,-999.0,3.1104,-999.0,24.26,28.14,21.07,88.1,1.5,2.41,0.56,97.11
20000317,14.6,5.1384,-999.0,4.3344,-999.0,24.68,27.02,23.12,94.0,1.35,2.31,0.56,97.1
20000318,4.65,5.3215,-999.0,4.2648,-999.0,23.99,25.35,22.51,94.92,1.1,2.15,0.48,97.35
20000319,6.89,5.1763,-999.0,4.7328,-999.0,24.04,27.07,21.75,91.06,1.43,2.49,0.57,97.34
20000320,36.68,5.4799,-999.0,3.2232,-999.0,23.85,26.74,22.27,94.04,1.05,1.62,0.44,97.34
20000321,26.02,5.9422,-999.0,4.7616,-999.0,23.78,25.86,22.54,94.35,1.45,2.37,0.57,97.35
20000322,0.25,5.6592,-999.0,4.3344,-999.0,23.91,26.06,22.44,93.29,1.27,2.16,0.48,97.28
20000323,0.05,5.4814,-999.0,4.068,-999.0,24.68,27.87,22.51,88.27,1.2,2.22,0.45,97.26
20000324,0.05,5.8548,-999.0,3.9528,-999.0,24.48,27.2,22.53,89.68,1.09,1.88,0.42,97.33
20000325,1.68,5.8303,-999.0,4.7376,-999.0,23.62,24.71,22.71,95.11,1.25,1.87,0.48,97.43
20000326,0.22,6.3331,-999.0,2.544,-999.0,24.12,26.63,22.14,90.49,1.31,2.09,0.53,97.38
20000327,9.48,5.5978,-999.0,4.056,-999.0,23.57,25.1,22.13,94.09,1.12,1.49,0.43,97.33
20000328,3.68,5.3246,-999.0,4.452,-999.0,24.06,25.81,22.82,93.82,1.02,1.71,0.43,97.35
20000329,14.47,5.9498,-999.0,3.348,-999.0,23.57,25.65,21.81,91.12,0.87,1.25,0.33,97.44
20000330,22.45,5.3928,-999.0,3.264,-999.0,23.98,26.74,22.28,90.68,1.0,1.51,0.39,97.28
20000331,7.93,5.6066,-999.0,3.564,-999.0,23.89,27.06,21.84,90.31,0.95,1.62,0.4,97.2
20000401,4.11,5.9501,-999.0,3.3816,-999.0,24.87,28.66,21.74,87.33,1.42,2.04,0.54,97.2
20000402,4.72,5.5135,-999.0,4.8,-999.0,24.29,25.69,23.25,94.74,1.14,1.44,0.44,97.2
20000403,13.71,5.4408,-999.0,4.9992,-999.0,23.85,25.31,22.86,96.71,1.33,1.93,0.56,97.27
20000404,4.81,5.9218,-999.0,2.4384,-999.0,24.44,27.11,22.45,93.08,1.45,2.31,0.59,97.2
20000405,6.59,4.2485,-999.0,3.9912,-999.0,23.97,25.35,22.74,94.58,1.2,1.57,0.51,97.31
20000406,2.03,5.1708,-999.0,4.368,-999.0,24.02,25.06,23.23,94.93,1.24,2.28,0.53,97.34
20000407,4.11,5.3038,-999.0,3.8592,-999.0,24.4,27.27,22.63,90.85,1.4,1.98,0.55,97.4
20000408,40.75,5.1862,-999.0,3.0072,-999.0,22.81,25.11,20.19,92.73,1.21,2.02,0.39,97.34
20000409,16.33,5.2613,-999.0,3.108,-999.0,24.09,25.88,23.0,94.08,1.3,1.99,0.53,97.31
20000410,37.99,4.8708,-999.0,3.216,-999.0,24.03,26.88,22.09,91.95,1.03,1.53,0.4,97.34
20000411,55.31,5.1718,-999.0,4.3488,-999.0,23.61,25.47,22.38,92.98,0.89,1.34,0.35,97.39
20000412,8.99,5.2711,-999.0,3.8208,-999.0,25.02,28.0,22.89,90.26,1.26,1.99,0.53,97.21
20000413,20.37,5.8627,-999.0,2.5608,-999.0,24.55,27.26,23.1,92.12,1.28,2.23,0.53,97.21
20000414,14.36,5.3981,-999.0,3.0288,-999.0,23.99,26.58,22.22,92.51,1.25,2.26,0.5,97.22
20000415,5.39,4.6154,-999.0,3.9744,-999.0,23.94,25.45,22.81,95.71,1.27,1.71,0.51,97.27
20000416,1.76,5.4857,-999.0,2.724,-999.0,24.13,26.05,22.91,94.63,1.21,1.79,0.48,97.25
20000417,8.17,5.207,-999.0,3.9216,-999.0,24.56,27.12,23.01,93.66,1.45,2.37,0.61,97.37
20000418,4.57,3.7258,-999.0,3.3624,-999.0,24.16,27.17,22.62,91.91,1.16,1.79,0.51,97.51
20000419,9.32,4.775,-999.0,2.016,-999.0,24.62,27.66,22.46,89.73,1.24,2.3,0.54,97.42
20000420,22.2,4.1993,-999.0,3.996,-999.0,24.18,26.22,22.87,96.01,1.32,1.93,0.52,97.29
20000421,14.66,3.7606,-999.0,3.6936,-999.0,24.27,25.8,23.33,96.57,1.04,1.5,0.43,97.32
20000422,40.1,5.0539,-999.0,3.7008,-999.0,24.23,26.28,22.91,95.36,1.16,1.69,0.45,97.42
20000423,19.92,4.7122,-999.0,3.0672,-999.0,23.56,24.97,21.19,96.02,1.52,2.49,0.59,97.46
20000424,2.21,5.8133,-999.0,2.0256,-999.0,24.03,27.06,21.0,87.93,1.38,1.88,0.4,97.32
20000425,20.59,4.9481,-999.0,4.4304,-999.0,24.41,26.62,22.82,93.58,1.35,1.97,0.54,97.34
20000426,3.56,5.4058,-999.0,3.24,-999.0,24.55,26.11,23.53,93.62,1.05,1.46,0.43,97.31
20000427,3.44,4.2082,-999.0,3.0168,-999.0,24.41,26.77,22.53,91.03,1.17,2.08,0.44,97.32
20000428,39.92,4.2254,-999.0,3.5424,-999.0,24.14,25.45,23.01,96.36,1.47,2.03,0.63,97.37
20000429,41.82,5.0496,-999.0,2.2656,-999.0,24.15,26.58,22.48,93.92,1.43,2.33,0.59,97.38
20000430,13.55,5.2735,-999.0,3.6144,-999.0,23.33,26.19,21.76,93.57,1.18,2.53,0.51,97.42
20000501,4.09,4.482,-999.0,3.3504,-999.0,23.68,26.21,20.69,91.88,1.14,1.52,0.5,97.3
20000502,1.61,5.0232,-999.0,3.6576,-999.0,24.7,28.16,22.48,90.84,1.43,2.4,0.63,97.33
20000503,0.51,5.0388,-999.0,2.9928,-999.0,24.36,27.03,22.51,89.17,1.06,1.79,0.5,97.41
20000504,0.0,5.5507,-999.0,2.8032,-999.0,24.35,27.82,21.49,86.26,1.17,1.54,0.47,97.42
20000505,0.19,4.5571,-999.0,3.9672,-999.0,24.17,26.61,22.24,91.15,0.89,1.33,0.37,97.4
20000506,7.15,4.71,-999.0,3.8088,-999.0,23.97,25.26,22.83,94.07,1.22,2.27,0.52,97.42
20000507,24.59,4.656,-999.0,3.1224,-999.0,24.77,26.8,22.88,95.25,1.23,1.92,0.46,97.23
20000508,7.77,5.0011,-999.0,3.2304,-999.0,24.53,25.98,23.13,95.44,1.46,2.4,0.56,97.25
20000509,6.19,3.481,-999.0,3.348,-999.0,24.1,24.85,23.43,97.42,1.19,1.43,0.48,97.32
20000510,4.45,4.2132,-999.0,3.54,-999.0,24.17,25.39,22.92,95.62,1.13,2.31,0.44,97.29
20000511,19.77,4.2785,-999.0,2.436,-999.0,24.43,26.8,22.88,90.55,1.11,2.12,0.46,97.3
20000512,5.17,4.8144,-999.0,3.2928,-999.0,23.75,25.1,22.84,93.51,0.68,1.23,0.32,97.46
20000513,8.88,5.4218,-999.0,2.2968,-999.0,24.68,27.09,22.67,91.29,1.21,2.03,0.45,97.42
20000514,2.04,4.5439,-999.0,2.9232,-999.0,24.66,26.44,23.49,95.1,1.49,2.99,0.59,97.49
20000515,7.88,3.725,-999.0,3.7344,-999.0,24.39,25.79,23.13,95.51,1.16,1.96,0.5,97.56
20000516,2.44,4.6142,-999.0,3.084,-999.0,24.48,26.08,23.44,93.69,1.71,2.8,0.7,97.53
20000517,0.12,4.9344,-999.0,3.7824,-999.0,23.93,25.9,22.49,91.35,1.37,1.84,0.57,97.53
20000518,2.1,4.3848,-999.0,3.7656,-999.0,24.13,25.97,22.52,93.75,1.39,2.28,0.59,97.51
20000519,3.97,5.0165,-999.0,3.3168,-999.0,23.86,25.31,22.77,96.23,1.08,1.6,0.43,97.5
20000520,9.59,5.4235,-999.0,2.0712,-999.0,24.18,25.67,23.01,95.6,1.1,1.48,0.51,97.52
20000521,33.3,4.1813,-999.0,3.7056,-999.0,23.84,24.71,23.02,97.01,1.24,1.96,0.51,97.55
20000522,13.67,3.6665,-999.0,2.64,-999.0,24.02,25.75,22.93,96.94,1.32,1.96,0.52,97.49
20000523,2.63,3.4927,-999.0,3.432,-999.0,23.61,25.82,22.3,94.09,0.73,1.2,0.29,97.51
20000524,0.64,5.7108,-999.0,2.6736,-999.0,24.42,27.24,22.29,91.47,1.2,1.9,0.44,97.39
20000525,2.66,5.1151,-999.0,3.348,-999.0,24.11,25.32,23.35,95.61,1.14,1.7,0.45,97.36
20000526,1.34,3.8758,-999.0,3.0408,-999.0,23.81,25.43,22.82,95.01,1.08,1.66,0.45,97.35
20000527,0.54,5.543,-999.0,2.6112,-999.0,23.41,24.69,22.46,94.14,1.29,1.72,0.51,97.38
20000528,1.41,5.2032,-999.0,3.1896,-999.0,23.78,25.24,22.21,95.68,1.13,1.38,0.45,97.39
20000529,13.36,3.9922,-999.0,3.7056,-999.0,24.29,25.47,23.53,96.72,1.1,1.9,0.44,97.23
20000530,7.53,4.9944,-999.0,3.0696,-999.0,23.88,24.89,22.93,97.24,1.44,2.24,0.57,97.26
20000531,3.97,3.9502,-999.0,3.0576,-999.0,23.59,24.45,22.9,96.61,1.25,1.98,0.51,97.22
20000601,30.65,4.5211,-999.0,3.7968,-999.0,23.44,24.36,22.4,96.5,1.08,1.58,0.46,97.28
20000602,45.9,3.4356,-999.0,2.9352,-999.0,23.16,24.5,22.29,96.02,1.21,1.5,0.58,97.3
20000603,20.95,3.8671,-999.0,3.9744,-999.0,23.51,26.41,21.87,93.1,1.49,2.2,0.63,97.28
20000604,3.75,3.5446,-999.0,3.3792,-999.0,23.96,26.59,22.23,91.86,1.43,2.56,0.59,97.28
20000605,0.36,3.6874,-999.0,3.6,-999.0,24.62,27.26,23.0,89.48,1.49,2.54,0.66,97.34
20000606,0.63,4.3632,-999.0,3.792,-999.0,24.48,27.09,22.9,90.83,1.58,2.29,0.64,97.4
20000607,2.86,4.8206,-999.0,3.5856,-999.0,24.6,26.78,23.45,94.02,0.94,1.42,0.42,97.34
20000608,5.33,5.5363,-999.0,2.7168,-999.0,24.78,27.1,23.09,92.34,1.06,2.05,0.4,97.4
20000609,5.18,5.737,-999.0,2.7,-999.0,24.04,25.2,23.24,96.67,1.35,2.53,0.51,97.48
20000610,6.05,3.8501,-999.0,3.5544,-999.0,24.18,26.42,22.47,94.45,1.27,2.43,0.41,97.49
20000611,2.89,1.6039,-999.0,0.984,-999.0,24.33,25.72,23.36,95.76,1.55,2.24,0.57,97.46
20000612,15.44,5.3453,-999.0,2.3304,-999.0,23.8,25.82,22.88,94.92,1.5,2.25,0.66,97.46
20000613,31.15,4.0193,-999.0,4.02,-999.0,23.13,24.0,22.43,96.56,1.52,2.02,0.61,97.54
20000614,17.25,3.4214,-999.0,3.324,-999.0,22.74,24.72,21.54,94.39,1.43,2.32,0.64,97.65
20000615,1.6,3.54,-999.0,3.3624,-999.0,23.17,25.51,21.54,93.83,1.23,2.48,0.51,97.62
20000616,29.34,5.0249,-999.0,3.8088,-999.0,23.68,25.86,22.58,93.22,1.52,2.17,0.6,97.53
20000617,26.58,2.5387,-999.0,2.4696,-999.0,23.74,25.58,22.86,94.71,0.67,1.17,0.33,97.44
20000618,5.41,3.7906,-999.0,3.348,-999.0,23.58,24.85,22.56,95.75,1.54,2.33,0.61,97.45
20000619,32.26,4.8794,-999.0,3.924,-999.0,23.71,25.86,22.79,95.49,1.1,1.78,0.42,97.47
20000620,17.68,2.3273,-999.0,1.884,-999.0,23.77,24.88,22.79,97.41,1.32,2.39,0.51,97.44
20000621,0.94,3.6396,-999.0,3.1872,-999.0,24.46,27.02,22.67,92.47,1.08,1.75,0.46,97.55
20000622,6.84,4.4626,-999.0,3.4152,-999.0,24.32,27.11,22.72,93.52,1.35,2.35,0.51,97.47
20000623,37.74,3.401,-999.0,3.3288,-999.0,23.45,25.33,22.46,95.54,1.15,1.5,0.45,97.48
20000624,31.78,4.0822,-999.0,4.0584,-999.0,23.36,25.11,22.49,96.3,1.37,2.14,0.56,97.38
20000625,25.04,2.7456,-999.0,2.34,-999.0,23.35,25.36,22.35,95.02,0.82,1.2,0.38,97.33
20000626,24.64,3.8016,-999.0,3.3024,-999.0,22.71,24.71,21.8,94.9,1.38,2.21,0.57,97.32
20000627,20.82,4.2905,-999.0,3.624,-999.0,22.24,23.33,21.55,96.05,1.2,1.48,0.49,97.3
20000628,4.5,3.757,-999.0,3.6216,-999.0,22.42,23.91,21.58,95.47,1.21,1.97,0.48,97.28
20000629,27.05,3.0818,-999.0,3.0936,-999.0,22.55,24.05,21.5,96.83,1.53,2.29,0.63,97.27
20000630,4.78,3.7109,-999.0,3.888,-999.0,22.81,25.07,21.65,93.23,1.4,1.88,0.59,97.31
20000701,24.43,4.4935,-999.0,3.7056,-999.0,22.74,24.65,21.82,95.43,1.17,2.02,0.51,97.26
20000702,67.83,4.5113,-999.0,4.032,-999.0,23.43,25.93,21.98,94.6,1.24,2.16,0.53,97.15
20000703,68.55,3.3715,-999.0,3.42,-999.0,23.37,24.92,22.37,96.27,1.4,2.37,0.62,97.14
20000704,8.02,3.8623,-999.0,3.5304,-999.0,23.75,26.27,22.64,94.96,1.33,2.16,0.56,97.16
20000705,12.2,3.8158,-999.0,3.5496,-999.0,23.77,26.29,22.49,93.92,1.39,2.76,0.59,97.21
20000706,36.47,3.6792,-999.0,3.8712,-999.0,22.84,24.53,21.69,95.98,1.42,2.38,0.66,97.23
20000707,77.9,3.8669,-999.0,4.1976,-999.0,22.16,23.42,21.33,96.16,0.88,1.77,0.38,97.3
20000708,64.26,3.1798,-999.0,3.132,-999.0,22.34,24.93,21.21,95.15,0.87,1.78,0.38,97.32
20000709,29.59,3.0012,-999.0,2.8248,-999.0,22.57,25.03,21.3,94.67,1.05,1.57,0.43,97.38
20000710,4.15,4.7566,-999.0,3.3576,-999.0,22.48,24.61,21.04,95.25,0.91,1.44,0.42,97.52
20000711,2.63,4.518,-999.0,3.5928,-999.0,22.77,25.15,21.22,94.03,1.49,2.01,0.64,97.54
20000712,36.25,2.5781,-999.0,2.3064,-999.0,21.73,23.47,20.79,95.36,1.12,1.99,0.51,97.56
20000713,22.06,3.7714,-999.0,3.6192,-999.0,21.04,22.62,20.21,96.01,1.26,1.81,0.57,97.65
20000714,19.86,3.7752,-999.0,3.9456,-999.0,21.66,24.03,20.03,94.52,1.29,2.18,0.56,97.65
20000715,5.43,3.6854,-999.0,3.1152,-999.0,22.21,23.94,20.84,93.81,0.99,2.24,0.46,97.66
20000716,5.24,3.3348,-999.0,3.3288,-999.0,22.36,25.12,20.8,92.39,1.38,2.73,0.57,97.71
20000717,1.62,3.8995,-999.0,3.5232,-999.0,21.34,23.09,20.32,93.76,1.02,1.54,0.49,97.76
20000718,0.97,3.4939,-999.0,3.1728,-999.0,21.29,23.39,20.16,92.72,1.19,2.36,0.55,97.62
20000719,0.17,3.8155,-999.0,3.2688,-999.0,21.23,23.28,20.06,91.39,1.3,2.06,0.58,97.53
20000720,1.56,3.6391,-999.0,3.2592,-999.0,22.01,24.85,20.37,91.36,1.19,2.46,0.51,97.6
20000721,0.47,4.1153,-999.0,3.3864,-999.0,22.36,25.09,20.64,91.46,1.33,2.66,0.54,97.67
20000722,19.55,4.4976,-999.0,2.8416,-999.0,22.42,25.3,20.88,92.86,1.42,2.28,0.57,97.62
20000723,11.02,3.9533,-999.0,4.0416,-999.0,22.47,25.42,20.64,92.04,1.0,2.06,0.4,97.57
20000724,10.33,4.4251,-999.0,3.1848,-999.0,22.82,25.52,21.34,93.99,1.3,2.33,0.55,97.54
20000725,43.16,3.9115,-999.0,3.7632,-999.0,22.58,24.97,21.09,95.36,1.13,2.19,0.43,97.52
20000726,26.16,5.0249,-999.0,3.0312,-999.0,22.62,25.36,21.31,93.89,1.29,2.3,0.52,97.47
20000727,14.67,3.8642,-999.0,3.6792,-999.0,22.44,24.42,21.21,95.75,1.59,2.8,0.65,97.48
20000728,17.13,3.4975,-999.0,3.5736,-999.0,22.3,24.77,20.68,94.85,1.0,2.15,0.37,97.52
20000729,53.86,3.1906,-999.0,3.0576,-999.0,22.91,25.28,21.68,93.63,1.06,2.3,0.48,97.53
20000730,29.52,4.7501,-999.0,3.9144,-999.0,21.9,24.55,19.45,91.46,1.01,2.25,0.41,97.59
20000731,1.03,4.6898,-999.0,2.7336,-999.0,22.74,25.8,21.11,91.9,1.19,2.23,0.5,97.53
20000801,3.02,3.5784,-999.0,3.3336,-999.0,22.35,25.03,20.96,92.17,1.19,2.39,0.53,97.52
20000802,7.99,4.375,-999.0,3.528,-999.0,22.5,25.79,20.83,92.77,1.45,2.52,0.65,97.44
20000803,31.53,3.7063,-999.0,3.9456,-999.0,22.21,25.14,20.28,93.93,1.09,1.76,0.37,97.47
20000804,16.65,4.0982,-999.0,3.4152,-999.0,23.39,26.17,21.55,93.76,1.34,2.27,0.56,97.39
20000805,34.73,3.9139,-999.0,3.8304,-999.0,23.21,26.07,21.64,94.68,1.02,2.29,0.44,97.39
20000806,22.46,3.5966,-999.0,3.636,-999.0,22.25,23.82,21.22,95.44,1.03,1.82,0.38,97.52
20000807,8.42,3.8371,-999.0,3.9624,-999.0,22.33,24.68,20.96,94.28,0.84,1.61,0.37,97.59
20000808,10.9,4.8967,-999.0,3.9096,-999.0,23.13,26.62,21.11,91.8,1.22,2.01,0.57,97.56
20000809,5.41,3.9134,-999.0,3.8136,-999.0,22.91,26.17,21.21,92.75,1.29,2.23,0.63,97.45
20000810,0.45,4.6889,-999.0,3.5904,-999.0,22.61,25.72,20.94,91.43,1.61,2.42,0.67,97.37
20000811,0.69,4.3572,-999.0,4.3176,-999.0,22.56,26.23,20.66,91.49,1.21,2.45,0.52,97.47
20000812,20.8,4.0046,-999.0,3.7152,-999.0,23.09,25.92,21.31,93.24,1.18,2.01,0.52,97.53
20000813,39.1,3.2405,-999.0,3.372,-999.0,22.72,24.91,21.66,95.27,1.58,2.85,0.67,97.56
20000814,30.93,3.1572,-999.0,3.2448,-999.0,22.25,24.23,21.25,95.06,1.44,2.2,0.63,97.53
20000815,32.89,3.539,-999.0,3.8064,-999.0,22.51,25.44,21.27,93.85,1.44,2.61,0.62,97.41
20000816,11.22,3.0799,-999.0,2.7144,-999.0,22.65,25.57,21.43,92.84,1.23,2.36,0.55,97.3
20000817,66.03,3.4658,-999.0,3.6048,-999.0,21.96,23.75,21.09,94.19,1.08,2.08,0.48,97.4
20000818,68.83,3.8047,-999.0,3.4728,-999.0,22.34,26.4,20.39,93.73,1.27,2.42,0.46,97.38
20000819,34.4,2.255,-999.0,1.9944,-999.0,22.79,25.05,21.3,95.53,1.07,1.71,0.38,97.33
20000820,19.15,3.329,-999.0,3.1344,-999.0,22.45,24.01,21.55,95.91,1.01,1.63,0.39,97.36
20000821,58.84,3.6264,-999.0,3.564,-999.0,22.62,23.92,21.64,96.55,1.03,1.84,0.42,97.28
20000822,57.7,3.2671,-999.0,3.2712,-999.0,22.72,25.05,21.48,93.44,1.02,1.95,0.4,97.37
20000823,14.19,5.1655,-999.0,3.5904,-999.0,22.41,24.59,21.15,95.55,0.96,1.9,0.4,97.5
20000824,1.2,5.1578,-999.0,4.5024,-999.0,22.51,25.43,20.14,90.92,1.39,2.39,0.57,97.56
20000825,0.02,5.5951,-999.0,4.2,-999.0,23.47,27.31,20.43,88.02,1.4,1.97,0.61,97.53
20000826,0.06,3.252,-999.0,3.0432,-999.0,23.43,26.66,21.09,89.02,1.49,2.62,0.66,97.49
20000827,0.24,3.3768,-999.0,3.4176,-999.0,22.44,24.05,21.25,91.61,1.23,2.06,0.49,97.71
20000828,0.05,5.3597,-999.0,4.2024,-999.0,23.27,26.06,21.09,86.79,1.13,2.17,0.45,97.6
20000829,12.1,5.2246,-999.0,4.6872,-999.0,22.42,24.24,21.02,91.85,0.96,1.56,0.45,97.59
20000830,2.96,3.7786,-999.0,3.3144,-999.0,22.77,26.26,20.57,91.23,1.05,2.18,0.46,97.57
20000831,1.7,4.4009,-999.0,4.1784,-999.0,23.14,25.7,21.3,92.65,1.04,1.84,0.43,97.56
20000901,3.94,4.344,-999.0,3.8184,-999.0,23.48,25.12,21.85,93.4,1.02,1.71,0.45,97.58
20000902,2.15,6.0826,-999.0,2.88,-999.0,24.17,26.9,21.5,92.09,1.26,2.0,0.56,97.52
20000903,23.57,3.9806,-999.0,3.0912,-999.0,24.31,27.3,22.74,92.52,1.84,3.02,0.75,97.49
20000904,14.28,2.7312,-999.0,2.3112,-999.0,22.64,24.5,20.67,92.67,0.99,2.4,0.38,97.52
20000905,1.65,5.779,-999.0,2.7768,-999.0,23.56,27.1,20.77,88.14,1.04,2.09,0.43,97.44
20000906,19.76,4.0205,-999.0,2.8008,-999.0,23.57,25.44,22.29,93.99,1.16,2.16,0.47,97.54
20000907,10.15,5.2517,-999.0,3.6888,-999.0,24.14,27.14,22.12,90.6,1.18,2.04,0.4,97.5
20000908,1.67,5.3753,-999.0,3.7344,-999.0,24.18,26.56,22.49,91.15,1.68,3.0,0.61,97.54
20000909,36.83,4.3894,-999.0,4.032,-999.0,23.38,25.42,22.25,93.49,1.24,2.09,0.5,97.52
20000910,16.34,4.6531,-999.0,3.9912,-999.0,23.14,26.3,21.41,91.65,1.06,2.06,0.47,97.53
20000911,1.16,4.8254,-999.0,4.344,-999.0,23.4,26.93,20.61,88.59,1.24,2.12,0.57,97.47
20000912,45.62,4.8624,-999.0,4.4472,-999.0,23.34,25.39,21.95,94.26,1.53,2.56,0.64,97.47
20000913,14.01,4.0574,-999.0,3.5136,-999.0,23.48,26.25,22.08,91.57,1.01,2.39,0.45,97.44
20000914,2.06,5.1223,-999.0,4.7688,-999.0,23.64,25.91,22.21,94.02,1.5,2.4,0.65,97.38
20000915,24.32,5.0321,-999.0,3.1488,-999.0,23.26,24.83,22.37,96.3,1.05,1.51,0.38,97.44
20000916,3.69,4.6529,-999.0,4.5312,-999.0,23.61,26.04,22.29,93.3,1.36,2.21,0.56,97.51
20000917,20.0,4.1674,-999.0,3.8208,-999.0,22.75,24.11,21.67,93.87,1.26,2.06,0.49,97.49
20000918,15.94,5.2308,-999.0,4.4424,-999.0,22.85,25.86,21.06,93.57,1.24,2.57,0.47,97.48
20000919,0.8,5.0873,-999.0,4.44,-999.0,24.03,27.02,21.87,90.74,1.19,2.57,0.45,97.37
20000920,2.4,4.7446,-999.0,4.3656,-999.0,24.7,27.84,22.36,90.2,1.23,2.36,0.53,97.37
20000921,1.56,5.3832,-999.0,4.0992,-999.0,24.82,28.48,22.16,90.58,1.45,2.0,0.57,97.44
20000922,54.59,4.9438,-999.0,3.276,-999.0,24.02,26.28,22.85,94.81,1.41,2.08,0.57,97.49
20000923,9.87,4.6973,-999.0,4.3344,-999.0,24.19,27.05,22.61,93.63,1.6,2.62,0.63,97.46
20000924,26.73,5.2464,-999.0,4.6536,-999.0,23.71,26.18,22.19,92.68,1.16,2.0,0.5,97.44
20000925,21.96,3.2902,-999.0,2.7192,-999.0,23.19,25.07,21.85,95.11,1.39,2.4,0.52,97.49
20000926,8.92,5.1098,-999.0,4.8408,-999.0,23.33,25.72,22.05,94.69,1.18,2.04,0.48,97.53
20000927,1.92,4.9802,-999.0,4.0896,-999.0,23.78,26.71,21.85,91.31,1.22,2.22,0.48,97.56
20000928,6.56,4.2144,-999.0,4.1136,-999.0,23.25,25.32,21.85,91.86,1.17,2.02,0.49,97.58
20000929,2.45,5.969,-999.0,4.08,-999.0,22.84,25.16,20.81,93.22,1.18,2.01,0.49,97.61
20000930,0.18,5.2262,-999.0,2.3856,-999.0,24.04,27.62,22.26,91.62,0.93,1.51,0.37,97.6
20001001,5.14,2.6722,-999.0,1.8072,-999.0,23.88,25.5,22.75,95.26,1.06,1.51,0.45,97.49
20001002,1.41,5.442,-999.0,3.516,-999.0,23.99,25.63,22.81,95.14,1.25,1.71,0.47,97.44
20001003,0.21,5.0311,-999.0,3.8568,-999.0,24.26,26.95,22.61,91.57,1.21,1.95,0.44,97.36
20001004,8.02,5.1238,-999.0,3.924,-999.0,23.78,26.3,22.37,93.38,1.41,2.54,0.59,97.28
20001005,6.65,4.842,-999.0,4.5192,-999.0,23.33,24.71,22.58,96.93,1.26,2.27,0.5,97.31
20001006,6.39,5.1816,-999.0,4.728,-999.0,23.84,25.66,22.56,94.29,1.12,2.2,0.47,97.32
20001007,10.33,4.0368,-999.0,3.7512,-999.0,23.74,24.88,22.5,96.12,1.38,2.55,0.6,97.27
20001008,11.53,6.2489,-999.0,3.0528,-999.0,23.73,26.72,21.56,93.43,1.18,2.18,0.53,97.18
20001009,39.42,3.7762,-999.0,3.5064,-999.0,23.9,25.56,22.56,96.1,1.15,1.55,0.47,97.21
20001010,10.87,4.7813,-999.0,3.84,-999.0,24.3,25.66,23.31,96.88,1.47,2.24,0.51,97.26
20001011,6.23,4.891,-999.0,4.3392,-999.0,24.09,25.64,23.01,95.04,1.39,2.36,0.54,97.36
20001012,19.68,5.2404,-999.0,4.2216,-999.0,24.03,26.81,22.59,92.34,1.08,2.2,0.47,97.39
20001013,8.2,5.4521,-999.0,3.828,-999.0,24.63,27.85,22.57,89.0,1.47,2.83,0.59,97.21
20001014,2.55,5.6455,-999.0,4.1088,-999.0,24.22,27.02,22.72,91.3,1.21,2.56,0.47,97.23
20001015,4.31,4.6397,-999.0,3.9384,-999.0,23.9,26.31,22.47,94.59,1.39,2.83,0.55,97.41
20001016,13.15,5.389,-999.0,4.9488,-999.0,23.62,24.85,22.71,95.51,0.96,1.49,0.4,97.38
20001017,19.45,5.7199,-999.0,4.1496,-999.0,23.76,25.65,22.37,94.4,0.95,1.39,0.36,97.26
20001018,14.54,2.2937,-999.0,1.1088,-999.0,23.69,24.86,22.59,95.45,0.88,1.55,0.41,97.27
20001019,0.4,6.1106,-999.0,3.0672,-999.0,25.11,28.58,22.19,87.07,1.3,2.2,0.52,97.28
20001020,2.12,6.1255,-999.0,3.4392,-999.0,24.96,27.94,23.31,90.87,1.41,2.24,0.54,97.35
20001021,3.18,6.3718,-999.0,2.1264,-999.0,24.55,28.08,21.86,89.58,1.12,1.61,0.44,97.35
20001022,8.73,5.6311,-999.0,2.8896,-999.0,24.3,26.33,23.08,93.32,1.22,1.95,0.48,97.22
20001023,22.98,4.5931,-999.0,4.3128,-999.0,24.21,25.98,23.23,95.48,1.66,2.46,0.63,97.21
20001024,29.48,4.9109,-999.0,3.588,-999.0,23.93,26.01,22.74,94.16,1.53,2.37,0.58,97.33
20001025,40.92,4.7002,-999.0,4.2936,-999.0,22.85,24.18,21.97,95.41,1.14,1.37,0.48,97.4
20001026,29.6,4.7669,-999.0,3.9048,-999.0,23.7,25.49,22.0,94.35,0.84,1.27,0.38,97.38
20001027,29.18,4.7136,-999.0,3.8832,-999.0,24.44,26.78,22.96,95.93,1.26,2.41,0.48,97.31
20001028,1.52,4.5442,-999.0,3.3288,-999.0,24.08,26.32,22.7,92.84,1.14,1.84,0.44,97.42
20001029,4.56,5.1854,-999.0,4.3368,-999.0,24.37,26.81,22.71,92.92,1.0,1.76,0.43,97.41
20001030,0.35,5.3064,-999.0,4.008,-999.0,25.09,28.54,22.48,87.84,1.15,1.45,0.47,97.32
20001031,0.16,6.0869,-999.0,2.8416,-999.0,25.5,28.87,22.37,86.02,1.32,2.02,0.52,97.33
20001101,0.92,6.0655,-999.0,3.2184,-999.0,25.34,27.68,23.87,90.85,1.56,2.15,0.68,97.38
20001102,36.48,4.6687,-999.0,3.6528,-999.0,23.98,25.5,22.71,93.39,1.05,2.01,0.49,97.41
20001103,10.43,5.7713,-999.0,4.668,-999.0,25.15,27.69,23.45,87.95,1.49,2.56,0.65,97.48
20001104,0.03,4.3553,-999.0,3.816,-999.0,22.85,24.51,21.07,89.73,0.77,1.37,0.27,97.5
20001105,1.6,4.6169,-999.0,3.108,-999.0,23.6,27.04,20.7,85.43,1.31,2.07,0.45,97.4
20001106,1.59,5.0366,-999.0,3.684,-999.0,24.68,27.73,22.46,90.39,1.06,1.63,0.39,97.35
20001107,10.26,4.213,-999.0,3.9384,-999.0,24.96,28.69,23.23,88.92,1.11,1.89,0.45,97.42
20001108,7.51,5.557,-999.0,3.9744,-999.0,24.48,27.19,22.79,91.68,1.41,2.02,0.6,97.36
20001109,0.51,5.7096,-999.0,3.6312,-999.0,24.89,28.33,22.07,87.78,1.21,2.09,0.56,97.33
20001110,0.02,6.2484,-999.0,3.0432,-999.0,25.29,28.98,22.73,84.26,1.23,1.99,0.48,97.33
20001111,0.25,4.6992,-999.0,3.3528,-999.0,25.26,28.39,22.73,87.65,1.24,1.76,0.52,97.29
20001112,0.52,5.6983,-999.0,3.396,-999.0,24.8,27.36,23.06,90.86,1.4,2.09,0.58,97.14
20001113,0.01,5.8022,-999.0,4.8312,-999.0,25.4,27.71,23.5,88.24,1.24,2.39,0.51,97.14
20001114,0.02,4.4143,-999.0,3.3072,-999.0,24.86,27.49,23.06,87.53,1.05,2.07,0.45,97.18
20001115,42.04,6.3312,-999.0,3.1224,-999.0,25.19,28.21,22.43,86.62,0.96,1.5,0.42,97.14
20001116,16.52,6.1147,-999.0,3.072,-999.0,25.53,29.19,22.61,88.37,1.43,2.61,0.63,97.09
20001117,7.15,4.9766,-999.0,2.7096,-999.0,25.48,28.62,23.36,89.67,1.47,2.52,0.67,97.08
20001118,8.59,5.0047,-999.0,2.6136,-999.0,24.37,26.08,22.91,91.08,0.84,1.61,0.43,97.11
20001119,1.11,6.042,-999.0,2.9016,-999.0,24.12,26.07,22.6,90.78,0.92,1.55,0.38,97.15
20001120,0.71,5.3563,-999.0,3.6912,-999.0,24.37,26.8,22.45,91.42,0.93,1.24,0.33,97.13
20001121,0.11,3.4205,-999.0,2.7384,-999.0,24.67,26.41,23.37,90.45,1.0,1.26,0.48,97.08
20001122,5.8,6.0202,-999.0,3.0384,-999.0,24.16,25.69,22.77,95.4,1.39,1.94,0.58,97.16
20001123,7.1,5.6434,-999.0,3.9888,-999.0,24.19,27.3,21.73,90.59,1.15,1.62,0.41,97.19
20001124,2.8,5.4974,-999.0,4.7016,-999.0,25.09,27.33,23.96,93.13,0.91,1.5,0.38,97.17
20001125,1.81,5.0124,-999.0,3.3456,-999.0,25.4,28.15,23.68,92.14,1.41,2.73,0.61,97.13
20001126,27.83,4.7112,-999.0,4.5264,-999.0,24.45,26.06,23.04,93.97,1.38,1.97,0.59,97.23
20001127,5.85,5.0081,-999.0,4.4736,-999.0,24.65,27.22,22.63,93.11,1.56,2.49,0.66,97.1
20001128,5.23,5.04,-999.0,3.5904,-999.0,25.09,26.64,24.21,96.14,1.6,1.97,0.66,96.93
20001129,9.16,4.7964,-999.0,4.0968,-999.0,24.96,26.57,23.71,95.56,1.38,2.12,0.62,96.89
20001130,0.85,5.4852,-999.0,4.1664,-999.0,25.99,27.84,24.44,90.01,0.96,1.81,0.46,96.84
20001201,46.99,5.7406,-999.0,3.528,-999.0,26.25,28.4,24.97,89.97,1.02,1.72,0.47,96.92
20001202,28.39,5.3861,-999.0,4.9824,-999.0,26.07,29.29,24.18,88.88,0.94,1.75,0.48,97.05
20001203,43.61,5.7149,-999.0,3.9768,-999.0,25.36,28.82,22.77,89.96,0.89,1.32,0.41,97.11
20001204,20.42,4.0181,-999.0,3.5712,-999.0,25.34,28.81,23.07,91.12,0.87,1.63,0.39,97.1
20001205,0.03,5.7763,-999.0,4.3872,-999.0,25.68,29.28,23.11,87.82,0.93,1.83,0.34,97.14
20001206,0.24,6.0444,-999.0,3.672,-999.0,25.89,29.76,23.19,84.17,1.09,1.68,0.35,97.18
20001207,0.35,5.9971,-999.0,3.8304,-999.0,26.45,29.48,23.85,86.36,1.16,1.92,0.51,97.15
20001208,9.46,6.0821,-999.0,3.492,-999.0,26.05,28.76,23.82,89.15,1.1,1.74,0.49,97.16
20001209,4.22,6.1586,-999.0,2.9616,-999.0,24.87,27.42,22.83,88.22,1.15,1.9,0.42,97.32
20001210,0.0,5.6652,-999.0,3.1752,-999.0,24.71,27.85,22.05,80.82,1.46,1.98,0.45,97.36
20001211,0.12,5.7082,-999.0,3.3672,-999.0,24.06,25.98,22.77,90.12,1.16,1.97,0.4,97.36
20001212,3.25,5.1024,-999.0,3.8208,-999.0,24.13,26.94,22.15,90.41,0.96,1.8,0.4,97.31
20001213,2.45,5.6717,-999.0,2.1024,-999.0,24.78,27.18,22.89,90.62,1.25,2.15,0.54,97.22
20001214,4.83,5.4206,-999.0,3.312,-999.0,24.65,26.18,23.42,95.13,1.4,2.06,0.52,97.29
20001215,5.01,5.6064,-999.0,4.4016,-999.0,24.82,27.04,23.4,93.82,1.23,2.02,0.51,97.32
20001216,10.24,5.1038,-999.0,4.5432,-999.0,24.48,25.96,23.33,96.19,1.12,2.08,0.48,97.32
20001217,14.98,5.8565,-999.0,2.7792,-999.0,24.86,27.73,22.74,92.43,1.27,2.23,0.54,97.28
20001218,30.88,4.7515,-999.0,2.6304,-999.0,24.43,25.48,23.56,95.92,1.39,2.04,0.6,97.24
20001219,3.06,5.88,-999.0,2.7024,-999.0,24.54,26.8,23.17,92.36,0.98,1.57,0.44,97.19
20001220,0.15,6.1183,-999.0,2.3736,-999.0,25.38,28.64,22.41,87.32,0.93,1.81,0.4,97.17
20001221,0.68,5.8898,-999.0,3.12,-999.0,25.61,28.9,23.42,87.89,1.02,2.03,0.44,97.18
20001222,0.38,5.6227,-999.0,3.78,-999.0,25.34,28.81,22.46,85.64,1.25,1.94,0.52,97.18
20001223,5.0,5.4358,-999.0,2.8056,-999.0,24.88,28.03,22.55,88.81,1.39,2.58,0.57,97.17
20001224,7.77,4.2269,-999.0,3.9864,-999.0,24.72,27.72,22.75,90.19,0.97,1.47,0.4,97.17
20001225,6.12,5.6066,-999.0,2.7192,-999.0,24.41,26.38,22.95,94.44,1.16,2.39,0.45,97.22
20001226,0.5,6.047,-999.0,3.4104,-999.0,25.32,28.66,22.97,89.88,1.06,1.87,0.44,97.16
20001227,16.13,5.5078,-999.0,3.3624,-999.0,25.43,28.36,24.08,91.11,1.0,2.04,0.52,97.15
20001228,18.26,5.5186,-999.0,3.7848,-999.0,25.07,28.46,22.99,90.38,1.49,2.4,0.71,97.15
20001229,4.59,6.4678,-999.0,3.2856,-999.0,24.84,28.46,21.88,90.22,1.53,2.22,0.63,97.1
20001230,1.1,5.2968,-999.0,5.172,-999.0,24.39,26.02,23.1,93.86,1.48,2.29,0.6,97.11
20001231,0.44,4.8492,-999.0,3.6936,-999.0,24.19,25.61,23.14,94.51,1.4,2.25,0.54,97.19
20010101,2.66,4.3387,1.6639,2.484,0.42,23.93,25.0,22.61,96.12,1.18,1.39,0.5,97.38
20010102,0.39,6.1258,4.565,2.562,0.59,24.64,27.21,22.67,91.66,1.3,2.58,0.59,97.35
20010103,14.2,6.1637,4.9339,2.1943,0.59,24.52,26.54,22.75,91.85,1.45,2.16,0.6,97.25
20010104,22.53,1.9766,0.0446,1.5019,0.19,24.03,25.55,23.09,96.87,1.62,3.4,0.65,97.29
20010105,8.87,5.7242,4.0781,2.5553,0.55,23.94,25.58,22.8,94.9,1.5,2.35,0.61,97.35
20010106,14.33,4.699,1.4206,2.9191,0.45,24.37,27.17,22.79,91.39,1.19,2.64,0.53,97.3
20010107,11.68,4.7374,2.4101,2.4151,0.45,24.46,25.98,23.05,94.43,1.43,2.07,0.6,97.19
20010108,4.5,5.6009,3.21,2.8702,0.54,23.92,26.01,22.29,93.96,1.23,2.03,0.51,97.23
20010109,32.98,6.1289,3.9982,3.0758,0.59,24.57,28.4,21.34,88.22,1.38,2.31,0.49,97.22
20010110,12.78,4.5096,0.9845,2.9734,0.43,24.3,27.13,22.59,90.96,1.21,2.0,0.46,97.22
20010111,12.25,5.773,3.9322,2.5752,0.55,23.42,24.92,22.42,93.43,1.19,1.86,0.44,97.22
20010112,16.06,4.884,0.9425,3.4034,0.47,23.93,25.86,22.27,94.88,1.3,2.33,0.54,97.18
20010113,11.13,4.3178,0.323,3.1742,0.41,24.1,25.24,23.13,97.5,1.43,2.35,0.53,97.17
20010114,34.16,4.445,1.4527,2.6095,0.42,23.68,25.04,22.48,96.51,1.37,2.23,0.58,97.2
20010115,5.36,5.159,2.039,3.0982,0.49,25.07,27.61,22.89,89.8,1.31,2.11,0.53,97.23
20010116,4.54,3.6048,0.449,2.5714,0.34,24.01,25.13,22.57,96.18,1.45,2.44,0.59,97.42
20010117,79.14,5.1154,1.4544,3.0922,0.49,23.21,25.87,20.94,91.78,1.3,1.71,0.52,97.46
20010118,20.6,6.1786,4.5216,2.7281,0.59,23.73,25.54,22.37,94.86,1.08,1.39,0.46,97.34
20010119,30.36,5.4485,2.8723,2.7816,0.52,24.03,25.69,22.46,94.86,1.51,2.52,0.61,97.31
20010120,22.38,5.9938,4.4174,2.519,0.57,23.76,25.74,22.17,92.16,1.03,1.42,0.43,97.28
20010121,21.34,3.6475,0.7622,2.3914,0.35,24.2,26.27,22.69,92.91,1.27,2.18,0.48,97.21
20010122,8.44,5.2157,3.3422,2.562,0.5,24.14,26.37,22.4,92.48,1.3,2.25,0.5,97.25
20010123,3.82,5.5236,3.1457,2.6186,0.52,24.45,26.33,23.29,93.85,1.45,2.21,0.57,97.3
20010124,25.88,4.9414,2.3746,2.611,0.47,24.1,25.74,23.02,95.79,1.6,1.95,0.7,97.28
20010125,12.82,3.5244,0.2952,2.6162,0.33,24.48,27.26,22.83,90.53,1.14,2.09,0.48,97.25
20010126,7.17,5.3143,2.3465,2.9191,0.5,23.89,26.13,21.77,93.25,1.31,2.34,0.51,97.22
20010127,4.88,5.7578,4.0906,2.9827,0.54,24.05,27.09,21.71,91.36,1.04,1.87,0.38,97.18
20010128,0.67,2.7974,0.2278,1.9925,0.26,24.41,26.16,23.04,92.12,1.01,1.74,0.44,97.18
20010129,15.01,4.441,1.5197,2.5195,0.42,24.26,26.11,23.09,93.66,1.04,1.71,0.37,97.25
20010130,3.64,6.7853,6.4087,2.076,0.64,25.07,28.75,22.56,90.52,1.16,2.11,0.47,97.15
20010131,5.48,2.3827,0.0487,1.7779,0.22,24.26,26.23,23.31,94.44,1.17,2.2,0.49,97.14
20010201,6.29,5.9575,5.0978,2.1646,0.56,24.28,26.23,22.88,93.5,1.46,2.62,0.61,97.06
20010202,2.18,6.0072,4.2418,2.6606,0.57,24.21,25.62,23.05,94.56,1.23,2.12,0.5,97.0
20010203,8.49,5.3503,2.4737,2.8822,0.5,25.23,27.8,23.88,93.44,1.16,2.17,0.53,96.95
20010204,18.8,3.9677,0.564,2.6928,0.37,24.64,25.91,23.64,97.43,1.66,3.04,0.65,97.06
20010205,3.64,2.6861,0.0778,1.9915,0.25,23.97,25.35,22.89,95.78,1.28,2.0,0.54,97.07
20010206,22.31,4.2348,0.835,2.9134,0.4,24.31,27.06,22.45,92.55,1.47,2.46,0.65,96.98
20010207,0.23,5.5639,2.0345,2.999,0.52,25.12,28.2,22.37,88.79,1.33,2.34,0.6,96.87
20010208,5.5,5.695,3.077,3.1526,0.54,25.22,28.74,23.15,88.05,1.19,2.26,0.53,96.75
20010209,0.55,5.207,1.2137,3.253,0.49,25.62,28.84,23.08,89.23,1.12,1.68,0.52,96.63
20010210,2.89,5.4593,2.4094,3.071,0.51,26.52,28.79,24.67,86.84,1.41,2.72,0.7,96.53
20010211,1.33,5.4758,1.4887,3.5765,0.51,26.33,29.59,23.34,87.61,0.89,1.68,0.36,96.61
20010212,1.34,5.9141,2.8788,3.2208,0.56,25.46,27.99,23.9,90.25,0.86,1.35,0.34,96.83
20010213,0.01,5.8104,2.1638,3.5357,0.55,25.59,29.69,23.01,83.21,1.17,1.72,0.41,96.89
20010214,1.92,4.0082,0.9893,2.6263,0.38,24.68,28.2,22.02,82.87,1.35,1.73,0.48,97.04
20010215,0.69,3.9005,0.2191,2.8553,0.37,24.63,28.44,21.89,85.59,1.24,1.77,0.5,97.3
20010216,0.36,5.9594,3.5604,3.5717,0.56,24.6,28.12,21.46,83.89,1.41,2.31,0.51,97.3
20010217,1.48,6.756,6.1138,1.973,0.63,25.74,29.19,22.99,85.23,1.13,2.35,0.49,97.11
20010218,1.44,5.759,2.9143,3.0113,0.54,26.4,28.9,24.89,85.96,1.22,2.69,0.55,96.95
20010219,1.49,4.8756,2.5325,2.7264,0.46,25.93,27.32,24.93,86.8,1.15,2.1,0.62,97.07
20010220,1.28,5.1365,2.1842,2.8877,0.48,25.56,28.69,23.22,88.42,1.48,3.08,0.69,97.21
20010221,0.07,4.7203,1.2523,2.802,0.44,24.56,27.18,22.45,89.85,1.42,3.11,0.66,97.39
20010222,0.06,5.6318,1.7779,3.6463,0.53,24.49,27.92,21.75,85.25,1.33,2.22,0.52,97.43
20010223,7.54,4.8641,1.1604,2.9774,0.46,24.09,26.71,21.8,89.34,1.4,2.5,0.58,97.32
20010224,22.63,5.9462,4.7666,2.5056,0.56,25.01,28.52,22.58,88.17,1.38,2.72,0.62,97.15
20010225,8.01,6.0149,3.7834,3.1392,0.56,24.43,26.53,22.35,90.28,1.51,2.29,0.67,97.23
20010226,0.77,6.7534,5.994,2.0863,0.63,25.58,28.68,23.31,86.05,1.48,2.7,0.67,97.24
20010227,1.52,6.5746,5.6371,2.5651,0.62,26.08,29.97,23.06,87.28,0.88,2.07,0.42,97.29
20010228,0.36,6.3754,6.2095,2.0054,0.6,25.63,28.81,23.44,87.56,0.71,1.26,0.27,97.3
20010301,81.93,5.6806,4.5475,2.2862,0.53,25.56,28.96,23.34,90.02,1.23,2.08,0.49,97.37
20010302,35.74,5.803,3.3456,2.7163,0.55,25.01,28.65,22.88,88.16,1.14,1.52,0.44,97.46
20010303,10.24,6.9634,5.8529,2.3006,0.65,25.43,28.86,22.38,86.99,1.24,1.84,0.47,97.38
20010304,7.36,4.9495,1.199,3.1771,0.47,25.61,28.13,24.12,91.26,1.38,1.87,0.5,97.35
20010305,33.36,6.5309,4.7952,2.6798,0.62,25.18,26.96,23.97,92.61,1.73,2.36,0.71,97.33
20010306,20.13,5.9102,4.3646,2.579,0.56,25.39,28.66,23.19,88.36,1.5,2.41,0.66,97.35
20010307,0.55,6.155,4.4105,3.155,0.58,25.07,27.69,23.21,89.96,1.2,1.91,0.5,97.39
20010308,1.38,4.9865,1.3445,3.2803,0.47,24.21,26.92,22.13,91.12,1.38,2.68,0.62,97.4
20010309,46.7,4.9766,1.769,3.0101,0.47,24.03,27.39,21.3,89.96,1.2,1.48,0.47,97.42
20010310,20.43,5.4024,3.1692,3.0091,0.51,23.79,26.15,21.73,93.58,1.33,2.03,0.55,97.37
20010311,5.54,5.3532,3.1622,2.514,0.51,24.13,26.87,22.15,92.66,1.59,2.62,0.64,97.24
20010312,6.68,5.1466,0.9398,3.2854,0.49,23.78,24.9,22.92,95.99,1.19,1.42,0.46,97.28
20010313,12.19,5.6438,3.697,2.6753,0.54,24.04,25.67,22.83,94.48,1.03,1.52,0.42,97.39
20010314,17.44,5.6018,2.797,3.0283,0.53,24.53,26.21,23.39,96.02,1.52,2.81,0.61,97.45
20010315,22.98,3.6662,0.175,2.7113,0.35,23.79,25.1,22.34,95.98,1.6,2.51,0.66,97.49
20010316,19.0,4.5924,0.5098,3.318,0.44,23.59,25.94,21.74,94.77,1.49,3.03,0.63,97.38
20010317,8.45,4.5113,0.3898,3.1944,0.43,24.9,28.51,22.16,88.16,1.38,2.21,0.58,97.27
20010318,4.54,5.3306,1.4179,3.5448,0.51,24.55,26.68,23.32,93.74,1.21,2.12,0.5,97.33
20010319,0.79,5.7722,3.607,2.8217,0.55,24.33,26.68,22.79,88.93,0.83,1.68,0.39,97.4
20010320,0.99,5.627,3.2525,2.6856,0.54,23.18,25.12,22.0,89.69,0.89,1.63,0.34,97.4
20010321,0.86,6.2143,4.0781,2.7012,0.6,23.75,26.58,21.54,88.41,0.89,1.31,0.37,97.25
20010322,10.56,3.0778,0.1186,2.2478,0.3,23.69,26.16,21.64,95.0,1.53,2.11,0.61,97.29
20010323,6.13,5.6537,2.9328,2.9258,0.54,22.91,25.96,20.26,91.34,1.26,1.69,0.43,97.35
20010324,2.67,5.5015,2.9568,2.6318,0.53,24.03,27.26,21.58,89.31,1.08,1.72,0.45,97.37
20010325,16.95,6.5986,5.303,2.4115,0.64,24.21,27.23,22.1,91.0,1.26,2.47,0.5,97.28
20010326,7.94,6.0295,4.2228,2.5202,0.58,24.66,27.1,23.0,92.85,0.99,1.84,0.39,97.13
20010327,13.49,4.8593,0.6696,3.2599,0.47,24.19,25.36,22.76,96.43,1.38,2.5,0.55,97.3
20010328,3.72,5.0779,1.6133,3.2273,0.49,23.87,25.5,22.97,94.08,0.84,1.19,0.41,97.38
20010329,13.8,5.1038,3.0607,2.3827,0.5,23.97,26.84,21.74,92.4,1.53,2.56,0.62,97.32
20010330,26.95,4.7978,1.1093,2.959,0.47,24.21,26.32,22.73,94.57,1.37,2.3,0.55,97.27
20010331,9.66,4.1731,0.2803,3.0828,0.41,24.21,25.42,23.37,95.72,1.07,2.27,0.42,97.38
20010401,6.56,5.3321,2.7432,2.6945,0.52,24.24,25.77,22.8,95.73,1.07,1.54,0.46,97.34
20010402,3.12,4.253,0.6624,2.8704,0.42,24.13,25.31,23.01,94.84,0.95,1.6,0.41,97.4
20010403,0.57,5.4682,2.1014,3.1469,0.54,24.06,26.62,21.83,90.57,1.07,1.45,0.49,97.37
20010404,14.0,5.7346,3.4255,2.6784,0.56,24.8,27.18,23.11,91.4,1.31,2.16,0.46,97.3
20010405,19.42,4.788,1.0133,3.1241,0.47,24.5,26.42,23.18,95.09,1.17,2.02,0.49,97.4
20010406,7.99,4.8859,1.0493,3.3821,0.48,24.51,26.03,23.39,96.91,1.73,2.97,0.66,97.46
20010407,0.71,5.9542,5.4799,1.9505,0.59,24.58,27.39,22.54,92.05,1.11,1.72,0.48,97.42
20010408,8.53,5.5882,3.3266,2.7982,0.55,25.06,27.89,23.04,91.82,1.46,2.06,0.61,97.32
20010409,16.98,5.611,3.6818,2.6479,0.56,24.31,25.15,23.67,96.88,1.63,2.42,0.67,97.41
20010410,6.2,5.2814,3.6506,2.2882,0.53,24.36,26.98,22.64,91.41,0.93,1.25,0.38,97.5
20010411,0.52,5.7149,3.785,2.5687,0.57,24.8,28.22,22.2,88.86,1.5,2.69,0.55,97.37
20010412,4.85,4.3884,1.2732,2.616,0.44,24.71,27.02,23.25,91.86,1.38,2.75,0.55,97.33
20010413,1.52,4.236,0.9571,2.5714,0.42,25.17,28.11,23.02,90.43,1.6,2.93,0.59,97.38
20010414,23.07,5.1002,1.9925,2.7922,0.51,24.26,25.7,23.26,95.48,1.48,2.03,0.71,97.56
20010415,41.32,5.2334,3.9132,2.3933,0.53,24.59,26.61,22.79,94.6,1.25,2.16,0.62,97.3
20010416,4.52,4.7227,0.8285,3.192,0.48,25.74,29.31,23.99,90.8,1.01,1.58,0.46,97.05
20010417,6.28,5.1134,2.2795,2.6738,0.52,24.37,25.49,22.96,94.63,1.18,2.64,0.49,97.23
20010418,9.72,5.574,3.5335,2.4667,0.57,23.55,26.45,21.4,90.79,0.95,1.43,0.37,97.38
20010419,8.72,4.5766,1.4333,2.8135,0.47,23.48,25.51,21.88,94.8,1.16,1.9,0.47,97.33
20010420,44.08,2.9182,1.0978,1.8103,0.3,24.59,27.33,22.45,92.7,1.09,2.03,0.44,97.31
20010421,9.34,5.7019,3.9029,2.5145,0.58,24.82,27.29,23.39,93.87,1.16,2.04,0.43,97.27
20010422,0.54,5.6827,4.2437,2.3419,0.58,24.51,26.63,22.96,90.21,0.79,1.2,0.33,97.36
20010423,2.44,5.8735,5.497,1.9555,0.6,25.03,27.12,23.6,93.56,1.19,1.98,0.48,97.33
20010424,6.19,4.9608,1.2934,3.1774,0.51,24.67,25.91,23.61,95.88,1.24,1.72,0.49,97.29
20010425,8.78,5.2651,3.0754,2.7254,0.54,24.68,26.07,23.37,96.19,1.21,1.66,0.51,97.26
20010426,2.28,5.6083,4.0997,2.5397,0.58,24.48,25.88,23.05,96.05,0.8,1.15,0.4,97.22
20010427,7.97,2.9626,0.149,2.1053,0.31,24.89,25.92,24.01,96.98,1.75,2.53,0.65,97.2
20010428,8.93,3.8808,0.9043,2.5099,0.4,24.46,25.69,23.59,97.17,1.16,1.49,0.44,97.22
20010429,20.43,4.6891,2.9722,2.3443,0.49,24.64,26.4,23.18,96.08,1.34,2.17,0.51,97.26
20010430,25.6,4.717,2.5601,2.5514,0.49,24.46,26.17,23.05,95.67,1.31,1.94,0.53,97.35
20010501,14.94,3.0979,0.2242,2.2951,0.32,24.41,25.38,23.19,97.16,1.67,2.4,0.66,97.3
20010502,35.85,5.4492,4.7232,2.1545,0.57,24.22,25.96,22.82,96.71,1.33,2.12,0.53,97.18
20010503,49.55,4.3303,1.0238,2.7017,0.46,23.88,25.75,22.49,96.06,1.11,2.1,0.51,97.33
20010504,17.75,4.5475,1.235,2.8253,0.48,24.78,27.75,22.22,89.43,1.4,2.41,0.59,97.35
20010505,5.8,5.5248,4.5374,2.2603,0.59,24.45,25.7,23.6,96.04,1.2,1.74,0.49,97.33
20010506,20.78,5.3563,4.2362,2.2248,0.57,24.24,25.04,23.47,96.38,0.97,1.45,0.42,97.39
20010507,57.32,4.8254,3.7517,1.8778,0.51,24.05,24.82,23.53,97.33,1.47,2.42,0.59,97.35
20010508,59.33,5.4456,4.559,2.269,0.58,23.42,24.32,22.64,96.83,1.1,2.0,0.47,97.34
20010509,48.99,4.7086,2.3894,2.4154,0.5,23.56,25.14,22.37,94.69,1.06,1.63,0.46,97.36
20010510,41.7,4.3207,2.2594,2.4818,0.46,23.31,24.81,22.18,95.71,1.13,1.63,0.51,97.45
20010511,14.65,5.1694,3.9929,2.215,0.56,23.19,24.7,22.28,96.61,0.96,1.75,0.45,97.47
20010512,6.77,4.6606,1.5216,3.1133,0.5,23.76,25.95,22.14,94.37,1.15,1.91,0.53,97.47
20010513,0.06,5.7266,4.8552,2.2694,0.62,24.23,25.92,22.76,93.24,1.46,2.0,0.62,97.5
20010514,0.08,5.5742,4.1395,2.5776,0.6,24.69,27.32,23.02,89.58,1.4,1.75,0.55,97.58
20010515,0.04,4.3812,2.5706,2.225,0.48,23.37,25.88,21.74,91.18,1.08,1.47,0.44,97.75
20010516,1.7,5.0033,4.3759,2.0474,0.55,23.99,27.24,21.33,89.12,1.2,1.8,0.5,97.67
20010517,3.65,3.3307,1.2701,1.9524,0.36,23.29,24.38,22.3,95.38,1.05,1.56,0.45,97.67
20010518,4.23,4.8982,4.6349,1.8432,0.54,23.89,26.83,21.77,92.48,1.51,2.4,0.64,97.62
20010519,36.39,4.308,3.0386,2.1005,0.47,23.46,25.35,22.33,95.03,1.33,1.99,0.55,97.55
20010520,40.6,3.3002,1.0982,2.172,0.36,23.26,24.5,22.16,96.15,1.06,1.43,0.5,97.45
20010521,37.32,1.7611,0.1418,1.3483,0.19,24.01,26.0,22.82,92.22,1.24,2.28,0.57,97.44
20010522,9.45,4.7714,2.0249,2.7439,0.53,23.39,25.05,22.65,95.68,1.02,1.9,0.47,97.54
20010523,9.1,4.6387,3.4202,2.2106,0.51,23.8,26.2,22.23,93.5,1.18,1.98,0.51,97.5
20010524,5.94,4.9202,3.5489,2.3837,0.55,23.85,25.96,22.85,94.68,1.54,2.37,0.64,97.44
20010525,21.86,3.9408,2.5781,1.9891,0.44,23.32,25.02,22.37,94.87,1.42,1.99,0.59,97.5
20010526,29.2,5.1298,3.8078,2.3354,0.57,23.09,24.5,22.3,94.84,1.3,2.13,0.6,97.6
20010527,10.84,4.4374,2.3405,2.5061,0.5,23.21,25.61,21.56,94.55,1.3,1.92,0.56,97.54
20010528,5.59,5.1468,4.0414,2.1494,0.58,23.58,24.97,22.69,94.25,1.11,1.86,0.5,97.46
20010529,12.81,3.773,1.8744,2.3544,0.42,23.69,24.88,22.63,97.06,1.23,2.09,0.56,97.37
20010530,4.0,4.2936,2.2368,2.2769,0.48,23.59,24.92,22.71,96.55,0.87,1.28,0.35,97.35
20010531,1.1,3.2539,0.5326,2.305,0.37,23.8,25.19,22.8,96.39,1.36,1.79,0.58,97.33
20010601,0.44,3.9451,0.5047,2.8118,0.44,23.8,24.81,23.01,94.69,1.33,1.85,0.53,97.42
20010602,2.38,4.9159,3.1778,2.3573,0.55,24.61,27.4,22.67,91.83,1.48,2.52,0.63,97.45
20010603,11.86,1.9265,0.1994,1.501,0.22,24.22,26.58,22.99,94.29,1.38,2.57,0.62,97.43
20010604,47.92,5.2284,4.4354,2.0777,0.59,24.05,26.4,22.8,94.67,1.51,2.78,0.64,97.33
20010605,13.56,5.1377,4.3822,2.0549,0.58,24.05,26.08,22.89,95.33,1.01,1.73,0.44,97.31
20010606,4.3,2.7689,0.5942,1.8898,0.31,24.25,26.58,23.07,93.72,1.47,2.2,0.6,97.32
20010607,16.71,4.3171,1.8326,2.3738,0.49,24.1,26.25,23.04,95.36,1.37,2.17,0.55,97.26
20010608,15.56,3.6038,1.1974,2.2078,0.41,24.03,25.15,23.36,97.24,1.37,1.78,0.51,97.23
20010609,12.24,4.9944,4.2305,2.1893,0.57,24.3,26.08,23.3,96.56,1.08,1.65,0.38,97.24
20010610,16.47,3.7442,1.6414,2.1655,0.43,24.42,26.9,22.86,94.07,1.35,2.11,0.56,97.34
20010611,5.85,4.7438,3.2004,2.2634,0.54,24.0,25.6,22.9,95.32,1.47,2.08,0.58,97.44
20010612,5.13,4.5278,2.0407,2.6904,0.52,24.07,25.92,23.14,94.93,1.63,2.32,0.69,97.52
20010613,7.81,4.2274,2.9772,1.9882,0.48,24.11,26.49,22.75,94.94,1.48,2.21,0.59,97.52
20010614,3.37,5.2774,4.0658,2.3071,0.6,23.46,24.49,22.34,96.13,1.42,2.16,0.59,97.49
20010615,2.02,3.9811,2.142,2.1787,0.46,23.12,24.39,22.28,95.15,1.25,1.68,0.54,97.38
20010616,13.96,3.6965,2.4912,2.0407,0.42,22.98,24.61,22.24,95.61,1.36,1.99,0.56,97.36
20010617,17.96,4.4892,3.4922,2.1302,0.51,22.59,23.65,21.88,96.94,1.18,1.89,0.51,97.38
20010618,3.14,3.8143,3.845,1.7537,0.44,22.72,23.78,21.91,96.11,1.21,1.75,0.5,97.37
20010619,11.96,4.3418,3.0043,2.1048,0.5,23.96,26.45,22.2,93.69,1.33,2.04,0.61,97.23
20010620,57.6,2.832,0.569,1.8478,0.32,23.56,24.32,23.05,96.45,1.37,2.51,0.58,97.23
20010621,36.88,3.7154,0.9662,2.6117,0.43,24.15,26.94,22.64,94.45,1.24,2.36,0.54,97.27
20010622,19.58,3.4735,1.8089,2.0748,0.4,23.65,25.37,22.65,95.25,2.12,3.2,0.86,97.45
20010623,9.6,4.5799,3.3355,2.2294,0.53,23.48,24.74,22.73,96.52,1.56,2.57,0.63,97.53
20010624,12.81,3.6914,1.1621,2.4158,0.42,23.31,24.06,22.78,97.58,1.31,1.64,0.52,97.53
20010625,41.72,3.5983,0.9235,2.3436,0.41,23.47,25.65,22.68,96.05,1.2,1.67,0.47,97.42
20010626,31.41,3.5028,0.8729,2.4434,0.4,22.89,24.48,21.81,95.97,1.22,1.64,0.52,97.38
20010627,31.4,3.7344,2.7682,1.8377,0.43,22.97,24.73,21.64,95.98,1.49,2.45,0.62,97.41
20010628,13.96,3.779,0.9257,2.6707,0.43,23.4,26.12,22.0,93.41,1.35,2.06,0.57,97.46
20010629,21.83,3.0919,1.3099,2.0182,0.35,23.27,25.91,21.77,92.75,1.54,2.83,0.64,97.49
20010630,10.84,3.702,3.1567,1.891,0.42,22.25,24.53,20.35,92.9,1.51,2.57,0.61,97.51
20010701,0.19,5.3407,4.1806,2.5147,0.61,22.35,25.63,20.16,90.56,1.49,2.38,0.65,97.49
20010702,0.34,4.8094,3.0264,2.2759,0.55,23.03,26.64,20.76,88.81,1.25,1.95,0.61,97.44
20010703,2.13,4.7179,4.2991,1.9735,0.54,23.21,26.47,20.88,91.15,1.33,1.99,0.59,97.39
20010704,32.92,3.4618,2.3009,2.1194,0.39,23.1,25.23,22.01,92.73,1.02,1.89,0.45,97.35
20010705,6.22,5.1902,4.0992,2.1737,0.59,23.09,25.67,21.23,92.63,1.3,2.38,0.5,97.5
20010706,0.8,5.6765,5.7715,1.897,0.65,23.12,26.2,21.34,90.51,1.53,2.16,0.65,97.69
20010707,0.02,4.3786,3.5256,2.0786,0.5,22.88,26.0,20.24,88.72,1.26,1.99,0.56,97.58
20010708,0.02,5.8296,5.7883,1.9421,0.66,23.1,25.92,21.16,89.5,1.45,2.52,0.67,97.59
20010709,5.43,3.5918,1.7849,2.2538,0.41,21.97,23.84,20.75,92.92,1.04,1.77,0.42,97.74
20010710,15.81,3.2302,2.0273,1.8504,0.37,21.96,24.33,20.9,92.96,1.32,1.95,0.57,97.77
20010711,18.3,3.4162,2.1926,1.716,0.39,22.32,24.28,21.32,92.91,0.94,1.78,0.4,97.69
20010712,13.12,4.307,3.6341,2.0126,0.49,22.95,25.9,21.18,92.26,1.26,2.08,0.51,97.62
20010713,1.87,3.5294,2.0112,2.0028,0.4,22.42,24.1,21.45,94.29,1.11,1.73,0.48,97.66
20010714,2.6,3.0029,0.4802,2.263,0.34,22.68,24.89,21.3,93.59,1.14,1.82,0.48,97.72
20010715,15.8,4.434,2.4595,2.4142,0.5,23.61,26.26,21.7,93.95,1.38,2.47,0.53,97.69
20010716,8.19,5.6309,5.0923,2.0642,0.63,23.2,24.58,22.4,95.74,1.7,2.25,0.63,97.69
20010717,19.27,4.6301,4.1304,1.873,0.52,23.3,25.79,22.09,93.8,1.32,2.05,0.54,97.57
20010718,33.19,3.7414,1.2895,2.2766,0.42,22.64,23.88,21.84,96.23,0.99,1.49,0.39,97.51
20010719,15.33,3.7373,1.5377,2.2238,0.42,22.34,23.59,21.48,95.34,1.02,1.19,0.42,97.49
20010720,8.99,4.0572,2.0208,2.2123,0.45,22.63,25.15,21.3,94.1,1.24,2.29,0.53,97.5
20010721,18.13,3.2194,0.8702,2.1468,0.36,22.29,23.51,21.32,96.65,1.37,2.27,0.56,97.43
20010722,6.89,3.6432,1.5907,2.1931,0.41,22.56,24.86,21.15,94.92,1.29,2.34,0.5,97.43
20010723,2.31,3.3967,0.7841,2.2272,0.38,21.96,23.24,20.93,95.55,1.4,2.01,0.59,97.46
20010724,0.37,3.9204,1.8043,2.221,0.43,22.24,24.3,20.86,93.14,1.27,1.76,0.58,97.44
20010725,0.07,3.2808,1.02,2.1816,0.36,22.68,24.62,21.3,92.04,1.24,2.36,0.55,97.52
20010726,0.02,3.2928,0.9948,2.1871,0.36,22.81,25.02,21.46,92.33,1.37,2.12,0.57,97.5
20010727,0.03,2.0393,0.3192,1.4774,0.22,22.89,25.21,21.32,92.23,1.71,2.9,0.69,97.5
20010728,0.2,2.9575,0.4097,2.053,0.32,22.63,24.77,21.01,92.71,1.03,2.21,0.42,97.58
20010729,41.66,4.4462,2.6314,2.2241,0.49,22.86,25.2,21.56,93.65,1.51,2.52,0.64,97.57
20010730,23.62,2.886,0.6451,1.9716,0.32,22.2,24.54,20.55,91.62,1.2,2.38,0.55,97.67
20010731,4.25,2.7605,0.6842,1.8941,0.3,21.48,23.6,20.38,93.81,1.24,2.11,0.55,97.56
20010801,5.54,3.0619,0.5222,2.2265,0.33,21.18,23.09,20.2,93.98,1.36,2.36,0.62,97.49
20010802,3.39,3.4049,1.4767,2.0686,0.37,21.65,24.26,19.94,92.82,1.46,2.46,0.67,97.36
20010803,1.76,3.6958,1.2761,2.2462,0.4,21.95,24.62,20.34,92.44,1.17,2.33,0.54,97.52
20010804,12.69,4.0354,1.7558,2.575,0.44,22.94,25.86,20.91,91.72,1.3,2.43,0.52,97.6
20010805,25.33,2.5114,0.24,1.8797,0.27,22.83,25.55,21.47,94.38,1.61,3.04,0.67,97.66
20010806,19.37,4.1762,2.5373,2.2032,0.45,22.91,25.75,21.5,94.17,1.47,2.39,0.6,97.49
20010807,22.83,3.091,0.689,2.0378,0.33,22.34,23.73,21.55,96.13,0.99,1.58,0.38,97.54
20010808,8.42,3.9012,0.7793,2.6405,0.42,22.52,25.26,21.14,93.84,1.44,2.69,0.65,97.62
20010809,6.2,3.5071,0.7774,2.2526,0.37,22.2,25.39,20.72,92.3,1.4,2.46,0.64,97.65
20010810,1.77,4.765,2.6815,2.2102,0.51,22.5,25.81,19.85,91.57,1.44,2.36,0.6,97.58
20010811,6.87,4.398,2.1355,2.389,0.47,23.38,25.85,21.66,94.78,0.93,1.46,0.39,97.42
20010812,26.05,1.9354,0.048,1.4954,0.21,22.82,23.94,21.81,96.45,1.18,1.59,0.46,97.43
20010813,15.68,2.5085,0.1579,1.788,0.27,22.71,25.07,21.63,94.91,1.37,2.33,0.56,97.52
20010814,8.89,3.0617,0.3533,2.1744,0.32,22.12,23.86,21.19,95.0,1.28,1.96,0.56,97.67
20010815,3.27,3.161,0.2206,2.3119,0.33,21.64,23.83,20.6,94.02,1.58,2.61,0.68,97.65
20010816,2.18,3.799,0.7416,2.6004,0.4,20.96,22.92,19.83,91.78,1.35,2.4,0.59,97.65
20010817,0.63,4.013,3.0689,1.7916,0.42,21.61,24.38,19.61,91.09,1.19,2.31,0.52,97.52
20010818,2.35,3.6,1.747,2.195,0.38,22.16,24.91,20.54,91.6,1.14,2.41,0.43,97.53
20010819,2.4,4.4422,2.2205,2.4089,0.46,23.11,25.96,20.84,87.69,1.14,2.32,0.49,97.6
20010820,3.4,4.4998,3.2446,2.1833,0.47,23.5,26.7,21.63,88.03,1.07,2.23,0.49,97.68
20010821,1.89,3.5945,2.6813,1.9162,0.37,22.97,25.98,21.31,90.04,0.97,1.85,0.47,97.68
20010822,1.61,2.8774,2.3686,1.4971,0.3,22.6,25.67,21.02,90.74,1.2,2.49,0.55,97.59
20010823,2.24,3.8774,1.1597,2.573,0.4,21.94,23.94,20.86,94.29,1.33,2.45,0.53,97.53
20010824,0.73,4.8281,3.7411,2.0167,0.5,22.89,25.38,20.83,90.51,0.95,1.62,0.41,97.54
20010825,0.31,4.8739,3.4906,2.1233,0.5,23.79,26.68,21.74,88.86,1.13,2.22,0.41,97.58
20010826,1.53,3.7272,2.1766,2.1533,0.38,23.71,27.52,21.35,87.1,0.94,1.54,0.33,97.59
20010827,5.59,2.8951,1.1201,1.6594,0.3,23.58,27.43,20.77,91.33,1.19,2.38,0.4,97.47
20010828,6.54,2.5164,1.8163,1.3634,0.26,22.97,24.65,21.89,94.61,1.24,2.14,0.51,97.51
20010829,10.94,2.2906,1.1947,1.513,0.23,23.14,26.33,21.66,91.59,1.22,2.54,0.54,97.62
20010830,1.35,4.265,2.4134,2.1751,0.43,23.41,26.44,21.59,91.66,1.34,2.26,0.55,97.44
20010831,0.03,5.6273,3.5254,2.5639,0.57,22.95,25.09,21.48,92.78,1.43,2.64,0.57,97.5
20010901,0.07,5.6059,3.0348,2.789,0.57,23.69,27.27,21.26,88.89,0.93,1.7,0.39,97.53
20010902,0.18,5.7254,4.3207,2.3033,0.58,24.3,27.74,21.87,88.6,1.21,2.28,0.49,97.49
20010903,18.09,3.607,1.5269,2.2428,0.36,24.24,27.03,22.69,90.79,1.21,2.44,0.5,97.57
20010904,22.25,3.0624,0.4862,2.0326,0.31,24.39,27.92,22.45,91.74,1.57,3.0,0.66,97.52
20010905,4.49,4.1842,1.5996,2.3825,0.42,23.42,25.53,21.89,94.6,1.41,2.77,0.6,97.59
20010906,18.35,5.3321,3.2851,2.5128,0.53,23.56,27.04,21.66,91.85,1.12,1.94,0.46,97.63
20010907,55.57,4.6123,2.6268,2.3028,0.46,23.82,26.68,22.19,93.41,1.37,2.36,0.55,97.61
20010908,41.02,2.6561,0.3888,1.8859,0.26,23.79,26.49,22.61,94.01,1.46,2.43,0.61,97.55
20010909,1.23,6.2038,5.0844,2.2322,0.62,23.59,25.51,22.37,94.49,1.54,2.54,0.61,97.54
20010910,42.91,3.361,0.7841,1.997,0.33,22.73,23.91,21.73,96.7,1.08,2.06,0.45,97.55
20010911,11.41,5.6654,4.074,2.2584,0.56,23.1,25.69,21.64,94.18,1.3,2.64,0.52,97.58
20010912,22.98,5.039,2.321,2.5435,0.5,23.18,25.44,21.94,94.04,1.32,2.24,0.56,97.55
20010913,5.25,4.9147,2.5735,2.3981,0.49,23.58,26.15,21.84,93.51,1.24,2.03,0.44,97.5
20010914,10.44,4.2461,1.5638,2.3878,0.42,24.22,27.13,22.57,92.68,1.16,2.08,0.48,97.48
20010915,2.16,5.7804,4.3193,2.6971,0.57,23.86,26.05,22.61,94.83,1.21,1.75,0.48,97.49
20010916,0.82,5.5483,3.3478,2.6458,0.54,23.62,25.86,22.16,93.24,1.05,1.35,0.47,97.56
20010917,1.06,5.6033,3.6185,2.5567,0.55,23.52,26.29,21.76,92.15,1.36,2.15,0.57,97.5
20010918,3.59,3.6473,0.6478,2.5042,0.36,23.44,25.78,22.34,93.26,1.33,2.09,0.53,97.46
20010919,12.02,4.8041,2.2034,2.479,0.47,23.32,25.2,21.92,95.81,1.59,2.78,0.62,97.44
20010920,7.36,4.5761,1.4712,2.7197,0.45,23.7,25.56,22.61,95.01,1.51,2.3,0.57,97.36
20010921,16.49,5.9126,3.8441,3.0223,0.58,23.68,25.85,22.15,93.99,1.28,2.22,0.51,97.43
20010922,10.54,5.7958,3.5386,2.6858,0.56,23.28,25.48,21.74,93.14,0.83,1.5,0.33,97.44
20010923,38.06,3.9156,0.8815,2.4475,0.38,23.11,26.04,20.88,92.77,1.08,1.77,0.39,97.43
20010924,34.8,4.7784,1.4546,2.8421,0.46,23.13,25.0,21.97,95.78,1.09,2.15,0.43,97.43
20010925,1.55,4.9795,3.5815,2.2466,0.48,23.6,26.65,21.86,93.51,1.31,2.5,0.55,97.37
20010926,11.9,4.3034,2.3866,2.171,0.42,23.46,25.07,22.44,94.63,0.99,1.8,0.39,97.33
20010927,8.4,4.4582,0.8861,2.9585,0.43,23.75,25.81,22.47,93.55,0.74,1.24,0.34,97.35
20010928,3.03,5.8142,3.8177,2.544,0.56,23.67,26.08,22.47,94.39,0.8,1.38,0.38,97.38
20010929,24.38,4.2552,1.2677,2.6441,0.41,23.58,24.95,22.5,96.43,1.28,2.05,0.5,97.34
20010930,15.48,3.295,0.2021,2.3976,0.32,23.67,25.73,22.26,94.41,1.54,2.67,0.59,97.4
20011001,7.24,5.8678,3.7966,2.6506,0.56,24.0,26.88,22.11,91.77,1.36,2.62,0.53,97.44
20011002,9.16,4.8629,1.8468,2.9249,0.47,23.01,25.01,21.54,94.73,0.96,1.34,0.35,97.42
20011003,3.25,5.4984,3.3982,2.6693,0.53,22.9,24.16,21.72,93.77,1.06,2.51,0.44,97.49
20011004,24.15,4.6656,1.8511,2.5709,0.45,23.6,26.24,21.28,90.32,1.21,1.9,0.46,97.39
20011005,43.81,2.4278,0.2474,1.7395,0.23,23.26,25.35,22.07,94.51,1.32,2.04,0.55,97.46
20011006,1.92,4.4479,0.6113,2.9914,0.43,23.93,26.93,21.9,92.21,1.36,2.26,0.56,97.45
20011007,16.19,4.3399,2.19,2.1799,0.41,23.54,26.29,22.11,91.83,1.33,2.14,0.53,97.45
20011008,7.96,5.0942,1.4362,3.0648,0.49,23.17,25.69,20.97,92.34,1.18,2.01,0.45,97.5
20011009,4.74,5.6585,4.5374,2.0477,0.54,23.44,25.97,21.7,91.78,1.45,2.49,0.6,97.45
20011010,11.84,2.892,0.5287,2.1079,0.28,23.39,26.16,21.39,92.37,1.19,1.97,0.51,97.58
20011011,5.48,5.3364,1.4131,3.3617,0.51,23.57,26.72,21.35,90.97,1.01,1.61,0.42,97.6
20011012,6.24,4.5055,0.7735,3.0305,0.43,23.64,26.17,21.65,93.16,1.11,1.62,0.46,97.47
20011013,5.98,4.4731,1.5221,2.7631,0.43,24.49,27.98,22.72,91.45,1.03,1.92,0.43,97.4
20011014,55.71,5.0172,2.2627,2.753,0.48,24.35,26.48,22.76,93.2,1.06,1.51,0.38,97.45
20011015,38.29,5.4024,3.377,2.4715,0.51,24.45,26.57,22.85,93.97,1.49,2.5,0.53,97.52
20011016,19.29,5.4814,2.6909,2.7334,0.52,24.04,26.04,22.68,92.18,0.93,1.79,0.43,97.48
20011017,0.0,7.1633,6.432,2.1024,0.68,25.14,28.91,22.48,86.18,1.09,2.11,0.43,97.39
20011018,15.19,6.6718,5.5433,2.4708,0.63,24.95,28.49,21.48,86.55,1.41,2.35,0.57,97.48
20011019,15.15,6.433,4.9934,2.4002,0.61,24.19,26.11,22.36,92.18,0.96,1.65,0.5,97.5
20011020,1.91,4.5523,1.7866,2.6443,0.43,24.59,27.74,22.24,88.11,1.22,1.78,0.45,97.34
20011021,8.95,5.19,2.9474,2.4989,0.49,24.87,27.75,23.18,89.74,1.37,2.58,0.56,97.29
20011022,0.58,6.4459,4.3865,2.8327,0.61,24.77,27.82,22.66,89.87,1.75,3.31,0.72,97.31
20011023,0.03,5.8109,3.7836,2.5298,0.55,25.44,28.54,22.96,89.82,1.65,2.75,0.63,97.35
20011024,2.72,6.1906,3.5107,2.8042,0.59,25.6,28.84,23.66,89.71,1.69,2.49,0.66,97.26
20011025,0.61,6.2479,4.7666,2.2692,0.59,25.52,29.58,22.72,87.62,1.47,2.48,0.61,97.21
20011026,34.68,5.3366,2.8445,2.6338,0.51,25.69,29.22,22.77,89.88,1.39,1.99,0.53,97.27
20011027,23.11,3.0588,0.1783,2.2836,0.29,24.89,26.16,23.93,94.95,1.25,1.62,0.45,97.4
20011028,15.86,3.0919,0.3905,2.2042,0.29,24.1,24.89,23.06,96.23,1.5,2.52,0.56,97.44
20011029,5.82,4.5286,1.3562,2.7458,0.43,24.7,28.02,22.52,92.8,1.24,2.46,0.47,97.46
20011030,12.55,4.8792,0.8741,3.0734,0.46,24.87,26.53,23.64,95.5,1.18,2.1,0.49,97.47
20011031,29.91,4.6238,1.5504,2.7374,0.44,24.26,25.79,23.34,96.69,1.34,1.83,0.54,97.47
20011101,24.97,3.3888,1.1069,2.2034,0.32,24.67,27.2,23.27,94.07,1.67,2.69,0.64,97.47
20011102,5.85,5.832,4.0891,2.3904,0.55,23.82,25.43,22.71,95.72,1.41,2.53,0.58,97.43
20011103,19.01,2.2891,0.2623,1.68,0.22,23.44,25.23,21.84,96.39,1.23,2.24,0.48,97.37
20011104,9.76,6.4942,5.1706,2.3129,0.62,24.06,26.25,22.65,93.01,1.1,1.91,0.46,97.37
20011105,9.01,5.5944,4.1698,2.2805,0.53,24.36,27.36,22.34,91.44,0.96,1.38,0.4,97.34
20011106,11.87,4.0174,0.6893,2.6369,0.38,24.16,25.39,23.43,95.35,1.29,2.31,0.53,97.19
20011107,2.64,4.1544,0.9451,2.6866,0.4,24.27,26.05,23.06,95.66,1.39,2.33,0.55,97.11
20011108,4.61,4.8046,0.7802,3.3115,0.46,23.85,25.21,22.7,95.97,1.17,2.61,0.46,97.16
20011109,6.2,6.1229,4.337,2.975,0.58,24.51,27.26,22.32,91.47,1.35,2.33,0.54,97.27
20011110,47.18,5.6491,4.0651,2.3136,0.54,24.43,25.71,23.37,96.58,1.52,2.51,0.65,97.35
20011111,3.12,6.4402,6.3708,1.6606,0.61,25.33,28.73,22.94,87.19,1.3,2.35,0.5,97.39
20011112,0.14,4.9546,2.1698,2.5901,0.47,24.72,28.05,21.74,86.12,1.41,1.96,0.51,97.44
20011113,0.06,6.2213,5.5272,1.9186,0.59,24.68,25.73,23.72,94.8,1.71,2.41,0.62,97.46
20011114,3.91,6.4682,5.7074,1.9505,0.62,24.86,25.91,23.96,95.02,1.32,1.61,0.47,97.35
20011115,8.4,5.4262,3.2052,2.783,0.52,25.02,26.35,24.14,94.56,1.35,2.05,0.54,97.38
20011116,5.08,6.6792,6.0238,2.2222,0.64,24.98,27.22,23.33,92.33,1.23,2.23,0.52,97.35
20011117,8.09,5.4194,2.6657,2.8867,0.52,25.1,28.56,22.4,85.94,1.21,1.93,0.46,97.28
20011118,34.17,2.3491,0.1234,1.7033,0.22,24.48,27.59,22.01,90.83,0.98,1.39,0.36,97.17
20011119,0.35,3.5858,0.3893,2.4077,0.34,24.08,26.52,22.45,91.85,1.7,2.18,0.63,97.08
20011120,1.45,6.3934,4.68,2.4684,0.61,24.77,27.76,22.79,89.27,1.42,2.11,0.53,97.15
20011121,21.05,5.5291,2.6537,2.8901,0.53,24.55,26.99,22.76,93.7,1.31,2.5,0.57,97.19
20011122,31.55,3.1018,0.6439,2.0518,0.3,24.75,27.29,23.1,92.89,0.81,1.4,0.36,97.21
20011123,48.23,5.1886,3.0053,2.5411,0.5,23.81,25.25,23.07,95.98,1.14,1.88,0.47,97.18
20011124,22.57,4.9471,3.2851,2.1521,0.47,24.7,27.21,22.65,92.26,1.31,2.12,0.49,97.19
20011125,1.5,3.9758,0.707,2.6098,0.38,24.73,27.15,22.87,92.19,1.09,1.81,0.38,97.36
20011126,0.02,5.8985,5.2366,2.0237,0.57,25.22,27.58,23.91,89.68,1.08,1.94,0.44,97.46
20011127,0.28,6.2302,4.4796,2.803,0.6,24.93,26.81,23.33,92.14,1.15,1.94,0.44,97.4
20011128,0.31,3.3888,0.3593,2.3354,0.33,24.34,26.58,22.71,89.69,1.17,1.65,0.42,97.39
20011129,0.09,6.0646,4.4431,2.4048,0.58,24.82,27.57,22.72,90.97,1.25,2.15,0.53,97.21
20011130,2.21,4.6121,1.5418,2.6734,0.44,24.69,26.75,23.66,92.58,1.53,2.72,0.59,97.22
20011201,0.87,5.5195,2.4218,3.0461,0.53,24.54,26.78,23.18,92.94,1.44,2.37,0.58,97.21
20011202,0.74,3.6062,0.2611,2.4319,0.35,24.13,25.86,22.8,93.97,1.39,1.95,0.58,97.25
20011203,5.7,4.7196,2.5123,2.4511,0.45,23.97,27.19,21.54,91.16,1.26,2.61,0.47,97.2
20011204,2.05,3.8086,0.3444,2.6117,0.37,23.84,25.56,22.78,93.76,1.31,1.97,0.49,97.13
20011205,31.42,4.6812,1.5,2.8186,0.45,23.97,26.71,22.6,92.98,1.41,2.46,0.57,97.09
20011206,41.2,4.6946,1.481,2.7698,0.45,24.54,26.23,22.77,93.55,1.2,1.97,0.56,97.07
20011207,7.1,4.271,0.679,2.8042,0.41,25.11,27.91,23.39,90.2,1.05,1.81,0.56,97.11
20011208,13.54,4.823,1.991,2.7936,0.46,24.72,26.4,23.45,91.25,1.02,1.84,0.46,97.28
20011209,6.3,4.4938,1.2622,2.8006,0.43,24.21,27.29,22.62,92.43,0.9,1.66,0.39,97.39
20011210,1.45,4.9538,1.8924,2.8918,0.48,24.14,27.44,21.4,89.6,1.36,2.7,0.62,97.42
20011211,0.04,5.7067,3.5748,2.712,0.55,24.21,27.56,21.74,88.96,1.24,2.04,0.49,97.43
20011212,0.59,5.1372,1.6534,3.035,0.5,24.07,26.92,21.71,90.16,1.05,1.72,0.42,97.43
20011213,16.11,4.1251,1.399,2.5142,0.4,24.33,25.99,23.14,95.55,1.39,1.87,0.62,97.42
20011214,11.36,5.1288,2.4456,2.7178,0.49,24.73,26.96,23.49,91.35,0.87,1.93,0.43,97.56
20011215,39.46,5.7274,4.3342,2.3256,0.55,25.21,27.69,23.65,89.57,1.33,2.28,0.56,97.49
20011216,5.14,5.2879,2.8771,2.7307,0.51,24.5,26.5,23.43,92.84,0.74,1.24,0.38,97.5
20011217,0.0,6.1442,4.6138,2.5951,0.59,24.85,27.45,23.12,90.33,0.77,1.9,0.4,97.46
20011218,0.24,5.7065,2.8814,3.0154,0.55,24.72,27.83,22.61,89.39,0.88,1.58,0.42,97.53
20011219,1.32,5.8394,3.8112,2.6801,0.56,24.27,27.53,21.78,88.33,1.29,2.03,0.54,97.5
20011220,0.12,5.4336,3.1694,2.8111,0.52,24.15,27.5,21.3,89.01,1.42,2.53,0.63,97.44
20011221,0.07,6.048,4.355,2.6772,0.58,23.89,26.75,21.6,90.86,0.97,1.81,0.43,97.48
20011222,0.02,6.0521,4.6387,2.5471,0.58,24.79,28.6,21.52,86.11,1.27,2.51,0.5,97.39
20011223,0.02,6.0487,5.0722,2.6374,0.58,24.91,27.63,22.68,90.46,1.4,2.34,0.61,97.36
20011224,9.41,5.7461,3.9535,2.5675,0.55,24.73,26.97,23.27,93.16,1.44,2.56,0.6,97.45
20011225,2.53,4.9039,2.2493,2.8008,0.47,24.71,27.57,22.68,92.16,0.95,1.9,0.39,97.48
20011226,1.64,4.1364,1.7062,2.6266,0.4,24.74,26.98,22.88,92.08,1.15,2.07,0.57,97.56
20011227,0.3,5.3652,1.4717,3.4082,0.52,24.63,28.37,21.87,87.45,1.32,2.2,0.55,97.62
20011228,3.39,4.1482,0.4294,2.9801,0.4,24.07,26.96,22.18,90.48,1.65,3.05,0.73,97.55
20011229,14.68,5.1914,1.6932,3.3317,0.5,24.17,27.1,21.73,89.76,1.38,2.05,0.59,97.52
20011230,8.11,5.6431,3.4255,2.8807,0.54,24.32,26.93,22.26,92.73,1.44,2.45,0.61,97.32
20011231,1.36,5.4905,2.7485,2.9287,0.53,25.31,27.32,23.61,88.15,1.32,2.37,0.66,97.24
20020101,10.61,5.5802,3.5196,2.7302,0.54,25.41,27.79,23.18,88.46,1.06,2.09,0.49,97.22
20020102,2.66,5.6803,4.5209,2.4473,0.55,24.77,27.63,22.32,90.79,1.23,1.96,0.58,97.29
20020103,1.49,5.9909,4.8902,2.2994,0.58,25.4,28.94,22.7,88.06,1.37,2.62,0.62,97.27
20020104,5.73,5.5426,3.9449,2.5606,0.53,25.3,28.24,22.67,88.61,0.82,1.92,0.44,97.29
20020105,16.37,4.7198,1.2454,2.8726,0.45,25.11,28.09,22.08,89.04,0.99,1.89,0.43,97.25
20020106,1.84,6.013,3.9998,2.8649,0.58,25.26,28.26,23.07,89.11,1.22,2.16,0.48,97.33
20020107,7.36,5.243,2.7211,2.5925,0.5,24.88,26.58,23.65,94.63,1.34,2.0,0.65,97.42
20020108,8.38,5.093,3.737,2.1816,0.49,25.1,27.54,23.66,92.03,1.37,2.26,0.69,97.34
20020109,25.01,5.8188,3.565,2.7074,0.56,24.29,25.92,23.17,95.05,1.03,2.16,0.47,97.47
20020110,14.27,4.4117,1.0855,2.6832,0.42,24.49,26.43,22.76,94.29,1.31,2.56,0.63,97.47
20020111,5.21,6.3586,5.0546,2.3148,0.61,24.3,27.74,21.94,88.39,1.28,2.08,0.51,97.4
20020112,12.25,6.0346,4.3272,2.5289,0.58,24.56,25.89,22.89,94.68,1.11,1.6,0.52,97.32
20020113,4.94,5.6508,3.5023,2.7396,0.54,24.66,26.14,23.73,95.26,1.36,1.61,0.51,97.31
20020114,6.44,4.5785,1.673,2.701,0.44,24.27,25.66,23.04,95.97,1.01,1.35,0.4,97.37
20020115,0.28,5.8406,3.8287,2.6234,0.56,23.5,26.95,20.34,86.79,1.52,2.42,0.55,97.41
20020116,25.93,6.3154,5.2908,2.322,0.6,25.04,28.06,23.0,86.65,1.25,2.42,0.52,97.32
20020117,51.89,5.8586,3.4903,3.0202,0.56,24.83,28.24,22.24,90.26,1.24,2.19,0.47,97.27
20020118,16.74,5.82,3.4121,2.9784,0.55,24.37,25.61,23.41,96.26,1.44,2.15,0.61,97.34
20020119,0.86,5.863,3.5602,2.7362,0.56,24.17,25.94,23.02,93.49,1.2,2.06,0.47,97.36
20020120,8.66,5.7535,3.312,3.0725,0.55,24.31,27.09,22.68,91.95,1.26,2.06,0.49,97.31
20020121,13.1,5.6599,3.443,2.7535,0.54,23.83,25.75,22.55,94.61,1.2,2.0,0.47,97.26
20020122,3.49,5.5214,2.7756,2.951,0.52,23.63,25.66,22.09,92.37,1.05,1.7,0.41,97.31
20020123,11.26,6.187,5.5188,2.0774,0.59,24.62,28.0,22.06,90.16,1.3,2.62,0.56,97.28
20020124,4.61,2.7859,0.6314,1.8802,0.26,24.3,25.77,23.06,96.4,1.72,3.18,0.71,97.31
20020125,2.4,2.8951,0.3233,2.0333,0.27,24.01,25.92,22.14,92.43,1.18,1.69,0.48,97.37
20020126,2.02,5.4077,2.5241,3.0931,0.51,25.11,28.28,22.22,87.11,1.38,2.7,0.57,97.24
20020127,14.76,4.9164,3.4565,2.0702,0.46,24.32,25.99,22.52,95.32,1.43,2.0,0.58,97.34
20020128,6.62,5.604,3.6221,2.5123,0.53,24.73,28.39,21.75,87.18,1.25,1.97,0.52,97.34
20020129,1.41,6.2647,5.0333,2.3981,0.59,25.36,28.06,23.6,91.06,1.32,2.13,0.59,97.34
20020130,4.74,5.6981,3.3583,2.5361,0.54,24.85,26.31,24.04,96.05,1.77,2.89,0.72,97.39
20020131,7.45,5.5308,2.826,2.8498,0.52,24.04,25.11,22.46,94.83,1.15,1.77,0.5,97.47
20020201,9.28,4.367,1.3394,2.7372,0.41,24.08,26.55,21.95,93.08,1.41,2.52,0.62,97.42
20020202,0.91,6.0425,4.1988,2.7293,0.57,24.46,26.81,22.89,91.6,0.85,1.36,0.44,97.45
20020203,1.08,5.713,2.941,2.885,0.54,24.17,26.59,22.46,92.11,1.12,1.61,0.47,97.47
20020204,0.44,5.4086,2.1602,3.006,0.51,24.43,27.68,22.11,90.66,1.07,1.67,0.46,97.38
20020205,0.62,6.0643,4.4258,2.437,0.57,24.15,27.39,22.05,89.7,1.29,2.19,0.51,97.39
20020206,6.2,4.8475,1.2938,2.9614,0.46,24.19,27.36,21.57,88.4,1.77,2.99,0.74,97.36
20020207,7.05,6.3113,4.8629,2.5476,0.59,24.76,26.62,23.23,90.46,1.05,2.25,0.52,97.32
20020208,21.24,5.383,1.8982,3.0914,0.51,24.88,27.24,23.08,89.26,0.91,1.61,0.4,97.3
20020209,18.27,5.9047,4.434,2.6861,0.55,24.35,26.43,23.09,90.32,1.2,2.0,0.5,97.32
20020210,33.48,5.8824,4.0342,2.5502,0.55,24.43,27.59,21.63,91.58,1.27,2.25,0.55,97.28
20020211,8.23,5.4058,1.8907,2.981,0.51,24.78,27.79,22.94,89.81,1.54,2.92,0.67,97.43
20020212,1.19,5.6983,3.9672,2.5848,0.53,24.43,27.19,21.91,87.36,0.99,1.83,0.39,97.41
20020213,1.26,5.233,3.6571,2.2925,0.49,25.38,28.9,22.79,89.29,1.04,2.25,0.38,97.26
20020214,15.81,6.0912,4.6932,2.3278,0.57,24.84,26.36,23.71,93.57,1.21,1.65,0.52,97.37
20020215,15.03,5.3998,2.2757,2.977,0.51,24.16,26.25,22.69,92.55,1.04,2.14,0.51,97.48
20020216,9.45,5.7475,3.9744,2.652,0.54,24.67,27.54,22.22,91.48,1.53,2.38,0.59,97.35
20020217,14.19,5.8241,3.5582,2.737,0.55,24.98,26.8,23.59,91.91,1.05,1.82,0.48,97.35
20020218,44.87,5.7307,2.4713,3.0674,0.54,24.85,27.32,23.52,92.04,1.28,2.74,0.56,97.4
20020219,33.52,6.0394,4.2266,2.6688,0.57,24.54,26.09,23.49,94.52,1.3,2.49,0.6,97.41
20020220,5.16,6.5995,5.6714,2.0808,0.62,24.88,26.32,23.71,92.77,0.98,1.59,0.45,97.32
20020221,26.14,5.257,1.4822,3.3372,0.49,25.29,27.69,23.58,92.32,1.13,1.7,0.5,97.49
20020222,9.5,4.3642,0.7711,2.7859,0.41,24.04,26.49,22.33,90.77,0.99,1.45,0.37,97.76
20020223,2.06,2.291,0.2558,1.5264,0.21,24.14,27.01,21.87,90.43,0.98,1.57,0.41,97.72
20020224,3.32,3.9869,0.1999,2.8577,0.37,23.86,26.95,21.16,90.57,1.05,1.44,0.4,97.64
20020225,0.18,5.6743,2.4041,3.0506,0.53,23.9,27.7,20.73,85.42,1.19,1.75,0.45,97.65
20020226,4.4,5.9782,3.5633,2.8697,0.56,23.81,26.95,21.34,88.86,1.33,2.18,0.56,97.56
20020227,4.1,5.729,3.096,2.8879,0.54,23.98,26.76,21.79,92.43,1.35,2.33,0.62,97.41
20020228,1.98,5.5543,2.4434,2.8699,0.52,24.49,26.88,22.81,91.58,1.06,2.02,0.5,97.42
20020301,11.38,5.2778,2.4082,2.9503,0.5,24.34,26.18,23.15,94.01,1.21,2.12,0.51,97.31
20020302,9.59,5.2752,2.275,2.7358,0.5,24.37,26.74,22.74,94.34,0.86,1.96,0.46,97.25
20020303,4.31,5.0683,1.8598,2.8426,0.48,23.98,26.57,22.08,92.61,1.05,1.38,0.45,97.26
20020304,1.34,5.609,2.4427,2.9986,0.53,24.08,27.77,21.09,89.53,1.42,2.12,0.54,97.28
20020305,2.56,4.8278,1.4736,2.7725,0.45,24.86,27.65,22.66,90.69,1.07,1.86,0.48,97.24
20020306,11.37,5.237,4.0838,1.9805,0.49,26.19,29.44,23.67,87.33,1.03,2.18,0.49,97.16
20020307,11.74,4.4712,2.3539,2.0582,0.42,26.22,27.96,24.87,87.39,1.04,1.92,0.51,97.17
20020308,23.08,4.4078,0.947,2.8445,0.42,25.31,27.66,23.87,90.41,0.95,1.7,0.47,97.39
20020309,8.06,5.8865,3.4495,2.8462,0.56,24.11,25.47,22.89,93.51,1.24,1.93,0.58,97.55
20020310,22.9,2.4643,0.0482,1.8082,0.23,23.74,25.26,22.75,95.48,1.32,2.17,0.53,97.53
20020311,26.4,3.8734,0.324,2.6347,0.37,23.82,26.16,22.45,93.14,1.02,1.8,0.41,97.59
20020312,8.63,5.015,2.6815,2.3047,0.47,24.42,27.71,21.91,89.15,1.05,2.09,0.43,97.6
20020313,0.63,3.107,0.3391,2.0839,0.29,25.16,28.37,22.76,89.17,1.3,2.3,0.53,97.54
20020314,5.87,4.8816,2.699,2.4521,0.46,24.16,25.85,22.95,94.37,1.31,1.74,0.58,97.51
20020315,7.11,4.9942,1.8614,2.867,0.47,23.39,24.87,22.56,95.6,1.37,2.16,0.58,97.51
20020316,3.52,5.885,3.2856,2.9489,0.56,23.87,26.24,22.11,92.4,0.99,1.52,0.47,97.48
20020317,4.5,4.873,1.7539,3.0055,0.46,24.41,27.98,21.23,88.56,1.11,1.94,0.46,97.48
20020318,1.61,6.2071,4.6949,2.4547,0.59,24.9,28.36,22.6,87.71,1.43,2.56,0.67,97.48
20020319,2.13,5.562,2.5634,2.922,0.53,24.55,27.94,22.39,89.7,1.14,1.85,0.47,97.48
20020320,6.15,5.503,1.8605,3.3125,0.53,23.98,25.51,23.03,95.34,1.21,1.71,0.48,97.34
20020321,25.97,5.0726,1.7515,3.0326,0.49,24.27,26.14,22.92,95.04,1.34,2.06,0.58,97.26
20020322,39.81,4.6994,1.1882,2.9146,0.45,24.35,25.54,23.42,97.51,1.39,1.92,0.6,97.18
20020323,26.86,4.2031,0.6098,2.8481,0.4,24.52,26.21,23.17,95.77,1.22,2.09,0.46,97.19
20020324,2.97,4.5826,1.123,2.9297,0.44,24.27,25.79,22.68,95.18,0.96,1.57,0.41,97.34
20020325,2.92,3.4942,0.2736,2.5543,0.34,24.26,27.05,22.15,91.02,1.46,2.47,0.63,97.31
20020326,1.23,5.003,1.326,2.9738,0.48,24.78,26.98,23.34,93.55,1.43,2.29,0.6,97.3
20020327,1.76,5.2723,4.0435,2.279,0.51,24.99,27.39,23.3,92.44,1.63,2.59,0.66,97.31
20020328,4.8,5.7703,4.5348,2.2771,0.56,25.22,28.18,23.21,89.9,1.42,2.45,0.61,97.33
20020329,10.55,4.6802,1.9478,2.7048,0.45,24.59,27.19,23.1,92.89,1.49,2.54,0.67,97.4
20020330,4.0,4.3601,1.7803,2.6467,0.42,24.45,27.28,22.58,92.96,1.43,2.61,0.6,97.38
20020331,3.46,5.1204,2.6839,2.5212,0.5,24.09,25.39,22.63,93.19,1.31,2.06,0.54,97.51
20020401,6.4,5.0146,3.139,2.3918,0.49,23.74,25.64,22.33,93.79,1.46,2.31,0.61,97.64
20020402,0.56,6.1277,3.9994,2.7545,0.6,24.5,27.93,22.33,87.32,1.3,2.6,0.57,97.52
20020403,0.0,6.2918,3.9276,3.0802,0.62,24.69,28.4,21.75,85.22,1.06,2.06,0.44,97.41
20020404,0.0,5.6114,4.0262,2.2836,0.55,24.49,28.31,20.87,85.81,1.11,1.77,0.44,97.43
20020405,0.16,5.6638,3.8621,2.4732,0.56,24.84,28.03,22.36,87.63,1.26,2.63,0.53,97.49
20020406,31.11,4.4947,2.3138,2.2704,0.44,24.65,26.64,23.37,93.64,1.59,2.13,0.63,97.55
20020407,10.58,4.6906,1.0262,2.9666,0.46,24.58,26.85,23.14,93.83,1.29,2.05,0.56,97.47
20020408,4.47,4.691,1.5662,2.7607,0.46,24.56,26.68,22.63,93.33,1.29,1.85,0.49,97.35
20020409,10.43,2.9546,0.1128,2.2253,0.29,23.99,25.27,22.87,96.16,1.43,2.03,0.55,97.47
20020410,2.6,5.3947,3.3948,2.5087,0.54,23.66,25.0,22.63,94.89,0.9,1.5,0.43,97.46
20020411,21.37,4.9978,3.3485,2.3194,0.5,24.2,26.08,22.63,94.63,1.18,1.8,0.49,97.48
20020412,15.03,5.5066,3.6101,2.3938,0.55,23.79,24.93,23.03,94.93,1.15,1.63,0.51,97.54
20020413,11.99,5.8702,4.266,2.3899,0.59,23.72,25.41,22.55,95.65,1.3,1.72,0.49,97.48
20020414,18.53,5.3959,3.383,2.4432,0.54,23.28,25.2,21.56,95.07,1.14,2.02,0.49,97.48
20020415,21.57,5.8457,4.4028,2.4929,0.59,24.04,25.21,22.76,95.88,1.15,1.79,0.42,97.42
20020416,6.5,4.6915,2.2752,2.4953,0.47,23.91,25.54,22.85,96.36,1.58,2.53,0.66,97.36
20020417,2.05,4.741,1.9258,2.6798,0.48,23.91,26.4,22.27,94.35,1.6,3.27,0.7,97.37
20020418,0.31,4.4383,1.2482,2.659,0.45,24.16,26.92,21.95,90.08,1.4,2.36,0.56,97.39
20020419,0.57,5.7619,4.6639,2.2003,0.59,24.65,26.85,22.57,90.54,1.44,2.38,0.56,97.44
20020420,7.78,3.2875,0.7433,2.1288,0.33,24.19,25.32,23.02,95.85,1.29,1.86,0.53,97.43
20020421,4.55,5.1485,1.9704,2.9162,0.53,23.96,26.17,22.43,93.53,1.12,1.78,0.47,97.39
20020422,30.3,5.8644,4.9582,2.1648,0.6,24.42,26.82,22.31,92.79,1.12,1.56,0.51,97.29
20020423,35.34,4.9318,1.6608,2.9702,0.51,24.53,26.8,23.22,94.22,1.28,1.76,0.58,97.31
20020424,7.51,3.1003,0.3538,2.1521,0.32,24.93,27.45,23.45,92.91,1.7,2.42,0.76,97.27
20020425,4.33,5.7067,4.8245,2.1562,0.59,24.89,26.49,23.75,93.41,1.45,2.22,0.58,97.25
20020426,36.62,3.09,0.3382,2.1485,0.32,24.53,25.82,23.48,95.9,1.01,1.28,0.45,97.23
20020427,36.94,3.3098,1.0812,2.0599,0.34,25.05,27.29,23.25,95.29,0.87,1.58,0.39,97.17
20020428,2.01,4.799,1.1952,2.9486,0.5,24.86,26.71,23.33,95.28,0.7,1.22,0.38,97.26
20020429,0.07,5.4437,4.0675,2.1854,0.57,24.98,25.95,24.27,94.79,1.76,2.78,0.68,97.17
20020430,14.68,5.6926,4.6471,2.3585,0.59,24.65,25.55,24.04,95.64,1.5,2.01,0.58,97.12
20020501,15.17,4.2698,0.9922,2.8121,0.45,24.61,25.78,24.03,96.13,1.52,2.14,0.63,97.13
20020502,1.64,4.6044,2.4696,2.4571,0.48,24.71,26.08,23.97,94.78,1.27,1.69,0.43,97.2
20020503,7.67,4.818,2.8253,2.5126,0.51,24.81,25.93,24.06,96.65,0.92,1.63,0.27,97.16
20020504,3.84,3.0958,0.347,2.0986,0.33,24.91,26.35,23.82,94.4,1.32,2.01,0.56,97.12
20020505,7.31,5.1715,2.9911,2.5294,0.55,25.04,26.46,23.73,96.58,1.28,1.8,0.55,97.03
20020506,16.21,4.6145,1.2012,2.7358,0.49,25.1,26.57,24.17,95.37,1.35,1.88,0.59,97.09
20020507,4.77,5.0765,2.1259,2.8082,0.54,25.43,27.37,23.62,94.13,1.32,2.27,0.56,97.14
20020508,5.15,2.7991,0.5741,1.9022,0.3,25.49,26.78,24.42,95.59,1.71,2.48,0.72,97.24
20020509,0.92,4.3318,1.7414,2.5678,0.46,25.68,28.13,24.43,92.56,1.83,2.72,0.7,97.21
20020510,0.02,2.8219,0.3127,2.0026,0.3,24.48,25.83,22.81,91.44,1.82,2.68,0.73,97.25
20020511,1.06,5.3726,5.208,2.334,0.58,23.82,26.89,21.82,89.89,1.42,2.47,0.64,97.39
20020512,0.32,4.7983,1.3502,3.0842,0.52,22.89,25.43,21.24,91.36,1.32,1.93,0.59,97.55
20020513,0.0,5.7703,5.299,2.1089,0.62,23.68,27.43,20.06,87.51,1.1,1.65,0.53,97.56
20020514,11.12,5.7614,4.5269,2.4629,0.62,24.43,27.61,22.09,89.16,1.08,2.19,0.55,97.59
20020515,5.67,6.013,5.5214,2.1876,0.65,24.32,28.08,21.44,89.77,1.11,1.76,0.51,97.65
20020516,43.55,5.803,5.419,2.239,0.63,24.26,27.78,21.76,90.96,1.21,1.95,0.48,97.65
20020517,8.3,6.0605,5.9114,2.0851,0.66,24.4,28.21,20.93,88.39,1.08,1.56,0.44,97.61
20020518,0.14,4.4354,4.0589,1.8706,0.49,24.61,27.86,22.41,88.41,1.27,2.19,0.55,97.56
20020519,0.07,3.2419,0.5558,2.1677,0.36,24.52,26.55,22.95,88.73,1.05,1.85,0.53,97.53
20020520,0.0,5.4002,4.9685,2.0302,0.59,24.9,28.39,22.24,86.19,1.13,1.94,0.44,97.54
20020521,0.0,5.0426,4.0502,2.2152,0.56,24.64,26.9,23.21,90.72,1.3,2.13,0.51,97.64
20020522,0.29,4.7503,3.5966,2.1557,0.52,24.41,25.89,23.33,92.69,1.11,1.62,0.5,97.75
20020523,17.6,3.3773,0.4094,2.4156,0.37,24.02,26.6,22.61,92.57,1.16,2.12,0.53,97.79
20020524,7.03,5.227,3.9905,2.2322,0.58,23.32,26.19,21.34,92.08,1.19,2.49,0.53,97.77
20020525,5.79,3.9254,1.7357,2.3059,0.44,23.39,26.33,21.42,91.64,1.01,1.74,0.43,97.77
20020526,18.68,4.051,2.0846,2.2262,0.45,23.04,24.66,21.86,95.08,1.36,2.37,0.61,97.72
20020527,11.11,4.8043,4.127,2.1437,0.54,23.79,26.75,21.94,91.74,1.55,2.44,0.65,97.64
20020528,6.98,2.9798,0.8386,1.9841,0.33,23.35,24.87,22.33,93.94,1.42,2.27,0.58,97.65
20020529,9.72,3.1212,0.7042,2.1929,0.35,22.58,24.69,21.24,92.67,1.4,2.5,0.63,97.73
20020530,1.18,3.9305,2.6654,2.1475,0.44,22.77,25.3,20.8,92.07,1.1,2.08,0.52,97.69
20020531,11.84,3.3653,0.6182,2.2646,0.38,23.04,24.7,21.9,94.38,1.38,2.34,0.61,97.66
20020601,8.08,4.7098,3.4877,2.2368,0.53,22.81,24.63,21.79,94.42,1.14,1.73,0.47,97.68
20020602,2.65,4.4357,2.789,2.2142,0.5,23.17,25.51,22.0,93.15,1.51,2.47,0.63,97.65
20020603,0.15,3.8076,2.6184,1.9344,0.43,23.2,26.56,21.02,89.35,1.44,2.33,0.62,97.58
20020604,0.06,3.5604,2.9513,1.7822,0.4,23.16,26.25,21.65,89.91,1.43,2.43,0.62,97.52
20020605,0.07,4.1287,2.6921,2.1127,0.47,22.85,24.52,21.76,91.98,1.19,2.32,0.53,97.56
20020606,0.02,3.9257,2.5812,2.0134,0.44,23.74,26.48,21.81,92.43,1.27,2.39,0.49,97.54
20020607,0.0,2.7629,0.7788,1.8384,0.31,24.3,27.31,22.71,88.95,1.09,2.22,0.42,97.53
20020608,0.41,4.0805,3.3358,1.9063,0.46,24.07,26.67,22.69,92.82,1.2,2.05,0.49,97.51
20020609,3.81,3.7483,1.8614,2.1278,0.43,23.61,24.62,22.77,95.85,1.27,1.82,0.51,97.44
20020610,9.95,4.6037,3.6602,2.1703,0.52,23.93,25.64,22.72,96.39,1.18,2.14,0.52,97.32
20020611,3.3,4.11,2.4024,2.0803,0.47,24.27,26.47,23.23,93.92,1.0,1.47,0.46,97.35
20020612,0.0,2.3035,0.4546,1.5744,0.26,24.36,26.02,23.4,94.15,1.43,2.2,0.54,97.27
20020613,4.38,4.3061,3.6134,1.9663,0.49,24.42,26.13,23.13,95.56,1.31,2.0,0.5,97.16
20020614,2.71,2.7749,0.4714,1.9613,0.32,24.56,25.85,23.6,95.97,1.34,2.23,0.45,97.09
20020615,0.2,4.5442,4.0462,1.9526,0.52,24.56,27.22,23.17,91.39,1.18,2.03,0.45,97.24
20020616,0.46,4.4923,2.6198,2.5109,0.51,24.72,27.63,23.0,91.94,1.09,1.73,0.42,97.34
20020617,1.51,3.209,0.6955,2.0546,0.37,23.97,25.12,22.73,95.77,1.28,1.94,0.55,97.47
20020618,17.28,4.4515,2.7029,2.2006,0.51,23.95,26.12,22.26,95.57,1.34,2.11,0.55,97.45
20020619,22.07,3.0739,0.3559,2.2488,0.35,23.27,24.06,22.29,97.84,1.34,1.71,0.54,97.45
20020620,40.34,2.8781,0.7498,1.7674,0.33,23.09,24.13,22.23,96.69,1.29,1.89,0.57,97.42
20020621,27.45,3.3948,0.9605,2.2006,0.39,22.93,24.09,22.24,96.21,1.47,2.27,0.58,97.43
20020622,68.25,2.2085,0.8513,1.5732,0.25,22.8,24.25,21.91,95.66,1.52,2.59,0.63,97.6
20020623,17.75,3.851,1.1297,2.5476,0.44,22.83,24.6,21.79,94.68,1.23,2.04,0.52,97.68
20020624,11.3,2.9429,0.4068,2.0556,0.34,23.05,24.41,21.89,96.32,1.14,1.71,0.45,97.58
20020625,15.32,2.1672,0.0818,1.627,0.25,23.13,24.16,22.53,96.99,1.1,1.68,0.46,97.65
20020626,5.77,2.3426,0.085,1.8108,0.27,23.67,25.74,22.52,94.62,1.12,2.47,0.46,97.58
20020627,3.65,3.1613,0.355,2.2776,0.36,23.51,24.49,22.72,96.04,1.21,1.94,0.48,97.6
20020628,0.45,4.7851,3.3559,2.2524,0.55,23.68,26.18,22.03,91.74,1.38,2.38,0.56,97.58
20020629,0.45,3.7728,1.0841,2.4876,0.43,22.42,24.09,20.96,92.54,1.38,1.7,0.58,97.69
20020630,0.0,3.2323,1.2348,2.0587,0.37,22.55,25.26,20.68,90.85,1.66,2.69,0.7,97.59
20020701,0.16,3.5318,2.5524,1.8178,0.4,23.02,26.1,21.11,90.4,1.48,2.27,0.64,97.53
20020702,2.12,3.5376,1.3507,2.215,0.4,22.44,24.49,21.13,92.36,1.23,2.11,0.54,97.68
20020703,2.73,3.7128,2.9614,1.7995,0.42,21.97,23.72,20.9,94.83,1.23,1.89,0.57,97.79
20020704,33.55,4.3601,4.1513,1.8461,0.5,22.52,25.08,21.16,94.26,1.3,2.18,0.61,97.71
20020705,31.02,3.967,2.2759,2.1206,0.45,22.76,25.43,21.37,92.2,1.25,2.17,0.56,97.67
20020706,0.36,4.2866,2.9352,2.2404,0.49,22.86,25.76,21.35,90.66,1.26,2.37,0.57,97.63
20020707,0.0,4.2502,3.5242,1.9442,0.48,22.86,25.41,21.24,90.6,1.24,2.24,0.53,97.61
20020708,0.0,4.6094,3.3751,2.2922,0.52,22.62,24.9,21.32,90.76,1.1,1.97,0.45,97.69
20020709,0.0,4.3906,3.8378,1.8991,0.5,23.25,25.44,21.41,88.5,0.83,1.75,0.34,97.66
20020710,0.46,4.6337,3.5489,2.0722,0.53,24.03,27.58,21.21,88.95,0.94,1.61,0.41,97.57
20020711,0.87,3.2273,1.9488,1.7436,0.37,23.74,27.05,21.19,90.96,0.98,1.74,0.37,97.62
20020712,1.46,3.5263,1.4443,2.0839,0.4,24.02,27.54,21.3,90.23,1.27,2.33,0.51,97.54
20020713,1.4,3.6108,1.0668,2.2138,0.41,23.04,25.01,21.88,93.71,1.32,2.18,0.52,97.65
20020714,1.68,3.5981,1.4719,2.136,0.41,23.01,25.65,21.64,92.25,1.35,2.46,0.56,97.72
20020715,1.91,3.1418,1.536,1.9553,0.35,22.71,25.7,20.79,92.24,1.42,2.16,0.59,97.78
20020716,20.17,4.1318,3.1838,1.9634,0.46,22.27,25.66,19.52,91.96,1.51,2.24,0.61,97.71
20020717,18.05,3.5897,2.9395,1.7518,0.4,21.83,24.6,19.95,90.44,1.69,2.61,0.73,97.71
20020718,0.0,5.2798,4.8358,1.969,0.59,21.74,24.77,19.92,88.21,1.41,2.57,0.62,97.73
20020719,0.63,5.0042,4.7009,1.9421,0.56,22.07,25.63,19.43,88.89,1.31,2.2,0.57,97.78
20020720,0.77,3.0379,0.5345,2.124,0.34,22.13,24.43,20.46,93.28,1.2,1.99,0.49,97.85
20020721,0.01,4.4076,2.6779,2.2853,0.49,22.83,25.53,21.03,92.91,1.4,2.6,0.54,97.81
20020722,0.07,3.9766,1.0726,2.4149,0.44,23.45,26.19,21.8,92.47,1.34,2.46,0.47,97.73
20020723,2.21,4.3874,3.0118,2.1852,0.49,23.14,25.82,21.81,92.0,1.73,2.65,0.67,97.75
20020724,2.07,3.1637,0.5599,2.1473,0.35,21.95,23.36,21.04,95.17,1.27,1.83,0.49,97.81
20020725,0.51,4.4515,1.212,2.7864,0.49,22.59,25.43,20.72,91.9,1.3,2.47,0.53,97.65
20020726,0.27,5.1905,3.9043,2.3815,0.57,22.98,25.19,21.37,92.25,0.9,1.49,0.34,97.63
20020727,0.94,2.7727,0.7692,1.8158,0.31,23.18,26.0,21.8,92.45,1.23,2.2,0.52,97.7
20020728,14.16,4.1105,2.1742,2.1972,0.45,22.76,25.05,21.33,94.39,1.36,1.98,0.58,97.69
20020729,3.83,4.8502,3.431,2.2138,0.53,22.55,25.7,20.77,91.27,1.52,2.27,0.65,97.6
20020730,0.53,2.7031,1.7479,1.6526,0.3,21.6,23.47,20.51,93.81,0.97,1.64,0.5,97.58
20020731,0.51,4.607,2.9962,2.1391,0.5,22.39,25.44,20.6,90.28,1.15,1.94,0.53,97.58
20020801,0.5,3.9931,2.8061,2.0237,0.43,22.23,24.61,20.72,93.41,1.18,2.19,0.54,97.57
20020802,0.0,3.5887,1.4539,2.2716,0.39,22.65,25.59,21.06,91.28,1.35,2.24,0.59,97.51
20020803,0.0,3.6732,1.8576,2.207,0.4,22.53,25.08,21.08,92.04,1.46,2.66,0.6,97.54
20020804,0.0,3.0974,2.0342,1.6462,0.33,22.98,25.42,21.38,91.92,1.37,2.42,0.56,97.53
20020805,0.15,3.3506,1.2216,2.2279,0.36,23.36,25.91,21.53,91.96,1.27,2.66,0.56,97.56
20020806,11.24,3.2244,0.5369,2.2212,0.35,23.19,25.67,21.78,92.84,1.42,2.59,0.6,97.63
20020807,16.57,4.5024,3.001,1.998,0.48,22.98,24.78,21.72,95.67,1.06,2.08,0.46,97.56
20020808,4.0,4.0442,1.3903,2.4485,0.43,22.8,24.72,21.74,93.81,1.2,1.91,0.51,97.51
20020809,0.72,3.1018,0.8285,2.171,0.33,21.83,24.36,20.6,92.03,1.57,2.62,0.63,97.48
20020810,0.8,3.6588,1.0721,2.298,0.39,22.09,24.77,20.44,90.95,1.45,2.81,0.63,97.61
20020811,0.91,3.8858,0.9835,2.5714,0.41,22.15,24.86,20.59,92.38,1.46,2.77,0.6,97.63
20020812,15.0,3.8011,1.6766,2.1458,0.4,21.82,24.24,20.56,93.07,1.39,2.68,0.59,97.56
20020813,12.87,3.0672,1.0054,2.1077,0.32,21.39,23.69,20.09,92.06,1.26,2.34,0.52,97.46
20020814,13.37,3.7498,1.5653,2.3165,0.4,21.55,25.04,19.9,92.91,1.33,2.45,0.57,97.54
20020815,5.69,3.6146,2.7514,1.7863,0.38,21.42,25.04,19.74,91.92,1.42,2.34,0.64,97.56
20020816,2.73,4.6241,3.1162,2.3455,0.49,22.15,25.88,19.74,89.93,1.11,2.47,0.52,97.39
20020817,0.47,4.8454,2.4353,2.5906,0.51,22.81,26.0,20.61,87.48,0.92,2.2,0.4,97.51
20020818,7.38,4.8062,3.3168,2.2217,0.5,23.31,26.46,21.61,87.27,1.16,2.19,0.52,97.59
20020819,0.91,5.195,3.7454,2.2877,0.54,23.2,26.68,21.06,89.64,1.04,2.19,0.49,97.68
20020820,0.01,5.3426,4.8931,2.0878,0.56,23.53,27.23,20.49,88.21,0.91,1.88,0.42,97.74
20020821,0.05,5.7974,4.9195,2.1478,0.6,23.53,27.45,20.29,88.7,1.02,1.67,0.39,97.65
20020822,0.02,5.7797,4.5674,2.4526,0.6,23.39,27.45,20.44,88.12,1.28,2.21,0.48,97.7
20020823,0.0,6.053,5.0798,2.1749,0.62,22.82,25.58,21.11,90.55,1.47,2.61,0.62,97.78
20020824,1.22,5.0779,3.6168,2.237,0.52,22.59,25.28,20.95,91.32,1.08,2.05,0.47,97.81
20020825,1.07,5.0614,3.4649,2.4058,0.52,22.81,25.8,20.76,90.6,1.29,2.05,0.56,97.65
20020826,8.27,2.9602,1.4263,1.7585,0.3,22.61,26.22,20.37,91.44,1.52,2.36,0.63,97.6
20020827,4.87,4.0591,2.118,2.1499,0.42,22.65,25.62,20.73,91.13,1.18,2.16,0.49,97.61
20020828,0.0,4.4443,3.0922,2.0414,0.45,23.1,26.24,21.04,87.99,1.1,2.33,0.48,97.71
20020829,0.02,4.7568,3.4339,2.1182,0.48,22.66,25.91,20.62,89.39,1.52,2.75,0.62,97.74
20020830,4.66,4.4244,3.6396,1.9574,0.45,22.31,25.35,20.48,89.51,1.0,1.79,0.38,97.72
20020831,5.7,2.9477,1.1786,1.9706,0.3,22.71,26.38,20.07,90.43,1.04,1.81,0.45,97.68
20020901,3.11,4.3886,3.313,1.9817,0.44,22.39,25.21,20.52,91.71,1.58,2.57,0.67,97.71
20020902,3.8,4.1196,2.3251,2.1427,0.42,22.29,25.58,19.92,91.6,1.12,2.16,0.51,97.75
20020903,13.09,5.2937,3.768,2.335,0.53,22.7,26.07,20.42,90.89,0.94,1.98,0.4,97.65
20020904,27.15,2.9988,2.1288,1.644,0.3,22.87,25.89,21.25,91.35,1.35,1.94,0.6,97.66
20020905,21.35,2.4766,1.541,1.6027,0.25,22.19,24.83,20.68,93.22,1.37,2.24,0.56,97.61
20020906,13.78,2.885,1.6044,1.727,0.29,22.43,26.3,20.2,90.96,1.44,2.63,0.6,97.64
20020907,0.64,4.4623,2.5517,2.2531,0.45,23.11,27.05,20.81,90.35,1.27,1.95,0.54,97.61
20020908,1.3,3.3302,1.2828,2.1149,0.33,23.62,27.74,21.14,90.18,1.09,2.04,0.52,97.53
20020909,1.27,4.1604,2.5685,2.051,0.41,23.98,28.18,21.55,89.89,1.29,2.27,0.52,97.47
20020910,24.68,3.6406,1.9044,1.9548,0.36,23.25,25.33,21.69,95.32,1.23,2.1,0.51,97.54
20020911,22.46,2.927,0.6929,1.8226,0.29,23.08,24.75,22.13,96.19,1.11,1.88,0.48,97.63
20020912,18.18,5.9021,4.4669,2.2486,0.58,23.29,26.12,21.55,93.35,1.33,2.19,0.56,97.71
20020913,6.66,6.2623,5.1787,2.3988,0.62,23.39,27.46,19.86,89.15,1.85,2.94,0.71,97.7
20020914,1.4,6.3398,5.706,2.2673,0.62,22.68,26.14,20.42,88.93,1.7,2.72,0.73,97.82
20020915,0.07,5.2682,4.5096,2.1307,0.52,22.3,25.99,19.58,87.64,1.43,2.75,0.63,97.76
20020916,4.49,2.6676,0.684,1.7753,0.26,22.24,25.46,19.98,88.84,1.32,2.37,0.59,97.76
20020917,0.38,4.5962,3.2381,2.0167,0.45,22.73,25.9,20.48,89.46,1.21,2.42,0.56,97.69
20020918,0.68,5.2094,4.3126,2.1211,0.51,23.23,26.72,20.49,89.96,1.26,2.52,0.53,97.61
20020919,0.04,4.5461,2.9998,2.1629,0.44,22.97,25.99,20.84,89.98,1.18,2.1,0.53,97.72
20020920,0.02,4.5329,2.6316,2.1814,0.44,23.16,26.18,20.9,88.95,1.19,2.36,0.5,97.72
20020921,0.97,3.2081,0.7572,2.0664,0.31,23.42,27.03,21.19,87.38,0.7,1.38,0.27,97.68
20020922,0.72,4.1366,2.4535,2.0854,0.4,23.75,26.75,21.61,88.25,1.04,1.76,0.42,97.65
20020923,40.52,5.1924,2.9777,2.4194,0.5,23.93,27.26,21.89,90.16,1.4,2.54,0.55,97.71
20020924,16.75,5.9369,4.9363,2.3294,0.58,23.78,26.55,21.85,91.68,0.94,1.53,0.37,97.69
20020925,0.42,6.0233,4.5065,2.4684,0.58,24.11,27.68,21.61,89.63,1.22,2.09,0.5,97.69
20020926,0.02,6.1202,4.1719,2.694,0.59,23.68,27.96,19.7,86.58,1.3,2.1,0.51,97.59
20020927,3.59,4.7359,3.486,2.1444,0.46,23.81,27.38,20.85,89.78,1.41,2.27,0.55,97.51
20020928,1.7,4.4417,1.5326,2.5219,0.43,23.32,25.09,21.88,94.37,1.3,2.09,0.54,97.49
20020929,24.82,5.7802,4.8883,2.0129,0.56,24.0,26.55,22.5,91.54,1.27,2.24,0.56,97.49
20020930,31.9,4.182,0.835,2.6434,0.4,23.32,24.97,21.98,95.86,1.66,2.94,0.68,97.53
20021001,9.2,5.353,3.937,2.1024,0.51,23.55,26.31,21.68,91.14,1.24,2.3,0.52,97.51
20021002,7.7,5.6129,3.7819,2.2531,0.54,23.69,26.06,22.39,93.43,1.04,1.58,0.47,97.57
20021003,0.09,4.5305,1.2862,2.8037,0.43,23.33,25.95,21.65,92.64,1.03,1.67,0.42,97.56
20021004,0.74,5.646,2.8966,2.8642,0.54,23.25,25.04,21.47,94.56,1.32,2.29,0.58,97.48
20021005,0.15,6.2366,5.4451,2.3537,0.6,23.9,27.89,20.77,89.65,1.78,3.11,0.75,97.36
20021006,0.04,6.653,5.6897,2.1362,0.64,23.57,27.33,20.86,87.32,1.39,2.23,0.65,97.39
20021007,0.02,6.1109,6.726,2.0086,0.58,23.28,26.8,20.8,87.37,1.39,2.38,0.62,97.46
20021008,0.0,6.2983,4.7558,2.6808,0.6,23.25,27.44,19.37,85.76,1.28,2.05,0.53,97.58
20021009,0.0,7.0318,6.9823,2.0088,0.67,23.4,28.0,19.41,86.97,1.42,2.13,0.62,97.56
20021010,0.0,5.999,3.9499,2.9642,0.57,23.84,28.31,19.66,86.17,1.6,2.4,0.68,97.51
20021011,0.0,5.8092,3.7975,2.9532,0.55,24.11,27.14,21.53,88.49,1.54,2.59,0.65,97.45
20021012,2.21,4.4686,2.9714,2.5867,0.43,23.64,25.65,22.0,92.11,1.15,2.0,0.55,97.43
20021013,20.1,4.0862,1.3018,2.3292,0.39,24.21,26.56,22.87,91.64,0.85,1.65,0.39,97.49
20021014,6.61,3.9994,0.9578,2.4221,0.38,23.91,26.91,22.0,91.42,1.25,2.25,0.52,97.64
20021015,0.0,5.5702,3.383,2.5418,0.53,23.85,26.49,21.74,91.0,1.19,1.87,0.51,97.71
20021016,0.0,3.887,2.4149,1.9188,0.37,24.06,26.67,21.85,90.73,1.43,2.53,0.56,97.58
20021017,0.24,4.6922,2.6515,2.4494,0.45,24.22,27.0,22.33,91.03,1.37,2.35,0.55,97.54
20021018,0.02,5.8562,4.4722,2.3741,0.56,24.3,27.72,22.09,87.57,1.57,3.11,0.7,97.56
20021019,0.0,6.6367,5.304,2.4312,0.63,24.06,27.88,20.51,87.26,1.31,2.38,0.53,97.46
20021020,0.26,4.5914,2.6664,2.2718,0.44,24.54,27.75,22.14,88.11,1.33,2.18,0.57,97.45
20021021,0.67,3.0156,1.3147,2.0503,0.29,24.7,28.26,22.63,88.53,1.07,2.32,0.47,97.42
20021022,0.66,5.1936,2.8603,2.4931,0.49,24.21,26.73,22.52,92.48,1.1,1.73,0.43,97.41
20021023,0.11,5.4514,3.4858,2.5478,0.52,24.6,27.05,22.95,90.89,1.21,1.81,0.47,97.47
20021024,7.51,4.6404,1.9303,2.4629,0.44,24.56,26.74,22.49,89.39,0.94,1.62,0.41,97.5
20021025,3.65,5.0381,2.2654,2.6213,0.48,24.9,28.69,22.61,86.87,1.13,1.72,0.45,97.57
20021026,14.27,5.4581,3.4596,2.5488,0.52,24.49,27.58,22.31,90.64,1.29,2.15,0.52,97.51
20021027,4.17,5.8478,3.2594,2.6738,0.56,24.38,27.17,22.49,90.1,1.01,1.5,0.4,97.44
20021028,5.47,4.8818,2.9993,2.2169,0.46,24.79,27.46,23.07,90.21,1.15,2.24,0.43,97.45
20021029,45.26,5.658,3.8244,2.3645,0.54,25.12,28.36,22.47,88.07,1.16,2.21,0.46,97.4
20021030,21.37,5.0362,2.0047,2.8457,0.48,23.66,25.01,22.52,96.3,1.21,1.81,0.48,97.5
20021031,9.21,4.5293,1.2338,2.7816,0.43,24.26,27.72,21.49,86.51,1.17,2.48,0.4,97.53
20021101,4.07,5.2742,3.3504,2.4463,0.5,24.25,26.4,22.55,93.44,1.36,2.56,0.52,97.55
20021102,11.3,5.7053,4.314,2.1329,0.54,24.45,27.29,22.25,89.98,1.33,2.64,0.5,97.52
20021103,6.79,4.2163,0.6569,2.9323,0.4,24.02,25.51,22.83,95.7,1.05,1.24,0.39,97.54
20021104,0.15,5.0947,2.3513,2.6753,0.48,24.59,26.77,22.92,93.04,1.32,2.13,0.52,97.4
20021105,0.12,4.6224,1.3891,2.8032,0.44,24.82,26.92,23.19,92.4,1.29,2.13,0.58,97.32
20021106,0.35,5.4252,3.0209,2.6395,0.52,24.98,27.76,23.14,89.98,1.8,2.65,0.73,97.39
20021107,12.21,5.3863,4.0303,2.1605,0.51,23.79,24.98,22.9,95.5,0.93,1.42,0.36,97.47
20021108,20.54,3.42,0.5074,2.4091,0.33,23.99,26.29,22.45,95.09,1.18,1.64,0.43,97.42
20021109,6.32,5.7456,3.9473,2.5162,0.55,24.04,25.5,22.92,95.18,0.94,1.43,0.39,97.54
20021110,10.17,4.6224,1.2432,2.778,0.44,24.04,26.02,22.48,96.18,1.36,2.14,0.51,97.52
20021111,1.91,5.5015,2.3532,3.0581,0.52,24.41,26.92,22.16,92.3,1.27,1.58,0.43,97.45
20021112,2.52,4.5377,1.1294,3.0869,0.43,23.73,25.3,22.59,90.69,1.04,1.48,0.44,97.42
20021113,0.74,6.2962,5.4281,2.3455,0.6,25.21,27.51,23.05,85.1,1.29,2.44,0.53,97.3
20021114,20.36,4.2785,1.7952,2.4002,0.41,24.01,25.61,23.12,92.85,1.07,1.44,0.42,97.35
20021115,18.36,5.9582,4.5214,2.0378,0.57,24.88,27.09,23.5,89.21,1.14,2.0,0.49,97.4
20021116,4.5,5.8231,4.361,2.4173,0.56,24.32,26.45,22.64,93.51,1.14,1.78,0.46,97.45
20021117,0.15,3.5786,0.4598,2.4533,0.34,24.81,27.43,22.72,90.14,1.22,2.5,0.48,97.36
20021118,1.11,5.9074,4.2394,2.3707,0.56,24.9,27.08,23.28,90.94,1.58,2.55,0.6,97.31
20021119,34.41,6.1865,5.2356,2.3395,0.59,24.83,28.05,22.98,88.52,1.43,2.71,0.62,97.3
20021120,3.81,5.249,4.2247,2.2534,0.5,24.56,28.35,21.32,87.78,1.37,2.26,0.57,97.29
20021121,1.44,4.1532,4.6956,1.669,0.4,24.81,28.56,22.2,89.83,1.64,2.44,0.7,97.18
20021122,7.16,5.5171,4.4314,2.4631,0.53,24.42,27.32,22.31,91.51,1.13,2.04,0.47,97.22
20021123,29.05,4.2118,2.3438,2.1425,0.4,24.03,25.5,22.53,93.38,0.93,1.88,0.34,97.29
20021124,16.97,6.3036,5.5927,2.6179,0.6,24.3,26.27,22.88,94.04,1.11,1.83,0.45,97.38
20021125,2.6,5.4329,2.0938,3.263,0.52,24.29,26.84,22.75,91.07,0.89,1.55,0.36,97.53
20021126,2.59,5.1847,2.2464,2.8236,0.5,23.99,25.79,22.43,93.45,0.92,1.33,0.36,97.56
20021127,4.84,3.7973,0.5618,2.5073,0.36,24.63,27.49,22.87,92.01,1.05,1.84,0.45,97.59
20021128,1.98,6.0346,4.6253,2.6515,0.58,24.74,27.82,22.13,89.3,1.06,1.77,0.45,97.61
20021129,0.02,5.9515,5.1204,2.3321,0.57,24.78,28.21,22.37,88.7,1.48,2.56,0.61,97.57
20021130,0.01,5.9057,5.0285,2.2008,0.57,24.86,28.16,22.25,85.79,1.27,1.71,0.53,97.45
20021201,5.06,6.2938,4.8134,2.5106,0.61,25.03,28.82,21.96,86.65,1.29,2.06,0.56,97.4
20021202,21.76,5.8987,4.4705,2.4283,0.57,24.81,27.57,22.18,90.02,1.29,2.15,0.58,97.49
20021203,1.44,5.5253,4.2958,2.3695,0.53,25.15,28.3,22.71,88.03,1.25,2.39,0.44,97.55
20021204,1.04,6.3108,4.5214,2.6638,0.61,25.26,28.34,23.26,89.85,1.43,2.45,0.57,97.52
20021205,0.11,6.805,5.3837,2.6419,0.66,25.74,29.49,22.36,86.87,1.23,2.0,0.55,97.5
20021206,0.04,6.8993,6.4147,2.2147,0.66,25.81,29.41,22.57,85.79,1.06,1.95,0.45,97.41
20021207,0.05,6.1414,4.6152,2.4974,0.59,25.1,28.61,22.24,88.37,1.27,1.96,0.56,97.39
20021208,0.03,4.9704,2.531,2.6431,0.48,25.0,28.5,22.06,86.41,1.33,2.19,0.56,97.39
20021209,3.04,5.6318,4.5636,2.1677,0.54,25.24,28.37,22.37,88.41,1.19,1.92,0.52,97.43
20021210,20.39,4.0594,2.196,2.1557,0.39,24.75,27.77,22.56,90.81,1.27,2.83,0.55,97.6
20021211,4.11,4.8554,2.9465,2.359,0.47,23.59,25.79,21.6,93.38,1.19,2.13,0.48,97.68
20021212,39.44,5.0882,2.3302,2.6422,0.49,24.44,27.1,22.73,91.86,1.24,2.03,0.55,97.79
20021213,49.24,5.3052,2.2514,3.0775,0.51,24.64,26.76,23.17,93.68,0.85,1.36,0.39,97.76
20021214,27.57,4.5221,1.2029,2.8399,0.44,24.36,27.2,22.19,90.78,1.0,1.64,0.43,97.75
20021215,3.0,6.0094,4.4203,2.4499,0.58,23.85,26.87,21.37,88.43,0.96,1.39,0.36,97.71
20021216,2.18,5.4739,3.943,2.3758,0.53,23.56,26.07,21.54,92.19,1.01,2.12,0.42,97.71
20021217,0.68,5.3508,4.0961,2.227,0.52,25.11,28.33,22.52,86.76,1.19,1.83,0.5,97.56
20021218,0.23,5.6566,3.9158,2.5435,0.55,25.18,27.95,22.98,89.68,1.04,1.76,0.5,97.48
20021219,0.68,5.153,2.9902,2.4254,0.5,25.08,27.27,23.1,90.29,1.32,2.29,0.54,97.36
20021220,5.2,5.9815,4.4736,2.4161,0.58,25.44,28.8,23.27,87.39,1.43,2.77,0.65,97.3
20021221,0.87,6.4793,6.1135,2.035,0.62,25.78,29.16,23.07,86.81,1.39,2.27,0.58,97.24
20021222,0.0,6.2594,5.7038,2.1602,0.6,25.97,29.36,23.59,87.22,1.18,2.04,0.52,97.29
20021223,26.73,5.6369,4.2905,2.3964,0.54,25.59,28.08,23.7,90.72,1.37,2.01,0.55,97.28
20021224,15.99,4.4105,2.1142,2.4408,0.43,25.56,28.0,23.61,91.08,1.39,2.15,0.6,97.29
20021225,17.85,5.652,3.9312,2.6114,0.54,25.09,26.38,23.76,94.56,1.4,2.07,0.62,97.35
20021226,9.36,5.5466,3.5695,2.8034,0.53,24.0,26.03,22.78,91.45,0.92,1.53,0.33,97.38
20021227,6.16,5.1514,2.5162,2.7718,0.5,24.64,26.71,22.29,88.92,1.06,1.43,0.41,97.31
20021228,2.15,4.7561,1.8895,2.8111,0.46,24.8,26.83,23.2,93.88,1.19,1.78,0.51,97.4
20021229,9.82,4.9894,2.4619,2.6395,0.48,24.68,26.0,23.48,95.89,1.49,2.2,0.64,97.46
20021230,6.49,4.8178,1.3718,3.1646,0.46,24.49,27.47,22.11,91.49,1.45,2.31,0.6,97.45
20021231,3.92,3.5678,0.4068,2.4826,0.34,24.57,26.39,23.35,93.74,1.61,2.24,0.72,97.39
20030101,27.78,6.4817,6.1366,1.8809,0.62,24.69,26.83,22.75,92.33,1.25,2.31,0.55,97.31
20030102,14.53,5.8363,3.9235,2.7554,0.56,25.03,26.26,24.21,93.45,1.3,2.31,0.65,97.23
20030103,8.01,3.3727,0.4018,2.2778,0.32,25.29,27.18,24.19,93.62,1.14,1.98,0.56,97.31
20030104,18.1,5.7732,2.3851,3.3514,0.55,25.57,27.92,23.93,91.41,1.08,2.1,0.51,97.19
20030105,11.23,5.5478,3.0595,2.8668,0.53,25.73,29.57,22.61,87.03,0.84,1.64,0.3,97.26
20030106,2.86,6.5592,6.1414,2.0357,0.63,24.93,26.73,23.47,88.62,1.08,1.8,0.43,97.46
20030107,3.39,6.0974,4.6375,2.6974,0.58,25.37,28.67,23.25,86.63,1.13,2.23,0.43,97.44
20030108,32.96,6.5064,5.8649,2.3683,0.62,25.34,28.55,23.21,88.03,1.2,2.32,0.44,97.43
20030109,3.78,5.9222,4.3942,2.6966,0.57,25.49,28.56,22.85,89.16,1.15,1.87,0.45,97.28
20030110,7.52,6.377,5.2658,2.3801,0.61,25.49,27.94,23.58,90.61,0.92,1.56,0.41,97.36
20030111,18.64,6.2098,5.191,2.3822,0.59,24.73,27.25,23.19,91.03,1.19,2.38,0.54,97.32
20030112,17.76,6.1591,5.0561,2.7223,0.59,25.14,28.41,22.81,87.89,1.13,1.96,0.43,97.32
20030113,34.6,5.7646,4.5713,2.3222,0.55,25.14,27.79,23.33,93.24,0.86,1.89,0.41,97.26
20030114,12.68,5.7917,4.2725,2.5428,0.55,25.21,28.45,22.86,90.8,0.96,1.83,0.39,97.21
20030115,4.77,5.4074,4.3462,2.2015,0.52,25.56,28.55,23.0,89.96,0.83,1.37,0.32,97.17
20030116,2.02,6.5059,6.1274,2.4857,0.62,25.23,28.56,22.71,87.92,0.95,1.7,0.4,97.26
20030117,0.22,6.6984,5.9657,2.2478,0.64,25.29,27.52,23.76,90.15,0.79,1.75,0.31,97.47
20030118,0.26,6.2671,4.9918,2.3866,0.6,25.68,29.21,22.94,84.09,1.05,1.48,0.39,97.48
20030119,0.49,5.5104,2.9887,2.7197,0.52,25.67,29.2,22.81,85.71,1.36,2.28,0.53,97.51
20030120,0.17,5.497,3.2765,2.6921,0.52,23.96,25.95,22.61,89.51,0.96,1.44,0.37,97.53
20030121,28.51,3.9247,0.797,2.436,0.37,23.96,25.66,22.73,92.87,1.07,1.51,0.43,97.57
20030122,12.98,4.596,1.1566,2.8596,0.44,24.25,27.5,22.07,88.47,1.0,2.26,0.44,97.56
20030123,1.07,5.9911,4.3094,2.4826,0.57,24.4,27.11,22.19,90.02,1.31,2.31,0.53,97.39
20030124,16.35,4.488,0.8069,3.047,0.43,24.22,26.35,22.6,93.68,1.2,2.1,0.46,97.45
20030125,10.08,4.7374,1.4002,2.9148,0.45,24.44,25.99,23.29,93.0,1.14,2.17,0.47,97.5
20030126,3.34,4.9778,2.4024,2.5682,0.47,24.38,26.07,23.31,94.26,1.33,2.0,0.5,97.54
20030127,19.02,5.9906,3.7922,2.8308,0.57,25.88,28.48,23.63,86.12,1.43,2.23,0.6,97.46
20030128,39.29,5.9186,3.2222,3.0242,0.56,24.9,26.65,23.5,94.89,1.2,1.57,0.45,97.55
20030129,12.09,5.5406,2.8207,2.7312,0.52,24.11,27.31,20.35,87.7,1.01,1.79,0.32,97.59
20030130,0.84,5.7478,2.9714,3.0362,0.54,24.98,28.25,22.35,88.94,1.51,2.74,0.58,97.49
20030131,7.34,4.584,1.2144,2.8858,0.43,24.18,25.8,22.79,94.82,1.38,2.39,0.58,97.53
20030201,8.21,4.2874,1.0824,2.729,0.4,24.13,26.23,22.55,93.08,1.14,2.06,0.56,97.46
20030202,12.28,5.3628,2.6868,2.6657,0.51,24.45,27.29,21.85,90.62,1.18,2.04,0.51,97.37
20030203,5.86,5.1019,1.5912,3.0929,0.48,24.74,26.61,23.18,94.65,1.69,2.73,0.79,97.33
20030204,2.48,4.9082,0.7409,3.4884,0.46,24.03,25.65,22.83,96.16,1.64,3.06,0.72,97.33
20030205,5.27,4.5475,0.4903,3.1613,0.43,24.54,27.63,22.2,91.88,1.51,2.84,0.68,97.33
20030206,6.92,5.701,4.0517,2.4746,0.54,24.48,27.63,21.86,92.15,1.47,2.8,0.63,97.31
20030207,19.8,4.7729,1.6402,2.7394,0.45,24.59,26.91,23.05,92.64,0.95,1.56,0.45,97.33
20030208,27.2,4.7491,2.0338,2.472,0.45,24.67,27.63,22.42,91.63,1.29,2.48,0.54,97.34
20030209,5.78,6.0912,4.6063,2.9438,0.57,24.86,26.9,23.25,93.76,1.17,1.74,0.47,97.32
20030210,3.45,5.5483,3.5993,2.6254,0.52,24.85,25.75,24.01,95.21,1.36,2.03,0.46,97.36
20030211,1.66,6.1229,4.9567,2.31,0.57,24.71,26.05,23.77,94.89,1.42,1.95,0.51,97.35
20030212,5.89,3.1942,0.6055,2.124,0.3,24.86,26.16,23.81,96.91,1.35,2.5,0.55,97.28
20030213,8.61,5.4528,3.9245,2.2058,0.51,24.99,26.31,23.92,95.29,1.04,1.7,0.46,97.31
20030214,1.09,6.0317,4.356,2.3878,0.57,24.97,26.4,23.91,95.25,1.65,2.44,0.62,97.38
20030215,1.29,5.9945,3.4164,2.879,0.56,24.58,25.77,23.63,94.45,1.53,1.93,0.51,97.41
20030216,13.4,3.6754,0.4128,2.5802,0.34,23.9,25.75,22.43,94.33,1.08,1.48,0.41,97.41
20030217,7.38,5.2183,2.0028,2.9671,0.49,23.75,26.35,21.97,92.22,1.13,2.02,0.49,97.47
20030218,16.7,4.6025,1.549,2.5841,0.43,24.31,26.71,22.58,93.16,1.21,2.23,0.57,97.33
20030219,5.66,3.5026,0.2575,2.4247,0.33,23.87,25.94,22.69,94.16,0.85,1.87,0.38,97.3
20030220,13.22,4.3598,0.6043,2.9906,0.41,23.61,25.13,22.63,93.9,0.97,2.1,0.46,97.42
20030221,0.95,2.9954,0.2119,2.1451,0.28,24.04,26.55,22.19,91.26,1.13,2.1,0.49,97.54
20030222,0.23,5.8068,2.7514,2.9626,0.54,24.47,27.36,22.49,87.79,1.05,2.05,0.45,97.56
20030223,1.03,5.4881,1.5754,3.4661,0.52,24.27,27.54,22.27,87.12,1.09,2.17,0.48,97.38
20030224,3.83,5.6292,2.7593,2.8486,0.53,24.22,26.91,22.04,88.61,1.12,1.65,0.45,97.31
20030225,0.74,6.3708,5.3052,2.6554,0.6,24.84,27.46,22.81,88.83,1.2,2.41,0.51,97.31
20030226,0.53,6.143,3.8136,2.916,0.58,25.41,28.23,23.12,88.27,1.35,2.22,0.56,97.3
20030227,0.17,6.1795,3.3091,3.2638,0.58,23.72,25.78,21.53,88.19,1.01,2.12,0.41,97.53
20030228,0.16,6.3389,6.5321,2.6971,0.6,24.89,29.05,20.87,82.0,1.63,2.34,0.59,97.34
20030301,1.31,5.6371,3.0067,2.7619,0.53,24.57,28.45,21.09,83.03,1.8,2.72,0.66,97.4
20030302,10.03,3.2429,0.1838,2.2951,0.3,23.95,25.99,22.12,91.3,1.09,1.69,0.45,97.46
20030303,9.28,5.586,3.2287,3.0785,0.53,24.67,26.83,22.66,90.61,1.22,1.82,0.5,97.37
20030304,1.88,4.9987,0.9646,3.3955,0.47,24.31,25.68,23.17,94.01,1.21,1.89,0.5,97.29
20030305,1.7,5.4588,2.5805,2.7106,0.51,24.26,26.13,23.15,92.83,1.01,1.38,0.46,97.44
20030306,18.15,5.2378,1.9901,2.9042,0.49,23.95,26.31,22.5,94.22,1.35,2.77,0.6,97.38
20030307,38.23,5.3954,1.8859,3.042,0.51,23.77,25.63,22.32,95.2,1.54,2.3,0.71,97.22
20030308,12.26,4.7794,1.2329,2.9784,0.45,24.87,27.7,22.98,90.14,1.17,2.29,0.55,97.14
20030309,31.52,5.7523,3.7565,2.6213,0.54,25.01,28.3,21.99,88.68,0.96,1.81,0.39,97.12
20030310,5.79,6.2945,4.9318,2.5272,0.59,25.45,29.31,22.69,87.15,1.01,1.96,0.36,97.0
20030311,0.03,6.6593,6.5234,2.263,0.63,26.08,29.99,21.99,80.6,1.11,1.75,0.31,97.01
20030312,1.44,5.8918,3.8242,2.7734,0.56,25.58,28.26,23.6,86.97,1.76,2.93,0.71,97.31
20030313,4.04,4.2223,1.2895,2.5814,0.4,24.43,27.26,22.7,91.63,1.36,2.06,0.65,97.58
20030314,0.04,4.9704,1.7318,2.9179,0.47,25.01,27.85,23.23,88.92,1.33,2.75,0.62,97.51
20030315,7.35,4.9934,2.4226,2.4374,0.47,24.5,25.66,23.65,93.67,1.41,2.55,0.64,97.52
20030316,11.1,5.7233,3.5321,2.6604,0.54,23.97,25.22,23.13,96.27,1.32,1.56,0.51,97.67
20030317,8.1,4.3243,1.3699,2.5685,0.41,23.42,24.81,22.35,94.65,0.83,1.18,0.4,97.7
20030318,2.16,5.8027,3.552,2.6786,0.55,24.24,27.77,21.85,90.77,1.26,2.34,0.54,97.59
20030319,0.55,3.8818,1.0582,2.299,0.37,24.34,26.34,23.05,93.89,1.31,1.91,0.6,97.54
20030320,2.89,2.6722,0.2849,1.8331,0.26,24.03,25.77,22.54,93.65,1.08,1.46,0.43,97.53
20030321,4.62,6.0583,4.2785,2.5147,0.58,23.32,24.94,21.83,95.29,1.05,1.73,0.45,97.54
20030322,3.36,5.7926,3.5621,2.6866,0.56,24.07,27.04,22.26,89.09,1.1,1.92,0.44,97.63
20030323,0.19,5.4386,2.8738,2.7014,0.52,24.42,27.99,22.06,87.08,1.18,2.2,0.49,97.55
20030324,3.24,5.6131,3.7622,2.4463,0.54,24.45,27.27,22.57,90.56,1.51,2.23,0.6,97.49
20030325,1.35,4.4446,0.9214,2.8471,0.43,24.01,25.37,22.78,94.8,1.19,1.45,0.44,97.5
20030326,8.89,5.1142,2.7562,2.6028,0.49,24.3,25.63,23.12,95.03,1.44,2.03,0.57,97.51
20030327,5.44,6.011,4.0418,2.6222,0.58,24.78,28.21,22.5,90.88,1.3,2.52,0.52,97.32
20030328,15.49,5.2932,3.8868,2.1415,0.51,25.25,27.15,23.79,92.31,1.05,2.22,0.45,97.12
20030329,19.67,5.4943,3.6682,2.4391,0.53,24.97,26.81,23.83,93.53,1.24,2.48,0.54,97.26
20030330,2.95,5.4617,2.7098,2.9873,0.53,24.5,26.21,23.34,95.03,1.24,1.62,0.54,97.45
20030331,1.13,3.799,0.7824,2.4806,0.37,23.82,25.05,22.43,94.69,1.26,1.9,0.5,97.48
20030401,9.8,4.6361,3.2645,1.9495,0.45,23.46,25.58,21.92,94.39,1.13,2.12,0.48,97.31
20030402,43.49,4.302,0.6154,2.7305,0.42,23.49,24.77,22.76,97.54,0.93,1.59,0.45,97.26
20030403,11.74,2.8471,0.1538,1.9925,0.28,23.36,25.34,22.24,94.49,1.13,1.69,0.47,97.32
20030404,1.4,5.5656,3.9437,2.3074,0.55,23.65,25.74,21.93,92.14,1.19,2.07,0.5,97.38
20030405,10.48,5.1653,2.6779,2.5411,0.51,24.63,26.79,22.53,92.49,0.76,1.68,0.33,97.39
20030406,16.26,4.5994,2.3376,2.4149,0.45,25.49,28.5,23.77,87.38,1.15,2.25,0.45,97.5
20030407,9.23,5.2186,4.1866,2.0604,0.52,24.81,27.33,23.58,92.83,0.99,1.91,0.46,97.62
20030408,1.02,5.8982,3.2155,2.8291,0.58,24.99,28.03,22.97,89.65,1.11,2.31,0.45,97.61
20030409,0.0,5.1456,2.3892,2.7586,0.51,24.81,27.84,23.09,89.95,1.53,2.35,0.63,97.59
20030410,0.16,6.114,5.353,2.0554,0.61,24.56,27.15,22.91,90.78,1.53,2.75,0.67,97.58
20030411,0.03,5.7346,4.9399,2.1576,0.57,24.71,27.78,22.63,87.97,1.39,2.34,0.63,97.6
20030412,0.04,6.3094,6.9334,2.3184,0.63,24.4,27.25,22.43,90.63,1.36,2.36,0.57,97.44
20030413,8.46,4.183,2.2164,2.1305,0.42,24.34,26.91,21.84,89.57,1.31,2.22,0.51,97.43
20030414,11.61,5.3422,3.5866,2.418,0.54,24.48,26.68,22.35,93.39,1.24,2.03,0.51,97.42
20030415,14.92,4.2211,2.0945,2.3014,0.42,25.16,27.99,23.33,92.26,1.29,1.98,0.54,97.52
20030416,13.35,2.778,0.3478,1.9066,0.28,24.3,25.68,23.09,96.41,0.95,1.58,0.43,97.57
20030417,4.63,5.4374,4.8655,2.0899,0.55,24.03,25.74,23.07,95.43,1.28,2.7,0.49,97.5
20030418,8.94,4.6282,1.9944,2.5006,0.47,23.97,25.25,22.64,96.29,1.32,1.96,0.55,97.4
20030419,3.13,4.259,1.5864,2.4905,0.43,23.86,25.2,22.68,95.09,1.35,2.6,0.57,97.41
20030420,6.41,5.9892,4.5425,2.3506,0.61,25.25,28.6,23.01,86.26,1.38,2.04,0.63,97.45
20030421,8.89,4.3406,1.5924,2.5514,0.44,24.63,26.93,23.36,92.27,0.99,1.48,0.46,97.58
20030422,1.41,5.8886,4.5768,2.2397,0.6,24.51,27.06,22.32,90.91,1.04,1.64,0.46,97.42
20030423,50.69,3.2743,0.7483,2.2037,0.34,24.67,25.9,23.94,95.6,1.42,2.14,0.59,97.36
20030424,65.46,2.533,0.3173,1.7798,0.26,24.68,26.14,23.59,96.37,1.54,2.54,0.64,97.32
20030425,34.39,4.8278,2.3093,2.6316,0.5,24.65,26.32,23.21,94.62,1.37,2.27,0.56,97.35
20030426,22.5,2.8673,0.5767,1.9423,0.3,24.5,27.1,22.53,93.31,1.23,1.97,0.54,97.29
20030427,1.96,5.263,2.9844,2.7031,0.55,25.14,28.12,22.6,91.06,1.27,2.02,0.57,97.23
20030428,54.06,3.8815,0.6792,2.4742,0.4,25.14,26.9,23.99,95.69,1.47,2.26,0.58,97.32
20030429,66.82,5.6064,4.6843,1.9174,0.58,25.02,25.79,24.21,97.62,2.06,2.55,0.84,97.39
20030430,48.15,2.5258,0.4238,1.6514,0.26,24.61,25.64,23.77,97.48,1.44,2.41,0.63,97.41
20030501,6.22,5.5968,4.9687,1.7818,0.59,24.76,25.99,23.65,96.75,1.48,2.18,0.56,97.27
20030502,4.24,3.4512,0.9211,2.1199,0.36,25.45,27.08,24.72,96.42,1.59,1.95,0.63,97.22
20030503,26.31,4.2329,1.7616,2.3707,0.45,25.32,26.66,24.55,96.28,1.32,1.95,0.54,97.29
20030504,21.42,5.4,4.9068,1.7136,0.57,25.26,26.65,24.48,96.49,0.84,1.45,0.33,97.23
20030505,15.11,5.1727,3.4433,2.322,0.55,25.03,26.38,24.23,96.11,1.41,1.88,0.51,97.3
20030506,23.44,3.9485,0.9655,2.5493,0.42,24.83,25.83,24.1,96.76,1.54,1.81,0.63,97.38
20030507,34.74,3.7946,0.3934,2.6395,0.4,25.43,27.6,24.1,93.54,1.41,2.3,0.6,97.32
20030508,40.4,4.3884,2.8848,2.0549,0.47,25.67,28.64,24.09,93.03,1.58,2.43,0.69,97.16
20030509,31.8,4.1801,2.1353,2.3976,0.45,24.66,26.58,23.45,94.28,1.39,1.93,0.59,97.23
20030510,69.42,1.7774,0.2347,1.2708,0.19,24.93,27.05,23.73,94.99,1.43,2.16,0.6,97.23
20030511,29.32,4.7998,2.7377,2.4242,0.52,25.04,26.91,23.69,94.45,1.25,2.2,0.49,97.23
20030512,0.73,2.2097,0.1997,1.6776,0.24,24.83,26.18,23.9,94.62,1.03,1.7,0.32,97.25
20030513,21.27,2.286,0.3046,1.6322,0.25,24.17,25.16,22.78,96.49,1.24,2.44,0.5,97.3
20030514,2.06,5.1242,2.9582,2.8308,0.56,24.55,27.89,22.59,92.11,1.4,2.74,0.58,97.3
20030515,0.26,4.7957,3.3115,2.123,0.52,24.4,26.3,22.93,93.23,1.11,1.78,0.42,97.38
20030516,21.93,4.8062,3.4817,2.1955,0.52,24.34,25.7,23.45,95.68,1.35,2.19,0.55,97.38
20030517,15.09,2.4984,0.1272,1.8523,0.27,24.12,26.01,22.72,93.83,0.89,1.75,0.35,97.38
20030518,3.73,3.9348,0.7246,2.7355,0.43,23.97,26.74,21.97,93.09,1.41,3.01,0.56,97.49
20030519,0.07,4.2264,1.2715,2.8099,0.46,23.94,26.62,22.37,91.82,0.96,1.44,0.39,97.75
20030520,6.06,5.1914,4.1122,2.0455,0.57,24.02,26.84,21.54,88.54,1.37,1.98,0.53,97.73
20030521,78.44,4.619,3.216,2.0546,0.51,23.61,26.37,22.17,93.18,1.26,2.42,0.57,97.68
20030522,8.86,5.0453,4.0116,2.1588,0.56,23.59,26.51,21.7,91.06,1.21,2.12,0.56,97.66
20030523,2.41,4.3884,2.1756,2.4072,0.49,24.18,27.24,22.09,90.64,1.31,1.94,0.52,97.59
20030524,2.91,4.3639,3.0547,1.9598,0.48,23.95,26.23,22.86,93.29,1.31,2.15,0.53,97.61
20030525,2.09,4.5319,4.9162,1.488,0.5,23.81,26.13,22.61,92.38,1.69,2.82,0.68,97.66
20030526,10.17,4.0286,3.223,1.764,0.45,23.32,25.12,22.53,95.5,1.47,2.3,0.64,97.59
20030527,10.17,4.6817,4.3493,1.9066,0.52,23.74,26.21,22.56,94.26,1.66,2.45,0.66,97.47
20030528,8.06,4.3394,3.4884,1.9781,0.48,23.9,26.38,22.33,93.58,1.56,2.12,0.66,97.47
20030529,1.84,5.4146,5.6981,1.3927,0.61,24.12,27.2,22.3,91.86,1.46,2.24,0.69,97.52
20030530,4.65,4.3944,3.3758,2.1314,0.49,24.29,27.04,22.55,92.13,1.01,1.84,0.48,97.6
20030531,1.86,4.6169,4.5194,1.7004,0.52,24.37,27.74,22.31,90.91,1.08,1.89,0.55,97.62
20030601,0.02,5.3506,5.5493,1.5818,0.6,24.55,28.02,21.49,88.91,1.23,2.06,0.56,97.6
20030602,0.06,4.9409,4.4513,1.95,0.56,24.11,26.3,22.3,91.88,1.28,1.73,0.51,97.62
20030603,8.39,5.3198,5.5003,1.5862,0.6,24.36,26.92,22.77,92.15,1.58,2.32,0.68,97.71
20030604,1.11,5.0938,4.541,1.9255,0.58,24.37,27.47,22.48,91.43,1.38,2.2,0.59,97.77
20030605,0.0,5.9112,6.851,1.2034,0.67,24.24,27.76,21.23,89.27,1.6,2.25,0.71,97.66
20030606,0.1,4.2842,3.8453,1.698,0.49,24.0,27.07,21.67,89.43,1.56,2.34,0.66,97.59
20030607,0.43,3.7534,2.4182,2.0695,0.43,23.45,26.42,21.45,89.82,1.65,2.66,0.7,97.66
20030608,0.23,4.8854,5.2097,1.4638,0.56,23.5,27.0,20.89,88.73,1.28,2.35,0.55,97.64
20030609,0.13,4.6447,3.1027,2.201,0.53,23.21,25.75,21.27,91.47,1.34,2.52,0.57,97.6
20030610,0.03,4.1412,3.7608,1.6205,0.47,22.98,25.63,21.14,89.3,1.54,2.52,0.68,97.6
20030611,0.0,4.0896,3.5863,1.65,0.47,22.63,25.23,20.7,89.03,1.31,2.19,0.62,97.57
20030612,1.9,3.529,2.7782,1.6267,0.4,22.26,23.82,20.71,92.91,0.82,1.5,0.4,97.63
20030613,1.01,4.3802,3.0509,2.0513,0.5,23.0,25.39,21.41,91.44,1.1,2.06,0.46,97.69
20030614,0.79,4.2912,2.6441,2.2399,0.49,23.34,26.28,21.19,90.6,1.12,2.13,0.47,97.65
20030615,1.62,5.551,6.1265,1.4311,0.63,23.77,26.17,22.01,89.61,1.07,2.05,0.45,97.51
20030616,2.38,4.8547,4.8941,1.6118,0.56,23.81,26.38,22.41,93.79,1.29,1.91,0.5,97.63
20030617,1.5,3.5222,2.5404,1.7561,0.4,23.58,25.76,22.33,93.49,1.3,1.86,0.52,97.63
20030618,4.71,3.0509,1.1424,1.781,0.35,23.32,25.63,22.3,93.39,1.31,2.21,0.52,97.6
20030619,6.14,4.7503,3.8652,1.9387,0.54,22.77,24.55,21.68,95.94,1.1,2.16,0.46,97.58
20030620,1.96,4.7054,3.8122,2.0028,0.54,22.87,25.66,21.41,93.53,0.92,2.01,0.41,97.55
20030621,15.97,3.8419,1.1162,2.5241,0.44,23.82,27.1,21.41,90.44,1.22,1.99,0.45,97.43
20030622,18.21,2.8927,1.0517,1.872,0.33,23.96,25.67,22.75,94.34,1.16,2.09,0.5,97.46
20030623,13.08,3.6588,2.2584,1.861,0.42,24.21,27.32,21.0,89.92,1.07,1.85,0.45,97.49
20030624,10.66,4.3874,1.272,2.8939,0.5,24.17,26.68,22.86,93.72,0.96,1.89,0.39,97.37
20030625,0.6,4.3056,1.746,2.6556,0.49,24.53,27.59,22.67,92.16,1.44,2.57,0.54,97.4
20030626,5.3,2.6882,0.6984,1.8506,0.31,24.05,25.62,23.11,94.54,1.25,2.52,0.52,97.44
20030627,10.07,3.8002,3.2887,1.6037,0.44,24.31,27.39,22.78,93.79,1.52,2.55,0.64,97.39
20030628,16.62,2.8716,0.7157,1.8854,0.33,23.68,25.53,22.54,94.64,1.18,1.99,0.48,97.39
20030629,45.75,3.18,0.5964,2.2034,0.36,23.72,26.38,22.35,94.19,1.19,2.46,0.51,97.42
20030630,15.37,5.0926,5.316,1.4885,0.58,23.54,26.21,22.13,92.61,1.37,2.59,0.54,97.46
20030701,17.89,3.3413,1.2245,1.9354,0.38,23.42,26.57,21.64,92.45,1.19,1.93,0.46,97.61
20030702,16.32,2.443,0.3552,1.7496,0.28,23.36,25.3,22.27,94.6,1.25,2.1,0.49,97.62
20030703,0.92,4.5569,3.4649,2.0088,0.52,23.28,26.06,22.01,92.7,1.41,2.43,0.58,97.6
20030704,3.72,2.7115,0.3814,1.8523,0.31,22.87,25.08,21.64,93.06,1.13,2.22,0.47,97.54
20030705,10.47,4.0169,1.8202,2.2294,0.46,23.21,25.73,21.16,94.51,1.28,2.12,0.55,97.49
20030706,15.75,4.1162,1.6517,2.4024,0.47,23.04,25.25,21.57,94.61,1.31,1.91,0.56,97.53
20030707,15.77,4.0358,2.8224,1.9447,0.46,22.69,24.26,21.91,95.24,1.17,2.03,0.5,97.51
20030708,7.23,2.6575,0.4579,1.7455,0.3,23.58,26.09,22.05,90.4,1.17,2.14,0.52,97.54
20030709,0.11,3.8758,1.4018,2.2531,0.44,23.76,26.65,22.4,90.37,1.2,2.17,0.51,97.48
20030710,6.18,3.0355,0.6701,2.0086,0.34,22.72,23.82,21.6,94.55,0.98,1.59,0.45,97.52
20030711,19.63,2.8903,0.2438,2.1127,0.33,22.83,25.76,21.5,94.1,1.0,1.78,0.43,97.54
20030712,7.98,4.8866,3.8203,2.0316,0.55,22.8,24.66,21.14,95.23,1.25,2.06,0.52,97.51
20030713,39.53,4.8007,4.1614,1.9562,0.54,23.36,26.09,21.37,93.53,1.46,2.46,0.57,97.38
20030714,105.74,2.2529,0.2153,1.5778,0.25,22.84,23.81,22.33,96.89,1.42,1.98,0.54,97.47
20030715,70.81,3.8167,1.6546,2.1898,0.43,22.34,24.11,21.52,94.29,1.29,2.03,0.52,97.54
20030716,50.15,2.9906,0.3055,2.1386,0.34,22.49,24.47,21.41,93.97,1.32,2.38,0.58,97.58
20030717,11.83,3.8626,0.9341,2.5116,0.43,21.71,23.5,20.66,94.39,1.39,2.38,0.63,97.59
20030718,0.97,3.1855,1.4062,1.7839,0.36,21.77,24.04,20.59,91.77,1.31,2.48,0.59,97.45
20030719,1.17,3.666,0.6367,2.5346,0.41,21.87,24.37,20.27,93.93,1.26,2.32,0.51,97.48
20030720,2.64,4.3682,1.175,2.6026,0.49,22.85,25.37,20.92,94.47,1.2,2.23,0.45,97.45
20030721,102.42,3.5086,0.9698,2.298,0.39,23.22,25.31,22.18,95.53,1.31,2.24,0.49,97.4
20030722,25.62,3.7394,1.5293,2.1886,0.42,23.45,26.17,22.12,93.04,1.06,2.24,0.36,97.47
20030723,41.72,4.0135,1.5473,2.317,0.45,23.1,25.43,21.89,94.92,1.32,2.3,0.46,97.58
20030724,19.37,3.4054,1.1599,2.0738,0.38,23.18,25.26,21.95,96.02,1.13,1.59,0.38,97.58
20030725,24.15,3.0118,0.6406,1.9325,0.33,23.29,24.93,22.34,96.06,1.42,2.48,0.53,97.55
20030726,19.65,3.8047,1.4719,2.2246,0.42,23.2,25.27,22.15,96.28,1.22,1.68,0.5,97.64
20030727,5.24,3.8738,1.458,2.1878,0.43,23.19,25.8,21.92,94.31,1.21,1.88,0.49,97.63
20030728,6.31,3.4123,0.5201,2.3071,0.38,22.84,24.54,21.77,94.87,1.34,1.89,0.58,97.64
20030729,25.15,2.4314,0.5117,1.5413,0.27,22.38,23.83,21.33,95.78,1.19,2.26,0.47,97.68
20030730,39.66,4.4208,1.6006,2.5066,0.48,22.55,24.7,21.38,95.27,1.39,2.6,0.56,97.68
20030731,33.88,2.5037,0.4747,1.739,0.27,22.04,23.31,21.15,95.66,1.35,2.37,0.54,97.7
20030801,13.34,3.4459,0.485,2.2999,0.38,22.07,24.08,20.8,93.25,1.38,2.59,0.59,97.66
20030802,0.04,3.4433,1.2696,1.9553,0.37,21.85,24.37,20.15,92.46,1.37,2.21,0.62,97.65
20030803,1.6,3.8047,3.1255,1.5401,0.41,22.51,25.42,20.76,90.85,1.49,2.18,0.68,97.58
20030804,8.62,2.9489,0.6905,1.9994,0.32,22.19,24.34,20.77,94.26,1.38,2.55,0.57,97.64
20030805,16.78,2.7526,0.5398,1.8442,0.3,21.99,23.41,20.91,96.15,1.18,1.99,0.49,97.72
20030806,7.82,5.2106,3.0415,2.4463,0.56,22.51,25.37,20.78,94.67,1.14,2.0,0.46,97.69
20030807,11.48,4.2845,2.7847,1.9514,0.46,23.21,26.37,21.46,93.21,1.33,2.07,0.57,97.63
20030808,5.09,3.265,0.8285,2.027,0.35,22.52,25.22,21.21,94.4,1.4,2.41,0.62,97.58
20030809,11.27,2.9834,0.5304,2.0748,0.32,22.9,24.74,21.39,93.42,1.09,2.1,0.48,97.54
20030810,6.35,3.9149,1.0018,2.3597,0.42,23.82,26.94,22.11,92.56,1.17,2.41,0.45,97.45
20030811,12.14,4.0078,0.7901,2.7646,0.43,23.59,25.69,22.21,95.59,1.12,1.47,0.38,97.54
20030812,2.03,4.3238,1.1086,2.7713,0.46,23.48,25.16,22.44,95.81,1.47,2.33,0.55,97.63
20030813,1.93,4.5072,2.0702,2.4295,0.48,23.28,25.54,22.04,93.86,1.31,2.13,0.49,97.61
20030814,40.09,3.7997,2.1941,2.286,0.4,22.95,25.89,21.15,93.17,1.21,1.69,0.49,97.46
20030815,14.59,5.0465,3.6096,2.148,0.53,23.24,26.9,21.4,92.2,1.01,2.1,0.36,97.45
20030816,9.6,3.3084,0.8705,2.1382,0.35,23.11,24.51,22.07,94.54,1.16,2.35,0.48,97.47
20030817,13.74,4.4074,2.5956,2.0772,0.46,23.5,26.75,21.65,91.86,1.18,2.47,0.49,97.55
20030818,29.12,3.1577,0.6562,2.0004,0.33,23.64,26.94,21.7,91.76,1.41,2.7,0.59,97.49
20030819,5.9,3.5676,1.998,1.854,0.37,23.16,26.54,21.49,93.93,1.28,2.06,0.51,97.47
20030820,5.66,4.1222,2.4835,1.9896,0.43,23.07,26.81,21.05,91.71,1.25,2.35,0.52,97.47
20030821,10.0,4.373,1.9421,2.5284,0.45,22.71,25.99,20.45,90.87,0.88,1.49,0.4,97.6
20030822,0.74,4.6714,1.7023,2.7756,0.48,22.66,25.7,21.24,91.41,1.31,2.02,0.5,97.58
20030823,9.73,4.4105,2.6186,2.0938,0.46,22.4,24.54,20.79,92.96,1.35,2.38,0.54,97.64
20030824,15.43,4.0056,2.7778,1.6915,0.41,22.94,25.56,21.29,92.37,1.51,2.49,0.56,97.65
20030825,13.13,3.2846,0.1978,2.4586,0.34,22.09,23.53,20.45,94.85,0.69,1.17,0.27,97.71
20030826,0.01,4.2845,1.4378,2.4094,0.44,23.51,26.59,21.82,91.27,1.35,2.56,0.56,97.62
20030827,0.93,2.7756,0.4824,1.9075,0.28,22.14,23.0,20.55,93.44,1.48,2.33,0.56,97.68
20030828,0.16,4.9519,4.0106,2.0748,0.51,22.01,25.04,19.65,91.27,1.21,2.0,0.53,97.74
20030829,0.98,3.2741,1.6423,1.7434,0.33,22.22,25.1,20.22,90.09,1.25,2.46,0.54,97.62
20030830,0.35,5.4526,3.8983,2.1353,0.55,21.9,24.35,20.02,91.94,1.03,1.7,0.4,97.69
20030831,33.3,4.2247,1.962,2.2234,0.43,22.35,25.14,20.75,93.19,1.36,2.61,0.55,97.65
20030901,31.66,4.7172,1.8137,2.6856,0.48,22.34,24.81,20.63,93.78,1.28,2.51,0.51,97.72
20030902,39.48,3.9022,1.0207,2.2824,0.39,23.0,26.4,20.82,92.51,1.27,2.34,0.48,97.72
20030903,18.84,3.3504,0.9689,2.0947,0.34,22.27,23.78,20.89,96.02,1.45,2.4,0.55,97.7
20030904,21.34,3.8729,1.3152,2.2138,0.39,22.77,25.63,21.57,94.2,1.49,2.99,0.6,97.7
20030905,9.1,3.9528,0.4313,2.7062,0.4,22.84,25.9,21.19,92.4,1.57,2.84,0.64,97.64
20030906,12.53,3.3334,0.3809,2.285,0.33,22.19,24.23,21.01,94.35,1.42,2.45,0.59,97.65
20030907,1.56,3.3566,0.1274,2.4437,0.34,22.32,24.56,20.82,94.31,0.8,1.35,0.36,97.73
20030908,0.14,4.2936,0.9041,2.917,0.43,23.2,26.19,20.99,90.48,0.98,1.71,0.43,97.71
20030909,11.62,3.3722,0.5534,2.2111,0.34,23.22,26.26,21.5,92.86,1.33,2.59,0.57,97.6
20030910,8.45,4.7136,1.8302,2.581,0.47,22.7,24.34,21.73,95.11,1.28,2.03,0.55,97.6
20030911,12.52,4.2007,1.391,2.4977,0.42,23.33,26.1,21.64,94.43,1.29,2.24,0.53,97.58
20030912,6.69,4.8842,2.1264,2.6126,0.48,22.63,24.29,21.61,95.59,1.36,2.13,0.53,97.59
20030913,4.4,4.4515,1.637,2.5632,0.44,22.91,24.68,21.49,95.36,1.02,1.74,0.4,97.55
20030914,0.8,4.1904,1.29,2.4199,0.41,23.25,25.4,21.85,94.24,1.25,2.24,0.47,97.5
20030915,1.53,4.4002,1.6817,2.5538,0.43,23.67,26.68,21.85,92.28,1.18,1.9,0.47,97.5
20030916,8.2,4.6826,1.7189,2.7454,0.46,22.93,24.87,21.63,96.01,1.35,2.81,0.55,97.58
20030917,1.0,5.1946,3.1774,2.4602,0.51,23.67,26.77,21.48,91.63,1.38,2.63,0.54,97.57
20030918,7.29,4.8694,2.501,2.4554,0.48,24.46,27.44,22.79,91.24,1.38,2.63,0.61,97.55
20030919,4.71,4.8857,1.6651,2.8255,0.48,23.25,24.68,22.29,95.91,1.08,1.81,0.44,97.67
20030920,46.12,5.1487,2.9849,2.3587,0.5,23.18,25.49,21.82,93.83,0.93,1.33,0.39,97.75
20030921,4.64,6.1949,4.127,2.7979,0.6,23.87,27.48,21.01,88.58,1.3,2.19,0.58,97.68
20030922,0.31,5.7202,5.0978,1.6925,0.56,23.64,27.14,21.39,89.06,1.52,2.61,0.64,97.61
20030923,0.63,4.2569,2.532,2.0626,0.41,23.41,26.96,21.25,88.9,1.37,2.32,0.6,97.6
20030924,0.07,4.781,0.4385,3.534,0.46,23.58,26.08,21.66,91.27,1.13,1.6,0.5,97.54
20030925,3.36,5.586,2.8147,2.7019,0.54,24.61,28.26,21.78,89.8,1.11,1.74,0.45,97.48
20030926,6.67,4.1479,0.9811,2.5601,0.4,23.97,25.31,22.67,96.71,1.21,1.62,0.48,97.41
20030927,32.27,3.4219,0.4238,2.2963,0.33,23.25,25.52,21.65,94.42,1.34,2.05,0.54,97.43
20030928,8.5,4.5334,0.8707,3.0223,0.44,23.91,26.84,22.38,91.45,1.2,2.47,0.52,97.43
20030929,9.06,6.0389,4.254,2.4804,0.58,24.23,27.39,22.35,91.4,1.23,2.33,0.53,97.34
20030930,5.75,4.9279,3.8645,1.8552,0.47,24.0,26.82,22.3,93.89,1.25,2.03,0.51,97.29
20031001,31.92,4.8252,2.8183,2.0294,0.46,23.92,25.53,22.78,94.11,1.19,2.08,0.48,97.34
20031002,22.3,5.2699,2.0177,3.0005,0.51,24.18,26.03,22.78,92.05,0.68,1.17,0.31,97.44
20031003,0.72,5.2958,1.8634,3.0857,0.51,25.16,28.92,22.04,87.65,1.25,2.04,0.46,97.44
20031004,8.74,4.218,1.8046,2.556,0.4,24.44,26.34,23.34,93.65,1.29,1.95,0.53,97.43
20031005,2.55,4.7806,1.2931,2.7962,0.46,23.76,25.81,21.36,93.78,1.39,2.16,0.57,97.46
20031006,3.72,4.4436,2.016,2.4502,0.43,24.79,27.19,23.47,91.84,1.37,2.59,0.57,97.51
20031007,48.72,4.1722,0.7505,2.8075,0.4,24.3,26.71,22.71,91.87,1.27,2.23,0.5,97.59
20031008,17.32,5.0983,1.6459,2.8934,0.49,23.68,25.76,21.72,92.97,1.28,1.53,0.56,97.48
20031009,8.25,4.3234,1.6282,2.4768,0.41,23.72,24.94,22.82,95.79,1.26,2.56,0.55,97.44
20031010,0.88,5.0369,2.6986,2.4002,0.48,24.31,27.29,22.76,91.41,1.2,2.72,0.51,97.37
20031011,1.1,5.0198,2.1986,2.5699,0.48,23.61,24.99,22.43,94.95,1.41,3.03,0.59,97.38
20031012,2.01,5.6261,3.2681,2.7074,0.54,23.99,26.25,22.25,92.5,1.43,2.91,0.59,97.32
20031013,33.18,3.1634,0.3802,2.2219,0.3,23.95,25.67,22.9,96.3,1.22,1.76,0.5,97.38
20031014,7.77,2.7732,0.4447,1.8326,0.26,24.72,27.68,22.74,90.99,1.09,1.91,0.53,97.48
20031015,11.5,5.4845,2.0141,3.403,0.52,24.59,27.66,22.2,92.4,1.59,3.04,0.64,97.46
20031016,12.46,1.8146,0.1711,1.2878,0.17,23.98,25.55,22.83,96.29,1.71,2.49,0.71,97.4
20031017,3.24,4.765,0.4654,3.3557,0.45,23.12,24.69,22.08,93.54,0.98,1.61,0.43,97.48
20031018,0.08,5.3484,1.7158,2.9861,0.51,23.75,26.88,21.76,91.14,1.38,2.28,0.6,97.52
20031019,0.02,6.3322,3.8004,3.2256,0.6,23.56,26.55,21.35,90.1,1.34,2.02,0.59,97.52
20031020,0.41,6.3528,4.343,2.5498,0.6,23.55,25.89,21.16,90.03,1.27,2.07,0.52,97.55
20031021,0.07,5.8368,3.7058,2.5198,0.56,23.81,26.73,21.55,87.77,1.01,1.56,0.48,97.61
20031022,0.13,5.028,3.6094,2.0791,0.48,24.79,27.76,22.62,89.97,1.32,2.18,0.5,97.55
20031023,0.05,4.5859,1.2137,2.9222,0.44,24.78,28.7,22.26,85.1,1.07,1.97,0.48,97.66
20031024,0.05,5.7703,3.613,2.5428,0.55,24.61,28.12,22.11,86.26,0.9,1.36,0.39,97.62
20031025,0.01,5.621,4.638,2.0203,0.54,24.92,28.05,22.6,88.86,1.37,2.45,0.53,97.5
20031026,12.01,5.1274,3.7505,2.2258,0.49,24.05,25.37,22.28,94.95,1.41,2.65,0.56,97.54
20031027,8.19,5.467,2.9069,2.7418,0.52,23.26,26.96,20.98,89.76,1.15,2.25,0.45,97.63
20031028,0.55,6.5813,5.7854,2.0494,0.63,24.34,27.42,21.59,86.24,1.08,2.4,0.49,97.66
20031029,0.0,6.4555,5.1005,2.2226,0.62,25.18,28.87,21.98,86.19,1.06,1.95,0.46,97.38
20031030,0.21,5.8903,3.9396,2.5238,0.56,25.2,28.38,22.6,87.37,1.48,2.51,0.59,97.21
20031031,23.71,3.4238,0.4992,2.3573,0.33,24.48,27.26,22.75,91.58,1.34,2.32,0.53,97.32
20031101,10.0,5.0938,2.1398,2.9095,0.48,23.4,25.54,21.85,92.66,0.81,1.39,0.4,97.53
20031102,1.61,5.3249,2.1965,2.8831,0.51,23.69,26.48,21.51,90.81,1.08,1.57,0.47,97.55
20031103,23.53,5.6412,4.0066,2.227,0.54,24.64,27.71,22.14,89.98,1.33,2.52,0.52,97.5
20031104,4.63,5.2603,2.3786,2.747,0.5,25.5,29.08,22.82,88.49,1.55,2.28,0.63,97.38
20031105,0.53,5.7557,3.2981,2.5754,0.55,24.24,25.8,22.47,90.38,0.99,1.55,0.36,97.5
20031106,0.23,5.6549,2.7511,3.0041,0.54,23.42,26.38,21.52,91.48,1.05,1.56,0.48,97.41
20031107,0.0,6.7896,5.8666,2.0374,0.65,24.38,28.44,21.35,85.75,1.5,2.49,0.58,97.28
20031108,2.37,4.9428,1.9414,2.8238,0.47,24.45,27.54,22.37,90.02,1.35,2.26,0.54,97.22
20031109,8.81,4.1707,0.6398,2.7974,0.4,24.49,25.69,23.31,95.83,1.32,2.2,0.62,97.13
20031110,2.82,6.395,5.365,2.1101,0.61,24.25,26.58,22.89,92.4,1.1,2.1,0.5,97.24
20031111,0.04,6.3953,5.5121,2.3018,0.61,25.01,29.06,21.64,88.21,1.16,2.06,0.45,97.28
20031112,0.0,6.9298,6.7462,2.0666,0.66,25.14,28.56,22.16,87.29,1.2,2.19,0.53,97.32
20031113,0.0,5.7629,3.1286,3.1627,0.55,25.03,29.15,20.64,84.74,1.41,1.95,0.58,97.27
20031114,1.07,5.0162,3.1284,2.2603,0.48,25.17,27.88,23.52,91.44,1.43,2.71,0.6,97.31
20031115,4.11,2.7588,0.438,1.8727,0.26,25.17,28.63,22.12,88.32,0.97,1.53,0.45,97.41
20031116,0.28,6.6739,6.8666,1.7518,0.64,25.76,29.36,22.81,87.65,1.05,1.89,0.51,97.43
20031117,0.0,5.5898,3.4258,2.7374,0.53,25.9,29.73,22.52,86.09,1.01,1.77,0.42,97.45
20031118,0.0,5.3237,2.9616,2.5351,0.51,25.72,29.41,22.67,87.11,1.33,2.32,0.48,97.39
20031119,0.0,4.603,1.553,2.7814,0.44,25.11,27.07,23.66,91.16,1.42,2.35,0.56,97.38
20031120,0.78,5.1845,3.5093,2.437,0.5,25.93,29.18,23.96,87.74,1.13,2.25,0.49,97.31
20031121,18.34,5.3839,1.793,3.1584,0.52,24.97,26.63,23.93,94.35,1.21,1.82,0.5,97.42
20031122,10.05,6.204,4.4566,2.6165,0.59,25.35,28.59,23.1,89.69,1.11,1.86,0.46,97.5
20031123,0.89,5.5433,2.6278,3.1248,0.53,25.6,29.05,23.34,88.49,1.08,1.94,0.45,97.44
20031124,0.0,4.5818,1.3361,2.9069,0.44,24.84,27.59,23.38,90.64,1.5,3.15,0.59,97.4
20031125,0.0,5.7816,2.8001,3.1793,0.55,25.12,28.84,21.76,85.35,1.08,2.03,0.44,97.35
20031126,6.19,5.8512,4.2602,2.2738,0.56,24.59,27.64,21.35,86.78,1.2,2.01,0.47,97.27
20031127,34.03,5.7799,4.417,2.2366,0.55,24.18,26.89,22.36,92.62,1.36,2.48,0.52,97.27
20031128,28.87,3.3518,0.4558,2.2771,0.32,24.6,26.34,23.2,94.9,1.08,1.7,0.39,97.3
20031129,17.92,4.3174,0.4769,3.0758,0.41,24.07,26.11,22.18,94.01,1.13,1.45,0.39,97.4
20031130,4.41,5.7214,4.6478,2.1454,0.55,24.89,27.42,22.87,88.37,1.29,2.11,0.49,97.49
20031201,5.34,5.8752,5.1264,2.0172,0.56,25.51,28.73,23.51,88.77,1.26,2.42,0.5,97.44
20031202,1.72,4.3097,0.8062,2.9419,0.41,24.4,27.1,22.49,91.67,0.99,1.6,0.4,97.38
20031203,7.49,4.3606,1.2806,2.6614,0.42,23.83,26.4,21.98,89.42,1.17,1.77,0.41,97.29
20031204,5.79,3.8786,0.7445,2.6508,0.37,24.56,26.98,23.19,93.37,1.33,2.39,0.52,97.34
20031205,0.41,5.5538,3.7618,2.5421,0.53,25.01,27.65,22.97,90.43,1.21,1.96,0.5,97.32
20031206,0.04,2.9098,0.1517,2.16,0.28,24.43,25.96,23.3,92.95,1.34,2.01,0.49,97.34
20031207,7.48,5.6237,3.4409,2.7926,0.54,24.61,26.51,23.38,93.36,1.35,2.03,0.49,97.32
20031208,8.18,5.4326,3.4399,2.6419,0.52,23.93,25.64,22.26,93.35,1.0,1.74,0.42,97.41
20031209,0.39,5.9167,5.2414,2.0681,0.57,25.44,29.35,22.34,87.78,1.28,2.18,0.5,97.26
20031210,1.19,3.4687,0.2611,2.5116,0.33,24.83,26.05,23.83,95.74,1.48,2.8,0.59,97.22
20031211,12.94,5.0179,4.0375,2.6506,0.48,24.72,26.42,23.48,94.88,1.55,2.32,0.59,97.22
20031212,47.43,2.6062,0.0602,1.9978,0.25,24.31,26.87,22.55,91.9,1.05,1.85,0.39,97.28
20031213,3.45,6.1776,4.7534,2.2517,0.6,25.1,28.21,22.56,89.68,1.35,2.52,0.55,97.22
20031214,1.63,2.8063,0.0218,2.1473,0.27,24.33,25.99,23.36,95.19,1.23,2.15,0.47,97.24
20031215,11.06,5.0933,2.1626,2.8476,0.49,23.77,25.85,22.41,94.43,1.18,1.73,0.51,97.22
20031216,7.17,6.1318,4.723,2.1982,0.59,24.29,26.58,22.29,94.79,1.26,2.4,0.53,97.22
20031217,13.31,5.7343,3.7358,2.4967,0.55,24.41,25.5,23.61,95.95,1.37,1.7,0.6,97.23
20031218,11.37,5.724,3.504,2.5853,0.55,25.27,27.12,24.0,92.15,1.44,2.42,0.66,97.02
20031219,0.96,4.8686,0.4438,3.6454,0.47,25.8,28.79,23.87,88.52,1.64,2.82,0.77,96.87
20031220,0.03,5.8169,2.7994,2.8774,0.56,26.43,30.26,23.41,85.39,1.34,2.67,0.58,96.87
20031221,0.78,6.001,4.3162,2.6321,0.58,26.05,29.97,23.79,86.59,1.04,1.99,0.4,97.09
20031222,0.29,6.079,3.8462,2.8702,0.59,26.01,30.26,22.78,87.12,1.26,2.18,0.48,97.08
20031223,2.44,3.9773,0.5556,2.8349,0.38,25.76,29.2,23.76,88.98,1.21,2.41,0.47,97.19
20031224,2.09,4.7587,1.1849,3.1238,0.46,25.17,28.31,23.14,90.99,1.0,1.82,0.46,97.38
20031225,29.92,5.953,4.5442,2.2471,0.57,24.74,28.01,22.2,86.54,1.32,1.94,0.46,97.34
20031226,37.87,4.5089,1.2017,2.9578,0.43,23.9,25.74,22.82,94.19,1.12,1.74,0.44,97.25
20031227,7.32,4.8317,0.9658,3.221,0.47,24.52,26.08,22.68,93.73,1.0,1.45,0.51,97.32
20031228,2.33,2.639,0.1284,1.9985,0.25,24.71,26.48,23.34,91.99,1.13,1.86,0.54,97.56
20031229,0.07,6.3821,5.6021,2.2699,0.61,24.96,28.36,22.54,89.31,1.21,2.25,0.55,97.56
20031230,6.15,5.5442,2.1703,3.3199,0.53,25.12,27.22,23.61,94.11,1.44,1.93,0.71,97.33
20031231,31.73,5.2702,2.0102,3.0554,0.51,25.38,28.4,23.77,89.98,0.9,1.83,0.41,97.2
20040101,4.1,5.615,3.4507,2.6035,0.54,24.92,27.21,23.41,90.26,1.12,1.68,0.49,97.26
20040102,0.23,5.4974,2.1026,3.4915,0.53,24.63,26.37,23.02,92.63,1.52,1.98,0.63,97.38
20040103,3.22,5.2454,1.5583,3.2273,0.5,23.92,26.36,22.24,89.75,0.67,1.17,0.22,97.6
20040104,5.41,4.5554,1.5691,2.7595,0.44,23.99,27.3,21.6,88.8,1.26,1.56,0.49,97.59
20040105,1.04,5.3254,2.5282,2.8517,0.51,23.88,27.24,20.9,88.06,1.65,2.73,0.68,97.44
20040106,0.12,6.1908,5.226,2.0299,0.59,25.61,28.4,23.51,84.12,1.32,2.71,0.61,97.22
20040107,0.01,5.7024,4.5398,1.9913,0.55,26.07,29.56,23.63,85.12,1.16,2.48,0.54,97.29
20040108,41.04,3.7318,0.4738,2.5596,0.36,25.25,27.0,24.31,90.88,1.25,2.02,0.54,97.52
20040109,6.07,6.3713,5.1804,2.3422,0.61,24.73,26.73,23.51,90.89,1.09,1.54,0.51,97.59
20040110,0.04,6.2318,5.1605,2.3486,0.6,24.39,27.32,22.5,89.06,1.21,2.58,0.54,97.57
20040111,6.26,6.4334,6.1843,1.7047,0.62,25.62,29.19,22.37,87.12,1.44,2.49,0.64,97.32
20040112,16.94,5.7612,4.279,2.221,0.55,25.44,27.08,24.12,91.54,0.92,1.62,0.39,97.26
20040113,6.68,5.4886,4.3356,1.9934,0.52,25.08,26.89,24.11,93.13,1.23,2.02,0.46,97.29
20040114,0.7,6.5477,5.9748,1.9135,0.63,25.1,27.07,23.65,93.13,1.1,1.85,0.52,97.39
20040115,1.01,6.0974,4.943,2.3498,0.58,25.29,28.98,23.02,87.57,1.11,2.21,0.4,97.45
20040116,0.2,5.9573,4.2578,2.3614,0.57,25.05,27.21,23.2,91.47,0.79,1.44,0.32,97.49
20040117,18.19,3.2011,0.6449,2.0633,0.31,25.51,28.86,22.87,86.6,1.11,1.86,0.39,97.49
20040118,9.46,6.0098,5.4583,1.7983,0.57,25.27,28.18,23.1,90.58,1.27,2.15,0.49,97.47
20040119,25.08,3.0307,0.3624,2.2368,0.29,24.09,25.78,23.03,95.85,1.21,1.82,0.47,97.36
20040120,4.9,4.8727,1.3937,2.8867,0.46,24.07,26.79,21.98,93.05,1.31,1.9,0.53,97.36
20040121,3.76,4.542,1.7407,2.4619,0.43,24.64,27.41,22.97,91.05,1.3,2.21,0.49,97.46
20040122,27.3,5.1581,1.7815,3.1474,0.49,24.55,26.91,22.77,92.99,1.18,1.76,0.51,97.35
20040123,21.56,3.9912,0.7622,2.6863,0.38,24.4,25.57,23.49,94.67,1.21,2.04,0.52,97.38
20040124,3.13,6.0485,4.4417,2.341,0.57,25.19,28.24,23.15,88.72,1.12,2.16,0.47,97.34
20040125,2.8,5.8507,4.7585,2.0592,0.55,24.58,25.87,23.73,95.07,1.32,1.74,0.47,97.33
20040126,0.86,4.351,0.3367,3.2438,0.41,25.42,29.05,23.09,89.88,1.42,2.81,0.56,97.25
20040127,5.17,3.2906,0.3026,2.3784,0.31,23.69,25.32,22.21,93.36,1.16,1.82,0.45,97.19
20040128,8.76,4.2782,0.9828,2.9693,0.4,24.69,26.84,22.57,91.21,1.39,2.35,0.58,97.16
20040129,6.9,5.6335,3.6898,2.34,0.53,24.57,27.18,23.03,93.58,1.28,2.44,0.51,97.19
20040130,3.72,4.7568,0.4277,3.516,0.45,24.39,25.78,23.65,95.89,1.39,2.14,0.52,97.25
20040131,1.66,5.0633,2.5042,2.7953,0.48,24.65,27.5,22.7,91.27,1.22,2.25,0.48,97.19
20040201,10.28,5.1984,2.8834,2.5601,0.49,24.55,25.91,23.35,96.28,1.75,2.82,0.66,97.09
20040202,16.71,4.3301,0.4178,3.1538,0.41,24.38,25.61,23.26,96.54,1.44,2.74,0.56,97.16
20040203,2.23,4.4304,0.3269,3.2743,0.42,24.95,26.9,23.08,90.78,1.16,2.13,0.55,97.03
20040204,34.23,4.8986,1.8934,2.8692,0.46,25.23,26.96,23.95,89.92,1.23,2.11,0.5,97.1
20040205,30.0,2.6316,0.1303,1.9433,0.25,23.91,25.33,23.04,96.18,1.32,2.95,0.62,97.33
20040206,0.97,4.175,0.2822,3.1502,0.39,23.96,26.39,22.29,92.25,1.56,2.48,0.67,97.44
20040207,0.95,4.2737,0.4294,3.1272,0.4,24.4,27.8,21.84,87.22,1.31,2.11,0.56,97.29
20040208,17.37,5.2778,0.9055,3.7409,0.5,25.27,28.83,22.58,87.56,1.23,2.17,0.53,97.22
20040209,6.8,2.3203,0.2376,1.5778,0.22,24.97,27.16,23.16,90.69,0.77,1.77,0.39,97.33
20040210,0.04,4.5696,0.305,3.3734,0.43,24.54,27.98,22.51,85.19,0.99,1.59,0.35,97.38
20040211,0.01,6.2659,4.2629,2.7919,0.59,25.24,29.27,21.88,80.66,1.12,1.62,0.39,97.34
20040212,0.02,6.8789,6.4032,1.8698,0.65,25.18,29.44,21.6,82.03,1.25,1.64,0.46,97.31
20040213,0.03,5.6244,3.1795,2.6508,0.53,25.35,29.13,22.67,84.78,1.23,1.92,0.5,97.28
20040214,0.58,6.4632,5.2382,2.1302,0.61,25.54,28.73,23.25,87.39,1.34,2.37,0.56,97.24
20040215,1.51,4.243,0.4061,3.0782,0.4,24.83,26.42,23.83,94.83,1.32,2.22,0.61,97.37
20040216,1.74,3.5698,0.163,2.6354,0.33,24.64,26.6,23.57,92.29,1.11,2.46,0.54,97.43
20040217,3.02,4.524,1.5718,2.6162,0.42,24.73,27.64,22.47,91.38,1.55,2.95,0.65,97.25
20040218,33.2,3.649,0.1802,2.5061,0.34,24.49,26.83,22.56,92.35,1.3,2.27,0.56,97.31
20040219,1.32,6.3161,4.757,2.2999,0.59,25.06,28.47,22.87,90.06,1.25,2.41,0.52,97.36
20040220,3.04,5.5723,2.9518,2.6681,0.52,25.03,26.44,23.99,95.34,1.21,1.86,0.51,97.35
20040221,5.12,3.0163,0.0924,2.2159,0.28,25.0,26.39,24.03,91.98,1.14,2.12,0.43,97.39
20040222,15.25,5.2255,3.498,2.3208,0.49,25.13,28.12,22.97,90.49,1.35,2.29,0.54,97.37
20040223,12.25,5.6621,3.0648,2.6616,0.53,24.42,26.98,23.3,92.53,1.09,1.58,0.42,97.5
20040224,3.54,4.7268,1.3942,2.6722,0.44,24.42,27.06,22.42,90.14,1.35,2.14,0.51,97.52
20040225,2.85,3.7006,0.3756,2.4454,0.35,24.11,26.4,22.79,93.75,1.3,2.4,0.55,97.5
20040226,11.74,4.6524,0.9622,3.0324,0.44,24.21,27.6,21.93,90.4,1.42,2.46,0.56,97.4
20040227,12.83,4.8161,1.5058,3.0775,0.45,24.14,25.64,22.84,93.93,1.19,2.18,0.55,97.41
20040228,2.67,6.3389,5.443,2.0206,0.6,25.36,28.0,23.66,88.93,1.11,2.27,0.49,97.31
20040229,6.09,5.3167,2.8865,2.6198,0.5,25.54,28.41,23.74,88.92,1.26,2.43,0.54,97.32
20040301,1.17,5.4014,3.3336,2.3969,0.51,24.98,26.94,23.71,91.08,1.12,2.42,0.5,97.25
20040302,7.96,5.645,3.8486,2.587,0.53,25.53,28.65,23.81,87.83,1.3,2.49,0.52,97.16
20040303,60.54,4.1837,0.629,2.6506,0.39,24.27,26.38,22.95,92.56,0.7,1.05,0.37,97.29
20040304,26.81,3.6814,0.5854,2.4718,0.35,24.53,27.17,22.61,92.05,1.36,2.6,0.6,97.32
20040305,2.92,6.4344,4.9459,2.2358,0.61,25.17,28.63,22.46,88.7,1.38,2.56,0.52,97.3
20040306,3.85,5.238,1.5576,3.1128,0.49,24.98,27.04,23.68,94.0,1.32,2.26,0.49,97.28
20040307,4.89,3.6722,0.5954,2.5318,0.35,25.11,26.75,24.06,93.46,1.25,2.1,0.52,97.3
20040308,21.43,2.0273,0.145,1.4952,0.19,24.72,26.24,23.46,96.91,1.76,2.7,0.69,97.39
20040309,3.95,6.186,4.1849,2.6935,0.58,24.66,27.19,23.22,91.79,1.39,2.48,0.65,97.37
20040310,6.91,5.3839,3.3677,2.2949,0.51,25.12,28.5,22.29,89.15,1.34,2.17,0.54,97.29
20040311,16.31,4.9788,0.7375,3.2638,0.47,25.12,27.7,23.23,93.01,1.36,2.51,0.57,97.24
20040312,24.85,2.5166,0.1013,1.829,0.24,24.91,27.18,23.72,94.41,1.65,3.21,0.75,97.31
20040313,35.28,5.543,1.7938,3.7046,0.53,24.87,28.0,22.67,90.97,1.23,1.82,0.54,97.29
20040314,40.25,4.6884,0.5542,3.2664,0.45,24.68,26.46,23.26,95.22,1.32,1.88,0.65,97.1
20040315,22.44,5.6071,2.1787,3.3835,0.53,25.54,28.74,23.23,90.53,1.44,2.77,0.73,96.91
20040316,7.71,5.6318,2.5877,3.378,0.54,25.21,27.88,23.41,91.19,0.88,1.81,0.42,97.0
20040317,0.77,5.3057,3.0307,2.6645,0.51,25.52,28.91,23.38,89.59,1.04,1.95,0.41,97.09
20040318,14.35,6.3586,4.6051,2.825,0.61,24.94,27.85,22.81,89.75,0.82,1.56,0.38,97.08
20040319,3.1,5.0206,1.4664,3.3818,0.48,25.3,28.74,22.51,89.62,1.17,2.01,0.55,96.96
20040320,0.26,6.4344,4.9255,2.5992,0.62,26.21,30.63,23.78,85.94,1.28,2.14,0.62,96.98
20040321,0.08,6.4195,5.6434,1.872,0.62,26.65,30.42,23.96,85.62,1.0,1.5,0.41,97.06
20040322,0.1,4.6258,2.005,2.4804,0.44,26.54,29.35,24.46,86.76,0.85,1.56,0.42,97.25
20040323,1.97,6.3238,5.5474,1.8943,0.61,26.19,29.95,23.66,86.73,1.0,1.79,0.39,97.31
20040324,0.14,5.9842,3.5532,2.7641,0.58,25.65,28.69,23.68,88.24,0.76,1.31,0.31,97.41
20040325,0.56,6.281,5.4612,1.9464,0.61,25.65,29.08,22.68,85.21,1.32,2.36,0.44,97.44
20040326,0.18,6.7524,6.1198,1.8686,0.65,25.86,28.79,23.47,86.1,0.84,1.62,0.39,97.61
20040327,2.97,1.5588,0.2678,1.1436,0.15,24.54,26.82,22.73,91.47,1.31,2.5,0.49,97.74
20040328,2.89,6.4798,5.6837,1.861,0.63,24.8,27.86,22.59,87.42,1.34,1.97,0.5,97.64
20040329,5.04,5.586,3.3996,2.538,0.54,24.42,26.5,22.52,92.91,0.97,1.72,0.47,97.65
20040330,5.92,6.2304,5.9292,1.698,0.61,25.0,27.83,23.06,90.8,1.16,2.11,0.52,97.59
20040331,8.94,5.0779,2.8157,2.4034,0.5,24.94,27.32,23.39,92.7,1.32,1.7,0.52,97.65
20040401,6.07,5.1497,3.6672,2.2159,0.5,24.66,27.58,22.74,91.73,1.25,2.24,0.55,97.64
20040402,0.11,6.1116,5.429,1.9253,0.6,24.87,28.33,21.8,86.26,1.23,2.11,0.5,97.6
20040403,9.67,5.9218,5.291,1.9949,0.58,24.49,27.49,22.31,91.72,1.54,2.57,0.65,97.64
20040404,7.81,5.9525,5.113,1.9663,0.58,24.49,27.15,22.75,91.63,1.14,1.7,0.51,97.58
20040405,5.1,6.0682,5.4365,1.9632,0.6,24.58,27.94,22.52,90.67,1.12,1.55,0.47,97.5
20040406,0.03,6.0151,4.1558,2.5298,0.59,25.01,28.54,22.06,87.17,1.45,2.44,0.56,97.4
20040407,8.69,2.8332,0.3192,2.0258,0.28,23.71,25.62,22.2,91.72,1.05,2.27,0.39,97.46
20040408,0.25,6.565,6.1277,2.0054,0.65,24.42,28.4,20.69,84.92,1.13,1.59,0.45,97.45
20040409,2.78,6.3998,6.3017,1.6788,0.64,24.92,28.75,21.57,86.35,1.1,1.43,0.48,97.42
20040410,4.75,5.6062,3.4044,2.7029,0.56,24.85,28.5,21.5,90.4,1.59,2.34,0.66,97.46
20040411,2.0,5.341,3.0626,2.7036,0.53,24.85,27.04,23.6,93.08,1.56,2.56,0.64,97.5
20040412,9.89,5.251,3.1862,2.2452,0.53,24.94,27.8,23.13,91.25,0.91,2.26,0.35,97.47
20040413,18.5,4.901,2.5327,2.471,0.49,24.63,26.2,23.21,95.3,0.95,1.42,0.34,97.4
20040414,8.18,3.731,1.2466,2.3508,0.37,24.27,26.68,22.3,93.1,1.13,1.52,0.37,97.47
20040415,3.92,5.7113,5.1293,1.8094,0.58,24.55,27.34,22.79,90.33,1.26,2.56,0.56,97.51
20040416,21.5,3.6394,1.0015,2.4115,0.37,24.08,26.44,23.07,93.42,1.52,2.02,0.63,97.5
20040417,36.19,4.3358,1.6766,2.6134,0.44,24.33,25.99,22.99,94.98,1.2,2.32,0.51,97.38
20040418,7.4,4.9114,1.7297,2.7684,0.5,25.58,28.76,22.96,87.92,0.94,1.99,0.45,97.4
20040419,2.25,5.2834,4.0757,1.9346,0.54,25.41,27.81,23.57,88.99,0.98,1.67,0.44,97.5
20040420,22.73,5.4826,4.356,2.0203,0.56,24.93,27.32,23.51,90.9,0.82,1.25,0.38,97.57
20040421,16.93,5.131,3.7214,2.1362,0.52,24.24,26.29,22.82,94.05,1.01,1.67,0.43,97.47
20040422,10.52,5.8114,5.0198,1.8866,0.6,24.5,26.34,23.29,90.75,1.06,1.79,0.5,97.4
20040423,5.07,5.2078,3.7404,2.0978,0.54,24.73,27.66,22.45,91.4,1.26,1.76,0.52,97.41
20040424,17.78,4.2941,0.7632,3.0413,0.44,23.89,24.86,22.68,96.84,1.35,1.99,0.5,97.46
20040425,8.22,3.3809,0.2609,2.4271,0.35,24.63,28.04,22.15,91.09,1.15,2.49,0.47,97.4
20040426,0.47,5.6515,5.1295,1.9834,0.59,24.37,26.29,23.11,93.97,1.37,2.38,0.59,97.43
20040427,1.68,5.1106,3.9454,2.0772,0.53,25.09,28.01,22.79,89.12,0.96,1.5,0.4,97.31
20040428,3.15,5.0719,2.7151,2.6016,0.53,24.88,26.91,23.61,93.69,1.16,1.72,0.48,97.24
20040429,1.87,4.9154,3.5078,2.1101,0.51,24.89,27.44,23.0,92.41,1.36,2.43,0.6,97.15
20040430,7.71,4.5751,2.0674,2.5805,0.48,24.87,26.65,23.62,94.2,1.45,1.97,0.58,97.16
20040501,2.44,5.9357,6.0965,1.487,0.62,25.37,28.41,23.46,90.74,1.28,2.07,0.56,97.22
20040502,4.72,2.8452,0.1944,2.105,0.3,25.09,27.27,23.82,95.76,1.21,2.25,0.5,97.25
20040503,1.57,4.632,2.471,2.3628,0.49,25.68,28.25,24.06,92.56,1.6,2.54,0.64,97.19
20040504,35.22,4.5413,1.7201,2.748,0.48,25.09,26.31,23.91,95.22,1.46,2.4,0.57,97.26
20040505,14.01,5.9033,6.0408,1.7081,0.63,24.58,26.23,23.41,95.61,1.32,1.96,0.56,97.34
20040506,4.89,4.6495,2.1386,2.4252,0.49,25.03,26.98,23.97,94.76,1.21,1.38,0.49,97.37
20040507,3.34,4.4909,0.9463,3.2875,0.48,24.59,25.49,23.24,95.37,1.32,2.89,0.52,97.29
20040508,0.44,5.9772,6.0766,1.5924,0.64,24.72,26.86,22.83,93.32,1.08,2.05,0.45,97.19
20040509,12.23,3.2309,0.2486,2.364,0.35,24.9,25.87,23.75,96.47,1.38,2.11,0.52,97.21
20040510,22.41,3.5542,1.2883,2.179,0.38,24.69,25.9,23.62,97.94,1.71,2.8,0.66,97.23
20040511,20.93,2.4365,0.2611,1.7407,0.26,24.0,25.22,21.92,96.83,1.66,2.6,0.68,97.28
20040512,1.09,5.3126,4.115,2.3237,0.57,23.61,26.74,21.54,89.14,0.97,1.82,0.37,97.26
20040513,6.61,4.9109,2.4965,2.515,0.53,23.75,25.51,22.24,94.64,1.2,1.89,0.47,97.27
20040514,1.02,4.8036,2.0198,2.7218,0.52,24.46,27.25,22.73,91.97,1.27,1.9,0.55,97.37
20040515,0.0,5.3676,5.5066,2.0237,0.58,24.84,28.22,22.55,89.88,1.43,2.49,0.6,97.42
20040516,0.44,4.8763,4.6049,1.7731,0.53,24.82,27.28,23.05,91.05,1.36,2.17,0.54,97.51
20040517,0.45,5.4576,5.9954,1.3289,0.6,25.01,27.19,23.2,91.41,1.18,1.81,0.46,97.6
20040518,0.11,5.6762,6.0794,1.4155,0.62,24.87,26.79,23.51,91.59,1.21,2.04,0.48,97.67
20040519,1.94,5.8162,5.9585,1.7206,0.64,24.71,27.39,22.98,91.06,1.32,2.46,0.49,97.67
20040520,1.32,5.6146,5.6897,1.4923,0.62,25.08,28.09,22.37,87.88,1.34,2.1,0.53,97.6
20040521,29.05,4.8065,2.1828,2.7132,0.53,24.38,26.54,23.17,94.88,1.23,1.61,0.56,97.58
20040522,22.4,4.7825,2.6722,2.3239,0.53,24.08,25.78,23.04,94.92,1.24,2.49,0.52,97.58
20040523,3.46,4.6349,3.3667,1.9373,0.51,23.88,25.68,22.66,94.22,1.05,1.81,0.45,97.68
20040524,0.92,2.9851,0.7675,1.9675,0.33,24.29,27.23,22.36,89.32,0.95,1.62,0.38,97.68
20040525,0.18,4.2542,1.1616,2.6268,0.47,24.18,26.94,22.17,92.9,1.37,2.34,0.55,97.65
20040526,7.48,5.249,4.3063,2.1648,0.59,24.41,26.93,22.72,91.63,1.19,1.83,0.51,97.61
20040527,31.26,4.891,3.9298,2.0928,0.55,23.4,25.14,21.74,94.44,1.05,1.51,0.4,97.51
20040528,84.85,4.7503,3.5784,2.0342,0.53,24.03,25.88,22.87,96.85,1.23,2.0,0.47,97.35
20040529,61.65,4.362,3.126,2.0222,0.49,23.7,24.81,22.72,97.28,1.21,1.61,0.48,97.25
20040530,15.89,4.3956,2.4533,2.1636,0.49,23.89,25.44,22.91,96.98,0.96,1.38,0.29,97.29
20040531,1.25,3.223,0.1294,2.4686,0.36,23.98,26.34,22.73,93.74,1.27,2.04,0.52,97.53
20040601,2.21,5.0227,4.0073,2.2798,0.57,24.14,27.3,21.89,91.33,0.9,1.77,0.38,97.53
20040602,6.0,3.45,0.5443,2.3743,0.39,23.51,24.73,21.94,96.93,1.37,2.03,0.56,97.58
20040603,11.74,4.5288,1.9723,2.6441,0.51,23.28,25.93,20.73,91.73,1.07,1.28,0.36,97.59
20040604,6.26,4.6217,2.0208,2.801,0.52,23.82,26.51,22.2,92.74,1.21,2.16,0.5,97.54
20040605,7.55,5.1986,5.2102,1.5797,0.59,23.98,26.4,22.58,93.14,1.6,2.32,0.64,97.49
20040606,12.96,3.5556,1.3704,2.1698,0.4,23.72,25.59,22.73,93.01,1.55,2.43,0.66,97.55
20040607,4.76,3.9281,2.664,1.8986,0.45,23.56,24.77,22.7,95.13,1.37,2.09,0.6,97.52
20040608,1.53,3.3379,0.9394,2.0621,0.38,23.75,25.48,22.89,94.41,1.34,1.98,0.58,97.44
20040609,4.51,3.5244,1.9022,1.9519,0.4,23.19,24.16,22.36,95.93,1.37,2.03,0.56,97.44
20040610,3.52,4.0224,1.9601,2.2668,0.46,23.07,24.86,22.09,94.61,1.46,2.18,0.63,97.47
20040611,0.82,4.7323,4.4326,1.759,0.54,23.08,25.75,21.34,91.53,1.68,2.63,0.71,97.55
20040612,1.31,3.5105,2.4374,1.8982,0.4,22.38,24.87,20.51,91.76,1.68,2.59,0.71,97.59
20040613,1.93,4.1635,3.4831,1.7438,0.48,21.94,24.34,20.91,92.55,1.6,2.85,0.7,97.6
20040614,0.21,3.9026,3.0199,1.7916,0.45,21.99,24.4,20.4,90.72,1.42,2.26,0.63,97.6
20040615,3.26,3.6984,1.5074,2.1698,0.42,21.89,23.68,20.88,92.61,1.34,2.45,0.59,97.68
20040616,1.69,3.6254,1.0889,2.2368,0.42,22.06,24.1,20.61,93.17,1.37,2.42,0.62,97.73
20040617,0.53,3.8414,1.9642,2.1552,0.44,22.52,24.69,20.93,93.12,1.33,2.37,0.57,97.69
20040618,40.8,2.6304,0.2369,1.8871,0.3,22.21,23.25,21.4,95.35,1.17,2.22,0.47,97.68
20040619,9.84,4.1542,1.241,2.7151,0.48,22.94,25.78,21.42,90.34,1.1,2.18,0.47,97.71
20040620,2.81,3.8222,2.1242,2.0638,0.44,22.53,24.78,21.15,92.87,1.13,1.71,0.5,97.81
20040621,2.16,2.2514,0.5311,1.5173,0.26,21.56,23.01,20.48,94.27,1.57,2.4,0.65,97.86
20040622,0.1,3.5126,1.9118,1.9915,0.4,21.42,24.05,19.78,91.68,1.39,2.09,0.6,97.89
20040623,0.0,4.0666,3.5474,1.7527,0.47,21.31,23.26,19.25,92.24,1.59,2.58,0.69,97.72
20040624,0.01,4.3454,3.6005,1.8754,0.5,21.78,23.57,20.37,91.71,1.16,2.04,0.49,97.67
20040625,0.19,4.7153,4.4767,1.6795,0.54,22.39,25.79,20.5,90.75,1.28,2.18,0.54,97.67
20040626,1.48,3.4318,1.7669,1.9025,0.39,22.47,25.65,19.74,91.81,1.48,2.28,0.62,97.57
20040627,0.66,3.5542,1.6277,1.9104,0.41,22.53,24.94,20.73,91.79,1.25,2.36,0.56,97.54
20040628,2.19,3.1282,0.9122,2.0083,0.36,22.81,25.37,21.24,91.78,1.23,2.21,0.55,97.58
20040629,0.97,3.109,0.4639,2.1259,0.36,22.61,24.63,21.48,92.76,1.3,2.02,0.54,97.57
20040630,0.03,3.4639,0.7495,2.3254,0.4,23.11,25.34,21.45,91.69,1.09,2.0,0.48,97.62
20040701,3.86,5.2956,5.843,1.5283,0.61,24.46,27.86,21.76,89.13,1.14,2.09,0.36,97.61
20040702,30.03,4.781,4.6368,1.6596,0.55,23.25,25.38,21.21,93.8,1.21,2.42,0.45,97.68
20040703,8.09,4.5446,3.781,1.8326,0.52,23.91,27.13,21.14,92.27,1.3,2.69,0.49,97.6
20040704,21.35,3.1042,0.4812,2.1816,0.35,23.32,24.88,22.43,94.86,1.75,2.81,0.68,97.57
20040705,0.84,4.9522,4.6656,1.7515,0.56,23.05,24.97,21.96,93.29,1.3,2.04,0.51,97.62
20040706,9.65,4.8924,4.9486,1.631,0.56,23.65,26.43,22.01,93.58,1.23,2.16,0.52,97.54
20040707,7.59,2.723,0.3132,1.9291,0.31,23.39,25.09,22.58,94.62,1.07,1.78,0.47,97.53
20040708,14.68,3.7886,1.8622,1.9925,0.43,23.04,24.69,22.0,94.65,1.27,2.21,0.58,97.51
20040709,15.62,2.6191,0.5206,1.7189,0.3,22.46,24.46,21.27,95.14,1.22,1.97,0.47,97.56
20040710,2.79,3.757,0.7478,2.4118,0.43,22.35,24.66,20.89,93.76,0.83,1.49,0.33,97.53
20040711,3.94,3.9221,2.2022,2.226,0.44,22.23,23.59,21.25,94.8,1.34,2.14,0.56,97.53
20040712,6.68,3.3766,1.3282,1.9956,0.38,22.43,24.84,20.93,93.79,1.34,2.2,0.55,97.57
20040713,15.55,2.7324,0.4987,1.8842,0.31,22.31,24.46,21.06,94.48,1.4,2.36,0.57,97.56
20040714,6.27,3.3768,1.1431,2.1816,0.38,22.51,25.82,21.23,92.62,1.33,2.29,0.54,97.54
20040715,2.0,3.559,1.6176,2.0292,0.4,22.28,25.08,20.77,92.1,1.55,2.59,0.67,97.55
20040716,1.1,3.577,1.2917,2.0957,0.4,22.26,24.77,20.76,91.44,1.43,2.37,0.62,97.6
20040717,1.34,3.2604,0.5431,2.2877,0.37,21.78,23.0,20.93,93.65,1.4,2.47,0.61,97.67
20040718,1.61,3.0336,0.7114,1.909,0.34,22.19,24.8,20.62,90.2,1.42,2.71,0.64,97.62
20040719,1.83,3.7135,2.3501,1.8955,0.42,21.46,23.56,20.52,93.54,1.32,2.09,0.59,97.62
20040720,0.47,3.8095,2.0741,2.0184,0.43,21.85,24.13,20.65,91.54,1.24,1.91,0.57,97.62
20040721,0.75,3.9792,1.9469,2.2159,0.44,22.42,24.64,21.08,91.6,1.31,2.34,0.59,97.63
20040722,0.76,3.3631,1.4702,1.9414,0.37,22.25,24.74,20.85,91.54,1.49,2.48,0.65,97.65
20040723,0.23,3.5558,1.997,1.9438,0.39,21.8,24.54,20.49,89.5,1.01,2.04,0.44,97.63
20040724,0.01,4.6697,3.5014,2.0902,0.52,21.12,23.12,19.85,90.57,1.18,1.97,0.53,97.56
20040725,0.19,4.1026,2.5366,2.1754,0.45,21.98,24.75,19.81,89.43,1.21,2.32,0.49,97.52
20040726,3.65,5.0071,4.7045,1.6572,0.55,21.96,24.56,20.22,91.85,1.3,2.15,0.57,97.54
20040727,8.03,3.6562,1.2346,2.3258,0.4,22.13,24.96,20.48,92.42,1.24,2.46,0.55,97.5
20040728,5.0,2.881,0.5993,2.0122,0.32,22.0,25.05,20.16,91.17,1.3,2.35,0.52,97.59
20040729,7.43,3.7106,1.337,2.1638,0.41,22.34,25.57,20.19,92.44,1.06,1.87,0.41,97.56
20040730,4.45,3.3338,0.5347,2.2385,0.36,22.4,25.0,21.07,93.96,1.14,2.06,0.48,97.58
20040731,1.77,2.7173,1.0015,1.794,0.3,22.31,24.66,20.91,91.94,1.49,2.44,0.64,97.49
20040801,7.32,2.4007,0.5076,1.5048,0.26,21.95,23.95,20.9,94.69,1.38,2.42,0.58,97.57
20040802,6.72,2.6546,0.2011,1.9838,0.29,21.51,22.94,20.51,95.34,0.97,1.59,0.42,97.58
20040803,12.07,3.3154,0.9797,2.1432,0.36,22.56,25.81,20.54,89.5,1.21,2.17,0.52,97.45
20040804,9.57,2.5058,0.2254,1.8398,0.27,21.76,23.98,20.59,94.36,1.05,1.78,0.46,97.59
20040805,11.53,2.7466,1.1155,1.6975,0.3,21.98,25.17,20.24,92.58,1.41,2.69,0.57,97.61
20040806,4.84,2.5243,0.7063,1.5665,0.27,21.4,24.31,20.02,92.53,1.48,2.78,0.62,97.66
20040807,4.41,3.3434,0.5774,2.2267,0.36,21.87,24.8,19.89,92.52,1.14,2.04,0.5,97.52
20040808,12.55,1.9709,0.336,1.3668,0.21,21.89,23.75,20.74,94.46,1.22,2.02,0.52,97.62
20040809,5.42,3.6341,0.8062,2.2908,0.39,22.59,25.46,21.05,92.82,1.3,2.51,0.5,97.68
20040810,10.12,3.2246,0.875,1.9915,0.34,22.13,24.69,20.74,92.8,1.2,2.24,0.53,97.76
20040811,2.89,3.8998,2.3736,2.0215,0.41,21.75,24.29,20.03,92.38,1.57,2.7,0.68,97.75
20040812,0.01,3.5842,2.6302,1.65,0.38,21.43,24.1,19.57,89.05,1.43,2.54,0.66,97.81
20040813,1.86,4.529,3.7742,1.7035,0.48,21.57,25.47,18.93,87.11,1.11,2.41,0.49,97.72
20040814,0.8,3.7884,2.3827,1.9406,0.4,20.99,24.36,18.41,88.69,1.19,2.49,0.55,97.68
20040815,0.0,3.9593,2.0354,2.1017,0.42,21.3,24.79,18.44,87.77,1.26,2.41,0.54,97.56
20040816,0.29,5.065,3.8134,2.1379,0.53,21.93,25.6,19.21,87.14,1.22,2.5,0.52,97.64
20040817,0.07,3.9396,2.4007,2.0081,0.41,22.6,26.51,20.31,85.1,1.28,2.7,0.55,97.78
20040818,0.0,5.2596,4.1758,1.9111,0.55,22.31,25.8,18.94,88.29,1.17,2.0,0.53,97.79
20040819,0.0,5.1708,5.0174,1.7131,0.54,22.03,25.72,19.63,88.92,1.23,2.26,0.53,97.64
20040820,0.0,4.985,4.5665,1.6879,0.52,21.54,24.76,19.27,89.56,1.45,2.67,0.66,97.7
20040821,0.0,3.5676,2.363,1.7155,0.37,21.7,24.25,19.48,90.13,1.3,2.45,0.5,97.76
20040822,0.0,5.1485,4.9219,1.6738,0.53,22.51,26.11,20.39,89.52,1.1,2.22,0.48,97.84
20040823,0.54,5.1456,4.2828,1.7719,0.53,22.82,25.82,20.99,89.33,1.2,2.63,0.53,97.78
20040824,2.94,4.0418,2.8589,1.7678,0.42,22.63,25.49,20.78,91.41,0.95,2.03,0.41,97.76
20040825,2.69,2.6426,0.6509,1.6752,0.27,23.22,26.07,21.19,92.01,1.14,2.31,0.46,97.62
20040826,4.11,3.605,1.3834,1.8895,0.37,23.11,26.11,21.6,91.93,1.27,2.57,0.49,97.59
20040827,37.53,2.4494,0.8508,1.5694,0.25,22.16,23.92,21.05,95.36,1.35,2.29,0.54,97.65
20040828,13.88,3.6338,1.6759,1.8499,0.37,22.54,25.87,20.44,91.13,1.3,2.31,0.48,97.62
20040829,44.4,5.6318,4.1004,2.2421,0.57,22.26,24.45,20.88,93.57,1.05,1.71,0.42,97.63
20040830,47.86,4.4498,2.7199,1.9733,0.45,23.48,26.31,21.05,91.0,1.26,1.96,0.48,97.57
20040831,27.99,2.7876,0.6535,1.8619,0.28,22.95,25.61,21.62,91.29,1.09,1.76,0.43,97.65
20040901,1.74,5.2882,4.4832,1.6834,0.53,23.44,26.63,21.1,89.96,1.35,2.5,0.49,97.57
20040902,2.93,2.6057,1.0195,1.4822,0.26,23.43,26.68,21.81,91.45,1.3,2.74,0.53,97.65
20040903,6.6,1.8922,0.5554,1.3334,0.19,23.41,26.49,21.62,91.79,1.39,2.62,0.56,97.62
20040904,49.13,2.2286,0.2928,1.607,0.22,22.69,24.97,21.49,93.72,1.38,2.25,0.54,97.61
20040905,34.95,3.9787,1.4122,2.4024,0.4,22.7,24.61,21.27,94.76,1.03,1.63,0.39,97.56
20040906,1.03,3.8465,0.7793,2.4559,0.38,23.53,27.17,20.98,91.78,1.21,2.11,0.4,97.5
20040907,1.48,4.3068,1.1686,2.7283,0.43,24.48,27.8,22.33,90.74,1.24,2.14,0.42,97.46
20040908,2.87,3.3449,0.4898,2.3405,0.33,23.03,24.8,21.92,94.92,1.11,1.39,0.42,97.61
20040909,1.88,3.0322,0.2863,2.1826,0.3,22.79,24.37,21.39,95.04,1.6,2.94,0.6,97.63
20040910,6.08,4.2266,0.227,3.1589,0.42,22.61,24.92,21.08,94.52,1.3,2.32,0.53,97.68
20040911,2.69,4.2799,0.7752,2.9645,0.42,22.53,24.4,21.42,94.5,1.4,2.28,0.56,97.69
20040912,0.59,5.1763,3.3468,2.1914,0.51,22.63,25.09,20.74,91.15,1.57,2.48,0.66,97.75
20040913,1.11,3.9794,1.8631,2.1715,0.39,21.98,23.77,20.69,93.82,1.21,2.03,0.53,97.79
20040914,11.43,4.8134,2.7641,2.3146,0.47,22.55,25.92,20.26,91.44,1.38,2.68,0.55,97.72
20040915,10.07,4.2941,2.7444,1.961,0.42,22.88,25.02,21.4,94.11,1.23,2.32,0.48,97.58
20040916,3.77,4.2516,1.3978,2.3911,0.42,23.28,26.49,21.73,92.71,1.21,2.34,0.55,97.62
20040917,5.4,3.5244,0.379,2.3806,0.35,22.9,25.87,21.02,92.95,1.23,2.25,0.44,97.7
20040918,1.15,5.5315,2.9287,2.7235,0.54,23.26,26.19,21.78,92.16,1.17,2.05,0.5,97.67
20040919,11.41,2.6455,0.2083,1.9234,0.26,22.54,24.48,21.37,94.94,1.09,1.77,0.48,97.6
20040920,18.68,4.9387,2.8226,2.4528,0.48,22.19,23.77,21.16,95.47,0.99,1.32,0.46,97.65
20040921,6.29,4.3226,2.3474,2.1571,0.42,23.17,25.96,21.26,93.4,1.41,2.23,0.61,97.58
20040922,3.61,3.4138,0.6478,2.3429,0.33,22.94,25.2,21.54,93.39,1.05,2.35,0.41,97.54
20040923,7.18,3.4058,0.545,2.2718,0.33,22.95,25.88,21.49,93.16,1.37,2.77,0.58,97.51
20040924,44.06,5.0621,3.6797,2.111,0.49,22.84,24.93,21.59,95.91,1.14,1.58,0.46,97.46
20040925,30.13,3.725,0.4354,2.5733,0.36,23.54,26.13,22.11,93.63,1.07,1.79,0.49,97.46
20040926,20.56,4.5948,1.4467,3.0067,0.44,23.07,24.66,22.15,96.38,1.03,1.51,0.43,97.52
20040927,21.01,4.4983,1.3128,2.5786,0.43,23.32,25.17,22.1,94.9,1.38,2.33,0.54,97.49
20040928,2.04,5.7132,3.9756,2.1706,0.55,23.91,26.81,21.9,93.07,1.13,1.68,0.49,97.42
20040929,11.24,4.6486,1.2439,2.7617,0.45,24.42,27.4,22.96,93.73,1.34,2.36,0.58,97.51
20040930,3.35,4.3822,1.2535,2.6489,0.42,23.65,25.97,22.33,93.41,1.2,1.9,0.49,97.56
20041001,0.67,4.8833,2.9806,2.2387,0.47,23.78,26.01,22.43,91.89,1.45,2.67,0.61,97.5
20041002,9.63,5.3676,3.0187,2.6143,0.52,23.58,26.15,21.82,92.42,1.5,2.41,0.57,97.44
20041003,8.64,4.1006,0.9454,2.4941,0.39,22.42,24.0,21.03,96.26,1.04,1.75,0.45,97.53
20041004,14.16,4.1172,1.0102,2.4554,0.39,22.83,26.62,20.41,91.65,1.17,2.3,0.48,97.6
20041005,3.55,4.6519,1.7726,2.4228,0.45,23.54,26.41,21.53,92.43,1.43,2.8,0.59,97.61
20041006,12.74,5.3383,3.3583,2.2519,0.51,24.32,26.92,22.7,93.01,1.46,2.37,0.58,97.56
20041007,26.06,2.4139,0.3182,1.6406,0.23,23.68,25.32,22.48,96.97,1.51,2.23,0.56,97.52
20041008,0.6,3.8861,0.4992,2.7706,0.37,22.82,24.88,21.58,89.68,1.13,1.86,0.44,97.68
20041009,1.05,4.0111,1.181,2.4581,0.38,23.7,26.71,21.59,85.71,1.15,2.16,0.49,97.69
20041010,0.87,5.057,1.361,3.2088,0.48,24.03,27.56,21.35,89.35,1.05,1.85,0.48,97.7
20041011,0.0,6.8059,5.6491,2.2306,0.65,23.87,27.87,20.05,83.5,1.39,2.13,0.56,97.69
20041012,0.0,6.1248,2.611,3.5606,0.58,23.54,27.9,19.81,85.09,1.52,2.08,0.61,97.69
20041013,0.0,6.4973,5.2757,2.4468,0.62,23.47,27.27,20.75,87.67,1.44,2.29,0.66,97.66
20041014,0.0,6.0007,4.4746,2.3354,0.57,23.34,27.05,20.91,86.8,1.22,2.37,0.6,97.56
20041015,0.33,5.3724,3.4817,2.4317,0.51,23.22,27.43,19.85,86.93,1.23,2.52,0.52,97.47
20041016,0.03,5.6868,4.8494,2.0767,0.54,23.32,26.77,20.46,87.12,1.27,2.48,0.56,97.44
20041017,0.01,6.2873,5.4036,2.3153,0.6,24.01,27.42,21.33,88.02,1.05,1.98,0.52,97.5
20041018,0.0,4.6301,1.265,3.2002,0.44,23.81,25.98,22.38,89.7,0.93,1.58,0.41,97.51
20041019,0.0,5.0544,3.4625,2.2265,0.48,24.73,27.64,22.77,87.23,0.94,1.36,0.46,97.52
20041020,2.3,5.8073,4.6166,1.9075,0.55,24.95,28.2,22.43,87.72,1.02,1.82,0.43,97.54
20041021,3.15,4.584,1.4969,2.6921,0.44,24.78,27.98,22.95,90.89,1.22,2.23,0.5,97.63
20041022,1.21,4.427,1.6966,2.3782,0.42,24.47,27.14,22.32,88.15,1.08,1.93,0.45,97.6
20041023,0.72,6.276,4.1525,2.5486,0.6,24.99,29.29,21.43,86.21,1.24,2.09,0.46,97.54
20041024,0.08,2.5296,0.185,1.8552,0.24,24.27,25.46,23.03,93.74,1.45,2.21,0.53,97.56
20041025,0.05,3.2827,0.4054,2.274,0.31,24.38,27.34,22.12,88.32,1.03,1.78,0.42,97.61
20041026,0.01,5.1406,2.3268,2.6957,0.49,24.73,28.21,22.09,87.95,1.42,2.47,0.57,97.55
20041027,1.44,5.5627,4.5854,1.8742,0.53,24.92,28.1,22.59,88.6,1.23,2.38,0.5,97.33
20041028,13.23,6.1898,5.7641,1.9162,0.59,24.49,27.13,22.43,89.54,0.72,1.25,0.26,97.45
20041029,8.3,3.7932,0.6864,2.4374,0.36,25.07,28.3,23.0,88.63,1.11,2.05,0.44,97.37
20041030,30.96,4.6294,2.2663,2.3717,0.44,24.56,27.39,22.8,91.46,1.46,2.69,0.66,97.29
20041031,17.13,4.5456,1.831,2.4269,0.43,24.8,28.13,22.37,90.5,1.52,2.49,0.67,97.25
20041101,12.98,4.9181,2.8037,2.3357,0.47,24.78,27.4,22.83,91.06,1.66,2.73,0.66,97.3
20041102,1.9,4.0459,1.1179,2.4912,0.38,24.74,28.17,22.3,89.57,1.54,2.47,0.6,97.32
20041103,1.83,3.199,0.407,2.1989,0.3,25.29,28.58,23.33,87.72,1.06,2.12,0.45,97.35
20041104,1.07,3.8489,0.7121,2.6165,0.37,24.98,27.43,23.66,89.18,1.02,2.03,0.43,97.4
20041105,9.08,6.0782,4.697,2.2445,0.58,25.59,29.61,22.92,88.83,1.0,1.84,0.41,97.37
20041106,14.54,4.4227,0.8652,2.8126,0.42,25.24,28.97,22.65,90.46,1.01,2.84,0.46,97.35
20041107,11.31,3.0979,0.257,2.1098,0.3,24.61,28.32,21.92,90.31,1.05,2.01,0.36,97.44
20041108,0.43,6.3086,5.0662,2.1718,0.6,24.21,26.92,22.69,91.07,1.32,2.21,0.54,97.45
20041109,1.63,5.0551,2.3789,2.6844,0.48,24.83,28.49,22.45,88.35,1.15,1.84,0.44,97.42
20041110,13.94,5.0366,2.3242,2.621,0.48,24.39,26.49,22.9,93.99,1.47,2.78,0.61,97.45
20041111,1.73,3.9204,0.7702,2.7283,0.37,25.16,28.73,22.02,87.62,1.29,2.27,0.47,97.53
20041112,0.05,5.9218,4.3121,2.4098,0.56,25.35,28.34,23.64,89.73,1.52,2.52,0.55,97.57
20041113,0.03,6.0802,4.2242,2.436,0.58,24.85,26.99,23.42,92.1,1.17,1.53,0.43,97.49
20041114,0.84,5.005,1.247,2.9436,0.48,24.5,26.08,23.36,92.94,1.51,2.14,0.57,97.34
20041115,1.5,1.7141,0.119,1.2823,0.16,24.47,26.39,23.29,94.05,1.37,2.1,0.52,97.27
20041116,0.51,5.5013,2.6126,2.8541,0.53,23.8,24.93,22.71,92.06,1.24,1.6,0.48,97.48
20041117,0.23,5.7838,3.3636,2.6309,0.55,25.05,27.71,22.87,88.45,0.96,1.63,0.48,97.55
20041118,0.02,2.04,0.1574,1.5146,0.2,24.06,26.15,22.4,92.07,0.89,2.01,0.34,97.51
20041119,0.02,5.9189,4.7352,2.1835,0.57,24.76,28.76,22.12,86.26,1.24,2.29,0.47,97.46
20041120,52.25,4.4702,1.4297,2.4722,0.43,25.07,28.26,22.39,88.34,1.28,2.41,0.5,97.35
20041121,12.88,5.4305,3.3502,2.5217,0.52,25.16,27.98,23.43,90.64,0.95,1.47,0.43,97.32
20041122,7.53,1.8667,0.1836,1.338,0.18,24.38,26.22,22.56,93.72,1.44,2.39,0.58,97.4
20041123,4.1,6.3557,4.9836,2.3592,0.61,24.35,27.66,21.65,88.97,1.37,2.75,0.51,97.44
20041124,1.28,6.7836,6.5618,1.7717,0.65,25.0,28.43,22.81,87.3,1.07,2.19,0.46,97.43
20041125,0.01,6.0701,4.3397,3.0958,0.58,25.04,28.46,21.82,86.57,0.95,1.39,0.4,97.41
20041126,0.0,5.6616,2.1631,3.768,0.54,25.0,28.3,21.85,87.3,1.5,2.55,0.6,97.34
20041127,3.47,4.1189,0.9086,2.5836,0.4,25.06,27.55,23.2,91.26,1.37,2.51,0.55,97.36
20041128,35.05,4.1623,0.6149,2.7631,0.4,24.82,26.68,23.47,95.31,0.93,1.72,0.37,97.36
20041129,7.9,6.0922,4.4045,2.808,0.59,24.57,27.04,23.11,92.14,0.92,1.79,0.37,97.3
20041130,0.03,5.5339,2.4826,3.0528,0.53,24.96,27.74,23.1,89.36,1.24,2.61,0.55,97.23
20041201,3.06,4.7662,1.1911,2.8157,0.46,25.12,28.2,23.24,87.78,1.25,2.97,0.56,97.3
20041202,3.59,4.488,2.0491,2.407,0.43,24.32,26.68,22.3,91.21,0.9,1.63,0.41,97.37
20041203,9.92,4.5691,3.1351,2.0542,0.44,25.33,29.36,21.58,86.39,1.4,2.57,0.5,97.4
20041204,3.39,4.7074,1.7885,2.7017,0.45,24.76,27.7,22.76,91.0,1.07,1.84,0.51,97.5
20041205,0.03,6.3557,5.219,2.2598,0.61,24.85,28.65,21.78,85.49,1.26,2.39,0.46,97.49
20041206,1.07,6.0379,4.7227,2.2085,0.58,25.05,28.31,22.79,88.87,1.09,1.69,0.47,97.56
20041207,0.1,6.6598,6.4118,1.8317,0.64,25.31,28.66,23.25,88.04,1.19,2.18,0.53,97.46
20041208,0.0,6.4404,6.1488,1.9109,0.62,25.3,28.98,22.58,87.28,1.13,1.7,0.52,97.34
20041209,0.0,5.9177,2.861,3.1507,0.57,25.12,29.23,22.39,85.0,0.97,1.59,0.37,97.38
20041210,0.0,6.3026,4.9769,2.4238,0.61,24.8,28.09,21.91,83.91,1.06,1.54,0.42,97.44
20041211,9.74,5.905,3.7918,2.7233,0.57,25.01,28.45,22.1,85.46,1.23,1.97,0.46,97.47
20041212,2.2,5.7288,3.8887,2.4442,0.55,25.1,28.56,22.23,86.14,1.0,1.74,0.42,97.51
20041213,4.89,5.2913,2.814,2.7326,0.51,25.06,27.78,22.92,87.94,1.17,2.28,0.49,97.42
20041214,13.19,5.8375,3.535,2.7552,0.56,25.23,28.07,22.79,88.77,1.17,1.82,0.47,97.27
20041215,7.1,4.009,0.5285,2.6729,0.39,25.14,27.88,23.2,90.78,1.0,1.75,0.41,97.31
20041216,0.2,5.9808,4.5077,2.2752,0.58,24.82,27.84,22.45,90.78,1.29,2.3,0.53,97.33
20041217,2.65,2.9491,0.3871,1.9872,0.28,24.02,26.44,22.26,91.82,1.17,1.53,0.49,97.44
20041218,0.92,5.5056,3.8722,2.328,0.53,24.52,28.23,21.96,85.81,1.29,2.18,0.46,97.35
20041219,1.86,6.0026,4.3442,2.3623,0.58,24.71,28.15,22.78,90.48,1.09,2.31,0.46,97.3
20041220,22.6,5.0146,2.9657,2.3198,0.48,24.7,27.04,22.72,91.93,1.23,1.98,0.44,97.29
20041221,29.08,4.9682,2.6222,2.6998,0.48,24.7,26.85,23.14,93.37,1.18,1.79,0.43,97.31
20041222,19.97,3.9173,0.5453,2.598,0.38,24.05,25.48,22.82,95.05,1.04,1.32,0.43,97.28
20041223,3.76,4.6325,1.0562,3.1402,0.45,24.27,26.38,22.31,92.59,1.27,2.28,0.49,97.27
20041224,1.36,5.508,3.5508,2.6681,0.53,25.39,28.04,23.81,89.09,1.34,2.3,0.59,97.32
20041225,0.42,4.968,1.7837,3.0739,0.48,25.07,27.97,23.07,88.76,1.25,2.13,0.5,97.3
20041226,0.02,5.1648,2.6078,2.7682,0.5,24.48,26.42,22.76,90.73,1.39,2.14,0.51,97.18
20041227,1.86,5.7034,2.6374,3.0902,0.55,24.64,27.33,22.33,89.43,1.24,2.1,0.44,97.13
20041228,0.66,5.1972,2.0952,3.1466,0.5,24.66,27.26,22.85,92.06,1.33,2.27,0.5,97.22
20041229,24.45,5.2145,2.0813,2.8898,0.5,24.34,25.92,23.05,95.39,1.3,2.17,0.52,97.18
20041230,35.95,3.3031,0.0919,2.521,0.32,24.33,25.9,23.18,94.75,1.22,1.66,0.44,97.23
20041231,27.11,5.7605,4.5298,2.3114,0.55,24.04,25.37,23.08,95.26,1.41,2.65,0.58,97.38
20050101,12.39,5.1538,1.7098,3.0919,0.5,23.91,26.08,22.47,92.74,1.28,2.33,0.54,97.43
20050102,0.77,5.2126,2.5234,2.9515,0.5,24.71,27.97,22.51,88.46,1.13,2.16,0.51,97.38
20050103,2.38,5.8471,4.98,2.4607,0.56,25.17,28.66,22.54,87.98,1.17,2.03,0.45,97.36
20050104,0.05,6.3919,6.5474,1.7021,0.61,25.49,29.25,22.17,87.29,1.19,1.96,0.48,97.26
20050105,5.42,5.5661,3.9792,2.2925,0.53,25.09,26.72,23.62,94.09,1.72,2.62,0.72,97.26
20050106,0.81,6.3514,5.1876,2.3131,0.61,25.53,27.8,23.8,91.72,1.41,2.27,0.61,97.2
20050107,0.25,4.6296,1.1503,2.9153,0.44,25.26,27.17,23.83,92.6,1.31,2.11,0.65,97.16
20050108,5.8,4.4201,0.2834,3.2414,0.42,24.92,26.78,23.5,90.71,1.25,2.47,0.61,97.13
20050109,2.34,5.8507,3.6389,2.591,0.56,25.08,28.86,22.59,88.82,1.21,1.86,0.53,97.22
20050110,4.05,4.5989,1.1503,3.0394,0.44,24.72,28.08,21.97,87.28,1.23,1.87,0.5,97.3
20050111,0.08,6.2508,5.2349,2.1979,0.6,25.06,28.53,22.06,88.29,1.34,2.17,0.53,97.41
20050112,0.01,5.6345,4.9342,2.0827,0.54,25.17,28.16,22.76,89.01,1.38,2.53,0.63,97.39
20050113,0.02,5.6503,2.5834,3.3067,0.54,24.71,28.72,21.87,86.22,1.42,2.45,0.55,97.3
20050114,0.01,5.335,2.7106,2.707,0.51,24.31,27.76,21.86,88.38,1.35,2.32,0.54,97.26
20050115,3.24,4.0469,0.9778,2.6604,0.39,25.11,28.03,23.35,90.41,1.03,1.99,0.46,97.29
20050116,1.71,4.0721,0.762,2.6388,0.39,25.11,28.72,22.73,88.28,1.22,2.32,0.54,97.4
20050117,0.03,5.0515,2.195,2.7917,0.48,24.62,27.84,22.16,88.33,1.49,2.57,0.59,97.45
20050118,17.41,3.8878,1.1196,2.3256,0.37,24.79,27.24,23.14,92.55,1.53,2.45,0.66,97.41
20050119,23.34,4.8266,0.8525,3.1394,0.46,24.93,27.0,23.43,92.11,1.19,1.98,0.55,97.38
20050120,6.65,4.7729,1.7086,2.9328,0.45,24.79,27.8,21.93,90.14,1.11,1.95,0.47,97.44
20050121,6.07,5.5654,2.5253,3.084,0.53,24.7,27.51,23.15,88.74,0.94,1.77,0.42,97.53
20050122,7.26,4.0001,0.4022,2.8243,0.38,23.94,26.14,22.26,93.23,1.08,1.49,0.51,97.58
20050123,1.21,5.5519,3.3137,2.4012,0.53,23.78,26.58,21.47,89.05,1.26,1.83,0.53,97.46
20050124,0.63,5.4348,3.0991,2.4895,0.52,24.52,27.31,22.35,88.04,1.43,2.52,0.66,97.27
20050125,7.41,5.0849,2.2896,2.6112,0.48,25.48,27.72,24.08,87.04,1.27,2.28,0.65,97.1
20050126,3.35,5.5579,2.8306,2.6302,0.53,25.92,29.53,23.74,85.08,0.97,2.1,0.52,97.01
20050127,1.37,5.9964,5.191,1.987,0.57,25.97,29.69,23.0,86.12,1.1,2.36,0.44,97.0
20050128,0.11,5.4271,3.3185,2.5445,0.51,26.03,28.52,24.47,87.88,1.0,1.89,0.48,97.08
20050129,0.05,5.6719,2.6928,3.1862,0.54,25.82,28.86,23.81,89.06,1.21,1.82,0.6,97.19
20050130,4.34,5.0227,0.8554,3.431,0.47,25.43,28.96,22.8,88.85,1.42,2.22,0.56,97.23
20050131,3.85,5.6474,3.9538,2.1953,0.53,25.3,27.09,24.24,93.67,1.54,2.36,0.62,97.21
20050201,0.71,6.1538,4.1172,2.6405,0.58,24.93,27.08,23.4,91.79,0.91,1.78,0.39,97.25
20050202,8.18,6.0218,4.4369,2.2766,0.57,24.18,25.92,22.48,93.96,1.02,2.28,0.35,97.31
20050203,1.44,5.9957,2.9556,3.2083,0.57,24.88,27.74,22.54,90.28,1.09,2.08,0.5,97.31
20050204,0.49,6.1558,4.8084,2.1554,0.58,24.77,26.62,23.73,93.04,1.57,2.73,0.62,97.32
20050205,2.11,3.9979,0.5522,2.8589,0.38,24.09,25.92,22.04,92.27,1.56,2.64,0.71,97.36
20050206,0.63,5.1449,1.6666,3.1824,0.48,24.58,28.93,21.14,86.44,1.52,2.23,0.6,97.41
20050207,0.77,5.0947,3.1159,2.2992,0.48,25.54,28.32,23.29,86.36,1.33,2.47,0.55,97.45
20050208,0.15,5.9873,3.9926,2.4636,0.56,25.87,28.32,24.42,87.09,1.05,2.07,0.48,97.52
20050209,0.01,6.9214,6.9067,1.663,0.65,26.14,29.11,23.91,89.21,1.18,2.34,0.52,97.48
20050210,5.75,5.9167,4.8967,1.8458,0.56,25.46,27.47,24.09,92.83,1.19,2.25,0.47,97.58
20050211,8.08,5.8054,4.3327,2.3131,0.55,24.24,26.18,22.87,92.4,0.98,1.51,0.39,97.68
20050212,0.94,6.2717,5.0695,2.0707,0.59,24.06,26.16,22.79,91.77,1.15,1.76,0.49,97.58
20050213,0.05,4.4105,1.8379,2.4266,0.41,24.19,26.36,22.27,91.42,0.98,1.6,0.44,97.49
20050214,4.6,4.8818,1.8977,2.7014,0.46,24.26,25.59,22.75,93.6,1.18,2.41,0.49,97.53
20050215,7.84,4.1386,1.4892,2.3604,0.39,24.64,27.38,21.95,92.38,1.03,1.55,0.46,97.51
20050216,4.92,5.1931,2.0167,2.8723,0.49,24.61,26.42,23.64,94.31,1.08,1.54,0.52,97.49
20050217,34.49,3.5184,0.6619,2.197,0.33,24.53,26.03,23.43,96.48,1.56,2.56,0.64,97.37
20050218,42.35,4.7674,1.6793,2.8774,0.45,24.27,25.23,23.47,96.71,1.49,2.48,0.65,97.45
20050219,18.78,4.567,1.2989,2.635,0.43,24.47,25.85,23.43,96.0,1.47,2.8,0.7,97.49
20050220,2.0,5.7082,4.7585,2.0861,0.54,24.84,27.3,23.46,93.11,1.18,1.8,0.52,97.53
20050221,0.39,6.8042,6.5326,1.7582,0.64,25.35,28.49,23.25,88.85,0.88,1.54,0.44,97.59
20050222,0.9,6.6233,5.9083,1.8674,0.62,25.56,29.33,23.06,86.89,1.09,1.79,0.43,97.68
20050223,0.14,6.5698,5.2939,2.1,0.62,25.32,29.18,22.42,87.08,1.43,2.59,0.6,97.62
20050224,91.82,6.1606,4.603,2.1958,0.58,25.25,28.8,22.27,84.09,1.49,2.08,0.54,97.53
20050225,168.38,4.2463,0.8467,2.6966,0.4,24.83,27.58,23.29,93.18,1.12,1.99,0.47,97.59
20050226,8.78,3.7282,0.971,2.2133,0.35,24.38,27.8,21.53,90.49,1.21,2.04,0.51,97.67
20050227,0.46,4.686,1.11,2.7823,0.44,25.32,29.3,22.3,88.11,1.19,2.05,0.5,97.53
20050228,9.27,4.9606,1.4436,3.1918,0.47,25.04,27.07,23.77,92.9,1.28,2.08,0.51,97.48
20050301,6.71,5.3897,3.2575,2.6323,0.51,24.79,27.68,23.11,92.83,1.45,2.56,0.63,97.54
20050302,19.55,5.669,3.4118,2.616,0.53,25.01,27.25,23.42,94.31,1.52,2.99,0.68,97.51
20050303,44.91,4.6022,1.1028,2.9035,0.43,24.69,26.49,23.54,94.03,1.36,2.37,0.57,97.52
20050304,3.31,6.6962,5.7077,2.0705,0.63,24.82,27.99,22.33,90.59,1.44,2.34,0.66,97.67
20050305,11.01,4.5797,0.7368,3.0202,0.43,24.65,26.62,23.13,91.96,1.38,2.55,0.6,97.72
20050306,8.83,6.3782,5.0146,2.1907,0.6,24.76,27.36,23.27,92.98,1.33,2.57,0.6,97.67
20050307,7.77,4.4902,0.725,3.054,0.42,24.09,26.03,22.95,95.81,1.36,2.52,0.6,97.76
20050308,5.77,2.5982,0.0634,1.9466,0.25,23.57,25.67,21.89,93.26,1.47,2.47,0.67,97.84
20050309,0.08,5.7718,4.0968,2.4516,0.55,24.02,27.33,21.31,85.77,1.26,1.97,0.5,97.7
20050310,0.41,6.5074,5.4156,2.0594,0.62,24.47,27.5,21.97,86.56,1.2,1.87,0.52,97.61
20050311,11.29,6.1378,5.2121,1.9723,0.58,25.01,28.36,22.18,89.62,1.27,2.05,0.58,97.39
20050312,15.26,5.2858,2.016,3.0247,0.5,25.78,29.35,23.15,88.28,1.56,2.88,0.63,97.19
20050313,3.87,6.1457,4.7326,2.1005,0.58,25.53,29.02,23.22,86.91,1.14,2.15,0.48,97.1
20050314,24.9,6.4229,5.5342,2.0791,0.61,25.14,28.46,22.73,89.52,1.17,2.03,0.42,97.27
20050315,8.67,5.9184,4.8295,1.9397,0.56,25.03,28.44,22.06,87.54,1.38,1.98,0.47,97.53
20050316,3.78,5.5061,3.096,2.7648,0.52,24.03,25.18,22.54,91.66,1.03,1.79,0.39,97.51
20050317,4.33,5.5087,2.502,2.9321,0.53,24.56,28.25,21.92,85.62,1.16,1.94,0.42,97.42
20050318,1.32,6.5066,5.0666,2.1734,0.62,25.38,28.6,22.84,88.57,1.17,2.3,0.52,97.3
20050319,0.31,5.544,2.9102,2.7062,0.53,25.14,28.15,23.15,89.06,1.31,2.36,0.5,97.44
20050320,0.69,6.3382,5.509,1.8074,0.61,25.39,28.51,22.6,88.15,1.57,2.46,0.7,97.42
20050321,0.95,6.3379,4.6459,2.5548,0.61,24.6,26.69,23.11,93.59,1.14,1.65,0.59,97.41
20050322,31.52,5.197,2.5526,2.6071,0.5,24.65,26.92,23.21,92.73,1.1,1.86,0.45,97.3
20050323,43.93,4.0682,0.6643,2.6326,0.39,24.81,26.86,23.47,93.03,1.27,2.38,0.54,97.26
20050324,13.67,5.2435,3.5052,2.2092,0.5,24.31,26.29,23.1,93.24,0.82,1.29,0.29,97.39
20050325,17.62,5.3374,2.4881,2.8387,0.51,24.38,26.64,22.75,92.51,0.94,1.27,0.4,97.47
20050326,18.97,4.273,0.9245,2.603,0.41,24.58,26.16,23.04,96.69,1.37,2.36,0.56,97.51
20050327,5.78,5.8934,3.2942,3.2695,0.57,24.26,25.41,23.26,95.59,1.46,2.23,0.55,97.53
20050328,11.7,4.7671,1.141,2.8514,0.46,23.71,25.52,22.35,96.47,1.22,2.33,0.53,97.48
20050329,4.34,4.9495,2.2358,2.5272,0.48,24.1,26.32,21.97,92.52,0.94,1.26,0.34,97.43
20050330,61.59,5.7252,4.0942,2.1883,0.56,24.27,26.37,22.57,94.32,1.37,2.04,0.56,97.32
20050331,60.75,5.1074,2.2202,2.7362,0.5,24.12,26.17,22.68,95.35,1.02,1.56,0.42,97.26
20050401,4.75,4.6726,1.189,3.1231,0.46,24.31,25.97,22.76,95.12,1.0,1.63,0.38,97.28
20050402,61.26,4.8871,0.7898,3.2458,0.48,24.5,25.91,23.22,95.79,0.89,1.24,0.35,97.31
20050403,31.2,4.7057,1.7995,2.8735,0.46,24.18,26.91,22.3,94.27,1.12,1.71,0.44,97.35
20050404,53.84,3.7459,0.4133,2.6287,0.37,25.08,26.48,23.93,97.27,1.18,1.67,0.44,97.3
20050405,15.81,4.6066,0.7087,3.2441,0.45,24.8,26.4,23.48,95.14,1.17,1.88,0.54,97.41
20050406,7.91,4.6116,1.6534,2.7358,0.45,24.49,26.25,22.96,95.0,0.8,1.31,0.33,97.29
20050407,9.99,4.9114,1.3512,2.982,0.49,24.54,25.76,23.39,97.02,1.72,2.78,0.69,97.25
20050408,6.35,4.6308,1.1213,3.324,0.46,24.34,26.55,22.83,94.46,1.17,1.92,0.5,97.33
20050409,4.6,1.9306,0.0994,1.4165,0.19,23.87,25.19,22.77,97.28,1.42,2.88,0.61,97.47
20050410,2.62,3.3826,0.9583,2.4578,0.34,23.82,26.15,22.35,94.37,1.56,2.51,0.69,97.46
20050411,6.35,4.8343,1.3471,3.161,0.48,24.92,27.4,22.52,91.09,1.35,1.74,0.6,97.23
20050412,0.83,5.4038,2.5721,2.9472,0.54,25.54,28.7,23.63,87.36,1.76,2.83,0.76,97.11
20050413,1.18,4.7729,0.9209,3.335,0.48,24.83,27.33,23.26,91.01,2.0,3.37,0.92,97.32
20050414,0.51,2.7106,0.0209,2.0726,0.27,23.37,25.24,21.26,90.74,1.48,2.98,0.68,97.49
20050415,1.62,4.5797,1.1287,3.0091,0.46,23.18,26.18,20.74,90.63,1.2,2.01,0.52,97.57
20050416,0.5,4.2446,1.6709,2.5906,0.43,23.64,26.48,21.63,90.5,1.34,2.16,0.59,97.57
20050417,0.01,5.7972,5.1319,1.8751,0.59,24.28,28.02,21.33,87.98,1.21,2.17,0.53,97.49
20050418,0.0,5.7314,4.8602,2.1398,0.58,24.72,28.19,21.69,88.19,1.12,2.28,0.48,97.59
20050419,19.42,5.8027,4.3812,2.3093,0.59,24.44,27.63,21.61,90.16,1.39,2.21,0.6,97.65
20050420,45.89,4.5086,2.773,2.1828,0.46,23.96,26.9,22.18,92.61,1.61,2.63,0.69,97.67
20050421,29.66,5.0347,3.2558,2.1319,0.51,23.7,27.16,20.96,90.5,1.32,1.96,0.56,97.61
20050422,5.0,5.0522,4.3543,1.8778,0.52,24.37,27.67,22.12,91.47,1.39,2.2,0.65,97.54
20050423,20.12,5.1156,4.7196,1.6877,0.53,24.4,26.28,23.11,94.63,1.13,1.73,0.45,97.57
20050424,10.21,5.2354,4.0294,2.0568,0.54,24.42,25.68,23.36,95.17,1.03,1.9,0.46,97.61
20050425,3.18,2.6311,0.253,1.8643,0.27,24.13,25.42,23.04,96.12,1.21,1.85,0.52,97.62
20050426,22.7,5.3986,4.3987,1.9625,0.56,24.54,26.53,22.84,93.6,1.56,2.3,0.66,97.65
20050427,6.22,5.5596,4.9661,1.8461,0.58,24.86,27.21,23.27,93.2,1.39,2.22,0.59,97.65
20050428,9.75,4.6138,2.6551,2.2226,0.48,24.81,26.8,23.77,93.52,1.33,2.08,0.53,97.57
20050429,31.98,4.4042,1.0502,2.7091,0.46,24.14,25.82,23.04,93.84,1.51,2.34,0.63,97.51
20050430,30.38,2.4631,0.3456,1.751,0.26,23.4,24.62,22.68,94.79,1.42,2.34,0.63,97.5
20050501,14.05,5.2843,4.3694,1.9608,0.55,24.52,27.28,22.67,93.02,1.45,2.31,0.67,97.38
20050502,1.92,4.0932,2.2687,2.0388,0.43,24.76,27.38,23.12,91.23,1.43,2.47,0.61,97.39
20050503,31.3,4.5254,2.4694,2.2546,0.48,23.72,25.16,22.97,93.8,1.24,1.72,0.53,97.45
20050504,19.53,4.5389,1.5154,2.6662,0.48,23.95,25.79,22.79,92.55,1.23,1.94,0.54,97.36
20050505,20.38,3.4423,0.5018,2.2786,0.37,24.47,26.64,22.88,94.78,0.97,1.53,0.42,97.29
20050506,33.07,2.322,0.1805,1.7419,0.25,24.34,26.08,23.46,95.26,0.99,1.53,0.39,97.31
20050507,13.92,2.7718,0.2021,2.0611,0.3,23.93,24.69,23.43,97.24,1.18,1.78,0.48,97.4
20050508,5.27,4.4818,3.2611,2.1631,0.48,24.34,26.34,23.07,95.17,1.04,2.18,0.37,97.37
20050509,1.62,5.3806,3.7325,2.2836,0.58,24.58,26.68,23.23,94.54,1.12,2.1,0.45,97.31
20050510,4.31,4.0147,1.2737,2.4106,0.43,24.14,25.45,22.91,95.98,1.12,1.4,0.45,97.45
20050511,4.81,5.1763,3.5213,2.3081,0.56,24.17,25.96,22.63,96.3,1.02,1.38,0.35,97.46
20050512,5.11,4.2998,1.1038,2.6429,0.46,24.77,27.27,23.22,94.69,1.27,1.99,0.53,97.46
20050513,12.66,2.2805,0.2918,1.6099,0.25,24.52,27.0,23.3,93.91,1.54,2.6,0.63,97.4
20050514,56.58,4.3313,2.3854,2.256,0.47,23.35,24.71,22.47,95.06,1.26,1.88,0.52,97.52
20050515,32.54,3.3012,0.2832,2.2471,0.36,24.01,26.12,22.41,93.67,1.22,2.08,0.54,97.56
20050516,50.37,2.2567,0.2359,1.6234,0.25,23.78,25.04,22.74,96.69,1.32,2.29,0.53,97.6
20050517,5.21,4.6272,2.7996,2.3201,0.51,23.94,25.46,23.05,94.8,1.07,1.79,0.53,97.62
20050518,18.56,3.7171,0.8398,2.538,0.41,24.14,26.57,22.61,92.8,1.53,2.38,0.74,97.55
20050519,7.54,4.0471,1.195,2.6165,0.44,23.69,26.18,22.68,93.69,1.34,2.19,0.57,97.62
20050520,0.32,4.3212,2.011,2.4578,0.48,23.98,26.77,22.45,89.99,1.53,2.25,0.65,97.62
20050521,0.83,3.5321,2.1437,1.7734,0.39,23.12,24.82,22.12,91.62,1.17,1.67,0.49,97.62
20050522,0.46,4.4261,3.0996,2.1739,0.49,23.23,25.77,21.96,90.51,1.25,2.08,0.59,97.63
20050523,0.11,4.7993,3.852,1.9013,0.53,23.63,26.63,21.89,90.1,1.28,2.33,0.59,97.62
20050524,3.62,4.026,2.659,2.0047,0.45,23.5,25.36,22.42,93.65,1.47,2.21,0.64,97.51
20050525,3.84,3.6214,1.2562,2.2466,0.4,23.08,25.09,22.16,94.38,1.11,1.92,0.47,97.53
20050526,4.43,3.6502,1.6416,2.011,0.41,23.03,24.7,22.07,94.97,1.41,1.82,0.61,97.49
20050527,34.12,3.7627,1.6522,2.2022,0.42,22.86,24.43,21.76,95.34,1.26,1.91,0.53,97.42
20050528,25.29,3.355,0.6096,2.172,0.38,22.43,23.58,21.59,95.52,0.94,1.74,0.48,97.54
20050529,1.87,4.2211,3.0466,2.0261,0.47,23.05,25.55,21.31,93.48,1.12,2.12,0.42,97.59
20050530,4.48,4.2019,2.8049,1.986,0.47,23.28,25.54,21.75,93.84,1.54,2.63,0.63,97.53
20050531,6.51,3.7793,2.76,1.8986,0.42,23.34,25.1,22.31,95.04,1.57,2.48,0.63,97.52
20050601,1.47,3.5028,2.0158,1.8386,0.39,23.97,26.83,21.95,92.51,1.52,2.65,0.63,97.46
20050602,79.12,4.5754,4.7988,1.5173,0.52,24.43,27.24,22.55,92.99,1.36,2.18,0.59,97.42
20050603,47.6,3.6151,1.6937,2.1276,0.41,23.58,24.98,22.59,95.12,1.16,1.87,0.47,97.48
20050604,24.37,3.6466,1.7959,1.9637,0.41,23.44,25.24,22.24,94.21,1.04,2.05,0.44,97.49
20050605,23.02,3.1262,0.8602,1.9505,0.35,23.93,27.2,21.94,93.79,1.15,1.93,0.47,97.47
20050606,1.57,4.7846,3.7106,2.0842,0.54,23.97,25.85,22.56,95.91,1.2,2.02,0.5,97.39
20050607,13.41,4.0673,1.3452,2.569,0.46,23.95,24.8,23.39,95.49,1.0,1.77,0.34,97.38
20050608,26.95,3.4944,1.6154,1.9572,0.4,24.74,27.44,23.1,94.6,1.29,2.33,0.56,97.28
20050609,50.76,3.8501,1.4074,2.4701,0.44,24.18,26.46,22.88,94.92,1.38,2.15,0.59,97.29
20050610,29.8,4.6716,4.5806,1.6562,0.53,23.47,24.9,22.8,94.77,1.12,1.62,0.5,97.44
20050611,16.38,3.3514,2.3976,1.6471,0.38,23.34,25.68,21.5,91.84,1.03,1.95,0.41,97.43
20050612,6.95,2.4346,0.408,1.6579,0.28,22.35,23.89,21.33,94.61,1.2,2.18,0.55,97.5
20050613,3.23,3.439,1.5281,2.1506,0.39,23.29,26.05,21.31,92.83,0.98,1.53,0.38,97.38
20050614,2.64,3.1351,0.9036,2.0707,0.36,23.28,25.28,22.12,94.5,1.04,1.64,0.44,97.34
20050615,2.11,3.0408,0.7058,2.083,0.35,23.13,25.34,21.9,93.74,1.02,1.91,0.46,97.38
20050616,8.2,4.3135,2.172,2.2498,0.49,23.08,25.01,21.78,95.8,1.14,2.2,0.45,97.42
20050617,32.02,3.2162,1.4098,1.8869,0.37,23.2,24.72,22.1,96.15,0.89,1.16,0.37,97.46
20050618,71.23,3.5712,1.2204,2.0822,0.41,23.63,26.48,21.86,94.13,1.17,2.05,0.48,97.42
20050619,37.02,3.9458,1.9908,2.0244,0.45,24.37,27.27,22.48,93.29,1.03,2.01,0.4,97.41
20050620,8.15,3.9329,1.9087,2.1122,0.45,24.63,26.9,23.49,93.23,1.32,2.42,0.55,97.43
20050621,5.4,3.2878,0.7567,2.0834,0.38,24.0,25.6,23.06,95.73,1.72,2.89,0.67,97.45
20050622,3.56,4.5329,3.5251,2.0294,0.52,24.65,27.61,22.57,91.1,1.07,2.14,0.43,97.55
20050623,5.88,3.6955,0.9449,2.411,0.42,24.14,25.38,23.29,95.65,1.16,1.8,0.5,97.49
20050624,13.32,3.605,1.3255,2.0726,0.41,23.28,24.47,22.03,95.39,1.16,1.76,0.45,97.62
20050625,11.12,2.0239,0.2213,1.4275,0.23,24.02,26.69,22.61,93.5,1.51,2.67,0.64,97.57
20050626,4.05,4.573,4.0061,1.7268,0.52,23.76,25.78,22.33,96.01,1.6,2.34,0.68,97.53
20050627,6.9,4.1645,1.3447,2.567,0.48,23.36,25.0,22.37,95.72,1.51,2.37,0.59,97.61
20050628,76.08,3.6595,0.8532,2.4938,0.42,22.95,24.24,22.24,96.8,1.34,1.99,0.56,97.55
20050629,41.78,2.8277,0.4548,1.7983,0.32,22.9,23.78,22.26,97.85,1.26,1.98,0.51,97.54
20050630,11.22,3.5378,0.6665,2.3076,0.4,23.2,24.43,22.18,95.85,0.83,1.28,0.37,97.53
20050701,17.74,3.6432,0.9902,2.28,0.42,23.25,24.61,21.99,97.88,1.41,1.77,0.52,97.53
20050702,12.86,3.9173,0.8093,2.4511,0.45,23.39,24.53,22.64,97.43,1.48,2.36,0.45,97.52
20050703,19.6,4.9476,4.1179,1.967,0.57,23.67,25.57,22.72,96.0,1.55,2.29,0.57,97.49
20050704,29.12,4.4712,3.0406,2.0467,0.51,23.73,26.07,22.65,95.04,1.23,1.64,0.52,97.44
20050705,14.74,4.506,2.3129,2.2577,0.51,23.54,26.29,21.86,94.22,1.39,2.35,0.52,97.47
20050706,8.07,3.6362,0.9216,2.1953,0.41,23.31,25.66,22.02,95.84,1.12,1.75,0.46,97.57
20050707,9.7,3.6941,1.2523,2.2555,0.42,23.4,25.45,22.27,95.93,0.86,1.5,0.41,97.55
20050708,8.34,4.4093,2.9213,2.1194,0.5,23.91,26.96,22.09,93.77,1.14,2.09,0.45,97.54
20050709,8.72,3.2674,0.8376,2.0388,0.37,23.77,26.09,22.72,94.86,1.42,2.47,0.6,97.49
20050710,21.59,3.7646,1.6248,2.0347,0.43,23.42,25.09,22.47,95.69,0.99,1.66,0.41,97.62
20050711,35.56,4.4592,3.6557,1.9308,0.51,24.04,26.8,22.48,93.0,1.21,2.21,0.54,97.59
20050712,19.33,2.9633,0.6461,1.8665,0.34,23.31,24.67,22.5,95.69,1.36,1.71,0.57,97.59
20050713,0.87,3.6254,2.8327,1.769,0.41,23.34,25.34,22.07,92.76,0.89,1.47,0.4,97.63
20050714,1.37,4.2077,3.5671,1.7666,0.47,23.25,25.82,21.45,91.27,1.18,2.03,0.43,97.64
20050715,3.15,4.1782,3.3672,1.8574,0.47,23.44,26.7,21.85,91.64,1.07,1.98,0.51,97.66
20050716,2.55,3.9934,2.5332,1.9687,0.45,22.64,24.6,21.33,94.38,1.24,2.05,0.5,97.57
20050717,44.2,3.347,2.0786,1.6022,0.38,22.98,24.88,21.74,95.63,1.23,2.22,0.49,97.47
20050718,35.49,2.8322,1.0186,1.7083,0.32,22.97,24.12,22.03,97.22,1.41,2.07,0.56,97.5
20050719,31.13,2.8651,1.3464,1.7302,0.32,23.62,26.08,22.43,94.61,1.51,2.34,0.62,97.43
20050720,23.16,2.8428,0.4913,2.0239,0.32,23.09,24.93,22.14,94.89,1.32,2.29,0.53,97.47
20050721,23.34,2.357,0.2938,1.5962,0.26,22.96,24.4,21.96,96.58,1.4,2.49,0.55,97.44
20050722,29.75,3.331,0.2657,2.3659,0.37,23.04,24.88,22.11,95.77,1.5,2.32,0.62,97.4
20050723,18.07,3.8458,1.9498,2.3117,0.43,22.57,24.35,21.68,94.5,1.14,2.1,0.47,97.44
20050724,82.64,2.8474,0.3674,2.0417,0.32,22.51,23.78,21.78,96.26,1.24,1.97,0.52,97.43
20050725,106.96,3.8354,0.5282,2.5212,0.42,22.15,23.84,21.23,95.37,1.29,2.14,0.52,97.54
20050726,79.03,2.5147,0.2098,1.7969,0.28,21.7,22.92,20.76,95.59,1.05,1.51,0.44,97.66
20050727,23.44,4.607,1.5761,2.6412,0.51,22.44,24.88,20.55,94.15,1.11,2.35,0.51,97.57
20050728,27.87,3.06,0.5129,2.1559,0.34,22.36,23.98,21.2,94.89,1.49,2.11,0.61,97.55
20050729,3.75,3.8263,1.0358,2.5567,0.42,22.35,24.79,21.03,91.9,1.38,2.37,0.62,97.53
20050730,1.21,4.3301,2.0297,2.4137,0.47,22.59,25.46,20.86,92.05,1.45,2.33,0.64,97.52
20050731,1.75,4.2274,3.5904,1.6834,0.46,23.22,26.69,21.16,92.77,1.44,2.16,0.57,97.47
20050801,3.9,4.0625,3.0845,1.8648,0.44,23.3,25.67,22.05,94.11,1.34,2.84,0.56,97.57
20050802,12.1,4.3099,2.052,2.3258,0.47,22.78,24.91,21.42,93.9,1.37,2.37,0.54,97.66
20050803,2.07,3.9658,1.8187,2.339,0.43,22.76,25.48,21.15,91.71,1.31,2.39,0.54,97.68
20050804,1.38,4.3435,1.4844,2.6383,0.47,22.67,26.01,20.31,87.29,1.13,1.89,0.45,97.73
20050805,1.54,4.7254,3.2959,2.1614,0.51,23.15,26.29,20.73,90.92,1.5,2.47,0.65,97.61
20050806,29.37,4.6068,2.6554,2.2349,0.5,23.42,25.92,21.9,94.67,1.57,2.84,0.66,97.58
20050807,4.44,5.2236,4.5103,1.8773,0.56,23.62,26.44,21.84,91.44,1.83,2.94,0.74,97.62
20050808,0.13,4.7722,3.8026,1.8362,0.51,23.27,26.18,21.3,90.16,1.62,2.63,0.66,97.69
20050809,3.26,3.1063,1.5624,1.7554,0.33,22.62,24.94,20.77,91.62,1.56,2.47,0.62,97.69
20050810,1.65,5.3129,4.5427,1.9154,0.57,22.18,25.33,19.82,92.12,1.36,2.46,0.59,97.66
20050811,2.57,4.0495,2.0258,2.2553,0.43,22.63,25.31,20.82,91.28,1.51,2.55,0.59,97.68
20050812,21.11,3.9334,1.8122,2.1617,0.42,23.05,25.81,20.99,92.74,1.38,2.56,0.54,97.73
20050813,37.99,1.7515,0.1334,1.2924,0.19,22.76,24.6,21.43,94.98,1.52,2.68,0.58,97.74
20050814,8.59,4.1827,0.9854,2.7444,0.44,22.59,25.3,20.72,93.33,1.18,2.2,0.5,97.73
20050815,0.48,4.5362,3.5114,2.0045,0.48,22.66,25.56,20.98,91.18,1.17,1.58,0.45,97.64
20050816,18.54,4.2581,2.5637,2.2217,0.45,22.98,25.27,21.71,93.97,1.44,2.11,0.64,97.66
20050817,17.74,2.4473,0.4061,1.716,0.26,22.78,24.85,21.67,93.89,1.66,2.75,0.68,97.73
20050818,24.86,3.9562,1.1801,2.3986,0.41,23.05,25.67,21.46,94.23,1.2,2.23,0.48,97.78
20050819,76.0,2.4516,0.2232,1.7966,0.26,22.82,24.42,21.79,95.4,1.44,2.51,0.64,97.65
20050820,32.12,2.5721,0.1721,1.8619,0.27,22.55,24.8,21.45,93.83,1.29,1.72,0.58,97.59
20050821,10.83,3.1248,1.0411,1.8751,0.32,22.06,24.13,20.89,93.39,1.27,2.13,0.55,97.62
20050822,7.18,3.4205,1.279,2.0554,0.35,21.64,23.79,20.4,93.33,1.08,2.2,0.41,97.72
20050823,18.4,3.6566,1.2893,2.2013,0.38,21.74,24.74,20.11,94.57,0.96,2.28,0.42,97.62
20050824,9.65,3.6804,0.6698,2.3117,0.38,22.26,24.73,20.87,94.06,1.58,2.62,0.69,97.47
20050825,103.01,3.8309,1.1172,2.2807,0.39,22.38,24.7,20.89,94.87,1.42,2.18,0.6,97.56
20050826,40.38,3.0619,0.1682,2.179,0.31,22.93,25.29,21.48,95.13,1.04,1.75,0.46,97.52
20050827,2.98,4.4736,1.1119,2.9155,0.46,22.67,25.55,21.53,93.24,1.34,2.08,0.62,97.54
20050828,7.43,3.9727,1.4482,2.478,0.41,22.22,23.94,21.01,93.64,1.09,2.04,0.47,97.53
20050829,2.61,3.8213,0.7085,2.4814,0.39,22.32,24.46,20.51,92.26,1.13,2.2,0.44,97.51
20050830,11.68,4.6423,1.5334,2.7216,0.47,22.57,24.9,21.22,93.41,1.09,1.95,0.47,97.47
20050831,35.46,4.1426,2.3575,2.0549,0.42,22.49,25.19,21.16,94.44,1.08,2.06,0.5,97.4
20050901,7.68,4.1342,2.3784,2.033,0.42,22.55,25.1,21.14,92.93,1.41,2.29,0.62,97.41
20050902,8.63,3.9792,2.2279,2.0842,0.4,22.71,25.89,20.79,93.32,1.36,2.38,0.57,97.45
20050903,16.38,4.4465,2.4751,2.1254,0.45,23.1,26.18,21.57,93.88,1.33,2.42,0.55,97.36
20050904,24.54,3.9341,1.2458,2.1878,0.4,22.75,25.27,21.28,94.23,0.99,1.75,0.39,97.41
20050905,25.14,4.0937,0.7474,2.8262,0.41,22.69,24.52,21.62,95.26,1.17,2.07,0.48,97.4
20050906,25.99,3.6278,1.0471,2.3506,0.36,22.99,26.04,21.54,93.05,0.98,2.12,0.43,97.46
20050907,26.15,3.4339,1.0934,2.0863,0.34,23.43,25.97,21.92,92.88,1.39,2.77,0.58,97.43
20050908,16.81,4.0286,0.3583,2.8394,0.4,22.8,24.93,21.65,94.59,1.32,2.25,0.55,97.54
20050909,45.94,4.9942,3.6622,2.0765,0.5,22.8,25.11,21.26,94.03,1.25,2.21,0.57,97.49
20050910,29.96,5.1178,2.4353,2.6822,0.51,22.91,24.89,21.39,95.14,1.37,1.99,0.56,97.44
20050911,25.97,3.773,0.294,2.6686,0.37,23.68,26.89,21.7,90.97,1.15,2.33,0.48,97.4
20050912,4.53,4.2118,1.1712,2.4221,0.42,23.82,26.92,22.02,91.87,1.26,2.38,0.48,97.46
20050913,5.88,4.5211,1.8576,2.3858,0.45,23.88,25.88,22.4,93.89,1.79,2.62,0.73,97.53
20050914,3.8,4.7664,1.8778,2.6491,0.47,23.53,26.13,21.59,91.94,1.38,2.44,0.54,97.62
20050915,16.07,3.3317,1.9452,2.2318,0.33,23.25,25.6,21.36,93.84,1.43,2.43,0.55,97.6
20050916,21.99,5.6453,3.1915,2.717,0.55,23.4,25.55,22.13,94.52,1.35,2.33,0.53,97.64
20050917,61.31,5.5313,2.8344,2.418,0.54,23.94,26.37,22.39,93.27,1.27,1.93,0.52,97.74
20050918,20.77,2.8483,0.3127,1.9634,0.28,23.74,25.02,22.8,97.01,1.71,2.9,0.74,97.77
20050919,27.71,6.2105,4.871,2.2913,0.61,23.98,26.27,22.38,93.38,1.28,2.2,0.54,97.74
20050920,56.63,5.0822,2.0282,2.9306,0.5,23.68,26.2,22.23,93.11,1.06,2.06,0.44,97.7
20050921,10.2,4.0152,0.534,2.6755,0.39,23.28,24.76,22.16,95.2,1.15,2.23,0.44,97.71
20050922,17.69,5.5709,3.1661,2.6354,0.54,23.11,25.5,21.89,94.59,0.9,1.2,0.37,97.78
20050923,17.76,4.1599,0.7946,2.5337,0.4,22.98,24.95,21.84,94.08,1.08,2.13,0.48,97.73
20050924,3.34,5.4557,3.6154,2.419,0.53,23.33,25.89,21.78,93.0,1.2,2.43,0.53,97.63
20050925,20.29,4.6291,1.7208,2.7331,0.45,22.67,24.28,21.59,94.97,1.0,1.52,0.42,97.57
20050926,10.85,6.2698,5.1806,2.1199,0.61,23.29,26.14,21.43,93.56,1.41,2.45,0.58,97.53
20050927,38.85,4.777,2.041,2.5253,0.46,23.06,25.19,21.64,94.98,1.34,2.57,0.57,97.62
20050928,2.9,3.3437,0.4236,2.3014,0.32,23.53,26.08,22.07,93.25,1.43,2.2,0.58,97.6
20050929,17.44,6.4366,5.0707,2.2039,0.62,23.89,26.86,21.86,92.29,1.35,2.12,0.52,97.53
20050930,8.17,5.2277,2.0074,2.9304,0.5,23.11,24.16,22.15,96.3,1.4,1.99,0.56,97.66
20051001,27.69,5.969,4.3344,2.2474,0.57,23.74,26.99,22.06,92.59,1.14,2.26,0.52,97.61
20051002,14.41,2.5337,0.205,1.7676,0.24,23.54,25.48,22.4,94.6,1.23,2.26,0.5,97.49
20051003,2.13,3.0778,0.1759,2.3203,0.3,23.36,25.62,22.0,93.93,1.23,2.28,0.46,97.53
20051004,14.36,5.8738,3.6446,2.6419,0.56,24.07,26.22,22.4,93.8,1.46,2.75,0.61,97.54
20051005,18.02,3.1361,0.331,2.2253,0.3,23.35,25.38,22.27,94.36,1.54,2.59,0.61,97.51
20051006,18.56,3.8741,0.937,2.3251,0.37,23.77,26.18,22.08,94.71,1.2,2.06,0.43,97.45
20051007,14.19,5.4876,3.3586,2.6587,0.53,23.85,25.58,22.56,95.04,1.04,1.67,0.39,97.44
20051008,2.29,4.9133,1.6418,2.7634,0.47,24.09,25.53,22.98,95.33,1.23,1.8,0.45,97.44
20051009,4.63,6.0996,4.5629,2.4214,0.58,25.01,27.71,23.02,87.6,1.4,2.37,0.56,97.48
20051010,4.05,5.4878,3.223,2.4754,0.52,24.84,28.44,22.84,92.54,1.03,1.94,0.43,97.47
20051011,40.19,6.0014,5.4581,1.9673,0.57,24.94,26.64,23.85,96.22,1.41,2.11,0.53,97.41
20051012,41.48,5.4756,2.5056,3.1642,0.52,25.49,28.55,23.07,90.71,1.16,1.89,0.44,97.38
20051013,10.95,4.4753,0.2057,3.3418,0.43,25.01,26.2,24.13,95.89,1.56,2.1,0.58,97.32
20051014,1.82,3.084,0.0984,2.3148,0.29,24.58,26.15,23.31,92.59,1.64,2.78,0.66,97.43
20051015,0.97,5.8649,3.1166,3.0223,0.56,24.5,26.53,22.96,91.62,1.22,1.6,0.53,97.41
20051016,1.97,4.842,2.3342,2.7125,0.46,24.1,26.1,22.67,90.51,0.93,1.29,0.37,97.41
20051017,6.82,5.1266,2.1708,2.7737,0.49,24.41,27.17,22.56,93.15,1.58,3.1,0.66,97.4
20051018,8.23,2.004,0.1498,1.465,0.19,24.03,25.42,22.62,95.67,1.22,2.02,0.52,97.4
20051019,1.39,6.4848,5.5997,1.9183,0.62,24.44,28.35,21.68,87.6,1.15,1.9,0.5,97.35
20051020,5.61,4.7323,1.6082,2.8205,0.45,24.74,28.22,22.11,90.53,1.46,2.53,0.63,97.36
20051021,2.05,4.3699,1.2394,2.7718,0.42,24.97,28.36,22.15,88.57,1.32,2.06,0.51,97.44
20051022,27.31,4.2998,1.9759,2.232,0.41,24.93,26.76,23.87,93.72,1.32,2.12,0.55,97.51
20051023,6.1,5.6083,3.1531,2.6714,0.53,24.42,26.8,23.39,93.71,1.32,1.9,0.52,97.54
20051024,6.84,5.4871,2.297,3.1409,0.52,24.92,28.22,22.75,90.39,1.33,2.13,0.56,97.54
20051025,9.25,4.1976,1.1695,2.3926,0.4,24.77,26.99,23.13,93.71,1.38,1.87,0.56,97.51
20051026,6.8,5.4958,3.3202,2.6971,0.52,24.6,27.61,22.84,91.5,1.07,1.72,0.46,97.44
20051027,52.66,4.4194,1.0754,2.6892,0.42,24.83,27.72,23.04,90.71,1.25,2.4,0.51,97.46
20051028,18.18,3.6398,0.1886,2.6834,0.35,24.85,26.98,23.59,93.77,0.98,1.83,0.34,97.39
20051029,3.88,5.5382,2.0606,3.215,0.53,25.25,28.43,23.31,89.9,1.76,2.54,0.68,97.35
20051030,16.93,4.4981,0.7351,2.9328,0.43,23.45,24.79,22.61,93.47,1.06,1.68,0.5,97.4
20051031,11.15,5.0364,2.7946,2.5848,0.48,24.75,28.53,22.54,90.08,1.21,2.51,0.49,97.42
20051101,3.43,6.2563,4.9409,2.3743,0.59,24.57,26.87,23.27,93.66,1.24,2.19,0.49,97.36
20051102,2.98,4.193,0.8146,2.7331,0.4,24.85,27.76,23.01,91.12,1.57,2.89,0.65,97.4
20051103,0.65,6.5566,5.874,1.945,0.62,25.05,28.13,23.03,89.54,1.26,2.26,0.51,97.37
20051104,2.65,3.9266,1.2533,2.412,0.37,24.41,26.61,22.83,90.6,1.41,2.26,0.56,97.42
20051105,4.25,4.6474,1.026,2.9383,0.44,24.22,27.83,21.51,88.87,1.06,1.71,0.43,97.4
20051106,0.38,6.2162,4.4095,2.4842,0.59,24.5,27.77,21.91,89.03,1.17,1.96,0.44,97.39
20051107,12.34,2.5094,0.1536,1.8806,0.24,23.85,25.5,22.28,94.41,1.56,2.5,0.6,97.45
20051108,19.84,4.758,1.0978,2.916,0.45,24.52,27.56,22.29,91.35,1.41,2.63,0.53,97.43
20051109,9.98,6.1164,3.3581,2.911,0.58,24.21,27.05,22.84,93.63,1.31,2.01,0.54,97.54
20051110,5.08,5.772,3.737,2.7629,0.55,24.72,28.01,22.61,91.05,1.43,2.34,0.58,97.38
20051111,8.57,4.8096,1.3944,2.867,0.46,24.67,27.0,22.76,93.74,1.63,2.61,0.69,97.35
20051112,1.55,5.9844,3.3307,2.9297,0.57,24.63,27.31,22.74,91.01,0.86,1.27,0.41,97.41
20051113,49.89,5.7727,4.2022,2.4583,0.55,24.8,28.05,22.22,88.56,1.33,2.38,0.51,97.31
20051114,34.01,4.7158,0.9257,3.0761,0.45,24.24,26.1,23.09,94.31,1.47,2.36,0.57,97.17
20051115,35.99,4.1837,0.792,2.7449,0.4,24.01,25.31,22.98,96.46,1.28,2.11,0.52,97.14
20051116,5.4,5.5418,3.1085,2.7571,0.53,24.48,27.2,22.71,92.94,1.4,2.38,0.52,97.22
20051117,27.7,4.7333,2.6482,2.2411,0.45,24.73,27.36,22.89,91.56,1.49,2.38,0.57,97.31
20051118,14.61,5.3297,2.6448,2.7391,0.51,24.68,27.87,22.81,91.82,0.96,1.71,0.37,97.4
20051119,3.58,5.8181,4.5924,2.3182,0.56,25.17,28.96,22.56,88.44,1.27,1.98,0.45,97.33
20051120,1.86,6.6463,6.1937,2.304,0.64,24.97,27.71,22.85,91.12,1.29,2.22,0.55,97.32
20051121,0.81,4.6776,0.8501,3.2318,0.45,24.52,27.56,22.29,89.28,1.25,2.67,0.55,97.43
20051122,0.54,4.4424,0.6523,3.1162,0.43,24.68,27.82,22.2,87.96,1.42,2.35,0.56,97.41
20051123,2.24,4.9399,1.3243,3.2916,0.47,25.0,28.67,21.99,87.88,1.35,2.41,0.53,97.37
20051124,1.88,4.5946,1.9954,2.5519,0.44,24.79,27.62,23.04,90.97,1.38,2.71,0.54,97.34
20051125,5.19,6.2242,5.1074,2.2762,0.6,24.27,25.53,22.96,95.8,1.33,2.24,0.5,97.32
20051126,11.52,5.6472,3.5362,2.6801,0.54,24.43,26.73,22.95,92.87,1.0,1.49,0.37,97.23
20051127,32.99,4.0654,0.2825,2.9515,0.39,24.03,25.11,23.01,97.53,1.38,1.9,0.55,97.33
20051128,6.88,5.1382,2.3402,2.6443,0.49,23.87,25.54,22.5,94.28,1.11,1.48,0.43,97.36
20051129,2.3,5.897,4.7887,2.4053,0.57,24.43,27.89,21.63,88.19,1.29,2.4,0.52,97.16
20051130,0.56,6.5719,6.1762,2.5049,0.63,24.84,28.38,22.72,87.13,1.19,2.27,0.54,97.14
20051201,1.03,4.4345,1.0915,2.79,0.43,24.46,27.85,21.73,89.42,1.54,2.61,0.63,97.26
20051202,19.55,4.6476,1.3946,2.8483,0.45,23.75,25.23,22.7,92.06,0.86,1.37,0.36,97.36
20051203,28.9,4.4302,1.536,2.7158,0.43,24.17,25.99,23.06,92.33,1.1,1.91,0.5,97.3
20051204,44.88,4.9428,1.9579,2.7602,0.48,23.92,25.54,22.75,95.7,1.37,2.29,0.54,97.25
20051205,26.38,3.6425,0.1735,2.7091,0.35,23.5,24.91,21.49,96.6,1.38,2.25,0.57,97.28
20051206,1.92,5.922,4.405,2.4514,0.57,23.59,26.65,20.88,91.7,1.21,1.99,0.44,97.29
20051207,19.31,2.5301,0.3444,1.7664,0.24,24.06,24.99,22.38,96.65,1.67,2.58,0.73,97.3
20051208,20.61,5.1182,1.3123,3.3173,0.49,23.28,25.53,20.98,91.91,1.35,2.42,0.53,97.32
20051209,15.45,5.022,2.4756,2.7972,0.48,24.29,27.56,21.96,91.54,1.43,2.67,0.61,97.13
20051210,5.59,5.3371,1.7971,3.1714,0.51,24.81,27.22,23.22,92.73,1.16,1.71,0.54,97.13
20051211,12.93,3.2066,0.0782,2.3808,0.31,24.34,26.24,22.67,94.84,1.41,2.61,0.66,97.16
20051212,12.43,5.0011,1.098,3.2765,0.48,24.46,27.67,21.72,91.02,1.42,2.22,0.6,97.12
20051213,3.39,6.2362,4.9238,2.4324,0.6,24.58,27.6,22.53,92.61,1.36,2.24,0.58,97.03
20051214,6.26,4.3426,0.4382,3.091,0.42,24.12,25.81,22.4,93.01,1.28,1.59,0.51,97.09
20051215,4.07,5.4317,2.4324,3.0617,0.52,25.23,28.36,23.15,92.53,1.23,2.55,0.48,97.04
20051216,8.57,3.1001,0.2314,2.2145,0.3,24.57,26.27,23.63,96.81,1.58,3.1,0.71,97.19
20051217,8.84,4.6747,1.6694,2.6455,0.45,24.84,27.4,23.37,93.16,1.02,2.13,0.48,97.22
20051218,4.16,4.1498,0.7061,2.8709,0.4,24.6,27.34,22.91,91.34,1.34,2.39,0.52,97.21
20051219,16.08,6.3989,5.2783,2.0986,0.62,24.27,26.71,22.26,93.75,1.11,2.01,0.42,97.21
20051220,10.52,3.5184,0.1709,2.6825,0.34,24.24,25.34,23.4,97.73,1.58,2.7,0.66,97.32
20051221,0.38,3.3096,0.6785,2.3033,0.32,24.19,26.45,22.64,91.99,1.01,1.77,0.43,97.39
20051222,0.55,4.6145,0.7145,3.2335,0.45,23.95,25.97,22.26,90.92,0.98,1.57,0.35,97.38
20051223,4.48,4.7083,2.3774,2.3753,0.45,23.79,25.74,22.5,94.45,1.23,1.95,0.48,97.33
20051224,10.28,4.0778,0.4831,2.8486,0.39,24.14,25.78,23.02,95.96,1.08,1.69,0.39,97.37
20051225,19.57,5.8279,3.1015,3.1118,0.56,24.96,27.72,23.07,91.45,1.24,2.4,0.49,97.31
20051226,24.12,2.1583,0.0876,1.6104,0.21,23.86,25.79,22.41,95.99,1.01,1.8,0.37,97.39
20051227,8.82,6.5174,5.9395,2.0342,0.63,23.82,26.12,22.09,92.55,1.3,2.19,0.54,97.5
20051228,14.87,4.6678,0.6005,3.3058,0.45,24.03,25.51,22.76,96.11,1.42,2.18,0.6,97.48
20051229,38.73,5.5459,3.2714,2.9724,0.53,23.88,25.28,22.72,95.82,1.31,1.72,0.53,97.43
20051230,48.2,4.841,1.1902,2.9558,0.47,23.9,24.96,22.92,96.8,1.38,1.77,0.52,97.49
20051231,11.18,4.4239,0.606,3.2158,0.43,24.38,27.77,22.24,91.61,1.24,2.31,0.45,97.48
20060101,28.01,5.4713,2.8433,2.8246,0.53,24.49,26.54,23.24,93.42,1.51,2.39,0.58,97.44
20060102,17.23,3.3439,0.233,2.4554,0.32,24.14,26.04,22.88,94.1,1.38,2.15,0.62,97.36
20060103,8.19,5.5471,3.1183,2.9998,0.53,24.26,26.89,22.0,93.18,1.36,2.15,0.55,97.25
20060104,6.84,3.1138,0.3146,2.2522,0.3,24.54,26.64,23.19,94.72,1.36,2.36,0.58,97.2
20060105,42.97,4.8372,2.2025,2.6047,0.46,24.54,27.55,21.66,90.91,1.36,2.46,0.57,97.21
20060106,19.75,6.2458,5.364,2.1163,0.6,24.37,25.38,23.67,96.51,1.27,1.89,0.48,97.22
20060107,8.56,3.7464,0.0528,2.8284,0.36,24.63,26.48,22.94,93.79,1.06,1.48,0.42,97.23
20060108,11.08,6.2378,5.6947,2.0753,0.6,23.79,25.21,22.69,92.87,0.96,1.21,0.41,97.34
20060109,12.18,2.8946,0.6859,1.9774,0.28,23.5,25.09,22.15,96.67,1.24,1.65,0.52,97.26
20060110,2.51,6.6288,6.571,1.7796,0.63,24.33,26.83,22.31,93.26,1.35,2.04,0.54,97.25
20060111,1.51,5.9698,4.4546,2.5553,0.57,24.62,28.05,21.93,88.28,1.1,1.76,0.44,97.24
20060112,15.78,5.6292,3.1224,2.6954,0.54,24.36,25.63,22.97,96.23,1.36,2.14,0.52,97.27
20060113,7.25,6.2815,4.2878,2.7034,0.6,24.7,26.59,23.54,93.54,1.12,1.76,0.45,97.2
20060114,5.15,5.7943,3.2093,3.2573,0.55,25.23,28.05,23.15,89.77,1.38,2.29,0.55,97.16
20060115,73.56,4.4299,0.7493,3.1003,0.42,24.72,27.47,22.62,91.61,1.49,2.74,0.57,97.19
20060116,15.48,5.5654,2.5889,3.4306,0.53,24.57,27.29,23.01,92.28,1.2,1.94,0.45,97.19
20060117,7.37,4.9498,0.5986,3.5393,0.47,24.0,26.82,22.07,91.24,1.16,2.29,0.46,97.18
20060118,17.08,5.3722,1.7364,3.3197,0.51,24.22,27.1,22.28,91.48,1.36,2.44,0.55,97.15
20060119,5.9,3.522,0.2066,2.5894,0.34,24.29,27.53,21.62,90.9,1.04,1.6,0.37,97.18
20060120,10.12,3.4589,0.1212,2.5798,0.33,23.9,25.84,21.86,94.91,0.89,1.67,0.34,97.29
20060121,9.25,4.273,0.0773,3.235,0.41,23.11,25.95,20.75,90.7,1.37,1.93,0.48,97.29
20060122,2.91,4.1338,0.8196,2.8714,0.39,24.55,28.35,21.42,88.4,2.0,3.35,0.83,97.05
20060123,0.35,5.7636,3.1207,3.108,0.55,25.91,28.98,23.24,86.58,1.46,2.81,0.67,96.88
20060124,35.06,6.4279,5.016,2.5999,0.61,26.71,30.77,23.21,85.0,0.88,1.51,0.35,96.82
20060125,29.6,5.4233,3.6718,2.1682,0.51,26.19,30.32,23.67,88.17,0.92,2.15,0.39,97.03
20060126,14.49,6.4507,5.4072,2.3213,0.61,25.38,28.84,23.23,90.35,0.89,1.71,0.37,97.11
20060127,3.95,5.2608,1.3433,3.2069,0.5,25.14,27.59,23.24,89.81,1.31,2.43,0.57,97.06
20060128,0.52,5.9508,3.6086,2.7295,0.56,24.21,26.26,22.66,87.61,1.09,1.93,0.45,97.25
20060129,0.09,7.0351,6.8371,1.8355,0.67,25.74,30.31,22.23,83.04,1.3,2.03,0.54,97.29
20060130,4.18,6.541,6.1661,2.4866,0.62,25.65,29.4,22.95,83.9,1.0,1.57,0.37,97.36
20060131,27.63,6.738,6.3418,1.8638,0.64,25.6,28.92,22.79,87.4,0.73,1.61,0.27,97.32
20060201,17.56,6.2758,4.4414,2.6786,0.59,24.77,26.8,22.95,93.2,0.89,1.63,0.43,97.51
20060202,6.01,5.4588,3.263,3.0389,0.52,24.47,27.5,22.29,89.26,1.08,1.86,0.44,97.56
20060203,1.87,5.7677,3.0125,3.031,0.54,24.13,26.87,22.27,89.82,0.91,1.33,0.4,97.58
20060204,0.37,3.8969,0.7438,2.7636,0.37,24.24,27.76,21.05,87.8,1.18,1.86,0.49,97.49
20060205,0.01,5.545,4.1849,2.2577,0.52,25.09,29.29,22.18,87.08,1.16,1.87,0.48,97.41
20060206,1.15,6.4968,5.8315,1.9937,0.61,25.1,28.41,22.59,88.61,1.26,2.4,0.55,97.45
20060207,1.85,6.8011,7.1791,1.4018,0.64,25.56,28.99,23.41,88.53,1.34,2.25,0.52,97.45
20060208,1.56,5.8584,4.2254,2.4953,0.55,25.01,26.99,23.68,92.32,1.48,2.51,0.56,97.5
20060209,4.42,5.6875,2.9292,2.8589,0.53,25.06,28.2,22.91,89.09,1.09,1.68,0.51,97.57
20060210,0.39,7.0008,6.7596,1.7395,0.66,24.79,28.38,22.03,88.02,1.41,2.51,0.59,97.4
20060211,0.06,6.5153,5.2298,2.2838,0.61,25.09,28.7,22.52,87.36,1.35,2.12,0.55,97.36
20060212,0.85,6.3878,5.3762,1.9682,0.6,25.08,28.45,22.4,87.79,1.25,2.27,0.52,97.43
20060213,6.4,5.436,1.471,3.0967,0.51,24.9,28.4,22.31,88.32,1.51,2.72,0.61,97.42
20060214,39.54,3.7308,0.7294,2.4031,0.35,24.46,26.79,22.97,92.77,1.34,2.19,0.59,97.44
20060215,28.99,5.7223,2.4468,3.0991,0.54,24.04,26.41,22.33,91.74,0.81,1.67,0.38,97.4
20060216,5.16,5.6887,3.2287,2.5409,0.53,24.84,28.46,22.14,89.4,1.45,2.75,0.62,97.29
20060217,10.03,3.03,0.0372,2.2855,0.28,24.71,26.93,22.67,93.1,0.92,1.73,0.47,97.3
20060218,6.36,6.0022,5.0076,2.0599,0.56,25.01,27.73,22.98,93.18,1.3,2.32,0.52,97.17
20060219,18.95,5.0522,3.1716,2.5378,0.47,25.03,26.62,24.07,96.28,1.25,1.45,0.5,97.14
20060220,4.83,5.575,2.8906,2.688,0.52,24.52,25.89,23.46,95.48,1.19,2.17,0.47,97.22
20060221,17.6,5.718,3.3158,2.8234,0.54,24.55,25.65,23.24,95.87,1.28,2.25,0.53,97.18
20060222,13.7,5.9515,3.5794,2.6834,0.56,25.12,26.98,23.95,92.95,1.13,2.04,0.51,97.18
20060223,3.08,6.3636,5.2594,2.2606,0.6,25.13,27.77,23.24,90.25,1.05,1.73,0.43,97.13
20060224,2.67,5.7166,1.6529,3.8086,0.54,25.04,27.15,23.91,92.35,1.22,2.52,0.59,97.13
20060225,16.06,4.8821,1.122,3.0917,0.46,24.57,27.37,22.6,92.91,1.58,2.67,0.68,97.1
20060226,35.99,5.4929,2.6546,2.9018,0.52,24.83,27.07,22.93,94.28,1.59,2.44,0.7,97.04
20060227,36.26,5.6796,2.9539,2.8351,0.53,25.64,27.65,24.65,93.15,1.27,2.15,0.6,97.01
20060228,44.98,3.8542,0.1246,2.8675,0.36,25.18,26.74,22.79,96.35,1.1,1.85,0.4,97.09
20060301,32.47,3.419,0.1994,2.5128,0.32,24.15,26.99,22.01,92.86,1.21,2.07,0.44,97.27
20060302,4.98,5.7007,1.8478,3.8842,0.54,25.4,28.96,23.13,88.2,0.93,1.66,0.44,97.29
20060303,4.28,4.6548,1.5365,2.8327,0.44,25.28,28.78,23.23,90.66,1.21,2.22,0.5,97.33
20060304,16.8,5.003,0.9583,3.1387,0.47,24.83,27.23,22.8,93.13,1.18,1.86,0.58,97.48
20060305,4.22,5.8138,2.9088,3.2626,0.55,24.81,28.39,22.14,88.72,1.12,2.04,0.43,97.34
20060306,3.55,5.9448,4.1765,2.3626,0.56,25.4,28.57,23.1,90.53,1.45,2.56,0.63,97.22
20060307,1.45,5.7734,2.2694,3.1298,0.54,24.99,28.0,22.71,91.66,1.04,1.67,0.43,97.48
20060308,0.0,5.808,3.0715,2.9386,0.55,23.96,27.94,20.55,77.74,1.47,2.14,0.49,97.62
20060309,0.02,5.2726,1.3159,3.3214,0.5,23.75,28.05,20.01,78.02,1.34,2.55,0.41,97.58
20060310,8.89,5.6294,2.3981,3.2177,0.53,23.69,25.92,22.04,87.06,1.02,2.24,0.37,97.54
20060311,16.28,5.3273,1.9495,2.8092,0.5,23.29,25.74,21.03,91.59,1.23,1.94,0.56,97.46
20060312,2.24,5.1828,1.4875,3.4231,0.49,23.87,26.13,22.16,91.6,1.15,1.98,0.51,97.38
20060313,0.64,6.5786,5.3995,2.0808,0.62,24.65,27.91,21.91,86.01,1.26,1.81,0.49,97.39
20060314,0.91,6.7757,5.8831,2.0779,0.64,25.15,27.74,23.79,89.71,1.32,2.2,0.56,97.42
20060315,4.94,5.3801,1.8511,3.1025,0.51,25.26,28.21,23.5,91.56,1.4,2.34,0.62,97.31
20060316,1.34,6.8777,6.3643,1.7594,0.65,24.84,27.49,23.01,90.77,1.02,2.06,0.42,97.25
20060317,1.52,6.9922,6.7716,1.8086,0.67,25.3,28.16,22.73,88.31,1.27,2.27,0.52,97.11
20060318,8.27,6.2726,5.1672,2.274,0.6,26.12,29.43,24.22,87.94,0.89,1.66,0.45,97.04
20060319,11.92,5.388,4.5835,1.609,0.51,25.47,27.85,23.99,88.62,1.04,1.74,0.45,97.17
20060320,23.45,6.0617,3.3466,2.7871,0.58,24.97,26.94,23.95,93.28,1.2,1.6,0.45,97.25
20060321,20.78,5.2207,2.7024,2.6318,0.5,24.34,25.53,23.28,97.26,1.65,2.73,0.62,97.2
20060322,9.22,4.669,1.866,3.0396,0.45,24.61,26.84,23.18,93.98,1.39,2.33,0.53,97.1
20060323,3.12,5.8903,4.621,2.525,0.57,24.23,25.99,22.92,93.37,1.01,1.53,0.37,97.15
20060324,1.96,6.0679,4.741,2.231,0.58,25.19,28.08,22.62,88.22,1.19,1.76,0.49,97.16
20060325,2.83,5.5678,4.2948,2.243,0.54,25.03,26.15,24.19,94.63,1.41,2.25,0.53,97.29
20060326,31.71,5.2118,1.6872,3.349,0.5,24.76,26.82,23.56,93.87,1.25,2.16,0.46,97.3
20060327,43.47,3.0979,0.156,2.2267,0.3,24.45,26.04,23.33,96.56,1.48,2.45,0.61,97.31
20060328,8.36,5.6194,2.8457,2.9537,0.54,24.8,28.17,22.4,90.89,1.3,2.28,0.59,97.29
20060329,3.91,5.0647,2.0462,2.8644,0.49,24.02,25.67,22.67,92.9,0.91,1.14,0.39,97.4
20060330,17.46,2.9558,0.156,2.159,0.29,23.8,25.4,22.11,95.39,0.93,1.25,0.39,97.36
20060331,2.95,3.7039,0.1637,2.7422,0.36,25.29,28.06,23.07,89.48,1.31,2.59,0.62,97.25
20060401,0.89,3.6902,0.1596,2.724,0.36,25.44,28.15,23.05,88.83,0.95,1.83,0.38,97.24
20060402,2.46,4.4021,0.5638,2.9851,0.43,24.61,26.49,23.09,92.02,0.84,1.6,0.36,97.39
20060403,1.44,3.516,0.264,2.4545,0.34,23.99,26.89,22.01,89.31,0.85,1.51,0.28,97.41
20060404,5.16,5.5658,2.7487,2.7828,0.55,24.87,29.25,22.22,83.45,1.13,1.67,0.39,97.33
20060405,5.3,5.3609,3.0269,2.6369,0.53,25.21,28.86,22.43,87.5,1.13,1.59,0.42,97.42
20060406,3.63,6.2602,5.3681,1.981,0.62,25.6,27.86,23.86,90.21,0.94,1.6,0.38,97.34
20060407,3.74,5.4168,3.2743,2.5214,0.54,24.93,26.87,23.28,92.09,1.1,1.58,0.39,97.31
20060408,11.3,4.9349,2.0028,2.725,0.49,24.58,26.91,23.22,93.23,1.03,1.73,0.43,97.3
20060409,25.39,5.0203,3.1399,2.2126,0.5,24.47,26.46,23.14,93.22,1.04,1.77,0.5,97.47
20060410,14.31,5.6314,3.4039,2.5145,0.56,24.36,27.33,22.66,92.45,1.39,2.2,0.62,97.5
20060411,12.38,3.9322,0.6598,2.6035,0.39,24.02,26.36,22.91,93.83,1.05,1.42,0.47,97.44
20060412,6.18,6.2398,5.5622,1.98,0.62,24.4,27.32,22.01,90.41,1.03,1.88,0.46,97.34
20060413,4.52,3.4666,0.4704,2.4602,0.35,24.58,27.16,22.46,90.21,1.21,1.79,0.59,97.35
20060414,27.61,4.0351,0.5395,2.7862,0.41,24.18,26.07,22.81,93.5,1.18,1.78,0.52,97.37
20060415,24.05,5.4905,3.7618,2.2918,0.55,24.29,26.42,23.28,93.87,1.43,1.93,0.59,97.28
20060416,33.2,4.2631,1.7328,2.3986,0.43,24.4,25.94,23.3,94.52,1.12,1.89,0.54,97.09
20060417,32.38,4.9908,1.7873,2.856,0.5,24.09,25.29,22.33,94.08,1.06,1.52,0.45,97.15
20060418,46.5,5.6496,4.0898,2.5222,0.57,24.39,26.31,23.21,93.82,1.18,2.16,0.57,97.37
20060419,4.41,5.7876,4.9279,2.1478,0.59,24.74,27.96,22.63,90.7,0.99,1.86,0.44,97.47
20060420,5.87,3.0461,0.7178,2.0268,0.31,24.43,27.28,22.36,91.4,1.17,1.77,0.5,97.37
20060421,6.74,4.8389,1.399,2.9347,0.49,23.8,26.46,21.78,92.74,1.23,1.62,0.5,97.31
20060422,0.62,5.8003,5.2073,2.2418,0.59,24.21,27.65,21.33,88.01,1.36,1.64,0.52,97.22
20060423,8.63,5.2421,1.9918,3.4142,0.54,24.74,27.69,22.22,92.01,1.4,2.09,0.53,97.25
20060424,14.06,5.6386,4.5734,2.2615,0.58,23.59,25.56,22.03,93.92,0.76,1.17,0.29,97.25
20060425,7.84,3.7646,0.4027,2.5378,0.39,24.48,27.26,22.85,91.92,0.93,1.4,0.43,97.27
20060426,7.2,5.4727,4.4318,2.1715,0.57,24.33,26.39,23.17,93.29,1.06,1.93,0.46,97.35
20060427,2.19,5.2111,2.1379,2.8822,0.54,24.48,26.11,23.69,94.61,1.24,1.6,0.51,97.39
20060428,6.89,5.3129,3.1294,2.7492,0.55,24.57,27.11,23.14,94.7,1.34,2.04,0.56,97.38
20060429,2.95,2.8606,0.168,2.1089,0.3,24.86,26.13,23.9,96.42,1.16,1.51,0.44,97.38
20060430,25.19,4.4906,1.451,2.9326,0.47,24.7,26.15,23.34,97.5,1.51,2.09,0.63,97.45
20060501,14.12,3.3602,0.4855,2.3273,0.35,23.84,25.34,22.88,95.02,1.3,1.99,0.56,97.52
20060502,0.63,4.6022,1.3344,2.7367,0.48,24.18,26.61,22.48,92.69,1.31,2.05,0.6,97.48
20060503,0.03,5.0563,2.7043,2.6782,0.53,24.83,27.82,22.84,90.83,1.42,2.0,0.64,97.49
20060504,0.07,5.4199,5.419,1.645,0.57,24.65,27.59,22.69,90.52,1.29,1.79,0.61,97.55
20060505,10.7,5.057,4.181,2.0676,0.54,24.7,27.82,22.26,89.79,1.05,1.95,0.47,97.58
20060506,5.67,5.123,1.7971,3.0924,0.54,24.17,27.31,21.96,92.17,1.06,1.91,0.44,97.5
20060507,1.35,4.4599,2.0818,2.4746,0.48,23.6,26.21,21.55,89.5,1.0,1.22,0.39,97.45
20060508,5.37,4.4676,1.8653,2.7492,0.48,24.47,27.62,22.05,90.87,1.43,2.37,0.6,97.41
20060509,0.95,6.1591,6.0725,1.8187,0.66,24.31,25.96,22.71,93.48,1.48,1.96,0.62,97.38
20060510,0.32,5.3338,5.1533,1.697,0.57,24.82,28.28,21.6,87.78,1.47,2.07,0.56,97.3
20060511,12.93,4.1443,2.5711,2.1122,0.45,24.67,26.05,23.62,96.34,1.16,1.64,0.45,97.43
20060512,5.38,4.0346,1.0246,2.6016,0.44,25.04,27.91,23.96,91.3,1.11,2.42,0.48,97.4
20060513,0.02,4.2029,1.0543,2.7319,0.45,24.82,27.35,22.75,89.47,1.19,1.82,0.42,97.35
20060514,0.0,5.2421,4.9231,1.8727,0.57,24.96,26.75,23.83,92.55,1.48,2.29,0.62,97.37
20060515,0.0,5.4958,5.3102,1.9238,0.6,25.17,28.38,22.83,88.53,1.42,2.52,0.64,97.47
20060516,9.51,5.4586,4.5936,2.0844,0.59,24.87,27.68,23.0,91.8,1.36,2.26,0.6,97.6
20060517,2.17,4.5955,1.3171,3.1721,0.5,25.03,27.69,23.46,92.98,1.46,2.12,0.6,97.59
20060518,6.06,3.9463,0.852,2.538,0.43,24.51,25.76,23.32,97.04,1.13,1.54,0.47,97.42
20060519,15.86,4.7129,2.1353,2.5651,0.52,24.3,25.62,23.56,95.87,1.38,2.19,0.53,97.4
20060520,15.84,5.213,4.4304,2.1022,0.57,24.41,26.76,22.93,92.9,0.72,1.25,0.31,97.4
20060521,12.58,3.3886,1.1076,2.0148,0.37,23.82,25.09,22.56,94.23,0.9,1.39,0.42,97.48
20060522,5.35,4.4676,1.4822,2.9539,0.49,24.28,25.58,23.18,96.75,1.3,1.85,0.52,97.4
20060523,3.22,4.387,1.746,2.9345,0.49,24.59,26.28,23.49,95.39,1.12,1.58,0.42,97.39
20060524,0.34,4.2905,2.2783,2.4434,0.48,24.56,25.71,23.67,95.85,1.4,2.49,0.57,97.29
20060525,3.43,3.4114,0.4428,2.3532,0.38,24.32,25.67,23.4,95.98,0.94,2.26,0.3,97.45
20060526,4.69,3.5278,0.7351,2.4389,0.39,24.37,25.56,23.52,96.55,1.67,2.66,0.6,97.65
20060527,2.14,4.2866,1.0493,2.8908,0.48,24.22,26.18,22.82,94.62,1.41,2.12,0.55,97.61
20060528,1.14,4.9596,4.3481,1.9531,0.55,24.12,25.81,22.65,94.17,1.71,2.91,0.65,97.53
20060529,1.08,3.0638,0.6305,2.1274,0.34,24.42,26.34,22.67,93.49,1.16,2.05,0.51,97.43
20060530,3.74,3.8359,1.2314,2.4146,0.43,24.21,25.35,23.49,94.61,1.4,3.01,0.54,97.45
20060531,16.39,2.8399,0.9166,1.763,0.32,23.3,24.8,21.78,96.67,1.05,1.36,0.33,97.52
20060601,7.16,4.7796,4.2679,1.7755,0.54,23.45,25.82,21.53,93.23,0.88,1.44,0.36,97.56
20060602,19.34,4.5542,2.7497,2.3558,0.51,23.71,25.44,22.64,97.19,1.07,1.83,0.36,97.54
20060603,23.77,2.795,0.1728,2.0366,0.32,24.16,25.91,23.17,95.17,1.15,1.89,0.51,97.53
20060604,8.1,5.3093,5.1293,1.8319,0.6,24.21,26.64,22.94,93.37,1.34,2.33,0.6,97.58
20060605,15.86,3.822,1.9157,2.1948,0.43,24.53,27.18,22.53,93.54,1.61,2.38,0.68,97.54
20060606,26.07,3.1262,0.5256,2.1504,0.35,24.38,26.75,23.2,94.46,1.67,2.43,0.73,97.52
20060607,9.5,3.2323,0.666,2.1602,0.37,23.58,24.98,22.84,95.16,1.42,2.09,0.61,97.54
20060608,19.73,5.2586,5.3532,1.7172,0.6,23.68,25.14,22.8,96.01,1.12,1.5,0.43,97.46
20060609,17.95,3.7162,0.4608,2.6794,0.42,24.28,25.86,22.97,96.79,1.07,1.94,0.48,97.37
20060610,13.38,3.7116,0.9739,2.5198,0.42,24.24,25.66,23.4,97.1,1.17,2.06,0.38,97.44
20060611,5.03,4.7321,3.9238,2.0482,0.54,23.79,25.65,22.72,94.09,1.11,1.93,0.51,97.62
20060612,1.32,4.6272,3.9989,1.9656,0.53,23.49,25.2,22.08,95.51,1.58,2.96,0.67,97.5
20060613,17.54,4.6416,3.9182,1.747,0.53,23.79,24.84,22.91,96.21,1.46,2.7,0.6,97.36
20060614,10.48,4.7014,3.8587,1.9008,0.54,24.24,26.86,22.92,94.05,1.29,1.75,0.55,97.37
20060615,25.3,3.8117,2.1209,2.0206,0.44,24.07,26.1,22.98,95.68,1.17,2.02,0.41,97.42
20060616,38.22,3.5311,0.3005,2.579,0.4,23.93,26.12,22.22,94.44,1.16,2.01,0.43,97.38
20060617,4.29,4.7599,2.2778,2.8075,0.55,23.73,25.59,22.34,94.23,1.36,1.97,0.49,97.44
20060618,0.94,3.2966,0.6667,2.2428,0.38,23.79,26.28,22.21,92.47,1.22,2.27,0.53,97.31
20060619,1.49,4.2358,3.6046,1.789,0.49,23.9,26.49,22.68,93.63,1.55,2.53,0.67,97.34
20060620,1.77,4.0039,2.1701,2.1305,0.46,23.37,25.68,22.33,93.12,1.16,1.9,0.51,97.38
20060621,2.29,3.8878,2.5766,2.0273,0.45,23.6,26.49,21.82,92.94,1.37,2.22,0.57,97.28
20060622,20.04,3.509,1.9764,1.8818,0.4,23.49,25.73,22.3,94.37,1.25,2.05,0.54,97.26
20060623,51.06,4.176,1.8718,2.3304,0.48,23.51,24.98,22.63,95.72,0.86,1.47,0.33,97.27
20060624,25.35,4.602,3.0382,2.2462,0.53,23.56,24.75,22.59,95.69,1.22,2.1,0.51,97.3
20060625,11.74,5.1994,4.4825,2.0107,0.6,24.14,26.6,22.96,94.71,1.44,2.03,0.56,97.37
20060626,9.71,4.0922,2.0386,2.2258,0.47,23.73,25.03,23.04,96.34,1.41,2.14,0.56,97.36
20060627,3.58,3.5306,0.7925,2.358,0.4,23.03,24.56,22.24,95.99,1.44,1.87,0.62,97.4
20060628,14.42,3.4337,0.6499,2.2841,0.39,23.15,24.51,22.31,94.49,1.14,1.86,0.51,97.5
20060629,15.21,2.7444,0.1908,2.0434,0.31,22.9,24.66,21.75,95.6,1.22,2.1,0.51,97.63
20060630,3.94,3.6775,2.069,2.0062,0.42,23.17,26.46,20.92,92.48,1.55,2.52,0.63,97.63
20060701,6.72,4.2562,3.0912,1.9454,0.49,22.62,24.4,21.7,95.05,1.37,2.09,0.56,97.61
20060702,7.42,5.1526,5.5894,1.4537,0.59,23.01,25.77,21.69,93.22,1.34,1.97,0.55,97.62
20060703,8.55,3.3036,2.2306,1.9253,0.38,23.14,25.64,21.76,94.71,1.45,2.48,0.57,97.61
20060704,19.7,3.0917,1.301,1.937,0.35,22.7,24.27,21.95,95.69,1.47,2.3,0.62,97.69
20060705,8.35,3.391,0.3348,2.5956,0.39,22.57,24.12,21.95,96.02,1.31,1.83,0.56,97.7
20060706,2.88,3.1418,1.3927,1.7813,0.36,22.8,25.29,21.45,92.43,1.63,2.54,0.68,97.67
20060707,0.27,4.0786,2.3251,2.2327,0.46,22.6,24.77,21.34,92.29,1.5,2.41,0.64,97.69
20060708,0.38,3.1718,1.9642,1.7412,0.36,22.21,24.3,20.79,90.96,1.65,2.76,0.73,97.65
20060709,0.96,4.3766,3.5182,2.0578,0.5,22.6,24.87,21.02,92.05,1.03,2.03,0.48,97.55
20060710,4.82,4.0358,1.962,2.2946,0.46,22.9,24.87,21.64,94.23,1.1,2.14,0.44,97.55
20060711,15.0,4.001,1.4203,2.4706,0.45,23.92,26.8,21.95,93.86,1.22,2.16,0.42,97.49
20060712,12.99,4.4582,3.1255,2.027,0.5,23.21,24.62,21.9,97.01,1.23,2.32,0.47,97.51
20060713,8.54,5.3966,5.346,1.703,0.61,23.81,27.4,21.02,90.76,1.19,1.76,0.42,97.49
20060714,7.56,2.5138,0.3173,1.8744,0.28,23.65,26.26,21.96,93.46,1.38,2.52,0.56,97.63
20060715,2.77,4.6843,2.6297,2.4454,0.53,23.51,26.65,21.18,91.4,0.91,1.51,0.34,97.62
20060716,31.28,3.4618,0.9941,2.1403,0.39,23.16,24.89,22.0,97.27,1.16,2.24,0.45,97.56
20060717,13.85,3.3775,0.5582,2.3004,0.38,22.55,24.07,21.74,94.98,1.21,2.19,0.53,97.62
20060718,21.44,4.1486,3.4498,1.8497,0.47,22.82,25.26,21.25,92.21,1.44,2.9,0.61,97.59
20060719,106.21,2.2807,0.4555,1.5797,0.26,22.68,24.64,21.77,95.13,1.49,2.69,0.58,97.67
20060720,29.81,4.2437,1.8799,2.3971,0.47,23.09,25.21,21.85,95.88,1.48,2.35,0.57,97.56
20060721,4.5,3.3271,0.6322,2.2066,0.37,22.51,23.48,21.95,96.01,1.32,1.78,0.56,97.61
20060722,0.65,3.6432,1.9469,1.9874,0.41,22.64,24.31,21.76,93.79,1.1,1.97,0.44,97.67
20060723,16.4,3.894,1.5022,2.2466,0.43,22.89,24.6,21.88,95.36,1.26,2.25,0.54,97.61
20060724,6.99,4.0673,0.864,2.6381,0.45,22.11,23.27,21.57,95.09,1.24,1.69,0.49,97.75
20060725,2.16,3.7879,2.1214,2.07,0.42,22.74,25.57,21.44,92.27,1.48,2.52,0.64,97.71
20060726,3.7,3.5059,0.9535,2.311,0.39,21.67,23.38,20.51,93.64,1.11,1.81,0.52,97.81
20060727,25.4,3.5033,1.7731,1.9891,0.39,21.78,24.3,20.36,94.25,1.34,2.28,0.57,97.73
20060728,21.45,4.5149,2.6474,2.3328,0.5,22.04,24.72,20.6,94.47,1.34,2.49,0.56,97.55
20060729,16.66,3.5429,2.609,1.6606,0.39,22.01,23.66,20.91,95.45,1.25,2.11,0.5,97.63
20060730,7.61,4.6121,3.4186,2.1775,0.5,22.81,25.46,21.21,93.65,1.18,2.13,0.49,97.59
20060731,8.69,3.9106,2.466,1.9301,0.43,22.86,25.53,21.49,93.43,1.43,2.61,0.61,97.54
20060801,12.81,3.6108,0.5357,2.4391,0.39,22.27,24.59,21.14,93.61,1.42,2.26,0.56,97.53
20060802,10.91,3.7236,0.9881,2.268,0.4,22.06,23.82,20.7,94.26,1.49,2.56,0.62,97.54
20060803,2.38,3.3806,0.5467,2.4509,0.37,21.67,24.45,20.35,92.55,1.37,2.11,0.57,97.64
20060804,1.98,2.7998,0.978,1.9531,0.3,21.12,23.64,19.71,92.16,1.58,2.72,0.68,97.71
20060805,0.5,3.3886,1.097,2.1408,0.37,20.73,24.0,19.01,89.62,1.65,2.84,0.73,97.82
20060806,0.12,4.5761,2.6854,2.1475,0.49,20.45,23.73,17.95,89.25,1.41,2.47,0.63,97.71
20060807,0.0,3.5347,1.129,2.1149,0.38,20.6,24.02,18.64,88.45,1.34,2.24,0.64,97.72
20060808,0.0,3.8501,2.0887,2.0604,0.41,20.86,24.02,19.11,88.41,1.42,2.52,0.67,97.66
20060809,0.33,4.579,2.6369,2.4514,0.49,21.18,24.43,18.4,89.02,1.63,2.58,0.72,97.62
20060810,0.49,4.3757,3.1358,2.0887,0.47,21.1,23.58,19.79,91.52,1.37,1.99,0.62,97.62
20060811,1.35,3.7116,1.7599,2.009,0.39,21.94,25.76,19.77,89.8,1.55,2.43,0.71,97.61
20060812,0.96,3.6943,0.6358,2.4845,0.39,22.28,25.4,20.39,91.88,1.29,2.29,0.53,97.61
20060813,0.91,3.4354,0.6626,2.4523,0.36,22.03,23.4,20.96,94.06,1.16,2.23,0.47,97.59
20060814,32.71,3.3437,0.9818,2.1007,0.35,22.2,23.59,21.05,95.47,1.22,2.09,0.46,97.58
20060815,18.07,3.715,0.768,2.514,0.39,22.7,25.02,21.28,94.95,1.03,1.84,0.36,97.52
20060816,25.04,3.3602,0.9758,2.1317,0.35,23.13,26.01,21.36,94.03,0.84,1.49,0.33,97.55
20060817,13.89,4.0253,1.0822,2.6014,0.42,22.46,25.07,20.93,92.3,1.02,2.71,0.5,97.7
20060818,17.23,3.9713,2.2862,2.118,0.42,22.32,24.92,20.83,91.32,1.36,2.85,0.57,97.69
20060819,17.5,3.0761,0.4831,2.041,0.32,21.79,23.89,20.81,93.67,1.22,2.58,0.53,97.72
20060820,4.91,4.1827,2.2502,2.3107,0.44,21.59,23.53,20.68,94.59,1.17,2.0,0.48,97.73
20060821,4.32,3.7968,1.9178,2.0674,0.39,22.23,24.61,20.9,93.36,1.59,2.59,0.67,97.67
20060822,2.83,3.4397,1.2058,2.0491,0.36,21.89,23.52,21.08,95.39,1.0,2.23,0.45,97.72
20060823,0.82,3.5923,1.4028,2.0371,0.37,21.97,24.72,20.59,92.09,1.48,2.42,0.62,97.68
20060824,11.21,3.8306,1.602,2.1146,0.39,21.96,24.33,20.62,93.87,1.14,2.36,0.51,97.71
20060825,20.18,3.9926,1.9066,2.029,0.41,22.38,25.87,20.58,93.01,1.15,2.6,0.49,97.7
20060826,18.53,4.6618,2.1398,2.4761,0.48,22.46,25.3,20.91,94.34,1.38,2.21,0.61,97.6
20060827,41.76,2.5152,0.3782,1.7806,0.26,22.08,23.56,21.11,96.78,1.27,2.22,0.53,97.57
20060828,15.37,5.1274,3.8388,2.0158,0.52,22.62,25.35,21.22,93.93,1.34,2.43,0.55,97.64
20060829,2.16,4.1278,0.6456,2.754,0.42,22.6,25.94,20.73,92.55,1.25,1.85,0.53,97.64
20060830,4.18,3.7896,2.2685,1.9123,0.39,21.69,23.97,20.28,92.9,1.29,2.22,0.53,97.68
20060831,1.74,3.1834,1.1378,2.2742,0.32,21.45,24.04,19.97,93.02,1.45,2.47,0.61,97.64
20060901,3.09,3.703,0.6682,2.4156,0.37,22.22,24.84,20.26,93.3,1.28,2.24,0.55,97.59
20060902,3.3,2.3333,0.1994,1.6632,0.24,22.41,24.51,21.12,94.2,1.34,2.62,0.56,97.61
20060903,46.6,4.6584,2.587,2.2085,0.47,22.31,23.83,21.34,96.52,1.26,2.06,0.52,97.64
20060904,17.33,5.6333,4.7731,1.793,0.57,23.02,25.38,21.46,95.28,1.38,2.34,0.56,97.56
20060905,2.4,4.9934,1.4918,3.1454,0.5,22.96,24.68,22.11,94.18,1.04,2.13,0.42,97.62
20060906,2.95,6.0168,5.2944,1.8914,0.6,24.22,27.44,21.95,88.37,1.19,1.68,0.49,97.53
20060907,10.5,3.9199,0.8114,2.478,0.39,22.81,23.85,21.83,96.24,1.23,2.06,0.48,97.6
20060908,11.36,5.6107,4.0896,2.1036,0.56,22.74,24.96,20.98,94.52,1.15,1.78,0.49,97.61
20060909,13.15,2.8553,0.3053,2.0743,0.28,22.38,24.14,21.23,95.38,1.55,2.54,0.64,97.66
20060910,45.89,3.5801,0.4303,2.3429,0.36,22.05,24.15,20.98,95.3,1.27,2.35,0.53,97.72
20060911,16.13,4.0174,1.5233,2.1252,0.4,22.34,24.48,21.09,94.08,1.24,2.24,0.55,97.7
20060912,1.75,3.7315,2.4389,1.969,0.37,23.13,26.32,21.22,90.74,1.28,2.14,0.57,97.69
20060913,0.79,3.3214,1.1496,1.9159,0.33,22.54,24.88,21.24,92.38,1.37,2.61,0.61,97.68
20060914,2.4,4.3596,2.7012,1.9697,0.43,22.99,26.05,21.24,91.26,1.21,2.42,0.56,97.7
20060915,1.95,4.2806,2.123,2.2296,0.42,22.46,25.6,20.84,91.79,1.52,2.6,0.63,97.78
20060916,16.86,4.0658,1.6721,2.4286,0.4,22.28,24.35,20.79,95.24,1.08,1.98,0.46,97.75
20060917,43.22,3.617,0.4512,2.4739,0.35,22.8,24.35,21.63,95.64,1.57,2.67,0.65,97.6
20060918,42.62,3.3566,0.2966,2.2646,0.33,23.27,25.94,21.99,93.42,1.43,2.27,0.57,97.58
20060919,10.24,3.0761,0.0581,2.2762,0.3,23.09,25.62,21.99,93.43,1.41,2.36,0.6,97.61
20060920,14.82,4.2156,0.9178,2.677,0.41,22.4,23.71,21.42,95.4,1.1,1.93,0.45,97.6
20060921,22.48,4.3462,1.4004,2.6078,0.42,22.55,24.45,21.37,94.37,1.07,2.28,0.45,97.61
20060922,7.9,4.5857,1.2269,2.76,0.45,22.85,25.97,21.15,93.56,0.92,2.07,0.38,97.56
20060923,21.36,3.5028,0.3204,2.4295,0.34,22.63,25.07,21.55,95.32,1.28,2.41,0.54,97.51
20060924,11.74,3.7087,0.9226,2.34,0.36,22.76,24.76,21.63,95.4,1.43,2.45,0.58,97.54
20060925,8.26,4.3975,1.1402,2.85,0.43,22.6,24.89,20.87,93.84,1.23,2.39,0.53,97.6
20060926,3.29,5.435,3.6943,2.5718,0.53,22.97,26.49,20.31,91.01,1.31,2.41,0.51,97.45
20060927,0.47,4.3262,1.4594,2.5591,0.42,22.89,26.09,20.92,90.68,1.28,2.35,0.5,97.48
20060928,0.34,3.4373,1.6286,1.8722,0.33,23.03,26.53,20.87,91.08,1.65,3.14,0.66,97.45
20060929,0.23,4.7134,1.1969,2.9916,0.45,23.48,27.29,21.02,90.75,1.07,2.15,0.42,97.53
20060930,0.03,4.5228,2.3933,2.3453,0.44,23.0,25.21,21.13,91.54,1.32,2.59,0.56,97.54
20061001,1.07,5.2874,4.8785,1.8338,0.51,22.72,25.98,20.45,90.93,1.34,2.53,0.61,97.43
20061002,0.73,4.0114,2.916,1.8986,0.39,22.54,25.56,20.52,90.76,1.49,2.69,0.68,97.47
20061003,0.0,4.0778,1.3116,2.4398,0.39,22.28,25.78,20.34,90.38,1.17,2.51,0.52,97.52
20061004,0.33,5.028,3.7754,2.1108,0.48,22.27,25.43,20.08,91.48,1.31,2.58,0.54,97.56
20061005,3.22,5.0897,3.629,2.1775,0.49,23.0,26.32,20.55,92.08,1.29,2.5,0.54,97.6
20061006,3.83,4.4522,2.7523,2.1934,0.43,23.69,27.09,21.72,92.1,0.95,2.01,0.43,97.53
20061007,3.04,3.4726,1.6598,2.0448,0.33,23.47,26.33,21.46,92.43,1.03,1.92,0.44,97.55
20061008,1.83,5.0342,4.2197,1.9752,0.48,23.17,26.65,21.2,91.62,0.97,2.12,0.43,97.63
20061009,1.68,5.3729,4.0334,2.2723,0.51,22.88,26.13,20.87,90.92,0.95,1.89,0.43,97.67
20061010,1.41,5.2973,3.9612,2.2481,0.51,22.86,26.02,20.36,90.94,1.11,2.28,0.48,97.69
20061011,2.78,4.3097,1.0306,2.748,0.41,23.32,26.22,20.97,92.09,0.95,1.61,0.39,97.77
20061012,1.25,5.2805,3.0703,2.6213,0.5,23.32,26.3,21.8,92.79,0.97,1.61,0.4,97.91
20061013,0.0,5.3489,4.559,1.9654,0.51,23.46,26.59,21.39,90.23,0.93,1.58,0.42,97.9
20061014,0.34,6.0703,4.5281,2.2166,0.58,23.45,27.65,21.17,89.76,0.88,1.92,0.44,97.78
20061015,4.91,5.0371,4.1558,1.8905,0.48,22.96,26.1,20.95,92.07,1.39,2.57,0.58,97.72
20061016,0.93,4.848,2.443,2.448,0.46,23.02,26.29,20.95,89.89,1.11,1.72,0.54,97.75
20061017,2.82,5.209,3.2537,2.3347,0.5,23.46,27.05,21.03,89.88,1.26,2.12,0.6,97.77
20061018,2.45,3.5582,1.4177,1.9867,0.34,23.22,25.61,21.45,93.49,1.32,1.85,0.58,97.71
20061019,22.91,5.4187,3.811,2.4252,0.52,23.41,25.16,21.91,95.49,1.02,1.53,0.44,97.66
20061020,8.68,3.0907,0.2472,2.2723,0.29,23.28,25.19,21.99,95.15,0.97,1.61,0.43,97.67
20061021,1.44,5.0076,1.1858,3.2662,0.48,23.97,26.88,21.65,91.71,1.56,2.59,0.6,97.62
20061022,3.78,4.1938,1.5454,2.3863,0.4,23.53,25.38,22.25,93.02,1.6,2.59,0.61,97.56
20061023,13.38,4.926,1.7758,2.6772,0.47,23.58,26.16,21.84,93.22,1.29,2.07,0.54,97.53
20061024,1.74,5.2829,3.7246,2.1761,0.5,24.22,27.82,21.94,90.11,1.23,2.07,0.53,97.54
20061025,0.18,5.028,3.5962,2.0798,0.48,24.36,27.78,22.17,89.12,1.34,2.61,0.62,97.47
20061026,21.56,4.8924,3.805,1.9118,0.47,23.18,25.8,21.31,92.12,1.25,2.29,0.54,97.48
20061027,48.15,3.7735,0.5707,2.6978,0.36,22.38,25.45,20.41,93.28,1.21,2.18,0.51,97.58
20061028,14.83,3.7145,0.5126,2.4276,0.35,23.42,26.98,21.11,89.73,1.16,1.9,0.47,97.49
20061029,3.25,5.7329,4.1446,2.3297,0.55,24.18,27.59,22.34,91.52,1.36,2.39,0.54,97.49
20061030,0.1,5.1197,1.8934,2.9554,0.49,24.06,26.85,22.04,91.21,1.56,2.95,0.6,97.5
20061031,1.71,3.8738,0.7111,2.3772,0.37,23.78,26.36,22.45,92.78,1.45,2.48,0.57,97.49
20061101,14.02,4.2679,1.1474,2.5534,0.41,23.96,27.36,21.71,91.25,1.01,1.78,0.4,97.47
20061102,2.04,5.5198,4.0195,2.2154,0.53,24.18,27.42,22.25,90.03,1.09,2.12,0.49,97.43
20061103,4.24,2.6201,0.1582,1.8986,0.25,23.21,24.65,22.13,95.47,1.44,2.34,0.58,97.52
20061104,0.12,5.5253,3.2642,2.609,0.53,24.19,27.75,21.98,89.86,1.42,2.46,0.52,97.54
20061105,0.0,5.3551,2.3225,2.867,0.51,23.96,27.01,21.88,89.99,1.16,1.92,0.46,97.49
20061106,5.01,5.1,1.4016,3.1202,0.49,24.06,27.3,21.98,89.8,1.28,2.26,0.56,97.46
20061107,1.89,5.0467,2.6206,2.4725,0.48,24.46,27.96,22.16,88.45,1.24,2.29,0.55,97.47
20061108,0.68,4.6786,1.7364,2.5243,0.45,24.39,27.8,21.7,90.6,1.23,2.03,0.51,97.56
20061109,0.06,4.4251,1.8084,2.3251,0.42,24.49,27.69,22.21,88.26,0.8,1.05,0.31,97.65
20061110,3.92,5.3873,3.1169,2.5826,0.51,24.51,27.68,21.67,84.88,1.03,1.55,0.39,97.52
20061111,3.98,6.2333,4.4419,2.5884,0.59,24.14,26.5,22.24,89.61,1.01,1.55,0.39,97.46
20061112,19.27,4.9301,2.4034,2.4958,0.47,23.94,26.53,21.99,93.91,1.44,1.87,0.58,97.54
20061113,15.11,5.0422,2.9758,2.2838,0.48,23.71,25.39,22.55,94.43,1.16,2.38,0.46,97.61
20061114,11.81,5.9508,4.9517,2.2584,0.57,24.28,27.34,22.02,93.12,1.05,1.62,0.45,97.56
20061115,15.24,5.6405,3.3454,2.6206,0.54,23.98,25.04,23.27,94.93,1.22,1.61,0.49,97.57
20061116,4.24,5.0162,1.0176,3.4174,0.48,24.38,26.82,22.76,91.69,1.18,2.39,0.5,97.47
20061117,66.37,5.2733,2.3026,2.8546,0.5,24.32,26.56,22.91,88.91,1.09,1.79,0.47,97.53
20061118,23.15,5.0402,2.4346,2.6849,0.48,24.29,27.14,22.91,88.73,1.05,2.77,0.47,97.61
20061119,11.97,5.3189,3.0881,2.4583,0.51,24.13,27.22,20.56,89.49,1.58,2.45,0.67,97.52
20061120,27.72,4.974,3.0938,2.4074,0.48,24.77,26.55,23.47,93.85,0.99,1.64,0.51,97.3
20061121,40.35,4.5506,1.092,3.0713,0.44,23.7,24.7,21.98,96.32,1.16,2.16,0.5,97.32
20061122,8.96,5.2817,2.6064,3.0626,0.51,23.61,25.53,21.54,92.44,0.93,1.47,0.34,97.35
20061123,19.08,5.0002,3.1406,2.5241,0.48,23.8,25.55,22.68,95.32,1.13,1.48,0.5,97.49
20061124,2.48,5.0506,2.802,2.4607,0.48,23.84,25.79,22.4,93.75,1.41,2.09,0.6,97.48
20061125,9.76,4.2566,1.1098,2.7785,0.41,24.21,26.71,22.54,93.26,1.5,2.47,0.63,97.3
20061126,5.52,5.2471,3.5614,2.4072,0.5,24.09,26.86,22.54,92.56,1.35,2.54,0.59,97.25
20061127,1.26,5.1823,1.6634,3.001,0.5,24.33,27.2,22.17,90.84,1.51,2.6,0.64,97.23
20061128,0.54,5.0966,2.8001,2.4288,0.49,24.88,28.45,22.35,89.15,1.13,2.24,0.49,97.35
20061129,24.67,4.2194,1.2658,2.55,0.41,24.45,27.46,21.94,88.09,1.06,1.66,0.46,97.44
20061130,6.92,5.3525,2.749,2.8291,0.51,23.72,25.73,22.39,94.22,1.42,2.4,0.56,97.47
20061201,0.79,5.2339,2.5145,2.669,0.5,24.38,28.03,21.93,86.94,0.96,1.68,0.32,97.4
20061202,0.49,6.2774,4.6798,2.5378,0.6,25.21,29.17,21.96,85.0,1.14,1.77,0.43,97.37
20061203,5.15,4.3037,1.9327,2.232,0.41,25.08,28.05,23.26,89.61,1.15,2.1,0.51,97.42
20061204,10.16,5.4593,3.127,2.6074,0.53,24.9,28.29,21.96,87.32,1.13,2.08,0.44,97.42
20061205,5.94,5.0177,2.4554,2.5687,0.48,24.99,28.3,22.38,88.7,1.23,1.87,0.54,97.45
20061206,1.1,5.377,3.3929,2.4269,0.52,24.78,28.07,21.84,86.4,0.97,1.49,0.38,97.41
20061207,6.75,4.9147,1.4362,2.9316,0.47,25.05,28.64,22.14,88.55,1.22,2.06,0.48,97.37
20061208,18.93,4.0248,1.2137,2.3054,0.39,25.07,28.15,22.4,90.9,1.37,2.43,0.54,97.39
20061209,13.05,3.8316,1.3022,2.3983,0.37,24.55,26.12,23.38,94.22,1.11,1.59,0.4,97.48
20061210,2.22,6.2734,6.2558,1.7045,0.61,24.47,27.05,23.16,91.47,1.12,1.84,0.44,97.56
20061211,4.46,4.9632,4.1858,1.7897,0.48,25.16,29.23,21.45,87.71,1.37,2.0,0.53,97.51
20061212,0.6,5.2538,2.7029,2.6894,0.51,25.66,29.19,22.93,85.65,1.05,1.55,0.46,97.57
20061213,5.99,5.3083,3.5878,2.3551,0.51,25.63,29.01,22.76,87.4,1.26,1.91,0.53,97.49
20061214,17.71,2.3556,0.1606,1.7414,0.23,24.65,26.11,23.43,96.85,1.13,1.54,0.47,97.5
20061215,6.2,4.872,3.2923,2.2178,0.47,24.82,27.71,23.55,93.07,1.15,2.14,0.47,97.48
20061216,4.29,5.6695,4.1945,2.6338,0.55,24.71,28.29,22.2,89.91,1.15,1.87,0.43,97.52
20061217,0.58,2.4718,0.0862,1.8254,0.24,24.91,28.39,22.39,86.81,1.14,1.94,0.46,97.48
20061218,3.1,6.5122,6.0461,1.8314,0.63,24.39,26.78,22.47,90.83,1.16,2.12,0.45,97.47
20061219,39.27,5.2366,1.7299,3.215,0.51,24.22,26.86,21.68,90.01,0.99,1.83,0.26,97.45
20061220,24.73,5.1521,2.5814,2.6436,0.5,25.03,28.24,22.91,89.81,0.98,2.19,0.45,97.36
20061221,1.35,5.7223,4.968,2.1098,0.55,25.24,27.92,23.36,90.55,1.26,1.91,0.53,97.22
20061222,49.75,4.5574,1.2967,3.0156,0.44,24.59,26.0,23.5,95.12,1.27,2.13,0.47,97.23
20061223,41.09,4.1498,1.6001,2.3314,0.4,24.87,27.36,22.99,93.77,1.0,2.02,0.4,97.21
20061224,12.98,6.1826,5.3988,2.147,0.6,24.92,26.44,23.71,95.79,0.9,1.57,0.35,97.19
20061225,27.36,5.7926,4.5898,2.0885,0.56,24.63,26.51,23.25,93.75,1.12,1.54,0.43,97.23
20061226,27.83,3.6864,0.204,2.7307,0.36,24.27,26.54,22.47,93.76,1.09,1.88,0.47,97.24
20061227,12.82,5.3352,4.601,1.9308,0.51,24.75,27.44,22.58,91.92,1.3,2.06,0.51,97.22
20061228,13.94,5.1497,2.142,2.8718,0.5,23.99,26.08,22.18,92.87,1.08,1.86,0.48,97.24
20061229,7.35,4.2818,0.3494,3.1644,0.41,23.96,26.38,21.89,92.67,1.01,1.39,0.4,97.22
20061230,3.88,5.7048,4.3572,2.3138,0.55,24.93,28.25,22.41,91.1,1.22,2.22,0.47,97.17
20061231,13.91,4.248,1.2686,2.7062,0.41,24.72,27.06,22.91,93.93,1.3,2.16,0.55,97.21
20070101,22.34,3.077,0.2914,2.1694,0.3,24.87,26.29,23.92,96.53,1.07,1.29,0.45,97.18
20070102,17.9,4.457,0.9782,2.982,0.43,24.67,26.78,23.2,94.56,1.29,2.23,0.51,97.21
20070103,11.38,4.0999,0.5246,2.7977,0.39,25.01,27.0,23.64,94.24,1.4,2.34,0.61,97.17
20070104,18.14,4.2895,0.4838,3.0024,0.41,24.71,25.8,23.7,95.84,1.26,2.0,0.58,97.27
20070105,5.29,3.7594,0.1308,2.8164,0.36,25.15,28.48,22.75,91.36,1.57,2.87,0.68,97.33
20070106,31.53,4.5502,0.6278,3.1858,0.44,24.7,26.74,22.9,92.21,1.24,2.53,0.5,97.37
20070107,0.99,5.513,2.4732,3.0118,0.53,24.62,27.85,21.87,88.39,1.15,1.94,0.51,97.37
20070108,0.44,6.4807,5.3086,2.4108,0.62,25.06,28.72,22.46,87.18,1.19,1.95,0.46,97.31
20070109,0.41,6.1598,4.5955,2.4293,0.59,25.42,29.05,22.63,86.53,1.08,2.02,0.43,97.39
20070110,3.75,6.1716,4.2665,2.681,0.59,25.02,27.95,22.94,86.3,0.98,1.44,0.38,97.42
20070111,3.65,5.5258,3.3398,2.7317,0.53,25.14,28.73,22.62,86.67,0.94,1.38,0.35,97.39
20070112,1.28,5.9299,4.6841,2.1434,0.57,25.55,29.4,22.38,83.52,1.1,1.51,0.41,97.33
20070113,12.74,5.1614,3.7457,2.1739,0.49,25.29,28.95,22.29,87.09,1.21,1.99,0.42,97.28
20070114,14.88,5.9923,4.7527,2.1715,0.57,25.14,27.4,23.61,92.15,1.44,2.46,0.57,97.26
20070115,7.42,5.22,1.8026,2.9707,0.5,24.49,27.25,22.72,91.45,1.13,2.09,0.47,97.39
20070116,1.27,6.6379,6.3631,1.8883,0.63,24.83,28.01,22.24,88.15,1.08,1.84,0.38,97.45
20070117,0.08,6.821,6.9221,1.7515,0.65,24.62,27.63,22.13,85.41,1.01,1.44,0.35,97.57
20070118,0.47,6.779,5.9179,2.4394,0.65,25.2,28.84,22.03,80.87,1.12,1.52,0.41,97.56
20070119,0.73,5.8394,3.2719,3.0425,0.56,25.75,29.38,22.91,86.27,1.23,1.97,0.5,97.48
20070120,0.03,6.5047,5.6076,2.082,0.62,25.47,28.77,23.06,88.08,1.33,2.57,0.59,97.5
20070121,7.48,6.4697,6.282,1.7801,0.62,25.65,28.27,23.28,85.14,1.23,1.77,0.47,97.42
20070122,6.09,5.179,3.0072,2.3376,0.49,25.75,27.44,24.68,96.09,1.41,2.12,0.64,97.38
20070123,3.82,4.5845,2.221,2.2903,0.44,25.72,28.14,24.0,91.84,1.07,2.03,0.49,97.43
20070124,9.61,5.1804,1.8079,3.0415,0.49,24.62,27.75,22.89,89.6,1.17,2.21,0.43,97.45
20070125,11.05,3.9202,0.6648,2.5428,0.37,24.06,27.33,21.31,90.64,1.33,2.06,0.53,97.48
20070126,3.83,6.3017,5.1828,2.3638,0.6,24.28,27.46,21.36,89.96,1.12,1.54,0.48,97.44
20070127,3.87,5.147,1.1618,3.2246,0.49,24.9,27.65,22.72,91.69,1.15,2.06,0.46,97.37
20070128,4.95,5.3563,1.8041,3.2386,0.51,25.58,27.99,24.05,90.57,1.05,1.84,0.48,97.21
20070129,3.23,5.3215,3.1723,2.586,0.5,25.5,27.79,24.26,90.07,1.53,2.61,0.7,97.27
20070130,1.16,5.5414,1.9798,3.0677,0.52,25.46,28.12,23.61,87.45,1.11,2.25,0.5,97.37
20070131,3.67,5.8378,3.6955,2.934,0.55,25.76,29.67,23.07,85.65,1.25,2.22,0.47,97.2
20070201,4.03,6.0492,4.8806,2.1245,0.57,25.04,27.93,23.32,86.21,1.66,2.73,0.7,97.19
20070202,0.96,5.8382,3.857,2.5394,0.55,25.49,28.34,23.45,87.21,1.35,2.09,0.64,97.18
20070203,1.79,6.5194,5.3098,2.3206,0.62,25.83,29.63,22.98,84.99,1.45,2.65,0.61,97.13
20070204,1.94,5.8234,4.6798,2.3182,0.55,25.57,28.97,22.94,85.28,1.29,2.11,0.57,97.19
20070205,3.26,6.714,6.2892,1.829,0.63,25.71,29.11,23.62,85.02,1.24,2.18,0.48,97.19
20070206,2.78,4.9414,2.0047,3.1884,0.47,25.79,29.26,23.45,85.7,1.17,1.96,0.46,97.22
20070207,4.19,6.1526,3.445,3.9314,0.58,26.13,29.91,23.93,86.49,1.41,2.16,0.58,97.24
20070208,5.09,4.9711,0.5126,3.4608,0.47,25.42,28.83,22.95,85.47,0.99,1.46,0.51,97.42
20070209,8.88,4.5408,0.5834,2.8699,0.43,24.46,26.95,22.7,91.12,1.33,2.41,0.64,97.54
20070210,1.8,6.198,4.9872,2.1403,0.58,24.54,28.5,21.33,87.73,1.49,2.8,0.6,97.47
20070211,1.83,4.7652,1.2869,2.8805,0.45,24.05,26.38,22.05,90.12,1.12,1.78,0.43,97.54
20070212,3.06,5.6527,3.7334,2.2495,0.53,24.93,27.97,22.77,91.72,1.43,2.2,0.63,97.54
20070213,0.09,6.6127,6.3986,1.9135,0.62,25.57,29.49,22.79,87.61,1.03,1.98,0.43,97.51
20070214,0.75,6.4289,4.8878,2.3376,0.6,25.41,29.32,22.25,86.31,1.35,2.16,0.56,97.55
20070215,0.06,5.9062,3.9254,2.5822,0.55,24.58,26.39,22.98,90.33,0.79,1.31,0.33,97.5
20070216,9.06,4.8278,1.8269,2.6966,0.45,25.24,28.37,23.17,84.47,1.24,2.09,0.51,97.48
20070217,10.47,3.0043,0.0797,2.2637,0.28,23.38,26.49,21.23,92.27,1.15,2.32,0.43,97.57
20070218,31.17,6.6221,5.1694,2.4408,0.62,23.71,25.83,21.93,92.74,0.96,1.36,0.4,97.4
20070219,28.27,4.5252,1.9757,2.3345,0.42,23.37,25.15,22.38,93.97,1.11,1.46,0.49,97.44
20070220,10.77,5.3518,2.85,2.5406,0.5,23.57,25.38,21.91,94.31,1.16,2.11,0.48,97.37
20070221,47.71,5.4842,2.8085,2.7312,0.51,23.74,25.38,22.69,95.86,1.44,2.22,0.57,97.36
20070222,21.15,5.3957,2.1595,3.0396,0.51,23.98,26.11,22.66,93.87,1.35,2.06,0.54,97.26
20070223,17.78,4.339,0.7562,3.0466,0.41,23.61,25.95,22.11,94.9,1.33,2.05,0.52,97.28
20070224,4.54,5.8382,2.9575,2.9503,0.55,23.57,26.35,21.62,92.72,1.26,2.21,0.54,97.24
20070225,8.34,5.2159,1.9342,2.801,0.49,24.33,27.71,21.64,88.91,1.37,2.16,0.49,97.07
20070226,23.82,5.2486,1.9118,2.8728,0.49,24.27,25.02,23.71,96.78,1.41,2.44,0.53,97.1
20070227,39.61,5.2889,2.4226,2.641,0.5,24.16,26.21,22.83,94.02,1.21,2.09,0.5,97.15
20070228,1.53,6.7625,5.2644,2.6155,0.64,25.12,28.64,23.21,87.83,1.16,2.52,0.52,97.14
20070301,0.19,6.9758,6.1982,2.1394,0.66,25.46,28.41,23.1,87.77,1.24,2.05,0.5,97.15
20070302,3.54,5.7461,2.3131,3.6274,0.54,25.9,29.78,23.26,86.6,1.12,2.3,0.49,97.04
20070303,28.9,6.2455,4.8454,2.2718,0.59,25.52,29.0,22.82,89.24,1.62,2.67,0.6,97.12
20070304,16.73,4.7042,0.9766,2.9609,0.44,24.28,25.98,22.23,92.95,0.98,1.48,0.35,97.35
20070305,1.28,5.7895,3.6725,2.4391,0.55,24.08,27.35,21.52,85.6,1.06,1.46,0.37,97.39
20070306,10.29,4.4098,1.4129,2.7581,0.42,24.4,27.96,21.75,85.85,1.47,2.53,0.58,97.19
20070307,10.5,3.9737,0.5854,2.6462,0.37,24.06,27.22,21.81,90.95,1.09,1.84,0.46,97.22
20070308,13.66,5.941,3.0775,2.9611,0.56,23.86,27.5,21.09,89.94,1.16,1.69,0.44,97.44
20070309,23.85,6.0317,4.2857,2.4511,0.57,24.96,27.66,22.6,90.53,1.39,2.2,0.56,97.41
20070310,42.29,5.305,2.4173,2.791,0.5,24.71,26.04,23.59,96.71,1.26,1.97,0.55,97.25
20070311,9.37,2.8025,0.9269,1.8072,0.27,24.74,25.83,23.98,91.62,0.92,1.6,0.44,97.31
20070312,16.51,2.4996,0.1238,1.7822,0.24,23.8,25.16,22.34,96.01,1.79,2.73,0.73,97.54
20070313,2.26,6.3674,4.2254,2.6018,0.6,24.47,27.58,22.04,90.0,1.22,1.98,0.47,97.44
20070314,5.14,5.6618,3.9118,1.9538,0.54,24.99,27.63,23.44,91.64,1.12,1.92,0.46,97.38
20070315,8.73,3.3115,0.0526,2.501,0.31,24.09,25.15,22.79,96.84,1.33,1.55,0.56,97.39
20070316,4.38,6.1058,4.5758,2.238,0.58,24.22,26.77,22.53,88.16,1.19,1.96,0.48,97.34
20070317,4.96,5.8961,4.2458,2.4257,0.56,24.77,28.5,21.78,89.23,1.43,2.42,0.63,97.22
20070318,11.83,4.9958,1.4542,3.1805,0.48,24.72,27.19,23.08,92.79,1.38,2.6,0.61,97.19
20070319,18.44,5.4046,2.9942,2.6246,0.52,24.55,27.95,21.83,92.02,1.33,2.33,0.52,97.21
20070320,19.92,5.1862,2.1634,2.7694,0.5,24.53,26.24,23.35,94.08,1.2,1.95,0.49,97.3
20070321,11.07,3.8957,0.263,2.8358,0.37,24.61,25.95,23.8,92.9,0.97,1.45,0.46,97.4
20070322,4.29,5.8272,3.312,2.8728,0.56,24.33,25.81,23.38,92.25,1.17,2.35,0.53,97.56
20070323,1.55,4.0843,1.3944,2.4221,0.39,24.74,27.69,22.55,90.52,1.25,2.26,0.48,97.51
20070324,11.5,5.3856,2.6748,2.6532,0.52,24.26,27.35,22.2,91.89,1.41,2.44,0.58,97.4
20070325,23.9,5.4878,3.2777,2.4432,0.53,24.29,26.83,22.76,93.28,1.42,2.39,0.63,97.35
20070326,25.93,5.5274,2.4852,2.9196,0.53,24.18,26.63,22.62,93.68,1.51,2.52,0.61,97.45
20070327,0.31,3.9384,0.5093,2.6666,0.38,23.46,25.44,22.12,92.75,1.2,1.95,0.49,97.52
20070328,26.11,4.4414,1.2514,2.616,0.43,23.84,27.06,21.59,90.12,1.37,2.46,0.54,97.49
20070329,11.99,4.5984,1.6541,2.5318,0.45,24.2,26.33,22.79,95.0,1.48,2.76,0.65,97.51
20070330,6.83,3.3612,0.1766,2.4382,0.33,24.12,26.79,22.34,93.23,1.11,1.62,0.55,97.59
20070331,5.32,5.8138,4.4683,2.2836,0.57,24.56,28.45,21.49,88.9,1.53,2.34,0.61,97.46
20070401,2.77,4.6013,1.296,2.9918,0.45,24.76,27.56,22.86,90.63,1.63,2.72,0.66,97.37
20070402,9.63,5.0568,1.6531,2.8649,0.49,24.48,26.61,23.28,92.36,1.06,1.93,0.5,97.25
20070403,15.98,4.9702,2.4449,2.3978,0.49,24.1,25.97,22.87,95.29,1.19,2.24,0.48,97.31
20070404,10.23,5.1178,1.8298,3.0247,0.5,24.4,26.34,23.59,94.15,0.95,1.29,0.35,97.46
20070405,20.45,6.0403,4.3018,2.4607,0.59,24.57,26.64,23.45,94.14,1.32,1.76,0.56,97.51
20070406,16.13,1.8293,0.085,1.4074,0.18,24.44,26.32,23.23,94.2,1.25,2.23,0.56,97.4
20070407,42.57,5.8558,4.7016,2.1346,0.58,24.34,26.88,22.47,93.78,1.24,1.86,0.47,97.36
20070408,14.61,5.6753,3.0535,3.2885,0.56,24.86,27.78,22.96,92.76,1.1,1.88,0.44,97.38
20070409,5.43,3.9761,0.3617,2.837,0.39,24.8,26.65,23.27,94.94,0.91,1.67,0.36,97.52
20070410,3.08,5.0777,3.3965,2.1161,0.5,24.62,26.58,23.32,92.96,0.94,1.71,0.42,97.59
20070411,5.24,6.1822,4.9548,2.2987,0.62,24.85,27.93,22.59,90.22,1.15,1.71,0.47,97.47
20070412,13.1,4.9478,3.3931,2.1278,0.49,23.47,26.5,21.18,92.26,0.93,1.8,0.32,97.44
20070413,7.39,5.778,3.6838,2.4036,0.58,24.37,28.03,20.95,89.76,1.39,2.06,0.43,97.38
20070414,13.8,5.1478,3.5254,2.2289,0.52,24.74,26.61,23.3,95.01,1.26,2.06,0.46,97.39
20070415,10.71,5.1619,2.5061,2.7173,0.52,24.75,26.76,23.55,92.52,1.12,1.81,0.39,97.47
20070416,18.07,4.5893,1.0054,2.8574,0.46,24.55,26.82,22.94,93.3,0.9,1.56,0.36,97.48
20070417,26.47,4.7318,1.0776,2.915,0.48,24.5,27.37,23.35,93.74,1.31,2.49,0.55,97.53
20070418,9.2,5.1098,2.3155,2.8454,0.52,23.88,25.57,22.62,95.24,1.15,1.86,0.46,97.63
20070419,8.37,4.9754,2.7698,2.3479,0.51,24.15,26.71,22.47,92.68,1.38,2.37,0.58,97.64
20070420,15.24,5.4854,4.8233,1.9162,0.56,25.13,28.28,22.79,89.8,1.31,2.42,0.56,97.44
20070421,13.19,4.3142,1.5571,2.4533,0.44,24.02,25.8,22.23,93.13,1.59,2.32,0.67,97.48
20070422,9.17,5.7415,4.3795,2.3614,0.59,24.25,27.26,22.06,87.68,1.36,2.36,0.53,97.43
20070423,12.23,4.9786,1.8214,2.8747,0.51,24.21,26.54,23.1,93.99,1.34,2.22,0.59,97.37
20070424,4.33,5.1252,4.1558,1.9987,0.53,24.47,26.77,22.99,93.14,1.28,2.13,0.57,97.42
20070425,3.1,3.3996,0.5083,2.3856,0.35,24.14,25.45,23.12,94.38,1.23,1.77,0.51,97.46
20070426,20.4,4.7714,1.9522,2.682,0.49,24.29,26.0,22.56,91.91,0.75,1.62,0.25,97.4
20070427,14.15,5.2874,4.0579,2.1139,0.55,24.95,27.59,23.26,91.52,1.26,1.99,0.54,97.33
20070428,16.49,2.1967,0.029,1.6778,0.23,24.27,25.61,23.43,96.25,1.22,1.95,0.5,97.26
20070429,7.29,4.8233,3.1411,2.4142,0.5,24.89,27.38,23.28,93.75,1.58,2.53,0.62,97.32
20070430,15.8,3.1882,0.2638,2.3263,0.33,24.58,25.62,23.27,96.97,1.81,2.88,0.75,97.46
20070501,28.76,4.3517,0.8474,2.7211,0.46,23.62,24.82,22.37,96.56,0.95,1.95,0.46,97.46
20070502,15.96,5.6225,3.9398,2.4319,0.59,23.96,25.45,22.3,96.98,1.34,1.84,0.53,97.34
20070503,23.22,4.5554,1.2823,3.0485,0.48,24.44,25.37,23.6,97.26,1.35,1.87,0.55,97.42
20070504,17.7,4.337,1.4654,2.6345,0.46,24.56,25.93,23.45,96.3,1.07,1.61,0.46,97.4
20070505,7.84,4.2986,1.7194,2.6189,0.46,24.94,26.61,24.01,96.32,1.41,2.29,0.56,97.25
20070506,21.87,4.9956,2.6131,2.6666,0.53,24.83,26.66,23.9,95.3,1.04,1.9,0.52,97.21
20070507,18.03,3.901,1.8559,2.1588,0.42,23.75,24.33,22.68,97.33,1.36,2.0,0.55,97.38
20070508,26.51,4.6426,2.707,2.3268,0.5,23.75,25.36,22.54,96.52,1.24,2.08,0.59,97.44
20070509,26.73,3.6115,0.1433,2.6906,0.39,23.76,25.25,22.55,94.94,1.36,1.71,0.58,97.48
20070510,3.72,5.4451,4.3505,2.1199,0.58,24.23,27.5,22.18,90.78,1.2,2.33,0.54,97.38
20070511,2.51,4.2127,2.9952,2.0563,0.45,24.65,28.16,21.94,90.25,1.17,1.79,0.47,97.35
20070512,81.4,5.2896,4.6522,2.2015,0.57,24.79,27.77,23.08,92.49,1.48,2.02,0.61,97.46
20070513,56.51,6.1478,6.3955,1.543,0.66,24.96,27.66,22.88,93.35,1.54,2.27,0.63,97.47
20070514,30.63,4.2086,2.669,2.1084,0.46,24.47,25.86,23.44,96.1,1.06,1.48,0.49,97.43
20070515,10.39,4.7981,3.3358,2.171,0.52,24.63,27.46,22.39,92.15,1.18,1.8,0.49,97.5
20070516,1.25,5.5114,4.4947,2.2622,0.6,24.68,26.8,23.37,94.09,1.25,1.97,0.52,97.54
20070517,1.35,5.1139,5.033,1.6951,0.56,25.06,27.73,23.53,92.27,1.28,2.12,0.5,97.51
20070518,1.63,4.3541,0.9466,2.886,0.48,24.42,26.39,23.12,92.33,1.4,1.87,0.57,97.61
20070519,10.41,4.211,2.0335,2.2661,0.46,24.07,25.78,22.4,93.65,1.08,1.48,0.44,97.63
20070520,8.49,5.2502,4.3507,2.1391,0.58,24.1,25.31,23.08,96.49,1.26,1.54,0.54,97.62
20070521,9.18,4.5926,2.3878,2.4406,0.51,23.77,25.85,22.61,94.64,1.34,2.02,0.59,97.68
20070522,5.44,5.1041,4.5703,1.7777,0.56,24.01,26.68,22.26,93.07,1.47,2.25,0.58,97.61
20070523,0.64,4.4714,3.4438,1.9548,0.49,24.15,27.0,22.04,90.12,1.09,2.19,0.45,97.5
20070524,1.45,5.304,4.6469,1.9567,0.59,24.81,27.81,22.77,90.13,1.27,2.17,0.53,97.51
20070525,0.57,5.0952,4.7021,1.7494,0.57,24.65,27.44,22.73,91.33,1.01,1.42,0.43,97.57
20070526,8.05,5.2829,4.8701,1.843,0.59,24.64,27.4,22.95,93.33,1.08,1.54,0.45,97.55
20070527,5.1,3.2088,0.2753,2.4602,0.36,24.32,25.78,23.22,95.71,1.02,1.34,0.4,97.53
20070528,11.77,5.4194,5.3609,1.6843,0.61,24.48,27.25,22.59,92.96,1.16,2.22,0.46,97.5
20070529,19.31,4.8739,2.939,2.5781,0.55,24.14,25.0,23.24,97.2,1.22,1.57,0.4,97.53
20070530,1.47,4.6529,2.9155,2.4074,0.52,24.44,25.5,23.83,95.98,1.59,2.54,0.57,97.54
20070531,17.3,4.885,3.4382,2.213,0.55,24.59,25.99,23.7,95.46,1.32,1.92,0.55,97.47
20070601,4.7,2.5927,0.5194,1.9387,0.29,24.27,26.67,23.07,92.96,1.13,1.51,0.44,97.45
20070602,10.12,4.3346,3.0144,2.0294,0.49,24.06,25.71,22.96,94.79,1.11,1.86,0.44,97.44
20070603,10.8,4.6157,3.4922,1.9274,0.52,24.15,25.02,23.37,98.17,1.51,2.27,0.57,97.43
20070604,3.63,3.4894,1.2775,2.1199,0.39,24.52,26.45,23.32,94.81,1.01,1.39,0.41,97.42
20070605,0.23,5.6215,5.783,1.5353,0.64,25.14,28.2,22.94,88.62,1.25,1.88,0.43,97.38
20070606,0.07,4.3337,1.2449,2.9563,0.49,25.6,28.51,23.53,91.19,1.03,2.09,0.41,97.35
20070607,9.26,3.9876,1.9392,2.3662,0.45,24.92,26.41,23.89,96.2,1.4,2.36,0.52,97.39
20070608,8.23,5.2531,5.5162,1.591,0.6,24.75,27.29,23.35,94.12,1.45,2.36,0.57,97.43
20070609,22.96,2.658,0.125,2.0062,0.3,24.5,26.84,23.39,94.5,1.18,1.67,0.52,97.36
20070610,45.57,1.967,0.6185,1.392,0.22,23.94,25.29,23.17,96.39,1.27,2.18,0.51,97.34
20070611,79.51,5.2601,5.0244,1.6634,0.6,25.02,28.2,22.88,93.26,1.56,2.53,0.71,97.19
20070612,53.34,4.2041,2.2301,2.3112,0.48,24.78,27.2,23.62,94.11,1.42,2.1,0.58,97.27
20070613,2.42,4.1059,0.6266,2.8205,0.47,24.75,26.57,23.73,95.58,1.41,2.02,0.59,97.12
20070614,1.07,3.6562,0.6055,2.4293,0.42,25.07,26.84,24.05,94.99,1.05,1.48,0.45,97.06
20070615,38.28,4.549,2.8178,2.6707,0.52,24.59,25.66,23.81,97.87,1.56,2.11,0.56,97.12
20070616,11.38,5.7185,5.989,1.5101,0.65,24.42,27.32,22.62,92.88,1.16,1.95,0.48,97.04
20070617,2.92,4.5641,4.6788,1.4966,0.52,24.39,26.52,23.31,94.39,1.21,2.01,0.44,97.0
20070618,2.64,4.4894,2.1636,2.4077,0.51,24.58,27.5,22.5,91.16,1.44,2.54,0.58,96.97
20070619,5.89,5.3098,5.1046,1.794,0.61,24.15,26.43,22.68,94.73,1.21,2.1,0.49,96.99
20070620,11.96,4.171,3.3744,1.8569,0.48,23.94,25.33,23.16,96.93,1.36,2.24,0.56,97.07
20070621,19.88,3.8434,1.1837,2.5426,0.44,24.06,25.35,22.92,97.62,1.22,1.75,0.49,97.18
20070622,11.1,4.992,4.5713,2.1756,0.57,24.91,27.88,23.03,92.74,1.12,2.2,0.41,97.33
20070623,2.9,3.3818,0.3091,2.561,0.39,24.17,26.19,23.01,94.02,0.83,1.55,0.29,97.56
20070624,0.15,4.5062,1.5384,3.0828,0.52,25.37,28.89,22.33,87.8,1.12,2.06,0.41,97.49
20070625,0.37,5.1043,4.6188,1.9834,0.59,24.49,26.29,23.2,92.28,1.26,2.1,0.52,97.47
20070626,8.42,5.6446,5.7948,1.6128,0.65,23.32,25.28,22.04,95.09,0.98,1.33,0.39,97.49
20070627,25.97,1.807,0.2909,1.2305,0.21,24.2,26.77,22.32,94.62,1.23,1.95,0.5,97.34
20070628,34.55,1.5862,0.1495,1.1947,0.18,23.72,25.22,22.86,95.05,1.61,2.89,0.61,97.52
20070629,0.8,3.4342,1.7246,1.8701,0.39,23.4,25.97,22.07,90.31,1.66,2.54,0.66,97.53
20070630,9.66,2.893,1.5845,1.811,0.33,22.79,24.74,21.79,95.36,1.41,2.24,0.61,97.53
20070701,6.66,3.0893,0.588,2.1485,0.35,23.05,25.88,21.8,92.56,1.2,2.59,0.5,97.54
20070702,6.0,2.7329,0.2069,2.015,0.31,22.91,25.12,21.61,93.09,1.44,2.56,0.6,97.61
20070703,1.55,3.5729,0.6607,2.4286,0.41,22.7,24.56,21.58,93.06,1.1,1.79,0.51,97.71
20070704,0.27,4.1846,1.7357,2.4288,0.48,22.32,24.83,20.9,90.81,1.39,2.37,0.6,97.72
20070705,1.04,3.9185,2.5562,1.9414,0.45,21.82,24.28,20.36,92.71,1.3,2.35,0.55,97.65
20070706,3.97,3.5477,2.2841,1.8866,0.4,21.89,24.42,20.34,93.98,1.3,2.1,0.55,97.66
20070707,1.35,3.6667,2.5512,1.8821,0.42,22.52,25.43,20.94,91.78,1.43,2.58,0.61,97.68
20070708,7.57,3.7879,2.8963,1.7652,0.43,22.34,24.4,21.21,93.64,1.19,2.25,0.49,97.65
20070709,3.09,3.7378,2.2289,1.9709,0.42,22.1,24.61,20.63,91.48,1.28,2.22,0.6,97.63
20070710,0.27,3.8078,3.851,1.4957,0.43,22.53,25.46,20.44,89.83,1.2,2.26,0.58,97.52
20070711,0.43,3.473,2.5735,1.6733,0.39,22.72,25.68,20.93,90.61,1.36,2.45,0.59,97.53
20070712,0.11,3.3619,2.4941,1.6462,0.38,22.99,25.29,21.32,91.84,1.15,2.08,0.42,97.57
20070713,2.84,3.8124,2.0232,2.1302,0.43,22.79,24.6,21.63,92.7,1.08,2.06,0.41,97.61
20070714,8.18,3.2225,0.4498,2.3323,0.36,22.89,25.75,21.49,93.47,1.43,2.48,0.57,97.65
20070715,5.29,4.2384,2.6657,2.1518,0.48,23.35,26.6,21.3,93.03,1.43,2.25,0.62,97.63
20070716,2.06,4.2389,3.2746,2.0251,0.48,23.72,26.95,21.95,90.68,1.45,2.49,0.6,97.65
20070717,24.13,4.3642,3.3398,1.9896,0.49,23.78,26.43,22.24,91.84,1.42,2.44,0.59,97.64
20070718,29.88,3.7637,1.8526,2.0551,0.42,23.69,26.28,22.27,93.62,1.64,2.48,0.68,97.59
20070719,12.23,3.841,2.4941,1.8684,0.43,23.02,24.59,22.19,95.23,1.4,2.01,0.64,97.58
20070720,3.19,3.5909,2.5087,1.8895,0.4,22.98,25.77,21.8,92.92,1.6,2.69,0.68,97.6
20070721,4.71,3.0514,1.1354,2.0592,0.34,23.15,25.92,21.7,93.22,1.46,2.59,0.64,97.5
20070722,6.26,3.1392,1.7832,1.8499,0.35,22.77,24.58,21.63,94.07,1.57,2.52,0.65,97.47
20070723,7.69,3.5616,2.2346,1.8986,0.4,23.19,25.69,21.88,93.77,1.48,2.57,0.65,97.36
20070724,5.8,3.3406,0.3869,2.4187,0.37,23.45,25.93,22.05,92.09,1.5,2.42,0.65,97.39
20070725,30.13,3.8105,2.1403,1.991,0.42,23.37,26.07,21.86,92.76,1.46,2.67,0.6,97.34
20070726,16.81,3.9209,1.771,2.2358,0.43,23.56,25.84,22.32,93.85,1.24,2.1,0.48,97.28
20070727,10.04,2.5334,0.1414,1.8106,0.28,22.86,24.27,21.46,95.33,1.33,2.7,0.55,97.35
20070728,3.97,3.1306,0.2184,2.3556,0.34,22.4,24.58,21.46,92.41,1.17,2.13,0.5,97.49
20070729,22.17,3.9226,2.2886,2.0158,0.43,22.86,25.55,21.27,93.81,1.49,2.68,0.6,97.44
20070730,28.58,3.0773,0.9852,1.8418,0.34,22.17,24.02,20.83,93.73,1.15,2.29,0.48,97.58
20070731,17.23,3.709,1.1218,2.2685,0.41,21.67,23.95,20.48,93.57,1.46,2.45,0.65,97.54
20070801,2.25,3.516,1.2163,2.0926,0.38,22.23,25.03,20.76,92.45,1.19,1.96,0.52,97.48
20070802,5.08,2.9544,0.3766,2.1065,0.32,21.95,24.1,20.82,94.12,0.92,1.5,0.4,97.52
20070803,3.25,4.7203,3.9547,1.8396,0.51,22.03,24.91,20.77,93.26,1.24,2.38,0.54,97.53
20070804,10.26,2.5032,0.0828,1.8446,0.27,22.25,25.35,20.62,93.84,1.32,2.34,0.62,97.57
20070805,6.7,3.9149,0.228,2.9443,0.42,22.57,25.29,21.07,92.82,1.31,2.18,0.55,97.63
20070806,6.8,3.5846,2.081,1.8434,0.39,22.0,24.16,20.65,93.42,1.56,2.64,0.67,97.54
20070807,18.86,3.6199,0.5954,2.4574,0.39,22.42,25.22,21.09,93.61,1.43,2.29,0.62,97.49
20070808,11.58,2.2399,0.0989,1.6286,0.24,22.76,24.63,21.41,95.47,1.19,2.29,0.47,97.44
20070809,27.0,3.1361,1.3464,2.0441,0.34,22.53,23.9,21.63,96.34,1.4,2.45,0.53,97.53
20070810,13.59,4.5094,2.443,2.2824,0.48,24.02,27.36,21.95,92.2,1.4,2.6,0.6,97.46
20070811,31.03,4.3445,2.3138,2.5152,0.46,23.68,26.53,22.26,94.23,1.52,2.53,0.56,97.56
20070812,30.36,4.775,2.6957,2.3758,0.51,23.35,25.56,21.87,95.18,1.3,2.4,0.5,97.5
20070813,14.07,4.8197,3.7987,2.0294,0.51,23.45,25.94,22.11,95.0,1.49,2.66,0.63,97.52
20070814,5.83,3.5657,0.4387,2.4845,0.38,23.33,25.24,22.08,95.43,1.06,1.79,0.38,97.39
20070815,8.82,5.04,3.511,2.2231,0.53,23.64,25.73,22.3,95.6,1.37,2.23,0.47,97.34
20070816,12.04,4.0728,2.1943,2.088,0.43,23.36,25.09,22.24,96.46,1.53,2.36,0.6,97.45
20070817,58.39,5.4811,4.3366,1.9056,0.58,22.59,24.29,21.7,96.14,1.32,2.27,0.52,97.47
20070818,49.52,3.9874,1.5845,2.2358,0.42,23.06,25.52,21.72,94.11,1.18,1.68,0.51,97.57
20070819,58.79,3.7606,1.3231,2.1401,0.39,23.81,27.07,21.65,93.23,1.08,1.76,0.49,97.58
20070820,30.08,2.994,0.5045,2.0971,0.31,23.72,25.97,22.34,93.53,1.25,1.76,0.46,97.61
20070821,2.72,5.1782,3.4498,2.3422,0.54,23.15,24.34,22.16,96.81,1.33,1.83,0.54,97.52
20070822,12.84,3.7274,1.261,2.1778,0.39,22.83,24.07,21.84,96.95,1.39,2.27,0.56,97.51
20070823,7.62,3.7978,0.691,2.4845,0.39,23.14,24.75,22.06,95.62,1.2,2.24,0.47,97.51
20070824,32.14,4.285,1.5878,2.4689,0.44,22.56,23.65,21.56,97.44,0.9,1.29,0.39,97.58
20070825,16.28,5.1612,2.358,2.6323,0.53,22.77,24.9,21.74,95.51,1.26,1.59,0.54,97.52
20070826,26.04,3.4171,0.93,1.962,0.35,23.07,25.23,22.04,94.84,1.05,2.22,0.44,97.46
20070827,13.73,3.635,0.6386,2.395,0.37,23.67,26.68,21.47,91.63,1.52,2.48,0.64,97.46
20070828,0.54,4.1251,1.3668,2.7341,0.42,23.87,27.41,21.72,90.02,1.22,1.96,0.5,97.52
20070829,28.02,3.7361,1.6579,2.0556,0.38,22.85,24.34,21.76,94.72,1.09,1.81,0.5,97.52
20070830,39.85,4.0378,0.7162,2.6405,0.41,22.86,25.86,21.41,93.63,1.18,2.37,0.46,97.51
20070831,43.92,3.625,1.2586,2.1242,0.37,22.93,24.46,21.72,96.0,1.13,1.77,0.43,97.48
20070901,32.5,4.0774,1.1954,2.4682,0.41,23.24,24.93,22.15,95.95,1.09,2.14,0.46,97.45
20070902,16.98,4.3505,1.2199,2.7029,0.44,24.38,26.94,22.49,92.53,1.27,2.43,0.51,97.39
20070903,10.58,5.5882,5.4144,1.5787,0.56,23.83,26.16,22.34,94.45,1.3,2.0,0.45,97.41
20070904,19.87,2.3983,0.2064,1.7827,0.24,23.79,25.64,22.59,94.54,1.26,2.33,0.47,97.45
20070905,10.79,4.1359,1.4141,2.478,0.42,23.31,24.85,22.46,96.54,1.49,2.5,0.58,97.41
20070906,18.89,3.6787,0.9504,2.3844,0.37,22.52,23.39,21.79,96.76,1.14,1.64,0.44,97.49
20070907,35.48,3.3732,0.1586,2.4583,0.34,22.76,25.17,21.66,94.71,1.24,2.17,0.51,97.49
20070908,22.91,3.5194,0.9461,2.1667,0.35,23.08,26.05,21.49,91.99,1.52,2.46,0.63,97.42
20070909,4.17,3.2952,1.4494,2.0052,0.33,22.55,25.83,20.52,93.76,1.47,2.74,0.6,97.44
20070910,1.38,4.8374,1.0618,2.8963,0.48,22.7,26.48,20.1,89.53,1.23,2.36,0.51,97.55
20070911,0.2,4.379,1.0018,2.6628,0.43,22.97,26.82,20.18,89.97,1.24,2.5,0.5,97.49
20070912,11.75,3.929,0.4488,2.6402,0.39,23.3,26.62,21.49,92.2,1.66,2.93,0.68,97.38
20070913,6.98,3.8602,0.9091,2.3278,0.38,23.04,26.67,21.14,92.51,1.48,2.36,0.61,97.41
20070914,6.72,3.7769,0.3641,2.6597,0.37,23.3,26.77,21.3,91.23,1.43,2.67,0.55,97.46
20070915,0.88,4.6051,1.8331,2.6736,0.45,23.43,27.44,20.84,90.38,1.23,2.14,0.5,97.44
20070916,8.43,4.9656,2.6746,2.4542,0.49,23.63,26.31,22.04,94.08,1.22,1.9,0.48,97.41
20070917,28.69,3.8671,0.8326,2.5248,0.38,23.53,24.86,22.45,96.69,1.21,1.96,0.47,97.33
20070918,7.94,2.9167,0.1778,2.0808,0.29,22.45,23.57,21.33,93.65,1.22,1.77,0.46,97.41
20070919,3.1,5.2654,1.9944,3.3754,0.52,23.11,25.71,21.15,92.87,1.14,1.87,0.44,97.4
20070920,10.8,2.111,0.1814,1.5103,0.21,23.16,24.62,22.11,96.57,1.49,2.74,0.6,97.47
20070921,15.6,5.8975,4.3318,2.3405,0.58,23.02,24.39,21.96,96.14,1.5,2.59,0.59,97.48
20070922,9.39,4.0788,0.751,2.7701,0.4,23.5,25.74,22.26,94.53,1.32,1.91,0.53,97.45
20070923,19.73,2.3222,0.2508,1.6685,0.23,23.35,26.07,21.62,93.85,1.51,2.93,0.63,97.47
20070924,1.42,6.0583,3.3002,2.851,0.59,23.11,26.33,20.91,90.39,1.12,2.26,0.49,97.51
20070925,11.33,4.2098,2.1178,2.4672,0.41,23.67,26.77,21.71,92.32,1.45,2.51,0.66,97.54
20070926,2.83,4.2758,0.8914,2.8826,0.41,22.91,25.95,21.13,91.79,1.57,2.6,0.68,97.57
20070927,14.62,3.8784,1.9519,2.057,0.38,22.54,25.02,20.66,91.08,1.44,2.53,0.61,97.46
20070928,26.59,3.083,0.3689,2.2541,0.3,22.5,24.21,21.25,95.98,1.39,2.18,0.56,97.51
20070929,3.07,4.9807,3.0002,2.4036,0.48,23.53,26.65,21.75,92.24,1.5,2.44,0.56,97.51
20070930,14.88,4.0975,0.7212,2.7948,0.39,23.75,26.81,21.9,92.91,1.36,2.32,0.56,97.51
20071001,4.22,3.7999,0.7164,2.5894,0.37,23.28,24.52,22.31,94.34,1.52,2.66,0.58,97.48
20071002,10.92,5.1511,1.4587,3.3235,0.5,24.45,27.5,22.21,91.44,1.05,1.75,0.43,97.49
20071003,10.52,5.9254,4.1472,2.3678,0.57,24.47,27.3,22.54,91.61,1.49,2.3,0.56,97.59
20071004,1.1,4.0481,1.4266,2.3642,0.39,24.47,28.02,21.85,85.25,1.16,2.43,0.41,97.56
20071005,0.17,6.5897,5.9969,2.0196,0.63,24.36,28.0,22.08,87.44,0.87,1.84,0.34,97.51
20071006,2.06,6.6307,5.1818,2.333,0.64,24.81,28.07,22.26,88.83,1.22,2.16,0.46,97.47
20071007,2.59,6.4135,5.3316,2.1922,0.61,24.58,27.27,22.98,92.51,1.33,2.08,0.53,97.47
20071008,1.2,5.5274,4.2542,2.3549,0.53,23.78,26.07,21.75,91.77,1.3,1.97,0.52,97.51
20071009,37.03,5.4833,3.3391,2.5198,0.52,23.26,25.09,21.49,94.26,1.28,2.4,0.49,97.4
20071010,12.45,5.1286,2.1398,2.7802,0.49,23.61,25.11,22.37,94.22,1.12,1.82,0.44,97.43
20071011,2.87,4.9574,1.7038,2.958,0.47,23.52,26.02,22.02,93.07,1.38,2.04,0.54,97.57
20071012,1.05,5.0467,1.3752,3.1776,0.48,23.4,27.08,21.3,88.76,1.12,1.68,0.4,97.66
20071013,3.64,4.9889,1.6152,2.838,0.48,23.65,26.02,22.1,92.5,0.93,1.38,0.42,97.61
20071014,10.35,5.2666,2.1449,2.7689,0.5,24.29,27.45,21.85,92.58,1.6,2.46,0.63,97.49
20071015,15.61,5.7406,3.9583,2.4002,0.55,24.16,27.09,22.27,93.5,1.36,2.37,0.59,97.5
20071016,3.17,5.7629,3.8184,2.5718,0.55,23.15,24.36,21.61,93.41,1.0,1.72,0.39,97.55
20071017,2.42,3.467,0.7217,2.196,0.33,23.89,27.09,21.25,90.4,1.43,2.73,0.56,97.47
20071018,10.82,5.4922,3.6377,2.5183,0.52,24.29,27.01,22.64,93.43,1.37,2.02,0.58,97.45
20071019,19.12,2.37,0.1481,1.7362,0.23,24.24,26.71,23.15,94.65,1.52,2.26,0.61,97.45
20071020,6.89,5.4254,2.5915,2.8363,0.52,24.04,25.85,23.16,94.18,1.4,1.88,0.57,97.42
20071021,18.04,5.4216,2.6395,2.8843,0.52,23.89,25.32,22.76,96.19,1.44,1.85,0.56,97.35
20071022,18.59,5.4434,2.2044,3.0818,0.52,24.19,27.4,22.36,91.53,1.44,2.27,0.61,97.28
20071023,56.9,4.8103,1.6253,2.7266,0.46,23.75,25.37,22.64,95.55,1.49,2.32,0.59,97.21
20071024,43.74,5.6964,3.3509,2.52,0.54,23.64,25.14,22.31,96.49,1.07,1.38,0.46,97.24
20071025,13.78,4.9975,2.0969,2.6446,0.48,23.6,24.83,22.3,95.94,1.32,2.44,0.56,97.4
20071026,23.71,4.9853,2.0633,2.8512,0.47,23.57,25.65,21.27,92.41,1.01,1.47,0.39,97.4
20071027,9.57,4.0582,0.4224,2.767,0.39,23.79,25.25,22.36,95.31,1.19,1.95,0.5,97.32
20071028,2.43,4.56,1.2564,2.8723,0.43,23.82,26.97,21.51,90.22,1.1,1.8,0.36,97.23
20071029,5.86,5.4943,3.9588,2.2486,0.52,23.59,25.16,22.18,93.92,1.07,1.52,0.42,97.31
20071030,1.61,5.2229,1.4587,3.3192,0.5,24.92,28.77,21.98,88.19,1.23,2.18,0.45,97.38
20071031,9.72,4.5538,1.105,2.9011,0.43,24.33,25.79,23.21,95.9,1.52,2.52,0.59,97.36
20071101,9.76,4.4429,1.1196,2.9623,0.42,23.84,24.8,23.01,96.38,1.39,1.73,0.5,97.28
20071102,2.13,5.753,3.6101,2.7019,0.55,24.69,27.46,22.76,91.01,1.15,2.0,0.48,97.21
20071103,9.52,2.8274,0.5359,1.901,0.27,23.65,24.82,22.02,95.48,1.1,2.01,0.44,97.34
20071104,1.66,6.51,5.1029,2.3323,0.62,24.32,27.91,21.39,88.4,1.46,2.34,0.58,97.36
20071105,10.68,5.2241,3.0355,2.5392,0.5,24.19,25.47,23.39,95.61,1.53,2.64,0.58,97.27
20071106,2.8,4.7686,1.3049,3.2652,0.45,24.01,25.83,22.66,92.75,1.44,2.46,0.54,97.31
20071107,0.96,5.723,3.4925,2.527,0.55,24.7,28.4,21.73,86.45,1.33,2.11,0.49,97.24
20071108,0.17,6.3053,4.9711,2.8085,0.6,25.25,28.8,21.95,87.2,1.47,2.21,0.61,97.18
20071109,5.18,4.8686,1.7014,3.0874,0.46,24.16,25.78,22.57,93.8,1.3,2.08,0.53,97.25
20071110,3.13,5.826,2.9609,3.011,0.56,24.05,26.71,21.55,88.1,0.96,1.33,0.32,97.19
20071111,21.26,5.2063,1.6339,3.1632,0.5,24.07,26.35,22.48,91.78,1.09,1.73,0.48,97.2
20071112,19.74,4.2658,0.605,2.9472,0.41,23.26,24.77,21.89,96.06,1.28,1.93,0.51,97.17
20071113,13.2,4.627,0.5628,3.1229,0.44,24.14,27.54,21.42,87.98,1.44,2.26,0.59,97.15
20071114,6.92,5.2056,1.7726,3.1942,0.5,24.22,26.76,22.73,93.42,1.43,2.44,0.59,97.18
20071115,29.36,4.7594,1.1201,3.0979,0.45,24.15,26.26,22.75,94.56,1.35,2.35,0.55,97.22
20071116,5.23,4.1035,0.2818,3.0694,0.39,24.1,27.21,22.06,91.4,1.28,2.17,0.53,97.22
20071117,0.27,5.5634,1.5818,3.5424,0.53,24.81,28.0,22.46,89.16,1.27,2.47,0.51,97.06
20071118,1.35,5.3479,1.2732,3.4442,0.51,24.62,27.84,22.14,89.74,1.18,2.08,0.46,97.09
20071119,0.3,6.6242,5.7838,2.1089,0.63,24.57,28.09,21.81,88.25,1.2,1.87,0.43,97.2
20071120,0.42,6.1771,4.5192,2.5284,0.59,25.47,28.71,22.68,87.66,1.17,2.27,0.47,97.24
20071121,6.45,5.2313,2.6645,2.7286,0.5,25.11,27.33,23.41,91.47,1.13,2.08,0.51,97.21
20071122,10.58,5.8058,4.3517,2.5027,0.56,25.45,28.17,23.54,91.58,1.3,2.07,0.51,97.19
20071123,6.5,5.3928,2.9546,2.5781,0.52,25.06,27.44,23.48,92.57,1.33,2.1,0.58,97.2
20071124,10.32,5.8759,4.2593,2.334,0.56,25.43,28.8,22.85,87.53,1.26,1.99,0.5,97.31
20071125,38.22,6.1651,5.5591,2.0227,0.59,24.81,26.73,23.5,90.35,1.15,2.27,0.51,97.43
20071126,22.82,3.7961,0.9317,2.4214,0.36,24.87,26.41,23.68,92.25,1.06,2.09,0.5,97.37
20071127,35.22,6.6086,6.1704,2.1144,0.63,25.08,28.43,22.58,90.24,1.18,1.82,0.46,97.2
20071128,13.28,3.3146,0.0413,2.4974,0.32,24.46,25.95,23.53,92.24,1.24,1.73,0.5,97.39
20071129,7.79,5.4665,4.5588,1.8118,0.53,24.45,26.38,22.72,91.35,1.07,1.74,0.46,97.57
20071130,2.04,6.2114,4.0387,2.8176,0.6,25.01,27.61,23.09,88.91,1.23,2.35,0.57,97.64
20071201,1.04,6.2472,5.195,2.1703,0.6,25.89,28.71,23.98,86.19,1.27,2.24,0.55,97.47
20071202,0.4,6.6749,6.3761,1.8857,0.64,25.36,28.55,23.09,87.78,1.03,1.64,0.48,97.4
20071203,2.42,6.7634,7.074,1.9193,0.65,25.16,28.28,22.03,89.19,1.4,2.14,0.59,97.33
20071204,1.04,5.0218,3.6091,2.2042,0.48,24.54,25.88,23.01,94.69,1.12,1.85,0.41,97.41
20071205,1.46,5.683,4.0363,2.405,0.55,24.08,27.23,21.32,84.5,1.16,1.49,0.42,97.46
20071206,22.42,5.9594,4.7851,2.2457,0.57,25.02,27.52,22.94,90.15,1.36,2.27,0.55,97.36
20071207,10.86,1.5014,0.1694,1.0706,0.14,23.93,25.59,22.15,95.42,1.4,2.84,0.58,97.39
20071208,1.19,6.5477,6.9938,1.769,0.63,24.35,26.44,22.06,86.37,1.11,1.77,0.48,97.3
20071209,2.3,5.1643,2.4878,2.8548,0.5,24.94,27.49,22.89,90.18,1.29,2.06,0.51,97.24
20071210,0.99,4.111,0.4483,2.6998,0.4,24.3,25.67,23.35,94.56,1.1,1.64,0.43,97.25
20071211,3.58,6.1094,5.3275,2.0177,0.59,25.51,28.31,23.54,89.57,1.15,2.27,0.48,97.12
20071212,19.5,5.893,6.06,1.5967,0.57,25.07,27.21,23.42,93.2,1.35,1.73,0.49,97.14
20071213,10.01,6.4963,6.7778,1.68,0.63,25.05,28.47,22.49,90.98,1.29,2.19,0.49,97.1
20071214,1.7,5.58,3.4243,2.5726,0.54,25.13,26.69,24.08,94.76,1.08,1.65,0.44,97.12
20071215,26.66,2.4804,0.4176,1.6558,0.24,24.75,25.99,23.41,94.49,1.57,2.35,0.67,97.19
20071216,20.91,6.4102,6.2297,1.8185,0.62,25.14,28.14,23.27,90.3,1.33,2.07,0.57,97.29
20071217,6.37,4.9469,1.6073,2.9902,0.48,23.99,26.0,22.16,91.12,0.79,1.29,0.33,97.29
20071218,20.61,5.1235,2.6486,2.7737,0.49,24.54,26.24,23.13,90.72,1.21,1.7,0.51,97.19
20071219,33.43,5.5183,2.8123,3.2213,0.53,24.56,28.14,22.4,90.13,1.09,2.41,0.47,97.22
20071220,74.85,5.1442,2.9518,2.6083,0.5,24.86,27.83,23.05,91.79,1.38,2.45,0.53,97.25
20071221,29.83,5.1506,1.3687,3.5654,0.5,24.2,25.49,22.82,95.58,1.24,1.95,0.58,97.38
20071222,3.63,4.6942,2.6717,2.5058,0.45,24.95,28.64,21.95,87.63,1.19,1.99,0.48,97.22
20071223,3.88,5.1041,2.0059,3.2861,0.49,25.16,28.18,22.69,90.5,1.44,2.39,0.6,97.06
20071224,36.81,4.871,1.1525,3.444,0.47,24.63,26.24,23.94,94.29,1.14,1.68,0.43,97.03
20071225,23.0,4.133,0.2899,2.9662,0.4,24.89,26.76,23.36,95.31,1.28,2.05,0.5,97.08
20071226,8.35,4.9877,2.4156,2.526,0.48,23.92,25.79,22.36,92.51,0.9,1.22,0.41,97.16
20071227,12.58,4.9901,1.8432,3.2443,0.48,24.31,26.02,23.15,95.32,1.32,1.97,0.6,97.09
20071228,17.46,3.9338,0.2434,2.8399,0.38,23.94,26.31,22.58,93.45,1.25,2.32,0.47,97.07
20071229,8.97,5.1506,2.6796,2.6892,0.5,25.18,28.25,22.69,91.04,1.39,2.41,0.62,96.93
20071230,1.25,4.6123,1.002,3.0252,0.44,25.6,27.75,24.25,89.39,1.06,2.08,0.5,96.96
20071231,0.6,5.0352,0.8549,3.3761,0.48,26.17,29.44,23.64,87.1,1.29,2.36,0.52,96.87
20080101,7.03,4.973,1.0733,3.0845,0.48,26.54,30.13,24.04,87.23,1.06,2.03,0.46,96.77
20080102,0.75,5.9928,3.9626,3.0794,0.58,26.29,30.28,23.68,86.9,1.06,1.98,0.47,96.73
20080103,1.47,5.0527,0.587,3.7262,0.49,26.3,29.99,23.52,85.55,1.13,1.9,0.47,96.82
20080104,10.45,5.4305,2.8735,3.2222,0.52,24.96,27.38,23.29,88.5,0.93,1.88,0.46,97.03
20080105,1.91,4.3565,0.8604,2.9772,0.42,25.68,29.74,22.84,83.05,1.06,1.8,0.41,97.05
20080106,3.07,5.8363,3.5582,2.868,0.56,25.49,29.59,23.11,85.08,1.57,2.7,0.64,97.25
20080107,0.37,6.0187,3.9254,2.8406,0.58,24.97,29.2,22.19,85.23,1.29,1.99,0.51,97.33
20080108,0.82,6.2016,5.9318,1.7539,0.59,25.16,29.15,21.96,85.98,1.35,2.35,0.53,97.28
20080109,2.08,5.8625,4.1095,3.588,0.56,25.2,28.81,22.48,88.32,1.37,2.44,0.57,97.15
20080110,1.11,6.4831,6.1255,1.9094,0.62,25.64,29.34,22.86,87.46,1.22,2.49,0.47,97.14
20080111,6.27,5.9743,4.4261,2.3446,0.57,26.27,29.9,23.64,86.21,1.08,2.21,0.52,97.02
20080112,7.74,5.473,4.2686,2.0174,0.52,25.8,29.43,23.57,90.17,0.91,1.72,0.39,96.93
20080113,0.89,6.0026,4.1342,2.4934,0.57,25.35,29.23,22.51,84.62,1.01,1.79,0.37,97.06
20080114,39.5,6.4469,5.9563,2.0167,0.62,25.31,28.66,23.08,86.13,1.08,1.8,0.43,97.11
20080115,4.46,5.5226,3.0461,2.6969,0.53,24.85,28.51,22.24,87.19,1.04,1.8,0.4,97.32
20080116,0.04,6.5503,5.6011,2.3314,0.63,24.99,28.66,21.96,85.94,1.38,2.41,0.54,97.33
20080117,0.02,6.3737,4.5355,2.5387,0.61,25.15,28.82,22.18,87.72,1.18,2.15,0.52,97.23
20080118,1.77,4.1309,0.4116,2.8481,0.39,24.89,28.46,22.31,87.74,1.28,2.31,0.55,97.17
20080119,3.8,5.4091,3.5081,2.5315,0.52,24.95,27.63,22.78,91.46,1.3,2.56,0.61,97.04
20080120,0.48,5.8908,3.6682,2.6494,0.56,25.57,28.83,23.32,87.53,1.19,2.48,0.54,97.09
20080121,3.25,4.913,0.8621,3.4253,0.47,25.6,29.02,23.37,87.42,0.92,1.7,0.36,97.08
20080122,33.39,5.1624,2.406,2.6525,0.49,25.06,27.51,23.2,93.9,1.26,1.98,0.66,97.26
20080123,14.57,4.805,2.473,2.5231,0.46,25.35,28.82,22.88,89.6,1.28,2.06,0.55,97.36
20080124,0.01,6.7236,5.8915,2.1727,0.64,25.48,28.82,23.07,87.88,1.12,1.96,0.48,97.32
20080125,7.09,6.1975,4.8523,2.2318,0.59,25.46,28.11,23.18,90.09,1.15,1.8,0.53,97.27
20080126,2.38,5.4142,4.0025,2.1408,0.51,25.36,27.92,23.96,91.18,1.4,2.26,0.61,97.29
20080127,1.91,6.4615,5.2092,2.3225,0.61,25.03,27.44,23.4,90.64,1.38,2.19,0.54,97.29
20080128,1.86,5.0054,1.0358,3.4865,0.47,25.35,28.82,23.38,88.27,1.41,2.61,0.67,97.3
20080129,1.33,5.4238,3.4176,2.7197,0.51,24.83,27.69,22.76,88.86,1.09,1.72,0.37,97.31
20080130,0.46,6.5419,5.561,2.0695,0.62,25.18,28.35,23.43,88.52,1.33,2.5,0.51,97.31
20080131,12.63,5.4156,2.2927,2.8973,0.51,25.22,28.18,23.3,89.83,1.24,2.28,0.59,97.22
20080201,8.42,4.943,1.8478,2.8411,0.47,25.06,27.62,23.34,93.76,1.4,2.02,0.63,97.09
20080202,44.95,5.7758,4.4362,2.2046,0.55,25.38,26.74,24.35,92.74,1.2,2.13,0.51,97.05
20080203,82.72,4.2787,0.601,2.9741,0.4,24.72,26.16,23.83,95.91,1.36,1.94,0.56,97.12
20080204,7.51,1.4494,0.0605,1.1184,0.14,24.94,26.74,23.63,94.55,1.32,1.93,0.54,97.18
20080205,1.94,5.8639,3.0619,3.5345,0.55,25.21,28.71,22.4,88.14,1.33,2.05,0.56,97.21
20080206,8.05,4.6519,1.0584,3.2789,0.44,24.75,27.79,22.47,90.95,1.32,2.31,0.6,97.17
20080207,7.74,5.2159,0.6998,3.6919,0.49,25.63,29.35,22.81,88.72,1.33,2.46,0.62,96.99
20080208,5.91,6.4253,4.6421,2.6174,0.6,25.73,28.87,23.73,87.69,1.19,2.29,0.59,97.03
20080209,8.81,5.1564,2.6172,3.3641,0.49,25.25,27.48,23.44,91.66,0.84,1.62,0.35,97.06
20080210,4.25,6.0091,4.811,3.2266,0.57,25.76,28.5,23.85,88.27,1.13,2.06,0.47,97.06
20080211,26.96,4.7035,0.582,3.1454,0.44,25.14,28.14,23.13,89.27,1.01,1.84,0.45,97.2
20080212,6.37,5.0698,0.6053,3.6029,0.48,25.21,28.82,23.23,88.97,1.09,1.91,0.51,97.18
20080213,5.69,3.9353,0.3588,2.8078,0.37,24.58,27.11,22.88,91.94,1.26,2.4,0.5,97.25
20080214,2.97,5.6719,2.743,2.9143,0.53,24.83,28.51,22.01,86.99,1.38,2.49,0.51,97.35
20080215,17.64,5.688,3.3355,3.0166,0.53,24.13,26.74,22.44,93.13,1.19,2.36,0.49,97.38
20080216,13.09,3.4558,0.7382,2.3618,0.32,24.33,27.02,22.25,91.29,1.28,2.53,0.54,97.43
20080217,1.03,5.4197,2.5486,2.717,0.51,24.11,27.01,22.22,89.03,1.13,1.95,0.48,97.49
20080218,14.09,5.3827,1.4426,3.4373,0.51,24.84,27.57,22.41,88.73,1.52,2.9,0.68,97.26
20080219,18.42,5.2054,0.8162,3.4421,0.49,25.68,29.03,22.9,88.56,0.93,1.88,0.36,97.06
20080220,19.37,5.7379,2.9194,2.9863,0.54,25.39,28.66,22.51,89.17,1.01,1.8,0.4,97.09
20080221,13.74,6.0494,3.5388,2.8608,0.57,25.4,28.55,23.51,89.6,0.79,1.66,0.41,97.29
20080222,23.69,4.8984,0.9857,3.2498,0.46,24.02,25.23,21.4,94.57,1.22,2.24,0.54,97.46
20080223,1.77,5.0458,1.6387,3.0701,0.47,23.35,26.69,20.42,87.44,1.44,2.11,0.51,97.46
20080224,2.92,5.7062,2.8174,3.2527,0.54,24.87,28.8,21.43,85.75,1.39,2.47,0.54,97.24
20080225,12.19,5.6501,2.1466,3.3122,0.53,24.87,25.88,23.84,94.28,1.24,2.16,0.52,97.25
20080226,15.27,6.209,4.5881,2.358,0.58,24.99,27.52,23.53,92.98,1.24,1.99,0.48,97.43
20080227,7.16,3.1476,0.9144,2.015,0.3,24.35,25.1,23.59,96.48,1.35,1.83,0.54,97.41
20080228,3.68,6.0722,3.6878,2.603,0.57,24.11,25.81,23.06,93.52,1.09,1.63,0.45,97.46
20080229,17.45,3.7879,0.5794,2.5944,0.36,24.49,27.23,22.93,89.97,1.53,2.73,0.67,97.38
20080301,2.66,5.7113,2.4398,3.5959,0.54,23.95,26.56,22.1,90.37,0.98,1.56,0.42,97.49
20080302,2.98,5.7586,3.6463,2.6443,0.54,24.29,26.73,22.66,90.38,1.3,2.19,0.56,97.47
20080303,2.67,6.3626,5.8853,1.7894,0.6,24.29,27.03,22.15,91.21,1.35,2.4,0.53,97.35
20080304,1.76,4.7093,0.7265,3.2258,0.44,24.48,26.85,22.94,91.02,1.43,2.18,0.57,97.33
20080305,3.52,5.4564,2.3208,2.9028,0.51,24.4,27.39,22.39,89.5,1.35,2.65,0.53,97.41
20080306,6.54,4.0709,0.2215,2.8975,0.38,23.99,25.82,22.75,91.8,1.02,1.69,0.46,97.46
20080307,24.15,6.0602,4.4566,2.411,0.57,24.34,26.87,22.17,90.28,1.37,2.25,0.57,97.4
20080308,44.06,5.7372,3.6574,2.7785,0.54,24.07,25.39,23.03,93.22,1.03,1.57,0.41,97.41
20080309,19.16,4.3961,0.4056,3.0353,0.42,23.7,25.29,22.63,95.92,1.34,2.16,0.56,97.41
20080310,9.86,5.0071,2.3429,2.5502,0.47,24.11,25.96,22.51,95.74,1.51,2.56,0.61,97.37
20080311,6.1,3.5664,0.499,2.4211,0.34,24.24,25.74,23.0,96.14,1.57,2.3,0.69,97.39
20080312,1.42,3.8366,1.1206,2.3731,0.36,23.86,25.59,22.63,94.12,1.22,1.71,0.44,97.36
20080313,0.87,5.1446,1.6322,2.9285,0.49,23.92,26.13,22.2,91.85,1.21,1.8,0.49,97.41
20080314,0.42,6.2446,4.2823,2.651,0.59,24.45,26.68,23.02,88.74,0.8,1.28,0.36,97.27
20080315,37.01,4.338,1.2564,2.8452,0.41,23.96,26.2,22.26,91.66,1.14,1.59,0.42,97.4
20080316,19.32,6.4939,5.5627,2.0693,0.62,23.88,25.27,22.79,96.47,1.13,1.75,0.47,97.3
20080317,5.1,6.521,5.4466,2.2234,0.62,24.81,27.86,22.67,90.61,1.32,2.27,0.54,97.18
20080318,6.91,4.2204,0.6382,3.0996,0.4,23.61,24.99,22.52,95.17,1.24,1.7,0.47,97.3
20080319,0.42,5.4886,2.8054,2.9306,0.52,24.09,27.47,21.55,86.92,0.89,1.62,0.32,97.19
20080320,0.46,5.7226,3.6514,2.6465,0.55,24.92,27.77,22.56,87.33,1.25,2.12,0.45,97.12
20080321,10.37,5.4814,2.5742,2.9981,0.53,24.1,25.25,23.11,95.23,1.41,2.24,0.54,97.25
20080322,10.66,4.171,0.366,3.101,0.4,23.8,24.97,22.98,96.73,1.47,2.61,0.57,97.32
20080323,10.5,5.9534,4.4057,2.2944,0.57,24.75,26.61,23.27,92.36,1.38,2.17,0.59,97.33
20080324,15.94,5.4019,2.6035,2.8073,0.52,24.45,26.21,23.4,94.09,1.3,1.64,0.48,97.41
20080325,19.24,5.4974,3.5407,2.4706,0.53,24.29,26.67,22.26,90.93,1.09,2.16,0.47,97.34
20080326,14.73,4.9442,1.6579,2.791,0.48,24.16,26.41,22.44,93.43,1.29,2.34,0.57,97.3
20080327,7.1,4.5161,0.6022,2.9784,0.44,23.65,25.56,21.93,94.71,1.22,1.98,0.51,97.34
20080328,19.3,4.8144,2.1271,2.4677,0.47,24.12,25.67,22.82,97.57,1.49,2.35,0.61,97.4
20080329,31.03,4.223,0.5335,2.9851,0.41,23.88,24.65,23.11,96.27,1.2,1.73,0.51,97.44
20080330,10.1,4.2456,1.158,2.7456,0.41,23.99,26.13,21.83,92.33,1.09,1.75,0.38,97.45
20080331,2.12,5.671,3.5498,2.4084,0.55,24.01,27.38,21.37,87.52,1.19,2.16,0.45,97.45
20080401,29.6,5.4821,2.7948,2.7055,0.54,23.29,26.26,20.74,90.82,1.3,2.06,0.49,97.5
20080402,19.39,5.6242,3.7097,2.4946,0.55,24.07,26.8,22.3,92.48,1.35,2.54,0.56,97.5
20080403,5.96,3.3718,0.4104,2.4194,0.33,23.97,25.36,22.78,93.98,1.08,1.89,0.52,97.46
20080404,1.64,4.9049,1.5886,2.8423,0.48,24.03,26.85,22.33,91.96,1.28,2.2,0.46,97.43
20080405,1.59,5.9794,4.045,2.4698,0.59,24.28,27.0,23.0,90.79,1.15,1.68,0.43,97.54
20080406,4.46,4.6063,1.2149,2.7031,0.45,24.25,26.59,22.68,92.15,1.28,2.15,0.54,97.6
20080407,1.63,6.1543,4.9759,2.3275,0.61,23.57,26.14,21.66,90.03,1.16,1.69,0.46,97.51
20080408,1.7,4.5494,0.8875,2.988,0.45,24.15,27.67,21.07,88.67,1.36,2.57,0.58,97.43
20080409,13.26,5.4907,2.7362,2.7194,0.55,24.12,27.24,21.46,88.61,1.08,1.68,0.46,97.4
20080410,17.5,4.4731,1.865,2.6239,0.45,23.99,27.21,21.48,89.68,1.22,2.02,0.52,97.36
20080411,3.83,6.1658,5.49,2.0189,0.62,24.26,27.57,21.37,89.91,1.43,2.18,0.59,97.31
20080412,1.6,4.0272,0.4596,2.9287,0.4,23.86,25.12,23.25,94.43,1.35,1.81,0.56,97.28
20080413,3.95,3.4181,0.1651,2.4922,0.34,23.85,25.19,22.73,95.77,0.92,1.28,0.45,97.18
20080414,0.64,4.8996,1.4806,3.1183,0.49,24.19,27.08,22.05,90.99,1.28,1.89,0.54,97.2
20080415,1.48,5.8207,4.3205,2.1962,0.59,24.19,26.85,22.19,89.57,1.09,1.94,0.42,97.31
20080416,8.88,3.3912,0.167,2.4972,0.34,24.16,27.08,21.89,91.65,1.03,1.96,0.42,97.28
20080417,9.15,5.4127,2.7802,2.7031,0.55,23.74,25.39,22.42,95.53,1.13,2.33,0.5,97.24
20080418,9.62,3.7946,0.6041,2.5286,0.39,23.56,26.17,21.68,92.34,1.27,2.15,0.5,97.2
20080419,3.82,5.5423,4.619,2.069,0.56,23.92,26.13,22.4,93.71,1.46,2.45,0.64,97.22
20080420,1.01,5.1612,2.61,2.6861,0.53,23.63,25.59,22.47,92.14,1.44,2.46,0.62,97.21
20080421,0.02,5.8325,4.3092,2.5234,0.6,24.4,27.69,22.35,89.84,1.6,2.38,0.71,97.21
20080422,18.62,5.3928,4.1765,2.179,0.55,24.84,28.35,23.02,90.24,1.43,2.41,0.64,97.23
20080423,56.98,3.875,0.445,2.7048,0.4,23.78,24.81,23.12,96.33,1.29,1.74,0.54,97.33
20080424,17.62,1.3289,0.2136,0.997,0.14,24.06,24.98,23.32,96.86,1.32,2.31,0.5,97.43
20080425,10.68,2.7355,0.1054,2.0866,0.28,24.02,25.11,23.2,97.73,1.11,1.76,0.41,97.47
20080426,11.12,3.7728,0.3826,2.6911,0.39,24.25,25.3,23.45,96.79,1.45,2.16,0.59,97.39
20080427,5.47,4.2156,1.3728,2.5771,0.44,24.4,26.19,23.1,94.49,1.35,2.43,0.57,97.32
20080428,2.42,3.4238,0.132,2.5126,0.36,23.98,26.26,22.18,94.09,1.08,1.74,0.44,97.42
20080429,2.11,5.9647,5.2246,2.0803,0.62,24.41,27.59,21.95,89.91,1.27,1.91,0.58,97.35
20080430,6.61,4.0646,1.4928,2.5097,0.43,24.62,25.54,23.83,97.39,1.42,1.8,0.53,97.32
20080501,18.15,2.5682,0.3338,1.7789,0.27,24.32,24.98,23.17,97.4,1.36,2.13,0.53,97.28
20080502,5.43,5.6525,3.5724,2.7286,0.6,24.23,26.69,22.48,93.24,1.34,2.05,0.55,97.29
20080503,10.96,2.5716,0.193,1.7731,0.27,23.79,24.91,23.05,95.63,1.42,2.03,0.56,97.3
20080504,19.08,3.9821,1.086,2.387,0.42,23.89,24.99,23.37,96.33,1.4,2.23,0.55,97.37
20080505,41.4,2.8721,0.2474,2.0546,0.3,23.83,25.0,22.72,96.82,0.94,1.38,0.46,97.33
20080506,30.1,4.5744,1.7042,2.6875,0.49,24.0,26.53,22.2,93.55,1.43,2.69,0.64,97.35
20080507,39.87,1.9956,0.0511,1.5331,0.21,23.36,24.93,22.52,95.99,1.37,1.91,0.56,97.33
20080508,9.07,4.7006,2.382,2.3412,0.5,23.3,25.54,21.93,93.92,1.29,1.92,0.56,97.29
20080509,16.34,4.9862,2.6849,2.6177,0.53,23.79,26.79,21.75,92.81,1.12,1.6,0.49,97.35
20080510,9.79,4.5504,1.9262,2.599,0.49,23.79,25.56,22.58,95.25,1.11,1.98,0.49,97.35
20080511,6.81,5.1936,3.8434,2.4206,0.56,24.32,26.63,22.75,93.99,1.1,2.4,0.42,97.32
20080512,7.56,4.7688,1.8617,3.0473,0.52,24.21,26.26,23.07,95.23,1.14,2.18,0.44,97.35
20080513,3.57,4.7568,1.475,3.3271,0.52,23.76,25.07,22.7,95.56,1.48,2.38,0.58,97.47
20080514,15.06,1.999,0.2054,1.4542,0.22,23.43,24.88,22.24,96.13,1.4,2.4,0.69,97.54
20080515,0.84,5.4886,3.8892,2.3616,0.6,24.07,26.78,22.46,92.56,1.25,2.2,0.54,97.61
20080516,59.09,5.0011,4.0351,1.9243,0.55,23.12,25.13,21.55,93.01,0.96,1.42,0.3,97.65
20080517,16.36,4.8031,2.645,2.359,0.53,23.94,26.9,22.33,92.76,1.04,1.31,0.5,97.62
20080518,0.03,4.9589,3.9708,2.0532,0.54,23.76,25.41,22.46,93.25,1.38,2.33,0.58,97.6
20080519,2.21,5.1137,4.7405,1.7158,0.56,23.55,25.86,22.13,91.62,1.45,2.01,0.57,97.66
20080520,2.35,4.8698,4.2732,1.8994,0.54,23.6,26.45,21.87,90.3,1.21,1.98,0.53,97.64
20080521,1.22,4.7455,3.6382,2.1982,0.52,23.08,25.22,21.65,94.39,1.19,1.98,0.49,97.66
20080522,17.27,4.8024,4.2866,1.8526,0.53,23.24,25.66,21.8,92.84,1.21,2.17,0.52,97.59
20080523,17.54,4.2379,2.7199,2.1226,0.47,22.87,25.44,21.39,94.74,1.41,2.1,0.57,97.53
20080524,3.35,4.7189,3.234,2.3381,0.52,22.86,25.46,21.67,92.65,1.41,2.2,0.58,97.5
20080525,9.34,4.4998,3.4022,1.975,0.5,23.06,24.68,21.96,94.46,1.26,1.83,0.52,97.51
20080526,5.06,4.02,2.9201,1.9987,0.45,22.92,24.52,21.96,93.74,1.17,1.8,0.49,97.63
20080527,1.94,4.7724,2.9518,2.3549,0.53,23.26,25.81,21.57,90.91,1.27,1.97,0.57,97.62
20080528,5.72,4.9639,3.763,2.106,0.56,22.99,25.3,21.44,94.53,1.33,1.78,0.58,97.53
20080529,8.78,4.3332,2.257,2.3726,0.49,22.92,24.86,21.85,94.81,1.43,1.79,0.59,97.52
20080530,0.99,3.8566,1.7544,2.1686,0.43,23.2,25.8,21.92,92.41,1.17,1.93,0.5,97.48
20080531,2.85,4.2343,2.8589,1.9889,0.48,23.63,25.87,22.27,91.41,1.25,2.18,0.56,97.42
20080601,62.08,4.693,3.0202,2.3878,0.53,23.71,26.21,22.18,94.8,1.17,1.98,0.53,97.36
20080602,48.9,2.0551,0.0912,1.5679,0.23,24.09,26.81,22.63,92.17,1.19,2.26,0.58,97.48
20080603,14.31,3.99,0.8873,2.7768,0.45,24.14,27.01,22.27,92.55,1.27,2.17,0.56,97.45
20080604,13.04,1.6294,0.0077,1.278,0.18,23.94,25.44,23.19,96.53,1.4,1.98,0.5,97.41
20080605,9.77,4.9519,4.068,2.1204,0.56,23.84,25.93,22.73,95.16,1.46,2.35,0.54,97.4
20080606,25.89,4.8089,4.0987,1.9404,0.55,23.94,26.66,22.21,94.56,1.22,1.93,0.47,97.31
20080607,24.52,4.212,2.7142,2.1262,0.48,23.58,25.51,22.33,95.63,1.51,2.5,0.61,97.4
20080608,1.61,5.041,4.2967,2.081,0.57,23.73,26.42,21.94,92.77,1.08,1.92,0.44,97.47
20080609,0.84,3.9218,1.0651,2.5183,0.45,24.5,26.88,23.1,93.75,1.63,2.67,0.64,97.34
20080610,9.29,3.774,2.2997,1.8982,0.43,24.24,26.01,23.41,95.15,1.42,2.16,0.62,97.35
20080611,40.1,2.7562,1.0805,1.7064,0.31,24.13,26.66,22.92,94.5,1.66,2.51,0.67,97.39
20080612,27.59,3.1766,0.2966,2.2886,0.36,22.74,23.83,21.82,94.59,1.16,1.83,0.46,97.55
20080613,31.16,4.1767,1.2439,2.5882,0.48,22.87,24.39,21.85,95.56,1.13,1.79,0.5,97.5
20080614,82.15,2.0671,0.1258,1.5214,0.24,22.43,23.84,21.39,95.41,1.27,2.37,0.55,97.54
20080615,15.88,4.5456,2.7194,2.327,0.52,23.07,25.98,21.08,93.21,1.39,2.16,0.62,97.47
20080616,29.85,2.8992,1.1942,1.866,0.33,22.7,24.01,21.46,97.06,1.27,2.09,0.52,97.46
20080617,16.58,4.2113,1.8744,2.3525,0.48,22.6,23.75,21.77,96.32,1.21,1.98,0.5,97.58
20080618,49.22,4.2077,1.3411,2.5493,0.48,23.22,25.18,21.96,94.4,1.39,2.12,0.52,97.57
20080619,31.95,3.162,0.7531,2.0225,0.36,22.97,24.74,22.13,95.67,1.42,2.02,0.55,97.56
20080620,10.12,3.696,1.0723,2.3446,0.42,22.2,23.72,21.54,95.58,1.31,2.09,0.6,97.57
20080621,9.79,3.9295,2.5675,2.0525,0.45,22.7,24.68,21.53,95.34,1.58,2.48,0.65,97.5
20080622,57.51,3.9264,2.261,2.0249,0.45,23.04,25.37,21.73,95.61,1.42,2.25,0.57,97.48
20080623,42.68,3.2962,0.6439,2.0935,0.38,23.58,26.32,21.83,94.11,1.25,2.4,0.55,97.43
20080624,6.91,4.1179,1.4038,2.6676,0.47,22.88,24.52,21.91,95.06,1.14,1.97,0.46,97.59
20080625,6.3,3.1634,0.6722,2.0525,0.36,22.69,24.31,21.73,96.27,1.27,1.75,0.53,97.64
20080626,26.39,3.9422,2.1554,2.1271,0.45,23.06,24.85,22.07,94.88,1.06,1.86,0.44,97.58
20080627,30.45,2.6306,0.2016,1.8648,0.3,22.95,24.06,22.16,94.96,0.84,1.58,0.41,97.56
20080628,7.34,2.1238,0.1226,1.6106,0.24,23.27,24.88,22.25,95.47,1.18,2.11,0.52,97.52
20080629,18.25,4.7059,2.843,2.4487,0.54,23.37,25.06,22.22,96.44,1.08,1.83,0.48,97.55
20080630,25.97,4.6318,3.7454,1.9423,0.53,23.09,24.21,22.5,97.39,1.49,2.03,0.61,97.56
20080701,59.93,3.0641,0.5827,2.0081,0.35,22.45,23.15,21.82,96.7,0.92,1.18,0.4,97.64
20080702,32.58,3.5064,0.906,2.1353,0.4,22.7,24.64,21.54,95.37,1.19,2.23,0.55,97.63
20080703,55.25,3.4728,1.5377,2.0093,0.4,22.53,24.34,21.7,96.27,1.36,2.28,0.57,97.64
20080704,48.52,3.389,0.8422,2.2598,0.39,22.85,25.22,21.77,94.71,1.19,2.44,0.53,97.63
20080705,23.68,3.5875,1.375,2.2798,0.41,22.54,23.71,21.81,95.74,1.33,1.74,0.52,97.62
20080706,79.76,2.49,0.3384,1.7695,0.28,22.31,23.32,21.57,96.39,0.89,1.54,0.37,97.6
20080707,39.33,3.6103,1.493,2.1907,0.41,22.58,24.18,21.86,95.32,1.3,2.2,0.58,97.63
20080708,12.43,3.4627,1.9954,1.9447,0.39,23.0,25.71,21.6,93.61,1.6,2.64,0.66,97.67
20080709,13.02,3.2724,0.6936,2.1936,0.37,22.89,25.35,21.27,94.38,1.55,2.69,0.65,97.65
20080710,11.87,3.697,1.2238,2.4144,0.42,22.69,24.94,21.61,93.85,1.33,2.01,0.53,97.62
20080711,10.05,3.5412,1.2158,2.0669,0.4,22.45,24.42,21.38,95.8,0.85,1.27,0.36,97.51
20080712,35.57,3.8201,2.0326,2.0189,0.43,23.55,26.81,21.64,93.83,1.11,1.8,0.5,97.45
20080713,31.67,2.6074,0.6583,1.7834,0.29,23.4,25.77,22.16,94.01,1.26,2.25,0.54,97.57
20080714,2.31,3.779,1.4573,2.3371,0.43,22.77,24.34,21.47,93.53,1.13,2.44,0.47,97.65
20080715,3.96,4.3558,3.3389,1.8938,0.49,23.1,26.02,20.93,92.71,1.05,1.75,0.39,97.49
20080716,20.7,3.2021,1.3236,1.7964,0.36,23.46,26.09,22.26,95.0,1.41,2.0,0.54,97.42
20080717,29.33,3.3485,1.4988,2.0078,0.38,23.13,24.23,22.43,97.17,1.15,1.39,0.4,97.42
20080718,13.18,2.305,0.3281,1.6958,0.26,23.03,24.27,22.27,97.4,0.97,1.41,0.4,97.41
20080719,4.43,3.426,0.4788,2.4156,0.38,23.14,24.39,22.13,96.49,1.41,2.46,0.56,97.38
20080720,4.85,5.165,4.7052,1.7777,0.58,23.74,25.74,22.03,92.14,1.26,1.88,0.51,97.38
20080721,4.14,4.2876,2.286,2.2963,0.48,23.7,25.47,22.59,95.56,0.98,1.46,0.38,97.34
20080722,6.91,5.3098,5.0587,1.5922,0.59,23.98,26.51,22.44,92.03,1.37,2.44,0.52,97.3
20080723,2.21,5.5284,5.8922,1.5425,0.61,24.25,27.47,21.5,90.0,1.33,2.19,0.5,97.37
20080724,0.58,3.1764,0.2429,2.3947,0.35,23.99,25.52,22.86,93.88,1.58,2.87,0.61,97.38
20080725,69.65,3.5719,0.9521,2.1185,0.39,23.42,25.09,22.35,95.09,1.7,2.92,0.66,97.43
20080726,53.8,3.4982,0.8021,2.2858,0.39,23.47,26.5,21.51,91.96,1.14,2.36,0.47,97.43
20080727,12.15,3.5878,0.5904,2.3729,0.39,22.94,24.29,21.97,97.16,1.57,2.71,0.7,97.45
20080728,13.74,3.9434,1.9728,2.0551,0.43,23.0,25.79,21.67,93.49,1.35,2.4,0.54,97.48
20080729,11.56,2.2646,0.5868,1.5924,0.25,21.45,22.75,20.63,94.74,0.98,1.49,0.46,97.57
20080730,1.92,2.7209,0.7814,1.6908,0.3,21.48,23.63,20.47,93.67,1.01,2.26,0.45,97.54
20080731,1.63,3.3118,0.8378,2.1007,0.36,21.99,24.26,20.74,94.24,1.38,2.34,0.58,97.61
20080801,9.22,2.8874,0.247,2.1295,0.31,21.93,23.45,20.95,94.15,1.24,1.99,0.51,97.63
20080802,7.18,3.7706,0.4908,2.5277,0.41,22.11,25.07,20.62,94.34,1.31,2.28,0.56,97.59
20080803,4.58,4.3049,0.8628,2.8992,0.47,22.47,23.87,21.41,95.85,1.32,2.1,0.56,97.6
20080804,41.24,4.577,2.5584,2.2733,0.49,23.06,25.24,21.42,94.85,1.5,2.24,0.67,97.53
20080805,53.34,4.2982,1.29,2.597,0.46,22.85,24.91,21.21,93.47,1.58,2.55,0.69,97.55
20080806,40.64,4.0116,1.6589,2.2949,0.43,22.1,24.8,20.56,93.26,1.3,2.01,0.55,97.62
20080807,2.5,3.5246,1.8833,1.8062,0.38,22.1,24.99,20.79,92.35,1.6,2.62,0.7,97.56
20080808,1.61,3.6612,0.4517,2.7166,0.39,22.36,25.06,20.51,92.31,1.48,2.65,0.64,97.51
20080809,1.18,3.9209,2.4845,1.992,0.42,22.97,25.42,21.46,92.0,1.26,2.37,0.52,97.51
20080810,14.81,4.5626,2.6705,2.3095,0.49,23.94,27.06,21.74,90.4,1.18,2.2,0.49,97.43
20080811,35.22,5.0707,3.6926,2.0266,0.54,22.77,24.11,21.95,96.19,0.97,1.36,0.37,97.5
20080812,7.53,5.2327,4.2749,1.8962,0.55,22.75,24.33,21.91,96.13,1.34,1.81,0.54,97.51
20080813,42.1,4.7434,2.466,2.389,0.5,23.01,24.93,21.65,94.12,1.3,2.27,0.55,97.51
20080814,39.99,3.6113,1.0116,2.1994,0.38,23.34,25.74,22.24,94.18,1.06,2.27,0.48,97.43
20080815,24.87,4.2622,1.8718,2.3815,0.45,23.17,25.3,21.87,94.37,0.91,2.03,0.33,97.4
20080816,21.47,2.316,0.0178,1.7654,0.24,23.4,25.81,21.88,92.41,1.06,2.09,0.42,97.46
20080817,16.57,5.0345,4.133,1.9166,0.53,22.8,24.46,21.48,96.0,1.22,2.36,0.42,97.55
20080818,25.81,3.7118,1.1738,2.1118,0.39,23.76,27.1,21.75,91.75,1.51,2.74,0.62,97.58
20080819,54.84,3.2038,0.6766,2.1298,0.33,22.82,25.45,21.31,94.78,1.55,2.49,0.66,97.6
20080820,18.17,2.8699,0.343,2.033,0.3,23.5,26.17,21.67,92.92,1.39,2.47,0.59,97.58
20080821,14.42,4.8475,2.9616,2.291,0.5,23.75,26.6,21.83,93.29,1.59,2.66,0.63,97.53
20080822,40.92,3.8844,1.6457,2.1041,0.4,23.83,26.53,22.31,93.13,1.61,2.69,0.63,97.45
20080823,25.43,3.8506,0.7898,2.3378,0.4,23.81,26.12,22.61,93.77,1.32,2.15,0.57,97.39
20080824,4.75,5.1295,3.9019,2.0285,0.53,24.52,27.59,22.86,92.76,1.42,2.45,0.57,97.38
20080825,2.3,4.8295,4.6015,1.8101,0.5,24.38,27.14,22.97,93.23,1.43,2.06,0.57,97.37
20080826,1.37,3.6463,0.8314,2.4382,0.37,24.59,27.05,23.03,91.53,1.12,2.11,0.48,97.41
20080827,1.64,4.6116,1.1825,2.9789,0.47,24.56,27.18,23.21,92.29,1.38,2.46,0.59,97.37
20080828,97.99,5.1828,3.1517,2.4626,0.53,23.7,24.94,22.83,96.54,1.5,2.12,0.59,97.4
20080829,95.04,3.3122,0.2916,2.4182,0.34,24.05,26.74,22.76,93.69,1.18,2.06,0.5,97.35
20080830,14.81,4.7054,3.0187,1.885,0.48,24.38,27.25,22.64,91.78,1.23,2.16,0.47,97.4
20080831,11.73,4.5065,0.5018,3.3197,0.46,23.84,25.74,22.52,95.05,1.57,2.33,0.62,97.48
20080901,24.99,4.2274,0.7082,2.8704,0.43,23.49,24.89,22.56,95.22,1.27,1.81,0.55,97.47
20080902,29.26,4.651,1.5917,2.639,0.47,23.38,25.08,22.16,95.96,0.96,1.93,0.43,97.47
20080903,17.25,4.471,1.9632,2.4818,0.45,23.67,26.25,22.53,93.81,1.58,2.38,0.64,97.44
20080904,31.4,1.4834,0.0679,1.1028,0.15,23.11,24.35,22.39,95.9,1.24,2.45,0.51,97.38
20080905,34.57,5.5212,4.8288,1.7758,0.55,23.78,25.84,22.16,94.84,1.15,2.38,0.47,97.28
20080906,18.56,4.2826,1.1885,2.5973,0.43,24.38,27.31,22.58,92.14,1.55,2.96,0.6,97.28
20080907,7.18,4.4347,1.2182,2.5886,0.44,23.67,25.73,22.74,94.97,1.09,1.45,0.44,97.33
20080908,9.87,5.4142,3.821,2.1446,0.54,23.98,25.64,22.69,95.95,1.26,2.43,0.5,97.32
20080909,10.98,4.2662,0.7634,2.7564,0.42,23.82,25.86,22.89,95.57,1.16,2.15,0.45,97.42
20080910,18.33,4.1827,1.147,2.5596,0.42,24.44,27.37,22.52,92.08,1.43,2.57,0.58,97.36
20080911,7.05,4.2341,0.973,2.7396,0.42,23.28,24.34,21.99,95.46,1.1,2.52,0.36,97.46
20080912,7.63,4.7112,2.485,2.3851,0.47,23.65,26.1,21.75,90.87,1.23,2.01,0.46,97.44
20080913,39.56,4.2888,1.9073,2.1926,0.42,23.6,25.23,22.63,95.07,1.68,2.56,0.62,97.56
20080914,53.1,3.9598,0.7123,2.5838,0.39,23.34,24.45,22.61,96.79,1.39,2.07,0.57,97.62
20080915,5.95,3.4519,0.3257,2.4422,0.34,23.75,26.22,22.31,92.68,0.79,1.45,0.35,97.58
20080916,47.06,6.1246,4.7071,2.2327,0.6,23.53,25.52,21.93,93.84,1.27,1.94,0.53,97.46
20080917,28.44,4.7294,1.4974,2.9066,0.46,23.7,25.93,22.03,96.05,1.33,2.34,0.52,97.53
20080918,6.64,3.7879,0.618,2.4629,0.37,23.3,24.26,22.17,96.99,1.54,2.75,0.55,97.6
20080919,12.01,6.144,4.5094,2.359,0.6,23.23,24.61,22.04,94.54,0.8,1.89,0.37,97.6
20080920,7.35,4.6102,1.3037,2.9179,0.45,22.52,24.71,20.26,94.04,1.33,1.78,0.57,97.57
20080921,2.35,5.0808,2.0609,2.7857,0.49,23.0,24.3,21.9,95.72,0.92,1.68,0.42,97.48
20080922,0.54,4.632,2.4024,2.5783,0.45,24.13,27.29,22.29,91.6,1.22,2.16,0.45,97.46
20080923,1.64,5.1029,2.159,2.9825,0.5,23.88,25.44,22.87,93.88,1.16,2.5,0.47,97.61
20080924,22.48,6.253,5.2558,2.2685,0.61,22.71,24.87,20.6,93.52,1.21,1.78,0.52,97.63
20080925,3.87,3.6408,0.5323,2.5356,0.35,23.43,25.73,22.11,93.93,1.35,2.28,0.53,97.54
20080926,5.59,4.4304,1.2576,2.562,0.43,23.15,24.46,22.17,95.31,1.35,2.26,0.53,97.56
20080927,7.41,4.4815,1.2792,2.7317,0.43,22.81,24.12,21.88,96.16,1.54,2.71,0.6,97.62
20080928,0.78,5.1238,2.7905,2.4972,0.49,23.07,25.12,21.79,93.99,1.3,2.24,0.52,97.62
20080929,5.33,5.5037,3.6847,2.4938,0.53,23.93,27.16,21.64,89.97,1.31,2.05,0.56,97.52
20080930,11.82,3.401,1.2406,2.1521,0.33,23.45,25.64,21.47,95.48,1.06,1.66,0.43,97.51
20081001,10.93,5.195,1.9546,2.8349,0.5,23.25,26.86,19.79,87.98,1.36,2.15,0.42,97.56
20081002,7.18,5.5435,3.4726,2.538,0.53,23.92,26.14,22.33,94.65,1.2,1.84,0.48,97.65
20081003,4.33,5.1434,1.6454,3.1027,0.49,24.94,28.11,22.63,87.23,0.88,1.39,0.45,97.64
20081004,2.95,2.7929,0.2568,2.009,0.27,23.97,25.97,22.74,92.11,1.25,2.34,0.52,97.57
20081005,3.62,5.4041,2.909,2.9906,0.52,23.63,26.3,21.95,92.38,1.25,2.08,0.45,97.62
20081006,2.82,6.5878,5.2116,2.273,0.63,23.64,25.84,22.33,92.9,1.01,1.24,0.41,97.58
20081007,3.2,5.5584,3.9408,2.2087,0.53,24.29,27.46,21.76,89.83,1.22,1.93,0.43,97.5
20081008,2.08,5.521,3.5477,2.4228,0.53,24.0,27.36,21.62,90.02,1.4,2.35,0.56,97.55
20081009,0.96,5.9753,4.1568,2.4835,0.57,23.93,26.05,22.3,92.69,1.25,1.8,0.5,97.53
20081010,1.54,2.5898,0.2494,1.8523,0.25,24.15,25.92,22.9,95.28,1.2,2.18,0.47,97.58
20081011,0.85,6.7464,6.7193,1.6466,0.64,24.43,27.71,21.59,90.43,1.2,2.13,0.52,97.56
20081012,2.59,2.9702,0.0674,2.2298,0.28,24.8,27.2,22.87,90.77,1.17,1.72,0.5,97.48
20081013,25.31,4.387,1.0978,2.7557,0.42,24.79,27.61,23.16,92.64,1.47,2.3,0.6,97.44
20081014,20.33,3.9062,0.2136,2.8195,0.37,24.24,26.66,22.94,92.82,1.34,2.04,0.5,97.53
20081015,2.04,5.4715,3.8753,2.2258,0.52,24.62,28.24,21.79,87.52,1.11,1.97,0.46,97.47
20081016,3.84,6.1706,5.7466,1.8461,0.59,24.58,28.11,22.52,88.25,1.25,2.5,0.56,97.3
20081017,2.43,4.6884,0.5249,3.4248,0.45,24.58,26.9,22.42,92.48,1.13,1.85,0.5,97.25
20081018,6.98,3.7118,0.3072,2.7221,0.35,23.78,25.74,21.45,92.41,0.91,2.03,0.33,97.36
20081019,45.48,4.5142,0.3425,3.2825,0.43,24.12,25.56,23.27,94.27,0.92,1.47,0.44,97.41
20081020,16.07,6.4058,5.9722,1.715,0.61,24.65,26.76,23.36,92.92,1.28,2.17,0.56,97.32
20081021,41.18,5.2598,2.1086,2.9851,0.5,24.37,26.38,22.75,94.71,1.33,1.86,0.57,97.36
20081022,29.5,3.3581,0.3134,2.4086,0.32,24.58,26.47,23.25,93.45,1.54,2.12,0.62,97.35
20081023,2.53,5.7281,3.9415,2.3659,0.54,24.94,27.36,23.73,91.87,1.38,2.06,0.56,97.38
20081024,1.82,4.4474,1.0738,2.8896,0.42,24.48,26.1,23.34,94.45,1.42,2.23,0.55,97.49
20081025,1.33,3.9046,0.4718,2.7343,0.37,24.79,27.46,23.62,91.08,1.56,2.27,0.66,97.46
20081026,15.46,4.9598,1.019,3.4639,0.47,24.07,25.93,22.8,93.3,1.56,2.07,0.62,97.38
20081027,12.31,4.6913,1.9992,2.652,0.45,24.41,27.38,22.49,92.47,1.49,2.53,0.58,97.42
20081028,66.1,3.918,1.2766,2.316,0.37,23.76,24.77,22.86,96.73,1.03,1.78,0.36,97.48
20081029,25.14,2.5603,0.2335,1.8242,0.24,23.75,26.06,22.25,94.91,0.92,1.57,0.31,97.59
20081030,10.91,3.397,0.072,2.537,0.32,23.28,25.12,22.31,94.69,1.15,1.8,0.49,97.79
20081031,1.25,6.2974,4.314,2.7101,0.6,23.93,27.03,22.08,90.63,1.0,2.22,0.41,97.64
20081101,5.87,5.5572,3.9398,2.5106,0.53,24.25,27.14,22.2,91.03,1.5,2.84,0.63,97.55
20081102,6.15,4.4354,0.799,2.9081,0.42,23.35,25.4,21.7,92.5,1.28,2.08,0.54,97.64
20081103,1.85,6.5688,5.1286,2.3088,0.63,24.0,26.74,21.64,91.68,0.71,1.27,0.31,97.52
20081104,4.58,4.4206,2.3664,2.232,0.42,24.53,26.55,23.12,92.81,0.93,1.64,0.4,97.42
20081105,10.12,5.1281,2.04,2.7787,0.49,24.19,25.88,23.1,93.68,1.11,1.52,0.39,97.39
20081106,2.23,6.6374,5.4324,2.2824,0.63,24.22,26.87,22.57,91.37,1.29,1.95,0.5,97.32
20081107,6.25,4.2799,1.4993,2.49,0.41,24.72,27.78,22.79,91.43,1.35,2.13,0.53,97.32
20081108,3.16,2.8092,0.1771,2.1461,0.27,23.88,25.27,22.76,94.29,1.04,1.43,0.43,97.36
20081109,24.22,5.1228,2.5966,2.5968,0.49,24.76,28.04,21.84,88.81,1.46,2.3,0.55,97.32
20081110,21.35,4.6068,1.026,2.8464,0.44,24.33,25.83,23.02,96.18,0.99,1.34,0.44,97.28
20081111,13.16,5.8279,3.6619,2.5051,0.56,24.58,26.56,23.16,95.54,1.23,2.07,0.55,97.27
20081112,8.52,5.0782,1.861,2.8126,0.48,24.92,28.08,22.11,86.67,1.46,2.11,0.52,97.22
20081113,3.12,3.78,0.3218,2.7216,0.36,24.16,25.61,22.99,94.01,1.0,1.43,0.38,97.31
20081114,8.82,5.6791,3.8707,2.387,0.54,24.46,26.37,23.16,94.31,1.32,2.07,0.49,97.3
20081115,10.21,2.712,0.1692,1.9906,0.26,24.46,25.78,23.29,96.45,1.45,2.23,0.59,97.23
20081116,4.92,3.6866,0.1274,2.7876,0.35,24.26,25.59,23.18,94.61,1.17,1.83,0.51,97.19
20081117,12.43,6.0485,5.4024,1.9838,0.58,24.15,26.34,22.68,91.69,1.07,1.68,0.42,97.14
20081118,20.15,2.8774,0.5071,2.0518,0.28,24.93,28.39,22.18,88.26,1.29,1.81,0.46,97.18
20081119,6.83,6.607,6.5695,1.7508,0.63,24.09,26.43,22.35,91.26,0.96,1.25,0.39,97.28
20081120,3.53,6.1788,4.903,2.3328,0.59,25.53,28.63,23.56,90.17,1.14,1.86,0.47,97.26
20081121,0.49,5.6234,4.0565,2.4029,0.54,25.53,28.34,24.04,91.63,1.24,2.13,0.5,97.3
20081122,9.08,5.5402,2.563,3.0266,0.53,25.31,27.19,24.02,93.92,1.08,1.52,0.46,97.25
20081123,7.72,4.4314,1.3222,2.7499,0.43,25.16,26.62,24.28,95.35,1.06,1.59,0.43,97.26
20081124,6.44,4.8398,1.483,2.969,0.46,24.77,26.23,23.58,94.87,1.13,1.78,0.37,97.31
20081125,4.59,4.5098,1.0529,3.1829,0.43,24.21,25.42,23.16,94.2,1.03,1.47,0.44,97.35
20081126,5.59,3.5114,0.1034,2.6261,0.34,24.54,26.23,23.31,92.07,1.1,1.85,0.46,97.37
20081127,26.45,5.4643,4.2264,2.1547,0.53,24.36,26.91,22.56,91.86,1.13,2.09,0.48,97.39
20081128,31.05,4.2677,0.9874,2.7533,0.41,24.42,26.4,22.9,93.65,1.16,1.73,0.45,97.49
20081129,9.98,3.8357,0.8218,2.5171,0.37,24.14,27.0,22.5,92.86,1.25,2.39,0.49,97.59
20081130,3.12,5.2058,2.9146,2.6779,0.5,24.44,28.09,21.85,89.82,1.47,2.25,0.54,97.51
20081201,31.29,3.6982,0.5038,2.6225,0.36,24.11,26.33,22.78,95.89,1.28,1.92,0.51,97.45
20081202,13.5,6.0245,5.0801,2.111,0.58,24.08,26.12,22.74,94.25,1.09,1.54,0.43,97.32
20081203,6.44,4.8749,1.6231,3.007,0.47,24.02,25.29,23.07,93.91,0.91,1.4,0.42,97.31
20081204,2.69,5.6321,3.4639,2.6585,0.54,24.77,27.46,23.09,90.73,1.45,2.47,0.66,97.42
20081205,4.28,4.1611,0.2724,3.0319,0.4,24.19,25.71,23.13,96.21,1.21,1.91,0.5,97.47
20081206,8.72,3.7738,0.479,2.6693,0.36,24.13,26.5,22.81,94.26,1.24,2.1,0.49,97.46
20081207,6.1,5.6539,4.0834,2.4125,0.55,24.33,26.41,22.71,92.75,1.1,1.84,0.41,97.37
20081208,3.66,4.5043,1.3572,2.8826,0.43,24.56,27.84,22.44,91.3,1.27,2.01,0.5,97.37
20081209,1.96,4.8542,1.6015,2.8951,0.47,24.55,27.29,22.73,90.65,1.0,1.38,0.39,97.35
20081210,2.53,4.379,0.9725,3.0319,0.42,24.41,27.02,22.4,92.19,1.32,2.34,0.54,97.34
20081211,2.39,5.0645,1.9908,2.8819,0.49,24.61,27.76,22.14,86.72,1.13,1.68,0.49,97.27
20081212,3.62,5.2574,2.4322,2.9472,0.51,24.54,27.33,22.34,91.36,1.54,2.58,0.67,97.25
20081213,3.52,3.7452,0.5093,2.7691,0.36,24.05,25.6,22.72,95.68,1.41,2.46,0.54,97.25
20081214,2.67,4.7518,1.9783,2.7271,0.46,24.72,27.14,22.99,93.3,1.41,2.27,0.55,97.22
20081215,28.64,5.6302,4.8242,2.1286,0.54,24.68,25.9,23.5,96.28,1.25,1.65,0.48,97.17
20081216,40.85,5.4631,2.7478,2.7869,0.53,24.43,25.53,23.31,95.06,1.13,2.07,0.47,97.32
20081217,25.66,5.2757,2.4161,2.9897,0.51,24.76,28.3,21.92,89.05,1.46,2.46,0.58,97.37
20081218,41.04,4.0862,0.3648,3.0132,0.39,23.86,26.69,22.31,92.35,1.28,2.36,0.52,97.36
20081219,18.45,5.1214,1.7789,3.049,0.49,23.65,25.69,22.2,93.53,1.16,1.99,0.46,97.3
20081220,9.88,5.4014,1.986,3.0574,0.52,24.15,26.76,22.48,93.43,1.1,1.93,0.46,97.28
20081221,2.69,5.053,2.2166,2.784,0.49,24.9,27.21,22.78,89.83,1.1,2.06,0.48,97.25
20081222,38.62,5.0954,3.409,2.3076,0.49,25.01,27.67,22.69,89.51,1.53,2.08,0.59,97.24
20081223,8.61,4.8941,1.2288,3.3151,0.47,25.05,27.77,23.58,91.42,1.52,2.31,0.61,97.32
20081224,2.46,4.1556,0.6137,3.049,0.4,24.28,26.36,22.69,93.19,1.34,2.1,0.5,97.35
20081225,8.39,4.5034,1.0625,2.8315,0.43,24.17,26.32,22.9,92.95,1.4,2.32,0.56,97.31
20081226,56.43,4.8302,2.0599,2.8632,0.47,23.63,25.39,22.38,93.77,1.2,2.21,0.48,97.22
20081227,69.55,5.6292,3.7608,2.4732,0.54,24.36,27.4,22.16,92.18,1.21,2.05,0.48,97.12
20081228,50.43,3.7541,0.2734,2.6268,0.36,24.11,25.47,22.97,97.63,1.74,3.27,0.71,97.22
20081229,5.67,5.1271,2.2037,2.971,0.49,24.23,26.84,22.31,93.12,1.26,1.82,0.55,97.17
20081230,35.52,5.412,2.4785,3.5167,0.52,25.45,28.1,23.5,90.34,1.04,1.96,0.48,97.04
20081231,43.85,4.615,0.6278,3.2117,0.44,24.22,25.84,22.73,95.7,1.06,2.34,0.49,97.14
20090101,23.88,4.9584,2.1103,3.0139,0.48,25.12,29.01,21.92,88.94,1.32,2.08,0.47,97.17
20090102,7.07,6.2405,4.9195,2.4149,0.6,25.47,27.89,23.95,90.12,1.0,1.77,0.46,97.21
20090103,3.44,5.7101,4.7021,2.155,0.55,25.1,27.1,23.5,91.72,1.12,2.2,0.45,97.24
20090104,3.3,5.0729,1.9572,2.8082,0.49,24.12,25.79,22.8,93.16,0.92,1.23,0.34,97.38
20090105,14.89,5.3306,4.0015,2.1528,0.51,25.09,27.31,23.48,91.54,1.17,2.05,0.5,97.24
20090106,9.56,5.593,3.3804,2.5922,0.54,24.69,26.33,23.13,90.49,0.96,1.79,0.43,97.32
20090107,4.02,6.1685,4.4434,2.6782,0.59,25.21,28.81,22.34,87.75,1.27,2.02,0.46,97.33
20090108,4.7,6.4726,5.8754,2.1005,0.62,25.43,28.52,23.61,92.69,1.34,2.08,0.62,97.23
20090109,15.13,4.476,1.9457,2.6467,0.43,24.98,27.59,22.55,89.66,1.01,1.84,0.43,97.11
20090110,0.49,5.922,2.9124,3.2825,0.57,26.38,29.63,22.71,84.43,0.98,2.1,0.41,96.9
20090111,0.0,5.8553,1.9932,3.5537,0.56,26.16,30.06,23.12,79.86,1.19,2.26,0.48,97.07
20090112,0.0,7.0416,7.1422,2.0225,0.67,25.18,27.95,23.1,84.77,1.23,2.16,0.5,97.42
20090113,0.43,5.6448,2.1797,3.8374,0.54,25.26,28.36,23.36,88.37,0.89,1.6,0.42,97.45
20090114,12.9,4.9006,0.6646,3.4522,0.47,24.69,27.49,22.56,87.97,1.26,2.24,0.53,97.45
20090115,2.35,4.0082,0.2086,3.0026,0.38,25.35,28.03,23.45,87.3,1.01,2.26,0.43,97.33
20090116,9.64,5.2111,3.0197,2.4718,0.5,24.83,27.79,22.39,88.76,1.18,2.06,0.42,97.4
20090117,18.13,3.7524,0.1795,2.7754,0.36,24.03,25.75,22.74,93.69,0.92,1.64,0.41,97.57
20090118,3.49,5.9671,3.8438,2.5214,0.57,24.17,27.72,21.2,86.93,1.28,1.82,0.48,97.5
20090119,26.92,5.7252,4.3075,2.2786,0.55,24.06,26.01,22.15,92.93,1.11,1.64,0.46,97.4
20090120,18.0,5.7216,2.6942,3.0679,0.54,24.17,26.33,22.45,90.36,0.88,1.38,0.39,97.52
20090121,15.45,6.1068,4.9836,2.2166,0.58,24.66,27.6,22.25,90.04,1.36,2.25,0.58,97.46
20090122,11.24,4.4002,0.3778,3.2717,0.42,23.48,25.16,21.18,93.58,0.92,1.84,0.39,97.5
20090123,7.08,6.3658,5.7389,1.9174,0.6,24.6,27.93,21.08,84.87,1.47,2.04,0.52,97.39
20090124,5.45,5.5171,2.4511,2.9285,0.52,24.14,26.13,23.06,90.96,1.18,1.55,0.44,97.41
20090125,36.07,5.8954,4.8727,2.1086,0.56,25.16,28.32,22.61,86.66,1.21,2.24,0.47,97.33
20090126,7.56,5.4907,1.5852,3.4111,0.52,24.85,27.05,23.53,93.48,1.52,2.3,0.6,97.32
20090127,15.3,5.8214,3.8542,2.6698,0.55,24.46,26.65,23.31,92.93,1.47,2.09,0.59,97.33
20090128,9.25,6.4817,5.9683,1.9238,0.61,24.87,27.45,22.82,92.57,1.25,1.76,0.54,97.19
20090129,49.91,5.2879,2.2766,3.0646,0.5,25.01,26.38,24.09,95.45,1.49,2.07,0.69,97.11
20090130,16.63,6.6881,6.2153,2.0599,0.63,25.19,27.17,23.8,93.93,1.24,1.98,0.58,97.06
20090131,43.57,5.1811,2.3182,2.8164,0.49,24.35,25.65,23.27,95.48,1.51,2.98,0.59,97.23
20090201,14.25,5.9618,3.6317,2.7917,0.56,24.64,27.41,22.29,91.37,1.25,2.45,0.53,97.21
20090202,21.1,4.9733,2.4955,2.9064,0.47,25.73,28.98,23.39,88.23,1.26,2.48,0.53,97.1
20090203,31.81,6.0958,4.679,2.6179,0.57,25.38,28.46,23.36,91.11,1.28,2.46,0.64,97.02
20090204,15.46,5.256,3.2114,2.4888,0.5,24.9,28.0,22.58,92.15,1.21,2.44,0.52,97.01
20090205,1.58,5.4876,2.5822,3.0295,0.52,24.75,27.52,23.08,90.54,1.04,1.61,0.44,97.11
20090206,0.58,4.6265,1.2442,3.011,0.44,24.87,28.41,22.64,87.16,1.49,2.53,0.63,97.12
20090207,0.32,5.7461,2.406,3.8491,0.54,25.38,28.62,23.01,85.69,1.07,1.71,0.44,97.18
20090208,0.42,6.8172,6.4063,1.9318,0.64,25.49,28.88,22.45,87.07,1.06,2.02,0.38,97.32
20090209,2.51,5.5942,3.4375,2.6796,0.53,24.85,27.18,23.13,91.64,0.88,2.01,0.35,97.45
20090210,2.05,5.2603,1.5641,3.3437,0.49,25.03,28.06,22.61,90.19,0.89,1.81,0.39,97.32
20090211,19.43,5.7418,4.2149,2.1828,0.54,25.25,27.86,23.43,91.16,1.16,1.78,0.43,97.26
20090212,14.69,6.1622,3.3578,3.0014,0.58,23.85,25.76,22.14,92.56,1.05,2.34,0.44,97.41
20090213,2.69,5.713,3.0571,2.6244,0.54,24.11,27.71,21.39,87.91,1.07,1.62,0.32,97.39
20090214,30.06,4.8818,2.4662,2.4144,0.46,23.57,25.89,21.69,93.01,1.11,1.51,0.41,97.39
20090215,35.09,5.7607,2.5666,2.9563,0.54,23.72,25.61,22.34,94.85,1.19,1.98,0.5,97.42
20090216,46.14,5.8716,4.3524,2.3321,0.55,24.64,26.64,23.04,88.12,1.11,1.76,0.48,97.32
20090217,31.25,3.5554,0.1315,2.6011,0.33,24.15,25.82,23.11,91.36,1.05,1.98,0.45,97.34
20090218,13.33,5.3899,1.9692,2.9465,0.51,24.3,26.7,22.59,91.93,1.13,2.08,0.54,97.33
20090219,5.36,5.166,1.0658,3.1742,0.48,24.95,28.09,22.85,91.12,1.55,2.61,0.62,97.29
20090220,1.73,5.4547,1.3958,3.3288,0.51,24.29,27.01,22.61,90.37,1.26,2.17,0.54,97.42
20090221,8.4,5.0832,1.752,2.795,0.48,24.73,28.23,21.78,87.57,1.61,2.5,0.67,97.23
20090222,35.17,5.3587,1.3193,3.2057,0.5,24.42,25.89,23.32,95.21,1.43,2.18,0.57,97.15
20090223,59.62,4.0363,0.4138,2.7293,0.38,24.58,26.36,23.42,95.84,1.62,3.12,0.68,97.16
20090224,6.86,6.0912,2.5548,3.5292,0.57,24.82,27.56,23.15,89.67,1.15,2.65,0.48,97.14
20090225,4.25,3.2297,0.2969,2.3381,0.3,24.34,27.26,22.27,90.65,1.16,2.08,0.42,97.18
20090226,11.17,5.2764,1.5204,3.2278,0.5,24.16,27.28,22.2,90.25,0.91,1.7,0.38,97.32
20090227,8.06,5.6678,2.8174,2.8658,0.53,24.49,28.32,21.63,87.9,1.36,2.12,0.47,97.26
20090228,0.86,5.2294,1.777,3.0108,0.49,24.7,27.26,22.76,91.19,1.44,2.15,0.63,97.3
20090301,13.1,5.1862,1.8062,2.8193,0.49,24.33,26.27,23.19,93.6,1.15,1.78,0.49,97.29
20090302,20.54,4.8893,0.905,3.0941,0.46,24.19,26.33,23.04,93.39,1.43,2.92,0.63,97.28
20090303,23.18,3.0478,0.0833,2.2603,0.29,23.91,25.79,22.72,94.08,1.14,2.12,0.56,97.38
20090304,17.62,5.7943,2.5634,3.6264,0.55,24.66,28.5,21.79,88.5,1.24,2.37,0.52,97.45
20090305,12.95,6.449,4.554,2.7132,0.61,24.79,28.19,22.16,87.16,1.33,2.35,0.5,97.41
20090306,14.0,5.4173,1.661,3.3732,0.51,24.75,27.47,22.77,91.63,1.47,2.37,0.63,97.43
20090307,131.9,5.6542,2.3222,2.9801,0.53,24.68,26.3,23.35,95.64,1.54,2.29,0.67,97.3
20090308,32.52,4.3658,1.1196,2.5992,0.41,24.96,27.69,23.59,92.77,1.52,2.62,0.68,97.25
20090309,10.89,4.753,0.727,3.4044,0.45,24.37,27.13,22.79,91.45,1.36,2.19,0.59,97.46
20090310,13.51,5.1785,3.0962,2.2706,0.49,24.62,26.93,23.2,93.15,1.18,2.19,0.54,97.42
20090311,3.95,4.5029,0.5335,3.0946,0.43,24.29,26.45,23.05,93.0,1.2,2.69,0.59,97.4
20090312,28.83,4.5053,0.4414,3.204,0.43,24.3,27.07,22.16,91.77,1.41,2.36,0.61,97.41
20090313,21.29,4.877,2.5692,2.4684,0.46,23.92,25.84,22.76,95.47,1.38,2.03,0.59,97.42
20090314,28.18,6.0329,4.5048,2.2253,0.57,24.27,26.4,22.78,94.65,1.52,2.38,0.62,97.34
20090315,88.87,4.0704,1.3423,2.4492,0.39,24.36,26.77,23.15,93.79,1.41,2.33,0.61,97.32
20090316,34.78,3.0314,0.2878,2.1422,0.29,24.07,26.72,22.48,93.3,1.55,3.04,0.73,97.36
20090317,6.15,5.4958,2.3942,2.7612,0.52,23.76,26.96,21.79,90.39,1.39,2.55,0.62,97.37
20090318,4.72,4.7059,0.983,3.185,0.45,23.34,25.86,21.3,93.8,1.52,2.66,0.67,97.37
20090319,13.8,4.0358,0.5047,2.7043,0.39,23.5,25.05,22.36,94.2,1.31,1.93,0.63,97.34
20090320,14.09,5.7314,4.2156,2.3266,0.55,24.47,27.67,22.63,89.47,1.56,2.89,0.77,97.28
20090321,4.97,5.3882,3.035,2.581,0.52,23.69,25.44,22.46,95.01,1.31,1.92,0.64,97.41
20090322,0.57,5.7984,3.7973,2.5476,0.56,24.37,27.73,21.61,89.91,1.35,2.58,0.61,97.43
20090323,0.01,6.4709,4.435,2.8174,0.62,24.66,28.29,21.67,87.81,1.23,2.12,0.56,97.52
20090324,0.1,6.6811,5.3832,2.5246,0.64,24.29,28.02,21.79,85.43,1.29,1.88,0.52,97.51
20090325,0.62,6.5465,4.459,2.6095,0.63,24.04,28.25,20.45,83.71,1.36,1.96,0.55,97.53
20090326,0.12,6.1315,5.4218,1.9706,0.59,24.57,27.48,22.44,90.47,1.47,2.49,0.67,97.57
20090327,2.02,6.073,3.8345,2.8142,0.59,24.61,27.74,22.7,89.88,1.11,1.8,0.46,97.58
20090328,1.04,6.6466,5.6388,2.1679,0.64,24.14,27.59,21.47,86.75,1.21,1.81,0.48,97.49
20090329,13.67,5.7094,4.5398,2.034,0.55,24.61,27.93,21.38,88.33,1.32,2.08,0.57,97.37
20090330,2.09,6.203,4.5173,2.3904,0.6,24.88,27.02,23.04,89.79,0.86,1.87,0.45,97.39
20090331,0.06,6.4999,5.7569,1.945,0.63,24.93,27.41,22.93,88.01,1.23,2.31,0.51,97.42
20090401,0.39,6.7457,6.4219,1.7496,0.66,24.99,27.93,22.77,87.99,1.31,2.05,0.54,97.37
20090402,13.59,6.0984,5.2301,2.1535,0.6,24.51,27.75,21.83,88.97,1.07,1.71,0.43,97.44
20090403,22.59,5.7754,4.4448,2.2414,0.57,24.64,27.05,23.17,90.42,1.15,1.73,0.53,97.44
20090404,32.61,5.0429,2.1062,2.6899,0.5,24.24,26.36,22.92,93.62,1.3,1.92,0.5,97.45
20090405,152.76,5.9045,4.871,2.1149,0.58,24.34,26.37,23.21,93.81,1.18,1.8,0.59,97.33
20090406,42.37,4.9603,1.4491,3.1402,0.49,23.58,25.27,22.2,91.7,1.21,2.16,0.51,97.38
20090407,13.67,5.5212,4.2989,2.0957,0.55,24.08,26.62,21.8,91.6,1.15,1.97,0.48,97.36
20090408,11.31,5.5939,3.9197,2.3976,0.55,24.11,26.9,22.23,90.89,1.03,1.75,0.42,97.41
20090409,14.67,5.623,4.8223,2.094,0.56,24.84,28.36,22.09,89.15,1.18,2.17,0.42,97.31
20090410,12.15,2.4521,0.2873,1.6798,0.24,24.73,26.01,23.12,93.53,1.03,1.97,0.44,97.36
20090411,27.36,6.5222,6.1212,1.8936,0.65,24.68,27.7,22.13,89.14,1.18,1.62,0.38,97.33
20090412,17.43,5.2577,1.6855,3.2863,0.53,25.2,26.71,24.17,96.84,1.43,2.14,0.63,97.25
20090413,1.2,4.2641,0.6497,3.1241,0.43,25.53,27.46,23.9,93.81,1.74,2.41,0.7,97.13
20090414,2.98,4.8559,1.1105,3.4198,0.49,25.14,26.77,23.7,94.44,1.27,1.78,0.54,97.19
20090415,4.91,3.6595,0.396,2.6837,0.37,25.3,28.16,23.27,91.99,1.47,2.32,0.66,97.31
20090416,9.75,4.782,2.5949,2.52,0.48,25.25,28.11,23.41,92.6,1.52,2.88,0.63,97.31
20090417,2.07,4.0579,0.2014,2.999,0.41,25.27,28.22,22.95,90.74,1.26,1.97,0.56,97.32
20090418,6.27,5.0618,3.6977,1.9675,0.51,24.9,27.04,23.03,91.12,1.19,1.8,0.43,97.38
20090419,16.85,4.8163,1.8792,2.6102,0.49,24.42,25.8,23.29,97.32,1.49,2.38,0.57,97.39
20090420,14.77,5.1749,2.5745,2.8778,0.53,24.49,26.85,22.99,93.54,1.55,2.29,0.62,97.26
20090421,23.09,3.3485,0.0593,2.5303,0.34,23.9,24.92,23.05,94.32,0.82,1.38,0.38,97.25
20090422,12.74,4.5984,0.7342,3.3672,0.47,24.81,26.47,23.48,90.8,0.97,1.86,0.48,97.34
20090423,26.45,3.9019,0.3578,2.7828,0.4,25.34,28.32,23.4,87.65,1.1,2.03,0.56,97.41
20090424,9.45,5.3465,2.3086,2.9686,0.55,24.52,27.55,22.65,91.76,0.6,1.16,0.25,97.48
20090425,1.77,5.8644,4.4758,2.3794,0.61,25.05,28.63,22.52,87.85,1.32,2.39,0.55,97.48
20090426,1.61,5.7122,4.6553,2.124,0.59,24.45,27.47,22.54,89.42,1.11,1.64,0.45,97.54
20090427,1.56,5.393,4.4678,2.2202,0.56,23.92,26.39,21.78,88.91,0.97,1.26,0.43,97.58
20090428,44.09,6.2815,6.0034,1.7268,0.65,24.73,26.93,22.78,90.89,1.07,1.71,0.5,97.53
20090429,35.46,5.8678,5.4034,1.8727,0.61,24.83,28.06,22.83,91.36,0.98,1.91,0.44,97.49
20090430,4.3,5.7326,5.197,1.8624,0.6,25.32,28.26,23.56,88.47,1.05,1.88,0.47,97.43
20090501,8.55,4.3178,2.173,2.2298,0.45,24.87,27.93,22.57,90.49,1.24,1.94,0.52,97.53
20090502,6.98,4.2878,0.6792,2.9146,0.45,23.46,25.31,22.11,91.6,1.02,1.66,0.5,97.6
20090503,0.97,5.7902,5.6105,1.8142,0.61,24.3,27.64,21.76,88.36,0.94,1.61,0.36,97.53
20090504,8.02,4.9992,3.3972,2.3208,0.53,24.73,27.4,22.98,92.19,1.36,2.09,0.53,97.57
20090505,6.31,4.927,2.3738,2.5891,0.52,24.54,27.83,21.99,88.35,1.14,1.95,0.46,97.57
20090506,2.19,5.9849,5.7125,1.8,0.64,24.28,27.12,22.51,91.23,1.2,2.08,0.49,97.53
20090507,19.01,4.6654,2.7233,2.8416,0.5,24.37,26.77,23.12,94.28,1.36,2.12,0.53,97.42
20090508,14.28,6.0182,5.7794,1.7647,0.64,23.36,25.3,22.11,94.94,0.91,1.35,0.43,97.47
20090509,10.72,6.163,6.0725,1.6282,0.66,23.48,25.6,22.02,91.8,0.69,1.09,0.34,97.43
20090510,2.21,5.6263,3.707,2.4653,0.6,24.59,28.11,22.03,89.39,0.99,1.77,0.43,97.38
20090511,0.0,5.9635,6.1505,1.7374,0.64,24.75,28.24,22.05,87.57,1.16,1.51,0.46,97.33
20090512,0.03,5.111,2.5198,2.9923,0.55,25.07,28.31,22.48,87.51,1.2,2.07,0.5,97.22
20090513,0.05,5.4389,4.3932,2.1137,0.59,25.03,27.66,23.29,91.58,1.41,2.25,0.58,97.15
20090514,0.4,5.2829,4.1945,2.125,0.57,25.34,27.28,23.5,92.25,1.35,1.93,0.56,97.16
20090515,56.21,4.7758,3.3494,2.0554,0.52,25.25,26.55,24.02,95.6,1.45,2.11,0.6,97.29
20090516,17.52,4.0728,0.3782,3.0185,0.44,24.84,28.12,23.02,88.44,0.83,1.61,0.3,97.37
20090517,52.25,4.6464,1.596,2.9244,0.51,24.74,26.89,22.99,92.88,1.03,1.79,0.41,97.33
20090518,17.24,4.6392,3.0101,2.2169,0.51,24.08,25.54,21.8,95.71,1.4,2.33,0.56,97.39
20090519,10.74,3.7385,1.4602,2.1984,0.41,23.39,25.61,21.77,93.64,1.07,1.61,0.41,97.39
20090520,2.25,4.9694,3.619,2.1617,0.55,23.96,26.61,22.34,92.86,1.28,2.48,0.57,97.39
20090521,36.85,1.9678,0.0324,1.5379,0.22,22.69,25.09,20.3,93.87,1.09,1.98,0.45,97.5
20090522,7.98,4.5024,2.7898,2.5063,0.5,22.64,26.45,19.28,88.82,0.98,1.32,0.37,97.57
20090523,0.0,6.0055,6.425,1.6382,0.67,23.89,27.41,20.65,89.08,1.0,1.45,0.45,97.41
20090524,0.76,5.6184,5.4588,2.0256,0.62,24.92,28.17,22.52,89.72,1.05,1.79,0.47,97.36
20090525,15.01,3.2993,0.8671,2.1494,0.37,24.14,25.99,23.16,94.24,1.54,2.35,0.61,97.44
20090526,3.07,5.0839,4.4278,1.9481,0.57,24.63,26.64,23.54,91.73,0.91,1.88,0.46,97.35
20090527,3.58,4.7921,4.3997,1.7282,0.54,24.51,27.36,22.11,90.52,1.39,2.02,0.59,97.35
20090528,6.06,4.1465,1.4666,2.4326,0.46,23.99,25.44,23.09,95.88,1.22,1.74,0.54,97.41
20090529,7.54,4.1786,2.0414,2.6225,0.47,24.76,27.93,22.35,92.42,1.24,1.92,0.56,97.43
20090530,3.18,4.8343,3.2606,2.3215,0.54,24.62,26.91,22.77,92.5,1.56,2.24,0.66,97.5
20090531,46.4,3.0713,0.3804,2.0734,0.35,24.37,26.55,23.27,94.26,1.18,1.64,0.5,97.56
20090601,54.45,3.301,0.6358,2.1943,0.37,24.2,25.69,23.4,96.0,1.52,2.36,0.62,97.51
20090602,14.99,3.4512,0.7656,2.4538,0.39,24.3,25.65,23.59,96.0,1.84,3.08,0.67,97.42
20090603,5.22,3.2556,0.3166,2.2608,0.37,24.31,26.5,23.57,94.52,1.06,1.59,0.35,97.4
20090604,13.2,5.0926,3.9569,2.2447,0.58,24.09,26.05,22.9,95.81,1.11,1.41,0.46,97.48
20090605,61.45,3.8556,1.4849,2.2843,0.44,23.69,24.93,22.7,97.21,1.38,1.95,0.59,97.5
20090606,26.21,4.8888,2.7852,2.3844,0.55,23.91,26.58,21.93,92.71,1.21,1.9,0.55,97.49
20090607,20.82,5.2699,4.3558,1.9865,0.6,24.09,26.46,22.8,94.9,1.31,1.83,0.56,97.5
20090608,17.31,3.7788,1.65,2.0777,0.43,23.77,24.86,22.66,96.59,1.54,2.4,0.64,97.63
20090609,45.97,2.4886,0.2839,1.7429,0.28,23.21,24.21,22.6,96.44,1.51,2.34,0.62,97.69
20090610,27.07,4.2576,2.7845,2.1439,0.49,23.08,24.67,22.24,94.86,1.67,2.65,0.66,97.71
20090611,13.75,3.918,1.6078,2.2586,0.45,22.76,23.68,22.34,96.78,1.26,1.59,0.51,97.6
20090612,46.62,1.6154,0.119,1.1894,0.18,23.0,24.14,22.33,96.81,1.36,1.97,0.55,97.61
20090613,14.27,3.3586,0.1481,2.4857,0.38,23.05,24.32,21.8,96.95,1.35,2.21,0.55,97.64
20090614,2.14,4.9589,4.415,1.9918,0.57,23.31,25.77,21.22,91.71,1.21,1.84,0.55,97.57
20090615,4.47,5.0734,5.0863,1.5972,0.58,23.34,24.94,22.2,95.68,1.35,2.01,0.51,97.54
20090616,5.43,4.4594,3.1279,2.0971,0.51,23.83,26.57,21.95,93.53,1.16,2.31,0.48,97.57
20090617,3.42,3.5311,2.0198,1.9207,0.4,23.7,25.59,22.57,94.66,1.03,2.06,0.36,97.63
20090618,5.84,4.1966,2.887,2.0609,0.48,23.66,25.37,22.7,94.79,1.82,2.95,0.71,97.54
20090619,9.98,3.059,0.3622,2.117,0.35,23.91,26.05,22.78,94.56,1.75,2.78,0.64,97.49
20090620,71.01,3.101,0.7378,1.9898,0.36,23.44,24.69,22.3,96.58,1.36,2.06,0.49,97.49
20090621,12.23,3.2165,0.5479,2.2373,0.37,22.84,24.35,21.79,95.83,1.05,2.03,0.44,97.52
20090622,10.83,4.5029,1.7662,2.5061,0.52,23.0,25.61,21.44,94.08,1.17,2.14,0.49,97.5
20090623,32.1,3.6814,1.5293,2.2265,0.42,23.33,25.92,21.93,94.46,1.4,2.23,0.58,97.49
20090624,14.66,3.0773,0.4049,2.1202,0.35,24.21,26.67,22.36,93.37,0.87,1.44,0.37,97.4
20090625,5.87,5.5752,5.599,1.663,0.64,23.87,26.53,22.3,94.25,1.02,1.84,0.4,97.43
20090626,1.32,3.8878,0.7582,2.575,0.45,24.05,26.39,22.32,91.07,0.83,1.29,0.37,97.5
20090627,0.75,3.8347,2.3306,1.9853,0.44,24.19,27.32,21.81,90.4,1.06,2.17,0.46,97.45
20090628,11.53,2.472,0.9634,1.5492,0.28,23.57,24.73,22.72,95.97,1.28,1.89,0.49,97.48
20090629,12.75,4.0423,1.8622,2.2886,0.46,23.57,25.24,22.49,95.96,1.4,2.39,0.57,97.47
20090630,6.78,4.2744,2.5889,2.0822,0.49,23.48,24.79,22.37,96.28,1.27,1.96,0.52,97.62
20090701,9.72,5.0206,4.4374,2.1432,0.57,23.7,26.02,22.36,94.7,1.44,2.76,0.65,97.59
20090702,19.05,3.7217,0.7994,2.3774,0.43,23.04,25.12,21.8,94.84,1.28,2.2,0.55,97.55
20090703,6.93,3.9106,2.639,1.865,0.45,22.43,25.64,20.38,93.15,1.4,2.27,0.61,97.52
20090704,45.7,3.6422,2.1958,1.847,0.42,22.57,25.73,20.69,93.75,1.31,1.98,0.57,97.56
20090705,50.13,3.6799,2.2282,1.8218,0.42,23.61,26.68,21.95,92.29,1.09,2.17,0.5,97.46
20090706,7.34,4.7311,4.1878,1.7681,0.54,23.12,24.31,22.12,95.85,1.2,2.07,0.52,97.5
20090707,15.93,4.0666,2.2702,2.1802,0.46,23.43,25.79,21.86,93.97,1.34,2.03,0.57,97.49
20090708,41.08,1.8809,0.2789,1.3382,0.21,22.76,24.12,21.92,96.53,1.41,2.35,0.58,97.46
20090709,10.01,4.9925,4.1544,1.9946,0.57,22.88,24.99,21.72,93.42,1.06,1.92,0.47,97.45
20090710,2.73,3.6917,1.4402,2.4065,0.42,22.79,24.44,21.76,95.2,1.36,2.14,0.57,97.33
20090711,2.68,3.6238,1.099,2.5985,0.41,22.89,24.99,21.88,94.33,1.38,2.03,0.57,97.29
20090712,6.3,2.7295,0.1063,2.0789,0.31,21.89,23.2,21.14,95.71,1.05,1.67,0.48,97.46
20090713,4.6,3.5868,1.8091,2.1132,0.41,22.78,26.53,20.44,92.16,1.34,2.28,0.55,97.38
20090714,22.15,2.093,0.1934,1.5437,0.24,22.68,24.94,21.52,93.96,1.27,2.3,0.57,97.5
20090715,14.88,2.9779,0.432,2.1905,0.34,22.38,24.39,21.13,95.43,1.19,2.1,0.51,97.6
20090716,5.04,3.0384,0.2846,2.237,0.34,21.96,23.65,21.24,95.0,1.46,2.31,0.63,97.59
20090717,4.76,3.4625,2.0477,1.9032,0.39,22.29,24.93,20.93,94.11,1.32,2.01,0.57,97.57
20090718,7.3,4.4213,2.2166,2.3153,0.5,23.18,25.5,21.68,94.18,1.17,2.39,0.48,97.55
20090719,15.89,1.6032,0.1906,1.1076,0.18,23.37,25.47,22.07,95.05,1.24,2.04,0.54,97.58
20090720,53.29,4.081,1.4515,2.4134,0.46,23.9,26.79,22.2,94.62,1.59,2.85,0.63,97.6
20090721,23.49,3.8501,0.4327,2.7701,0.43,23.55,25.37,22.53,95.33,0.89,1.56,0.35,97.57
20090722,8.58,4.8262,4.051,2.221,0.54,23.43,26.46,21.6,90.49,1.04,1.49,0.45,97.51
20090723,80.25,2.3878,0.3682,1.6229,0.27,23.19,24.99,22.14,96.59,1.47,2.63,0.59,97.53
20090724,58.21,2.609,0.1298,1.8948,0.29,22.59,23.84,22.03,96.23,1.34,2.19,0.55,97.62
20090725,26.2,2.4194,0.1608,1.7009,0.27,22.52,24.15,21.82,96.01,1.26,1.73,0.54,97.56
20090726,4.42,4.1914,1.9562,2.2812,0.46,22.69,25.4,21.47,92.95,1.52,2.6,0.64,97.54
20090727,4.23,4.3466,2.269,2.3942,0.48,22.14,24.22,21.08,93.37,1.33,2.43,0.57,97.49
20090728,9.35,3.2678,0.3566,2.2656,0.36,21.79,23.36,20.58,94.81,1.39,2.33,0.59,97.59
20090729,11.51,3.4253,0.3559,2.4089,0.38,22.1,24.93,20.67,93.33,1.57,2.72,0.67,97.65
20090730,2.64,3.4421,0.4027,2.5531,0.38,22.18,24.77,20.53,93.67,1.1,1.88,0.45,97.67
20090731,0.64,4.8662,2.5853,2.5298,0.53,22.87,26.05,20.81,91.55,1.37,2.23,0.58,97.54
20090801,2.58,3.8234,1.4945,2.292,0.42,22.71,25.48,20.96,92.65,1.68,2.67,0.73,97.54
20090802,2.45,4.0574,0.8527,2.6712,0.44,22.78,24.88,21.35,94.94,1.34,2.19,0.58,97.55
20090803,3.48,2.4475,0.215,1.7885,0.27,23.02,23.95,22.28,94.29,0.93,1.96,0.43,97.59
20090804,36.77,3.9511,1.0349,2.491,0.43,23.52,26.7,21.1,92.17,0.95,1.54,0.38,97.63
20090805,25.29,3.7778,0.5203,2.4881,0.41,23.39,26.04,21.6,92.88,1.22,2.37,0.44,97.53
20090806,12.4,4.4638,2.3246,2.2594,0.48,23.0,24.31,22.11,95.09,1.29,1.92,0.51,97.42
20090807,85.84,3.2258,0.4908,2.2781,0.35,23.12,24.81,21.97,95.26,1.04,1.82,0.4,97.42
20090808,18.94,2.37,0.1788,1.7196,0.25,23.55,26.13,21.94,93.63,1.39,2.46,0.55,97.51
20090809,0.51,5.3098,4.9066,1.8343,0.57,23.53,26.77,20.62,87.54,1.18,2.2,0.45,97.53
20090810,1.39,5.8205,5.6335,1.9613,0.62,24.22,27.83,21.94,89.2,1.28,1.92,0.52,97.56
20090811,45.34,4.1467,1.6562,2.3472,0.44,23.88,26.96,22.18,93.55,1.1,1.86,0.45,97.53
20090812,13.28,3.4476,1.4028,1.9908,0.37,23.15,25.01,22.3,94.19,1.22,1.99,0.5,97.62
20090813,0.64,4.7633,4.0222,1.9092,0.5,23.28,26.07,21.61,92.56,1.26,2.33,0.51,97.67
20090814,6.93,5.5188,4.7052,2.0578,0.58,23.7,27.0,22.24,92.29,1.15,2.36,0.51,97.6
20090815,6.72,3.6086,0.7855,2.3201,0.38,23.59,27.25,21.29,92.22,1.29,2.06,0.51,97.55
20090816,5.13,4.3099,1.2403,2.7458,0.45,23.44,26.96,21.89,92.71,1.24,2.24,0.5,97.55
20090817,3.77,3.1498,1.3495,1.9586,0.33,22.67,24.85,21.56,93.77,1.4,2.31,0.59,97.6
20090818,2.81,3.7474,1.5358,2.305,0.39,22.68,25.93,20.89,91.9,1.42,2.37,0.61,97.65
20090819,6.77,4.2158,1.926,2.371,0.44,23.03,26.4,21.29,92.94,1.24,2.39,0.5,97.68
20090820,9.2,3.3902,1.1921,2.0237,0.35,22.39,24.97,20.92,93.93,1.24,2.16,0.55,97.57
20090821,16.65,3.8592,0.7174,2.761,0.4,22.19,24.73,20.86,93.82,1.09,2.02,0.52,97.5
20090822,10.0,3.984,1.3363,2.5454,0.41,22.33,25.29,20.47,93.23,0.95,2.03,0.49,97.53
20090823,24.45,4.1755,0.4694,2.9321,0.43,22.62,24.92,21.33,94.9,1.01,1.7,0.46,97.49
20090824,11.58,3.5501,1.7695,1.9267,0.37,23.22,25.88,21.61,92.3,1.07,2.09,0.43,97.53
20090825,3.18,4.8454,2.6616,2.5334,0.5,23.4,26.19,21.7,94.05,1.21,2.02,0.46,97.53
20090826,10.14,3.4877,0.7822,2.2438,0.36,23.39,25.72,21.69,94.34,1.08,1.5,0.42,97.57
20090827,2.51,5.6122,4.2818,2.359,0.57,24.12,27.29,21.96,91.6,1.12,2.15,0.42,97.49
20090828,0.0,5.9688,6.0139,1.8185,0.61,23.85,27.52,21.36,89.08,1.44,2.34,0.58,97.42
20090829,3.51,4.4815,3.5376,1.787,0.46,22.8,25.17,20.93,92.01,1.44,2.16,0.53,97.49
20090830,0.51,5.1043,3.0485,2.3465,0.52,24.05,27.33,21.58,91.35,1.42,2.58,0.51,97.52
20090831,15.69,1.3313,0.1313,0.973,0.13,23.67,24.91,22.75,96.53,1.14,1.82,0.56,97.56
20090901,18.31,4.5821,1.1098,2.7571,0.46,23.06,25.33,21.79,93.59,0.83,1.61,0.43,97.52
20090902,4.13,4.2689,1.7578,2.2637,0.43,23.36,26.51,21.64,91.75,1.1,2.25,0.47,97.41
20090903,1.41,3.5746,1.921,1.8684,0.36,23.29,26.0,21.58,90.67,1.37,2.71,0.58,97.42
20090904,5.03,2.6796,0.4769,1.7122,0.27,22.94,25.17,21.57,92.71,1.49,2.47,0.6,97.4
20090905,4.82,3.4819,1.0094,2.2594,0.35,22.8,24.79,21.52,94.15,1.26,2.0,0.5,97.51
20090906,1.74,4.6006,1.6294,2.6275,0.46,23.31,26.56,21.4,92.24,1.3,2.41,0.57,97.55
20090907,0.03,5.6369,3.6698,2.5075,0.56,24.25,28.55,21.53,89.39,1.14,2.25,0.47,97.49
20090908,0.19,4.5058,3.3749,2.07,0.45,23.99,26.85,22.09,91.03,1.51,2.88,0.59,97.53
20090909,3.94,2.9599,0.5539,2.0654,0.29,23.29,25.44,21.99,93.92,1.63,2.57,0.63,97.57
20090910,1.42,4.7249,0.93,3.1322,0.47,22.92,25.92,20.5,90.0,1.41,2.32,0.58,97.7
20090911,0.16,5.8685,3.3989,2.7125,0.58,23.86,27.64,21.66,86.51,1.14,2.35,0.51,97.61
20090912,8.81,4.2173,1.7873,2.2123,0.42,24.13,26.44,22.43,92.0,1.13,2.29,0.44,97.71
20090913,15.09,4.523,2.0736,2.4943,0.45,23.89,25.87,22.59,96.0,1.5,2.16,0.58,97.75
20090914,3.56,4.0421,1.2276,2.5517,0.4,23.65,25.43,22.26,95.28,1.63,2.82,0.67,97.66
20090915,2.2,6.5496,5.9438,1.9742,0.64,24.39,27.94,21.86,89.24,1.4,2.43,0.59,97.46
20090916,0.28,5.9146,4.6735,2.2546,0.58,24.13,28.14,20.76,89.0,1.41,2.5,0.55,97.44
20090917,2.53,4.0087,2.9717,1.7736,0.39,23.14,25.19,21.93,91.44,1.18,2.02,0.46,97.57
20090918,29.96,4.1688,1.8931,2.213,0.41,23.04,24.44,21.64,95.16,1.08,1.71,0.42,97.64
20090919,35.06,3.6718,0.2911,2.6784,0.36,23.4,25.14,22.16,96.27,1.21,2.09,0.44,97.54
20090920,4.88,2.736,0.066,2.039,0.27,23.58,26.09,22.24,94.19,1.38,2.8,0.54,97.56
20090921,2.43,3.4555,0.1049,2.5978,0.34,23.1,25.19,21.87,94.17,1.22,2.04,0.48,97.56
20090922,11.8,4.6956,1.1184,2.8543,0.46,22.81,25.29,21.47,93.34,1.32,2.33,0.57,97.54
20090923,14.44,4.7717,1.1498,2.8114,0.46,22.92,26.2,20.47,92.83,1.32,2.29,0.5,97.54
20090924,18.06,4.675,1.5852,2.7461,0.45,23.44,25.84,22.08,94.16,1.48,2.68,0.62,97.52
20090925,7.83,5.4449,3.8491,2.1346,0.53,23.54,25.94,22.1,92.94,1.41,2.13,0.59,97.41
20090926,6.88,5.3354,3.4411,2.1941,0.52,23.7,26.18,22.07,93.74,1.2,2.16,0.44,97.3
20090927,12.19,4.2262,1.8871,2.3909,0.41,23.33,25.15,22.17,95.73,1.4,2.48,0.56,97.37
20090928,5.01,5.0014,3.1462,2.3534,0.48,24.24,27.51,22.01,91.19,1.21,2.38,0.51,97.26
20090929,1.09,6.4282,5.5543,1.9865,0.62,24.98,28.78,22.36,89.49,1.21,2.47,0.5,97.24
20090930,0.0,6.0401,3.786,2.719,0.58,24.74,28.17,22.24,86.96,0.91,1.37,0.33,97.37
20091001,6.21,5.7012,3.6823,2.4698,0.55,24.89,28.57,21.42,87.61,1.25,1.74,0.43,97.44
20091002,14.94,4.5578,1.1551,2.7504,0.44,24.5,26.08,23.46,95.14,1.25,2.05,0.47,97.48
20091003,28.61,6.0024,4.2343,2.5018,0.58,24.42,26.91,22.54,92.06,0.97,1.88,0.37,97.52
20091004,18.9,4.6783,1.8806,2.6539,0.45,24.75,27.53,23.04,89.28,1.15,2.34,0.48,97.6
20091005,6.17,6.3684,5.25,2.1199,0.61,24.96,28.35,22.44,90.09,1.32,2.31,0.56,97.57
20091006,21.16,4.4642,1.6493,2.5195,0.43,24.86,27.93,22.42,88.71,1.24,1.83,0.53,97.5
20091007,13.38,5.9443,3.9994,2.6038,0.57,24.41,27.48,22.39,90.03,1.21,2.06,0.47,97.35
20091008,10.48,4.9939,2.2054,2.6117,0.48,24.31,26.54,22.77,92.73,1.3,2.14,0.57,97.4
20091009,19.14,4.5372,1.1899,2.8054,0.43,23.24,25.28,21.91,92.96,1.66,2.75,0.71,97.58
20091010,4.23,4.5024,0.6415,2.9894,0.43,23.02,25.1,20.6,92.07,0.97,1.76,0.5,97.63
20091011,54.6,4.962,2.8639,2.3671,0.47,23.82,26.42,22.28,91.74,1.28,1.95,0.59,97.66
20091012,16.9,3.2942,0.4289,2.3758,0.31,23.75,26.18,22.2,93.07,1.08,1.73,0.46,97.66
20091013,2.05,5.7737,3.7277,2.4504,0.55,24.06,27.34,21.94,89.62,1.49,2.7,0.62,97.53
20091014,2.5,4.4885,1.9188,2.4221,0.43,23.1,24.23,22.32,95.16,1.38,2.11,0.53,97.55
20091015,13.79,5.753,3.1006,2.6974,0.55,23.54,26.33,21.8,92.09,1.33,2.28,0.54,97.56
20091016,15.67,4.9027,1.3663,2.9868,0.47,23.76,26.82,21.99,91.52,1.1,2.12,0.48,97.6
20091017,32.24,4.8689,1.7556,2.5706,0.46,23.67,25.91,22.33,93.05,1.51,2.53,0.64,97.55
20091018,19.2,5.9222,3.9408,2.3894,0.56,23.61,26.57,21.6,92.69,1.48,2.39,0.54,97.62
20091019,5.95,5.2922,2.4643,2.6885,0.5,23.3,25.66,21.83,93.44,1.08,1.61,0.46,97.63
20091020,0.87,6.4555,5.4612,2.2049,0.61,23.7,26.23,21.78,91.95,1.18,1.84,0.51,97.64
20091021,0.38,5.051,2.7487,2.5262,0.48,24.49,27.51,21.91,89.78,1.33,1.9,0.63,97.6
20091022,0.65,5.4665,2.6105,2.8488,0.52,24.05,26.53,22.42,91.74,1.54,2.44,0.62,97.55
20091023,3.0,4.2576,1.8053,2.1876,0.4,23.98,27.34,22.27,92.09,1.5,2.49,0.61,97.5
20091024,33.38,4.4563,1.6798,2.5243,0.42,23.69,26.15,22.42,92.6,1.39,2.19,0.63,97.47
20091025,29.64,4.8725,3.6468,2.0652,0.46,23.66,27.3,21.41,90.85,1.36,2.41,0.6,97.51
20091026,2.97,5.9278,3.9617,2.4706,0.56,24.19,28.12,21.48,88.54,1.09,2.16,0.5,97.43
20091027,0.0,6.4925,5.8193,2.0489,0.62,24.38,28.49,20.76,87.35,0.87,1.68,0.39,97.47
20091028,0.0,5.3705,3.3994,2.5548,0.51,24.52,28.34,21.52,88.98,1.03,1.85,0.39,97.49
20091029,0.01,5.9136,5.1199,2.172,0.56,24.06,27.53,21.37,89.18,1.55,2.68,0.63,97.47
20091030,0.39,5.9683,4.5895,2.3196,0.57,23.59,25.86,21.74,90.03,1.4,2.4,0.53,97.46
20091031,1.81,4.7208,3.3682,2.0014,0.45,24.44,27.4,21.97,89.38,1.33,2.24,0.55,97.44
20091101,7.56,4.7923,2.5966,2.3191,0.46,24.04,25.89,22.41,94.65,1.34,2.1,0.51,97.46
20091102,3.45,4.817,1.9687,2.6726,0.46,24.48,27.82,22.02,90.51,1.29,2.2,0.56,97.59
20091103,20.24,4.7714,1.4004,2.7439,0.45,24.68,27.84,21.94,89.6,1.16,1.8,0.5,97.5
20091104,17.98,3.7644,0.5285,2.497,0.36,24.05,26.05,22.93,94.61,1.35,2.35,0.54,97.51
20091105,0.0,5.5462,4.4818,2.035,0.53,25.14,28.19,22.88,88.95,1.23,2.41,0.53,97.28
20091106,0.01,3.8282,1.1174,2.2591,0.36,24.63,26.59,23.13,91.89,1.43,2.47,0.56,97.31
20091107,0.7,6.569,5.5356,2.2306,0.63,25.14,27.82,23.02,90.11,1.06,1.78,0.38,97.32
20091108,22.67,4.0632,0.9737,2.7067,0.39,25.38,28.49,22.73,89.96,1.21,2.18,0.47,97.32
20091109,5.5,4.7707,1.1357,3.0926,0.45,25.19,28.05,23.41,91.46,0.98,1.67,0.4,97.21
20091110,3.45,5.52,4.3375,2.2414,0.53,25.27,28.86,22.83,88.96,1.41,2.51,0.51,97.08
20091111,7.19,6.2249,6.0019,1.8454,0.59,24.41,26.65,22.5,93.0,1.07,1.56,0.43,97.32
20091112,1.49,5.2104,1.8166,2.8858,0.5,24.47,25.87,23.48,94.36,1.19,1.56,0.45,97.35
20091113,3.68,5.2025,2.4242,3.2047,0.5,24.96,27.03,23.44,91.69,1.04,1.82,0.47,97.29
20091114,1.49,5.3602,2.6069,2.8397,0.51,25.33,28.27,23.36,90.05,1.36,2.1,0.59,97.18
20091115,22.45,4.6877,0.7752,3.0905,0.45,24.87,27.06,23.33,92.8,1.59,2.54,0.63,97.18
20091116,13.15,5.0822,3.0701,2.2812,0.49,24.66,27.36,23.1,92.06,1.48,2.62,0.63,97.21
20091117,5.85,5.4996,3.1154,2.7065,0.53,24.35,27.47,22.15,90.01,1.4,2.4,0.62,97.23
20091118,5.22,5.417,2.5404,2.8022,0.52,24.58,27.69,22.1,90.5,1.32,2.22,0.55,97.26
20091119,19.58,4.3656,1.2396,2.5634,0.42,23.96,25.41,23.03,96.11,1.24,1.69,0.54,97.31
20091120,11.07,2.7835,0.1654,1.9896,0.27,23.56,25.46,22.26,93.4,1.08,1.66,0.41,97.38
20091121,0.59,5.9369,4.4047,2.3993,0.57,24.16,28.03,21.35,83.96,1.16,1.84,0.45,97.29
20091122,5.34,4.4921,2.9645,2.075,0.43,24.7,27.75,22.67,90.16,1.29,2.09,0.51,97.35
20091123,26.3,5.8675,5.2553,1.9538,0.56,25.04,28.35,22.83,89.37,1.3,2.3,0.54,97.32
20091124,24.81,5.3875,4.056,2.2742,0.52,24.54,26.24,23.58,94.19,1.4,1.97,0.61,97.33
20091125,24.84,6.0341,5.0429,2.2822,0.58,25.31,28.68,23.24,89.57,1.39,2.4,0.63,97.26
20091126,43.93,2.6333,0.0103,2.0249,0.25,24.12,26.32,22.32,92.25,1.0,1.58,0.41,97.44
20091127,1.9,5.2042,1.9582,3.1435,0.5,23.87,26.74,21.98,87.24,0.89,1.46,0.33,97.47
20091128,0.63,4.4734,0.5335,3.0638,0.43,23.35,25.71,21.62,90.46,1.01,1.66,0.48,97.45
20091129,0.81,4.2535,0.7217,2.777,0.41,23.19,24.8,21.94,94.53,1.01,1.34,0.42,97.45
20091130,1.23,4.0994,0.7061,2.753,0.39,24.49,28.57,21.76,86.08,1.02,1.73,0.36,97.42
20091201,4.48,5.7581,3.2256,3.1603,0.55,24.74,27.91,22.06,88.52,1.09,1.59,0.4,97.44
20091202,0.93,4.5797,0.8134,3.0058,0.44,25.04,28.51,22.41,86.4,1.1,1.72,0.43,97.4
20091203,5.19,4.4551,1.2655,2.5385,0.43,24.02,26.07,21.81,91.3,1.09,1.77,0.47,97.46
20091204,19.82,5.7307,3.5986,2.5884,0.55,24.42,27.65,22.16,87.76,1.41,2.33,0.61,97.46
20091205,14.11,4.7664,1.3049,2.8289,0.46,23.52,25.73,21.64,91.21,1.15,1.9,0.55,97.5
20091206,7.69,5.7979,4.511,2.1924,0.56,24.83,27.9,22.17,88.23,1.42,2.41,0.58,97.36
20091207,68.16,4.1743,1.0044,2.5337,0.4,24.51,27.06,23.11,94.56,1.56,2.76,0.67,97.35
20091208,21.72,5.9093,4.9109,2.1641,0.57,24.36,27.17,22.72,91.09,1.29,2.38,0.59,97.33
20091209,14.5,5.742,3.3718,2.7091,0.55,24.84,27.33,22.58,90.97,1.07,1.48,0.51,97.26
20091210,103.67,5.099,2.1197,2.9491,0.49,24.94,26.97,23.48,92.31,1.0,1.88,0.5,97.28
20091211,17.1,6.09,4.572,2.3724,0.59,25.58,28.8,23.7,90.08,1.22,2.4,0.52,97.3
20091212,13.71,5.3482,3.7538,2.3849,0.52,25.09,28.38,23.05,89.49,1.06,1.96,0.42,97.4
20091213,14.49,6.1975,5.3306,2.0395,0.6,24.86,28.57,21.9,87.56,1.16,1.83,0.45,97.39
20091214,35.68,5.6803,3.4574,2.851,0.55,24.38,26.6,22.74,91.82,1.12,2.07,0.49,97.43
20091215,10.24,6.1877,4.8271,2.508,0.6,24.21,27.52,21.66,88.2,1.16,1.75,0.44,97.52
20091216,3.2,5.9729,4.5662,2.2622,0.58,24.93,28.44,22.0,86.26,1.3,1.88,0.51,97.52
20091217,8.28,3.0773,0.2429,2.184,0.3,23.86,26.38,21.92,92.83,1.08,1.7,0.48,97.68
20091218,0.18,6.4092,5.5394,2.4458,0.62,24.39,28.03,21.21,83.7,1.13,1.9,0.48,97.68
20091219,0.29,6.851,6.7992,1.7069,0.66,24.31,27.36,21.53,87.06,1.13,1.68,0.47,97.62
20091220,1.82,5.2397,1.9622,3.1613,0.51,24.9,28.36,22.22,86.78,1.02,1.84,0.48,97.61
20091221,0.34,5.6741,4.2418,2.2651,0.55,24.99,28.46,22.3,86.82,1.27,2.0,0.47,97.52
20091222,9.92,5.1298,2.3362,2.8886,0.5,24.77,26.63,23.49,93.61,1.25,1.77,0.6,97.54
20091223,0.69,4.6939,0.8566,3.0012,0.45,24.04,26.02,22.59,93.46,1.38,2.16,0.62,97.53
20091224,4.15,5.9726,5.274,2.052,0.58,25.01,28.22,22.6,88.98,1.51,2.7,0.63,97.38
20091225,15.85,5.5817,2.9681,3.138,0.54,25.73,29.07,23.12,89.94,1.15,1.81,0.55,97.25
20091226,15.77,4.205,1.3534,2.5152,0.41,25.06,27.16,23.29,94.75,1.19,1.82,0.51,97.21
20091227,6.76,5.3546,1.7935,3.1181,0.52,24.78,26.11,23.69,95.33,1.17,1.64,0.49,97.29
20091228,41.65,4.219,1.1299,2.8027,0.41,24.25,26.53,22.67,92.4,1.26,2.23,0.48,97.32
20091229,10.3,6.4656,5.9561,1.973,0.62,24.66,28.26,22.06,88.4,1.27,2.26,0.47,97.25
20091230,7.01,5.4014,2.0014,3.1274,0.52,24.46,26.14,23.41,93.71,1.06,1.71,0.36,97.33
20091231,4.9,4.7959,2.7672,2.3069,0.46,24.8,27.18,23.03,93.99,1.26,2.14,0.49,97.22
20100101,5.58,5.1816,3.1728,2.322,0.5,25.45,28.19,23.69,90.27,1.11,2.14,0.51,97.19
20100102,10.96,5.4679,3.4258,2.681,0.53,24.75,25.98,23.51,92.55,1.22,2.08,0.53,97.31
20100103,1.9,5.4718,2.0618,3.3192,0.53,24.78,27.48,23.05,89.67,1.27,2.37,0.49,97.37
20100104,8.72,5.4946,3.4337,2.5745,0.53,24.79,27.61,22.69,89.76,1.17,2.4,0.56,97.31
20100105,11.61,6.1625,3.913,2.8692,0.59,24.47,27.97,22.16,89.18,1.07,1.88,0.45,97.32
20100106,14.63,5.699,3.1402,2.7487,0.55,24.96,28.32,22.08,88.37,1.2,2.07,0.48,97.29
20100107,6.08,4.3154,0.6737,3.0653,0.41,24.74,27.82,22.7,88.45,1.31,2.03,0.51,97.29
20100108,2.38,3.576,0.1649,2.5126,0.34,24.02,25.2,22.89,94.6,1.01,1.6,0.42,97.33
20100109,5.51,3.5155,0.233,2.5123,0.34,24.38,26.82,22.93,93.41,1.86,2.89,0.83,97.25
20100110,32.54,5.6465,2.9796,3.0206,0.54,24.04,26.88,22.24,92.38,1.35,2.28,0.62,97.23
20100111,5.26,5.1538,2.2241,3.0636,0.49,24.78,28.33,21.71,89.43,1.47,2.56,0.66,97.19
20100112,3.19,5.6431,2.4946,3.2779,0.54,25.13,27.71,23.36,88.7,1.02,2.24,0.48,97.2
20100113,7.64,5.3501,3.7562,2.2042,0.51,25.33,28.93,23.29,88.55,1.19,2.5,0.51,97.34
20100114,1.17,4.6426,1.1683,3.144,0.44,24.53,27.48,22.59,90.72,0.87,1.44,0.4,97.52
20100115,2.98,5.4706,1.83,3.72,0.52,24.44,27.96,22.08,87.7,1.31,2.34,0.53,97.4
20100116,0.58,4.9406,0.7018,3.2575,0.47,25.15,28.73,22.43,89.13,1.82,2.81,0.76,97.18
20100117,1.85,5.4646,3.054,2.8807,0.52,26.02,29.69,23.3,85.61,1.64,2.7,0.71,97.09
20100118,1.95,5.0933,1.415,3.1099,0.49,25.98,30.4,23.02,81.64,1.59,2.48,0.63,97.21
20100119,14.63,5.6635,2.7334,3.3288,0.54,25.13,28.32,22.94,90.26,0.87,2.15,0.44,97.44
20100120,5.66,5.077,1.601,3.2294,0.48,24.24,26.72,22.14,91.46,0.94,1.62,0.39,97.57
20100121,0.72,5.2922,1.6627,3.5844,0.5,23.79,26.47,21.79,85.58,1.01,1.81,0.43,97.69
20100122,0.0,6.9223,6.6084,1.9142,0.66,24.53,28.85,20.99,80.91,1.38,1.98,0.51,97.6
20100123,0.4,5.4557,3.234,2.616,0.52,24.62,28.5,21.54,82.7,1.26,1.74,0.5,97.59
20100124,1.06,4.5914,1.3543,3.0221,0.44,24.43,27.41,22.35,88.3,1.28,1.98,0.53,97.45
20100125,16.11,5.8963,4.5396,2.1754,0.56,24.9,28.26,22.65,88.08,1.36,2.48,0.53,97.38
20100126,1.61,6.5832,6.2962,1.6526,0.62,24.91,28.63,21.96,85.45,1.24,2.03,0.47,97.36
20100127,5.42,6.1037,5.148,2.1521,0.58,25.26,28.59,22.87,87.03,1.4,2.54,0.59,97.23
20100128,0.22,6.8995,7.32,1.6454,0.65,26.56,30.5,23.56,82.98,1.25,2.1,0.53,97.1
20100129,3.95,6.7361,6.7339,1.9267,0.64,26.17,29.45,22.6,83.22,1.33,1.95,0.49,97.18
20100130,14.38,6.0562,4.0517,2.5392,0.57,26.34,30.19,23.13,86.82,0.98,1.82,0.33,97.11
20100131,7.29,4.399,2.279,2.1194,0.42,25.9,29.13,23.5,89.81,1.28,2.28,0.52,97.28
20100201,12.46,5.6158,3.1579,2.7202,0.53,25.12,27.38,23.5,90.85,1.04,1.68,0.46,97.37
20100202,19.9,5.0515,2.2102,2.736,0.48,24.79,27.53,22.42,91.08,1.15,2.06,0.52,97.35
20100203,21.38,3.5587,1.2137,2.1607,0.34,24.47,26.68,22.81,92.7,0.78,1.53,0.34,97.51
20100204,4.88,5.526,2.7809,2.921,0.52,24.57,28.84,21.89,86.15,1.0,1.63,0.4,97.64
20100205,1.15,6.8227,6.8736,1.7503,0.64,25.11,28.6,22.13,83.68,1.21,1.86,0.43,97.61
20100206,55.89,6.6101,5.5315,2.4509,0.62,25.31,28.82,22.5,87.38,1.22,2.04,0.54,97.59
20100207,26.07,2.8903,0.0919,2.0993,0.27,24.62,27.43,22.66,92.46,1.38,2.83,0.59,97.71
20100208,1.88,6.4692,5.5932,2.2229,0.61,24.65,28.21,21.63,89.13,1.63,2.49,0.65,97.65
20100209,1.18,5.9028,4.7796,2.1274,0.56,24.91,27.99,22.59,91.2,1.27,1.75,0.57,97.67
20100210,0.66,4.6392,1.2749,2.6614,0.44,25.2,26.92,23.67,91.76,1.35,2.43,0.57,97.65
20100211,1.76,6.7085,6.3622,1.9414,0.63,24.97,26.86,23.61,92.89,1.52,2.53,0.58,97.62
20100212,19.65,6.2537,6.0014,1.9464,0.59,25.45,28.85,22.68,86.42,1.14,2.08,0.46,97.54
20100213,14.96,6.4051,5.7718,2.0974,0.6,25.65,29.64,23.1,88.15,1.42,2.62,0.6,97.45
20100214,0.0,6.7704,6.8172,1.7839,0.64,25.7,28.69,23.3,87.53,1.26,2.15,0.6,97.46
20100215,4.08,6.1975,5.2498,2.2085,0.58,25.64,28.37,23.57,90.79,1.41,2.34,0.56,97.48
20100216,3.77,5.9887,3.961,2.507,0.56,25.32,27.36,23.98,93.95,1.47,2.34,0.57,97.49
20100217,2.24,5.5099,2.137,3.1262,0.52,25.42,27.6,24.24,93.33,1.6,2.75,0.64,97.53
20100218,0.71,6.4255,5.0318,2.437,0.6,25.73,29.06,22.93,87.89,1.37,2.65,0.57,97.52
20100219,18.33,6.0082,4.1832,2.5637,0.56,25.4,29.03,22.44,83.71,1.27,2.04,0.48,97.49
20100220,29.53,4.8509,1.4875,2.8433,0.46,25.76,29.05,23.22,89.67,1.39,2.06,0.56,97.43
20100221,12.29,3.5371,0.113,2.629,0.33,25.53,27.1,24.35,92.4,1.01,1.75,0.49,97.47
20100222,2.28,3.9634,0.2765,2.7895,0.37,25.2,28.54,23.08,88.09,1.03,1.8,0.48,97.53
20100223,30.89,5.9477,3.7877,2.5704,0.56,25.38,27.79,23.9,89.44,1.07,2.04,0.49,97.46
20100224,19.62,6.0816,3.2868,2.8807,0.57,24.33,26.0,21.89,96.25,1.37,2.39,0.59,97.48
20100225,1.81,5.521,1.6555,3.3948,0.52,24.03,27.71,21.34,85.8,1.17,1.64,0.38,97.55
20100226,2.35,4.9289,0.9478,3.0715,0.46,24.3,28.0,21.81,82.11,1.05,1.7,0.31,97.51
20100227,1.19,5.2896,3.0182,2.5846,0.5,25.29,29.17,22.13,84.82,1.21,1.97,0.43,97.47
20100228,5.33,6.8551,5.9678,2.0935,0.64,25.15,28.54,21.96,87.06,1.35,1.8,0.51,97.53
20100301,24.58,6.342,5.1413,1.9543,0.6,25.95,29.54,23.49,88.39,0.89,1.82,0.4,97.57
20100302,5.41,6.3528,4.1916,2.9333,0.6,25.99,29.55,22.7,88.17,1.17,1.99,0.45,97.47
20100303,0.02,4.6042,0.8501,3.0372,0.43,25.69,28.61,23.67,88.86,0.76,1.29,0.37,97.54
20100304,28.64,4.8972,2.1518,2.7216,0.46,25.04,28.1,22.48,87.06,1.31,2.05,0.56,97.54
20100305,26.52,6.3458,5.412,2.0292,0.6,24.75,27.91,22.17,89.72,1.41,2.45,0.58,97.63
20100306,4.53,6.0324,3.2911,3.0295,0.57,24.74,28.5,21.9,88.76,1.14,1.83,0.48,97.67
20100307,70.59,3.8916,0.7778,2.6796,0.37,25.39,28.87,22.97,88.71,1.24,2.27,0.55,97.65
20100308,30.97,5.9429,3.8645,2.5282,0.56,24.57,28.1,20.91,88.58,1.34,2.58,0.52,97.64
20100309,57.04,4.727,2.1634,2.4811,0.45,24.5,26.89,23.1,91.1,1.07,1.77,0.54,97.69
20100310,10.04,4.8206,1.7724,2.683,0.46,24.32,27.3,22.2,91.59,1.38,2.23,0.63,97.71
20100311,19.56,4.5254,1.3774,2.5483,0.43,24.4,27.23,22.76,93.19,1.62,2.59,0.69,97.75
20100312,5.81,6.7764,5.0856,2.4574,0.64,24.27,27.78,21.18,86.65,1.27,1.69,0.52,97.82
20100313,0.5,6.091,4.7522,2.31,0.58,24.73,28.64,21.95,84.79,0.74,1.45,0.31,97.65
20100314,0.09,5.2118,2.0741,2.8087,0.49,24.95,28.84,21.62,86.08,1.21,1.86,0.49,97.43
20100315,0.01,5.0484,2.3971,2.6131,0.48,25.08,27.92,22.71,89.58,1.13,2.19,0.53,97.43
20100316,3.69,5.5517,3.3293,2.6422,0.53,25.12,28.85,22.41,88.8,1.21,2.15,0.53,97.43
20100317,10.49,6.2227,4.6968,2.4358,0.59,24.9,28.49,22.7,91.74,1.28,1.83,0.54,97.48
20100318,9.68,4.0927,0.3456,2.873,0.39,24.95,27.95,23.13,92.77,1.73,2.84,0.74,97.49
20100319,12.65,2.0028,0.1519,1.4496,0.19,24.14,26.57,22.78,94.11,1.27,1.85,0.6,97.45
20100320,6.92,5.0201,1.5842,2.9256,0.48,24.7,27.95,22.64,91.62,1.47,2.59,0.69,97.35
20100321,5.67,5.7338,3.546,2.4552,0.55,25.07,27.92,23.53,91.82,1.33,2.41,0.64,97.31
20100322,6.29,5.0594,1.3291,3.2474,0.49,25.09,28.02,22.89,90.1,0.95,1.64,0.42,97.25
20100323,1.88,5.0578,1.961,2.8462,0.49,25.09,28.61,22.23,87.85,1.23,2.29,0.54,97.24
20100324,9.7,4.4606,0.924,2.7528,0.43,24.1,26.73,22.39,92.06,1.1,2.06,0.44,97.22
20100325,49.48,4.4714,1.152,2.8409,0.43,24.91,26.76,23.25,93.21,1.07,1.89,0.51,97.19
20100326,32.59,4.3702,1.3385,2.6616,0.42,26.26,29.17,23.82,87.7,0.84,1.52,0.41,97.16
20100327,6.86,5.0208,1.5787,2.8874,0.49,26.71,29.8,24.43,86.6,0.94,1.84,0.36,97.17
20100328,39.25,4.753,2.0988,2.8358,0.46,25.27,26.27,24.13,89.92,1.05,1.93,0.45,97.25
20100329,28.18,5.3489,1.9934,2.879,0.52,24.97,27.35,23.7,93.33,0.91,1.41,0.39,97.39
20100330,9.04,4.6963,0.565,3.407,0.46,25.95,28.83,23.93,89.49,1.08,2.5,0.51,97.35
20100331,3.8,5.9906,4.5216,2.3753,0.58,25.96,28.28,24.42,91.88,1.07,1.61,0.49,97.24
20100401,7.28,4.8607,2.9362,2.1835,0.47,25.45,27.46,24.0,90.56,0.98,1.93,0.45,97.34
20100402,17.81,5.447,3.6703,2.3208,0.53,24.71,27.12,23.03,93.09,1.14,1.81,0.59,97.42
20100403,4.57,5.9714,4.0915,2.4257,0.59,25.77,28.85,23.64,89.68,0.88,1.78,0.42,97.41
20100404,4.17,5.903,4.2199,2.455,0.58,25.13,27.08,23.68,91.92,0.84,1.45,0.45,97.42
20100405,1.0,5.257,1.5403,3.0362,0.52,25.21,28.94,22.73,87.71,0.94,1.5,0.3,97.42
20100406,59.73,4.2192,1.9171,2.2517,0.42,25.37,28.09,23.0,89.77,1.31,2.06,0.56,97.45
20100407,15.36,5.1403,1.6318,2.8735,0.51,24.83,27.0,23.35,89.51,1.11,1.83,0.49,97.6
20100408,29.65,6.252,5.6431,1.812,0.62,24.99,28.33,22.03,88.92,1.28,2.03,0.55,97.59
20100409,33.96,3.9588,0.9533,2.604,0.39,24.05,26.51,22.15,91.32,1.1,1.57,0.46,97.44
20100410,4.79,5.837,4.8463,2.0628,0.58,24.56,27.57,22.48,92.09,1.23,2.19,0.51,97.38
20100411,7.97,5.567,2.3155,3.4066,0.56,24.67,26.68,23.32,92.2,1.05,1.69,0.46,97.45
20100412,7.5,5.0731,2.125,2.755,0.51,25.06,27.97,22.71,91.78,1.37,1.77,0.58,97.45
20100413,7.61,3.2904,0.4042,2.3609,0.33,24.49,25.63,23.51,94.97,1.2,1.78,0.57,97.58
20100414,7.96,5.8466,3.8263,2.3114,0.59,24.86,28.01,22.02,89.2,1.14,1.83,0.48,97.52
20100415,11.8,3.5854,0.2777,2.628,0.36,24.77,27.14,22.97,92.78,1.5,2.44,0.57,97.49
20100416,3.61,5.771,3.6578,2.5906,0.58,25.08,28.12,22.79,89.37,1.34,2.3,0.58,97.5
20100417,42.1,3.3857,0.9211,2.214,0.34,25.42,27.88,23.43,91.79,1.26,2.21,0.58,97.47
20100418,27.5,3.4015,0.179,2.5236,0.34,25.1,26.68,24.35,96.73,1.5,2.69,0.67,97.41
20100419,12.27,4.8559,1.8806,2.7672,0.49,25.33,28.01,23.4,92.47,1.17,2.09,0.54,97.3
20100420,25.91,4.3378,1.1026,2.729,0.44,25.21,28.24,23.52,90.63,1.43,2.5,0.58,97.29
20100421,5.88,5.2637,4.0754,1.9505,0.54,25.75,28.99,23.96,87.68,1.4,2.78,0.59,97.38
20100422,0.95,5.2795,1.8569,3.0622,0.54,25.58,28.43,23.51,90.54,1.55,2.65,0.73,97.57
20100423,12.2,5.6858,5.4245,1.7215,0.58,25.79,28.76,23.81,90.86,1.38,2.27,0.63,97.49
20100424,20.92,2.7401,0.2719,2.0875,0.28,24.91,26.48,23.68,94.77,1.82,3.44,0.75,97.49
20100425,33.52,5.7367,5.0786,1.8876,0.59,25.09,27.44,23.07,91.25,1.1,1.92,0.42,97.51
20100426,24.32,3.8729,0.5398,2.6489,0.4,24.77,26.75,23.56,93.6,1.24,1.94,0.49,97.66
20100427,4.58,5.2294,4.4846,2.0302,0.54,24.39,26.25,23.2,93.4,0.99,1.45,0.47,97.74
20100428,13.34,5.8541,5.5063,1.867,0.61,24.76,26.53,23.3,94.95,1.16,1.88,0.53,97.64
20100429,18.93,4.3716,1.0068,2.8932,0.46,24.02,26.06,22.08,94.47,0.85,1.51,0.33,97.67
20100430,17.31,2.519,0.1073,1.9205,0.26,24.34,26.28,22.7,97.63,1.55,2.52,0.66,97.65
20100501,4.12,5.9657,5.2226,2.0155,0.63,24.06,26.08,22.23,92.85,0.98,1.6,0.38,97.69
20100502,0.98,5.4641,3.8683,2.4026,0.57,24.69,27.33,22.74,91.95,0.95,1.4,0.43,97.56
20100503,4.71,5.5039,4.8391,1.9022,0.58,25.07,27.68,22.78,92.58,1.56,2.37,0.61,97.39
20100504,8.22,5.0842,2.6815,2.6741,0.54,25.22,28.07,23.32,91.46,1.2,2.01,0.5,97.33
20100505,5.42,3.1858,0.1898,2.3508,0.34,25.18,26.7,24.13,94.49,0.94,1.54,0.48,97.33
20100506,2.33,4.8614,2.5524,2.9897,0.52,24.96,26.71,23.52,92.88,1.05,1.63,0.44,97.31
20100507,7.43,4.6387,2.2925,2.5519,0.49,24.66,26.17,23.44,95.89,1.33,1.99,0.59,97.26
20100508,24.21,4.3402,1.7794,2.5188,0.46,24.54,25.79,24.07,96.31,1.34,1.88,0.55,97.15
20100509,18.71,3.2966,0.2609,2.4226,0.35,24.71,25.62,24.09,97.05,1.1,1.84,0.42,97.1
20100510,17.75,4.8074,2.8894,2.6942,0.52,25.12,26.14,24.26,97.44,1.3,2.11,0.55,97.14
20100511,18.19,3.0979,0.5083,2.0366,0.33,24.91,26.1,24.28,97.51,1.48,2.51,0.69,97.28
20100512,23.08,3.511,0.5422,2.4178,0.38,24.83,26.03,23.87,97.27,1.69,2.8,0.64,97.34
20100513,4.53,5.5961,5.3234,1.8046,0.61,25.31,27.26,24.33,95.63,1.38,1.86,0.54,97.25
20100514,2.52,3.4951,0.3125,2.6537,0.38,25.38,26.74,24.6,95.86,1.48,1.96,0.53,97.21
20100515,2.49,3.0113,0.4066,2.0506,0.33,25.36,27.14,24.24,91.67,0.96,1.9,0.37,97.13
20100516,17.54,5.6126,5.5327,1.68,0.61,25.74,28.09,24.29,92.37,1.14,2.13,0.47,97.2
20100517,11.18,3.8712,0.3684,2.9604,0.42,25.14,26.42,24.29,97.22,0.93,1.55,0.36,97.35
20100518,35.22,3.6986,1.2156,2.2675,0.4,25.03,27.67,23.49,93.18,0.98,1.44,0.43,97.41
20100519,28.49,2.1101,0.0509,1.5967,0.23,24.4,26.14,22.9,93.24,0.8,1.43,0.32,97.41
20100520,2.88,5.0273,3.0761,2.7269,0.55,25.32,27.75,23.25,91.53,1.21,2.05,0.44,97.5
20100521,3.59,3.329,0.3526,2.4787,0.37,25.24,28.04,23.91,92.96,1.07,1.48,0.47,97.49
20100522,11.8,5.3225,3.8011,2.2966,0.59,24.81,27.07,23.5,93.94,0.84,1.26,0.36,97.43
20100523,7.9,2.6832,0.2333,2.0477,0.3,25.14,28.0,23.63,93.27,1.32,2.93,0.56,97.44
20100524,1.28,4.1285,0.9722,2.754,0.46,24.73,26.22,23.15,95.94,1.46,2.69,0.55,97.47
20100525,2.44,4.5778,3.7346,2.0227,0.51,24.17,26.1,22.73,90.33,0.76,1.05,0.27,97.53
20100526,1.56,4.8182,2.7938,2.5747,0.54,25.11,27.89,23.03,90.96,1.02,1.44,0.43,97.49
20100527,18.93,5.3078,4.9728,1.811,0.59,24.82,26.7,23.41,93.8,0.84,1.3,0.39,97.57
20100528,15.59,3.7037,0.8458,2.3717,0.41,23.78,25.17,22.04,96.63,1.26,2.16,0.52,97.65
20100529,5.2,5.5951,5.4914,1.7268,0.63,23.94,27.26,21.22,93.14,1.15,1.8,0.45,97.64
20100530,10.49,5.0974,4.8886,1.8252,0.57,25.14,28.02,22.74,90.64,1.18,1.87,0.44,97.55
20100531,6.23,2.5394,0.4042,1.8893,0.29,24.85,27.35,23.6,92.91,1.33,2.31,0.56,97.53
20100601,1.39,4.8936,4.3382,1.9615,0.55,24.42,26.14,23.39,93.77,1.18,2.37,0.48,97.54
20100602,14.09,2.719,0.3533,1.8672,0.31,25.11,27.44,23.37,90.91,1.21,2.22,0.49,97.59
20100603,21.16,3.5393,1.043,2.0938,0.4,24.97,26.44,23.77,96.31,1.41,2.42,0.58,97.67
20100604,5.25,5.2752,4.9507,1.7558,0.6,24.73,26.59,23.36,94.34,0.83,1.19,0.35,97.47
20100605,41.08,2.7353,0.4786,1.843,0.31,24.69,25.98,23.8,95.78,1.2,1.87,0.47,97.39
20100606,15.48,2.9498,0.1466,2.2661,0.33,24.4,25.65,23.66,97.26,1.37,1.8,0.45,97.48
20100607,12.81,4.9721,4.3553,1.8797,0.56,24.74,27.24,23.58,94.04,1.56,2.56,0.58,97.56
20100608,15.12,3.7978,1.6171,2.1838,0.43,24.77,26.85,23.58,95.25,1.31,1.93,0.53,97.47
20100609,30.92,3.2688,0.7608,2.1713,0.37,25.2,27.65,23.97,94.45,1.47,2.38,0.61,97.41
20100610,20.12,3.2582,1.523,1.9488,0.37,24.58,25.55,23.95,97.22,1.48,2.05,0.57,97.51
20100611,2.51,3.643,0.6348,2.4835,0.42,24.19,26.18,22.7,95.06,1.04,1.7,0.56,97.64
20100612,27.68,3.0089,0.2575,2.311,0.34,24.86,27.19,22.89,92.85,1.18,1.94,0.5,97.55
20100613,34.19,3.0312,0.247,2.1979,0.35,24.52,25.48,23.9,97.21,1.38,1.83,0.57,97.54
20100614,14.93,5.4658,5.4252,1.7621,0.62,25.0,27.28,23.79,94.85,1.31,1.83,0.53,97.54
20100615,23.58,2.5438,0.2206,1.8372,0.29,24.95,26.53,24.01,95.66,1.3,1.73,0.55,97.43
20100616,12.49,1.8583,0.3014,1.3332,0.21,24.73,27.05,23.76,94.8,1.5,2.31,0.64,97.45
20100617,27.93,4.0982,2.0966,2.3225,0.47,24.95,27.36,23.63,93.61,1.69,2.32,0.68,97.46
20100618,39.96,4.0013,1.8655,2.1948,0.46,24.65,26.87,23.24,94.01,1.42,2.1,0.63,97.49
20100619,15.93,3.2808,1.9805,1.7462,0.38,23.59,25.94,22.43,93.45,1.47,2.54,0.59,97.63
20100620,23.08,4.0584,2.7209,2.1761,0.47,23.74,26.05,22.52,94.59,1.35,2.43,0.56,97.61
20100621,27.68,3.4025,1.6188,2.1552,0.39,24.0,26.29,22.67,94.87,1.3,2.45,0.51,97.61
20100622,33.47,2.6366,0.3727,1.8055,0.3,24.57,26.92,23.03,93.96,1.04,2.28,0.46,97.56
20100623,11.48,4.3649,1.8634,2.3902,0.5,25.16,27.63,23.87,90.98,1.41,2.14,0.6,97.49
20100624,2.22,3.6437,1.6776,2.1619,0.42,24.36,26.05,23.39,94.77,1.29,2.0,0.49,97.39
20100625,4.07,2.1598,0.2659,1.542,0.25,24.16,25.77,23.13,95.43,1.4,1.91,0.64,97.38
20100626,3.15,4.314,2.9035,2.149,0.49,23.93,25.69,22.36,96.37,1.18,2.24,0.55,97.39
20100627,1.97,3.2282,0.6478,2.1446,0.37,24.34,25.64,23.42,95.82,1.04,1.92,0.42,97.36
20100628,5.69,5.4703,6.1258,1.543,0.63,24.15,26.06,22.8,93.39,1.24,1.74,0.46,97.38
20100629,4.77,4.1232,1.5804,2.581,0.47,23.75,25.37,22.37,95.57,1.15,1.53,0.5,97.49
20100630,3.7,5.3962,5.5181,1.7611,0.62,24.53,26.97,22.93,92.24,1.48,2.47,0.59,97.47
20100701,3.98,4.3826,3.4841,1.9663,0.5,24.35,25.82,23.5,95.13,1.58,2.61,0.59,97.4
20100702,7.85,4.8264,4.41,1.6618,0.55,24.25,26.19,23.33,95.69,1.46,2.11,0.54,97.54
20100703,5.52,4.0757,5.1199,1.2686,0.47,25.28,28.4,23.18,91.76,1.5,2.44,0.66,97.43
20100704,16.33,3.1654,0.9458,2.0753,0.36,25.13,27.44,23.62,90.74,1.23,2.19,0.58,97.42
20100705,2.16,5.0558,4.6706,2.1473,0.58,24.91,28.45,22.33,90.22,1.07,2.06,0.39,97.34
20100706,12.9,3.1802,0.7337,2.1319,0.36,24.05,25.86,22.58,94.47,1.41,2.29,0.57,97.45
20100707,5.88,3.5952,0.4829,2.5536,0.41,23.94,26.83,21.96,91.45,1.19,2.37,0.49,97.52
20100708,5.69,5.2483,5.2966,1.4993,0.6,24.11,26.22,22.85,93.05,0.9,1.86,0.37,97.54
20100709,3.43,3.1663,0.2388,2.4379,0.36,23.76,26.35,22.19,92.82,1.09,2.06,0.47,97.57
20100710,1.56,4.3051,2.3645,2.1953,0.49,23.48,26.13,21.79,92.31,1.01,1.71,0.43,97.69
20100711,18.33,4.8343,4.0205,1.8317,0.55,23.73,25.08,22.58,96.96,1.4,2.31,0.57,97.56
20100712,26.0,2.2272,0.2532,1.6176,0.25,23.86,25.79,22.65,94.53,1.11,2.23,0.48,97.52
20100713,8.69,5.1545,5.4698,1.3781,0.58,23.38,26.07,22.08,94.98,1.28,1.98,0.51,97.54
20100714,38.21,3.0888,0.9007,1.9349,0.35,23.44,25.15,22.33,96.16,1.47,2.53,0.54,97.46
20100715,49.47,4.224,3.2038,1.7088,0.48,24.15,26.85,22.79,93.41,1.37,2.22,0.58,97.33
20100716,22.61,4.3879,3.7255,1.764,0.49,23.98,26.75,22.37,91.95,1.46,2.46,0.65,97.39
20100717,2.57,3.9883,3.6274,1.5912,0.45,24.77,28.18,22.46,89.81,1.3,2.29,0.58,97.42
20100718,2.28,3.3019,0.4457,2.4144,0.37,24.37,27.04,22.79,92.17,1.28,2.0,0.58,97.42
20100719,62.64,3.3706,1.5336,2.1382,0.38,23.96,26.66,22.61,93.54,1.51,2.44,0.63,97.43
20100720,65.59,1.9702,0.2904,1.3558,0.22,24.03,26.46,22.79,94.61,1.6,2.61,0.63,97.4
20100721,6.14,3.9394,1.392,2.3071,0.44,24.0,25.49,23.06,96.2,1.35,2.74,0.6,97.33
20100722,37.8,5.1545,4.3238,2.0806,0.57,23.91,25.33,22.82,96.74,1.29,2.13,0.47,97.41
20100723,64.57,4.6594,3.942,1.6166,0.52,24.22,26.71,23.07,95.57,1.61,2.53,0.64,97.4
20100724,24.21,4.523,2.0441,2.3789,0.5,23.83,25.68,22.84,95.23,1.02,1.57,0.4,97.36
20100725,5.91,5.0676,4.0123,2.1725,0.56,24.69,27.95,22.55,91.07,1.1,2.1,0.44,97.4
20100726,39.49,3.6413,1.9642,2.106,0.4,25.03,27.96,22.87,90.05,1.11,2.31,0.46,97.42
20100727,40.47,2.1202,0.4944,1.4878,0.23,24.0,25.47,23.04,95.88,0.98,1.81,0.38,97.47
20100728,9.35,2.1874,0.1109,1.6589,0.24,23.58,25.07,22.34,96.79,1.16,1.77,0.47,97.5
20100729,14.07,5.0506,3.4622,2.3105,0.55,24.34,26.83,22.42,93.89,1.27,2.07,0.48,97.49
20100730,11.05,5.3266,4.6534,1.9654,0.58,24.53,27.51,22.51,91.34,1.24,1.96,0.44,97.51
20100731,9.85,5.473,4.3668,2.0918,0.6,24.05,26.59,22.26,93.05,1.3,2.04,0.52,97.6
20100801,27.66,3.9742,1.4124,2.4626,0.43,23.75,25.5,22.56,96.46,0.98,1.38,0.44,97.58
20100802,5.46,4.8862,3.3278,2.2594,0.53,23.41,24.74,22.29,96.3,1.43,2.38,0.55,97.5
20100803,4.12,3.7351,1.5739,2.0736,0.4,23.32,24.35,22.51,95.77,1.46,2.04,0.5,97.33
20100804,15.95,3.87,0.7505,2.6405,0.42,23.46,25.74,22.11,94.27,1.4,2.19,0.57,97.35
20100805,59.37,2.8123,0.7174,1.8019,0.3,24.35,27.33,22.66,92.83,1.29,2.72,0.53,97.37
20100806,49.68,2.819,0.3106,1.9406,0.3,23.91,25.83,22.81,95.68,1.48,2.3,0.62,97.44
20100807,20.32,3.7769,1.9234,1.9298,0.41,24.26,26.94,22.76,94.42,1.3,2.43,0.54,97.4
20100808,27.93,4.0342,1.6414,2.3158,0.43,23.93,25.16,23.0,96.75,1.21,1.55,0.47,97.29
20100809,12.31,3.1078,0.6912,2.0863,0.33,23.32,24.8,22.14,96.08,1.19,1.62,0.44,97.45
20100810,13.46,4.3752,1.8197,2.4211,0.47,23.26,24.66,21.88,94.82,1.09,2.28,0.5,97.69
20100811,4.13,4.493,3.4205,2.022,0.48,23.47,26.68,21.05,90.78,1.23,2.4,0.51,97.73
20100812,20.72,4.129,1.0574,2.8193,0.44,23.69,25.84,21.99,94.93,1.85,3.13,0.74,97.62
20100813,27.67,1.7273,0.1512,1.2384,0.18,23.35,24.61,22.65,96.84,1.59,2.72,0.63,97.61
20100814,6.72,5.7984,4.9236,1.9798,0.61,24.25,26.83,22.46,91.73,1.35,2.28,0.56,97.54
20100815,19.59,4.8586,4.0454,1.9044,0.51,24.67,27.97,22.96,93.57,1.52,2.62,0.62,97.51
20100816,18.71,5.0942,4.1136,1.854,0.54,24.12,26.01,23.21,94.55,1.09,1.91,0.53,97.44
20100817,40.38,4.2281,1.1537,2.6628,0.44,23.87,25.69,22.54,95.76,0.98,1.59,0.38,97.32
20100818,3.08,4.9862,4.3464,1.8955,0.52,24.48,26.95,22.69,94.04,1.19,2.29,0.45,97.39
20100819,24.36,3.6384,0.4445,2.4871,0.38,24.81,27.34,23.31,93.73,1.4,2.32,0.48,97.42
20100820,6.3,4.1971,1.2091,2.7547,0.44,24.47,25.83,23.71,95.99,1.26,1.87,0.4,97.4
20100821,1.32,4.7755,2.2663,2.6064,0.5,25.0,28.11,22.61,90.53,1.18,2.35,0.46,97.33
20100822,16.46,4.3726,1.1534,2.8349,0.45,24.82,27.34,23.1,93.32,1.44,2.05,0.59,97.34
20100823,41.08,3.4008,0.8078,2.1038,0.35,24.25,26.04,23.14,96.1,1.46,1.91,0.58,97.41
20100824,20.98,3.8426,0.8491,2.4768,0.4,24.39,26.62,23.43,94.48,1.21,2.66,0.44,97.38
20100825,6.36,5.4511,3.9946,2.3849,0.56,24.8,27.94,22.8,92.17,1.61,2.69,0.59,97.45
20100826,1.82,4.787,2.9782,2.2723,0.49,23.66,27.28,21.08,88.52,1.48,2.39,0.61,97.63
20100827,19.94,4.4496,1.8118,2.3292,0.46,23.84,26.72,21.75,91.3,1.5,2.87,0.63,97.62
20100828,10.22,5.0606,2.8229,2.4334,0.52,23.64,25.79,22.05,93.18,1.49,2.39,0.61,97.65
20100829,13.15,5.0062,2.7626,2.3119,0.51,23.52,24.47,22.69,97.3,1.37,1.88,0.5,97.63
20100830,4.84,3.1807,0.161,2.401,0.32,23.04,24.22,21.88,96.18,1.61,2.35,0.62,97.59
20100831,9.63,6.3156,6.4202,1.5679,0.64,23.47,26.46,21.61,91.45,0.99,1.19,0.43,97.5
20100901,9.23,4.686,2.0683,2.6318,0.47,24.02,26.13,22.24,89.96,1.0,1.54,0.43,97.55
20100902,8.71,6.2455,6.0948,1.518,0.63,24.74,27.89,22.45,91.49,1.14,2.11,0.45,97.53
20100903,3.1,5.9484,4.2562,2.6748,0.6,24.87,28.26,22.36,88.53,1.33,2.26,0.54,97.47
20100904,9.59,4.5895,1.182,3.0062,0.46,24.66,27.59,22.67,91.5,1.2,1.87,0.45,97.53
20100905,21.57,4.9495,1.8084,2.951,0.5,24.5,25.68,23.65,97.05,1.21,1.92,0.49,97.55
20100906,9.04,4.4683,1.098,2.7461,0.45,25.05,28.33,22.52,90.61,1.38,2.6,0.5,97.44
20100907,5.74,3.3055,0.2834,2.3873,0.33,24.26,25.94,23.17,94.08,1.37,1.94,0.5,97.44
20100908,7.0,2.9021,0.1886,2.1602,0.29,23.66,25.42,22.53,93.36,0.98,1.48,0.35,97.58
20100909,2.1,3.3007,0.3346,2.2061,0.33,23.08,24.65,21.88,95.47,1.22,1.73,0.48,97.57
20100910,0.64,6.1699,5.7355,1.879,0.61,23.56,26.79,20.94,91.23,1.38,2.53,0.55,97.49
20100911,27.58,5.5128,4.4942,2.101,0.55,23.37,24.74,22.26,95.68,1.14,1.71,0.44,97.47
20100912,4.43,6.1922,4.9901,2.159,0.61,23.82,25.9,22.54,94.7,1.53,2.43,0.59,97.5
20100913,28.58,4.6766,1.511,2.9935,0.46,22.83,24.88,21.07,90.07,0.8,1.3,0.31,97.52
20100914,11.82,5.2716,2.3554,2.789,0.52,23.74,26.45,22.45,90.39,1.12,2.66,0.48,97.48
20100915,4.27,5.5718,3.1661,2.897,0.55,24.35,27.15,21.93,91.17,1.41,2.42,0.56,97.48
20100916,2.3,5.8795,4.0399,2.5524,0.58,23.66,25.17,22.21,94.55,1.33,1.89,0.56,97.5
20100917,1.61,4.3788,0.6516,3.0967,0.43,24.13,27.51,22.15,91.12,1.4,2.09,0.62,97.53
20100918,1.08,6.0326,4.9771,2.0597,0.59,23.37,25.38,21.62,90.52,0.66,1.24,0.36,97.51
20100919,3.38,4.5461,1.0476,2.8663,0.44,23.41,25.97,21.69,92.56,1.28,2.21,0.49,97.5
20100920,0.57,5.8925,4.0414,2.8574,0.58,23.94,28.16,20.63,86.1,1.35,2.32,0.47,97.53
20100921,65.0,6.4058,6.3703,1.7126,0.62,23.77,25.43,22.61,93.1,1.13,1.81,0.43,97.5
20100922,32.72,4.4633,2.2092,2.8042,0.43,24.7,28.1,22.52,93.72,1.42,2.43,0.56,97.36
20100923,2.01,5.7271,3.9046,2.3426,0.56,24.79,26.57,23.82,94.63,1.31,1.99,0.55,97.32
20100924,19.51,4.8074,2.9285,2.099,0.47,24.3,26.3,22.65,93.91,1.38,2.4,0.58,97.48
20100925,11.74,5.5829,4.0087,2.2898,0.54,25.26,28.3,22.74,87.97,1.15,2.22,0.47,97.49
20100926,4.49,2.125,0.1154,1.6116,0.21,24.21,25.71,22.86,93.56,1.17,2.19,0.46,97.52
20100927,2.0,6.2513,4.703,2.2954,0.6,24.3,27.41,21.77,87.75,0.93,1.74,0.36,97.46
20100928,3.49,5.0786,2.154,2.7823,0.49,24.23,26.65,22.52,90.54,1.0,1.97,0.41,97.37
20100929,3.55,6.0554,4.2082,2.4458,0.58,24.84,27.69,22.91,91.38,1.36,2.39,0.53,97.31
20100930,37.39,5.52,4.5713,1.9481,0.53,24.32,26.12,23.1,94.97,1.23,1.98,0.49,97.3
20101001,23.19,4.6517,1.5218,2.8094,0.45,24.52,26.97,22.98,93.95,1.48,2.36,0.55,97.27
20101002,4.08,4.9639,2.0671,2.771,0.48,24.35,26.04,22.76,95.31,1.08,1.65,0.49,97.25
20101003,15.73,5.004,1.26,3.3746,0.48,25.18,26.92,23.98,93.63,1.02,1.57,0.43,97.24
20101004,13.18,4.0956,0.3204,2.9928,0.39,24.91,26.52,23.81,95.0,1.18,1.42,0.4,97.33
20101005,0.63,2.1883,0.234,1.6394,0.21,25.06,27.21,23.39,91.39,0.91,1.61,0.4,97.31
20101006,7.73,5.9674,4.9531,2.0866,0.57,24.71,26.65,23.2,92.7,1.2,1.73,0.53,97.31
20101007,8.11,2.9635,0.2234,2.0726,0.28,24.47,26.69,22.81,90.13,1.05,1.73,0.39,97.35
20101008,3.7,5.8766,4.0205,2.4535,0.56,23.64,25.98,21.7,90.5,0.88,1.42,0.34,97.34
20101009,29.33,5.8526,5.0335,2.1211,0.56,24.3,27.29,22.15,90.67,1.29,2.2,0.51,97.27
20101010,25.97,3.073,0.173,2.2385,0.29,24.35,26.13,22.96,94.08,1.22,1.71,0.5,97.41
20101011,11.03,3.9624,0.2765,2.9448,0.38,24.17,26.4,22.88,93.67,1.55,2.89,0.61,97.6
20101012,3.49,6.3528,5.82,1.7424,0.61,24.03,26.08,21.68,88.81,0.62,0.97,0.28,97.62
20101013,1.32,4.2751,0.9334,2.7854,0.41,24.38,27.98,22.04,88.35,1.21,2.23,0.51,97.49
20101014,1.02,6.6214,6.4279,1.7534,0.63,24.69,28.74,21.51,86.76,1.37,2.17,0.54,97.38
20101015,0.67,6.2117,4.3171,2.5745,0.59,24.9,29.02,22.26,88.05,1.04,1.94,0.47,97.42
20101016,6.66,5.3986,3.3516,2.4238,0.51,24.8,28.26,22.11,86.73,1.29,2.41,0.5,97.48
20101017,8.03,5.7103,2.6222,3.0266,0.54,23.39,26.92,19.76,84.04,1.31,1.78,0.45,97.48
20101018,7.19,5.2954,2.1564,3.012,0.5,23.32,25.27,20.88,89.5,0.98,1.7,0.43,97.49
20101019,14.7,6.457,5.6254,1.9973,0.61,24.44,26.49,22.49,91.01,1.07,1.53,0.46,97.49
20101020,29.67,4.242,0.3103,3.0281,0.4,23.68,25.06,22.33,95.68,1.51,2.54,0.56,97.51
20101021,8.71,6.1049,5.2966,1.9265,0.58,23.94,26.73,22.05,92.17,1.29,2.33,0.56,97.45
20101022,2.84,6.4142,5.3078,2.1413,0.61,24.25,26.47,22.73,91.48,1.01,1.78,0.42,97.42
20101023,7.03,5.5198,2.1067,3.0079,0.52,25.54,29.14,22.74,87.69,1.2,2.08,0.56,97.37
20101024,14.17,4.7242,1.241,3.0281,0.45,24.41,25.41,23.07,96.84,1.73,2.53,0.71,97.45
20101025,1.92,4.5401,1.7669,2.5241,0.43,24.53,27.15,22.18,89.16,1.15,2.06,0.4,97.46
20101026,0.33,6.6379,5.9993,1.9687,0.63,24.64,26.91,23.12,91.12,1.01,1.78,0.44,97.36
20101027,8.62,2.7055,0.5069,1.8698,0.26,24.43,26.25,22.88,93.21,1.03,2.06,0.43,97.37
20101028,31.31,5.3957,3.5278,2.3309,0.51,24.59,26.68,23.08,92.8,1.24,2.24,0.55,97.31
20101029,13.7,6.1848,4.7304,2.598,0.59,24.66,27.83,22.71,89.43,1.1,1.66,0.51,97.4
20101030,1.55,6.391,6.1526,1.8055,0.61,24.95,28.26,22.79,87.43,1.34,2.49,0.6,97.32
20101031,23.48,5.0851,2.3885,2.6998,0.48,24.48,26.94,22.58,93.38,1.78,2.85,0.69,97.27
20101101,16.77,5.4336,3.8345,2.166,0.52,23.97,25.61,22.46,93.67,1.09,1.92,0.42,97.27
20101102,26.78,5.5788,4.7477,1.8367,0.53,24.29,26.95,22.75,93.85,1.36,2.26,0.55,97.28
20101103,7.39,3.3953,0.1262,2.4938,0.32,24.28,26.49,23.08,93.0,1.46,2.29,0.58,97.43
20101104,4.35,5.2488,1.692,3.1738,0.5,24.5,27.62,22.53,91.85,1.28,2.26,0.49,97.41
20101105,10.25,4.6874,1.3351,2.7782,0.45,24.0,26.05,22.51,92.83,1.28,1.86,0.52,97.37
20101106,10.79,3.5698,0.767,2.2423,0.34,23.8,25.63,22.61,94.72,1.31,1.98,0.5,97.42
20101107,1.54,5.5099,3.1524,2.575,0.52,23.65,26.53,21.88,89.24,0.89,1.69,0.36,97.49
20101108,4.69,5.4101,2.5308,2.6897,0.52,23.78,28.2,21.01,86.33,1.07,1.79,0.39,97.57
20101109,0.65,4.1755,1.0075,2.8908,0.4,23.28,25.55,21.78,90.51,0.95,1.88,0.39,97.61
20101110,9.27,4.1484,2.1182,2.3172,0.4,23.25,26.85,21.38,91.69,1.15,1.99,0.5,97.56
20101111,6.53,6.0809,4.9954,1.9488,0.58,23.5,26.7,19.7,87.89,1.51,2.68,0.58,97.47
20101112,2.94,4.0375,1.518,2.1497,0.39,23.96,27.93,19.67,79.24,1.1,2.21,0.38,97.42
20101113,5.69,6.6425,6.3821,1.9133,0.63,25.0,28.19,21.94,88.07,1.43,2.37,0.56,97.48
20101114,2.08,5.4641,2.5222,2.9844,0.52,23.82,26.95,21.56,89.07,0.86,1.39,0.31,97.56
20101115,0.02,5.7511,3.9593,2.4007,0.55,25.06,28.92,22.11,83.51,1.28,2.33,0.46,97.37
20101116,30.87,4.9102,1.813,2.9208,0.47,24.72,27.37,22.81,92.05,1.42,2.06,0.54,97.35
20101117,11.08,4.6202,2.9882,2.0261,0.44,24.64,27.35,22.81,89.0,1.31,2.28,0.55,97.41
20101118,0.27,6.6331,5.4737,2.2397,0.63,24.39,27.97,21.52,84.91,1.18,1.71,0.48,97.42
20101119,3.94,5.5253,4.1954,2.1727,0.53,24.55,27.03,22.25,92.02,1.64,2.46,0.63,97.32
20101120,8.59,4.5516,0.9451,2.833,0.44,24.8,27.26,23.24,91.95,1.49,2.37,0.62,97.28
20101121,29.29,5.6568,2.7557,2.9148,0.54,24.13,26.39,22.78,92.4,1.27,2.04,0.52,97.26
20101122,7.05,6.0569,4.955,2.1122,0.58,24.58,27.57,22.22,89.34,1.06,1.69,0.37,97.19
20101123,3.89,5.0158,1.5768,3.1135,0.48,24.88,27.59,23.1,90.96,1.23,2.31,0.54,97.3
20101124,1.68,6.2604,5.5351,2.244,0.6,25.22,28.14,23.38,89.56,1.24,2.24,0.54,97.34
20101125,1.47,5.5946,2.8786,3.1382,0.54,25.36,28.35,23.43,90.13,0.94,1.75,0.42,97.26
20101126,5.3,5.8608,3.5299,2.8133,0.56,24.45,25.88,22.92,93.5,0.85,1.33,0.36,97.22
20101127,7.94,6.1742,4.4443,2.6309,0.59,25.16,28.2,22.38,89.05,1.66,2.49,0.59,97.22
20101128,8.02,4.9879,1.5108,3.0168,0.48,24.6,26.38,23.68,93.23,1.41,1.92,0.55,97.3
20101129,13.19,6.1178,4.7407,2.3537,0.59,24.72,27.13,23.19,93.25,1.34,2.06,0.54,97.12
20101130,2.4,5.9995,5.2409,2.3669,0.58,24.8,27.01,23.13,91.02,1.16,1.54,0.46,97.06
20101201,7.05,4.5252,1.7179,2.6222,0.44,24.77,27.22,22.24,91.47,1.24,1.69,0.49,97.06
20101202,22.18,3.9518,0.8081,2.755,0.38,24.93,26.32,23.52,94.86,1.93,2.42,0.78,97.23
20101203,2.27,6.5808,6.2873,1.7441,0.63,25.02,28.09,22.29,87.37,1.23,1.75,0.48,97.18
20101204,13.87,6.3343,4.7774,2.5459,0.61,25.46,28.21,23.03,89.62,1.33,1.95,0.54,97.06
20101205,29.1,2.9806,0.0528,2.2606,0.29,24.37,25.84,22.88,91.43,1.01,1.79,0.38,97.1
20101206,2.0,5.647,3.2755,2.6626,0.54,25.13,28.11,22.58,86.62,1.29,2.47,0.52,97.08
20101207,15.42,5.268,2.0995,3.2338,0.51,25.06,27.79,23.29,90.1,1.18,2.18,0.51,97.09
20101208,13.33,3.4255,0.1644,2.4502,0.33,24.17,25.48,23.11,92.72,0.54,1.15,0.29,97.19
20101209,6.82,3.2021,0.1454,2.3882,0.31,24.05,25.13,23.27,94.63,1.08,1.74,0.46,97.28
20101210,18.08,4.9176,2.5207,2.8109,0.47,23.87,25.26,22.63,97.2,1.66,2.8,0.67,97.21
20101211,13.09,3.9245,0.2772,2.8061,0.38,23.62,25.42,22.13,96.67,1.55,2.8,0.65,97.2
20101212,4.39,5.2452,3.065,2.809,0.51,23.74,25.92,22.57,93.03,1.21,1.79,0.52,97.29
20101213,32.13,4.8943,2.0556,2.7682,0.47,23.76,26.99,21.28,90.06,1.39,2.0,0.56,97.38
20101214,30.86,3.4546,0.061,2.58,0.33,23.41,25.39,21.32,94.43,1.19,1.75,0.48,97.29
20101215,15.55,4.2768,1.187,2.5841,0.41,23.87,26.03,22.11,91.67,1.33,2.08,0.51,97.21
20101216,10.34,2.9386,0.6967,2.0462,0.28,24.14,26.22,22.7,93.65,1.2,1.79,0.51,97.2
20101217,13.93,5.1122,3.1956,2.4799,0.49,24.49,26.21,22.96,91.85,0.85,1.54,0.41,97.26
20101218,62.31,6.0463,5.2558,2.1007,0.58,23.55,24.58,21.69,93.4,0.73,1.35,0.3,97.36
20101219,8.37,3.6552,0.245,2.6172,0.35,23.74,27.65,20.32,88.39,1.5,2.12,0.56,97.35
20101220,0.95,6.6809,6.2306,1.9106,0.64,24.68,27.22,23.0,88.48,1.01,1.76,0.41,97.25
20101221,8.9,5.8493,4.4837,2.2255,0.56,24.43,27.74,21.73,87.27,1.43,2.02,0.57,97.1
20101222,3.68,4.4494,0.7889,3.1356,0.43,23.54,25.0,22.37,94.07,1.28,2.25,0.52,97.02
20101223,37.35,5.4866,4.4858,1.9243,0.53,24.37,26.72,22.55,91.06,1.26,2.33,0.56,97.04
20101224,13.18,5.893,3.6185,2.8332,0.57,23.92,25.59,22.95,93.99,1.07,1.83,0.52,97.08
20101225,4.04,4.7162,0.6312,3.521,0.45,23.84,26.05,22.3,92.33,1.42,2.14,0.71,97.07
20101226,27.53,5.0652,3.0958,2.8082,0.49,24.74,27.68,21.73,90.71,0.95,1.57,0.44,96.97
20101227,37.59,5.8867,3.5642,2.8171,0.57,24.94,27.08,23.55,89.27,0.92,1.54,0.37,97.16
20101228,14.42,6.2981,5.3988,2.0182,0.61,23.77,25.0,22.86,95.44,1.18,1.39,0.43,97.23
20101229,7.16,5.099,1.741,3.3943,0.49,23.35,25.1,21.54,95.23,1.37,2.51,0.67,97.29
20101230,24.07,4.0502,0.5628,2.8687,0.39,23.77,26.28,22.45,93.14,1.05,1.75,0.46,97.27
20101231,33.63,5.1286,2.8536,2.531,0.49,23.47,24.96,22.42,95.87,1.16,1.83,0.51,97.19
20110101,18.88,4.9661,0.756,3.5467,0.48,23.54,24.55,22.82,97.24,1.31,1.94,0.54,97.18
20110102,6.77,4.3289,0.3857,3.1961,0.42,24.59,26.56,22.85,91.68,1.08,2.0,0.46,97.2
20110103,1.55,5.113,3.0962,2.5334,0.49,24.44,26.69,22.94,93.05,1.2,2.3,0.5,97.25
20110104,5.08,6.4085,5.8663,2.2502,0.62,24.98,28.63,22.65,89.27,1.14,2.19,0.48,97.19
20110105,10.62,5.2219,3.2786,2.3803,0.5,24.77,28.16,22.4,90.91,1.11,1.73,0.48,97.23
20110106,17.4,5.6899,4.26,2.5726,0.55,23.85,25.38,21.78,94.92,1.42,2.48,0.54,97.28
20110107,12.84,5.9556,5.244,2.0551,0.57,24.21,27.35,20.74,88.21,1.43,2.21,0.5,97.13
20110108,16.92,6.2448,5.645,2.029,0.6,24.87,27.42,23.49,93.96,1.4,2.24,0.54,97.07
20110109,18.15,3.4826,0.355,2.5022,0.33,24.48,26.72,23.14,92.39,1.54,2.2,0.58,97.19
20110110,1.72,4.4976,1.349,2.8186,0.43,24.39,27.2,21.82,86.28,1.19,2.04,0.43,97.02
20110111,23.47,6.2897,4.9495,2.5042,0.6,25.43,28.69,22.93,86.73,1.14,2.06,0.44,96.88
20110112,46.68,4.9186,2.3772,2.6273,0.47,23.66,25.36,21.69,91.34,0.81,1.26,0.35,97.08
20110113,56.58,5.2286,3.7253,2.3071,0.5,23.39,26.55,20.82,90.46,1.25,1.8,0.46,97.24
20110114,37.42,5.8476,3.307,2.9345,0.56,24.65,27.91,22.29,91.67,1.66,2.51,0.67,97.2
20110115,9.26,4.7122,1.2242,3.0024,0.45,25.29,27.52,23.41,88.55,1.08,1.99,0.51,97.09
20110116,7.53,5.2618,2.8608,3.4428,0.5,25.69,29.07,22.81,85.63,1.06,2.28,0.45,97.0
20110117,6.43,5.2274,2.3974,2.898,0.5,24.68,27.02,23.1,89.7,1.25,1.71,0.5,97.28
20110118,2.53,4.9922,1.2154,3.3701,0.48,24.25,27.03,22.07,89.26,0.87,1.4,0.42,97.35
20110119,4.19,6.2767,5.3054,2.2757,0.6,25.06,27.83,23.2,90.04,1.22,1.98,0.52,97.23
20110120,15.05,4.0399,0.137,3.0458,0.38,23.97,25.31,22.8,95.98,1.14,1.98,0.46,97.24
20110121,20.26,5.6758,2.184,3.342,0.54,23.21,24.64,21.92,95.61,1.1,2.1,0.44,97.36
20110122,31.43,4.7645,1.6882,2.7967,0.45,22.42,24.6,21.2,92.45,1.03,2.02,0.46,97.54
20110123,1.16,6.043,3.6398,2.8248,0.57,23.56,27.43,20.6,88.05,1.19,2.04,0.47,97.34
20110124,13.66,5.2886,3.5606,2.2682,0.5,24.21,26.76,22.21,90.36,1.38,2.25,0.53,97.33
20110125,2.57,6.2352,5.0294,2.4343,0.59,24.35,27.61,22.21,87.68,1.28,2.46,0.57,97.44
20110126,5.86,4.0586,2.015,2.1713,0.38,23.36,25.59,22.2,92.64,1.48,2.73,0.65,97.56
20110127,14.54,6.5148,6.2213,1.7801,0.62,24.11,27.6,20.83,88.63,1.38,2.29,0.58,97.37
20110128,51.42,4.2859,1.9728,2.802,0.41,24.2,26.13,22.39,94.02,1.22,2.01,0.48,97.18
20110129,20.82,2.951,0.0614,2.2181,0.28,24.69,27.95,22.84,89.54,0.99,1.34,0.41,97.23
20110130,7.96,6.2364,5.203,2.1038,0.59,24.88,28.63,21.53,84.79,1.52,2.09,0.55,97.21
20110131,2.24,6.3533,4.7215,2.6734,0.6,24.7,27.26,23.07,91.02,1.26,1.89,0.46,97.24
20110201,5.8,3.199,0.384,2.3081,0.3,24.47,27.46,22.42,88.93,1.0,1.61,0.44,97.31
20110202,3.31,6.1942,5.0921,2.2877,0.58,25.04,28.59,21.96,88.54,1.71,2.66,0.7,97.22
20110203,12.01,3.9041,0.7637,2.5099,0.37,24.85,26.26,23.64,94.53,1.22,2.14,0.55,97.17
20110204,7.74,4.5955,0.2976,3.4366,0.43,25.38,28.16,23.55,89.23,1.09,2.16,0.5,97.19
20110205,6.45,5.2656,1.5814,2.9827,0.5,24.9,26.37,23.95,95.81,1.27,1.64,0.51,97.31
20110206,13.24,3.8474,0.8722,2.4221,0.36,24.91,27.05,23.48,89.35,1.48,2.54,0.63,97.33
20110207,8.5,2.2771,0.0425,1.6973,0.21,23.4,25.02,21.88,94.99,1.2,1.68,0.58,97.42
20110208,57.69,5.1778,1.9848,2.8018,0.49,23.32,25.69,21.45,93.49,1.5,2.55,0.66,97.22
20110209,33.11,4.7717,1.38,2.7523,0.45,23.43,25.85,21.34,93.06,0.95,1.8,0.36,97.3
20110210,22.56,5.7554,4.2864,2.1074,0.54,25.07,28.37,23.17,90.82,1.28,2.37,0.53,97.27
20110211,16.28,6.173,5.2829,2.027,0.58,24.6,26.86,23.29,93.66,1.41,2.45,0.58,97.36
20110212,3.99,4.7306,0.6149,3.397,0.44,24.33,25.76,23.54,95.15,1.21,1.6,0.49,97.26
20110213,42.32,5.153,1.8216,3.0751,0.48,24.18,25.84,22.86,94.64,1.14,2.12,0.51,97.29
20110214,9.99,5.9129,3.9845,2.4917,0.56,24.11,26.79,22.75,92.34,1.33,2.5,0.57,97.39
20110215,20.65,4.674,0.8232,3.0499,0.44,23.6,25.12,22.27,94.53,1.07,1.73,0.46,97.47
20110216,15.3,6.2916,4.5422,2.3578,0.59,23.67,26.51,21.61,91.37,0.99,1.32,0.42,97.44
20110217,18.94,6.4272,4.6757,2.5433,0.6,24.76,29.41,21.64,87.76,1.14,2.17,0.49,97.32
20110218,31.23,6.2604,4.7402,2.5097,0.59,24.26,26.27,22.87,92.97,1.22,1.93,0.48,97.35
20110219,31.45,4.3423,0.6694,2.8162,0.41,24.26,27.11,21.73,90.39,1.36,2.28,0.58,97.46
20110220,18.44,4.0397,0.4894,2.9045,0.38,23.9,25.98,22.47,91.51,1.02,1.76,0.43,97.49
20110221,1.91,4.8358,1.7686,2.7619,0.45,23.21,25.21,21.75,92.51,1.13,1.65,0.48,97.44
20110222,20.73,5.191,2.7492,2.6126,0.49,24.01,27.55,21.18,85.64,1.27,1.91,0.51,97.34
20110223,10.24,5.2807,1.1813,3.7003,0.5,23.64,26.32,21.57,93.48,1.51,2.43,0.66,97.29
20110224,26.87,5.2042,2.0801,2.801,0.49,24.26,26.92,22.13,90.63,1.28,2.11,0.56,97.07
20110225,8.58,4.5938,0.9739,3.1342,0.43,24.55,28.56,21.28,86.9,1.01,1.78,0.36,97.12
20110226,0.31,5.106,1.83,3.1128,0.48,25.25,29.09,22.19,83.12,1.04,1.51,0.36,97.17
20110227,13.22,6.2045,4.5456,2.5814,0.58,24.86,27.73,22.78,87.26,1.13,1.64,0.42,97.18
20110228,12.97,5.7302,3.4666,2.6806,0.54,25.19,28.23,23.12,89.47,1.33,2.67,0.52,97.23
20110301,10.78,5.059,2.3011,2.8481,0.48,24.48,26.82,23.0,92.44,1.28,1.97,0.54,97.29
20110302,33.32,6.0593,3.6264,2.8157,0.57,24.47,27.29,22.64,91.06,1.38,2.49,0.57,97.32
20110303,14.96,4.2391,0.2203,3.0955,0.4,23.56,25.5,22.34,94.49,1.21,1.93,0.5,97.33
20110304,3.21,3.121,0.1416,2.3002,0.29,23.33,25.03,22.22,94.94,1.4,2.2,0.6,97.4
20110305,0.58,5.4101,2.1626,3.343,0.51,24.14,26.82,22.26,89.82,0.94,1.99,0.4,97.45
20110306,8.06,6.3883,5.5562,2.227,0.6,24.76,27.92,22.14,86.97,1.32,2.18,0.49,97.4
20110307,35.22,5.647,4.0728,2.2466,0.53,24.06,26.18,22.24,93.18,1.18,1.89,0.44,97.42
20110308,24.62,4.1225,0.7608,2.9371,0.39,23.86,25.6,22.51,92.76,1.0,1.5,0.39,97.49
20110309,35.67,6.3828,5.4372,1.8883,0.6,24.02,25.73,22.55,90.39,0.99,1.56,0.4,97.46
20110310,17.73,6.8592,6.649,1.7174,0.65,24.7,27.92,22.05,89.9,1.31,1.88,0.51,97.38
20110311,15.16,6.6053,5.5742,2.2092,0.63,25.22,28.74,22.79,88.64,1.11,1.83,0.45,97.29
20110312,9.22,4.7642,0.6814,3.468,0.45,25.02,28.14,22.58,86.62,1.04,1.95,0.42,97.33
20110313,21.4,5.7554,4.1074,2.387,0.55,25.17,28.34,23.37,88.83,1.74,2.95,0.75,97.31
20110314,47.54,5.3748,1.465,3.5561,0.51,23.68,25.93,21.94,91.62,1.0,1.45,0.41,97.37
20110315,38.44,3.0425,0.1306,2.2382,0.29,23.19,24.68,21.81,93.64,0.95,1.53,0.48,97.36
20110316,4.17,5.8176,3.4205,2.8294,0.55,24.08,26.99,21.7,87.73,1.24,2.5,0.5,97.3
20110317,11.65,5.3184,3.365,2.4468,0.51,23.92,26.2,22.21,92.47,1.21,1.83,0.5,97.33
20110318,18.85,4.7777,1.2396,2.8555,0.46,24.38,26.4,23.29,95.75,1.28,2.28,0.52,97.3
20110319,17.99,5.7415,3.3718,2.736,0.55,24.06,25.92,23.04,94.9,1.53,2.31,0.59,97.36
20110320,20.45,4.4554,1.3445,2.5006,0.43,24.28,26.87,22.29,92.1,1.36,2.51,0.56,97.27
20110321,34.98,4.877,1.7863,3.4094,0.47,24.26,26.75,22.87,93.16,1.29,1.98,0.6,97.27
20110322,11.55,5.6227,3.2657,2.851,0.54,24.6,27.42,22.94,91.9,1.51,2.8,0.61,97.26
20110323,37.25,5.9059,3.3163,2.6273,0.57,23.66,26.52,21.16,91.44,1.24,1.78,0.47,97.22
20110324,55.01,3.4754,0.223,2.5027,0.33,23.52,25.32,22.16,95.25,1.26,1.87,0.52,97.24
20110325,18.35,5.22,1.7782,2.97,0.5,24.1,26.06,22.51,93.99,1.36,2.01,0.59,97.26
20110326,15.62,3.8962,0.696,2.7178,0.38,24.5,26.01,23.18,95.13,1.18,2.08,0.54,97.16
20110327,29.85,3.9288,0.365,2.8836,0.38,24.52,27.72,22.53,92.3,1.12,2.27,0.45,97.16
20110328,6.19,5.3434,1.9855,3.1306,0.52,25.01,27.88,22.37,89.17,0.78,1.71,0.36,97.18
20110329,12.73,4.5996,1.6404,3.0794,0.45,24.78,27.25,23.08,91.65,1.14,2.02,0.5,97.27
20110330,4.45,5.5894,3.0624,2.8176,0.54,24.67,27.61,22.07,88.78,1.08,1.62,0.4,97.17
20110331,16.67,5.4511,2.9182,3.0427,0.53,25.26,28.33,23.67,89.24,0.86,1.44,0.41,97.24
20110401,26.31,4.4551,0.8782,2.9863,0.43,24.61,28.01,22.66,92.08,0.67,1.28,0.3,97.33
20110402,14.71,5.8862,3.8496,3.4145,0.58,25.2,29.05,22.25,88.47,1.35,1.91,0.53,97.3
20110403,0.83,5.2973,1.9963,3.0199,0.52,24.85,27.46,23.12,91.95,1.12,1.48,0.5,97.43
20110404,2.35,5.9014,3.9336,2.5553,0.58,25.2,28.82,22.25,85.04,1.32,1.89,0.45,97.48
20110405,22.22,4.3793,1.0327,2.7084,0.43,22.46,25.05,19.97,88.47,1.07,1.88,0.36,97.61
20110406,6.76,6.3317,5.0018,2.2123,0.62,24.42,28.86,21.18,90.37,1.22,1.96,0.5,97.46
20110407,3.86,5.5634,2.2553,3.4937,0.55,25.41,27.91,23.36,89.94,1.2,2.2,0.55,97.43
20110408,17.4,5.183,2.9366,2.5642,0.51,25.06,27.94,22.92,90.24,1.41,2.29,0.51,97.51
20110409,9.24,3.8834,0.257,2.8123,0.39,24.33,26.29,23.04,93.4,1.11,1.59,0.52,97.59
20110410,37.66,5.6078,3.3156,2.5846,0.56,24.89,28.2,22.54,89.76,1.21,2.16,0.46,97.42
20110411,63.86,5.7118,4.0181,2.3957,0.57,24.24,26.71,22.53,93.33,1.26,2.31,0.51,97.38
20110412,18.71,4.211,1.3798,2.6758,0.42,24.02,25.92,23.06,94.45,1.22,1.8,0.55,97.49
20110413,1.51,5.88,3.0845,2.9189,0.59,24.07,26.96,22.37,91.82,1.19,1.71,0.51,97.54
20110414,16.19,3.9509,1.0392,2.389,0.4,23.69,25.55,22.03,92.37,1.06,2.01,0.43,97.44
20110415,6.63,5.3676,2.4708,2.993,0.54,24.17,27.18,22.32,91.42,1.4,2.27,0.55,97.45
20110416,18.01,5.8925,4.4086,2.2039,0.59,23.58,25.39,22.51,93.26,1.27,1.64,0.53,97.49
20110417,30.03,5.0978,2.6424,2.4689,0.52,23.55,25.55,22.36,95.18,1.4,2.18,0.62,97.42
20110418,4.53,5.3098,2.6755,2.6026,0.54,24.14,27.71,22.0,90.86,1.04,1.66,0.41,97.35
20110419,36.63,5.3974,3.1406,2.454,0.55,24.25,25.77,23.06,96.35,1.55,2.29,0.59,97.39
20110420,52.33,4.5415,0.6881,3.0727,0.46,23.81,25.43,22.52,97.23,1.57,1.96,0.65,97.51
20110421,37.27,5.839,4.8554,2.1408,0.6,23.52,25.63,22.13,94.32,1.23,1.65,0.5,97.52
20110422,21.93,5.4432,2.8649,2.712,0.56,23.58,25.67,22.38,92.55,0.95,1.29,0.42,97.47
20110423,3.44,4.4059,0.8148,2.8505,0.45,24.39,27.56,21.76,88.86,1.42,2.53,0.52,97.41
20110424,11.19,4.2509,0.611,3.0274,0.44,23.46,24.83,21.89,95.61,1.07,1.47,0.39,97.46
20110425,5.95,6.053,5.1377,2.0424,0.62,23.53,25.71,21.53,93.84,1.01,1.93,0.44,97.41
20110426,10.08,5.8061,4.8022,2.0191,0.6,24.4,27.45,22.02,92.61,1.2,2.28,0.5,97.32
20110427,38.08,4.9054,2.0599,2.7648,0.51,24.43,27.72,21.81,89.43,1.42,2.64,0.61,97.28
20110428,14.93,5.2718,3.8995,2.8584,0.55,25.17,28.54,22.61,88.36,1.13,1.99,0.45,97.23
20110429,32.44,4.9404,2.0854,2.5999,0.51,24.44,25.89,23.41,95.27,1.11,1.41,0.48,97.3
20110430,13.67,5.1761,3.8791,2.1199,0.54,25.02,27.9,23.03,92.36,1.43,2.14,0.62,97.27
20110501,8.45,4.6874,3.0079,2.2982,0.49,24.96,28.24,23.01,92.19,1.72,2.61,0.77,97.24
20110502,13.61,5.1017,4.0661,2.1041,0.54,24.73,27.76,23.19,93.05,1.6,2.6,0.69,97.23
20110503,23.53,4.764,2.5402,2.413,0.5,24.49,26.85,23.19,95.15,1.53,2.39,0.7,97.25
20110504,20.9,4.2638,1.1026,2.6623,0.45,24.5,26.25,23.69,96.05,1.66,2.27,0.67,97.34
20110505,25.41,2.6378,0.2066,1.8989,0.28,24.02,25.16,23.06,96.76,1.75,2.66,0.7,97.4
20110506,5.29,4.7954,2.2421,2.5267,0.51,24.24,26.75,22.63,92.54,1.21,2.0,0.49,97.47
20110507,60.75,3.6653,1.5377,2.2322,0.39,24.03,25.29,22.95,95.83,1.1,1.81,0.45,97.43
20110508,21.1,5.118,4.0274,2.0098,0.55,24.41,26.45,22.86,93.88,1.02,2.0,0.44,97.42
20110509,44.22,4.649,3.174,2.1907,0.5,24.51,26.81,22.71,92.64,1.11,2.39,0.41,97.5
20110510,18.51,3.9869,1.8746,2.2579,0.43,23.64,26.73,20.46,91.12,1.03,1.92,0.33,97.56
20110511,31.33,4.2634,2.8373,1.9534,0.46,24.29,26.61,22.82,89.74,1.16,1.79,0.53,97.54
20110512,30.65,3.301,0.8887,2.0722,0.36,24.3,27.0,23.11,93.16,1.38,1.9,0.58,97.56
20110513,2.38,4.9433,4.9903,1.6982,0.53,24.76,27.64,22.96,91.62,1.15,2.22,0.51,97.42
20110514,6.46,3.0504,0.1474,2.3054,0.33,24.28,25.28,23.3,96.92,1.27,2.38,0.51,97.45
20110515,11.49,4.5696,3.4224,2.3722,0.5,24.2,25.36,23.22,95.63,1.19,2.21,0.47,97.62
20110516,3.88,4.8929,4.4369,1.7254,0.53,24.35,25.61,23.28,94.99,1.43,2.2,0.6,97.6
20110517,21.39,3.8095,1.0164,2.4682,0.42,24.22,24.9,23.76,96.27,1.53,2.24,0.57,97.54
20110518,14.54,2.8596,0.487,1.9236,0.31,24.19,25.32,23.69,96.28,1.3,1.87,0.53,97.54
20110519,18.4,4.6018,3.1704,2.1269,0.5,23.96,25.7,23.15,95.71,1.33,1.56,0.56,97.58
20110520,6.57,3.306,0.2798,2.4982,0.36,24.03,26.0,22.63,93.62,1.05,1.55,0.48,97.46
20110521,15.47,4.6181,3.3552,2.0532,0.51,24.51,26.35,23.28,95.02,1.75,2.88,0.68,97.34
20110522,19.34,2.7461,0.2273,2.0362,0.3,25.0,26.78,24.11,95.97,1.59,1.94,0.63,97.35
20110523,3.23,2.9458,0.4289,2.1506,0.33,24.77,25.95,23.93,95.66,1.67,2.63,0.6,97.37
20110524,1.25,5.1168,2.9362,2.8073,0.57,24.03,25.5,22.42,93.67,1.48,2.26,0.62,97.38
20110525,24.52,2.9714,0.5292,2.1041,0.33,23.99,26.18,22.27,95.7,1.46,2.43,0.59,97.3
20110526,15.15,4.8842,4.039,1.9728,0.54,23.74,24.87,22.96,97.15,1.51,2.27,0.58,97.39
20110527,15.8,4.7707,3.9235,1.9056,0.53,23.98,25.46,22.96,95.93,1.26,2.11,0.54,97.39
20110528,10.81,3.3257,0.5796,2.3208,0.37,23.9,25.26,22.66,95.82,1.25,2.16,0.51,97.53
20110529,2.93,2.4338,0.2609,1.7597,0.27,23.9,25.46,22.52,96.94,1.38,2.4,0.58,97.53
20110530,5.69,3.9108,0.6833,2.725,0.44,24.59,26.76,23.15,94.88,0.83,1.57,0.37,97.38
20110531,4.92,4.2,2.671,2.1362,0.47,23.53,26.14,20.79,91.15,1.36,2.32,0.47,97.46
20110601,12.69,3.7183,0.8938,2.3155,0.42,23.77,24.99,23.12,96.21,1.16,1.58,0.45,97.53
20110602,28.72,3.8081,2.7636,1.8605,0.43,23.74,25.57,22.62,93.7,1.26,2.03,0.59,97.59
20110603,12.09,3.8263,2.2258,1.9834,0.43,23.85,25.66,22.74,93.07,1.03,2.02,0.49,97.6
20110604,9.12,4.5643,4.8286,1.5427,0.52,23.93,26.0,22.57,93.02,1.17,1.6,0.52,97.49
20110605,2.43,4.1054,4.105,1.5754,0.46,24.03,26.1,22.87,93.83,1.48,2.59,0.6,97.47
20110606,4.07,3.9281,4.1995,1.4964,0.45,24.29,27.19,22.5,92.84,1.21,2.3,0.47,97.37
20110607,14.53,2.2075,0.1543,1.6517,0.25,24.79,27.18,23.58,94.02,1.22,2.2,0.52,97.3
20110608,15.82,3.2196,0.2657,2.4079,0.37,24.24,25.67,22.96,97.16,1.41,1.93,0.53,97.39
20110609,2.05,5.1065,4.9469,1.842,0.58,24.36,27.39,22.15,91.02,1.3,2.42,0.55,97.38
20110610,32.07,3.9818,1.391,2.4766,0.45,24.41,27.07,22.74,94.25,1.55,3.15,0.66,97.36
20110611,7.25,2.417,0.1214,1.8269,0.28,23.79,26.2,21.85,91.87,1.14,1.81,0.51,97.47
20110612,32.24,1.5893,0.2042,1.1045,0.18,23.23,25.92,21.91,94.76,1.76,3.54,0.76,97.55
20110613,9.89,2.4238,0.5926,1.643,0.28,22.35,24.12,21.42,94.81,1.33,2.36,0.57,97.55
20110614,6.79,2.5001,0.4435,1.6822,0.29,22.1,23.86,21.08,95.23,1.41,2.69,0.6,97.67
20110615,6.26,2.6815,0.3036,1.9495,0.31,22.14,23.84,21.18,94.9,1.21,2.0,0.52,97.7
20110616,4.94,3.6221,2.2838,1.878,0.41,22.3,23.75,21.41,95.92,1.32,1.95,0.56,97.69
20110617,9.66,2.6945,0.432,1.9037,0.31,22.15,23.15,21.22,96.9,0.98,1.25,0.42,97.67
20110618,8.51,3.5611,1.1054,2.2447,0.41,22.65,25.75,21.19,94.46,1.35,2.3,0.59,97.58
20110619,3.17,4.1878,2.4115,2.2414,0.48,22.71,25.31,21.37,93.42,1.36,2.5,0.58,97.49
20110620,12.07,4.1064,2.9959,1.9817,0.47,22.43,24.56,21.32,94.83,1.2,1.96,0.52,97.54
20110621,21.37,3.4118,0.8508,2.2327,0.39,22.83,24.79,21.61,96.13,1.47,2.68,0.61,97.54
20110622,12.66,3.461,0.5165,2.2788,0.4,23.1,24.82,21.85,95.03,1.41,2.11,0.56,97.37
20110623,13.37,3.1013,1.0889,1.9442,0.36,23.23,25.01,21.9,95.39,1.08,2.08,0.44,97.31
20110624,14.41,3.9211,1.7998,2.2891,0.45,23.52,25.38,22.32,94.97,0.92,1.32,0.36,97.46
20110625,10.08,2.365,0.1502,1.8043,0.27,23.7,24.75,23.14,97.63,1.13,1.54,0.38,97.46
20110626,0.75,3.1022,0.1848,2.3362,0.36,23.31,24.57,22.04,94.72,1.6,2.72,0.63,97.49
20110627,4.23,4.0656,3.3499,1.8058,0.47,22.89,24.54,21.74,94.71,1.32,2.4,0.56,97.4
20110628,3.83,4.7573,3.6535,2.1262,0.54,22.85,25.24,21.43,93.64,1.24,1.83,0.54,97.45
20110629,5.72,3.7675,3.4702,1.5821,0.43,23.5,26.42,21.96,93.16,1.23,2.48,0.54,97.48
20110630,8.31,2.6038,0.9749,1.6541,0.3,22.9,24.6,21.69,95.22,1.6,2.52,0.63,97.54
20110701,12.58,4.0601,2.5207,2.2356,0.46,22.69,24.48,21.57,95.03,1.59,2.57,0.66,97.42
20110702,8.97,3.3216,0.3173,2.4084,0.38,22.16,24.07,21.24,93.5,1.5,2.29,0.63,97.5
20110703,15.07,4.0714,2.6198,2.1274,0.47,22.17,24.18,20.94,95.0,1.31,2.14,0.56,97.5
20110704,8.15,3.469,0.6619,2.4146,0.4,22.49,24.71,21.26,93.91,1.42,2.43,0.6,97.62
20110705,16.37,2.7852,0.0665,2.1667,0.32,23.41,26.49,21.58,92.5,1.28,1.85,0.58,97.57
20110706,60.0,2.8358,0.1877,2.0532,0.32,22.58,23.7,21.91,96.77,1.42,2.07,0.58,97.53
20110707,12.63,2.3198,0.1063,1.7616,0.26,22.31,23.43,21.41,95.78,1.18,2.4,0.49,97.69
20110708,2.97,3.5424,0.7397,2.3088,0.4,22.28,23.91,21.29,94.51,1.31,2.19,0.58,97.79
20110709,0.53,4.0786,3.2957,1.7916,0.46,22.72,25.89,20.1,90.42,1.6,2.6,0.72,97.6
20110710,0.23,4.944,4.5746,1.889,0.56,23.16,25.46,21.42,92.13,1.06,2.19,0.45,97.45
20110711,10.74,4.5883,3.69,1.9426,0.52,24.1,27.12,22.36,91.56,1.06,2.01,0.41,97.44
20110712,9.21,4.1376,2.5682,2.1595,0.47,23.98,26.59,22.52,94.15,1.27,2.26,0.51,97.4
20110713,42.17,3.2765,1.1251,1.9838,0.37,23.57,25.23,22.6,94.4,0.86,1.95,0.39,97.42
20110714,19.49,4.8043,4.5089,1.6958,0.54,24.22,27.39,22.41,92.72,1.1,2.17,0.43,97.43
20110715,33.0,3.8098,1.9649,1.9692,0.43,23.6,25.24,22.72,96.28,1.29,1.9,0.46,97.52
20110716,36.9,3.5506,0.935,2.2891,0.4,23.67,25.74,22.73,96.05,1.67,2.63,0.63,97.38
20110717,23.95,2.3047,0.1205,1.7462,0.26,23.04,24.36,22.3,96.64,1.21,1.72,0.5,97.44
20110718,6.45,3.3098,0.6905,2.3909,0.37,23.3,24.95,22.23,95.67,1.25,2.49,0.5,97.4
20110719,16.6,4.2295,2.401,2.2286,0.47,22.87,23.91,22.04,97.13,1.28,2.31,0.51,97.47
20110720,18.74,2.2212,0.0852,1.6891,0.25,22.83,24.67,21.68,95.08,1.34,2.2,0.58,97.52
20110721,9.2,3.6504,0.1802,2.8183,0.41,22.77,25.33,21.36,94.15,1.13,1.99,0.48,97.48
20110722,14.64,3.9979,0.8741,2.6702,0.44,22.81,25.57,21.33,93.59,1.45,2.3,0.62,97.41
20110723,7.75,3.0055,0.1992,2.2361,0.33,22.38,25.03,21.05,94.09,1.42,2.49,0.61,97.42
20110724,2.17,2.7156,0.229,1.9752,0.3,21.85,23.97,20.69,93.65,1.34,2.4,0.57,97.5
20110725,0.04,3.7946,2.7108,1.8106,0.42,22.41,25.36,20.78,88.83,1.2,2.55,0.53,97.47
20110726,0.0,3.6854,1.8058,2.0064,0.41,22.75,26.0,20.48,86.57,1.24,2.69,0.51,97.59
20110727,0.67,5.0638,5.2454,1.4851,0.56,22.73,26.02,20.69,89.67,1.4,2.44,0.63,97.65
20110728,2.38,4.1422,3.312,1.9603,0.46,23.05,26.27,20.98,92.73,1.51,2.39,0.64,97.51
20110729,29.01,3.517,1.5785,2.0014,0.39,23.0,25.67,21.44,94.5,1.44,2.06,0.55,97.43
20110730,57.77,2.1554,0.1843,1.5466,0.24,23.13,24.76,21.83,94.57,1.07,2.13,0.37,97.36
20110731,16.25,3.6538,0.3641,2.609,0.4,23.29,25.09,21.86,95.72,1.24,2.34,0.52,97.34
20110801,37.41,2.2078,0.2177,1.5749,0.24,22.75,24.28,21.67,95.94,1.57,2.41,0.64,97.47
20110802,25.38,3.3482,0.3804,2.441,0.36,22.83,26.34,21.23,91.06,1.19,1.88,0.53,97.59
20110803,0.07,4.0109,2.6201,1.9838,0.44,22.05,24.42,20.64,91.29,1.37,2.5,0.6,97.55
20110804,1.48,4.9061,4.4134,1.8144,0.53,21.92,24.3,20.4,92.44,1.44,2.42,0.62,97.51
20110805,1.26,3.7992,2.3592,1.8502,0.41,21.92,24.58,20.5,92.08,1.23,2.11,0.55,97.52
20110806,1.66,4.6834,3.083,2.2502,0.5,22.19,24.84,20.55,92.95,1.38,2.48,0.58,97.5
20110807,3.15,4.513,2.5769,2.2546,0.48,22.41,25.06,20.96,94.13,1.17,2.1,0.49,97.59
20110808,13.3,4.0198,1.2578,2.3935,0.43,22.56,25.13,21.47,93.88,1.22,2.49,0.52,97.57
20110809,8.56,3.6398,0.5066,2.4967,0.39,22.24,24.69,21.12,93.55,1.17,1.82,0.46,97.59
20110810,1.04,4.943,2.8051,2.4595,0.53,22.08,24.55,20.74,92.43,1.26,2.39,0.51,97.58
20110811,11.75,4.4791,2.0153,2.4372,0.48,22.05,25.2,20.36,92.61,1.32,2.53,0.57,97.56
20110812,19.76,4.0351,0.9034,2.6705,0.43,22.37,25.39,20.98,92.59,1.11,2.06,0.5,97.53
20110813,22.0,4.4868,2.7595,2.2121,0.47,22.42,25.33,20.64,91.74,1.45,2.59,0.6,97.54
20110814,54.13,2.5798,0.3446,1.837,0.27,22.47,25.56,20.8,93.48,1.39,2.76,0.53,97.68
20110815,27.12,3.5489,0.5568,2.4446,0.37,22.35,24.77,21.18,94.48,1.28,2.23,0.52,97.71
20110816,11.15,4.5713,2.9398,2.3467,0.48,23.1,26.38,21.16,91.62,0.99,1.75,0.44,97.55
20110817,29.89,2.9081,0.9797,1.8175,0.3,22.92,26.17,21.39,93.21,1.3,2.44,0.58,97.45
20110818,49.39,2.6326,0.7884,1.6781,0.28,22.13,24.02,21.16,94.65,1.48,2.51,0.64,97.52
20110819,17.23,3.8566,0.6888,2.4677,0.4,22.22,25.37,20.85,93.17,1.6,2.42,0.69,97.58
20110820,6.78,3.3804,1.044,2.023,0.35,22.28,25.3,20.84,92.81,1.5,2.63,0.65,97.63
20110821,8.38,3.0482,0.1886,2.1907,0.32,22.06,24.48,20.98,93.56,1.19,2.01,0.54,97.69
20110822,1.68,2.9222,0.5054,1.9548,0.3,21.97,24.35,20.85,93.74,1.51,2.67,0.65,97.65
20110823,1.81,3.5369,1.4976,2.0364,0.37,21.7,23.89,20.41,92.14,1.39,2.36,0.62,97.57
20110824,2.04,3.5657,0.8827,2.2913,0.37,21.52,23.86,20.19,93.26,1.53,2.85,0.65,97.6
20110825,0.5,4.4398,1.7818,2.5032,0.46,22.02,24.54,20.41,92.48,1.4,2.49,0.6,97.61
20110826,6.02,4.2746,2.4343,2.2032,0.44,23.33,26.83,21.0,91.34,1.32,2.26,0.51,97.52
20110827,10.09,4.607,2.2171,2.5562,0.47,22.83,25.41,21.04,94.82,1.29,2.26,0.53,97.55
20110828,13.18,3.569,1.3824,2.0546,0.36,23.5,25.71,21.91,95.26,1.3,2.36,0.49,97.55
20110829,24.51,4.2614,1.429,2.406,0.43,24.2,27.61,22.53,93.32,1.48,2.3,0.53,97.47
20110830,13.82,2.9777,0.5712,2.0021,0.3,22.94,24.62,21.75,95.73,1.43,2.42,0.56,97.54
20110831,22.52,4.3452,2.5236,2.111,0.44,22.81,24.55,21.41,96.11,1.19,2.08,0.47,97.49
20110901,20.3,2.7756,0.4471,1.9637,0.28,23.14,25.12,21.89,96.05,1.11,1.9,0.44,97.52
20110902,6.61,4.5101,1.6404,2.4502,0.46,22.82,24.67,21.56,96.93,1.37,2.07,0.53,97.55
20110903,9.66,2.4876,0.0581,1.8823,0.25,22.96,24.81,21.94,96.62,1.49,2.62,0.57,97.64
20110904,6.66,6.1951,5.3158,1.9243,0.62,23.56,26.14,22.01,94.56,1.64,2.46,0.61,97.61
20110905,12.32,4.5377,2.0434,2.6503,0.46,23.81,25.98,22.5,94.25,1.2,2.13,0.43,97.56
20110906,16.97,4.6956,3.089,2.0402,0.47,23.63,26.51,22.3,94.52,1.52,2.74,0.62,97.58
20110907,10.7,4.7772,1.1983,2.8618,0.48,23.19,25.68,21.81,93.7,1.15,1.76,0.52,97.56
20110908,8.28,5.082,1.8581,2.8519,0.51,23.11,25.68,21.73,93.93,1.23,1.45,0.51,97.57
20110909,22.74,5.6698,4.1215,2.1542,0.56,22.85,24.75,21.28,95.57,1.3,1.78,0.53,97.66
20110910,30.64,3.6295,0.6209,2.3146,0.36,22.9,25.03,21.91,94.44,1.42,1.99,0.58,97.71
20110911,27.06,3.6154,1.4246,1.9418,0.36,22.9,26.33,20.84,91.91,1.33,2.35,0.52,97.61
20110912,20.81,4.0159,1.5499,2.1756,0.4,22.52,24.14,21.45,95.19,1.35,2.29,0.55,97.62
20110913,10.11,3.2582,0.6456,2.2397,0.32,22.06,24.01,21.03,94.71,1.33,2.17,0.57,97.68
20110914,7.27,4.1842,2.3088,2.0002,0.41,23.13,26.24,21.35,94.52,1.3,2.25,0.54,97.62
20110915,52.78,3.967,2.1317,2.0784,0.39,23.42,26.37,21.63,92.95,1.1,2.12,0.4,97.59
20110916,25.04,4.2552,1.5694,2.3832,0.42,23.18,25.57,21.75,93.93,1.13,1.97,0.4,97.48
20110917,8.48,5.1276,2.3837,2.6436,0.5,23.21,25.35,21.82,95.31,1.21,2.13,0.42,97.46
20110918,3.4,3.8894,0.6425,2.627,0.38,23.63,26.59,21.74,92.96,1.36,2.49,0.51,97.61
20110919,1.05,4.1652,0.4114,2.9172,0.41,23.52,25.71,22.21,94.15,1.19,2.0,0.45,97.65
20110920,0.07,4.3889,0.3953,3.1032,0.43,23.73,26.48,22.02,92.64,1.36,2.58,0.51,97.61
20110921,12.19,5.4,3.6348,2.3393,0.53,23.92,26.87,21.56,93.12,1.74,2.8,0.68,97.55
20110922,2.08,4.7909,1.9306,2.5805,0.47,23.7,27.22,21.74,92.57,1.69,2.81,0.68,97.6
20110923,2.44,4.8048,1.7484,2.682,0.47,22.89,26.05,20.94,91.55,1.39,2.45,0.54,97.56
20110924,24.61,3.444,0.3274,2.3724,0.33,22.8,24.53,21.63,95.92,1.37,2.04,0.54,97.53
20110925,32.63,2.641,0.0334,2.0038,0.26,22.18,23.92,20.74,94.27,1.02,1.67,0.44,97.57
20110926,1.83,3.9223,0.4608,2.6412,0.38,22.62,25.78,20.63,92.54,1.15,2.56,0.54,97.54
20110927,0.68,4.2293,1.9142,2.4012,0.41,23.63,25.68,21.72,90.14,1.28,2.47,0.52,97.36
20110928,15.36,4.6075,2.4787,2.2829,0.45,23.79,25.34,22.21,92.86,1.01,1.63,0.38,97.45
20110929,22.58,3.3958,0.4445,2.3923,0.33,23.24,24.85,21.51,95.08,1.19,1.84,0.46,97.62
20110930,1.34,5.3597,2.2848,2.964,0.52,22.43,25.79,19.72,88.71,1.06,1.43,0.4,97.65
20111001,1.63,5.7821,3.294,2.8795,0.56,23.1,27.18,19.28,82.46,1.18,1.63,0.47,97.49
20111002,8.78,4.871,1.7117,2.803,0.47,22.41,24.62,20.41,91.23,0.95,1.45,0.35,97.54
20111003,24.08,4.6843,1.7897,2.6172,0.45,23.5,26.03,21.48,90.36,1.29,2.06,0.53,97.58
20111004,10.98,6.1793,4.9087,2.0724,0.59,22.88,24.89,21.22,93.64,0.97,1.35,0.39,97.6
20111005,7.45,4.0322,1.1033,2.6885,0.39,23.64,26.68,21.66,90.95,1.03,1.85,0.41,97.66
20111006,2.81,4.3714,0.9086,2.8385,0.42,24.05,27.41,21.15,85.8,0.92,1.69,0.4,97.62
20111007,0.03,6.359,5.3827,2.341,0.61,25.04,29.1,21.09,84.66,1.07,1.56,0.5,97.56
20111008,0.68,6.1399,4.5658,2.4185,0.59,24.85,28.33,21.96,89.55,1.33,2.15,0.53,97.58
20111009,29.24,3.8491,0.9739,2.5073,0.37,24.46,27.32,22.74,91.97,1.4,2.49,0.54,97.58
20111010,8.28,5.238,2.8121,2.6059,0.5,24.25,27.03,22.57,87.85,1.05,1.57,0.42,97.61
20111011,3.24,5.3611,4.0558,2.1521,0.51,24.42,27.83,21.58,88.24,1.25,1.78,0.5,97.54
20111012,10.05,3.1466,0.5261,2.0138,0.3,23.94,25.12,22.95,93.23,0.93,1.44,0.4,97.57
20111013,25.27,4.5588,1.8463,2.5903,0.43,24.57,27.24,22.72,86.55,0.97,2.1,0.37,97.63
20111014,14.89,5.6705,3.0247,2.7271,0.54,23.48,25.51,22.31,92.21,0.85,1.35,0.39,97.72
20111015,17.99,4.0627,1.9174,2.0014,0.39,23.46,25.17,22.27,94.58,1.43,2.34,0.53,97.7
20111016,7.97,5.9604,3.4721,2.718,0.57,24.42,27.2,22.28,89.11,1.25,2.06,0.49,97.59
20111017,0.08,3.1332,0.625,2.0952,0.3,23.95,26.31,21.87,89.72,1.05,1.66,0.44,97.61
20111018,24.59,6.8969,6.1186,1.9099,0.66,24.89,28.16,22.58,88.79,1.12,1.65,0.46,97.49
20111019,5.27,4.063,1.8763,2.3131,0.39,24.32,26.95,22.36,90.39,1.21,2.0,0.58,97.36
20111020,1.42,5.5001,4.6486,2.0791,0.52,24.84,27.51,22.91,90.4,1.31,2.01,0.55,97.27
20111021,3.31,5.0801,2.3117,2.7898,0.48,24.82,26.67,23.47,92.96,1.11,1.8,0.4,97.32
20111022,15.69,3.8978,0.7541,2.6261,0.37,24.26,25.23,23.41,95.94,1.04,1.31,0.42,97.37
20111023,7.17,4.3445,1.5638,2.4761,0.41,24.18,26.35,22.6,93.78,1.22,2.29,0.49,97.44
20111024,21.64,4.5132,1.9637,2.4622,0.43,24.07,26.99,21.5,90.84,1.14,1.72,0.47,97.43
20111025,13.69,5.2603,2.0066,2.8999,0.5,23.92,25.29,22.69,95.98,1.37,2.07,0.53,97.35
20111026,3.32,4.6872,1.6433,2.7931,0.45,24.14,26.45,22.73,93.6,1.22,1.78,0.52,97.38
20111027,2.22,3.2143,0.4109,2.3326,0.31,24.47,26.07,22.83,93.89,1.38,2.28,0.56,97.31
20111028,1.11,4.1616,0.193,3.0785,0.4,24.91,26.86,23.07,88.82,0.93,1.43,0.43,97.3
20111029,0.56,5.424,3.9062,2.2368,0.52,24.34,27.09,22.36,87.7,0.79,1.35,0.33,97.25
20111030,0.1,5.472,2.1744,2.9609,0.52,24.83,28.84,21.27,86.63,1.11,1.99,0.39,97.13
20111031,5.32,6.391,5.6172,1.9608,0.61,24.99,28.14,23.0,91.84,1.55,2.61,0.66,97.12
20111101,5.18,3.5304,0.3408,2.417,0.34,24.56,26.89,23.13,93.74,1.34,2.17,0.52,97.21
20111102,1.91,6.0665,5.0455,2.1612,0.58,24.87,28.25,23.15,90.01,1.4,2.81,0.63,97.13
20111103,9.71,5.3215,2.9083,2.604,0.51,23.99,25.51,22.75,94.66,1.01,1.72,0.41,97.17
20111104,15.53,1.9099,0.1231,1.4405,0.18,24.39,25.98,23.12,93.81,0.91,1.54,0.39,97.33
20111105,6.96,6.0852,4.1268,2.6093,0.58,24.17,26.48,22.01,90.72,0.95,1.54,0.37,97.37
20111106,2.2,5.0662,1.2622,3.2568,0.48,25.01,28.59,22.56,87.38,1.14,1.88,0.44,97.33
20111107,0.02,5.4444,2.057,3.3005,0.52,24.88,27.87,23.01,90.16,1.3,2.47,0.57,97.38
20111108,0.64,5.8922,3.9106,2.8202,0.56,24.68,27.96,21.82,88.96,1.41,2.36,0.56,97.44
20111109,1.45,4.2019,0.672,2.7379,0.4,24.45,26.83,22.83,90.85,1.07,1.58,0.47,97.51
20111110,17.83,6.1483,4.7294,2.2874,0.59,23.68,26.51,21.69,88.86,0.88,1.35,0.34,97.53
20111111,7.93,4.295,0.9552,2.658,0.41,24.01,27.28,21.82,88.87,1.01,1.71,0.37,97.58
20111112,1.23,5.6405,2.599,3.1927,0.54,24.68,27.8,21.98,87.28,1.16,2.1,0.48,97.5
20111113,5.13,6.419,5.3335,2.1206,0.61,24.27,27.81,21.7,85.7,1.33,2.44,0.55,97.45
20111114,24.33,5.2133,3.3967,2.201,0.5,24.39,27.43,22.13,88.45,1.19,2.33,0.5,97.36
20111115,6.16,3.6643,0.3924,2.5764,0.35,25.77,29.62,22.9,84.78,0.84,1.7,0.34,97.33
20111116,7.06,6.2062,5.4353,2.1506,0.59,25.88,28.82,24.01,82.35,1.23,2.27,0.51,97.36
20111117,5.09,2.2452,0.355,1.5854,0.21,24.4,26.27,22.45,91.49,1.02,1.67,0.38,97.47
20111118,1.26,6.7334,6.2359,1.9152,0.64,24.7,28.2,21.69,87.13,1.19,1.79,0.46,97.35
20111119,2.46,6.1558,5.3707,2.1065,0.59,24.96,28.15,23.05,89.46,1.03,1.9,0.41,97.34
20111120,5.82,5.4751,3.2818,2.5541,0.52,24.62,27.53,22.44,89.82,1.0,1.83,0.38,97.41
20111121,1.44,6.6662,6.6348,1.721,0.64,25.35,28.88,21.94,87.05,1.18,1.9,0.56,97.3
20111122,0.94,6.4121,5.8322,2.3232,0.61,25.51,28.62,23.45,88.38,0.99,1.79,0.43,97.2
20111123,10.06,6.4747,5.9129,2.1197,0.62,25.7,28.75,23.66,88.4,1.41,2.47,0.58,97.17
20111124,25.36,2.4581,0.0372,1.8754,0.24,25.05,27.68,23.28,90.45,1.19,2.12,0.47,97.31
20111125,8.43,6.3715,5.1986,2.3916,0.61,24.78,28.01,21.93,89.94,1.24,2.2,0.53,97.27
20111126,2.8,2.2258,0.1877,1.6589,0.21,25.19,27.88,23.31,91.5,1.02,1.69,0.45,97.24
20111127,2.52,5.4482,1.9231,3.462,0.52,24.94,26.36,23.7,94.67,1.45,2.39,0.57,97.24
20111128,14.61,6.3211,5.6318,2.0784,0.61,25.57,28.53,23.31,90.28,1.23,1.87,0.48,97.2
20111129,21.85,3.8237,0.2513,2.8462,0.37,25.3,27.71,23.92,91.52,1.31,1.9,0.48,97.28
20111130,7.54,4.2007,0.6595,3.0077,0.4,24.39,26.07,23.28,93.72,1.09,1.43,0.45,97.25
20111201,2.96,6.1901,5.5063,2.3414,0.6,25.08,27.86,23.11,89.56,1.34,2.23,0.6,97.14
20111202,42.06,4.6394,2.496,2.3026,0.45,24.95,26.91,23.56,94.91,1.27,2.02,0.52,97.1
20111203,37.35,5.6618,3.4987,2.6546,0.54,25.34,27.53,23.67,91.88,1.22,1.85,0.47,97.1
20111204,12.37,4.0282,0.9629,2.461,0.39,24.56,26.27,22.86,91.85,1.45,2.36,0.58,97.28
20111205,15.62,5.5723,3.3845,2.6496,0.54,24.86,28.6,21.63,86.13,1.33,1.92,0.48,97.2
20111206,21.01,3.3139,0.1798,2.3254,0.32,24.66,26.92,23.12,93.32,1.36,2.45,0.59,97.32
20111207,5.71,4.8684,1.0675,3.1997,0.47,24.22,27.4,21.89,90.6,1.28,1.99,0.53,97.29
20111208,36.9,4.1422,1.1256,2.5411,0.4,24.53,27.2,22.79,92.43,1.23,2.15,0.49,97.18
20111209,12.42,6.0802,4.121,2.7566,0.59,25.28,28.52,23.25,91.37,1.26,2.37,0.51,97.25
20111210,5.93,2.0832,0.083,1.5986,0.2,24.55,27.02,22.69,89.78,1.13,1.66,0.43,97.37
20111211,2.94,6.4442,5.3028,2.2742,0.62,24.66,27.67,21.72,87.27,1.23,1.7,0.48,97.37
20111212,31.92,5.665,3.0451,2.7922,0.55,24.29,27.79,22.14,86.62,0.96,1.58,0.4,97.43
20111213,16.95,6.169,5.2814,2.0285,0.59,25.1,29.22,21.69,86.16,1.76,2.45,0.64,97.24
20111214,1.98,3.9622,0.4903,2.839,0.38,25.28,28.18,23.07,89.49,1.36,2.26,0.53,97.28
20111215,2.78,5.8063,3.9382,2.6614,0.56,25.45,28.65,23.44,87.99,1.18,2.32,0.54,97.19
20111216,4.14,5.1912,1.6675,3.0715,0.5,24.7,27.75,22.6,89.33,1.28,2.23,0.5,97.22
20111217,7.75,5.928,5.2829,1.986,0.57,25.68,28.51,23.49,88.35,1.42,2.53,0.58,97.15
20111218,9.23,4.9639,2.2495,2.6724,0.48,24.92,25.89,23.66,95.43,1.22,1.83,0.48,97.23
20111219,3.49,5.5222,2.4514,3.2304,0.53,24.91,27.08,23.36,92.96,1.32,2.2,0.49,97.21
20111220,2.99,6.0427,4.6903,2.353,0.58,25.36,28.58,23.14,88.35,1.29,2.58,0.5,97.23
20111221,10.51,4.9176,1.6399,3.1567,0.47,25.6,29.03,22.6,85.43,1.55,2.56,0.57,97.1
20111222,15.46,5.1708,2.2176,3.1296,0.5,25.71,27.9,24.51,95.16,1.16,1.61,0.5,96.94
20111223,17.27,5.1482,2.2231,2.9904,0.5,25.63,28.81,23.9,90.7,1.16,2.09,0.49,96.94
20111224,44.37,5.2229,2.5279,2.8903,0.5,24.91,28.38,22.55,89.57,1.28,1.93,0.46,97.04
20111225,18.03,5.7362,2.8042,3.0422,0.55,25.68,29.34,22.35,86.09,1.24,1.77,0.44,96.94
20111226,3.83,5.2445,2.3506,3.1171,0.51,26.53,29.64,24.87,87.45,1.06,2.07,0.48,97.06
20111227,2.67,4.5907,0.8189,3.1349,0.44,25.99,28.63,24.28,88.42,0.93,1.54,0.41,97.17
20111228,11.93,5.7634,4.1573,2.3664,0.56,26.18,29.67,23.94,90.27,1.09,1.61,0.43,97.11
20111229,11.14,4.7083,1.0037,3.0809,0.45,25.32,28.32,23.41,90.66,1.2,2.04,0.55,97.26
20111230,1.56,6.2563,5.2231,2.3866,0.6,25.0,28.58,22.04,89.74,1.49,2.36,0.64,97.43
20111231,0.07,4.5902,1.7724,2.7487,0.44,24.22,27.28,21.96,86.62,0.93,1.5,0.37,97.55
20120101,0.03,5.0916,1.8166,3.1723,0.49,24.81,28.6,21.91,84.78,0.97,1.53,0.37,97.41
20120102,0.44,3.9552,0.8796,2.5675,0.38,24.75,28.01,22.78,89.22,1.29,2.76,0.55,97.43
20120103,11.55,6.054,4.6366,2.4062,0.58,23.48,26.25,22.2,92.03,1.15,2.07,0.44,97.4
20120104,4.54,4.3385,0.3564,3.143,0.42,23.13,24.94,22.04,93.06,1.0,1.89,0.44,97.46
20120105,7.53,4.9651,1.4659,3.0139,0.48,24.74,26.91,23.06,90.44,1.0,1.82,0.44,97.4
20120106,2.13,5.995,3.2095,3.0418,0.58,24.99,27.98,22.98,91.88,1.06,1.8,0.44,97.46
20120107,0.11,6.1202,4.5636,2.598,0.59,25.23,28.42,22.79,86.88,0.79,1.41,0.3,97.5
20120108,1.96,5.8188,4.7443,2.058,0.56,25.25,28.31,22.82,87.49,1.25,2.03,0.47,97.43
20120109,8.41,5.0695,2.0206,2.8651,0.49,24.32,25.64,23.26,92.65,1.03,1.56,0.5,97.43
20120110,14.82,5.3974,3.887,2.3436,0.52,24.91,27.95,23.24,88.69,1.41,2.62,0.64,97.37
20120111,17.77,4.8518,2.622,2.5025,0.46,24.4,26.67,22.82,92.41,0.88,1.6,0.39,97.42
20120112,7.27,6.252,4.8929,2.3441,0.6,24.69,27.33,22.37,90.69,1.34,2.09,0.56,97.35
20120113,31.73,4.7002,2.1605,2.67,0.45,24.9,27.95,23.17,88.11,1.06,2.04,0.44,97.39
20120114,11.77,6.2957,4.9754,2.4785,0.6,24.68,27.51,22.97,92.75,1.44,2.23,0.6,97.27
20120115,16.15,5.1634,3.5225,2.3244,0.49,25.11,28.4,22.75,89.23,1.1,2.04,0.49,97.16
20120116,32.89,4.1935,0.503,2.9825,0.4,24.69,26.65,23.81,94.53,1.03,1.82,0.49,97.15
20120117,4.93,5.6779,3.3242,3.0679,0.54,24.83,27.6,23.56,91.4,1.34,2.31,0.61,97.21
20120118,9.66,5.779,3.2378,2.9777,0.55,25.05,27.6,23.32,92.96,1.55,2.58,0.68,97.18
20120119,39.81,5.9057,4.5329,2.2553,0.56,24.66,26.39,23.43,96.25,1.44,2.05,0.69,97.11
20120120,17.8,5.8567,4.4023,2.3462,0.56,24.62,26.83,23.35,94.09,1.36,2.22,0.64,97.11
20120121,5.09,5.0851,1.985,3.061,0.48,24.44,27.06,22.86,91.99,1.23,2.45,0.59,97.15
20120122,12.86,5.1382,1.7698,3.0017,0.49,24.98,27.41,23.3,91.03,1.2,2.28,0.55,97.12
20120123,14.25,5.3606,1.8442,3.3372,0.51,26.0,28.61,24.19,86.27,0.85,2.01,0.43,97.04
20120124,12.91,5.3563,2.6165,2.658,0.51,26.15,30.01,23.32,86.1,1.05,2.04,0.41,96.93
20120125,22.49,5.7521,3.7982,2.6222,0.55,26.01,28.63,24.2,88.67,1.21,1.99,0.46,97.02
20120126,3.81,5.0455,1.8878,2.9186,0.48,25.96,30.18,22.91,86.47,1.03,2.25,0.41,97.11
20120127,2.14,6.2071,4.2542,2.9443,0.59,25.68,29.38,22.34,84.55,1.15,1.97,0.43,97.26
20120128,9.13,5.4792,3.0785,2.5558,0.52,25.76,27.59,23.97,87.6,0.96,1.6,0.49,97.26
20120129,11.11,5.6981,3.2414,2.5774,0.54,25.01,26.73,23.63,89.88,0.94,1.77,0.48,97.29
20120130,16.8,5.7228,3.5789,2.5922,0.54,25.05,28.58,22.31,87.34,1.43,2.01,0.58,97.33
20120131,14.81,4.1604,0.335,2.989,0.39,24.17,27.23,21.33,86.78,1.07,1.55,0.52,97.44
20120201,4.48,5.4588,1.8727,3.311,0.52,25.03,28.35,22.24,88.67,1.34,2.0,0.65,97.2
20120202,6.32,5.9556,4.241,2.3911,0.56,25.04,29.04,21.41,85.13,1.4,2.23,0.54,96.99
20120203,0.42,4.0051,0.077,3.0622,0.38,24.57,27.13,21.74,85.57,1.22,2.21,0.58,97.2
20120204,3.6,6.347,4.8161,2.3758,0.6,24.26,27.28,22.03,87.82,1.4,2.59,0.63,97.35
20120205,0.58,5.5346,2.0323,3.4913,0.52,24.16,28.12,21.61,86.36,1.17,1.64,0.5,97.4
20120206,0.01,5.4386,0.9518,3.725,0.51,24.94,29.1,21.49,82.72,1.24,1.82,0.51,97.25
20120207,0.0,6.6065,5.2015,3.264,0.62,25.25,28.97,22.68,86.18,1.22,2.49,0.51,97.27
20120208,3.19,5.6926,3.5009,3.601,0.54,24.74,28.15,22.31,87.98,1.34,2.5,0.58,97.36
20120209,6.4,4.9846,0.8479,3.4394,0.47,23.93,26.41,21.97,90.85,1.11,1.77,0.51,97.43
20120210,4.7,5.5147,1.7042,3.4858,0.52,24.24,27.58,21.7,89.08,1.21,1.86,0.51,97.36
20120211,17.5,5.0186,1.0795,3.251,0.47,23.85,26.15,22.52,94.75,1.22,2.09,0.47,97.33
20120212,73.02,4.5806,0.8282,3.1267,0.43,23.5,24.6,22.71,96.46,1.32,1.9,0.53,97.44
20120213,32.09,5.3551,2.4283,2.7487,0.5,24.72,27.63,22.64,90.92,1.27,2.09,0.54,97.42
20120214,16.17,4.7441,0.8887,2.9311,0.45,24.3,26.46,22.67,91.31,1.07,1.61,0.44,97.46
20120215,29.6,5.3023,1.9159,2.8337,0.5,24.06,26.49,22.42,94.04,1.11,1.96,0.48,97.29
20120216,5.39,5.0935,2.0455,2.795,0.48,24.9,28.24,22.51,89.56,1.35,2.25,0.56,97.26
20120217,1.9,5.723,1.86,3.5095,0.54,24.85,26.58,23.67,93.74,1.84,2.44,0.72,97.35
20120218,0.32,4.4237,0.7282,2.994,0.41,24.65,27.23,23.14,89.01,1.35,2.17,0.58,97.41
20120219,10.89,5.6335,4.1364,2.6155,0.53,24.13,25.65,23.09,93.2,1.47,2.09,0.61,97.43
20120220,13.12,5.1761,1.6546,3.0562,0.49,24.12,27.23,21.86,91.04,1.37,2.28,0.6,97.46
20120221,4.49,5.179,1.6687,3.0809,0.49,23.73,25.42,22.62,96.99,1.41,2.4,0.58,97.34
20120222,10.5,5.9741,3.7454,2.753,0.56,24.46,27.69,21.6,89.86,1.53,2.32,0.62,97.31
20120223,4.29,6.2321,3.7099,2.9806,0.58,24.59,27.87,22.09,87.95,1.36,1.89,0.52,97.31
20120224,14.37,6.0298,3.5268,2.9974,0.57,24.08,26.61,21.99,89.64,1.06,1.48,0.45,97.29
20120225,6.94,3.6038,0.331,2.6076,0.34,24.47,28.0,22.04,87.42,1.19,1.93,0.42,97.24
20120226,0.81,7.0894,7.2139,1.5926,0.67,24.72,28.4,22.59,86.69,0.96,1.72,0.37,97.18
20120227,1.29,6.2614,5.1175,2.8548,0.59,24.7,28.16,21.21,83.19,1.58,2.25,0.49,97.05
20120228,2.17,3.7066,0.2194,2.6938,0.35,24.57,28.09,22.09,88.76,1.02,1.77,0.39,97.1
20120229,11.77,6.2386,4.98,2.1701,0.59,23.99,25.57,22.5,93.37,1.25,1.77,0.55,97.24
20120301,13.12,5.4593,1.7599,3.2945,0.51,23.26,25.62,20.88,90.53,1.07,1.7,0.39,97.23
20120302,29.5,6.5386,5.2963,2.1259,0.61,23.23,24.75,21.28,92.74,0.8,1.07,0.33,97.17
20120303,17.15,6.835,5.873,2.3225,0.64,24.17,26.68,22.01,92.55,0.97,1.48,0.38,97.19
20120304,9.51,5.7089,3.6653,3.5191,0.54,24.59,27.27,22.83,91.56,1.4,2.44,0.58,97.22
20120305,12.92,5.2826,1.3452,3.6883,0.5,23.96,25.35,22.83,94.09,1.38,2.23,0.56,97.18
20120306,23.56,3.5448,0.707,2.5049,0.33,24.22,26.75,22.36,92.14,1.44,2.59,0.56,97.12
20120307,9.25,5.929,3.169,2.8526,0.56,24.08,26.53,22.75,93.91,1.27,1.96,0.54,97.07
20120308,12.8,5.5145,2.3016,2.9441,0.52,24.67,27.18,22.94,94.87,1.46,2.52,0.57,96.99
20120309,7.44,5.0333,1.471,2.9342,0.48,24.38,26.17,23.05,93.72,1.21,2.07,0.49,97.17
20120310,14.6,4.8854,1.0718,2.9575,0.46,24.52,27.1,22.44,90.78,1.34,2.28,0.55,97.15
20120311,16.59,4.5559,0.3365,3.1656,0.43,23.85,25.23,22.79,95.4,1.19,1.92,0.46,97.22
20120312,24.75,5.3633,2.1041,3.5304,0.51,24.39,25.89,22.86,95.65,1.33,2.04,0.61,97.26
20120313,30.21,4.7573,2.8774,2.3825,0.45,24.63,26.1,23.71,95.97,1.0,1.5,0.46,97.28
20120314,23.27,4.1213,0.2779,2.9825,0.39,24.29,26.02,23.01,95.74,1.35,1.88,0.56,97.31
20120315,3.66,5.3371,1.3142,3.6398,0.51,24.31,27.56,22.09,90.29,1.31,2.37,0.53,97.32
20120316,1.59,4.3217,1.0538,3.084,0.41,24.08,27.35,21.24,85.93,1.32,1.65,0.46,97.32
20120317,10.71,3.3646,0.2407,2.4288,0.32,23.81,27.58,21.59,86.95,1.09,1.42,0.38,97.35
20120318,8.65,5.6304,2.8522,3.2772,0.54,23.99,27.68,21.4,89.35,1.28,2.1,0.55,97.42
20120319,0.47,4.5151,0.4231,3.2722,0.43,24.82,27.54,22.95,87.75,1.29,2.62,0.59,97.25
20120320,2.41,6.3754,4.8019,2.4847,0.61,25.73,28.91,23.12,85.07,1.44,2.29,0.66,97.18
20120321,0.75,5.2762,2.045,2.9971,0.51,25.4,27.81,23.46,87.78,1.44,1.7,0.69,97.31
20120322,0.39,6.6914,5.7754,2.1835,0.64,25.5,29.79,22.32,82.51,1.33,2.26,0.58,97.34
20120323,9.52,5.7806,4.0615,2.1701,0.56,24.62,26.78,23.15,91.26,1.07,2.11,0.54,97.46
20120324,7.41,3.421,0.319,2.485,0.33,24.18,27.29,22.25,91.89,1.35,2.78,0.6,97.41
20120325,8.53,5.4655,2.3782,2.9134,0.53,23.55,26.99,20.7,89.4,1.33,2.0,0.55,97.44
20120326,0.81,6.9576,6.2981,1.9908,0.67,24.48,28.22,20.85,84.97,1.0,1.99,0.44,97.45
20120327,3.77,5.3515,3.8534,2.2778,0.52,24.77,28.14,22.03,89.83,1.44,2.68,0.59,97.47
20120328,3.93,6.0386,4.6294,2.3198,0.59,24.59,27.6,22.56,90.2,1.34,2.55,0.59,97.53
20120329,2.36,4.8358,1.8322,2.7307,0.47,23.99,26.27,21.96,93.15,1.43,1.97,0.65,97.6
20120330,8.0,3.3449,1.2511,2.0537,0.33,23.5,26.93,20.96,89.99,1.0,1.33,0.43,97.59
20120331,3.56,4.7861,1.4462,2.7881,0.47,22.8,24.73,21.3,91.86,1.11,1.31,0.45,97.65
20120401,39.96,5.8726,4.2958,2.2274,0.57,23.44,27.23,20.12,82.9,1.13,1.67,0.42,97.68
20120402,4.15,6.1337,4.5902,2.255,0.6,24.2,28.34,20.8,86.21,1.4,2.43,0.58,97.7
20120403,0.31,6.7522,6.5081,1.7806,0.66,24.67,28.0,22.55,89.64,1.37,2.36,0.6,97.74
20120404,1.44,6.1982,5.7355,1.9692,0.61,24.48,28.19,21.63,89.5,1.59,2.49,0.72,97.64
20120405,1.81,4.5794,2.1118,2.5783,0.45,24.0,27.0,22.31,90.28,1.51,2.23,0.65,97.6
20120406,19.74,5.2774,3.6456,2.4806,0.52,23.94,26.78,22.02,91.61,1.21,2.03,0.53,97.56
20120407,7.28,6.239,5.4139,2.009,0.62,23.5,25.71,22.28,92.86,1.3,1.84,0.55,97.57
20120408,13.38,5.9143,5.4098,1.8881,0.59,24.11,26.89,21.97,91.81,1.27,1.91,0.61,97.54
20120409,5.13,6.625,6.3298,1.7686,0.66,24.38,27.31,22.63,92.68,1.28,1.76,0.54,97.52
20120410,1.51,5.4374,2.9642,2.6249,0.54,24.22,27.13,21.81,91.14,0.88,1.31,0.45,97.53
20120411,37.66,5.1744,2.5445,2.7526,0.52,24.33,27.19,22.09,92.07,1.3,1.75,0.55,97.39
20120412,57.52,3.7459,1.3282,2.2097,0.37,24.42,26.21,23.3,94.83,1.26,1.45,0.5,97.42
20120413,31.73,6.0814,4.8514,2.2565,0.61,24.45,26.87,22.67,92.62,1.02,1.71,0.37,97.48
20120414,3.2,4.0159,1.0469,2.7739,0.4,24.71,26.55,23.57,95.11,1.24,1.95,0.53,97.52
20120415,2.18,5.8337,4.277,2.3698,0.59,24.3,26.88,22.0,90.0,1.14,1.91,0.49,97.47
20120416,10.08,4.9013,3.4819,2.0321,0.49,24.75,27.41,22.69,91.66,1.08,2.25,0.39,97.27
20120417,7.4,4.681,2.6395,2.2771,0.47,24.52,26.93,22.62,92.49,1.04,1.87,0.42,97.22
20120418,22.34,5.5373,3.2887,2.4415,0.56,23.75,24.95,22.54,95.21,0.94,1.85,0.39,97.3
20120419,19.5,6.0667,5.401,1.9572,0.62,23.96,25.74,22.78,93.01,0.96,1.43,0.48,97.44
20120420,9.27,6.019,4.9728,2.2586,0.61,24.03,25.9,22.6,94.4,1.03,1.3,0.47,97.44
20120421,4.72,5.3383,3.4166,2.3868,0.55,24.82,27.5,23.1,92.03,1.11,1.7,0.46,97.37
20120422,31.91,5.7175,4.357,2.4506,0.59,23.92,25.42,22.69,95.29,1.19,1.83,0.5,97.4
20120423,45.1,4.4904,2.1665,2.49,0.46,23.82,26.08,22.25,92.21,1.04,1.84,0.42,97.41
20120424,3.67,5.4634,3.6367,2.5762,0.56,23.72,26.0,22.37,92.78,1.09,1.54,0.45,97.42
20120425,47.09,3.551,0.4942,2.5786,0.37,23.27,24.31,22.3,97.11,1.3,1.85,0.56,97.54
20120426,28.34,5.5126,3.432,2.5848,0.57,23.72,26.4,21.43,92.77,0.8,1.06,0.37,97.53
20120427,8.88,4.7054,2.0494,2.635,0.49,23.2,24.68,22.17,94.91,0.89,1.17,0.32,97.64
20120428,2.04,5.935,5.6832,1.8485,0.62,24.87,27.79,22.45,86.01,1.26,2.11,0.48,97.5
20120429,36.99,4.7558,3.1296,2.1257,0.5,23.7,25.8,22.45,94.5,1.06,1.64,0.44,97.49
20120430,28.09,3.9833,1.2761,2.5018,0.42,23.94,25.99,22.43,93.12,1.22,2.16,0.55,97.49
20120501,4.93,5.7715,4.7654,2.0738,0.61,23.77,26.0,22.1,92.04,0.8,1.25,0.33,97.49
20120502,10.04,5.3803,4.9068,1.8202,0.57,24.17,26.96,21.86,93.25,1.04,2.05,0.47,97.45
20120503,49.35,4.3553,1.0462,2.7302,0.46,24.03,25.18,23.16,94.44,0.7,1.22,0.31,97.31
20120504,19.24,5.244,4.1203,2.3306,0.55,24.07,25.64,22.89,94.19,1.07,1.82,0.49,97.31
20120505,4.33,3.3718,1.7095,2.0364,0.36,24.37,27.43,22.16,89.65,1.28,2.21,0.48,97.33
20120506,7.3,3.8201,0.2952,2.8579,0.41,23.35,25.83,22.17,94.07,1.08,1.88,0.44,97.51
20120507,18.41,5.6431,4.9697,2.0244,0.6,24.06,27.23,21.59,90.45,1.41,2.51,0.56,97.46
20120508,7.85,3.0492,0.2966,2.155,0.33,23.76,26.23,21.86,90.56,0.8,1.12,0.39,97.49
20120509,10.71,5.1691,2.4886,2.753,0.55,24.15,27.2,21.61,89.62,1.1,1.88,0.53,97.5
20120510,8.88,4.7899,2.6611,2.4235,0.52,23.63,25.9,22.2,92.27,0.9,1.21,0.37,97.47
20120511,19.86,3.4493,0.7534,2.3909,0.37,23.5,24.95,21.85,96.94,1.24,1.54,0.43,97.43
20120512,5.21,4.6018,1.9675,2.7758,0.5,24.04,25.75,22.77,93.25,0.95,1.5,0.43,97.32
20120513,10.68,4.8338,3.8054,1.9906,0.52,24.39,26.35,23.25,91.41,0.97,1.62,0.45,97.39
20120514,4.17,4.987,2.6052,2.6234,0.54,23.51,25.15,22.09,93.7,0.91,1.43,0.39,97.54
20120515,7.86,5.4166,5.0822,1.9586,0.59,22.83,24.68,21.32,91.78,0.54,1.16,0.24,97.6
20120516,13.39,4.205,1.1306,2.5301,0.46,23.4,26.68,21.19,92.17,1.0,1.39,0.42,97.51
20120517,14.27,4.7203,1.735,2.731,0.52,24.08,27.68,21.48,90.71,1.3,2.07,0.54,97.43
20120518,29.45,4.404,2.2858,2.4209,0.48,23.88,25.34,22.62,96.28,1.19,1.49,0.47,97.47
20120519,15.14,4.7244,2.8944,2.2814,0.52,24.32,26.48,23.5,94.72,1.73,2.59,0.72,97.38
20120520,3.75,3.6634,0.456,2.6124,0.4,23.59,24.91,22.02,94.85,1.74,2.55,0.7,97.42
20120521,1.86,4.7748,3.5594,2.0484,0.53,23.86,27.19,21.17,91.55,1.36,2.17,0.54,97.31
20120522,2.15,3.7481,1.1057,2.4043,0.41,23.94,26.02,22.35,93.34,0.82,1.16,0.27,97.32
20120523,6.95,4.8792,2.7958,2.5483,0.54,24.24,26.27,22.59,92.03,1.13,2.15,0.39,97.36
20120524,3.31,5.238,4.9517,1.8504,0.58,24.49,27.08,22.97,93.14,1.3,2.39,0.49,97.37
20120525,19.01,4.9298,2.7974,2.5685,0.55,24.06,25.41,23.14,95.66,1.43,2.07,0.54,97.49
20120526,54.98,4.9706,3.7697,2.1698,0.55,23.94,25.28,22.69,97.42,1.55,2.65,0.62,97.51
20120527,35.1,4.6049,2.0534,2.6616,0.51,23.36,24.57,22.2,96.82,0.96,1.43,0.39,97.5
20120528,15.59,5.4463,5.053,1.8214,0.61,23.36,25.26,22.16,95.27,1.13,1.49,0.5,97.45
20120529,15.09,5.221,5.3702,1.5187,0.59,24.14,26.76,22.34,92.55,1.31,2.2,0.55,97.37
20120530,12.07,3.1949,0.559,2.1874,0.36,23.49,25.6,22.25,93.67,1.42,2.24,0.62,97.44
20120531,18.88,5.429,5.2145,1.8026,0.61,24.44,27.81,22.33,92.64,1.17,2.27,0.52,97.35
20120601,8.45,4.8103,3.5501,2.1442,0.54,24.66,27.53,23.1,93.24,1.17,1.97,0.48,97.34
20120602,7.93,3.5417,0.8126,2.3105,0.4,24.49,26.47,23.06,95.67,1.39,1.96,0.59,97.32
20120603,21.93,3.3158,0.7826,2.1394,0.37,24.17,25.63,23.34,96.36,1.67,2.89,0.69,97.29
20120604,10.81,2.0904,0.1469,1.4945,0.24,23.88,25.18,23.22,96.41,1.69,2.66,0.65,97.39
20120605,18.2,2.928,0.5213,2.1182,0.33,23.41,24.32,22.62,97.22,1.6,2.52,0.61,97.45
20120606,3.12,3.5971,1.4138,2.0549,0.41,23.14,24.81,22.31,95.48,1.38,2.29,0.58,97.46
20120607,35.86,4.2845,2.004,2.365,0.49,23.6,25.17,22.42,95.15,1.13,1.9,0.52,97.5
20120608,30.92,3.2971,0.3847,2.3198,0.37,23.81,25.47,22.61,97.11,1.32,1.51,0.6,97.51
20120609,34.46,2.8387,0.613,1.8091,0.32,23.38,24.69,22.41,96.6,1.37,1.83,0.59,97.59
20120610,25.17,4.2626,2.9609,2.0114,0.49,23.39,26.27,22.01,93.35,1.27,1.94,0.58,97.53
20120611,13.3,3.8426,2.8956,1.7772,0.44,22.8,24.76,21.65,92.45,1.01,1.67,0.44,97.51
20120612,1.09,3.475,2.1574,1.8274,0.4,22.69,24.34,21.31,93.66,1.28,1.92,0.58,97.56
20120613,18.68,2.5865,0.271,1.8216,0.3,22.67,24.12,21.77,96.6,1.41,2.4,0.65,97.63
20120614,12.18,3.7486,0.9919,2.561,0.43,22.92,24.87,21.47,94.24,0.8,1.13,0.4,97.61
20120615,7.97,4.2036,2.2128,2.2207,0.48,23.39,26.22,21.84,93.24,1.47,2.53,0.66,97.57
20120616,0.71,5.5999,5.6189,1.7258,0.64,23.6,26.71,21.11,89.92,1.24,1.69,0.61,97.56
20120617,1.48,3.486,2.0964,1.878,0.4,23.43,25.45,22.13,93.72,1.15,2.25,0.45,97.71
20120618,1.65,4.5845,4.4023,1.7606,0.53,23.97,26.49,22.3,92.49,0.96,1.96,0.39,97.71
20120619,5.83,4.3843,5.065,1.403,0.5,23.73,26.03,22.67,95.43,1.34,1.96,0.58,97.62
20120620,3.0,2.9102,0.437,2.1468,0.33,23.22,24.18,22.45,95.89,1.5,2.07,0.55,97.57
20120621,14.45,4.7554,4.3428,1.7021,0.55,23.7,25.8,22.32,94.93,1.34,2.12,0.44,97.5
20120622,25.51,3.5722,1.0589,2.1842,0.41,23.13,24.01,22.25,97.44,1.84,2.54,0.74,97.63
20120623,9.58,2.9098,0.2422,2.1324,0.33,21.9,23.1,20.13,96.48,1.31,1.77,0.51,97.7
20120624,9.2,3.8323,1.5492,2.19,0.44,22.24,25.25,20.08,93.43,1.36,2.32,0.59,97.64
20120625,27.73,3.5268,0.7234,2.3016,0.4,22.92,24.69,21.93,96.19,1.48,2.55,0.59,97.59
20120626,44.21,4.8206,3.8333,2.1955,0.55,23.18,24.9,22.05,96.28,1.23,2.21,0.44,97.52
20120627,28.8,3.0439,0.3281,2.1079,0.35,23.27,23.89,22.74,96.07,0.82,1.26,0.48,97.55
20120628,5.08,3.7908,2.0299,2.1382,0.43,23.17,24.15,22.37,95.57,1.17,2.12,0.52,97.55
20120629,13.09,5.2037,5.0978,1.7635,0.6,23.89,26.86,21.87,90.74,1.36,2.44,0.57,97.47
20120630,10.8,4.9596,4.5362,1.8108,0.57,23.61,26.69,21.99,92.96,1.36,2.25,0.54,97.47
20120701,7.88,4.0104,2.5654,1.9606,0.46,23.26,25.48,22.05,93.34,1.87,2.88,0.74,97.51
20120702,1.83,3.8599,2.1274,2.0306,0.44,22.76,25.39,21.44,93.1,1.4,2.24,0.6,97.4
20120703,8.8,4.5384,3.7217,1.8982,0.52,22.72,24.89,21.09,93.89,1.41,2.3,0.6,97.35
20120704,19.58,4.0361,3.3499,1.7304,0.46,23.09,24.46,22.24,96.49,1.61,2.77,0.67,97.25
20120705,29.69,4.1086,2.7886,1.8535,0.47,22.8,24.66,21.94,95.03,1.19,1.96,0.5,97.36
20120706,27.53,2.4242,0.2395,1.715,0.28,22.6,23.62,21.51,97.73,1.25,1.9,0.53,97.32
20120707,6.03,4.6051,3.3785,2.0933,0.52,23.07,24.7,21.78,97.35,0.96,1.29,0.38,97.21
20120708,8.38,4.127,0.888,2.7427,0.47,23.21,24.4,22.22,96.98,1.08,1.63,0.42,97.24
20120709,7.59,5.0414,4.379,2.046,0.57,23.75,25.37,22.37,96.41,1.42,1.97,0.57,97.34
20120710,4.9,3.4046,0.1956,2.6028,0.39,23.67,25.59,22.6,94.87,1.13,1.67,0.46,97.42
20120711,2.23,3.6521,0.9751,2.5346,0.41,23.64,25.79,21.78,93.71,1.12,1.72,0.45,97.46
20120712,4.71,5.172,4.7753,1.9169,0.58,24.25,27.25,22.45,92.16,1.07,2.0,0.42,97.44
20120713,7.68,4.1398,1.5622,2.3402,0.47,23.47,25.39,22.04,94.5,1.29,1.92,0.49,97.46
20120714,1.38,4.4138,1.6858,2.5966,0.5,22.97,25.56,21.42,93.47,1.2,2.13,0.49,97.44
20120715,3.88,5.3498,5.5762,1.5456,0.6,23.56,25.34,22.2,94.84,1.24,2.03,0.5,97.48
20120716,63.88,3.7193,0.6341,2.586,0.42,23.32,25.04,22.16,96.6,1.42,2.26,0.63,97.52
20120717,32.26,3.8786,1.9438,2.1684,0.43,23.45,25.16,22.34,96.85,1.56,2.41,0.64,97.48
20120718,24.86,2.7643,0.2196,2.1007,0.31,23.32,24.65,22.44,96.61,1.24,1.64,0.44,97.47
20120719,17.96,4.1429,2.5001,2.226,0.46,23.56,24.99,22.78,96.97,1.49,2.87,0.6,97.45
20120720,8.2,3.3463,1.3798,1.8737,0.37,23.03,24.25,22.22,95.53,1.48,2.2,0.59,97.59
20120721,8.15,2.977,1.1479,1.8005,0.33,22.75,24.7,21.72,95.17,1.47,2.33,0.6,97.58
20120722,32.48,3.39,1.7712,1.8766,0.38,22.48,24.62,21.33,93.77,1.17,2.3,0.53,97.51
20120723,17.72,3.4951,0.6643,2.3554,0.39,22.5,25.54,21.0,91.02,1.45,2.4,0.64,97.45
20120724,1.81,4.7794,3.4805,2.2618,0.53,22.69,25.29,20.83,93.02,1.49,2.47,0.61,97.49
20120725,6.98,3.4781,1.4549,1.9586,0.38,22.5,24.48,21.42,94.32,1.41,2.63,0.55,97.6
20120726,11.13,3.7169,1.2125,2.3381,0.41,22.17,23.69,21.11,95.33,1.37,2.25,0.54,97.59
20120727,13.03,2.4331,0.253,1.7357,0.27,21.74,23.71,20.62,93.86,1.54,2.64,0.63,97.68
20120728,3.4,3.0826,0.7658,1.9745,0.34,21.81,24.71,19.78,92.56,1.39,2.48,0.6,97.61
20120729,2.76,2.9088,0.221,2.1917,0.32,21.43,22.98,20.39,95.96,1.18,1.98,0.52,97.6
20120730,2.57,4.2811,1.9807,2.4259,0.47,22.07,24.5,20.73,94.06,1.4,2.59,0.58,97.53
20120731,11.0,3.4267,1.5516,1.9368,0.37,21.48,23.16,20.69,94.98,1.22,2.1,0.49,97.64
20120801,6.77,3.3607,0.4476,2.4902,0.37,21.79,23.32,20.65,95.22,1.04,1.74,0.41,97.66
20120802,15.08,3.8246,0.954,2.3479,0.41,22.16,23.9,21.05,95.83,0.81,1.21,0.33,97.7
20120803,3.67,5.5469,3.5388,2.4713,0.6,23.11,26.44,20.64,91.29,1.37,2.32,0.58,97.64
20120804,2.86,4.7774,2.2759,2.597,0.52,22.47,24.09,21.54,94.79,1.31,2.14,0.53,97.67
20120805,15.69,3.6686,0.9072,2.2997,0.4,22.29,23.78,21.32,94.44,1.03,2.03,0.42,97.71
20120806,12.98,3.4416,1.1578,1.9742,0.37,22.06,23.58,21.23,95.31,1.18,2.11,0.48,97.75
20120807,5.92,3.6288,1.6358,2.0278,0.39,22.45,24.62,21.19,92.62,1.0,2.09,0.49,97.75
20120808,6.9,3.7603,1.1333,2.3796,0.4,22.58,24.2,21.07,90.2,1.3,2.21,0.55,97.71
20120809,3.72,3.1841,0.5393,2.2442,0.34,22.32,24.54,21.34,93.38,1.46,2.41,0.6,97.71
20120810,42.56,3.8014,1.6817,2.0635,0.4,22.61,25.48,21.11,93.81,1.3,2.64,0.54,97.73
20120811,25.6,3.127,0.8966,1.9034,0.33,22.56,25.68,21.09,92.8,1.59,2.37,0.63,97.74
20120812,5.87,2.8555,0.5009,1.9255,0.3,21.45,23.98,20.0,92.31,1.44,2.29,0.6,97.73
20120813,7.05,2.977,0.6662,2.01,0.31,21.19,23.54,20.13,94.48,1.39,2.31,0.59,97.68
20120814,5.87,3.3749,1.1066,2.1931,0.36,21.29,23.23,20.12,93.6,1.54,2.66,0.67,97.71
20120815,3.59,3.719,0.2906,2.6813,0.39,21.65,23.58,20.39,93.47,1.14,2.23,0.5,97.77
20120816,1.39,4.3073,2.5615,2.1691,0.45,22.16,25.04,20.6,91.47,1.12,2.72,0.47,97.67
20120817,9.05,3.8582,1.3495,2.3321,0.4,22.17,24.83,20.48,93.71,1.33,2.53,0.58,97.52
20120818,36.33,3.7699,0.9218,2.5073,0.39,22.35,24.79,21.01,95.16,1.13,2.17,0.53,97.58
20120819,18.59,4.4035,2.9786,1.9654,0.46,23.16,25.45,21.4,94.31,1.3,2.07,0.53,97.52
20120820,31.59,2.341,0.0384,1.7614,0.24,22.62,24.63,21.39,95.58,1.44,2.47,0.58,97.54
20120821,11.52,4.669,1.8552,2.6263,0.48,22.74,24.6,21.08,95.68,1.38,2.18,0.56,97.57
20120822,3.49,4.1899,1.0229,2.5337,0.43,23.35,25.74,21.9,94.3,1.01,1.4,0.42,97.52
20120823,21.52,5.4161,3.0266,2.6208,0.56,23.23,25.39,21.65,95.42,1.09,1.62,0.49,97.54
20120824,43.56,4.4225,1.2475,2.6297,0.46,23.7,26.21,22.16,94.92,1.44,2.44,0.51,97.53
20120825,21.87,4.4508,1.8686,2.58,0.46,23.44,25.37,22.28,96.42,1.46,2.34,0.57,97.54
20120826,4.77,4.7926,2.3885,2.4326,0.49,23.02,24.09,22.18,95.8,1.4,2.32,0.63,97.58
20120827,5.1,4.8811,2.4132,2.4612,0.5,23.38,26.08,21.31,93.5,1.28,1.99,0.55,97.55
20120828,68.05,2.9921,0.1942,2.2075,0.3,23.35,25.29,22.25,94.96,1.18,1.78,0.52,97.61
20120829,61.31,2.773,0.1934,1.9526,0.28,22.92,24.12,22.11,96.1,0.97,1.61,0.39,97.68
20120830,5.15,5.8106,3.9036,2.4619,0.59,23.21,25.39,21.82,94.62,1.32,2.06,0.54,97.58
20120831,25.27,3.3401,0.5222,2.2819,0.34,23.11,25.82,21.69,94.48,1.47,2.34,0.57,97.55
20120901,48.31,4.5468,2.088,2.3798,0.46,22.54,24.75,21.5,94.8,1.27,2.16,0.5,97.58
20120902,78.45,3.6768,0.2851,2.6976,0.37,22.59,23.95,21.1,97.59,1.35,2.05,0.57,97.51
20120903,90.28,3.0936,0.2357,2.2397,0.31,22.79,24.35,21.91,96.41,1.34,2.01,0.52,97.52
20120904,40.92,2.7583,0.0835,2.1043,0.28,22.64,24.06,21.8,96.77,0.97,1.29,0.4,97.69
20120905,8.58,4.8281,1.3536,3.3067,0.48,22.85,24.77,21.42,95.55,1.39,2.2,0.62,97.62
20120906,15.91,3.8832,1.2672,2.4662,0.39,23.3,25.67,21.96,94.27,1.22,2.36,0.5,97.54
20120907,14.63,3.2141,0.0804,2.4288,0.32,22.98,24.5,21.8,95.57,1.32,2.02,0.52,97.64
20120908,6.2,5.3731,3.9485,2.1353,0.53,22.96,26.81,20.57,91.5,1.59,2.61,0.64,97.51
20120909,26.91,3.8676,1.0358,2.3635,0.38,22.24,24.81,20.58,94.9,1.07,1.94,0.43,97.58
20120910,29.05,4.6486,1.9183,2.6196,0.46,22.55,23.79,21.7,96.96,1.18,1.65,0.49,97.55
20120911,43.66,4.351,0.7183,3.0022,0.43,23.29,25.13,21.83,94.75,1.04,1.9,0.4,97.5
20120912,15.25,3.5294,0.4111,2.5706,0.35,23.66,26.66,22.01,93.5,0.97,1.87,0.38,97.51
20120913,12.83,4.9956,3.0226,2.327,0.49,23.21,25.0,22.04,95.72,1.42,2.16,0.57,97.54
20120914,25.79,5.0722,1.4174,3.0984,0.5,23.83,26.36,21.87,93.04,1.05,1.74,0.44,97.43
20120915,12.85,3.979,0.6703,2.6143,0.39,23.65,26.46,22.0,93.81,1.46,2.49,0.55,97.54
20120916,9.61,4.5598,1.6147,2.5116,0.45,23.08,25.8,20.95,93.42,1.49,2.41,0.59,97.72
20120917,1.01,5.976,4.171,2.4749,0.59,23.44,27.37,20.18,88.77,1.04,1.69,0.39,97.64
20120918,0.02,6.4687,5.6318,2.1358,0.63,23.99,27.8,21.1,89.25,1.08,1.84,0.45,97.59
20120919,1.77,5.1862,2.9971,2.5078,0.51,23.23,25.54,21.52,92.11,0.92,1.57,0.36,97.51
20120920,5.24,3.7896,0.9706,2.3342,0.37,22.66,24.88,21.45,93.56,1.37,2.65,0.57,97.54
20120921,8.39,4.7018,2.5639,2.4002,0.46,23.05,25.52,21.73,92.48,1.07,1.94,0.49,97.6
20120922,7.57,4.3872,1.117,2.9131,0.43,23.53,26.0,22.03,94.15,1.49,2.27,0.59,97.47
20120923,15.1,3.6038,1.0106,2.129,0.35,23.23,25.54,22.1,94.91,1.49,2.31,0.59,97.34
20120924,27.13,3.654,0.786,2.2798,0.35,22.9,24.2,21.59,96.5,1.36,2.04,0.54,97.31
20120925,11.06,4.7194,2.0268,2.5963,0.46,23.24,25.23,22.0,95.01,1.47,2.66,0.63,97.48
20120926,28.72,4.3536,1.3402,2.855,0.42,23.38,25.66,21.73,91.76,1.16,2.36,0.5,97.61
20120927,6.38,5.7574,3.8138,2.5466,0.56,24.41,28.27,22.01,87.73,1.09,1.74,0.52,97.57
20120928,0.0,3.8441,0.6038,2.712,0.37,24.13,26.71,22.13,92.21,1.18,2.02,0.57,97.54
20120929,2.82,5.4756,4.6764,2.0748,0.53,24.23,27.94,21.27,89.19,1.17,1.9,0.49,97.59
20120930,3.05,5.7055,4.9015,1.9358,0.55,23.54,27.19,21.07,89.44,1.51,2.16,0.62,97.7
20121001,0.0,6.3703,4.1986,2.6719,0.61,22.54,26.47,19.71,88.23,1.33,1.98,0.57,97.76
20121002,1.74,4.1923,2.5452,2.0746,0.4,22.73,26.31,19.94,89.15,1.54,2.5,0.67,97.75
20121003,10.86,5.0894,3.7752,1.9982,0.49,22.76,25.83,20.41,89.07,1.28,2.21,0.52,97.58
20121004,5.83,4.83,2.3453,2.4509,0.46,23.36,25.85,21.33,92.68,1.0,1.65,0.47,97.49
20121005,10.59,4.3651,1.1789,3.03,0.42,24.17,27.44,22.32,92.86,1.38,2.3,0.59,97.52
20121006,7.45,5.1943,3.7543,2.16,0.5,23.56,26.63,22.14,92.68,1.35,2.18,0.54,97.63
20121007,12.31,4.7002,3.0242,2.0978,0.45,23.31,25.38,21.95,94.08,1.19,1.89,0.48,97.55
20121008,11.71,5.1468,3.5131,2.6232,0.49,23.99,26.87,22.17,92.19,1.23,1.9,0.52,97.41
20121009,6.13,4.842,2.0093,2.6978,0.46,24.38,27.49,22.02,90.02,1.18,2.27,0.48,97.35
20121010,2.57,5.5543,2.9546,2.7794,0.53,24.46,26.61,22.69,93.24,0.98,1.59,0.44,97.4
20121011,10.64,5.3304,2.1005,2.8697,0.51,24.79,26.84,23.54,87.46,1.11,1.87,0.43,97.57
20121012,10.37,4.3759,1.2797,2.7521,0.42,24.14,25.93,22.95,94.58,1.61,2.73,0.63,97.71
20121013,5.15,4.2775,0.2772,3.1102,0.41,24.52,27.38,22.83,88.63,1.27,2.47,0.51,97.65
20121014,21.39,5.6801,4.435,2.1965,0.54,23.94,25.84,22.55,92.13,0.7,1.11,0.34,97.67
20121015,20.79,3.8458,0.2539,2.7742,0.37,23.91,26.8,21.9,92.63,1.15,2.73,0.44,97.68
20121016,43.97,5.6734,3.5933,2.5181,0.54,23.7,25.86,22.17,92.94,1.03,1.57,0.4,97.69
20121017,25.69,6.5914,5.7814,2.0328,0.63,24.59,27.48,22.33,92.38,1.37,2.2,0.58,97.6
20121018,26.58,4.6253,1.1292,3.0972,0.44,24.49,27.23,22.92,92.54,1.26,2.17,0.57,97.58
20121019,12.97,5.3326,4.0339,2.2339,0.51,24.45,27.22,22.76,91.09,1.35,2.42,0.62,97.43
20121020,22.18,5.0066,3.0348,2.3196,0.48,24.17,27.38,22.01,92.19,1.39,2.15,0.59,97.4
20121021,54.18,3.6598,0.726,2.4336,0.35,24.56,27.69,22.3,92.67,1.65,2.63,0.65,97.32
20121022,31.34,4.1131,0.9166,2.801,0.39,23.72,26.32,21.82,90.31,1.09,1.75,0.48,97.36
20121023,0.4,4.2334,0.9014,2.8464,0.4,24.03,27.25,21.36,87.18,1.25,2.38,0.48,97.32
20121024,0.72,6.1255,4.7645,2.3688,0.58,24.48,27.78,21.92,88.57,1.25,2.07,0.52,97.27
20121025,1.43,4.5331,1.2636,2.845,0.43,24.55,27.39,23.11,91.8,0.94,1.52,0.37,97.36
20121026,2.69,5.4281,2.3798,2.8764,0.52,24.44,27.48,22.03,90.01,1.02,1.98,0.46,97.37
20121027,8.07,6.0696,4.297,2.467,0.58,25.06,28.93,22.04,88.39,1.35,2.6,0.56,97.35
20121028,4.91,5.0813,1.1429,3.143,0.48,24.43,27.48,23.02,89.76,0.97,1.78,0.45,97.45
20121029,5.78,6.5064,5.9868,1.9274,0.62,24.62,27.15,23.04,89.25,1.18,1.96,0.49,97.4
20121030,9.88,5.6791,2.7535,2.8966,0.54,23.78,25.97,21.74,91.82,0.95,1.37,0.4,97.36
20121031,18.29,5.0198,2.1454,2.8092,0.48,24.26,26.18,22.5,95.31,1.21,1.87,0.46,97.42
20121101,10.22,4.6303,2.8798,1.9937,0.44,25.34,28.3,23.48,91.94,1.25,2.2,0.48,97.41
20121102,2.99,2.8301,0.4138,2.113,0.27,24.5,26.59,22.81,91.44,0.97,1.41,0.4,97.41
20121103,2.26,6.3907,5.7202,2.149,0.61,24.7,27.8,22.45,87.12,1.36,2.58,0.58,97.32
20121104,1.53,4.29,0.973,2.8416,0.41,23.67,25.8,22.23,89.42,0.87,1.4,0.38,97.35
20121105,21.72,4.7124,0.8338,3.1097,0.45,24.38,27.44,22.09,90.78,1.27,2.57,0.52,97.34
20121106,56.62,4.3622,0.7085,2.8145,0.42,23.3,24.32,21.81,94.13,1.11,2.13,0.38,97.39
20121107,10.35,5.5656,3.2359,2.6688,0.53,23.6,26.72,21.56,89.49,1.04,1.97,0.48,97.33
20121108,9.32,4.801,0.8729,3.2834,0.46,23.78,26.61,21.47,87.21,1.04,1.82,0.44,97.33
20121109,26.82,5.1144,1.7758,2.977,0.49,24.11,26.94,21.89,90.02,1.19,2.17,0.49,97.41
20121110,32.31,5.154,2.509,2.5675,0.49,23.95,26.34,22.45,93.76,1.14,1.8,0.49,97.41
20121111,2.92,4.933,0.9912,3.2417,0.47,23.82,27.2,21.21,89.81,1.17,1.54,0.52,97.41
20121112,78.08,5.119,3.3878,2.2471,0.49,24.6,26.5,22.98,94.28,1.39,2.23,0.58,97.33
20121113,133.37,4.153,0.4207,2.9225,0.4,24.13,25.93,22.87,96.25,1.4,2.41,0.55,97.41
20121114,12.61,6.2376,4.8074,2.089,0.6,23.89,26.52,21.75,91.13,1.11,1.76,0.5,97.42
20121115,8.59,4.9342,3.1908,2.0791,0.47,24.39,27.2,22.24,91.5,1.48,2.43,0.58,97.43
20121116,3.59,5.8361,5.0791,1.9788,0.56,24.17,27.66,21.31,86.88,1.17,2.02,0.41,97.44
20121117,2.83,5.8272,3.8621,2.6174,0.56,24.99,28.17,22.62,88.94,1.1,1.89,0.48,97.4
20121118,0.44,5.0126,2.1379,2.5918,0.48,24.92,27.63,23.47,89.76,0.96,2.02,0.41,97.46
20121119,0.98,5.9743,5.0201,2.0815,0.57,25.42,29.06,22.54,87.14,1.28,2.09,0.5,97.46
20121120,0.25,5.9246,3.3679,2.7816,0.57,25.04,27.8,22.69,88.87,0.98,1.5,0.4,97.48
20121121,1.49,5.2116,2.6107,2.6196,0.5,25.18,28.47,22.47,89.46,1.32,2.31,0.47,97.43
20121122,21.78,4.3627,1.7002,2.4101,0.42,24.44,26.65,23.08,93.37,1.07,1.64,0.46,97.49
20121123,7.1,5.933,4.883,2.1245,0.57,24.78,27.76,22.92,91.39,1.26,2.28,0.51,97.55
20121124,2.36,5.7619,4.2607,2.3203,0.55,25.23,27.85,22.77,92.33,1.33,1.98,0.55,97.5
20121125,5.16,3.8806,0.6209,2.621,0.37,24.46,25.27,23.36,95.26,1.3,2.04,0.51,97.53
20121126,6.23,4.8194,2.4926,2.4379,0.46,24.95,28.25,22.55,90.93,1.07,1.86,0.46,97.44
20121127,2.17,3.311,0.3823,2.333,0.32,24.93,28.12,22.25,89.88,1.18,2.19,0.47,97.41
20121128,35.93,5.395,3.4178,2.4751,0.52,24.92,27.6,22.72,90.81,1.15,2.25,0.51,97.41
20121129,16.92,2.8505,0.5429,1.8562,0.27,24.85,27.75,22.89,91.17,1.44,2.37,0.57,97.46
20121130,6.94,6.1327,4.9514,2.268,0.59,25.18,28.3,23.11,90.14,1.26,2.0,0.54,97.36
20121201,0.16,5.4643,2.9683,2.8802,0.53,25.85,29.42,23.12,86.76,1.15,1.92,0.49,97.41
20121202,0.04,5.6222,1.9255,3.4824,0.54,26.1,28.98,23.84,89.82,1.47,2.17,0.59,97.33
20121203,22.56,5.2894,2.7439,2.6671,0.51,25.59,27.14,24.35,93.47,1.36,2.04,0.55,97.39
20121204,16.34,5.9249,4.5785,2.2637,0.57,25.44,28.46,23.22,90.4,1.2,2.14,0.47,97.28
20121205,5.05,5.544,2.4595,2.9738,0.53,24.14,25.66,22.94,95.04,1.28,1.5,0.53,97.46
20121206,2.12,4.1981,0.9271,2.7463,0.4,24.35,26.67,22.93,92.27,1.26,2.06,0.51,97.56
20121207,29.53,5.37,2.3494,3.0415,0.52,23.52,25.05,22.43,92.12,0.96,1.47,0.41,97.6
20121208,14.89,6.0041,4.7412,2.3208,0.58,24.53,27.87,22.25,87.77,1.23,2.22,0.49,97.49
20121209,17.66,4.6618,2.9114,2.2783,0.45,23.83,26.71,22.12,91.81,1.06,2.17,0.46,97.38
20121210,5.54,5.1226,2.0045,2.8548,0.49,23.83,26.54,21.55,90.67,0.97,1.32,0.42,97.39
20121211,3.82,3.1632,0.2268,2.3282,0.31,24.5,27.85,21.95,88.26,1.15,1.96,0.45,97.41
20121212,4.63,4.9546,2.519,2.5982,0.48,24.61,27.33,22.55,89.23,1.24,2.57,0.51,97.47
20121213,2.52,4.9807,1.8727,2.6741,0.48,24.18,26.62,22.33,89.5,1.04,1.96,0.43,97.5
20121214,1.38,4.1189,0.9314,2.73,0.4,24.22,26.35,22.88,93.4,1.28,2.06,0.58,97.53
20121215,0.66,5.916,4.0486,2.4941,0.57,24.65,27.53,22.38,87.72,1.14,1.83,0.43,97.48
20121216,1.34,4.7705,1.691,2.8764,0.46,24.7,28.25,22.53,89.47,1.38,2.66,0.59,97.42
20121217,1.41,6.2441,5.5514,2.239,0.6,25.28,28.93,22.01,86.99,1.19,1.87,0.46,97.38
20121218,19.28,5.3762,4.0258,2.2385,0.52,25.27,28.06,22.61,89.97,1.03,1.62,0.51,97.32
20121219,17.85,5.2454,2.4564,2.7545,0.51,25.59,29.17,22.95,88.04,1.3,2.18,0.55,97.25
20121220,28.83,4.7398,2.2234,2.4612,0.46,25.35,28.48,22.96,90.01,1.32,2.23,0.54,97.21
20121221,18.33,4.2271,2.9837,2.1713,0.41,25.11,27.84,23.37,91.59,1.45,2.35,0.57,97.19
20121222,0.71,4.2278,0.4699,2.9686,0.41,24.48,27.63,21.8,86.42,0.93,1.76,0.36,97.12
20121223,6.51,6.157,5.3352,2.1924,0.59,25.32,28.44,22.42,88.9,1.39,2.21,0.58,97.14
20121224,11.97,4.3973,0.9432,2.9342,0.42,24.34,25.46,23.13,95.99,1.45,2.31,0.56,97.24
20121225,3.95,4.9075,3.0876,2.3455,0.47,25.04,27.83,23.24,90.23,1.2,1.95,0.44,97.18
20121226,3.6,5.1665,1.6034,3.2417,0.5,24.81,27.87,22.68,91.67,1.34,2.19,0.5,97.15
20121227,14.8,6.0662,4.5014,2.6006,0.58,25.05,28.14,23.11,91.99,1.28,2.11,0.48,97.22
20121228,10.12,4.9774,1.9922,2.9117,0.48,24.68,26.12,23.8,91.72,1.01,1.37,0.39,97.33
20121229,4.07,6.5652,5.9484,2.1838,0.63,25.47,28.28,22.96,87.27,1.29,2.17,0.57,97.25
20121230,4.6,6.1174,4.896,2.1389,0.59,25.18,28.53,22.89,90.4,1.68,2.81,0.71,97.14
20121231,7.53,5.8927,4.47,2.2985,0.57,25.58,28.87,23.1,91.09,1.57,2.56,0.63,97.11
20130101,10.96,5.3412,2.1331,3.1906,0.51,25.57,28.11,24.09,93.25,1.49,2.55,0.58,97.17
20130102,2.1,6.2422,4.825,2.5253,0.6,25.58,28.51,23.49,90.27,1.33,1.88,0.55,97.25
20130103,19.56,3.4243,0.6122,2.3009,0.33,24.52,25.84,23.5,95.61,1.57,2.4,0.64,97.18
20130104,7.28,4.3426,0.1747,3.1968,0.42,24.62,27.25,23.08,93.74,1.8,2.91,0.71,97.08
20130105,1.67,5.1888,1.0382,3.708,0.5,24.24,26.64,22.51,92.05,1.39,2.46,0.6,97.17
20130106,10.64,4.1791,0.9569,2.8354,0.4,24.28,27.45,21.96,90.82,1.39,2.48,0.56,97.26
20130107,10.18,5.1557,1.5144,3.2246,0.49,24.0,27.22,21.53,90.37,1.32,1.93,0.59,97.3
20130108,5.52,4.5578,0.5654,3.3127,0.44,24.12,27.33,21.99,90.3,1.64,2.45,0.74,97.35
20130109,0.2,4.7546,0.7891,3.4786,0.46,24.8,28.77,21.5,81.78,1.45,1.93,0.5,97.2
20130110,14.53,2.5512,0.2374,1.7813,0.24,23.55,26.51,21.15,84.97,1.53,1.82,0.55,97.28
20130111,2.23,4.7239,1.0747,3.0893,0.45,23.87,27.77,21.07,86.63,1.36,2.11,0.55,97.35
20130112,16.34,6.5126,5.7178,2.2219,0.62,25.34,28.37,23.11,88.72,1.31,2.65,0.58,97.22
20130113,16.13,5.4115,2.0266,3.1078,0.52,25.29,28.92,22.47,89.2,0.91,1.48,0.35,97.13
20130114,8.21,5.2877,2.9875,2.6165,0.51,25.45,28.82,23.38,89.11,0.86,1.42,0.37,97.34
20130115,20.39,5.3971,2.4917,2.7782,0.52,24.35,27.39,22.61,91.36,1.08,2.06,0.4,97.52
20130116,12.05,4.1323,1.2384,2.658,0.39,24.35,27.54,21.94,90.75,1.29,2.25,0.57,97.46
20130117,12.36,5.6057,2.5231,2.9998,0.53,25.28,28.81,22.19,86.75,1.01,1.53,0.41,97.19
20130118,0.9,5.0359,0.829,3.5556,0.48,25.26,28.91,22.31,85.51,1.09,1.89,0.45,97.24
20130119,1.76,5.4398,2.7713,3.3605,0.52,26.17,28.89,24.32,86.24,0.91,1.64,0.41,97.23
20130120,98.18,5.4175,2.8562,2.8584,0.52,25.99,29.72,22.86,87.43,1.05,1.91,0.38,97.21
20130121,3.54,6.2899,5.1485,2.2632,0.6,25.31,28.56,23.02,88.04,1.06,1.71,0.38,97.41
20130122,0.0,6.0874,2.7276,4.1702,0.58,24.71,28.75,20.93,80.01,1.32,1.83,0.5,97.39
20130123,0.37,5.6381,2.3467,3.5782,0.54,25.35,29.68,22.5,84.54,1.5,2.41,0.64,97.3
20130124,6.01,5.7938,2.903,3.0451,0.55,25.43,28.43,23.23,88.9,1.53,2.84,0.69,97.32
20130125,1.39,5.5452,3.0804,2.5781,0.53,25.83,29.41,23.33,87.06,1.68,2.84,0.74,97.27
20130126,4.11,6.0528,5.6899,1.8938,0.57,26.22,30.6,23.1,85.75,1.3,2.55,0.54,97.13
20130127,3.08,6.065,3.7392,3.0389,0.57,26.0,29.07,23.5,84.84,1.24,2.09,0.47,97.31
20130128,46.71,4.9687,2.0198,2.9436,0.47,26.0,29.6,23.34,83.99,1.38,2.62,0.56,97.28
20130129,9.39,4.8571,1.2295,3.4082,0.46,24.82,28.01,22.25,89.56,0.81,1.86,0.38,97.41
20130130,31.7,5.143,1.3958,3.0377,0.49,24.94,26.83,23.86,91.73,0.83,1.48,0.38,97.61
20130131,15.57,6.2076,5.0599,2.0938,0.59,24.55,26.68,23.18,92.87,1.08,1.72,0.53,97.63
20130201,33.94,4.398,2.7823,2.0234,0.42,24.53,26.22,23.37,95.23,1.32,2.18,0.61,97.6
20130202,10.36,4.0661,1.7407,2.2903,0.38,24.54,26.15,23.07,93.32,1.2,1.88,0.57,97.6
20130203,4.85,6.4958,5.7281,2.1487,0.61,24.88,28.0,22.95,90.99,1.28,2.12,0.59,97.61
20130204,28.36,5.411,3.6833,2.3268,0.51,24.14,26.57,22.36,91.92,0.95,1.44,0.4,97.59
20130205,10.11,4.3819,1.7741,2.6976,0.41,24.86,27.99,22.51,90.46,1.19,2.07,0.45,97.52
20130206,2.36,4.3589,1.3906,2.5111,0.41,24.45,26.01,23.06,93.44,0.67,1.32,0.28,97.46
20130207,12.24,5.124,1.1045,3.2532,0.48,24.34,27.76,22.32,90.61,0.88,1.72,0.38,97.42
20130208,4.2,5.0818,2.6674,2.4115,0.48,24.76,28.45,21.84,87.07,1.21,2.02,0.45,97.49
20130209,3.49,5.4216,2.5867,2.8442,0.51,24.83,28.07,22.3,88.59,1.07,1.48,0.5,97.44
20130210,4.38,4.1902,1.0126,2.4679,0.39,24.94,27.89,22.77,90.41,1.42,2.6,0.58,97.38
20130211,4.72,6.2098,4.6886,2.2531,0.58,25.07,28.47,23.29,88.67,1.15,1.92,0.46,97.39
20130212,7.51,5.7312,2.0774,3.4812,0.54,24.83,27.84,23.03,90.03,1.29,1.99,0.58,97.36
20130213,10.25,5.3345,1.7369,3.2165,0.5,23.46,25.9,21.84,90.46,0.91,1.45,0.36,97.35
20130214,3.91,4.8559,2.5145,2.329,0.46,23.81,27.34,21.1,87.52,1.1,1.97,0.43,97.24
20130215,0.79,4.8158,1.523,2.7943,0.45,23.73,26.84,21.94,90.63,1.3,2.46,0.59,97.18
20130216,1.92,4.3807,0.5441,3.0386,0.41,24.04,27.5,21.78,91.0,1.17,2.27,0.46,97.1
20130217,21.14,4.3879,0.5856,2.8891,0.41,24.33,27.19,22.22,92.82,1.31,2.37,0.54,97.13
20130218,44.05,5.8313,3.2078,2.9717,0.55,24.74,27.15,22.67,92.27,1.28,2.11,0.5,96.97
20130219,29.9,5.7859,3.2292,2.7288,0.54,25.19,27.14,23.36,91.62,1.1,2.0,0.48,96.97
20130220,31.13,4.685,0.4517,3.3761,0.44,24.94,25.86,24.13,90.84,0.92,1.53,0.51,97.03
20130221,26.75,5.3081,1.2576,3.8071,0.5,25.03,28.37,22.39,89.06,1.06,2.06,0.46,97.19
20130222,8.56,4.5535,0.6984,2.9894,0.43,24.73,28.12,22.26,88.61,1.22,2.24,0.49,97.35
20130223,14.72,5.1252,0.6535,3.637,0.48,24.77,28.05,22.16,89.04,1.15,2.18,0.44,97.4
20130224,6.14,4.8024,0.7536,3.3662,0.45,24.94,28.28,22.25,85.81,1.06,1.47,0.4,97.38
20130225,7.81,6.1546,3.8789,2.622,0.58,25.05,28.23,22.73,89.78,1.08,2.35,0.47,97.37
20130226,5.03,3.265,0.3343,2.2822,0.31,25.84,28.59,23.36,87.67,1.28,2.3,0.61,97.25
20130227,2.53,5.137,2.4355,2.7967,0.48,25.46,28.87,23.49,88.54,1.27,2.49,0.63,97.31
20130228,0.38,2.6081,0.8338,1.6889,0.25,24.48,27.55,22.73,90.51,0.87,1.93,0.43,97.4
20130301,0.02,5.3794,2.3431,2.899,0.51,24.55,27.38,22.41,86.88,0.85,1.16,0.33,97.52
20130302,7.93,5.8099,3.2882,3.5256,0.55,24.71,27.77,22.66,87.66,1.37,2.15,0.55,97.47
20130303,0.23,5.7029,2.0782,3.2374,0.54,25.31,29.16,22.08,85.42,1.39,1.89,0.63,97.21
20130304,0.0,5.1667,0.7186,3.7682,0.49,25.48,28.73,23.06,83.55,1.19,1.67,0.43,97.24
20130305,0.77,5.2236,1.3783,3.4178,0.49,25.2,28.01,22.49,84.83,1.0,1.48,0.44,97.41
20130306,6.71,5.4662,2.7319,2.7962,0.52,25.73,28.78,23.67,89.83,0.99,2.02,0.46,97.44
20130307,2.07,4.9572,1.4738,2.8476,0.47,25.06,27.83,23.21,90.72,0.88,1.65,0.39,97.51
20130308,0.15,6.289,4.1244,2.6515,0.59,25.1,28.48,22.58,86.58,1.11,1.66,0.43,97.49
20130309,6.05,6.1152,2.9719,4.0157,0.58,25.71,29.52,23.0,87.2,1.45,2.11,0.61,97.38
20130310,20.12,5.6448,3.401,3.0749,0.53,25.48,27.84,24.28,93.07,1.35,2.05,0.7,97.37
20130311,2.16,5.611,2.4185,3.4265,0.53,25.79,28.57,23.6,86.94,1.07,1.86,0.51,97.19
20130312,11.22,5.0438,2.0011,2.9033,0.48,25.18,28.48,22.87,87.23,1.61,2.35,0.72,97.25
20130313,39.73,3.6259,0.563,2.5613,0.34,24.06,27.61,22.13,86.27,1.54,2.41,0.63,97.45
20130314,8.64,5.1041,2.4086,2.5769,0.48,24.17,28.8,20.51,86.24,1.47,2.13,0.59,97.52
20130315,0.22,5.5246,3.9269,2.1965,0.53,24.33,28.02,22.0,86.14,1.33,2.32,0.54,97.65
20130316,0.01,6.7258,6.1558,2.0208,0.64,24.98,28.81,21.7,83.79,1.31,1.94,0.54,97.61
20130317,5.39,5.0458,1.393,3.055,0.48,24.79,28.23,21.95,89.99,1.51,2.6,0.69,97.52
20130318,16.1,5.4024,3.6326,2.3767,0.52,25.14,28.35,22.98,89.7,1.41,2.75,0.7,97.36
20130319,7.38,5.6882,3.3341,2.5104,0.54,24.88,27.95,22.64,90.39,1.18,2.15,0.5,97.44
20130320,3.81,5.4946,3.5914,2.3306,0.53,24.96,27.76,22.97,90.35,0.99,1.4,0.45,97.44
20130321,8.48,4.6776,0.4346,3.4615,0.45,24.77,27.27,23.01,91.45,1.4,2.23,0.65,97.42
20130322,21.01,5.3076,3.8731,2.1881,0.51,24.27,26.51,22.4,93.15,1.12,1.8,0.47,97.45
20130323,5.55,6.4968,5.2202,2.0582,0.62,23.79,26.81,21.29,87.57,0.97,1.4,0.38,97.43
20130324,4.83,5.2572,2.1778,2.9162,0.51,24.24,27.31,21.9,89.34,1.13,1.54,0.4,97.36
20130325,6.93,6.0684,4.7071,2.2524,0.58,24.86,27.67,23.05,91.53,1.22,1.99,0.54,97.34
20130326,1.93,5.5032,2.5766,2.939,0.53,24.28,26.06,22.79,91.55,0.89,1.24,0.32,97.34
20130327,47.76,6.2354,6.049,1.991,0.6,25.35,29.06,22.23,87.8,1.47,2.46,0.58,97.3
20130328,18.72,6.4356,6.0742,1.8173,0.62,25.73,29.52,23.34,88.86,1.18,2.04,0.51,97.37
20130329,1.03,6.013,3.9509,2.6935,0.58,24.49,27.68,22.12,84.99,1.02,1.51,0.39,97.47
20130330,0.22,5.4886,2.9758,2.7214,0.53,25.15,28.75,22.21,82.55,1.13,1.51,0.48,97.46
20130331,11.58,6.1126,5.4677,1.8254,0.6,25.45,29.01,22.52,85.28,1.29,1.84,0.48,97.44
20130401,9.4,5.7226,3.4987,2.7672,0.56,25.28,28.39,22.56,90.7,1.31,1.91,0.51,97.52
20130402,0.67,5.9323,2.9722,2.8555,0.58,24.88,25.44,24.17,88.95,0.89,1.37,0.4,97.47
20130403,1.25,4.6894,1.4664,3.0298,0.46,25.2,28.25,22.33,85.62,1.01,1.75,0.4,97.4
20130404,11.42,6.2196,5.1096,2.0114,0.61,25.16,28.25,23.1,90.23,1.19,2.13,0.5,97.33
20130405,13.52,3.84,0.2755,2.8334,0.38,24.38,25.74,22.96,95.67,1.27,1.95,0.45,97.36
20130406,8.98,5.2459,2.0568,3.0403,0.52,24.13,25.96,22.76,94.78,0.95,1.32,0.39,97.31
20130407,5.93,5.7751,4.1621,2.5714,0.57,24.77,27.25,23.18,93.27,1.3,2.19,0.47,97.24
20130408,6.3,5.3182,2.0904,3.1992,0.53,24.93,27.6,22.93,92.2,0.94,2.13,0.4,97.26
20130409,39.33,5.592,3.4186,2.8978,0.56,24.93,26.98,23.77,94.76,1.29,2.4,0.52,97.3
20130410,9.82,4.9819,2.7163,2.7761,0.5,24.51,27.15,22.29,93.54,1.46,2.64,0.6,97.28
20130411,13.58,4.4374,2.5224,2.3306,0.44,25.12,28.18,22.74,91.84,1.49,2.23,0.68,97.24
20130412,41.38,5.1425,2.1701,2.8183,0.51,24.41,27.63,22.39,90.52,1.16,2.03,0.51,97.47
20130413,17.87,4.6814,1.344,3.0187,0.47,24.2,26.94,22.39,91.02,1.08,1.78,0.49,97.51
20130414,1.8,5.3006,2.7912,2.5968,0.53,23.9,26.81,22.22,88.42,1.04,1.48,0.43,97.52
20130415,8.34,4.5624,1.3754,2.6966,0.46,24.09,26.9,21.77,88.53,0.63,1.28,0.27,97.41
20130416,15.35,3.6703,0.6787,2.3866,0.37,23.94,25.96,22.58,91.63,0.76,1.26,0.35,97.46
20130417,7.29,4.5943,1.8329,2.6717,0.46,24.1,27.28,21.97,89.9,0.78,1.38,0.25,97.46
20130418,3.66,5.4912,4.1892,2.1504,0.56,24.56,27.43,22.96,90.67,1.3,2.17,0.56,97.43
20130419,37.92,6.1596,5.257,1.9572,0.63,24.33,27.54,21.85,91.66,1.14,1.6,0.49,97.47
20130420,37.75,2.3652,0.2314,1.7381,0.24,23.73,25.22,22.4,94.88,0.97,1.43,0.38,97.52
20130421,29.92,6.0869,5.6364,1.9454,0.62,24.45,27.13,22.32,91.02,1.2,1.87,0.46,97.54
20130422,18.65,4.0558,0.655,2.7641,0.42,24.57,27.57,22.81,89.4,0.96,1.63,0.39,97.6
20130423,0.82,5.1338,2.147,2.7922,0.53,24.29,27.66,21.42,87.37,1.25,1.99,0.46,97.63
20130424,6.29,5.533,4.1846,2.0899,0.57,23.91,25.26,22.97,95.6,1.35,2.25,0.6,97.61
20130425,36.25,4.1834,1.3836,2.4487,0.43,23.95,25.58,22.23,94.44,1.23,1.94,0.57,97.61
20130426,28.28,4.7616,1.2134,2.9724,0.49,24.26,26.82,22.71,93.91,1.25,1.79,0.53,97.56
20130427,5.95,3.4044,0.1726,2.5577,0.35,24.07,26.09,22.48,93.7,1.38,2.12,0.61,97.49
20130428,8.13,5.5109,4.4575,2.095,0.57,24.24,26.65,22.79,92.47,1.6,2.58,0.65,97.59
20130429,28.46,5.4014,3.905,2.3042,0.56,24.15,26.57,22.86,93.22,1.28,2.28,0.48,97.64
20130430,15.66,5.2255,3.8993,2.19,0.55,24.22,26.81,22.62,93.02,1.5,2.64,0.61,97.51
20130501,15.34,5.2738,2.8829,2.6966,0.55,24.69,27.75,22.12,89.18,1.14,1.71,0.49,97.36
20130502,5.6,5.3911,4.5598,1.9046,0.57,25.2,28.02,23.23,89.26,1.31,2.27,0.58,97.32
20130503,19.4,3.8306,0.2611,2.8512,0.4,24.48,25.75,23.46,92.94,0.93,1.38,0.37,97.49
20130504,10.21,5.1756,3.0,2.7041,0.55,25.04,27.39,23.4,94.13,1.28,2.08,0.51,97.49
20130505,94.8,5.9239,5.8946,1.7551,0.63,25.23,27.58,24.2,92.07,1.38,2.23,0.56,97.37
20130506,38.28,5.7396,5.4847,1.9426,0.61,24.75,26.64,23.73,94.25,1.16,1.85,0.47,97.38
20130507,1.46,3.0643,0.1003,2.3482,0.33,24.87,26.07,23.98,92.1,0.96,1.67,0.38,97.28
20130508,3.38,4.355,2.3316,2.3275,0.47,24.98,26.19,24.18,95.97,1.32,1.86,0.52,97.28
20130509,6.46,1.8343,0.0833,1.4172,0.2,24.83,25.96,23.84,97.17,1.49,2.14,0.59,97.34
20130510,3.26,3.9698,0.3221,3.0516,0.43,24.86,26.56,23.69,95.39,1.37,2.38,0.56,97.32
20130511,0.12,3.3118,0.1754,2.5212,0.36,25.03,27.18,23.39,92.46,0.82,1.2,0.4,97.31
20130512,2.48,4.6318,2.4547,2.4866,0.5,25.03,26.08,23.94,96.26,1.37,2.06,0.51,97.46
20130513,11.78,3.3242,0.2136,2.4511,0.36,23.79,24.8,22.75,94.41,0.75,1.12,0.31,97.49
20130514,9.52,4.4527,1.9642,2.58,0.48,24.45,26.85,22.55,93.37,1.42,2.42,0.54,97.37
20130515,16.57,4.7815,2.4958,2.4382,0.52,24.0,26.21,22.52,93.4,1.05,1.89,0.39,97.46
20130516,7.84,5.9614,5.3321,1.7642,0.65,24.14,27.15,22.11,92.27,0.89,1.55,0.38,97.55
20130517,14.89,4.8144,3.1342,2.2807,0.53,24.33,26.73,22.41,93.94,1.27,2.26,0.53,97.61
20130518,8.5,5.033,2.6801,2.5733,0.55,23.71,25.59,22.21,93.75,0.9,1.31,0.37,97.63
20130519,3.01,3.0149,1.566,1.7436,0.33,23.65,25.02,22.79,96.01,1.21,1.79,0.49,97.56
20130520,3.01,3.0746,0.1999,2.3222,0.34,23.75,25.62,22.47,94.4,0.99,1.43,0.37,97.55
20130521,5.92,5.5522,5.3698,1.7938,0.61,24.74,27.14,23.04,93.4,1.45,2.18,0.57,97.54
20130522,5.62,2.825,0.9072,1.8653,0.31,24.15,26.42,22.1,92.83,1.09,1.7,0.46,97.56
20130523,4.4,5.5742,5.6544,1.5965,0.62,24.01,26.38,22.03,90.2,0.86,1.52,0.37,97.59
20130524,4.14,5.1814,4.1748,2.0899,0.57,23.9,25.84,21.98,91.53,1.15,1.84,0.48,97.51
20130525,5.95,3.805,0.8482,2.4888,0.42,24.11,25.6,22.77,95.49,1.02,1.57,0.47,97.45
20130526,23.35,3.3492,0.2242,2.5265,0.37,23.61,24.96,22.84,95.52,0.97,2.12,0.41,97.5
20130527,3.73,5.1514,4.1196,2.1612,0.57,24.17,26.39,22.08,92.87,1.07,1.69,0.42,97.5
20130528,7.7,4.9457,3.0706,2.563,0.55,24.28,25.8,23.06,93.88,0.95,1.36,0.33,97.44
20130529,10.49,2.8294,0.8666,1.8454,0.32,24.31,26.91,22.88,91.8,1.11,1.71,0.45,97.51
20130530,3.53,5.6059,5.3158,1.8979,0.63,23.52,25.32,22.4,94.72,1.23,1.86,0.48,97.47
20130531,0.78,5.2759,5.071,1.6807,0.59,24.27,27.05,22.24,91.81,1.34,2.12,0.55,97.42
20130601,23.42,3.745,1.2338,2.2608,0.42,23.8,25.75,22.67,94.14,1.01,2.1,0.43,97.36
20130602,42.82,3.3883,1.1054,1.9608,0.38,23.67,26.29,22.04,93.3,0.97,1.85,0.42,97.34
20130603,12.36,5.0484,5.0424,1.8257,0.57,23.86,26.15,22.45,94.63,1.21,1.74,0.53,97.34
20130604,7.33,4.4258,2.6794,2.1358,0.5,23.84,26.1,22.53,94.12,1.23,1.85,0.52,97.46
20130605,8.53,4.3514,3.0317,2.0374,0.49,24.04,25.73,22.8,96.52,1.12,2.1,0.43,97.41
20130606,10.44,4.7623,2.7254,2.8032,0.54,24.82,26.52,23.66,96.01,1.2,1.9,0.47,97.32
20130607,10.43,4.9238,4.1167,2.0844,0.56,24.27,25.41,23.59,96.96,1.19,1.93,0.55,97.38
20130608,6.26,3.2443,0.5933,2.1742,0.37,23.86,25.1,22.93,96.34,1.1,2.05,0.47,97.3
20130609,5.88,5.2687,5.4247,1.6181,0.6,25.39,27.94,23.75,91.36,1.52,2.31,0.67,97.15
20130610,33.58,3.8004,0.3473,2.85,0.43,24.4,26.29,22.74,94.64,1.12,2.47,0.48,97.34
20130611,2.69,5.5802,5.2363,1.895,0.64,24.05,26.75,21.87,91.64,1.06,1.49,0.44,97.28
20130612,5.12,3.7234,0.9341,2.3537,0.42,24.38,26.05,23.05,95.8,1.41,2.12,0.55,97.22
20130613,13.93,5.1295,4.9634,2.0141,0.59,24.43,25.66,23.7,96.67,1.15,1.35,0.43,97.15
20130614,28.84,2.706,0.2503,1.8607,0.31,23.97,25.36,22.64,95.85,0.94,1.44,0.37,97.27
20130615,9.91,5.0717,3.9377,2.2865,0.58,23.9,26.79,21.88,92.42,1.29,2.01,0.5,97.36
20130616,5.18,4.3068,2.1007,2.3861,0.49,23.4,24.69,22.22,96.03,1.13,1.5,0.49,97.34
20130617,60.53,4.9834,4.3618,1.8427,0.57,24.42,26.12,23.42,94.59,1.07,1.98,0.48,97.27
20130618,7.11,5.2853,5.5109,1.5254,0.61,24.78,27.45,23.13,91.85,1.12,2.09,0.42,97.26
20130619,4.65,4.9423,4.3015,1.8638,0.57,24.6,27.03,22.89,91.23,1.04,1.74,0.39,97.43
20130620,3.73,4.41,1.8113,2.7281,0.51,24.3,26.81,22.72,92.51,0.85,1.5,0.44,97.56
20130621,0.75,5.5248,5.8342,1.5797,0.63,24.94,28.65,22.43,89.2,1.1,1.91,0.49,97.52
20130622,3.02,4.8478,4.0488,1.8811,0.56,24.18,26.57,22.79,93.34,1.35,2.1,0.63,97.56
20130623,5.02,4.176,2.2152,2.1982,0.48,24.15,26.87,22.18,92.4,1.2,1.76,0.52,97.62
20130624,3.92,4.5706,3.2635,2.2615,0.52,24.23,25.68,23.24,95.41,1.43,1.87,0.58,97.59
20130625,20.41,2.4962,0.6991,1.603,0.29,24.08,24.69,23.58,98.12,1.79,2.45,0.74,97.62
20130626,4.21,5.431,4.9008,1.8502,0.62,24.55,26.19,23.38,95.35,0.95,1.41,0.37,97.45
20130627,2.25,4.242,2.7751,2.0582,0.49,24.74,26.88,23.34,92.3,1.24,2.14,0.45,97.42
20130628,53.02,3.5412,0.9626,2.4463,0.41,23.45,24.6,21.81,96.62,1.6,2.75,0.65,97.53
20130629,41.26,3.5736,0.163,2.7365,0.41,22.88,24.21,21.72,96.42,1.09,2.01,0.46,97.58
20130630,14.15,3.7409,2.6004,1.8996,0.43,23.23,24.57,22.57,95.95,1.42,2.24,0.56,97.52
20130701,24.49,3.8407,2.2114,2.0748,0.44,22.51,24.02,21.49,95.49,1.63,2.34,0.67,97.54
20130702,13.24,3.6874,2.1466,1.8086,0.42,22.26,24.83,20.84,93.28,1.38,2.05,0.61,97.57
20130703,1.04,4.2422,3.5582,1.9596,0.48,23.04,25.9,21.39,91.88,1.36,2.34,0.62,97.49
20130704,4.25,4.3769,3.8621,1.8511,0.5,23.71,26.56,21.92,92.88,1.24,2.34,0.53,97.39
20130705,12.26,4.3954,4.0394,1.7585,0.5,23.57,25.95,22.55,94.42,1.55,2.46,0.61,97.41
20130706,24.53,4.2922,3.2047,2.0729,0.49,23.61,24.94,22.53,97.52,1.2,1.6,0.46,97.43
20130707,15.0,5.1326,5.8709,1.5386,0.58,24.73,27.42,22.93,93.5,1.22,2.12,0.49,97.4
20130708,27.76,4.7458,3.7243,1.962,0.54,24.75,27.14,23.19,92.71,1.45,1.88,0.58,97.39
20130709,40.15,3.9158,2.31,1.9872,0.44,23.27,24.25,22.33,96.24,1.51,2.09,0.61,97.39
20130710,9.51,3.3866,0.8172,2.1655,0.38,23.4,24.92,22.41,94.87,1.14,1.87,0.45,97.36
20130711,10.48,3.943,3.606,1.8564,0.45,23.98,26.1,22.92,95.43,1.53,2.47,0.63,97.42
20130712,41.58,4.4294,2.9642,2.2555,0.5,23.56,24.87,22.77,96.18,1.55,2.53,0.58,97.38
20130713,74.24,3.7922,1.7333,2.1209,0.43,23.24,24.81,22.4,94.75,1.01,1.83,0.42,97.4
20130714,30.56,3.8177,1.0526,2.5452,0.43,22.86,24.14,22.22,96.68,1.07,1.58,0.47,97.42
20130715,6.89,3.7884,1.2209,2.3314,0.43,22.81,23.63,21.92,95.96,0.99,1.55,0.49,97.43
20130716,6.1,3.7877,2.5193,1.8809,0.43,23.32,25.73,21.88,93.83,1.42,2.56,0.63,97.37
20130717,16.26,3.5544,1.8002,2.1125,0.4,22.95,24.74,22.1,95.03,1.34,2.24,0.54,97.38
20130718,22.05,3.6866,0.6278,2.61,0.41,22.93,24.0,22.07,96.75,0.91,1.18,0.39,97.41
20130719,12.82,2.9573,0.396,2.1403,0.33,22.99,23.98,22.12,96.97,1.22,2.38,0.52,97.4
20130720,10.66,5.1835,4.2823,2.0918,0.58,23.1,24.95,21.61,96.54,1.22,2.3,0.47,97.33
20130721,19.16,2.4576,0.2194,1.8883,0.27,23.3,24.9,22.17,96.96,1.16,1.89,0.42,97.29
20130722,9.35,4.3186,2.7031,2.1864,0.48,23.34,25.34,21.99,95.65,1.29,2.22,0.48,97.53
20130723,20.3,4.9474,3.9797,1.9452,0.55,23.59,25.08,22.54,96.51,1.62,2.67,0.66,97.49
20130724,31.4,2.4638,0.1066,1.8619,0.27,22.92,23.79,22.27,97.77,1.5,2.16,0.56,97.62
20130725,12.25,3.1517,0.2626,2.291,0.35,22.31,23.62,21.05,95.14,1.19,2.02,0.48,97.64
20130726,14.63,3.6077,0.8431,2.2481,0.4,22.59,24.03,20.93,95.94,1.34,2.5,0.58,97.54
20130727,19.17,3.7289,0.6643,2.6573,0.41,23.0,24.2,22.17,96.76,1.46,2.22,0.58,97.43
20130728,68.86,3.0802,0.4176,2.2639,0.34,23.14,25.12,21.94,95.53,1.24,2.54,0.48,97.39
20130729,70.92,3.0043,0.3149,2.2358,0.33,23.71,25.82,22.46,95.64,1.17,2.21,0.51,97.35
20130730,49.11,4.2504,1.4664,2.4492,0.46,23.98,26.54,22.35,93.19,1.27,2.33,0.53,97.31
20130731,47.51,2.987,0.3514,2.1991,0.33,22.01,22.69,21.07,95.69,1.08,1.68,0.46,97.45
20130801,28.59,4.0258,2.9126,1.9049,0.44,23.21,26.13,21.12,90.65,1.13,2.29,0.5,97.42
20130802,29.83,3.8702,1.0334,2.4211,0.42,22.7,25.0,21.11,91.68,1.07,2.26,0.44,97.59
20130803,9.89,4.5746,1.9706,2.6494,0.5,22.39,24.79,20.84,94.77,1.35,2.34,0.56,97.61
20130804,10.86,3.731,1.4688,2.1487,0.4,22.97,26.3,21.48,92.93,1.33,2.6,0.59,97.57
20130805,9.29,3.5455,0.6113,2.3062,0.38,22.97,25.54,21.5,93.29,1.37,2.44,0.62,97.59
20130806,12.72,2.923,0.649,1.9706,0.31,22.53,24.33,21.48,93.26,1.2,2.14,0.51,97.62
20130807,7.87,3.079,0.343,2.2474,0.33,23.22,25.8,21.43,92.94,1.05,2.0,0.45,97.55
20130808,14.5,3.0559,1.0798,1.7858,0.33,22.85,25.24,21.67,94.29,1.59,2.8,0.67,97.5
20130809,18.11,3.0288,0.3562,2.2078,0.32,21.65,22.87,20.94,95.33,1.19,1.81,0.52,97.49
20130810,16.05,3.5654,0.7666,2.2337,0.38,21.92,23.45,20.99,94.6,1.22,2.11,0.53,97.53
20130811,20.13,4.4431,2.2051,2.3273,0.47,22.6,25.61,20.69,94.11,1.36,2.49,0.54,97.5
20130812,41.84,4.1347,2.3479,2.0623,0.44,22.58,24.8,21.04,94.87,1.36,2.22,0.54,97.52
20130813,36.49,3.2074,0.5702,2.2512,0.34,23.08,24.68,21.82,96.72,1.56,2.89,0.65,97.47
20130814,57.66,4.2684,0.5434,2.9518,0.45,23.52,26.54,21.79,94.49,1.19,2.3,0.47,97.53
20130815,30.46,3.7092,0.2174,2.7463,0.39,23.01,24.17,22.03,96.95,1.39,2.0,0.59,97.62
20130816,9.35,4.2384,2.6518,1.974,0.44,22.82,24.94,21.65,93.28,1.05,1.63,0.46,97.56
20130817,8.09,4.291,0.9732,2.73,0.45,22.87,25.44,21.21,94.95,1.44,2.12,0.57,97.53
20130818,4.18,3.9847,1.5286,2.2567,0.42,22.85,24.87,21.64,93.6,1.31,2.09,0.57,97.51
20130819,16.17,3.9509,1.2427,2.2757,0.41,22.77,25.15,21.14,95.11,1.27,2.04,0.51,97.51
20130820,32.79,3.6425,0.5227,2.4516,0.38,23.01,24.79,21.92,96.0,1.56,2.79,0.61,97.49
20130821,9.84,4.7808,2.7338,2.3798,0.5,23.24,25.62,21.67,94.25,1.37,2.24,0.56,97.48
20130822,27.45,4.4172,2.459,2.1665,0.46,23.53,26.37,21.94,92.5,1.64,2.49,0.65,97.53
20130823,13.3,4.3697,2.5351,2.1439,0.45,22.22,25.42,20.12,92.42,1.49,2.89,0.62,97.65
20130824,8.54,4.2739,2.3911,2.1564,0.44,22.26,25.17,20.4,92.25,1.46,2.72,0.6,97.68
20130825,1.04,4.2881,2.7816,1.9774,0.44,22.45,24.81,20.94,92.76,1.36,2.4,0.57,97.62
20130826,1.1,4.8732,3.3506,2.2238,0.5,23.0,25.35,21.34,92.47,1.24,2.03,0.52,97.65
20130827,27.19,4.0104,1.3591,2.5399,0.41,23.71,26.74,21.76,92.68,1.36,2.58,0.56,97.62
20130828,32.41,4.523,1.9738,2.4542,0.46,23.9,26.7,21.94,92.78,1.32,2.48,0.5,97.63
20130829,6.94,5.2157,3.1738,2.485,0.53,24.08,26.37,22.52,94.65,1.47,2.63,0.61,97.53
20130830,90.13,4.2144,1.9346,2.2548,0.43,24.58,27.02,23.18,92.57,1.47,2.54,0.6,97.54
20130831,88.31,4.2914,0.6389,2.893,0.43,23.38,25.25,22.41,95.91,1.26,1.83,0.56,97.68
20130901,19.74,4.8907,2.9506,2.2651,0.49,23.0,24.73,21.91,95.02,1.07,2.14,0.43,97.7
20130902,6.17,3.9967,2.1134,2.0566,0.4,22.83,24.47,21.9,94.11,1.07,1.44,0.56,97.68
20130903,2.74,3.4433,0.6278,2.3575,0.35,22.23,25.03,20.45,91.54,1.1,1.89,0.42,97.6
20130904,3.67,3.6866,1.5703,2.004,0.37,22.25,24.62,20.74,92.92,1.28,2.16,0.6,97.57
20130905,2.55,4.6284,2.1662,2.3203,0.46,21.81,23.73,20.62,93.3,1.5,2.35,0.67,97.6
20130906,1.78,4.5242,2.5898,2.0779,0.45,22.45,25.45,20.96,91.95,1.59,2.68,0.71,97.57
20130907,1.63,4.0128,1.5158,2.286,0.4,22.81,26.18,20.89,91.95,1.37,2.51,0.61,97.6
20130908,1.28,5.2296,4.6718,1.7803,0.52,23.19,26.17,21.4,92.54,1.51,2.66,0.62,97.6
20130909,25.33,5.2423,3.2952,2.4158,0.52,22.65,23.8,21.76,95.78,1.3,2.2,0.52,97.56
20130910,38.2,3.1567,0.6478,2.1223,0.31,23.45,26.04,21.72,94.37,1.26,1.94,0.49,97.52
20130911,28.73,4.3548,0.4406,3.0648,0.43,23.52,26.17,21.99,94.13,0.96,1.93,0.45,97.58
20130912,12.15,4.8732,1.8286,2.6515,0.48,23.27,24.81,21.91,96.57,1.38,2.48,0.54,97.63
20130913,2.87,4.7222,2.9873,2.136,0.47,23.43,25.47,22.2,94.22,1.22,1.99,0.47,97.6
20130914,5.14,4.2866,1.1071,2.9112,0.42,23.5,26.17,21.9,92.72,0.89,1.4,0.41,97.52
20130915,6.09,5.2003,2.8954,2.6486,0.51,24.08,26.7,22.61,91.75,1.1,2.07,0.5,97.45
20130916,3.51,5.3431,4.1844,2.1408,0.52,24.42,27.73,22.1,90.65,1.2,2.18,0.44,97.34
20130917,2.58,3.4308,0.6221,2.3273,0.34,24.26,26.71,22.37,92.78,1.56,2.41,0.63,97.34
20130918,14.4,4.1942,1.133,2.6472,0.41,23.87,26.3,22.35,93.78,1.56,2.58,0.58,97.29
20130919,4.58,4.4808,1.1078,3.0665,0.44,23.74,27.23,21.54,90.72,1.24,2.16,0.54,97.41
20130920,40.28,4.062,1.1544,2.6364,0.4,24.01,26.62,22.42,93.58,1.31,2.27,0.49,97.37
20130921,23.87,3.5198,0.3456,2.5322,0.34,23.01,24.12,21.43,95.17,1.38,2.15,0.55,97.46
20130922,2.93,4.6399,2.0069,2.4768,0.45,22.59,24.69,21.13,92.77,0.99,1.64,0.43,97.49
20130923,3.05,6.4901,4.8154,2.4905,0.63,23.69,26.86,21.36,90.96,1.26,2.16,0.55,97.51
20130924,1.6,4.1218,1.1942,2.5553,0.4,23.9,26.2,22.69,92.16,1.2,2.12,0.49,97.47
20130925,7.61,4.9296,3.1639,2.2452,0.48,24.47,27.06,22.54,91.26,1.16,1.93,0.46,97.58
20130926,1.63,4.9486,2.3765,2.5193,0.48,24.27,27.27,22.26,92.23,1.15,1.74,0.43,97.62
20130927,0.92,4.8149,0.9936,3.0638,0.47,24.22,26.43,22.8,93.04,1.15,1.97,0.46,97.52
20130928,28.39,4.4434,1.1414,2.6921,0.43,24.25,26.88,22.59,93.22,1.6,3.0,0.63,97.38
20130929,10.21,5.6189,4.0884,2.1305,0.54,24.35,28.02,22.19,89.58,1.32,2.17,0.56,97.38
20130930,4.36,5.472,4.9222,1.8166,0.53,23.68,27.57,20.44,90.08,1.45,2.59,0.55,97.35
20131001,41.31,4.0786,0.533,2.6496,0.39,23.79,25.16,22.87,94.7,1.41,2.24,0.61,97.54
20131002,32.38,3.2172,0.4207,2.2644,0.31,23.47,25.51,22.24,95.98,0.94,1.42,0.42,97.61
20131003,8.06,5.4365,2.2042,3.1162,0.52,23.23,25.75,21.76,90.59,1.1,1.66,0.44,97.67
20131004,19.41,5.7648,3.5424,2.5049,0.55,23.97,27.42,21.45,89.98,1.5,2.28,0.63,97.49
20131005,16.04,6.2866,5.1941,2.3158,0.6,23.31,26.58,20.51,90.4,1.53,2.43,0.66,97.4
20131006,3.61,5.7902,3.6677,2.6501,0.55,23.13,25.61,21.37,92.52,1.52,2.47,0.61,97.38
20131007,1.99,4.7609,2.6016,2.4418,0.46,24.2,27.46,21.47,87.68,1.23,2.23,0.52,97.35
20131008,1.43,4.1858,0.337,2.999,0.4,23.95,25.56,22.83,93.79,1.46,2.29,0.59,97.49
20131009,4.19,4.8065,1.6229,2.8039,0.46,24.0,26.49,22.31,91.52,0.96,1.66,0.45,97.56
20131010,15.26,3.8657,0.6206,2.4869,0.37,24.33,26.91,22.9,93.71,1.57,2.84,0.6,97.5
20131011,24.92,5.5176,3.4241,2.4418,0.53,24.17,26.9,22.26,91.72,1.58,2.46,0.61,97.43
20131012,28.89,5.065,3.6905,1.9786,0.48,24.45,27.32,21.81,89.8,1.28,2.41,0.5,97.32
20131013,2.59,4.6942,0.9929,3.2146,0.45,24.68,27.37,23.28,91.83,1.35,2.29,0.51,97.43
20131014,24.64,5.2433,2.1096,3.0833,0.5,23.88,26.19,21.84,92.27,1.04,1.47,0.39,97.63
20131015,13.27,6.3538,5.3957,1.9886,0.61,23.86,25.82,22.66,92.57,1.05,1.59,0.48,97.73
20131016,1.14,5.928,4.8089,2.0911,0.56,24.52,27.91,22.22,89.37,1.17,2.24,0.51,97.65
20131017,8.58,5.7432,2.7715,2.8702,0.55,24.95,28.2,22.2,88.19,1.15,2.15,0.48,97.58
20131018,12.85,5.8001,4.9294,1.8415,0.55,24.44,27.43,22.46,91.76,1.52,2.57,0.63,97.47
20131019,13.4,6.1802,5.1586,2.1475,0.59,24.2,25.99,23.24,94.76,1.23,2.0,0.46,97.4
20131020,7.66,4.4458,1.5504,2.4955,0.42,24.02,25.82,22.7,93.88,1.0,1.76,0.4,97.37
20131021,17.5,5.4929,2.7235,2.7682,0.52,25.0,27.71,22.69,86.6,1.1,2.19,0.45,97.33
20131022,38.1,4.5648,0.8316,3.0221,0.43,24.31,25.52,23.44,93.76,0.78,1.14,0.34,97.36
20131023,14.95,5.1614,1.0049,3.2786,0.49,24.25,26.25,22.7,92.61,1.3,2.02,0.54,97.44
20131024,15.97,5.07,3.2496,2.3203,0.48,24.59,26.77,22.63,90.48,1.29,2.21,0.52,97.41
20131025,29.26,4.6282,1.4467,2.7394,0.44,24.54,26.51,22.97,90.66,1.02,1.53,0.42,97.56
20131026,13.0,6.2712,5.1617,2.1672,0.6,24.23,26.52,22.95,92.81,1.28,2.14,0.55,97.67
20131027,6.0,4.7918,2.0894,2.5366,0.46,24.09,26.9,22.17,90.94,1.22,2.37,0.47,97.63
20131028,7.28,5.8776,5.213,2.0186,0.56,24.45,26.59,23.14,92.59,1.22,2.35,0.53,97.56
20131029,2.91,6.1006,3.8167,2.6856,0.58,23.87,25.46,22.59,93.69,1.06,1.93,0.42,97.59
20131030,11.13,5.2147,2.155,2.7636,0.5,22.88,24.52,20.77,92.77,0.84,1.41,0.35,97.63
20131031,26.4,5.7041,2.993,2.7883,0.54,23.43,27.21,20.57,87.8,1.12,2.03,0.38,97.59
20131101,18.32,5.1346,1.051,3.589,0.49,22.63,24.43,21.1,92.65,0.56,1.21,0.28,97.62
20131102,11.46,6.0266,4.9858,2.1461,0.57,23.99,27.54,21.35,91.35,1.24,1.63,0.56,97.5
20131103,16.31,3.588,1.4659,2.0354,0.34,24.7,27.32,22.63,93.64,1.64,2.28,0.69,97.47
20131104,10.3,5.185,2.7214,2.5154,0.49,25.07,28.12,23.46,92.0,1.76,2.7,0.73,97.47
20131105,10.83,5.5399,4.2019,2.2433,0.53,25.08,28.79,22.14,89.25,1.24,2.15,0.53,97.42
20131106,5.63,6.4279,5.532,2.2404,0.61,24.99,28.36,22.9,89.83,0.85,1.72,0.39,97.39
20131107,7.12,5.2423,2.3628,2.9054,0.5,24.64,27.21,22.48,91.78,0.96,1.37,0.39,97.27
20131108,26.81,4.5377,2.4329,2.1406,0.43,24.95,27.15,23.62,93.95,1.23,2.22,0.46,97.3
20131109,16.05,3.4973,0.3372,2.4096,0.33,24.95,27.5,22.91,89.56,1.08,2.26,0.45,97.37
20131110,1.2,4.8379,1.645,2.6299,0.46,23.63,27.11,20.33,85.35,0.9,1.53,0.34,97.38
20131111,0.88,5.651,3.5314,2.6741,0.54,24.24,27.63,21.52,89.43,1.35,2.18,0.54,97.25
20131112,25.55,5.8848,4.7563,2.0556,0.56,24.33,26.17,22.98,94.19,1.24,2.17,0.54,97.18
20131113,39.96,4.3044,0.647,3.1505,0.41,23.79,25.78,22.07,93.66,1.06,1.86,0.4,97.25
20131114,14.34,3.5789,0.5234,2.4353,0.34,23.75,25.8,22.09,93.01,0.99,1.72,0.41,97.46
20131115,2.38,6.3559,5.2015,2.2399,0.61,23.9,26.94,21.44,88.34,1.03,1.51,0.41,97.43
20131116,4.86,5.9299,4.5574,2.2478,0.57,24.58,27.87,21.95,88.69,1.24,1.97,0.45,97.29
20131117,9.05,4.7568,1.3786,3.0084,0.45,24.44,25.74,23.03,92.81,0.77,1.52,0.34,97.32
20131118,11.07,4.3788,1.7302,2.4581,0.42,24.23,25.57,22.56,91.34,0.96,1.39,0.4,97.32
20131119,31.52,4.2132,1.0738,2.7773,0.4,23.31,26.04,21.41,92.62,1.31,2.21,0.49,97.43
20131120,39.85,5.3021,2.0731,3.0845,0.51,23.98,27.41,21.22,88.91,1.39,1.95,0.56,97.41
20131121,14.44,5.4919,1.8312,3.3624,0.53,23.78,26.38,22.46,90.87,0.87,1.42,0.44,97.38
20131122,3.95,5.0628,2.3225,2.7161,0.49,24.55,27.87,21.82,87.53,1.28,1.96,0.47,97.3
20131123,1.77,4.9188,1.5763,2.8728,0.47,24.41,26.99,22.28,90.93,1.17,1.9,0.51,97.29
20131124,26.34,5.0494,1.8386,3.2186,0.48,24.81,27.38,23.65,92.12,1.41,2.28,0.61,97.29
20131125,45.64,3.2165,0.1253,2.3966,0.31,23.68,25.09,22.79,94.59,0.81,1.21,0.39,97.37
20131126,3.19,6.0538,4.6586,2.4835,0.58,24.87,27.34,23.27,88.73,1.23,1.59,0.54,97.26
20131127,10.99,5.7334,4.9195,1.9634,0.55,24.68,27.31,23.2,89.61,1.1,1.69,0.41,97.42
20131128,17.89,3.9907,0.5563,2.5639,0.38,23.73,25.86,22.53,90.63,0.84,1.27,0.41,97.56
20131129,14.85,5.3011,3.0962,2.6345,0.51,24.8,28.24,22.14,89.15,1.27,2.25,0.48,97.44
20131130,19.07,5.8154,4.2638,2.363,0.56,24.89,28.04,22.84,88.72,1.12,1.98,0.5,97.42
20131201,27.14,5.8927,4.3356,2.4636,0.57,24.24,26.3,22.76,88.75,0.83,1.17,0.4,97.47
20131202,8.32,5.2406,2.55,2.7742,0.5,23.64,25.58,22.02,92.6,0.8,1.23,0.38,97.4
20131203,13.02,4.8046,1.1702,2.8471,0.46,25.0,27.63,22.93,89.72,1.1,2.11,0.47,97.29
20131204,14.77,5.7406,4.3378,2.2013,0.55,24.61,26.6,23.1,93.95,1.26,2.34,0.5,97.25
20131205,12.16,5.0417,2.6126,2.675,0.49,24.72,27.15,22.66,90.86,1.1,1.74,0.44,97.24
20131206,3.33,4.2749,0.6847,2.838,0.41,25.09,27.71,22.46,90.28,0.84,1.4,0.41,97.26
20131207,6.9,4.2413,1.345,2.483,0.41,25.17,27.88,23.15,89.68,1.0,1.57,0.45,97.31
20131208,8.86,4.5478,1.5043,2.6443,0.44,23.97,27.0,22.14,92.47,1.22,2.35,0.48,97.31
20131209,4.29,6.131,4.9728,2.1878,0.59,24.51,27.04,22.74,90.12,1.09,2.05,0.46,97.25
20131210,2.05,5.5082,4.2852,2.0892,0.53,24.24,26.1,22.44,92.5,1.03,1.73,0.48,97.15
20131211,7.86,3.8345,0.9389,2.417,0.37,23.33,24.57,22.47,94.38,1.04,1.24,0.42,97.26
20131212,1.84,5.7346,3.6276,2.5279,0.55,24.7,27.44,22.49,87.71,1.1,1.67,0.44,97.23
20131213,6.01,2.8524,0.4841,1.9226,0.28,24.17,25.6,22.88,92.27,0.83,1.46,0.32,97.36
20131214,15.97,5.369,2.7674,2.8469,0.52,25.3,27.63,23.59,89.19,1.26,2.28,0.51,97.31
20131215,23.0,3.1006,0.6494,2.2229,0.3,24.57,25.84,22.7,95.24,1.46,2.05,0.64,97.35
20131216,9.23,5.7833,3.8633,2.5433,0.56,24.29,27.75,21.08,88.25,1.22,1.92,0.46,97.3
20131217,28.2,3.4805,0.9221,2.2651,0.34,24.25,26.31,23.0,94.6,1.31,2.02,0.51,97.21
20131218,11.18,4.9049,1.9246,2.7007,0.47,23.74,26.17,22.3,90.44,0.82,1.37,0.33,97.26
20131219,18.01,3.5916,0.1795,2.6794,0.35,24.18,25.88,22.21,95.4,1.13,1.57,0.55,97.32
20131220,9.12,6.2842,6.0898,1.6824,0.61,24.37,26.74,22.97,94.82,1.38,2.34,0.56,97.38
20131221,8.74,5.8075,3.9953,2.7022,0.56,24.73,27.65,22.45,91.3,1.41,2.22,0.56,97.37
20131222,1.97,1.885,0.0341,1.4832,0.18,23.91,25.9,22.58,94.26,1.2,1.87,0.51,97.4
20131223,21.14,5.6083,3.5206,2.8373,0.54,24.57,27.37,22.93,92.92,1.33,1.93,0.52,97.41
20131224,17.42,4.5734,0.863,3.2071,0.44,24.17,26.01,22.69,94.8,1.17,1.72,0.48,97.43
20131225,11.76,5.9719,4.2946,2.5145,0.58,24.68,27.33,23.05,90.01,0.99,1.68,0.46,97.45
20131226,0.37,5.3736,2.1322,3.211,0.52,24.67,28.09,21.95,86.47,0.98,1.53,0.38,97.41
20131227,30.45,3.2863,1.1964,2.2164,0.32,24.09,26.83,22.3,91.93,1.3,2.28,0.54,97.47
20131228,0.49,4.9526,1.3882,3.1174,0.48,24.34,28.61,20.17,84.66,1.21,1.84,0.46,97.44
20131229,0.02,6.5573,6.5074,1.8802,0.63,24.88,28.45,22.11,86.65,1.09,1.86,0.4,97.44
20131230,0.32,5.6722,2.6506,3.2016,0.55,24.53,27.32,22.75,86.61,0.85,1.24,0.43,97.41
20131231,9.04,4.8941,2.6707,2.5495,0.47,24.97,27.87,22.86,87.3,1.65,3.01,0.73,97.42
20140101,18.71,5.3765,2.6964,2.7794,0.52,24.95,27.65,22.89,91.94,1.22,1.92,0.59,97.4
20140102,7.95,3.9358,0.2942,2.9122,0.38,24.31,27.17,22.26,90.1,0.85,1.28,0.3,97.48
20140103,2.03,4.583,1.3126,2.9609,0.44,24.94,28.35,22.34,83.26,1.09,1.33,0.39,97.45
20140104,1.85,6.9773,6.6298,2.0083,0.67,25.46,29.33,22.21,86.23,1.18,1.94,0.49,97.35
20140105,0.74,5.9623,5.0554,2.0515,0.57,25.35,29.0,22.45,85.34,1.22,1.82,0.5,97.34
20140106,10.3,6.3235,5.8342,2.1763,0.61,25.22,27.92,23.24,91.09,1.58,2.37,0.67,97.27
20140107,7.18,6.6449,5.8195,2.1787,0.64,24.87,28.13,21.62,88.81,1.26,1.94,0.51,97.25
20140108,13.03,4.3164,1.7993,2.5975,0.41,24.69,26.43,23.42,94.29,1.72,2.55,0.77,97.24
20140109,28.27,5.1218,1.2821,3.4954,0.49,24.85,28.25,23.01,90.12,1.6,3.03,0.71,97.23
20140110,6.76,4.7014,0.3276,3.4846,0.45,24.01,27.36,21.69,90.28,1.31,2.47,0.59,97.37
20140111,1.46,5.1922,1.6356,3.4685,0.5,24.16,27.95,22.01,89.14,1.51,2.69,0.58,97.34
20140112,4.16,5.9818,3.7286,2.7787,0.57,25.69,29.24,22.87,87.54,0.93,2.04,0.42,97.03
20140113,25.42,5.0422,3.9725,1.925,0.48,26.55,29.47,24.64,85.32,1.1,1.89,0.53,96.94
20140114,84.79,6.0382,4.3978,2.5637,0.58,26.34,30.95,23.13,84.84,0.79,1.69,0.34,97.02
20140115,19.26,5.2147,2.1245,3.1044,0.5,25.51,28.91,23.29,87.52,1.21,1.93,0.44,97.26
20140116,31.34,5.8519,3.6578,2.724,0.56,24.35,27.3,22.63,91.47,1.18,2.39,0.48,97.4
20140117,9.15,4.8619,1.0459,2.9832,0.46,24.67,28.09,22.41,88.94,1.19,2.08,0.44,97.35
20140118,0.47,5.197,1.9615,2.9028,0.49,25.0,29.06,22.14,84.71,1.01,1.73,0.47,97.36
20140119,1.11,6.0353,4.9704,2.201,0.57,25.34,28.29,22.88,88.13,1.12,1.89,0.48,97.34
20140120,2.39,5.1576,1.1472,3.715,0.49,24.63,27.66,22.64,88.52,0.98,1.62,0.45,97.43
20140121,6.68,5.2958,2.3902,2.7768,0.5,24.05,27.2,21.65,90.1,1.31,1.93,0.59,97.41
20140122,2.09,3.2402,0.0286,2.4252,0.31,23.51,26.73,21.65,91.34,1.56,2.95,0.62,97.42
20140123,7.72,5.6496,2.5097,3.0689,0.54,23.44,26.62,20.98,90.38,1.49,2.13,0.57,97.38
20140124,2.16,5.6842,2.442,3.0605,0.54,24.66,27.86,22.37,90.26,1.3,1.86,0.51,97.29
20140125,5.16,4.907,1.2943,3.3727,0.47,24.4,26.89,22.22,92.31,1.1,1.96,0.49,97.36
20140126,3.18,4.9613,1.6829,3.0578,0.47,24.15,27.76,21.23,87.61,1.08,2.2,0.46,97.33
20140127,1.24,5.0045,1.3925,2.9136,0.47,24.24,28.04,21.55,87.38,1.63,2.85,0.69,97.23
20140128,0.05,3.9955,0.0559,3.0266,0.38,24.37,28.02,21.51,83.56,1.74,3.05,0.69,97.22
20140129,0.07,4.4842,0.3533,3.3624,0.42,24.34,27.2,22.34,83.01,1.21,1.49,0.42,97.15
20140130,0.02,6.0257,4.6769,2.7528,0.57,25.34,29.37,22.56,82.81,1.07,1.9,0.41,97.22
20140131,0.89,5.7996,2.9146,3.1606,0.55,25.23,27.75,23.01,91.52,0.84,1.82,0.36,97.27
20140201,8.51,5.4494,2.4427,2.8759,0.51,26.36,29.36,24.56,84.99,0.9,1.89,0.41,97.14
20140202,9.29,6.2386,5.2894,2.0278,0.59,25.48,28.9,22.94,86.97,1.31,2.08,0.49,97.12
20140203,9.38,6.5261,5.8639,2.01,0.62,25.48,28.85,22.08,86.33,1.03,2.01,0.38,97.08
20140204,11.94,6.7466,6.5172,1.8127,0.64,25.91,29.11,23.51,86.02,1.16,2.22,0.47,97.04
20140205,4.45,6.3934,6.0504,2.1142,0.6,25.95,29.5,23.78,85.97,1.3,2.2,0.57,97.18
20140206,0.34,6.5059,4.7525,3.0391,0.61,25.31,28.87,22.62,87.28,1.14,1.91,0.46,97.16
20140207,10.2,5.6429,3.4354,2.6705,0.53,25.21,27.37,22.99,89.97,1.11,2.0,0.46,97.12
20140208,6.59,5.5243,2.8106,2.8649,0.52,24.5,27.22,22.09,90.6,1.07,1.95,0.43,97.2
20140209,15.08,6.4613,5.6854,2.0846,0.61,24.79,29.33,20.64,83.09,1.47,2.38,0.53,97.21
20140210,15.52,4.164,0.7603,2.8034,0.39,25.41,28.61,22.84,89.0,1.27,2.15,0.52,97.23
20140211,5.27,3.917,0.5532,2.5291,0.37,24.76,26.95,23.24,91.4,1.38,2.22,0.62,97.22
20140212,38.27,4.8974,1.1837,2.9525,0.46,24.29,26.35,23.05,92.44,1.4,2.24,0.63,97.36
20140213,24.23,5.4974,3.7961,2.2433,0.52,23.73,25.88,22.33,93.76,1.38,2.27,0.55,97.42
20140214,9.77,5.1886,2.1919,3.2702,0.49,24.81,27.08,22.91,91.1,1.03,1.81,0.48,97.29
20140215,1.86,3.6526,0.1344,2.6729,0.34,25.07,28.03,23.59,87.0,0.96,2.09,0.42,97.3
20140216,1.07,5.8142,3.6074,2.7833,0.55,25.17,28.55,22.66,88.29,1.31,2.39,0.5,97.44
20140217,6.93,6.5506,4.7479,2.6561,0.61,25.21,27.55,23.62,90.84,1.35,2.39,0.65,97.37
20140218,24.42,6.0118,4.0229,2.9597,0.56,24.77,28.16,22.29,86.1,0.95,1.8,0.43,97.28
20140219,9.7,5.5469,1.3932,3.5266,0.52,24.87,28.67,22.46,86.24,1.06,1.81,0.43,97.36
20140220,9.35,3.7519,0.4399,2.6429,0.35,23.46,26.75,21.22,86.78,1.11,1.51,0.44,97.58
20140221,0.14,5.9328,3.3691,3.2206,0.56,24.2,27.92,21.1,85.99,1.16,1.72,0.49,97.48
20140222,2.44,5.935,3.2707,2.6998,0.56,24.32,27.76,22.25,87.7,1.53,2.79,0.68,97.44
20140223,2.6,3.7632,0.4277,2.5529,0.35,23.7,26.4,21.39,90.92,1.15,2.23,0.52,97.49
20140224,2.48,5.0126,2.3129,2.7317,0.47,24.05,27.55,21.41,88.11,1.11,2.05,0.45,97.57
20140225,1.64,3.1898,0.065,2.3861,0.3,23.54,26.86,21.46,89.44,1.03,1.76,0.4,97.62
20140226,1.55,4.8504,1.6135,2.8896,0.46,23.92,27.07,21.25,87.77,1.02,1.48,0.39,97.54
20140227,8.52,3.4709,0.2741,2.5308,0.33,23.75,27.05,22.06,91.37,0.96,1.69,0.41,97.6
20140228,1.68,6.4951,4.6829,2.4658,0.61,24.31,27.84,21.43,88.3,1.28,2.02,0.52,97.52
20140301,1.26,6.8906,6.1745,1.8118,0.65,24.72,28.65,21.86,87.8,1.0,1.67,0.37,97.47
20140302,0.09,6.6233,5.55,2.1763,0.62,24.92,29.12,22.27,85.84,0.66,1.14,0.17,97.45
20140303,0.09,6.5136,4.7602,2.2932,0.61,24.87,28.55,21.93,87.32,0.82,1.29,0.28,97.48
20140304,1.56,5.5754,2.0179,3.1754,0.52,25.07,28.41,22.46,85.41,0.87,1.33,0.34,97.55
20140305,0.71,4.2343,1.176,2.6165,0.4,24.18,27.16,21.99,88.99,1.09,2.15,0.41,97.5
20140306,6.4,2.815,0.06,2.1473,0.27,23.82,26.55,21.8,90.46,1.4,2.82,0.59,97.46
20140307,11.51,3.4781,0.2971,2.4526,0.33,24.03,27.05,21.57,89.99,1.62,2.38,0.73,97.43
20140308,0.68,5.0803,1.1287,3.2698,0.48,23.48,26.41,21.26,89.02,1.62,2.34,0.73,97.58
20140309,0.05,5.5435,3.4728,2.2409,0.52,24.85,29.26,21.65,82.86,1.41,2.17,0.54,97.53
20140310,7.32,6.7229,5.5862,2.1353,0.64,24.72,28.34,22.33,87.79,1.35,1.94,0.55,97.61
20140311,2.35,5.1751,2.7434,2.4518,0.49,24.89,27.48,23.51,92.53,1.55,2.62,0.69,97.56
20140312,4.42,3.6852,0.7939,2.2608,0.35,25.26,28.02,23.66,90.4,1.19,2.3,0.54,97.46
20140313,2.08,4.8158,0.863,3.2357,0.46,24.35,26.5,21.96,91.79,1.1,2.71,0.48,97.54
20140314,19.64,5.5373,3.0883,2.573,0.53,24.61,27.86,21.79,85.68,1.15,1.8,0.43,97.61
20140315,10.19,6.5393,4.9692,2.3237,0.62,24.72,27.58,23.08,93.7,1.01,1.53,0.46,97.61
20140316,20.08,5.9251,4.2883,2.4396,0.56,24.89,27.5,22.81,92.57,1.18,1.97,0.56,97.57
20140317,17.0,6.2436,5.1372,2.0074,0.59,24.35,27.8,21.89,88.96,1.26,2.39,0.54,97.57
20140318,3.73,6.2066,4.7585,2.2706,0.59,24.7,28.43,21.81,87.43,0.97,1.79,0.42,97.56
20140319,0.91,5.1886,1.8494,3.3046,0.5,24.78,28.33,21.99,87.8,1.02,1.9,0.45,97.43
20140320,9.66,4.873,1.0793,3.2237,0.47,24.03,25.05,23.11,94.95,1.25,2.0,0.54,97.29
20140321,9.55,6.2916,4.3464,2.4984,0.6,24.78,26.61,23.42,90.56,1.19,2.3,0.47,97.25
20140322,6.04,5.6774,3.5026,2.5361,0.54,24.99,27.77,22.86,90.67,1.3,2.11,0.5,97.33
20140323,18.74,3.1973,0.6751,2.2382,0.31,24.34,25.53,23.32,96.94,1.2,1.49,0.45,97.49
20140324,3.84,4.8782,0.9864,2.9362,0.47,24.46,27.37,22.49,90.91,0.9,1.59,0.4,97.45
20140325,2.51,4.7822,0.9487,3.3346,0.46,24.99,28.58,22.35,87.29,1.36,2.49,0.57,97.42
20140326,0.47,6.3137,4.9289,2.173,0.61,25.45,29.12,22.88,86.19,1.14,1.73,0.46,97.49
20140327,0.88,6.4942,5.7706,1.8218,0.63,25.35,28.28,22.92,88.65,1.31,2.21,0.54,97.43
20140328,3.52,3.7788,0.2249,2.826,0.37,24.35,25.87,22.99,93.19,0.89,1.36,0.38,97.5
20140329,7.97,5.6074,4.0469,2.2229,0.54,23.52,25.87,22.11,91.7,0.79,1.27,0.33,97.55
20140330,6.62,5.1694,1.5998,3.1284,0.5,24.54,27.43,22.04,88.55,1.15,1.47,0.49,97.52
20140331,9.96,6.2695,4.6769,2.4151,0.61,24.39,27.41,22.28,87.46,1.05,1.59,0.43,97.47
20140401,5.77,6.5074,5.4926,2.0023,0.63,25.02,27.85,22.97,91.93,1.26,1.7,0.54,97.3
20140402,3.38,4.7664,1.8026,2.7403,0.47,25.18,28.12,23.47,90.55,1.24,2.26,0.56,97.32
20140403,8.46,5.0717,1.3308,3.2906,0.5,24.71,27.33,22.5,91.74,1.1,2.15,0.48,97.44
20140404,2.61,6.6566,6.4428,1.7789,0.65,24.82,29.01,21.1,86.85,1.29,1.96,0.48,97.4
20140405,0.56,4.6884,2.0069,2.5673,0.46,25.26,28.51,22.5,87.33,1.1,1.4,0.49,97.45
20140406,0.06,6.1764,5.5046,2.0069,0.61,25.41,28.96,22.47,87.71,1.65,2.64,0.65,97.45
20140407,3.05,4.3709,0.4538,3.102,0.43,23.69,25.96,21.77,90.06,0.81,1.54,0.31,97.5
20140408,7.74,4.5842,1.4796,2.6189,0.45,23.48,27.02,21.42,89.79,1.32,1.81,0.52,97.54
20140409,10.8,4.1371,0.2285,3.067,0.41,23.77,27.14,21.17,90.21,1.34,1.97,0.58,97.48
20140410,11.48,2.0712,0.1788,1.4482,0.21,23.32,25.07,21.88,95.21,1.42,1.92,0.64,97.5
20140411,1.32,5.1106,2.7576,2.4811,0.51,23.88,27.37,21.14,88.97,1.31,2.03,0.57,97.38
20140412,2.05,4.4381,1.1602,2.8339,0.44,24.42,28.15,21.58,88.09,1.03,1.74,0.42,97.38
20140413,31.74,5.5596,4.9078,1.89,0.56,24.9,28.26,22.25,90.49,1.54,2.75,0.63,97.38
20140414,6.78,4.8286,1.6361,2.987,0.48,24.95,28.33,22.71,87.42,1.38,2.23,0.62,97.53
20140415,0.09,6.0946,4.825,2.389,0.61,25.11,28.88,22.55,87.73,1.08,1.8,0.46,97.51
20140416,3.86,4.463,0.5909,3.1687,0.45,24.56,27.28,22.05,89.95,0.94,1.45,0.35,97.47
20140417,4.35,4.1542,1.4506,2.5142,0.42,24.27,25.52,23.29,94.03,1.06,1.52,0.36,97.48
20140418,4.19,6.0982,5.1521,1.974,0.62,24.41,27.3,22.26,90.05,1.25,2.01,0.49,97.52
20140419,2.09,6.1272,5.2798,2.1509,0.62,24.69,28.06,22.73,91.17,1.11,1.47,0.48,97.41
20140420,15.25,5.3846,4.1561,2.3477,0.55,25.26,28.18,22.67,91.49,1.19,1.94,0.53,97.31
20140421,37.24,4.6471,1.332,2.8445,0.47,25.55,27.58,24.37,89.36,0.86,1.78,0.46,97.36
20140422,9.73,5.892,5.3794,1.8552,0.6,25.96,28.47,24.18,85.85,1.14,2.14,0.52,97.43
20140423,12.35,4.7424,1.2677,2.9338,0.49,25.4,28.85,23.05,90.18,0.99,1.88,0.42,97.45
20140424,10.11,4.811,2.9844,2.7413,0.5,24.3,26.89,22.88,93.58,1.12,2.16,0.5,97.46
20140425,0.2,6.3211,5.6467,1.9548,0.65,25.39,29.7,22.16,85.6,1.06,1.77,0.41,97.39
20140426,2.36,5.6702,4.6786,2.2668,0.59,24.4,26.97,22.6,91.56,0.9,1.59,0.38,97.48
20140427,1.55,5.9453,5.5502,1.8862,0.62,25.11,29.23,22.06,85.97,1.16,1.79,0.47,97.51
20140428,35.32,6.2494,6.2585,1.7124,0.65,25.31,28.48,23.08,88.93,1.14,2.18,0.5,97.46
20140429,27.22,5.0088,2.4053,2.8519,0.52,24.85,27.33,23.15,92.36,0.98,1.31,0.42,97.45
20140430,2.87,3.395,0.4963,2.3498,0.36,25.41,28.11,23.43,90.16,0.92,1.28,0.37,97.51
20140501,15.25,5.2265,4.147,2.3609,0.55,24.66,26.7,23.29,94.6,1.06,1.97,0.41,97.58
20140502,8.81,4.8946,2.6522,2.7199,0.51,24.07,25.52,23.18,95.75,1.37,2.07,0.55,97.62
20140503,2.82,4.9774,3.005,2.5502,0.52,24.93,28.28,22.51,89.72,1.27,2.18,0.58,97.51
20140504,25.37,4.9618,2.4871,2.6088,0.52,24.44,27.16,22.7,94.08,1.38,2.03,0.59,97.55
20140505,16.96,5.2942,3.865,2.2402,0.56,24.43,26.8,22.81,94.22,1.3,1.78,0.57,97.65
20140506,10.23,5.9326,5.8687,1.687,0.63,24.88,27.26,23.34,93.87,1.32,2.19,0.53,97.59
20140507,8.91,5.4725,5.2606,1.835,0.58,25.21,28.08,23.39,92.69,1.24,2.01,0.53,97.49
20140508,11.76,4.721,2.201,2.6174,0.5,25.3,27.68,23.78,94.21,1.19,1.99,0.51,97.45
20140509,7.12,2.7034,0.2206,2.0086,0.29,25.17,26.63,24.3,96.35,1.45,2.35,0.63,97.46
20140510,7.87,4.2146,0.4834,3.1248,0.45,24.98,27.19,23.68,95.89,1.24,2.03,0.5,97.48
20140511,6.22,3.5974,0.1133,2.7314,0.39,24.43,25.75,23.56,95.88,1.18,1.5,0.45,97.6
20140512,3.92,5.0664,3.9384,2.0594,0.55,24.97,26.77,23.66,94.54,1.51,2.43,0.59,97.62
20140513,15.74,5.345,3.6756,2.4922,0.58,24.65,25.82,23.83,97.25,1.03,1.28,0.39,97.51
20140514,15.13,4.4395,2.9765,1.981,0.48,24.81,25.93,23.8,95.49,1.16,1.8,0.43,97.43
20140515,24.44,3.7745,0.3432,2.6952,0.41,24.32,26.28,23.12,95.23,0.79,1.35,0.34,97.42
20140516,7.53,2.7751,0.0446,2.131,0.3,23.58,25.16,22.49,93.72,0.83,1.1,0.37,97.57
20140517,4.58,5.7833,5.0395,2.0678,0.63,24.43,27.16,22.79,93.38,1.19,1.97,0.52,97.55
20140518,6.9,5.0186,5.0354,1.5538,0.55,24.81,27.53,23.17,93.82,1.63,2.66,0.65,97.47
20140519,24.63,2.8382,0.6194,1.9483,0.31,23.76,24.5,22.96,96.32,1.39,1.93,0.58,97.56
20140520,13.49,6.0437,6.2047,1.5245,0.66,24.59,28.4,22.19,92.55,1.0,1.73,0.48,97.49
20140521,6.41,4.2398,1.5583,2.5092,0.47,24.09,25.9,22.87,95.23,0.81,1.65,0.43,97.49
20140522,1.95,5.6686,5.256,1.9438,0.63,24.35,26.71,22.9,92.63,1.08,1.82,0.41,97.51
20140523,7.51,4.7302,1.7808,2.6779,0.52,23.35,25.63,22.08,93.57,0.82,1.62,0.4,97.62
20140524,4.84,5.3191,5.0237,1.721,0.59,24.48,27.05,22.08,91.33,1.26,2.07,0.54,97.56
20140525,22.37,4.6481,2.5846,2.4238,0.52,24.39,25.59,23.18,96.27,1.14,1.84,0.42,97.63
20140526,10.25,3.8254,1.4659,2.3654,0.43,23.52,25.27,22.21,93.94,0.73,1.17,0.33,97.71
20140527,4.86,5.5111,5.0162,1.8686,0.61,24.74,27.27,22.4,90.75,1.14,1.56,0.48,97.51
20140528,6.96,5.1367,4.494,2.1182,0.57,24.32,25.46,23.25,96.52,1.25,2.09,0.49,97.5
20140529,6.9,5.1247,3.5098,2.4247,0.57,24.32,26.91,22.53,89.97,0.61,0.98,0.27,97.46
20140530,37.36,3.4853,0.9787,2.4593,0.39,23.83,25.26,22.6,96.53,0.91,1.18,0.41,97.43
20140531,14.01,4.8199,2.4991,2.6386,0.54,24.14,26.37,22.73,93.16,0.96,1.52,0.42,97.41
20140601,0.56,4.6481,3.791,1.9836,0.52,24.38,26.47,22.96,94.6,1.1,1.58,0.49,97.43
20140602,10.95,1.4539,0.2014,1.1004,0.16,24.55,25.62,23.83,96.78,1.44,2.12,0.56,97.38
20140603,11.69,3.0461,0.8827,1.985,0.34,24.23,25.39,23.66,96.22,1.05,1.84,0.43,97.35
20140604,10.36,3.5042,0.564,2.3443,0.4,24.69,27.58,22.81,92.86,1.36,2.76,0.61,97.36
20140605,10.41,3.5688,0.9449,2.2879,0.4,24.49,25.68,23.52,96.94,1.11,1.7,0.5,97.28
20140606,4.57,4.7554,3.677,2.1389,0.54,24.55,27.01,23.23,93.33,1.24,1.75,0.48,97.23
20140607,10.76,5.076,4.5319,1.8077,0.58,24.37,26.38,22.78,94.2,1.0,1.62,0.38,97.25
20140608,7.45,4.687,2.9602,2.4552,0.53,24.29,26.52,23.01,94.53,1.1,1.83,0.4,97.31
20140609,13.98,4.3505,4.135,1.7311,0.5,24.23,26.39,22.61,94.09,1.48,2.48,0.64,97.29
20140610,2.81,3.7325,2.7161,1.8137,0.43,24.52,27.04,22.98,93.47,1.13,1.73,0.56,97.21
20140611,8.38,4.1419,3.0895,2.0023,0.47,24.15,25.98,22.82,95.18,1.25,2.08,0.51,97.24
20140612,8.8,3.1766,0.4116,2.3333,0.36,24.51,27.1,23.02,93.22,1.05,2.29,0.44,97.23
20140613,14.77,4.0802,2.9318,2.0506,0.47,23.96,25.48,22.56,96.01,1.27,1.92,0.49,97.34
20140614,25.06,2.5678,0.1762,1.8725,0.29,22.54,23.7,21.44,96.04,1.2,1.59,0.48,97.55
20140615,25.61,4.3272,1.9942,2.3398,0.49,21.84,24.37,20.51,93.09,0.8,1.44,0.34,97.61
20140616,3.01,5.1588,4.1393,2.0827,0.59,23.28,25.84,21.22,88.75,1.09,2.02,0.47,97.56
20140617,16.94,3.985,2.6839,1.9265,0.46,24.21,26.81,22.32,94.22,1.28,2.24,0.49,97.55
20140618,33.36,2.2188,0.2964,1.5454,0.25,24.17,25.81,22.92,94.51,1.3,2.43,0.54,97.6
20140619,29.38,3.936,1.0634,2.7367,0.45,23.64,26.19,22.18,94.35,1.37,2.06,0.54,97.62
20140620,4.78,3.2822,0.2028,2.4684,0.38,23.47,25.43,22.2,94.72,1.05,1.96,0.44,97.72
20140621,22.83,4.9615,4.2917,1.8283,0.57,24.63,27.3,23.17,91.09,1.17,2.19,0.52,97.61
20140622,30.15,1.889,0.0744,1.4666,0.22,23.42,24.48,22.56,97.22,1.1,1.33,0.46,97.74
20140623,5.76,4.2446,2.2147,2.4079,0.49,23.69,26.63,22.3,93.75,1.45,2.3,0.65,97.68
20140624,10.14,3.6125,1.3368,2.1401,0.41,22.95,24.75,21.95,95.97,1.56,2.68,0.62,97.67
20140625,29.69,3.319,1.8014,1.7765,0.38,22.77,24.0,21.94,96.64,1.3,2.34,0.53,97.67
20140626,14.9,3.4212,1.6946,1.92,0.39,23.39,25.89,22.3,93.31,1.25,2.26,0.54,97.67
20140627,4.58,3.4438,1.2934,2.2296,0.39,23.15,24.57,22.12,95.26,1.07,2.06,0.44,97.62
20140628,34.57,3.288,1.2864,1.9526,0.38,23.06,24.35,22.0,97.89,1.14,2.06,0.44,97.59
20140629,17.72,4.4808,2.5027,2.3124,0.51,22.94,24.8,21.6,95.97,1.23,1.75,0.49,97.63
20140630,9.12,2.9119,0.4951,1.9474,0.33,22.72,23.78,21.81,95.95,1.27,1.82,0.5,97.71
20140701,6.26,3.0636,1.194,1.8922,0.35,23.19,25.22,21.8,94.86,1.53,2.48,0.62,97.72
20140702,3.9,3.2424,0.9034,2.0674,0.37,23.08,25.19,21.95,93.41,1.62,2.49,0.69,97.65
20140703,3.41,3.9017,2.7168,2.0664,0.45,23.45,26.56,21.26,92.2,1.45,2.19,0.68,97.5
20140704,2.06,3.7697,2.3498,2.0635,0.43,23.38,26.98,20.7,90.01,1.67,2.23,0.68,97.46
20140705,6.25,3.1318,0.5287,2.3458,0.36,22.56,24.24,21.6,95.06,1.33,2.18,0.57,97.59
20140706,36.03,3.012,0.9744,2.1242,0.34,22.57,24.18,21.62,95.25,1.38,2.49,0.57,97.58
20140707,54.47,1.9946,0.4296,1.271,0.23,22.91,25.26,21.7,95.65,1.34,1.9,0.54,97.5
20140708,14.16,2.8027,0.4632,1.9742,0.32,22.98,24.49,22.04,96.23,1.04,1.73,0.44,97.47
20140709,15.89,4.5466,3.563,2.0273,0.52,22.95,24.46,21.86,96.67,0.94,1.67,0.36,97.51
20140710,20.69,3.341,0.7757,2.3244,0.38,22.79,24.62,21.5,94.21,1.24,2.16,0.5,97.58
20140711,7.45,4.3058,1.5386,2.5058,0.49,23.07,25.48,21.5,92.65,1.06,1.87,0.49,97.61
20140712,13.6,3.2347,0.4538,2.3203,0.37,22.51,25.3,21.08,94.64,1.39,1.99,0.58,97.68
20140713,3.71,4.092,0.732,2.886,0.46,23.7,26.24,21.63,91.93,0.85,1.27,0.34,97.51
20140714,8.18,2.8042,0.6365,1.8566,0.32,23.16,24.92,22.06,94.75,1.16,2.44,0.47,97.55
20140715,32.0,2.5697,0.365,1.7366,0.29,23.16,24.56,22.16,94.57,0.48,1.01,0.27,97.59
20140716,25.68,3.8762,1.5139,2.2157,0.44,22.85,25.16,21.47,95.27,0.96,2.13,0.42,97.64
20140717,14.2,4.4522,3.1606,2.0047,0.5,22.5,24.32,21.27,94.62,1.17,1.96,0.47,97.6
20140718,12.76,3.5522,1.6538,2.0791,0.4,22.82,24.71,21.69,95.48,1.26,2.01,0.56,97.53
20140719,5.7,3.7896,2.537,1.9699,0.42,23.46,26.15,22.05,92.8,1.22,1.88,0.53,97.52
20140720,1.11,3.4346,2.9143,1.5617,0.38,22.8,25.55,21.11,91.87,1.5,2.46,0.66,97.62
20140721,2.3,2.9328,1.7105,1.6594,0.33,22.52,25.31,20.92,93.03,1.54,2.47,0.62,97.71
20140722,9.48,2.8426,1.0838,1.698,0.32,22.15,24.33,20.91,95.0,1.54,2.74,0.64,97.64
20140723,5.17,3.9665,2.5529,1.9805,0.44,23.06,26.69,20.89,92.68,1.24,1.85,0.58,97.54
20140724,20.93,3.9521,1.4045,2.2646,0.44,22.51,24.47,21.42,95.76,1.31,2.45,0.56,97.61
20140725,9.39,5.9266,5.616,1.7592,0.66,23.22,26.28,21.33,91.95,1.2,2.06,0.55,97.78
20140726,8.4,4.0109,2.6554,2.046,0.44,23.09,26.5,20.8,91.53,1.36,2.41,0.58,97.73
20140727,15.97,3.9672,2.6918,1.9716,0.44,22.41,24.24,21.36,94.97,1.4,2.49,0.58,97.7
20140728,13.13,4.2502,3.078,1.9632,0.47,23.1,26.11,21.2,93.01,1.27,2.29,0.53,97.64
20140729,7.72,3.6276,2.5145,1.7654,0.4,23.22,25.44,22.07,93.77,1.59,2.9,0.65,97.63
20140730,10.22,4.0699,1.3488,2.5673,0.44,23.13,24.89,22.08,95.3,1.42,2.48,0.58,97.66
20140731,16.24,3.8014,2.3818,1.8938,0.41,23.1,25.36,21.85,94.53,1.33,2.4,0.47,97.69
20140801,20.87,4.8986,4.0054,1.9754,0.53,23.41,25.73,21.66,94.11,1.03,2.0,0.41,97.67
20140802,6.1,3.9017,3.2364,1.7669,0.42,23.92,26.74,22.06,92.87,1.01,1.76,0.47,97.61
20140803,3.49,3.0538,1.3142,1.8209,0.33,24.0,26.93,22.25,92.3,1.27,1.96,0.58,97.6
20140804,1.01,4.0022,3.0756,1.9034,0.43,22.89,25.59,21.4,91.71,1.64,2.62,0.71,97.69
20140805,6.97,3.5837,1.5319,2.1434,0.39,23.04,25.42,21.37,93.55,1.38,2.8,0.59,97.69
20140806,8.78,4.6027,3.4627,1.9296,0.5,24.07,27.17,22.28,90.7,1.15,2.06,0.44,97.59
20140807,6.12,5.2716,4.1986,1.9102,0.57,23.21,25.71,21.49,93.22,1.17,1.88,0.44,97.73
20140808,14.21,4.0942,3.1006,1.9171,0.44,23.4,26.7,21.0,90.37,1.51,2.24,0.58,97.6
20140809,11.1,3.9454,2.0688,1.9714,0.42,23.15,26.08,21.72,93.22,1.2,2.05,0.51,97.71
20140810,14.28,3.3778,1.1561,2.0683,0.36,22.22,23.88,21.41,94.86,1.27,2.13,0.5,97.7
20140811,11.24,4.0788,1.5658,2.3854,0.43,22.37,24.07,21.25,95.75,1.05,2.1,0.45,97.63
20140812,6.64,4.8619,3.6778,1.8439,0.52,22.71,24.58,21.45,96.07,1.29,2.34,0.52,97.57
20140813,34.93,3.7694,2.081,1.9589,0.4,23.52,26.41,21.87,92.38,1.26,2.24,0.52,97.57
20140814,67.93,4.5898,3.005,1.9608,0.48,23.16,25.41,21.66,93.03,1.1,2.17,0.4,97.72
20140815,25.82,3.7913,0.7843,2.376,0.4,22.7,24.04,21.69,96.69,1.32,2.13,0.48,97.69
20140816,7.32,3.8095,0.7382,2.4631,0.4,23.03,24.84,21.93,94.79,0.9,1.21,0.35,97.59
20140817,23.5,2.7842,0.293,1.9534,0.29,22.96,25.13,21.44,95.3,1.29,2.48,0.53,97.62
20140818,15.09,2.4662,0.2119,1.812,0.26,21.94,23.93,21.06,95.16,1.33,2.15,0.55,97.8
20140819,8.65,4.4546,3.102,1.9649,0.46,22.46,25.43,20.93,93.94,1.1,1.93,0.49,97.79
20140820,12.1,4.0234,1.014,2.5968,0.42,23.33,26.71,20.54,91.28,1.09,1.78,0.39,97.72
20140821,17.11,2.7643,0.7608,1.7868,0.29,23.16,25.67,21.86,94.86,1.63,2.62,0.61,97.63
20140822,23.91,3.9653,2.603,1.9111,0.41,22.88,24.93,21.86,94.96,1.56,2.27,0.61,97.66
20140823,115.92,2.5018,0.2362,1.8122,0.26,22.89,24.66,21.71,94.8,1.48,2.61,0.6,97.62
20140824,41.55,2.6741,0.1128,1.9435,0.28,22.54,24.03,21.23,96.96,1.44,2.3,0.5,97.59
20140825,14.75,5.7334,4.2955,2.1768,0.59,22.75,24.08,21.89,96.21,1.55,2.34,0.59,97.6
20140826,41.82,3.4603,0.5184,2.3882,0.35,22.78,24.83,21.63,95.98,1.12,1.46,0.46,97.51
20140827,17.79,3.0007,0.5652,1.9164,0.31,22.68,24.23,21.62,96.27,1.29,2.17,0.5,97.5
20140828,22.38,3.0043,0.2834,2.0405,0.31,22.3,23.42,21.54,96.74,0.98,1.56,0.41,97.54
20140829,18.93,4.0934,1.3985,2.4905,0.42,22.37,23.86,21.26,95.61,1.21,2.29,0.48,97.59
20140830,8.8,5.6542,4.705,1.9718,0.57,22.79,25.38,21.0,93.4,1.17,2.37,0.48,97.57
20140831,8.21,3.9439,2.5327,1.9606,0.4,23.37,27.04,20.35,91.46,1.12,1.83,0.48,97.41
20140901,21.13,3.5978,1.2636,2.1886,0.36,23.29,26.75,21.44,92.57,1.55,2.74,0.65,97.53
20140902,17.87,2.609,0.1831,1.8679,0.26,22.8,24.16,21.98,95.48,1.47,2.41,0.57,97.67
20140903,16.7,2.7036,0.0955,2.0429,0.27,23.04,25.5,21.87,94.81,1.22,2.37,0.53,97.6
20140904,1.84,3.985,0.1836,2.9933,0.4,22.53,23.98,21.48,94.95,1.23,2.25,0.49,97.55
20140905,9.1,5.7046,4.4328,2.161,0.57,23.23,25.81,21.75,91.94,1.3,2.44,0.55,97.52
20140906,17.58,3.2359,0.557,2.3131,0.32,22.94,24.72,21.8,95.27,1.36,2.63,0.55,97.68
20140907,10.15,3.7759,0.7834,2.6587,0.38,22.74,24.61,21.49,95.59,1.39,3.14,0.56,97.7
20140908,17.22,4.236,0.6533,2.8526,0.42,23.15,25.16,21.77,92.4,1.11,2.48,0.47,97.71
20140909,12.64,5.1665,2.6131,2.5982,0.51,23.16,25.76,21.76,94.3,0.77,1.4,0.35,97.67
20140910,5.74,4.536,2.0878,2.431,0.45,22.69,25.5,21.2,94.23,1.17,2.11,0.51,97.71
20140911,1.58,4.1832,1.806,2.4799,0.41,22.76,24.9,21.46,92.93,1.57,2.93,0.6,97.69
20140912,1.4,4.8262,1.6471,2.7814,0.48,22.42,24.87,20.75,90.54,1.51,2.56,0.6,97.64
20140913,5.52,3.6487,2.256,1.8185,0.36,22.41,24.98,20.59,92.96,1.3,2.16,0.51,97.59
20140914,31.16,3.9703,1.7575,2.1869,0.39,23.2,26.26,21.08,92.45,1.22,2.42,0.5,97.51
20140915,33.63,4.3658,1.1801,2.6585,0.43,23.43,26.2,22.02,93.55,1.05,1.89,0.48,97.5
20140916,12.31,3.3264,0.6134,2.3342,0.33,23.14,25.01,21.73,95.89,1.16,2.02,0.46,97.52
20140917,5.83,4.2686,2.0402,2.3196,0.42,24.21,28.16,21.74,91.11,0.96,1.98,0.41,97.58
20140918,13.39,4.3922,1.6524,2.5313,0.43,23.9,26.87,21.79,92.38,0.87,1.59,0.3,97.64
20140919,37.08,2.9938,0.7862,1.9464,0.29,23.17,25.7,21.94,94.73,1.34,2.36,0.54,97.65
20140920,32.47,4.3594,0.9218,2.9309,0.43,22.96,25.72,21.37,93.5,1.31,2.15,0.53,97.7
20140921,23.85,4.8425,1.5874,3.0413,0.47,23.21,26.44,20.43,90.32,1.05,1.55,0.44,97.67
20140922,10.98,4.1681,1.927,2.3086,0.41,23.35,26.27,21.1,92.25,1.21,2.2,0.49,97.63
20140923,27.42,2.7977,0.361,1.9548,0.27,22.39,23.72,20.96,96.26,1.33,2.41,0.52,97.7
20140924,2.21,3.4433,0.0754,2.5517,0.33,22.44,24.88,20.73,93.78,0.96,1.71,0.45,97.73
20140925,6.65,5.0203,2.5685,2.353,0.49,23.46,26.11,21.65,93.78,1.33,2.34,0.55,97.57
20140926,19.33,3.0242,0.2318,2.1751,0.29,23.27,24.79,22.14,96.24,1.31,2.04,0.5,97.59
20140927,5.18,3.7997,0.3149,2.6138,0.37,23.38,25.56,21.77,93.83,1.08,1.65,0.42,97.68
20140928,4.26,5.4862,3.7687,2.239,0.53,23.67,26.11,22.42,94.4,1.42,2.46,0.58,97.59
20140929,3.07,4.8643,2.9796,2.3592,0.47,23.57,26.41,21.51,92.4,1.32,2.02,0.57,97.48
20140930,1.1,3.1186,1.4645,1.7947,0.3,22.25,24.37,21.1,92.17,1.29,2.12,0.58,97.56
20141001,0.25,3.365,2.4718,1.71,0.32,23.36,27.09,20.92,87.59,1.26,2.65,0.53,97.43
20141002,2.94,3.6029,1.6728,1.9968,0.35,23.37,26.62,20.98,88.97,1.18,2.45,0.5,97.46
20141003,7.07,4.7777,2.5625,2.3945,0.46,23.72,26.51,21.83,90.43,1.33,2.28,0.53,97.41
20141004,0.78,4.7707,1.596,2.8226,0.46,23.84,26.21,22.15,91.89,1.18,1.89,0.43,97.48
20141005,0.04,5.1694,3.1778,2.4953,0.5,23.7,26.27,21.96,92.53,1.19,2.05,0.49,97.52
20141006,0.0,5.7533,4.2094,2.3486,0.55,24.19,27.78,21.62,89.31,1.15,1.98,0.52,97.48
20141007,0.0,5.7965,4.2689,2.3508,0.55,24.41,28.25,21.63,89.61,1.31,2.35,0.55,97.41
20141008,0.0,5.604,4.3879,1.9762,0.54,23.64,26.76,21.87,89.05,1.52,2.62,0.61,97.46
20141009,2.41,4.283,3.5914,1.7695,0.41,22.78,25.18,20.62,89.82,1.32,2.2,0.52,97.47
20141010,1.23,4.0742,1.8314,2.1898,0.39,23.78,26.42,21.67,89.44,1.16,2.17,0.45,97.49
20141011,4.49,4.4366,1.2228,2.7331,0.42,24.13,27.1,22.19,87.95,1.28,2.21,0.5,97.66
20141012,0.83,5.5433,3.901,2.2277,0.53,24.97,28.1,22.72,87.75,0.95,1.71,0.41,97.6
20141013,0.81,5.5032,2.8195,2.7144,0.52,24.88,28.19,22.4,87.73,1.0,1.59,0.4,97.67
20141014,0.31,5.5162,3.9286,2.1967,0.53,24.47,28.19,21.36,86.27,1.14,2.16,0.41,97.65
20141015,10.7,6.2208,5.0916,2.0659,0.59,24.62,28.05,22.21,90.23,1.54,2.51,0.59,97.61
20141016,43.26,4.3584,2.1943,2.2145,0.41,23.83,25.84,22.6,93.77,1.37,2.31,0.56,97.59
20141017,23.22,4.566,2.999,2.0664,0.43,24.03,27.0,21.84,89.79,1.28,2.33,0.5,97.58
20141018,0.71,5.5654,4.1609,2.1934,0.53,24.03,26.7,22.02,91.65,1.35,2.3,0.59,97.57
20141019,0.26,6.2796,6.1481,1.9217,0.6,24.99,28.31,22.44,87.76,0.95,1.7,0.45,97.49
20141020,35.27,4.6373,2.5334,2.2874,0.44,24.65,28.11,22.4,90.75,1.51,2.68,0.64,97.58
20141021,55.07,4.6502,1.3087,2.9182,0.44,23.96,25.92,22.59,93.66,1.51,2.31,0.62,97.7
20141022,0.49,5.485,3.2477,2.4456,0.52,24.73,27.89,22.31,90.56,1.4,2.26,0.54,97.64
20141023,8.2,5.3837,3.4097,2.4209,0.51,24.64,27.53,23.18,91.49,1.45,2.52,0.55,97.55
20141024,39.89,3.9096,0.8794,2.3815,0.37,23.67,25.33,22.86,95.15,1.63,2.76,0.65,97.59
20141025,27.16,3.191,0.5724,1.9862,0.3,23.55,25.72,22.37,94.9,1.26,1.89,0.5,97.64
20141026,9.28,4.4414,1.7717,2.5392,0.42,23.86,26.67,22.22,91.45,1.33,2.37,0.57,97.62
20141027,0.51,4.1681,1.2511,2.5368,0.4,24.2,27.93,22.06,90.28,1.43,2.48,0.61,97.53
20141028,0.09,4.9704,3.4769,2.1905,0.47,24.56,28.46,22.12,89.48,1.04,2.09,0.48,97.46
20141029,0.0,4.8442,3.727,2.0294,0.46,24.14,26.61,22.18,91.74,1.54,2.53,0.63,97.51
20141030,0.47,4.3063,2.515,2.0719,0.41,24.04,27.04,22.42,91.96,1.28,2.26,0.5,97.42
20141031,1.29,5.1605,2.9316,2.4274,0.49,24.61,27.5,22.52,88.01,1.06,1.81,0.46,97.37
20141101,1.74,4.314,1.6522,2.3472,0.41,24.23,26.68,22.81,93.62,0.97,1.71,0.38,97.42
20141102,7.87,4.2473,1.4026,2.4401,0.4,24.47,26.83,22.63,93.58,1.34,2.17,0.51,97.51
20141103,5.34,4.0954,1.6466,2.3196,0.39,23.74,26.23,21.53,91.54,1.12,1.62,0.48,97.63
20141104,5.5,5.0822,1.9867,2.8349,0.48,23.99,26.04,22.45,88.46,0.73,1.23,0.3,97.62
20141105,40.44,4.7592,2.3323,2.537,0.45,25.0,27.74,23.25,85.69,1.11,1.9,0.44,97.63
20141106,26.89,5.5176,3.1786,2.5886,0.53,24.56,28.1,22.53,89.43,1.06,1.48,0.46,97.62
20141107,2.24,6.18,4.4626,2.6527,0.59,24.42,28.18,21.43,86.61,1.16,2.17,0.51,97.62
20141108,0.46,5.9069,4.6963,2.1103,0.56,24.55,28.15,21.63,88.1,1.29,2.18,0.51,97.56
20141109,0.12,5.2073,2.4953,2.6909,0.5,24.59,27.98,22.17,89.17,1.5,2.5,0.62,97.54
20141110,1.66,4.0284,0.4944,2.6894,0.38,24.91,28.16,22.7,90.74,1.59,2.66,0.62,97.47
20141111,0.49,4.6135,0.6521,3.2138,0.44,24.93,28.1,22.89,91.22,1.41,2.38,0.56,97.43
20141112,1.82,5.4542,2.5531,2.9678,0.52,24.99,28.02,22.56,90.11,1.28,1.96,0.52,97.41
20141113,5.52,5.4497,3.3223,2.4163,0.52,24.77,27.57,23.05,92.19,1.24,1.9,0.53,97.45
20141114,8.32,5.0352,2.9302,2.2951,0.48,24.46,27.04,22.8,91.79,1.13,1.64,0.41,97.51
20141115,7.42,5.9503,4.3294,2.5226,0.57,24.89,27.86,23.02,90.27,1.26,2.1,0.53,97.5
20141116,11.09,4.7911,1.6608,2.6436,0.46,24.57,26.5,23.21,93.24,1.16,1.58,0.47,97.43
20141117,22.73,5.3513,3.8916,2.1384,0.51,24.54,26.89,23.12,93.56,1.13,1.87,0.45,97.47
20141118,7.83,5.6028,3.3019,2.4698,0.54,24.06,25.45,22.98,92.33,0.98,1.56,0.4,97.59
20141119,12.86,5.5435,2.6412,2.9232,0.53,24.24,26.63,22.62,92.75,0.99,1.22,0.44,97.55
20141120,16.2,5.0062,2.6887,2.6681,0.48,24.24,26.66,22.72,93.36,1.14,1.75,0.44,97.51
20141121,5.77,2.9234,0.4661,2.1662,0.28,25.44,28.53,23.6,87.97,1.3,2.32,0.52,97.46
20141122,9.19,5.4588,2.3851,2.9364,0.52,23.87,25.55,22.81,93.0,1.05,1.64,0.41,97.52
20141123,8.9,5.2896,2.635,2.7502,0.51,24.26,27.04,21.98,88.28,0.9,1.49,0.35,97.45
20141124,7.15,5.7134,5.2656,1.8437,0.55,25.48,28.98,23.01,88.45,1.2,2.13,0.48,97.31
20141125,3.32,5.743,4.2437,2.3784,0.55,24.67,26.53,23.46,94.15,1.25,2.03,0.57,97.25
20141126,16.51,4.2893,1.7275,2.311,0.41,24.91,27.36,23.5,90.65,1.21,1.88,0.51,97.14
20141127,33.34,4.0476,0.9502,2.6138,0.39,23.27,25.7,21.43,94.17,0.94,1.41,0.38,97.39
20141128,0.68,6.4469,6.1589,1.8329,0.62,25.32,28.95,22.65,84.36,1.02,1.89,0.41,97.3
20141129,0.24,5.8246,3.5774,2.9417,0.56,25.36,28.65,22.41,88.68,1.32,2.18,0.55,97.27
20141130,14.87,5.2793,4.4546,1.873,0.51,24.7,26.15,23.43,93.92,1.33,2.38,0.65,97.25
20141201,6.02,5.5937,2.3261,3.0475,0.54,24.96,28.36,22.06,86.57,1.2,1.5,0.48,97.28
20141202,0.09,6.3228,4.601,2.6059,0.61,25.44,29.03,22.67,85.16,0.87,1.37,0.33,97.28
20141203,0.24,5.8262,3.1711,3.1219,0.56,25.39,28.95,22.56,85.74,1.25,2.05,0.42,97.32
20141204,16.79,5.064,1.8221,3.0108,0.49,24.75,26.4,23.73,94.1,1.2,1.67,0.52,97.41
20141205,17.66,4.2708,1.6733,2.3633,0.41,24.63,26.51,23.58,94.62,1.47,2.17,0.52,97.41
20141206,4.94,4.7107,1.17,2.9779,0.45,24.77,26.91,22.84,91.97,0.99,1.51,0.48,97.22
20141207,42.89,4.2746,0.7169,3.017,0.41,25.24,27.3,23.5,92.36,1.24,2.21,0.54,97.21
20141208,13.89,4.6248,1.3042,3.0418,0.45,25.0,27.89,22.82,87.39,0.82,1.44,0.38,97.35
20141209,2.65,5.526,3.9334,2.3297,0.53,25.3,28.38,23.03,87.37,1.24,2.01,0.54,97.46
20141210,6.88,6.0814,4.2355,2.6318,0.59,25.51,28.99,22.77,87.15,1.05,1.63,0.42,97.46
20141211,16.63,2.9573,0.4145,2.0916,0.29,23.85,26.19,21.85,92.55,1.0,1.71,0.42,97.5
20141212,2.91,5.711,2.3719,3.1253,0.55,23.24,25.86,21.16,90.18,1.13,1.7,0.42,97.55
20141213,5.88,5.677,4.1832,2.3426,0.55,24.54,26.75,22.62,89.42,1.19,1.85,0.48,97.52
20141214,14.03,5.1002,2.5618,2.6402,0.49,25.34,28.52,23.02,91.29,1.07,1.99,0.43,97.49
20141215,12.88,6.3773,5.2918,2.2548,0.62,24.6,26.87,22.8,92.92,0.99,1.57,0.39,97.45
20141216,29.86,6.1565,5.6352,1.853,0.59,25.05,28.3,22.29,89.0,1.22,1.98,0.45,97.37
20141217,11.14,3.9029,0.6374,2.5315,0.38,25.5,28.43,23.56,89.97,1.29,2.73,0.54,97.39
20141218,1.28,5.7689,4.2955,2.293,0.56,25.59,28.3,23.85,87.16,1.2,2.01,0.49,97.43
20141219,30.7,4.1357,0.9516,2.5586,0.4,24.69,26.8,23.53,94.01,1.21,1.69,0.44,97.48
20141220,15.27,6.024,5.0746,2.2344,0.58,24.91,26.51,23.93,92.91,1.26,2.25,0.52,97.38
20141221,2.94,5.4017,2.5747,2.9652,0.52,24.71,27.13,22.65,90.17,1.01,1.83,0.38,97.35
20141222,13.3,3.6406,1.1107,2.4084,0.35,24.7,26.54,23.3,92.12,0.95,1.64,0.38,97.33
20141223,38.16,4.037,0.4447,2.9486,0.39,24.89,26.46,23.83,93.4,1.1,1.77,0.48,97.35
20141224,14.86,6.3864,5.9777,2.0604,0.62,25.38,28.61,22.59,87.5,1.03,1.32,0.4,97.32
20141225,0.01,5.7346,3.8741,2.7802,0.55,25.52,29.02,23.57,87.43,1.02,1.92,0.46,97.25
20141226,4.16,3.8407,0.6086,2.5279,0.37,24.57,27.02,22.51,88.46,0.78,1.3,0.29,97.18
20141227,7.45,3.3804,0.5659,2.43,0.33,24.68,27.21,23.18,94.3,1.31,2.56,0.51,97.27
20141228,17.26,5.4194,3.8074,2.3011,0.52,24.34,26.77,22.35,91.3,1.17,1.88,0.46,97.22
20141229,16.94,5.2231,2.0952,2.9678,0.5,24.33,26.45,22.26,94.11,0.92,1.28,0.4,97.2
20141230,21.68,4.1338,0.5023,2.9981,0.4,24.99,26.39,24.0,94.3,1.42,2.29,0.62,97.26
20141231,19.0,4.5742,0.5321,3.1382,0.44,24.55,27.0,23.24,89.89,0.8,1.76,0.37,97.39
20150101,28.58,4.8857,1.3507,3.402,0.47,24.61,27.16,22.64,91.93,1.26,2.25,0.65,97.32
20150102,10.48,5.9364,3.487,3.2402,0.57,24.37,26.62,22.82,93.06,1.01,2.19,0.47,97.44
20150103,29.92,5.8272,4.7863,2.4144,0.56,24.33,27.16,22.21,89.95,1.34,2.53,0.55,97.41
20150104,30.25,4.1717,0.6355,2.8882,0.4,23.83,26.37,22.16,93.11,0.96,1.26,0.44,97.39
20150105,2.05,3.5062,0.1987,2.4746,0.34,24.58,28.67,21.48,84.01,1.14,1.7,0.4,97.31
20150106,2.8,4.357,0.889,2.7677,0.42,24.22,27.21,22.34,87.5,1.22,1.93,0.49,97.26
20150107,10.68,3.9722,0.1529,2.946,0.38,23.62,26.84,21.56,89.13,0.96,1.31,0.32,97.29
20150108,5.39,3.6355,0.0653,2.725,0.35,23.92,27.05,21.64,87.74,1.06,1.51,0.39,97.27
20150109,0.94,4.0519,0.1231,3.0334,0.39,24.53,26.71,22.7,86.07,1.25,2.6,0.49,97.27
20150110,1.04,5.3098,0.9319,3.7046,0.51,24.82,28.41,21.95,85.24,0.92,1.45,0.29,97.23
20150111,2.56,3.0218,0.0098,2.2992,0.29,24.5,27.89,22.33,86.8,0.93,1.48,0.37,97.41
20150112,3.88,4.0529,0.2762,2.9726,0.39,23.63,27.04,21.09,89.21,1.58,2.53,0.63,97.41
20150113,2.42,4.0896,0.1558,3.066,0.39,23.82,27.23,21.17,89.14,1.36,2.0,0.55,97.44
20150114,2.16,5.9983,4.3032,2.5001,0.57,24.89,28.81,21.81,86.54,1.59,2.52,0.59,97.38
20150115,4.6,6.1495,5.9292,1.8312,0.59,25.56,28.98,22.62,88.33,1.17,1.96,0.45,97.35
20150116,2.75,5.7302,4.5648,2.0592,0.55,25.45,28.57,22.87,90.22,1.0,1.77,0.41,97.44
20150117,5.18,4.9438,1.6186,2.8963,0.47,25.29,27.75,23.87,90.97,1.01,1.78,0.44,97.53
20150118,38.44,6.4517,6.3317,1.8228,0.61,25.55,28.06,24.0,88.1,1.02,1.95,0.41,97.52
20150119,12.82,5.6746,3.1116,2.7456,0.54,25.02,27.79,23.25,89.68,1.34,2.16,0.5,97.57
20150120,33.84,5.6196,3.2054,3.2671,0.53,23.84,25.25,22.66,93.53,0.95,1.46,0.45,97.73
20150121,9.03,5.7199,4.217,2.2207,0.54,24.57,27.74,21.73,89.79,1.7,2.64,0.69,97.62
20150122,10.11,5.791,3.4378,2.5966,0.55,24.98,27.97,23.28,91.48,1.14,1.78,0.46,97.4
20150123,3.83,5.4329,5.269,1.8703,0.52,25.51,29.74,22.73,87.65,1.12,2.31,0.49,97.22
20150124,3.56,4.5974,0.7999,3.271,0.44,24.5,26.92,23.02,88.43,0.91,1.74,0.36,97.47
20150125,3.6,6.6103,6.4138,1.6553,0.63,25.12,27.4,23.93,89.95,0.94,1.55,0.47,97.55
20150126,6.29,4.9339,0.9206,3.3878,0.47,24.33,27.09,22.42,90.31,0.92,1.4,0.34,97.59
20150127,5.25,6.1642,4.7105,2.1389,0.58,25.06,29.14,22.16,86.17,1.38,2.38,0.53,97.33
20150128,3.46,5.375,2.7754,3.0398,0.51,24.98,27.93,22.94,88.03,1.47,2.48,0.53,97.2
20150129,55.83,5.3659,2.8562,2.7151,0.51,24.91,29.47,21.37,84.37,1.44,1.96,0.55,97.28
20150130,36.28,5.9078,2.5908,2.9916,0.56,24.82,27.12,23.08,92.19,0.9,1.75,0.41,97.47
20150131,4.37,5.4782,3.5618,2.449,0.52,23.83,26.76,21.97,89.93,1.31,2.24,0.51,97.54
20150201,9.43,5.7929,3.0878,3.0475,0.55,24.24,28.1,21.42,88.5,1.4,2.5,0.62,97.49
20150202,3.53,5.592,3.3413,2.7689,0.53,24.46,28.04,21.08,86.77,1.37,2.15,0.58,97.47
20150203,4.2,5.7384,2.1938,3.6403,0.54,25.2,29.09,21.98,87.23,1.44,2.59,0.59,97.4
20150204,3.35,5.5591,2.3215,3.3749,0.52,24.94,28.87,22.12,88.06,1.17,2.34,0.5,97.43
20150205,5.45,5.6676,1.7002,3.6154,0.53,24.33,28.29,21.46,87.56,1.34,2.22,0.55,97.48
20150206,3.45,4.5122,1.2569,2.7528,0.42,23.97,27.1,21.89,90.37,0.81,1.85,0.38,97.61
20150207,1.93,6.3766,5.6374,1.9685,0.6,24.17,27.62,21.48,88.35,1.09,1.82,0.44,97.58
20150208,0.57,6.4344,4.9982,2.5267,0.6,24.44,27.79,21.8,89.5,1.2,1.82,0.5,97.55
20150209,6.07,6.2302,4.0454,3.1279,0.59,24.36,27.65,22.48,89.66,1.26,2.03,0.6,97.55
20150210,32.7,5.0947,2.8051,2.5651,0.48,24.94,27.58,23.08,91.76,1.01,1.89,0.5,97.43
20150211,5.91,4.9409,1.0116,3.2414,0.46,24.9,28.29,22.69,88.06,0.91,1.41,0.41,97.44
20150212,15.47,5.0671,2.9573,2.2524,0.48,24.32,27.69,21.71,91.82,1.26,2.11,0.52,97.37
20150213,16.54,5.4518,2.1607,2.975,0.51,24.37,26.86,22.74,93.14,0.96,1.69,0.51,97.36
20150214,9.21,5.184,1.5521,3.0667,0.49,25.01,27.8,23.12,88.92,1.21,1.93,0.57,97.37
20150215,1.98,6.3574,3.1918,3.4214,0.6,24.16,26.84,21.52,88.19,1.16,2.14,0.57,97.38
20150216,0.87,6.3626,4.6118,2.6556,0.6,24.16,27.69,21.39,87.5,1.23,1.87,0.54,97.38
20150217,3.21,5.7686,2.7007,3.1058,0.54,24.15,26.79,22.0,89.9,1.48,2.15,0.63,97.25
20150218,1.36,6.1001,4.3942,2.9638,0.57,25.14,28.94,21.96,83.12,1.76,2.91,0.7,97.06
20150219,1.53,6.3252,4.9154,2.6479,0.59,26.19,30.82,22.89,79.84,1.28,2.03,0.43,97.03
20150220,3.91,5.5178,1.165,3.9149,0.52,25.84,29.49,22.69,82.87,1.17,1.94,0.43,97.1
20150221,13.9,2.6122,0.0108,1.9738,0.24,24.13,25.61,22.12,95.66,1.25,2.3,0.64,97.45
20150222,5.31,4.4244,1.1294,2.76,0.41,23.8,26.74,20.92,87.33,1.0,1.58,0.37,97.68
20150223,0.06,3.4591,0.5266,2.502,0.32,23.61,26.85,20.58,83.37,1.1,1.46,0.39,97.69
20150224,3.53,5.8202,3.9866,2.5082,0.55,24.46,26.98,22.25,86.12,1.04,1.51,0.38,97.51
20150225,20.79,5.9446,4.4981,2.4216,0.56,23.78,26.21,21.07,92.46,1.34,1.94,0.48,97.39
20150226,17.44,4.8732,2.1415,2.6203,0.46,24.84,27.24,23.27,90.29,1.12,1.9,0.57,97.31
20150227,6.97,5.8106,3.8306,2.5447,0.55,24.83,27.33,22.94,89.74,1.1,1.91,0.56,97.32
20150228,5.93,5.1185,1.7743,3.1462,0.48,24.45,27.01,22.74,92.15,1.28,2.06,0.62,97.34
20150301,4.34,5.8402,2.6174,3.3086,0.55,24.79,27.6,23.45,89.92,1.0,2.03,0.49,97.32
20150302,4.13,6.0384,3.9518,2.8946,0.57,24.9,28.52,22.32,88.92,1.44,2.7,0.64,97.26
20150303,8.36,5.1086,1.2811,3.1423,0.48,24.38,27.37,22.58,91.7,1.05,2.19,0.49,97.33
20150304,4.89,4.2274,0.3694,3.0223,0.4,24.15,26.73,22.3,91.34,1.02,1.92,0.47,97.45
20150305,4.06,5.034,1.1112,3.4082,0.47,24.07,26.73,22.11,90.43,0.93,1.83,0.43,97.48
20150306,4.25,5.3074,1.3615,3.2328,0.5,23.61,26.18,21.81,91.2,1.07,2.03,0.52,97.43
20150307,4.16,4.7746,0.5074,3.1262,0.45,23.26,25.63,21.54,91.2,0.96,1.63,0.41,97.47
20150308,1.07,5.5961,2.4989,2.9743,0.53,24.0,27.24,21.48,88.32,1.17,2.11,0.47,97.57
20150309,2.49,5.4535,1.9452,3.6552,0.51,24.04,27.04,21.92,88.01,1.26,1.76,0.5,97.58
20150310,5.05,3.9533,0.4608,2.7761,0.37,23.94,27.38,22.21,90.08,1.49,2.59,0.64,97.6
20150311,3.3,5.6666,3.3089,3.156,0.54,23.19,25.77,21.51,91.25,1.56,2.68,0.66,97.56
20150312,2.4,5.5438,2.039,3.2822,0.53,23.62,27.46,20.77,87.61,1.29,2.41,0.59,97.56
20150313,1.7,6.5995,4.7995,2.7343,0.63,24.75,28.81,21.51,86.27,1.57,2.75,0.64,97.4
20150314,0.84,6.5016,5.2889,2.2358,0.62,25.45,29.33,22.28,84.85,1.71,3.15,0.76,97.48
20150315,0.71,6.3672,5.2814,2.0726,0.6,25.34,29.15,22.7,84.21,1.42,2.64,0.63,97.57
20150316,0.42,6.5227,6.4097,1.7962,0.62,24.55,27.47,22.44,89.61,1.13,1.74,0.49,97.61
20150317,0.23,6.1138,4.8298,2.2939,0.58,24.72,28.1,22.19,85.2,1.31,2.03,0.55,97.51
20150318,0.91,4.9846,1.9447,2.8546,0.48,24.56,27.9,22.16,89.79,1.48,2.36,0.68,97.52
20150319,1.52,5.1115,2.7091,2.418,0.49,24.65,27.12,22.9,91.1,1.53,2.34,0.55,97.59
20150320,3.22,5.8668,3.3994,2.7264,0.56,24.48,27.39,22.41,89.5,1.07,1.52,0.42,97.64
20150321,3.55,5.7554,2.8814,2.8865,0.55,24.42,26.98,22.43,91.01,0.93,1.39,0.38,97.58
20150322,9.18,4.7335,1.176,2.9258,0.45,24.83,26.48,23.45,95.65,1.17,1.61,0.59,97.48
20150323,9.29,5.6748,4.5226,2.1161,0.54,25.26,27.37,23.86,92.96,1.03,1.54,0.48,97.41
20150324,5.87,5.8346,4.02,2.6707,0.56,24.72,27.05,22.73,89.49,1.19,1.82,0.47,97.56
20150325,5.54,5.4857,3.5549,2.281,0.53,24.65,26.3,23.6,93.63,1.03,1.7,0.48,97.69
20150326,22.68,4.1875,0.869,2.8188,0.4,24.32,26.29,22.93,93.47,1.36,2.19,0.58,97.85
20150327,3.86,6.5196,6.0826,1.7198,0.63,24.57,28.01,21.56,87.7,1.44,2.21,0.57,97.75
20150328,2.54,4.7662,1.8062,2.6172,0.46,24.04,26.92,20.98,90.01,1.23,2.01,0.5,97.62
20150329,3.2,6.3314,6.1277,1.6666,0.61,25.07,27.47,23.22,87.77,1.23,2.17,0.51,97.56
20150330,4.96,6.1301,5.5615,1.909,0.6,25.47,28.92,23.22,88.96,1.41,2.27,0.61,97.57
20150331,21.99,6.2208,5.3897,2.1096,0.61,24.81,27.03,23.14,94.69,1.22,1.97,0.54,97.53
20150401,4.01,5.3074,2.8147,2.55,0.52,24.72,28.23,22.36,84.51,0.76,1.64,0.3,97.48
20150402,26.26,6.2798,5.2066,2.0767,0.61,25.21,28.68,22.55,89.37,1.23,2.29,0.5,97.28
20150403,16.98,3.3367,0.4704,2.1996,0.33,24.57,26.92,22.74,90.49,0.89,1.36,0.32,97.38
20150404,17.19,4.6118,1.1921,3.1306,0.45,23.73,25.92,22.34,92.94,1.02,1.53,0.41,97.42
20150405,11.88,4.4424,1.3433,2.8891,0.44,24.37,27.91,21.35,88.73,1.18,1.67,0.45,97.43
20150406,0.76,4.9159,2.3006,2.6186,0.48,24.62,28.28,21.66,86.39,1.14,2.1,0.43,97.38
20150407,49.83,6.2693,5.4422,1.9882,0.62,24.59,27.82,21.9,89.05,1.3,2.13,0.5,97.41
20150408,26.29,3.2911,0.211,2.442,0.33,24.35,26.46,22.74,94.42,1.15,1.61,0.5,97.45
20150409,8.31,6.0293,4.494,2.4134,0.6,24.95,27.44,23.7,91.43,1.27,2.24,0.56,97.42
20150410,7.57,6.229,5.9678,1.801,0.62,25.19,28.34,23.11,89.64,1.39,2.14,0.56,97.49
20150411,8.45,5.8846,4.9378,2.0702,0.59,24.97,27.52,23.49,92.35,1.33,2.35,0.51,97.53
20150412,33.24,5.4305,3.7774,2.3064,0.54,25.43,28.17,23.83,91.02,1.37,2.52,0.6,97.57
20150413,9.47,5.4127,3.8441,2.4526,0.54,24.99,28.03,22.97,88.58,1.11,1.95,0.45,97.57
20150414,16.92,1.4551,0.0754,1.1033,0.15,23.8,26.54,21.96,92.57,1.25,2.37,0.51,97.69
20150415,3.09,5.8438,4.0627,2.7098,0.59,24.11,26.95,21.2,90.34,1.06,1.82,0.45,97.66
20150416,3.4,3.8815,0.913,2.5514,0.39,23.99,25.98,22.19,93.72,0.9,1.18,0.4,97.69
20150417,3.68,1.5838,0.0034,1.2106,0.16,24.48,26.48,22.61,94.6,1.07,2.01,0.4,97.53
20150418,2.25,5.9906,5.0981,2.191,0.61,24.89,28.49,22.24,88.89,1.21,2.28,0.52,97.52
20150419,2.82,6.018,5.6218,1.8773,0.61,24.83,27.53,23.14,90.87,1.07,1.75,0.57,97.53
20150420,4.89,5.3489,3.828,2.3222,0.54,24.35,27.03,22.37,91.49,0.99,2.05,0.47,97.51
20150421,24.33,5.8114,5.5274,1.7297,0.59,24.93,28.09,22.18,87.91,1.51,2.41,0.62,97.49
20150422,9.53,4.1856,0.3401,3.0917,0.43,23.67,25.4,22.43,91.14,0.8,1.31,0.35,97.6
20150423,0.21,5.7382,4.2605,2.3213,0.59,24.49,27.94,21.83,85.83,1.06,1.8,0.41,97.5
20150424,2.2,3.2398,0.1361,2.4607,0.33,24.03,26.27,22.26,89.21,0.93,1.24,0.32,97.48
20150425,7.42,3.9348,1.4388,2.3983,0.41,24.13,25.95,22.87,93.27,0.99,1.76,0.44,97.46
20150426,6.02,4.6202,2.173,2.5382,0.48,23.74,25.1,22.68,96.03,1.21,1.77,0.5,97.5
20150427,13.37,4.9008,3.5549,2.141,0.51,23.74,24.87,22.27,95.94,1.13,1.85,0.47,97.54
20150428,11.65,4.9598,1.667,2.8654,0.52,23.34,25.82,21.4,93.95,0.76,1.05,0.28,97.59
20150429,4.96,4.8761,1.9846,2.8164,0.51,24.52,26.86,22.96,94.51,1.21,2.16,0.51,97.56
20150430,9.53,4.2204,1.4167,2.4941,0.44,24.78,26.24,23.88,96.67,1.02,1.32,0.43,97.46
20150501,2.74,4.6793,2.0386,2.736,0.49,24.9,26.12,23.61,96.27,1.38,2.5,0.62,97.5
20150502,4.78,5.8949,5.7233,1.9097,0.62,24.61,26.18,22.99,94.35,1.58,2.82,0.62,97.51
20150503,10.19,3.9065,0.4536,2.6316,0.41,24.42,26.24,22.82,95.4,1.64,3.09,0.66,97.5
20150504,7.69,3.061,0.1452,2.2747,0.32,24.11,24.89,22.85,96.15,1.51,2.63,0.64,97.5
20150505,4.47,5.6863,4.0298,2.5404,0.6,23.75,25.8,21.99,93.51,1.35,2.42,0.58,97.44
20150506,13.6,4.1842,1.3673,2.4619,0.44,23.97,26.49,22.37,93.14,1.64,2.77,0.69,97.46
20150507,14.65,5.6086,5.053,1.7006,0.6,23.74,26.53,22.13,91.92,1.44,2.45,0.61,97.58
20150508,0.33,4.734,2.4946,2.4391,0.51,23.72,25.96,21.97,91.08,1.1,1.86,0.47,97.5
20150509,2.34,4.3687,2.9309,2.0909,0.47,24.16,26.71,22.57,92.06,1.03,2.09,0.43,97.46
20150510,2.36,5.2824,4.6498,1.9282,0.57,24.94,27.95,23.09,90.51,1.38,2.44,0.61,97.54
20150511,1.1,4.7378,2.9746,2.3676,0.51,25.11,28.07,23.4,90.94,1.5,2.03,0.67,97.6
20150512,0.97,4.0325,3.9132,1.7412,0.43,24.62,27.68,23.06,90.44,1.62,2.26,0.69,97.58
20150513,3.69,4.1388,3.2827,1.8134,0.45,24.27,26.85,22.6,92.08,1.25,1.78,0.52,97.59
20150514,3.55,3.4318,1.5521,2.0345,0.37,24.06,27.53,21.85,90.67,1.54,2.69,0.68,97.63
20150515,0.78,4.5696,2.7223,2.3671,0.5,23.78,26.08,22.43,90.5,1.45,2.44,0.66,97.64
20150516,2.01,4.6493,4.6591,1.627,0.51,24.09,26.35,22.43,92.07,1.44,2.26,0.6,97.57
20150517,1.88,5.0534,4.7383,1.8658,0.55,24.64,27.4,22.67,90.95,1.65,2.69,0.72,97.59
20150518,1.27,5.0035,4.5758,1.7009,0.55,24.87,27.38,23.01,92.89,1.45,1.96,0.56,97.59
20150519,34.94,3.8779,2.3575,1.9505,0.43,24.27,25.48,23.27,96.92,1.33,2.43,0.53,97.64
20150520,5.22,2.8255,0.1339,2.136,0.31,23.96,26.07,22.69,96.08,0.96,1.39,0.42,97.76
20150521,5.05,2.7626,1.0596,1.8523,0.3,24.22,27.1,21.89,90.84,1.32,2.3,0.55,97.81
20150522,9.3,5.3122,4.835,1.8775,0.59,24.05,27.11,22.37,91.73,1.46,2.64,0.63,97.76
20150523,1.81,5.0062,4.542,1.872,0.55,23.41,26.14,21.68,90.83,1.18,2.11,0.53,97.73
20150524,0.76,4.9294,5.1941,1.4542,0.55,23.98,26.87,21.7,88.39,1.24,2.4,0.52,97.66
20150525,1.65,4.7791,3.0043,2.4674,0.53,23.97,26.8,21.91,93.08,1.05,1.75,0.46,97.76
20150526,20.39,3.7428,0.8662,2.485,0.42,24.17,26.47,22.52,94.34,1.22,2.13,0.5,97.75
20150527,9.14,3.5666,0.6878,2.347,0.4,23.87,26.08,22.31,92.29,0.84,1.38,0.38,97.67
20150528,4.88,5.5466,5.5963,1.6985,0.62,24.61,27.5,22.48,89.55,1.0,2.07,0.39,97.57
20150529,13.21,4.6176,4.692,1.5082,0.52,24.61,27.59,22.87,91.0,1.23,2.14,0.45,97.6
20150530,19.08,3.7903,0.4891,2.8171,0.42,23.53,25.07,22.6,95.64,0.96,1.71,0.35,97.76
20150531,0.3,5.1684,4.0195,2.1295,0.58,24.31,27.19,22.1,88.23,1.18,2.01,0.51,97.62
20150601,0.4,5.3618,5.6153,1.5883,0.6,24.68,27.92,22.49,89.39,1.03,1.77,0.44,97.5
20150602,9.78,5.1175,5.4955,1.5041,0.58,24.67,27.31,22.35,91.89,1.11,1.63,0.44,97.51
20150603,28.62,2.8886,0.4642,2.0645,0.33,24.0,25.38,22.64,94.23,1.13,2.1,0.4,97.58
20150604,6.6,4.6747,4.3392,1.7503,0.53,23.73,25.85,22.11,93.94,1.07,2.03,0.45,97.57
20150605,26.37,2.5721,0.3917,1.8266,0.29,24.16,25.68,22.95,95.41,1.16,1.97,0.55,97.46
20150606,10.49,4.9466,5.3014,1.5283,0.56,24.36,26.13,23.02,94.37,0.89,1.34,0.35,97.49
20150607,10.48,3.6053,1.2259,2.4986,0.41,24.74,27.13,23.18,94.63,1.4,1.77,0.61,97.43
20150608,40.69,2.6268,0.1162,1.9505,0.3,24.0,25.28,23.13,95.44,1.22,1.87,0.5,97.43
20150609,6.83,3.1896,2.0942,1.6788,0.36,24.12,27.09,22.59,92.54,1.2,2.36,0.46,97.38
20150610,24.1,4.3337,3.3221,1.8389,0.49,23.25,24.63,22.31,96.56,1.41,2.12,0.6,97.37
20150611,30.04,3.3838,0.4877,2.1931,0.39,23.25,24.96,22.29,96.08,1.05,1.61,0.48,97.48
20150612,46.71,3.9619,2.4751,1.9848,0.45,23.36,24.71,22.44,97.44,1.36,2.4,0.53,97.43
20150613,25.28,4.0824,2.0506,2.2829,0.47,23.64,25.51,22.45,95.22,0.91,1.41,0.39,97.41
20150614,13.76,4.8024,3.8239,1.9457,0.55,23.75,25.17,22.6,97.45,1.21,2.09,0.48,97.44
20150615,21.95,5.0357,3.9058,2.1989,0.58,24.11,26.59,22.79,95.23,1.3,2.16,0.51,97.45
20150616,24.97,4.0754,1.1714,2.5426,0.47,23.58,24.71,22.64,98.06,1.54,2.34,0.64,97.44
20150617,16.47,4.8173,4.2166,1.819,0.55,24.06,26.3,22.38,94.18,1.08,1.95,0.42,97.32
20150618,49.19,3.9754,1.0116,2.4912,0.46,23.94,24.89,23.32,97.79,1.61,2.29,0.62,97.36
20150619,22.17,3.7978,0.5902,2.599,0.44,23.9,24.79,22.9,98.1,1.61,2.44,0.62,97.45
20150620,29.7,3.9898,1.9094,2.2195,0.46,23.99,26.22,22.69,95.62,1.54,2.63,0.58,97.5
20150621,38.41,2.8087,0.8297,1.9764,0.32,23.47,24.9,22.15,95.15,1.11,2.07,0.37,97.49
20150622,31.65,2.5135,0.21,1.8466,0.29,22.68,24.57,21.39,95.74,0.95,1.86,0.4,97.64
20150623,8.57,3.4788,0.625,2.4055,0.4,22.07,24.49,20.46,94.03,0.73,1.19,0.32,97.67
20150624,10.69,3.54,2.0868,2.0333,0.41,22.26,24.48,20.61,94.35,1.27,2.34,0.48,97.75
20150625,2.91,3.9506,3.4548,1.7417,0.45,22.31,25.24,20.57,91.03,1.42,2.47,0.58,97.77
20150626,1.08,4.0831,0.8146,2.6585,0.47,22.17,25.06,20.46,92.31,0.95,1.73,0.39,97.73
20150627,3.05,3.9367,4.4086,1.4604,0.45,22.89,25.64,21.2,90.89,1.19,2.06,0.54,97.82
20150628,3.53,3.9293,2.5183,2.0594,0.45,22.59,25.85,20.81,90.92,1.3,2.23,0.57,97.93
20150629,1.69,4.6668,4.8821,1.6654,0.53,22.69,25.62,21.0,91.32,1.13,2.19,0.53,97.82
20150630,5.87,3.2986,0.4529,2.3827,0.38,21.79,23.87,20.44,94.35,1.37,2.35,0.56,97.86
20150701,2.09,3.2978,0.9895,2.2478,0.38,21.77,24.41,20.17,92.4,1.28,2.55,0.55,97.88
20150702,1.29,4.3246,3.5362,2.31,0.49,22.03,24.88,19.96,93.54,1.26,2.25,0.53,97.79
20150703,1.47,3.8518,2.5872,1.9202,0.44,22.41,25.49,20.3,91.82,1.37,2.44,0.59,97.61
20150704,2.07,4.0579,3.4058,1.8254,0.46,22.22,25.5,20.39,89.8,1.26,2.4,0.58,97.54
20150705,0.82,4.7405,5.0124,1.5581,0.54,22.52,26.32,19.72,86.62,1.14,2.35,0.5,97.55
20150706,0.42,5.3117,5.5104,1.6678,0.61,23.02,27.12,19.84,84.67,1.11,2.2,0.49,97.5
20150707,0.48,5.3081,5.1809,1.8526,0.6,23.2,26.68,20.42,82.67,1.11,2.02,0.5,97.48
20150708,0.35,4.6776,4.0632,1.8749,0.53,23.14,26.72,20.76,86.9,1.25,2.3,0.51,97.51
20150709,0.58,4.9874,4.277,1.901,0.57,22.43,24.63,20.76,92.54,1.0,1.82,0.44,97.65
20150710,0.5,4.5586,4.1153,1.8379,0.52,22.75,24.94,21.04,91.44,0.67,1.09,0.29,97.75
20150711,0.22,4.1184,3.1358,1.8509,0.47,23.7,26.61,21.23,88.89,1.25,1.99,0.46,97.73
20150712,0.88,4.4707,3.2825,1.9771,0.51,23.06,25.29,21.62,92.48,1.35,2.01,0.54,97.86
20150713,0.18,4.5809,4.1489,1.6757,0.52,23.5,27.06,21.28,89.55,1.37,2.37,0.63,97.72
20150714,0.67,2.8584,1.4558,1.554,0.32,22.68,24.98,21.23,91.7,1.12,2.08,0.5,97.57
20150715,0.46,3.6125,2.2166,1.9495,0.41,23.15,26.61,20.41,90.03,1.24,2.52,0.47,97.57
20150716,1.29,3.6986,2.1058,2.0532,0.42,22.59,25.18,21.27,92.69,1.45,2.5,0.59,97.71
20150717,6.5,2.5934,1.1227,1.5343,0.29,22.42,25.51,20.96,91.67,1.19,2.43,0.57,97.72
20150718,3.88,3.1944,1.5725,1.7496,0.36,22.08,24.59,20.88,92.15,1.13,2.1,0.5,97.81
20150719,5.46,3.0362,1.5043,1.6889,0.34,22.54,24.83,20.73,93.73,1.29,2.06,0.55,97.65
20150720,9.75,3.5729,2.0652,1.9178,0.4,23.44,27.02,21.34,91.71,1.28,2.45,0.47,97.68
20150721,12.12,3.138,1.5221,1.7081,0.35,23.05,25.4,21.68,94.72,1.23,2.38,0.46,97.77
20150722,10.98,2.3172,0.5606,1.5626,0.26,23.3,25.78,22.16,95.61,1.39,2.16,0.53,97.82
20150723,22.44,4.7669,3.5285,2.1698,0.53,22.94,24.25,22.06,97.34,1.55,2.34,0.58,97.84
20150724,8.8,4.6706,2.6081,2.4446,0.52,22.65,24.93,21.49,94.77,1.21,2.24,0.52,97.87
20150725,3.75,5.4701,5.0561,1.771,0.6,23.06,25.7,21.0,93.56,1.38,2.47,0.51,97.78
20150726,4.65,2.3508,0.3043,1.6536,0.26,22.66,23.92,21.74,96.08,1.12,1.88,0.46,97.89
20150727,3.04,4.9865,3.5791,2.219,0.55,22.93,25.02,21.67,93.72,1.09,1.89,0.49,97.84
20150728,13.18,4.5312,3.5681,1.9375,0.5,22.54,24.46,21.28,96.37,1.35,2.31,0.53,97.78
20150729,6.05,3.6449,1.7122,1.8862,0.4,22.72,25.53,21.28,93.4,1.5,2.41,0.6,97.76
20150730,3.38,4.2046,3.2122,1.7539,0.46,22.45,25.05,20.91,93.1,1.6,2.92,0.67,97.72
20150731,1.24,4.2845,3.8839,1.5559,0.47,22.58,25.47,20.92,91.77,1.65,2.88,0.67,97.61
20150801,4.53,3.3727,2.1254,1.7395,0.37,22.1,24.15,20.79,92.94,1.26,2.21,0.54,97.59
20150802,5.16,3.4855,1.3836,1.933,0.38,22.11,24.96,20.39,93.2,1.34,2.29,0.58,97.71
20150803,3.6,3.535,1.7674,2.0374,0.38,21.96,24.89,20.41,92.41,1.25,2.56,0.53,97.73
20150804,5.29,3.9154,2.7946,1.8886,0.42,21.91,24.66,20.24,91.34,1.26,2.47,0.57,97.58
20150805,2.38,2.6616,1.831,1.3927,0.29,21.28,24.18,19.25,90.06,1.39,2.39,0.6,97.51
20150806,1.85,2.9014,1.5994,1.7102,0.31,21.43,24.25,19.21,91.13,1.5,2.58,0.65,97.57
20150807,0.96,3.5542,1.969,1.8718,0.38,22.6,25.88,20.48,89.17,1.1,2.51,0.5,97.57
20150808,3.32,3.3578,1.2079,1.9104,0.36,22.39,24.73,20.93,93.03,1.16,2.09,0.46,97.64
20150809,2.64,2.8454,0.4063,1.9951,0.3,22.97,26.08,20.72,90.76,0.9,1.61,0.36,97.67
20150810,1.08,4.0142,3.5957,1.5266,0.43,23.1,26.62,21.26,90.59,1.1,2.26,0.42,97.74
20150811,0.11,4.3834,4.1261,1.6399,0.47,22.96,26.43,20.56,89.25,1.02,2.08,0.43,97.79
20150812,0.03,5.6765,5.1523,1.9104,0.6,22.91,26.69,20.06,87.41,1.16,2.24,0.46,97.7
20150813,0.02,6.013,5.9316,1.835,0.64,22.08,25.33,19.78,89.52,1.29,2.41,0.54,97.79
20150814,0.01,6.4558,6.577,1.6745,0.68,22.31,25.92,19.14,88.79,1.6,2.67,0.73,97.78
20150815,0.01,5.3465,4.6637,1.8391,0.56,22.03,24.89,19.86,90.18,1.46,2.68,0.6,97.84
20150816,0.23,4.5557,3.7618,1.765,0.48,22.27,25.49,20.42,88.37,1.18,2.38,0.53,97.76
20150817,0.43,3.9372,2.0112,2.075,0.41,22.54,26.45,19.97,89.55,1.12,2.26,0.5,97.69
20150818,6.99,4.1628,2.0669,2.2301,0.44,22.15,25.48,20.22,90.82,1.28,2.29,0.57,97.71
20150819,4.8,3.1637,1.4345,1.841,0.33,22.2,25.44,20.18,91.19,1.32,2.21,0.54,97.7
20150820,5.26,4.3762,2.8447,1.9723,0.46,21.89,24.45,20.4,92.03,1.35,2.38,0.56,97.73
20150821,1.47,4.0834,2.6854,1.9661,0.42,22.82,26.65,20.47,88.8,1.14,2.36,0.46,97.68
20150822,10.17,4.3046,2.3143,2.2646,0.45,21.95,23.91,20.4,94.91,1.09,1.69,0.43,97.75
20150823,33.1,3.6444,1.4904,2.0186,0.38,22.64,25.47,21.07,94.64,1.27,2.15,0.47,97.81
20150824,12.78,3.48,0.4978,2.3489,0.36,23.09,24.79,21.79,91.29,0.74,1.24,0.32,97.84
20150825,3.25,4.8622,3.1678,2.1034,0.5,23.61,27.09,21.7,90.29,1.25,2.63,0.47,97.75
20150826,1.46,5.0002,3.143,2.3052,0.51,23.83,26.67,21.63,90.38,1.29,2.27,0.47,97.7
20150827,0.65,4.9742,4.494,1.7741,0.51,22.94,25.58,21.27,89.64,1.59,2.76,0.63,97.67
20150828,0.75,4.0836,3.2239,1.8029,0.42,23.14,26.57,20.76,89.23,1.21,2.24,0.49,97.66
20150829,7.11,3.1366,1.1285,1.7962,0.32,22.84,24.84,21.5,93.37,1.35,2.27,0.56,97.72
20150830,1.75,4.2941,3.2654,1.9306,0.44,23.58,27.02,21.5,90.38,1.12,2.38,0.46,97.71
20150831,2.07,4.1004,2.1605,2.0419,0.42,23.5,26.5,21.88,89.03,1.2,2.57,0.48,97.75
20150901,2.78,4.4904,2.4919,2.2243,0.45,23.52,27.03,21.3,89.65,1.29,2.17,0.51,97.72
20150902,4.36,3.7783,1.0255,2.2337,0.38,23.02,25.94,21.08,93.36,0.96,1.47,0.43,97.84
20150903,0.91,3.5561,1.3574,2.0808,0.36,23.82,27.61,21.44,89.7,1.26,2.42,0.5,97.82
20150904,0.22,3.5758,2.8207,1.6147,0.36,23.73,27.01,21.51,89.38,1.18,2.07,0.5,97.83
20150905,1.88,4.5787,3.4318,1.9478,0.46,23.0,25.53,21.47,92.42,1.23,2.03,0.51,97.8
20150906,10.38,2.2968,0.7498,1.5473,0.23,22.43,26.08,20.4,90.03,1.22,2.39,0.51,97.81
20150907,8.59,4.3183,1.9349,2.3232,0.43,23.04,27.19,20.48,87.95,1.31,2.35,0.56,97.74
20150908,4.13,3.5414,1.9214,1.7786,0.35,23.01,26.2,21.24,90.81,1.5,2.64,0.58,97.72
20150909,1.5,4.6987,2.7024,2.3254,0.47,23.08,26.99,20.73,90.38,1.32,2.43,0.53,97.78
20150910,1.61,2.4672,0.7006,1.6308,0.25,22.5,24.71,21.01,93.13,1.21,2.42,0.53,97.87
20150911,0.37,4.0298,2.3374,2.0285,0.4,22.54,25.66,20.4,89.29,1.5,2.57,0.63,97.77
20150912,0.96,4.362,1.9488,2.2855,0.43,22.67,25.61,20.55,91.19,1.47,2.48,0.59,97.69
20150913,8.08,3.9679,1.6243,2.1766,0.39,22.62,24.91,20.9,94.73,1.04,1.74,0.42,97.73
20150914,25.69,3.4877,1.7215,1.8214,0.34,22.94,25.01,21.56,94.74,1.25,2.18,0.54,97.64
20150915,17.34,3.3269,0.7956,2.1139,0.33,23.4,26.95,21.44,93.09,1.28,2.33,0.52,97.59
20150916,2.97,4.3934,1.8725,2.3434,0.43,23.58,26.74,21.69,92.91,1.34,2.1,0.5,97.6
20150917,12.36,5.1034,3.0307,2.269,0.5,23.27,26.06,21.67,93.23,1.41,2.25,0.53,97.71
20150918,2.57,4.465,3.2364,1.9198,0.44,23.73,27.27,21.8,89.73,1.16,2.46,0.48,97.76
20150919,0.04,5.9462,4.9466,2.1125,0.58,23.58,27.63,20.63,87.39,1.15,2.18,0.46,97.62
20150920,0.0,5.707,4.4074,2.0734,0.56,23.32,27.31,20.81,88.72,1.29,2.63,0.52,97.59
20150921,0.01,4.068,2.7977,1.8014,0.4,23.04,26.51,20.81,90.04,1.34,2.1,0.52,97.65
20150922,0.04,5.4794,4.0294,2.1965,0.53,23.44,26.71,21.13,90.64,1.33,2.29,0.55,97.54
20150923,0.11,4.0018,2.3412,1.919,0.39,23.01,26.21,20.99,90.18,1.13,2.01,0.48,97.54
20150924,4.12,4.1618,1.7923,2.2783,0.4,22.1,25.23,20.08,88.27,1.28,2.47,0.47,97.57
20150925,4.35,4.7364,1.992,2.7002,0.46,21.52,25.3,18.65,90.8,0.99,1.91,0.42,97.64
20150926,3.15,4.9666,3.089,2.219,0.48,22.78,26.01,20.57,91.76,1.49,2.47,0.58,97.63
20150927,2.67,3.8074,1.9212,1.9025,0.37,23.34,26.52,21.06,89.52,1.2,2.26,0.5,97.61
20150928,4.03,4.5744,3.3542,2.033,0.44,23.57,26.41,21.77,91.6,1.31,2.32,0.53,97.64
20150929,6.69,5.4031,4.1676,2.0551,0.52,23.32,25.47,21.67,93.74,1.07,1.67,0.44,97.78
20150930,2.79,4.6159,1.7786,2.5834,0.44,23.91,27.6,21.92,91.09,1.01,1.64,0.39,97.84
20151001,0.69,4.5094,1.8715,2.4326,0.43,23.67,26.89,21.62,89.3,1.34,2.43,0.54,97.94
20151002,1.93,4.3294,2.8613,1.9032,0.42,23.11,25.62,21.19,91.66,1.14,2.13,0.45,97.94
20151003,12.09,4.1074,2.5094,2.0575,0.39,23.31,26.25,21.27,92.94,1.34,2.27,0.49,97.9
20151004,4.9,3.6022,1.7582,1.8852,0.35,23.21,26.86,21.14,90.77,1.44,2.51,0.55,97.87
20151005,0.09,4.1316,2.893,1.9735,0.4,23.27,26.94,20.36,88.93,1.43,2.48,0.56,97.75
20151006,0.1,5.5714,3.5734,2.465,0.53,23.45,27.02,20.96,88.66,1.06,1.99,0.47,97.67
20151007,0.1,4.9474,2.538,2.4581,0.47,23.32,26.62,20.79,89.15,1.14,2.28,0.46,97.7
20151008,0.32,4.0754,2.244,2.0328,0.39,24.07,27.64,21.82,88.88,1.0,2.17,0.42,97.68
20151009,0.89,4.2624,2.1614,2.1864,0.41,23.78,27.09,21.81,90.1,1.06,2.09,0.47,97.77
20151010,0.39,5.6887,4.1494,2.1864,0.54,23.61,27.1,21.24,89.74,1.24,2.35,0.51,97.79
20151011,0.07,4.4244,2.1379,2.3014,0.42,23.13,26.03,21.55,90.94,1.0,2.0,0.39,97.79
20151012,0.47,3.5141,1.387,1.9342,0.34,23.31,26.75,21.34,90.5,1.3,2.51,0.55,97.81
20151013,0.02,4.8055,2.124,2.6318,0.46,23.39,26.83,21.22,89.44,1.28,2.2,0.58,97.72
20151014,0.0,5.4492,2.7794,2.7458,0.52,23.52,27.27,20.51,89.09,1.38,2.42,0.61,97.69
20151015,0.04,5.2193,2.8529,2.4422,0.5,23.6,27.35,20.71,87.37,1.06,2.38,0.43,97.54
20151016,0.08,4.0644,1.7774,2.2212,0.39,22.73,25.08,21.51,90.24,1.02,1.48,0.44,97.54
20151017,1.02,3.4999,1.3918,1.9027,0.33,23.39,25.8,21.75,87.24,1.21,2.14,0.49,97.6
20151018,3.14,2.3131,1.1798,1.271,0.22,23.37,26.65,21.26,90.5,1.18,2.13,0.45,97.64
20151019,1.94,3.9062,2.3844,1.9692,0.37,23.87,27.96,20.69,86.05,1.43,2.67,0.49,97.61
20151020,0.02,4.8758,2.7576,2.3057,0.46,24.21,28.32,20.84,83.85,1.14,2.24,0.41,97.63
20151021,0.07,5.065,2.4835,2.5378,0.48,25.12,28.59,22.62,84.3,1.09,2.14,0.44,97.6
20151022,1.42,3.8734,1.7928,2.022,0.37,24.25,27.47,21.93,89.78,1.15,1.96,0.44,97.68
20151023,6.9,2.4178,0.2959,1.7282,0.23,23.67,25.81,22.13,93.51,0.88,1.16,0.33,97.7
20151024,2.31,3.5426,0.828,2.0482,0.34,24.45,27.82,22.51,91.05,1.06,2.02,0.42,97.7
20151025,2.34,2.0249,0.3079,1.3805,0.19,23.25,24.64,22.12,92.75,0.81,1.15,0.3,97.74
20151026,2.83,4.3298,2.2567,2.1682,0.41,23.95,26.62,21.59,88.28,1.12,1.86,0.43,97.61
20151027,20.55,3.6473,1.2281,2.028,0.35,23.67,25.22,22.37,96.62,1.17,1.99,0.44,97.61
20151028,16.78,4.2278,1.8007,2.2651,0.4,24.33,26.69,22.74,93.47,1.25,2.08,0.46,97.64
20151029,4.65,4.1143,2.177,2.0734,0.39,24.08,26.79,21.92,91.01,1.14,2.04,0.49,97.63
20151030,2.98,3.7678,0.9302,2.1552,0.36,24.42,27.82,22.16,90.66,1.4,2.69,0.6,97.59
20151031,1.97,4.8324,3.1246,2.0321,0.46,24.82,28.52,22.08,88.74,1.32,2.41,0.47,97.56
20151101,6.67,3.6888,0.8285,2.3189,0.35,24.44,26.4,22.74,94.34,1.29,1.85,0.51,97.51
20151102,17.45,3.3847,0.8952,2.0083,0.32,24.33,26.31,23.02,95.29,1.52,2.66,0.63,97.52
20151103,10.31,4.6032,1.8866,2.4046,0.44,24.27,26.28,22.76,94.78,1.32,1.89,0.52,97.52
20151104,15.01,2.4314,0.4308,1.7472,0.23,24.72,27.83,22.87,91.48,1.04,1.83,0.44,97.55
20151105,6.28,5.9998,4.4525,2.3686,0.57,24.96,28.6,22.29,89.3,1.38,2.42,0.51,97.48
20151106,5.78,5.0112,2.5157,2.5721,0.48,24.57,26.98,23.27,93.28,0.95,1.34,0.37,97.48
20151107,10.72,4.5958,0.9266,3.0684,0.44,24.38,26.53,23.1,89.85,0.76,1.12,0.39,97.61
20151108,37.79,4.8994,2.7019,2.4214,0.47,24.68,28.29,21.98,90.58,1.06,1.65,0.4,97.55
20151109,7.58,5.7202,3.3797,2.7607,0.54,25.38,29.16,22.54,88.14,1.38,2.15,0.54,97.46
20151110,8.77,4.841,2.311,2.695,0.46,25.3,28.39,22.54,89.21,1.12,1.76,0.48,97.43
20151111,7.7,5.5939,3.8904,2.532,0.53,25.12,28.57,22.97,88.13,1.3,2.35,0.49,97.52
20151112,7.52,4.6207,2.3045,2.2646,0.44,24.31,27.08,22.63,88.72,1.0,1.92,0.41,97.62
20151113,16.14,6.5731,6.0905,1.915,0.63,24.51,27.87,22.26,88.46,1.03,1.64,0.48,97.53
20151114,2.72,3.6007,0.2854,2.5752,0.34,25.09,28.61,22.3,85.47,0.66,1.19,0.18,97.41
20151115,16.7,5.1871,2.8178,2.4967,0.5,25.17,28.63,22.55,88.84,1.31,1.97,0.54,97.45
20151116,8.0,4.6337,2.0705,2.4814,0.44,24.98,27.22,23.45,92.04,1.04,1.4,0.45,97.43
20151117,1.04,3.7692,1.4762,2.0196,0.36,24.79,26.47,23.03,88.7,0.74,1.3,0.32,97.45
20151118,1.45,5.3818,3.719,2.3813,0.51,24.42,26.99,22.46,91.31,1.19,2.31,0.48,97.48
20151119,16.51,5.1041,2.7211,2.3981,0.49,25.22,27.56,23.48,87.19,0.97,1.89,0.37,97.41
20151120,2.21,4.7626,1.5938,2.6206,0.46,25.28,28.65,22.82,89.09,1.16,1.88,0.47,97.33
20151121,1.46,2.567,0.8448,1.6277,0.25,24.4,26.5,23.11,93.21,1.2,1.85,0.44,97.32
20151122,4.67,3.6725,0.1438,2.7031,0.35,24.42,25.93,23.04,94.19,1.03,1.5,0.38,97.31
20151123,19.87,4.8331,2.3606,2.5997,0.46,24.2,25.29,23.45,96.07,1.11,1.65,0.44,97.36
20151124,10.85,5.4967,3.7342,2.1991,0.53,24.62,27.38,22.49,91.84,0.96,1.46,0.36,97.35
20151125,61.95,5.0904,3.1798,2.3162,0.49,24.57,26.22,23.38,95.61,1.01,1.2,0.43,97.36
20151126,44.77,4.2917,0.9019,2.8591,0.41,23.84,27.23,20.99,88.32,1.03,2.01,0.41,97.52
20151127,2.69,6.3398,5.3482,2.1506,0.61,25.42,28.98,22.22,86.13,1.21,2.15,0.47,97.45
20151128,11.49,5.0861,3.2057,2.3923,0.49,25.81,28.87,23.6,88.13,1.32,2.27,0.52,97.54
20151129,8.23,6.0715,4.5881,2.3606,0.58,25.83,28.88,23.28,88.15,1.35,1.87,0.57,97.49
20151130,15.66,5.8615,3.8794,2.6227,0.56,25.58,28.52,23.72,91.31,1.42,2.02,0.59,97.46
20151201,6.02,5.1943,2.9714,2.4434,0.5,25.36,28.06,23.76,89.49,0.99,1.74,0.4,97.49
20151202,3.65,5.7192,3.5897,2.6246,0.55,25.47,28.74,23.05,86.58,0.88,1.33,0.36,97.53
20151203,0.46,5.9102,3.9917,2.5301,0.57,25.6,29.2,22.92,85.59,1.02,1.59,0.41,97.54
20151204,0.51,5.3993,2.7168,2.6899,0.52,25.79,29.58,22.82,87.19,1.09,1.91,0.46,97.53
20151205,4.34,3.9406,1.6987,2.2944,0.38,25.35,28.17,23.69,92.49,1.15,2.61,0.44,97.51
20151206,0.66,5.455,3.4946,2.6414,0.53,25.35,28.68,22.94,86.9,0.91,1.85,0.37,97.53
20151207,0.57,5.0549,3.0293,2.292,0.49,25.82,29.05,23.16,85.45,1.08,1.93,0.43,97.55
20151208,1.65,5.1778,2.2351,2.6928,0.5,25.94,29.16,23.63,88.08,1.08,1.99,0.46,97.58
20151209,17.56,3.8018,2.0014,1.9752,0.37,25.02,27.4,23.71,92.93,1.08,1.86,0.41,97.53
20151210,6.17,5.7948,4.3922,2.2198,0.56,25.0,27.55,23.22,91.04,1.04,1.57,0.42,97.5
20151211,3.21,2.7204,0.2791,1.9747,0.26,25.45,28.81,22.73,87.95,1.14,1.85,0.4,97.4
20151212,17.86,5.5322,3.5659,2.6354,0.53,25.42,28.23,24.17,92.27,1.23,2.09,0.5,97.39
20151213,8.55,5.0717,1.3886,3.3319,0.49,24.7,27.78,22.59,89.19,0.91,1.71,0.39,97.43
20151214,4.47,5.2162,3.0694,2.3659,0.5,24.63,27.82,22.14,90.18,0.96,1.45,0.38,97.4
20151215,5.5,4.9042,2.3887,2.5589,0.47,25.09,27.98,22.92,90.21,1.03,1.6,0.4,97.34
20151216,17.58,4.2293,1.4638,2.3806,0.41,25.05,27.46,23.58,93.19,1.59,2.97,0.63,97.29
20151217,7.62,5.8202,4.4532,2.2654,0.56,25.76,28.77,23.87,91.23,1.46,2.46,0.65,97.26
20151218,7.32,5.8757,4.6085,2.3006,0.57,25.92,29.41,23.77,91.1,1.23,2.35,0.55,97.28
20151219,24.82,4.7758,2.0165,2.6218,0.46,24.59,25.61,23.42,95.94,1.08,1.41,0.51,97.4
20151220,3.7,5.2656,2.1703,2.8757,0.51,25.21,28.49,22.42,87.83,1.0,1.93,0.4,97.4
20151221,25.63,5.3489,4.4155,1.9447,0.52,25.47,27.94,23.94,90.47,1.03,1.83,0.48,97.45
20151222,19.09,3.8664,0.3919,2.7058,0.37,24.83,27.55,22.88,92.58,1.38,2.24,0.64,97.62
20151223,0.35,4.937,2.8788,2.8622,0.48,25.66,29.67,22.11,84.38,1.05,1.62,0.42,97.41
20151224,3.07,6.691,5.8334,2.4058,0.65,26.08,31.04,22.61,80.26,1.21,2.11,0.35,97.17
20151225,4.78,6.3139,5.8512,2.0194,0.61,25.96,30.51,22.75,83.48,1.07,1.81,0.36,97.23
20151226,2.19,6.7193,6.9557,1.6999,0.65,25.99,30.39,22.32,82.85,1.06,1.77,0.35,97.35
20151227,4.17,6.1565,5.2008,2.149,0.59,26.62,30.66,23.47,83.25,1.03,1.76,0.36,97.42
20151228,2.22,6.1903,5.3218,2.1636,0.6,26.42,30.05,23.75,83.59,1.02,1.47,0.36,97.42
20151229,1.27,6.2467,5.4751,2.1228,0.6,26.63,30.59,23.86,82.27,0.95,1.9,0.44,97.4
20151230,0.91,5.6237,4.4762,2.2061,0.54,25.73,29.19,23.61,86.72,0.76,1.6,0.3,97.43
20151231,2.68,6.131,5.2685,2.1962,0.59,25.5,28.17,23.5,91.25,0.88,1.61,0.34,97.53
20160101,3.3,6.3151,6.199,1.7184,0.61,25.35,27.24,23.83,92.94,0.73,1.24,0.34,97.64
20160102,2.49,6.0826,5.6822,2.0033,0.58,25.7,28.24,23.95,91.2,1.05,1.66,0.45,97.54
20160103,3.66,5.4809,5.137,1.7714,0.53,26.14,29.32,24.18,88.4,1.48,3.13,0.69,97.52
20160104,2.69,5.9798,5.0609,2.1566,0.57,25.62,29.18,23.26,91.19,1.61,2.71,0.74,97.66
20160105,0.52,6.222,5.5483,2.0702,0.6,25.85,29.36,23.71,87.68,1.38,2.36,0.72,97.7
20160106,0.04,6.9754,6.9319,1.9553,0.67,25.34,29.17,22.0,85.45,1.4,2.15,0.65,97.68
20160107,0.09,6.9005,6.7879,1.8314,0.66,25.0,28.22,21.93,88.32,1.38,2.2,0.64,97.69
20160108,2.15,5.6076,4.621,2.1305,0.54,25.2,28.6,22.75,89.02,1.34,2.39,0.6,97.7
20160109,3.41,6.0,4.8382,2.1828,0.57,25.49,29.22,22.44,86.76,1.15,2.04,0.51,97.7
20160110,21.59,2.5855,0.1529,1.9181,0.25,24.57,25.88,23.61,96.44,1.3,2.42,0.52,97.67
20160111,2.67,4.9042,3.0533,2.3436,0.47,25.17,28.27,23.02,92.17,1.21,2.12,0.49,97.61
20160112,12.49,5.6362,4.0373,2.3359,0.54,25.25,28.2,23.25,92.16,1.63,3.11,0.64,97.64
20160113,10.65,4.2881,1.0958,2.706,0.41,25.35,28.14,23.74,89.59,0.98,1.79,0.51,97.65
20160114,0.72,6.295,5.3964,2.1612,0.6,25.79,29.15,23.47,88.27,1.21,2.2,0.57,97.54
20160115,6.97,5.3736,2.5625,2.9167,0.51,25.92,29.11,23.79,89.71,1.28,2.38,0.53,97.42
20160116,13.0,3.857,0.4608,2.6225,0.37,25.38,26.78,24.5,96.13,1.41,1.8,0.53,97.37
20160117,9.64,5.0714,2.6496,2.4658,0.48,25.54,28.76,22.95,89.49,1.27,1.88,0.47,97.42
20160118,8.21,3.9655,1.3226,2.3177,0.38,25.14,27.46,23.67,92.72,0.54,1.07,0.28,97.44
20160119,7.71,5.7022,3.6336,2.6064,0.54,25.46,27.97,23.26,90.2,1.05,1.72,0.47,97.47
20160120,16.33,3.0406,0.3233,2.2068,0.29,24.59,28.09,21.42,89.1,1.21,1.86,0.42,97.59
20160121,13.44,5.7706,4.7638,2.076,0.55,25.62,28.85,23.42,89.17,1.28,2.22,0.54,97.5
20160122,16.43,3.4594,0.4214,2.478,0.33,25.28,27.55,24.0,94.63,1.27,1.69,0.57,97.48
20160123,20.79,6.1301,4.4537,2.4854,0.58,24.63,26.13,23.29,95.16,1.34,2.29,0.62,97.54
20160124,13.01,3.8911,0.5441,2.6753,0.37,24.65,26.44,23.08,91.95,1.02,1.84,0.48,97.47
20160125,6.53,5.075,2.773,2.7286,0.48,25.39,29.04,22.15,86.02,1.05,1.97,0.4,97.52
20160126,9.79,6.0593,4.6488,2.3383,0.57,25.23,27.77,23.74,91.12,0.85,1.7,0.38,97.63
20160127,4.87,5.9362,4.1155,2.4574,0.56,24.95,27.72,23.12,90.35,0.97,1.96,0.39,97.7
20160128,2.65,4.9834,1.4767,2.9719,0.47,25.52,29.22,22.57,85.67,1.05,1.39,0.42,97.59
20160129,0.82,6.4906,5.9914,2.2826,0.61,25.35,28.74,23.0,89.6,1.06,2.05,0.44,97.51
20160130,2.5,6.0324,4.356,2.4574,0.57,26.04,29.66,22.95,86.91,1.01,1.84,0.46,97.38
20160131,2.28,6.7284,6.3238,1.908,0.64,26.49,29.08,24.95,87.87,1.37,2.28,0.66,97.41
20160201,2.5,5.7842,2.8658,2.9635,0.55,25.99,29.03,24.18,89.58,1.2,2.06,0.48,97.48
20160202,26.39,6.4253,5.5087,2.1629,0.61,25.17,28.36,22.12,86.96,1.14,2.04,0.51,97.52
20160203,13.29,6.239,3.9523,2.7799,0.59,25.44,29.42,21.88,85.71,1.16,1.92,0.44,97.4
20160204,7.98,1.8938,0.2676,1.4069,0.18,25.74,27.41,24.4,93.37,1.4,2.19,0.61,97.4
20160205,28.67,5.4626,3.1721,2.5538,0.51,25.26,27.15,24.17,93.57,1.17,1.83,0.54,97.38
20160206,25.56,5.1967,2.0105,2.743,0.49,24.92,27.54,23.47,93.47,1.01,1.73,0.48,97.42
20160207,14.64,5.3117,2.5819,2.8735,0.5,25.51,28.84,22.84,88.77,1.42,2.04,0.53,97.41
20160208,17.56,4.6466,0.8078,3.007,0.44,25.19,26.13,24.51,96.84,1.56,2.35,0.63,97.44
20160209,13.28,2.5454,0.2722,1.6438,0.24,25.35,26.61,24.47,95.64,1.25,2.01,0.57,97.35
20160210,15.4,4.6174,1.027,2.8771,0.43,25.27,26.69,24.14,96.37,1.52,2.43,0.62,97.32
20160211,58.37,4.3661,0.6643,2.9534,0.41,25.98,28.26,24.69,92.13,1.22,2.06,0.59,97.35
20160212,26.72,5.5663,2.6066,2.9126,0.52,25.69,28.99,23.71,92.59,1.11,1.78,0.5,97.44
20160213,19.91,4.7633,0.8866,3.0086,0.45,24.86,27.59,22.94,93.08,1.02,1.57,0.47,97.57
20160214,8.1,4.4362,1.2127,2.9854,0.42,25.01,27.87,22.32,87.63,1.07,1.44,0.44,97.5
20160215,10.18,4.5149,1.1378,3.0262,0.42,26.24,29.4,24.42,86.87,1.05,2.4,0.46,97.47
20160216,27.69,4.4443,0.798,2.892,0.42,25.2,27.86,22.69,90.57,0.96,2.0,0.44,97.52
20160217,9.15,4.0154,0.4913,2.8507,0.38,25.09,27.71,23.13,90.17,1.14,2.94,0.53,97.52
20160218,7.45,5.5795,3.1886,2.6364,0.52,25.0,28.47,22.44,88.78,1.07,1.84,0.43,97.53
20160219,12.38,5.777,3.8194,2.3885,0.54,25.14,27.36,23.86,92.43,0.76,1.31,0.43,97.58
20160220,2.77,6.761,5.4833,2.3419,0.63,25.22,28.35,23.45,89.19,0.99,1.84,0.41,97.67
20160221,0.63,5.3347,2.683,2.7302,0.5,24.9,27.33,23.2,88.9,1.07,1.61,0.49,97.68
20160222,4.51,5.3182,3.2983,2.3246,0.5,25.26,28.14,23.56,91.17,1.06,1.85,0.51,97.64
20160223,10.38,6.2234,4.5533,2.4036,0.58,25.71,29.35,23.69,88.63,1.02,1.92,0.48,97.57
20160224,5.53,5.8046,3.4277,2.7715,0.54,25.72,28.85,23.06,89.74,1.2,1.95,0.53,97.51
20160225,2.4,6.2038,4.571,2.4667,0.58,25.43,28.3,23.29,90.28,1.39,2.58,0.6,97.62
20160226,8.9,6.6698,5.7247,2.1698,0.63,25.48,28.74,23.33,89.86,1.39,2.23,0.58,97.57
20160227,11.9,4.7765,1.9927,2.6388,0.45,25.02,27.33,23.73,93.61,1.34,2.44,0.56,97.65
20160228,1.99,6.1205,4.6044,2.1509,0.58,25.87,29.61,23.02,88.27,1.17,2.26,0.48,97.64
20160229,2.86,6.5645,5.7924,2.0484,0.62,25.74,28.39,24.15,91.76,1.25,2.07,0.57,97.66
20160301,40.22,5.4034,3.503,2.3686,0.51,24.86,26.11,24.01,95.6,1.21,1.6,0.49,97.68
20160302,15.77,5.1986,1.5019,3.1214,0.49,25.62,29.24,23.04,87.76,1.2,2.12,0.48,97.68
20160303,10.71,5.6935,3.6802,2.4703,0.54,25.52,28.78,22.88,87.61,1.22,1.82,0.48,97.69
20160304,20.97,5.3098,2.3724,2.8214,0.5,25.4,28.01,23.6,93.65,1.33,2.16,0.54,97.61
20160305,13.63,5.0438,1.6985,2.7787,0.48,25.53,27.78,23.73,92.3,1.05,1.87,0.47,97.58
20160306,5.96,6.2551,4.3865,2.5711,0.59,25.66,29.26,22.82,87.43,1.2,2.01,0.46,97.57
20160307,2.18,6.1157,4.7546,2.171,0.58,26.13,29.13,24.01,90.78,1.51,2.46,0.66,97.51
20160308,3.06,4.0356,1.0313,2.5663,0.38,25.83,27.76,24.64,94.61,1.37,1.93,0.56,97.49
20160309,2.89,3.781,0.8786,2.549,0.36,25.31,27.43,23.6,91.94,1.1,2.59,0.49,97.57
20160310,6.48,6.4471,4.7107,2.4113,0.61,25.38,28.17,23.36,89.8,1.04,1.78,0.37,97.64
20160311,10.44,4.8744,0.9391,3.2263,0.46,25.3,27.88,23.28,89.04,0.97,1.55,0.36,97.59
20160312,15.38,4.5941,1.392,3.0665,0.44,24.42,26.53,23.22,93.59,1.04,1.61,0.43,97.61
20160313,9.11,4.2838,1.0769,2.5385,0.41,24.83,26.93,23.28,93.36,1.05,1.88,0.49,97.55
20160314,29.82,4.8108,1.291,3.0362,0.46,25.34,26.75,24.54,93.64,1.06,1.76,0.48,97.46
20160315,18.99,6.3506,4.6426,2.4581,0.6,26.17,29.2,23.91,91.6,1.26,2.14,0.54,97.35
20160316,13.4,5.6779,3.1934,3.1018,0.54,26.39,29.1,24.47,90.07,0.93,2.1,0.46,97.3
20160317,10.48,6.1661,4.0085,2.6107,0.59,26.25,28.88,23.74,89.05,0.97,1.42,0.38,97.33
20160318,5.26,4.9286,1.3642,3.1646,0.47,25.9,28.67,24.09,91.15,0.92,1.58,0.41,97.44
20160319,4.41,5.3851,2.3422,2.9297,0.51,24.95,28.75,22.21,85.48,1.66,2.37,0.64,97.52
20160320,2.18,4.2586,1.0346,2.7574,0.41,24.53,27.77,22.5,89.44,1.25,2.34,0.5,97.59
20160321,14.09,5.405,2.2056,3.0941,0.52,25.56,29.37,22.88,87.46,1.44,2.38,0.59,97.42
20160322,18.31,5.0998,1.5079,3.1301,0.49,25.72,28.66,24.1,92.33,1.37,2.55,0.64,97.37
20160323,13.45,5.7046,3.9833,2.3666,0.55,25.47,27.46,24.25,93.75,1.12,1.81,0.45,97.51
20160324,8.54,5.5582,3.3936,2.478,0.54,25.77,28.8,23.82,88.87,1.36,2.14,0.57,97.63
20160325,37.84,2.9926,0.1507,2.1581,0.29,24.56,25.63,23.4,94.37,0.9,1.69,0.39,97.69
20160326,17.97,4.6476,1.3922,2.8973,0.45,24.71,26.24,23.81,94.37,1.02,1.68,0.49,97.79
20160327,20.47,3.5784,1.0932,2.1379,0.35,25.11,28.17,22.85,90.05,1.21,2.19,0.48,97.82
20160328,3.56,5.7682,3.8645,2.3273,0.56,24.73,27.67,22.8,90.06,1.09,1.59,0.4,97.79
20160329,7.39,5.521,4.3078,2.0794,0.54,25.52,27.43,23.6,91.46,1.0,1.83,0.47,97.73
20160330,6.97,3.3067,0.294,2.2464,0.32,25.06,26.03,24.25,96.88,1.28,1.7,0.52,97.71
20160331,36.2,5.3093,2.7919,2.441,0.52,25.06,27.63,23.61,91.45,1.13,1.76,0.48,97.61
20160401,19.95,5.8978,3.7874,2.4302,0.58,25.36,28.41,23.51,89.76,1.15,1.84,0.54,97.56
20160402,3.42,6.1783,5.035,2.1545,0.6,25.02,27.45,23.58,92.3,1.15,1.9,0.46,97.61
20160403,32.74,5.5466,4.6085,1.901,0.54,25.52,28.83,22.67,88.11,1.48,2.07,0.64,97.57
20160404,18.74,5.2975,2.3009,2.6796,0.52,24.97,27.95,22.65,90.63,1.35,2.05,0.55,97.57
20160405,26.55,4.2084,1.3524,2.3954,0.41,24.71,26.81,23.34,94.8,1.58,2.37,0.67,97.63
20160406,2.36,6.3802,4.7638,2.4514,0.63,25.17,29.66,21.41,86.34,1.22,1.88,0.49,97.65
20160407,1.69,5.6714,3.6802,2.3249,0.56,25.22,28.77,22.93,87.06,0.9,1.32,0.37,97.65
20160408,4.2,5.6894,4.4112,2.2118,0.56,25.16,28.17,22.81,88.52,1.15,1.74,0.44,97.54
20160409,15.07,2.892,0.2436,2.0086,0.29,25.14,26.49,23.92,95.8,1.51,1.99,0.64,97.51
20160410,14.31,5.9491,5.1382,2.0527,0.59,25.39,28.69,23.36,91.79,1.31,2.3,0.53,97.51
20160411,17.4,3.6149,0.6266,2.5243,0.36,25.22,27.58,24.14,93.04,1.21,1.9,0.55,97.55
20160412,18.14,4.5394,1.3058,2.8116,0.45,24.83,27.15,23.57,92.84,1.1,1.71,0.48,97.58
20160413,15.48,5.7646,4.3195,2.2159,0.58,25.65,29.43,22.68,89.71,1.37,2.19,0.54,97.48
20160414,19.2,5.1718,2.6554,2.5493,0.52,24.88,26.95,22.82,93.45,0.83,1.61,0.31,97.57
20160415,27.32,3.3058,0.1752,2.4523,0.33,24.91,27.32,23.49,92.92,1.0,1.77,0.44,97.6
20160416,8.65,6.0516,5.1857,2.1425,0.61,25.4,29.27,22.42,89.44,0.82,1.29,0.31,97.52
20160417,6.89,3.521,0.9864,2.2094,0.36,25.53,28.49,23.3,92.21,1.26,1.96,0.54,97.5
20160418,9.81,4.4232,1.134,2.9386,0.45,25.71,28.68,23.65,91.56,1.13,1.61,0.52,97.48
20160419,23.33,5.3141,3.5621,2.3158,0.54,25.11,26.63,23.93,95.83,1.0,1.34,0.49,97.57
20160420,26.42,2.9179,0.4078,2.0366,0.3,25.23,27.13,23.89,95.09,1.65,2.91,0.68,97.6
20160421,13.2,5.8834,5.1238,1.9423,0.6,25.35,27.96,22.91,90.64,1.19,1.57,0.45,97.44
20160422,15.97,3.0929,0.3331,2.251,0.32,24.61,26.17,23.27,95.03,1.25,1.78,0.49,97.51
20160423,14.79,2.9311,0.7812,1.8672,0.3,24.2,26.24,22.52,94.99,1.27,1.84,0.51,97.48
20160424,23.21,5.094,3.2148,2.5334,0.53,24.56,27.76,22.77,92.73,1.18,1.99,0.49,97.48
20160425,11.91,5.2536,3.0934,2.5555,0.54,25.23,28.64,22.85,89.84,1.21,2.25,0.53,97.52
20160426,4.37,5.129,3.5604,2.303,0.53,25.59,29.1,22.34,87.06,1.47,2.15,0.59,97.41
20160427,6.57,4.681,2.341,2.3611,0.49,25.88,29.02,23.38,90.12,1.51,2.24,0.65,97.38
20160428,10.59,4.4078,1.4448,2.5387,0.46,25.62,28.48,23.1,93.11,1.01,1.67,0.45,97.45
20160429,3.79,4.0195,1.2415,2.4854,0.42,25.08,26.19,24.16,94.08,1.06,1.49,0.48,97.59
20160430,1.34,6.0538,5.2872,2.0765,0.63,25.79,29.66,23.57,87.53,1.06,2.27,0.45,97.5
20160501,16.56,5.0633,3.5942,2.1881,0.53,24.14,25.7,22.59,92.62,0.84,1.15,0.31,97.54
20160502,10.99,5.0458,3.4507,2.3124,0.53,24.23,27.22,21.67,90.76,1.17,1.89,0.48,97.64
20160503,34.5,4.6946,2.6028,2.4576,0.5,24.5,27.3,22.44,91.03,0.95,1.35,0.43,97.58
20160504,6.37,5.8764,5.1794,2.0258,0.62,25.21,28.45,22.18,89.94,1.35,2.01,0.63,97.5
20160505,3.99,4.7772,2.2493,2.5418,0.51,25.21,26.99,23.77,94.37,1.25,1.44,0.53,97.52
20160506,6.1,5.5862,4.9922,1.9486,0.59,25.2,27.01,24.09,94.15,1.39,2.07,0.53,97.44
20160507,4.02,3.9598,1.7105,2.4202,0.42,25.44,28.17,23.31,91.82,1.0,1.42,0.47,97.41
20160508,18.42,4.8425,3.4037,2.1156,0.52,25.17,26.98,23.85,94.67,0.85,1.31,0.36,97.51
20160509,35.33,5.9064,6.1495,1.4844,0.63,25.72,28.22,24.06,92.6,1.22,1.86,0.5,97.45
20160510,49.69,3.4459,0.3197,2.5644,0.37,25.22,26.7,24.13,94.84,1.09,1.88,0.48,97.44
20160511,1.3,4.4184,2.016,2.4132,0.48,25.67,28.27,23.98,90.88,1.32,2.52,0.55,97.4
20160512,1.35,5.0174,4.5557,1.8096,0.54,26.04,29.47,23.95,90.92,1.25,2.17,0.56,97.34
20160513,6.43,3.0065,0.5494,2.0959,0.33,26.05,28.69,24.45,92.57,1.49,2.17,0.61,97.43
20160514,2.16,2.6393,0.7051,1.723,0.29,25.72,27.79,24.34,94.01,1.52,2.45,0.62,97.43
20160515,1.1,5.4245,4.8084,1.9267,0.59,25.66,27.89,24.23,92.1,1.63,2.54,0.67,97.39
20160516,0.52,5.7466,5.0062,2.0383,0.63,25.49,28.21,23.55,91.44,1.14,1.87,0.47,97.32
20160517,5.84,5.3162,5.3573,1.6502,0.58,25.57,28.1,23.68,93.23,1.64,2.6,0.65,97.35
20160518,13.01,4.716,2.7818,2.4612,0.52,23.95,25.72,22.46,92.15,0.7,1.15,0.26,97.4
20160519,37.93,4.1297,2.3585,2.1571,0.45,25.03,27.52,22.62,90.88,1.35,2.14,0.52,97.37
20160520,18.72,4.7364,3.9014,1.8266,0.52,24.1,25.83,22.41,92.25,0.87,1.49,0.35,97.45
20160521,15.0,5.3249,5.0292,1.6548,0.59,24.78,27.15,22.54,90.88,1.2,1.89,0.48,97.52
20160522,8.97,4.1822,1.2523,2.5517,0.46,24.46,26.15,23.12,90.86,0.8,1.53,0.35,97.66
20160523,4.0,5.5874,5.7173,1.5055,0.62,24.67,27.82,22.58,89.09,1.13,1.67,0.42,97.63
20160524,12.11,4.9817,4.128,1.9567,0.55,24.73,27.58,22.54,90.76,0.81,1.38,0.3,97.66
20160525,18.33,4.4333,2.5654,2.2063,0.49,24.8,26.33,23.7,95.67,0.98,1.36,0.4,97.64
20160526,17.83,3.9002,1.7678,2.2565,0.43,24.77,25.95,23.73,96.78,1.4,1.84,0.51,97.7
20160527,22.46,4.051,1.8986,2.2387,0.45,24.46,25.32,23.84,96.78,0.87,1.22,0.26,97.75
20160528,19.44,5.4818,5.4605,1.6706,0.61,24.6,26.98,23.35,93.46,1.11,1.54,0.43,97.67
20160529,25.87,5.2308,4.6447,1.9956,0.59,24.6,27.01,23.01,93.06,0.98,1.62,0.43,97.64
20160530,19.48,5.0779,3.8976,2.1703,0.57,25.41,28.83,22.9,91.45,1.17,1.69,0.53,97.59
20160531,26.98,2.9083,0.4954,1.9721,0.33,25.0,26.06,24.25,96.95,1.02,1.35,0.43,97.61
20160601,13.71,1.5007,0.1469,1.1323,0.17,25.05,26.38,24.25,96.84,1.56,2.42,0.68,97.6
20160602,9.66,5.029,4.0442,2.1814,0.57,25.03,26.67,23.94,95.43,1.24,1.91,0.48,97.55
20160603,9.03,2.6227,0.006,2.0491,0.3,24.69,27.08,23.15,94.65,1.06,1.61,0.44,97.62
20160604,2.47,4.9692,4.9061,1.6858,0.56,25.3,28.48,23.22,89.56,1.11,1.97,0.46,97.59
20160605,4.37,5.3844,5.2394,1.8854,0.61,25.16,28.33,23.15,91.63,1.08,1.98,0.51,97.53
20160606,4.04,4.3166,2.7559,2.0765,0.49,24.42,26.75,23.1,91.44,1.36,2.37,0.57,97.7
20160607,2.71,4.6188,3.1639,2.2567,0.52,24.5,27.07,22.45,91.3,1.18,1.99,0.51,97.62
20160608,3.42,4.4275,2.8291,2.2056,0.5,24.99,27.62,23.14,90.5,1.27,2.16,0.5,97.65
20160609,6.89,4.9087,3.725,2.2459,0.56,24.64,26.83,22.58,90.84,0.66,1.05,0.31,97.76
20160610,17.07,4.1342,2.1216,2.1427,0.47,24.09,25.72,22.82,95.78,1.42,2.29,0.55,97.8
20160611,31.62,4.5326,4.4009,1.7376,0.52,24.31,26.15,22.77,95.67,1.36,2.3,0.56,97.71
20160612,30.31,3.2515,0.9367,2.1017,0.37,24.13,25.15,23.54,95.99,1.66,2.49,0.65,97.69
20160613,4.69,4.727,4.7714,1.5871,0.54,24.27,26.77,22.97,92.56,0.93,1.52,0.44,97.6
20160614,11.36,4.5362,4.4417,1.7482,0.52,23.78,25.11,22.8,95.51,0.85,1.27,0.41,97.63
20160615,6.26,4.5276,3.1414,2.0921,0.52,23.84,25.56,22.56,94.27,1.31,2.12,0.57,97.62
20160616,3.49,4.494,3.5561,1.9891,0.51,24.41,27.44,22.26,91.59,1.39,2.26,0.57,97.5
20160617,8.27,4.9315,4.807,1.6279,0.56,23.63,24.72,22.89,96.16,1.22,1.94,0.5,97.49
20160618,3.09,5.285,5.4955,1.548,0.61,24.51,26.62,22.75,90.45,1.0,1.6,0.37,97.41
20160619,10.2,4.925,4.2566,2.0477,0.56,24.49,26.38,23.23,94.08,1.19,1.6,0.46,97.42
20160620,5.15,5.1408,5.2282,1.6248,0.59,23.86,26.17,22.56,93.86,1.11,1.91,0.49,97.39
20160621,3.22,5.1132,5.1648,1.975,0.59,24.84,27.84,22.15,90.94,1.07,1.9,0.4,97.28
20160622,27.87,3.8818,2.082,2.1168,0.45,24.87,26.25,23.72,97.64,1.63,2.96,0.58,97.32
20160623,15.91,4.1532,2.3542,2.1746,0.48,24.53,26.64,23.52,94.44,1.24,2.37,0.51,97.4
20160624,5.62,4.511,2.2634,3.0067,0.52,24.27,26.07,22.91,95.35,1.48,2.3,0.63,97.45
20160625,6.63,4.1873,2.293,2.1103,0.48,23.94,26.24,22.29,93.26,1.08,1.99,0.46,97.53
20160626,6.52,3.7325,0.9638,2.6839,0.43,23.5,25.25,22.42,95.51,1.16,1.6,0.45,97.57
20160627,22.86,1.8252,0.18,1.3601,0.21,23.47,25.3,22.09,96.49,1.46,3.07,0.6,97.65
20160628,2.94,5.2339,5.7149,1.4592,0.6,24.3,27.55,21.82,90.68,1.38,2.17,0.59,97.63
20160629,65.98,2.142,0.4318,1.3814,0.25,23.83,24.76,23.06,96.94,1.14,1.57,0.43,97.66
20160630,9.49,3.0492,0.3132,2.2692,0.35,23.94,25.95,22.39,94.86,1.14,1.56,0.37,97.62
20160701,6.51,3.9211,2.3314,1.9822,0.45,23.81,26.07,22.36,92.85,1.14,2.18,0.46,97.63
20160702,2.47,3.468,1.6382,2.041,0.4,23.28,25.17,22.21,92.42,1.63,2.64,0.72,97.71
20160703,0.7,3.4123,1.3882,1.937,0.39,22.8,25.08,21.37,90.93,1.37,2.51,0.59,97.75
20160704,2.54,3.8076,2.0414,2.0546,0.43,22.76,24.32,21.78,94.26,1.18,2.1,0.48,97.63
20160705,6.75,3.8155,1.6512,2.1742,0.43,23.14,25.48,21.96,94.3,1.33,2.13,0.55,97.64
20160706,10.14,3.6958,1.3428,2.1962,0.42,23.69,26.02,22.25,93.59,1.12,1.72,0.47,97.61
20160707,24.13,3.149,0.6401,2.1636,0.36,23.97,25.44,22.93,96.62,1.3,2.19,0.48,97.5
20160708,32.73,4.6918,3.0026,2.3066,0.53,23.74,25.63,22.2,95.82,1.2,1.69,0.38,97.56
20160709,5.36,4.2797,2.1185,2.3873,0.49,24.25,26.38,22.87,94.92,1.23,1.68,0.55,97.57
20160710,12.42,5.058,4.9798,1.6831,0.57,23.9,26.85,21.61,89.76,0.96,1.32,0.37,97.54
20160711,40.97,3.089,0.5016,2.2111,0.35,23.78,24.73,22.75,94.05,0.94,1.3,0.38,97.56
20160712,26.19,5.0062,4.4909,1.7784,0.57,24.73,27.17,23.26,86.64,1.19,2.03,0.47,97.6
20160713,22.62,4.4515,3.0106,2.1365,0.5,23.72,26.65,21.89,92.96,1.27,2.18,0.48,97.61
20160714,1.21,5.449,5.4216,1.7374,0.61,24.65,28.25,21.99,88.87,1.4,2.33,0.57,97.52
20160715,11.25,4.927,3.899,2.0604,0.55,24.39,26.77,23.2,93.58,1.09,1.67,0.5,97.52
20160716,14.36,2.0119,0.1819,1.5463,0.23,23.87,25.27,23.03,96.47,1.13,1.73,0.43,97.54
20160717,23.94,1.4882,0.131,1.0742,0.17,23.68,25.32,22.74,95.8,0.89,1.76,0.33,97.56
20160718,18.12,2.6419,0.6989,1.6951,0.3,22.89,24.22,21.73,94.8,0.83,1.53,0.36,97.62
20160719,4.65,4.4808,4.1976,1.8046,0.5,24.38,27.38,22.33,90.72,1.04,2.29,0.5,97.49
20160720,18.56,1.5187,0.2988,1.0152,0.17,23.84,25.31,22.55,97.23,1.68,2.6,0.65,97.46
20160721,8.72,3.8434,1.6174,2.1986,0.43,23.08,24.51,22.03,96.93,1.34,1.86,0.53,97.54
20160722,5.84,1.6745,0.1728,1.2338,0.19,23.17,25.53,21.32,93.45,1.08,1.46,0.43,97.48
20160723,12.64,4.4578,2.3316,2.3789,0.49,23.08,24.59,22.09,96.7,1.2,2.18,0.5,97.45
20160724,44.26,3.0535,0.2311,2.071,0.34,22.95,24.49,22.0,95.86,1.29,2.22,0.52,97.44
20160725,27.18,4.4844,3.1519,2.3681,0.5,23.14,25.67,21.53,94.28,1.4,2.02,0.58,97.47
20160726,15.14,3.1447,0.5395,2.0525,0.35,23.4,24.98,22.42,94.06,0.45,0.93,0.28,97.41
20160727,40.99,3.5782,1.6147,1.9668,0.39,23.03,24.99,21.79,94.91,1.21,2.37,0.52,97.52
20160728,41.36,3.559,0.3158,2.5243,0.39,23.38,25.82,22.06,95.02,1.45,2.25,0.55,97.51
20160729,48.26,4.0558,2.279,2.0666,0.44,23.3,24.77,22.01,96.89,1.36,2.43,0.56,97.4
20160730,20.01,3.6703,0.5038,2.5618,0.4,23.18,25.1,21.76,96.73,1.08,1.68,0.49,97.44
20160731,15.83,3.0955,0.3175,2.2901,0.34,23.31,24.34,22.54,97.5,1.4,2.13,0.55,97.42
20160801,10.61,4.5854,2.3098,2.478,0.5,23.19,24.94,22.05,96.2,1.1,1.75,0.49,97.46
20160802,32.5,4.2804,2.4458,2.0369,0.46,23.77,26.24,22.39,93.07,1.11,1.99,0.43,97.43
20160803,11.53,3.7433,1.0853,2.2966,0.41,23.85,26.52,21.85,93.16,1.22,2.27,0.47,97.43
20160804,22.6,3.2724,0.623,2.1598,0.35,23.8,25.96,22.58,95.67,1.69,2.8,0.66,97.49
20160805,41.81,1.531,0.0326,1.1856,0.16,23.12,24.64,22.11,95.74,1.52,2.02,0.59,97.61
20160806,4.27,3.0509,0.8018,1.9728,0.33,22.99,25.69,21.8,93.62,1.29,2.43,0.54,97.62
20160807,11.62,3.0461,0.2774,2.3196,0.33,22.91,25.02,21.7,95.31,1.6,2.78,0.64,97.55
20160808,72.72,3.2174,0.8897,2.2805,0.34,22.62,24.2,21.74,95.48,1.32,2.18,0.5,97.65
20160809,50.26,2.832,0.4382,1.9898,0.3,23.38,25.14,21.94,93.91,0.88,1.61,0.45,97.65
20160810,2.59,4.4256,1.9087,2.4754,0.47,23.79,26.3,22.37,89.75,1.02,2.06,0.43,97.68
20160811,1.0,4.0145,3.397,1.7609,0.43,23.85,27.11,22.03,92.02,1.53,2.55,0.62,97.65
20160812,1.89,5.5147,4.566,2.1763,0.58,23.56,26.64,21.74,92.06,1.64,2.78,0.64,97.61
20160813,2.26,4.3687,3.451,1.9762,0.46,23.54,26.59,21.59,91.11,1.46,2.56,0.58,97.6
20160814,3.46,4.8398,3.5748,2.0914,0.51,23.75,26.46,22.23,93.28,1.68,2.81,0.65,97.53
20160815,46.71,3.995,1.5535,2.3616,0.42,23.2,24.25,22.43,97.09,1.57,2.43,0.59,97.51
20160816,45.52,2.9791,0.4745,2.0515,0.31,23.74,26.55,21.73,92.08,0.81,1.29,0.25,97.49
20160817,3.67,4.4489,2.8298,2.1122,0.47,23.69,26.65,22.15,93.34,1.33,2.78,0.54,97.46
20160818,2.28,4.1155,1.1333,2.6561,0.43,23.53,25.35,22.17,94.44,1.64,2.88,0.61,97.38
20160819,1.15,4.6435,1.7544,2.5884,0.48,23.05,24.98,21.93,93.85,1.41,2.56,0.61,97.38
20160820,1.16,4.3994,2.5538,2.2181,0.46,22.63,24.6,21.48,92.1,1.59,2.32,0.63,97.45
20160821,0.31,5.5198,4.6608,2.0882,0.57,23.77,26.54,21.5,90.39,1.25,2.22,0.51,97.38
20160822,1.51,4.9188,2.37,2.7835,0.51,23.51,25.12,22.14,94.15,1.02,1.46,0.39,97.39
20160823,1.57,5.2176,3.9686,2.1065,0.54,24.39,27.85,22.61,89.7,1.25,2.39,0.55,97.38
20160824,4.32,5.6412,3.9125,2.4266,0.58,23.72,25.62,22.37,93.47,1.05,1.6,0.4,97.47
20160825,0.75,5.3124,4.4587,1.9502,0.55,24.46,28.42,22.45,89.89,1.07,2.0,0.42,97.53
20160826,38.27,4.4854,2.7715,2.3623,0.46,24.1,26.94,21.92,90.76,1.27,2.0,0.5,97.71
20160827,22.27,4.7981,2.1046,2.6755,0.49,23.73,25.72,22.38,93.89,1.2,1.68,0.48,97.77
20160828,11.01,4.4851,3.0173,2.1302,0.46,23.81,25.94,22.31,92.94,0.87,1.21,0.41,97.69
20160829,15.25,3.3305,0.755,2.0479,0.34,24.3,27.21,22.73,91.55,1.08,1.92,0.46,97.66
20160830,11.23,6.1553,6.0286,1.645,0.62,24.64,28.01,22.23,91.93,1.43,2.46,0.54,97.64
20160831,7.68,5.0057,3.0226,2.3254,0.51,24.19,26.34,22.88,94.82,1.57,2.23,0.68,97.68
20160901,12.52,3.575,2.0381,1.8842,0.36,23.86,25.94,22.53,93.48,0.87,1.79,0.37,97.54
20160902,7.96,4.1525,1.9764,2.2997,0.42,23.44,24.65,21.99,94.06,1.14,2.16,0.5,97.53
20160903,6.17,5.4931,4.3613,2.0179,0.55,22.83,25.17,21.09,92.61,0.99,1.3,0.46,97.62
20160904,9.15,4.2859,1.1554,2.8918,0.43,23.38,25.1,21.8,91.19,0.74,1.16,0.29,97.66
20160905,10.13,3.3026,0.4728,2.3753,0.33,23.1,25.12,21.88,96.28,1.47,2.85,0.62,97.75
20160906,4.62,5.0539,2.1355,2.7701,0.51,23.55,26.57,21.62,93.24,1.2,2.1,0.47,97.65
20160907,29.03,4.2506,2.1506,2.1036,0.42,23.37,24.72,22.35,96.38,1.24,1.75,0.5,97.62
20160908,46.28,2.7374,0.353,1.9404,0.27,23.6,25.5,22.27,94.79,1.58,2.66,0.59,97.6
20160909,3.33,4.8024,1.98,2.6172,0.48,24.05,26.71,22.45,92.57,1.29,2.56,0.49,97.56
20160910,19.0,4.9368,3.1106,2.2759,0.49,23.51,24.99,22.5,95.21,1.3,2.3,0.53,97.5
20160911,17.93,4.8766,2.1737,2.6724,0.48,23.36,24.95,22.02,96.08,1.18,2.07,0.51,97.44
20160912,7.81,3.744,0.4577,2.4715,0.37,23.65,26.48,21.79,92.97,1.07,2.09,0.42,97.5
20160913,11.95,5.3054,2.6412,2.6681,0.52,23.77,25.93,22.33,94.27,1.13,1.84,0.42,97.54
20160914,11.53,6.1884,4.6258,2.1696,0.61,23.97,26.31,22.61,92.82,1.11,1.43,0.42,97.56
20160915,15.76,4.4054,1.2794,2.6153,0.43,23.18,26.31,21.43,90.61,1.07,1.68,0.43,97.67
20160916,7.61,3.8906,0.5035,2.7115,0.38,23.16,26.57,20.86,91.43,1.31,2.2,0.47,97.64
20160917,4.63,5.0105,2.0064,2.7046,0.49,24.24,27.65,22.11,91.07,1.24,2.38,0.49,97.56
20160918,7.29,5.6518,4.6855,2.0551,0.55,24.56,27.85,22.3,86.86,1.28,2.27,0.5,97.49
20160919,7.22,5.8433,3.625,2.5334,0.57,23.54,26.64,20.89,88.61,1.02,1.46,0.41,97.51
20160920,6.28,5.803,4.6466,2.0902,0.57,24.36,26.61,22.33,88.22,0.93,1.52,0.38,97.58
20160921,5.93,5.885,4.5106,2.0455,0.57,24.21,27.89,21.22,86.91,1.16,1.61,0.46,97.65
20160922,6.95,5.4497,2.8315,2.7626,0.53,24.37,27.1,21.91,89.43,0.91,1.28,0.4,97.48
20160923,4.2,3.6631,1.1837,2.3429,0.36,24.64,26.82,23.23,93.56,1.35,2.53,0.59,97.4
20160924,1.32,6.5832,6.2474,1.8442,0.64,25.21,28.45,23.17,89.3,1.16,2.17,0.48,97.32
20160925,12.37,3.9516,1.5864,2.1785,0.38,24.87,27.93,22.97,89.44,1.07,1.68,0.43,97.36
20160926,11.94,5.3863,3.0782,2.7662,0.52,23.53,26.92,21.76,90.64,1.25,2.06,0.49,97.43
20160927,14.43,4.3205,0.619,3.1157,0.42,23.56,27.03,21.63,91.92,1.41,2.83,0.63,97.46
20160928,18.53,3.7862,0.5503,2.7151,0.37,23.49,25.21,22.1,94.82,0.89,1.44,0.38,97.47
20160929,9.97,6.1956,5.3297,1.9802,0.6,24.39,27.39,22.02,89.23,1.28,2.43,0.49,97.41
20160930,9.7,4.4614,2.0455,2.561,0.43,23.43,25.38,21.7,91.96,0.67,1.25,0.31,97.5
20161001,4.24,5.0935,1.6457,2.9791,0.49,23.33,26.03,21.63,89.65,0.91,1.38,0.32,97.53
20161002,16.55,4.5278,1.0164,2.9383,0.44,23.72,26.47,21.56,90.78,1.13,1.77,0.43,97.59
20161003,12.7,2.796,0.0881,2.0921,0.27,23.51,26.29,21.76,90.62,0.78,1.01,0.31,97.6
20161004,10.86,5.6518,3.6521,2.5282,0.54,23.61,26.49,21.35,89.22,1.31,2.12,0.5,97.46
20161005,16.75,5.129,2.7816,2.4494,0.49,23.44,25.36,22.08,93.18,0.74,1.16,0.33,97.46
20161006,24.73,3.8191,0.4666,2.5361,0.37,23.54,26.37,21.01,88.95,1.19,1.84,0.39,97.48
20161007,7.52,3.6631,0.9516,2.3882,0.35,24.32,26.07,22.71,92.26,0.9,1.47,0.36,97.53
20161008,33.17,4.4426,0.8256,2.9359,0.42,24.82,27.06,23.44,93.26,1.6,3.09,0.61,97.52
20161009,16.25,3.7884,0.8474,2.298,0.36,24.18,25.73,23.16,96.13,1.34,2.43,0.52,97.46
20161010,16.51,3.5398,0.2093,2.5078,0.34,24.46,26.43,23.2,93.56,1.57,2.82,0.62,97.44
20161011,23.63,5.113,1.1198,3.4577,0.49,24.43,26.83,22.78,93.71,1.28,1.67,0.52,97.48
20161012,10.31,4.278,0.2287,3.0984,0.41,23.69,26.78,22.01,92.63,1.16,2.0,0.5,97.44
20161013,18.61,4.3754,1.5307,2.339,0.42,24.19,27.02,22.07,90.94,1.48,2.54,0.65,97.42
20161014,3.85,4.9399,2.2826,2.587,0.47,23.66,26.36,21.93,93.1,1.43,2.32,0.57,97.4
20161015,20.76,4.5989,1.8574,2.4799,0.44,23.87,26.27,21.54,91.65,1.1,2.03,0.44,97.37
20161016,19.52,5.497,2.5274,2.8807,0.52,24.23,26.87,22.22,93.17,1.14,1.62,0.5,97.43
20161017,12.01,4.3116,1.2103,2.6333,0.41,24.45,26.93,22.96,91.97,0.91,1.37,0.4,97.46
20161018,21.66,5.7413,4.4153,2.0731,0.55,24.73,27.75,22.43,91.67,1.35,2.15,0.53,97.45
20161019,23.73,5.6791,3.1402,2.7348,0.54,23.78,26.41,21.29,91.88,1.18,1.93,0.45,97.45
20161020,19.14,5.5315,2.7034,2.8248,0.53,23.81,25.5,22.39,94.7,1.25,1.91,0.48,97.48
20161021,9.52,5.7936,3.2892,2.8702,0.55,25.25,28.59,22.92,88.41,1.28,2.24,0.49,97.46
20161022,27.42,4.7611,2.0566,2.5464,0.45,23.95,25.3,22.38,96.31,1.35,2.07,0.51,97.53
20161023,9.13,3.9125,0.8251,2.5541,0.37,23.68,26.82,21.19,90.29,1.03,1.91,0.4,97.5
20161024,9.05,5.7466,4.649,2.191,0.55,24.51,27.36,22.42,90.15,1.32,2.24,0.54,97.43
20161025,35.81,3.0974,0.251,2.2757,0.29,23.85,25.19,22.85,95.04,1.13,2.0,0.5,97.53
20161026,21.68,6.4795,5.9345,1.7664,0.62,25.16,27.87,23.12,89.26,1.45,2.75,0.62,97.49
20161027,29.08,3.949,0.3475,2.8109,0.38,24.19,25.88,22.83,94.53,1.14,1.75,0.49,97.48
20161028,22.82,4.6493,1.9937,2.5586,0.44,24.22,27.04,22.45,91.11,1.03,1.71,0.37,97.43
20161029,15.46,6.0852,4.8943,2.2238,0.58,24.32,26.79,22.44,92.52,1.4,2.47,0.59,97.35
20161030,27.98,5.8392,4.3644,2.365,0.56,24.7,27.71,22.18,91.25,1.4,2.24,0.54,97.4
20161031,38.78,3.9458,1.2638,2.4449,0.38,24.06,25.75,21.41,96.0,1.57,2.5,0.65,97.37
20161101,4.91,4.1758,0.9451,2.64,0.4,23.03,25.24,21.48,89.41,0.79,1.38,0.27,97.27
20161102,28.16,4.4772,1.4746,2.6381,0.43,23.96,25.9,22.28,93.35,1.27,2.3,0.55,97.29
20161103,6.42,3.5875,0.3478,2.5591,0.34,24.25,26.83,22.84,94.44,1.51,2.53,0.63,97.42
20161104,1.66,5.2728,2.0933,3.2002,0.5,24.08,26.53,22.08,92.05,1.23,2.07,0.49,97.42
20161105,4.54,5.1994,2.3249,2.9815,0.49,24.44,27.49,22.71,92.71,0.87,1.12,0.38,97.45
20161106,6.12,5.3736,2.1043,2.8164,0.51,25.22,28.82,22.14,88.14,1.07,1.64,0.46,97.47
20161107,4.83,5.2574,3.1726,2.4643,0.5,25.53,28.71,23.12,88.84,1.45,2.12,0.58,97.55
20161108,0.92,5.7329,3.5093,2.4362,0.55,25.37,28.23,24.0,90.47,1.26,1.86,0.53,97.58
20161109,0.21,5.5634,3.2249,2.67,0.53,25.16,27.72,22.55,87.95,1.06,1.84,0.45,97.53
20161110,32.43,4.0985,1.3522,2.3527,0.39,25.1,26.81,23.45,90.06,1.14,2.01,0.47,97.51
20161111,33.53,3.7162,0.7361,2.4773,0.35,23.91,25.55,22.85,92.58,1.14,1.53,0.45,97.61
20161112,3.48,6.1418,5.3018,2.1473,0.59,25.1,28.62,22.55,86.11,1.35,2.32,0.57,97.54
20161113,20.38,6.2916,5.3678,1.9759,0.6,25.56,29.25,22.92,86.57,1.19,1.98,0.47,97.45
20161114,15.53,5.622,3.8765,2.2075,0.54,25.48,28.71,22.99,89.71,1.13,1.63,0.48,97.37
20161115,11.07,5.5697,3.6679,2.2459,0.53,25.14,27.99,23.64,91.01,1.1,1.86,0.39,97.38
20161116,34.52,5.2315,1.8612,2.9302,0.5,25.24,27.59,23.5,88.73,1.05,1.87,0.4,97.39
20161117,19.59,5.5795,4.2828,2.1763,0.53,24.87,27.68,23.08,89.25,1.04,1.96,0.44,97.4
20161118,4.33,5.6659,4.3826,2.0947,0.54,25.24,27.32,23.46,92.18,1.41,2.59,0.56,97.26
20161119,19.18,3.9938,0.9029,2.4026,0.38,24.61,25.91,23.43,95.18,1.59,3.07,0.61,97.3
20161120,5.63,6.0814,5.1624,2.0431,0.58,25.02,28.55,23.09,89.11,1.19,2.22,0.47,97.33
20161121,5.3,4.2792,1.4189,2.8195,0.41,24.74,27.22,22.86,90.13,1.0,1.45,0.45,97.32
20161122,1.84,6.4001,5.6585,2.2198,0.61,25.42,29.36,22.08,87.45,1.34,2.1,0.53,97.19
20161123,1.99,4.9385,2.2277,3.0036,0.47,25.01,27.35,22.83,90.72,0.86,1.21,0.34,97.23
20161124,6.75,4.6584,1.399,2.6954,0.45,25.23,27.72,23.89,92.21,1.51,2.09,0.58,97.25
20161125,10.3,4.6596,0.4764,3.3809,0.45,24.27,27.16,22.61,88.26,0.74,1.48,0.28,97.33
20161126,16.95,5.8466,3.833,2.5586,0.56,25.83,28.57,23.53,88.75,1.13,2.14,0.5,97.38
20161127,2.82,6.6545,5.9662,2.1965,0.64,25.87,29.17,23.65,88.25,1.06,1.81,0.48,97.4
20161128,1.65,6.2957,5.0779,2.5044,0.61,26.03,29.68,22.95,86.94,1.13,1.89,0.43,97.38
20161129,16.95,4.2754,0.8873,2.5944,0.41,25.56,27.68,24.07,92.8,1.23,1.58,0.59,97.44
20161130,9.67,5.3038,1.5948,3.593,0.51,25.75,28.14,23.83,89.65,1.05,1.88,0.47,97.45
20161201,2.08,5.7108,3.7526,2.6659,0.55,25.69,28.8,23.24,85.85,1.05,1.65,0.35,97.39
20161202,20.41,4.2643,1.0325,2.6515,0.41,25.68,28.46,23.87,89.25,1.33,2.66,0.54,97.41
20161203,22.94,5.119,2.9916,2.5639,0.49,25.36,27.72,23.5,92.72,1.52,2.36,0.61,97.37
20161204,14.4,4.4282,1.3234,2.9042,0.43,25.78,28.82,23.94,88.82,0.81,1.67,0.36,97.39
20161205,38.37,4.3956,1.1609,2.8958,0.42,25.04,27.1,23.75,91.1,0.82,1.51,0.43,97.36
20161206,23.85,2.3887,0.0847,1.7695,0.23,25.2,27.32,23.26,92.21,1.25,2.35,0.48,97.36
20161207,6.72,3.5486,0.2525,2.6086,0.34,25.06,27.71,23.54,89.99,1.1,1.87,0.5,97.32
20161208,8.96,5.562,4.2787,2.1845,0.54,24.77,27.44,22.83,91.48,1.61,2.8,0.64,97.18
20161209,16.66,3.1594,0.4003,2.2342,0.3,23.81,26.35,22.19,93.15,1.24,2.24,0.47,97.29
20161210,46.27,5.9412,4.5506,2.2198,0.57,24.94,27.97,22.66,90.07,1.09,1.85,0.48,97.29
20161211,18.05,6.1128,4.7186,2.5934,0.59,25.44,28.93,23.57,89.2,0.96,1.55,0.43,97.3
20161212,9.8,5.9818,5.0467,2.1415,0.58,24.88,27.53,22.94,90.82,1.17,1.63,0.47,97.4
20161213,16.12,6.09,4.4686,2.3827,0.59,24.77,27.5,22.7,90.39,1.07,1.83,0.44,97.43
20161214,19.76,4.3032,1.205,2.8037,0.42,24.58,26.77,22.83,93.32,1.43,2.05,0.57,97.45
20161215,7.75,5.2243,2.3834,2.8663,0.5,24.03,26.1,22.37,92.06,0.89,1.61,0.44,97.45
20161216,46.16,4.0308,0.7814,2.8025,0.39,24.39,27.1,22.72,90.92,0.8,1.8,0.35,97.43
20161217,13.15,5.393,2.2901,3.0706,0.52,24.83,27.92,21.63,88.7,0.96,1.62,0.45,97.36
20161218,2.99,4.963,2.2915,3.066,0.48,25.23,27.58,23.8,89.62,1.09,1.8,0.49,97.35
20161219,4.35,6.4106,5.7062,2.4067,0.62,24.78,28.23,22.87,90.06,1.05,1.77,0.37,97.3
20161220,1.33,6.4874,5.7576,2.1679,0.63,25.66,29.8,22.21,83.88,1.16,1.6,0.38,97.18
20161221,16.55,4.6027,1.8053,2.8378,0.44,25.57,29.08,23.04,86.74,0.87,1.41,0.34,97.37
20161222,4.06,4.9759,2.5298,2.7854,0.48,24.53,28.02,21.48,84.94,1.19,1.71,0.44,97.33
20161223,6.16,3.7092,0.4286,2.7389,0.36,24.21,27.24,22.11,88.47,0.85,1.46,0.3,97.35
20161224,2.62,6.1464,4.453,2.5022,0.59,24.89,28.21,22.08,83.53,1.06,1.5,0.4,97.3
20161225,12.13,4.9106,2.4665,2.653,0.47,24.83,26.95,23.09,91.33,1.24,1.86,0.53,97.31
20161226,15.95,4.1263,1.1009,2.8613,0.4,25.37,27.53,23.6,91.17,1.05,1.92,0.49,97.23
20161227,13.18,4.6961,2.6918,2.5723,0.45,24.71,26.44,23.2,94.13,1.31,2.34,0.55,97.31
20161228,34.01,5.4775,4.0411,2.551,0.53,24.18,27.33,21.85,89.97,1.05,1.62,0.45,97.37
20161229,14.18,4.5698,0.9161,3.0804,0.44,24.59,27.6,22.43,89.38,1.14,1.83,0.46,97.37
20161230,9.85,5.5687,2.9542,3.2302,0.54,25.1,29.01,21.6,87.68,1.47,2.07,0.57,97.17
20161231,21.3,4.8139,0.9461,3.0979,0.46,24.84,26.58,23.6,93.74,1.06,1.91,0.5,97.19
20170101,6.51,5.911,4.1954,2.8126,0.57,25.25,28.84,22.66,88.29,1.31,2.02,0.55,97.11
20170102,5.28,5.7607,3.7418,2.573,0.55,25.52,29.45,22.35,88.14,1.03,1.89,0.41,97.07
20170103,13.42,6.2071,5.129,2.3021,0.6,25.84,29.64,22.83,87.19,1.19,2.11,0.43,97.07
20170104,11.27,6.629,6.2518,1.961,0.64,26.02,29.17,23.82,89.24,1.22,2.05,0.44,97.09
20170105,5.68,3.6137,0.8263,2.3122,0.35,25.58,28.82,23.41,87.64,1.17,1.82,0.47,97.24
20170106,23.37,5.465,2.5558,3.0482,0.52,24.69,28.58,21.56,88.12,1.61,2.51,0.65,97.16
20170107,17.73,5.1185,2.2152,3.0098,0.49,24.54,27.57,21.79,89.7,1.4,1.87,0.56,97.11
20170108,3.29,4.5396,0.5477,3.307,0.44,25.6,28.73,23.95,86.22,1.26,2.02,0.57,97.11
20170109,5.68,4.8077,3.5882,2.0153,0.46,25.65,28.17,23.54,88.78,1.12,2.06,0.51,97.09
20170110,3.73,5.7278,3.6886,2.5807,0.55,25.57,28.95,22.64,88.48,1.15,2.23,0.53,97.21
20170111,12.48,4.7952,1.3481,2.8942,0.46,25.15,27.81,23.46,92.95,1.09,2.12,0.6,97.26
20170112,11.26,4.7837,1.8763,2.76,0.46,24.64,26.9,23.4,93.12,1.4,1.89,0.6,97.27
20170113,12.34,5.4245,2.0465,3.1385,0.52,23.66,25.47,22.46,91.98,0.99,1.37,0.36,97.4
20170114,13.57,3.1171,0.3125,2.2176,0.3,23.65,27.12,21.0,90.2,0.99,1.78,0.38,97.49
20170115,5.42,5.4096,1.8878,3.3998,0.52,24.6,27.98,22.27,87.77,1.31,2.21,0.47,97.42
20170116,7.5,5.6374,3.1164,3.1769,0.54,24.4,27.58,22.14,87.89,1.15,2.16,0.44,97.43
20170117,3.4,4.2115,0.5928,3.0259,0.4,24.0,26.31,22.37,92.11,0.91,1.6,0.43,97.54
20170118,12.17,5.9266,4.9274,2.1538,0.56,24.95,28.38,22.22,90.33,1.53,2.21,0.6,97.6
20170119,13.28,4.3649,0.3852,3.035,0.42,23.88,25.37,22.39,95.16,1.23,2.0,0.5,97.62
20170120,11.2,6.4411,5.5042,2.2529,0.61,24.76,28.19,21.27,86.47,1.1,1.63,0.39,97.5
20170121,17.65,3.5827,0.2086,2.6474,0.34,23.73,24.57,23.1,96.51,1.19,1.37,0.52,97.58
20170122,3.96,6.1853,3.9461,2.694,0.59,24.46,27.57,22.87,89.67,1.09,2.03,0.43,97.63
20170123,41.17,5.3146,2.6618,3.0694,0.5,24.45,25.9,23.17,96.03,1.23,1.92,0.57,97.44
20170124,29.89,5.2678,2.1566,2.929,0.5,24.17,25.39,23.07,96.77,1.28,2.16,0.5,97.48
20170125,9.35,3.0499,0.2578,2.1746,0.29,23.56,25.9,21.7,92.89,1.01,1.46,0.4,97.52
20170126,2.1,5.5798,3.2549,2.927,0.53,24.47,28.34,20.94,84.82,1.05,1.44,0.4,97.43
20170127,1.58,6.3986,6.108,2.443,0.61,25.1,28.94,22.11,86.43,1.2,1.93,0.42,97.41
20170128,15.8,4.6963,1.7366,2.849,0.44,24.54,26.96,22.99,92.72,1.14,2.24,0.47,97.38
20170129,34.62,5.7953,3.1565,3.0206,0.55,24.89,27.91,22.39,91.55,1.12,1.95,0.46,97.33
20170130,6.44,4.6762,0.9766,3.1522,0.44,25.36,26.83,24.27,92.84,1.16,1.94,0.54,97.22
20170131,19.63,4.4686,0.5093,3.1495,0.42,24.97,26.58,23.92,91.24,1.04,2.08,0.48,97.21
20170201,26.55,4.3642,1.157,3.0451,0.41,24.74,27.96,22.71,90.18,1.1,1.94,0.5,97.35
20170202,3.8,5.6474,2.8339,3.1454,0.53,24.59,28.23,21.58,85.0,1.06,1.45,0.35,97.31
20170203,13.84,4.2574,1.9735,2.6302,0.4,24.66,28.06,21.81,87.12,1.28,1.79,0.48,97.28
20170204,5.44,3.8914,0.2765,2.8606,0.37,25.02,28.87,22.2,88.15,1.22,2.3,0.53,97.21
20170205,1.21,6.181,3.3048,3.3221,0.58,25.06,28.99,22.22,84.89,1.04,1.53,0.3,97.11
20170206,0.27,6.151,3.7565,3.4231,0.58,25.82,29.89,22.82,83.22,1.03,1.48,0.32,97.17
20170207,4.75,5.4242,1.6901,3.4085,0.51,25.64,29.51,23.22,85.1,1.04,1.73,0.35,97.29
20170208,21.98,3.0624,0.1486,2.2308,0.29,23.73,26.05,22.29,91.3,0.98,1.31,0.38,97.45
20170209,5.1,4.4062,0.5635,3.2542,0.41,24.03,27.61,21.54,85.34,1.19,1.71,0.47,97.37
20170210,3.14,4.3555,1.6294,2.5421,0.41,24.77,28.45,22.39,86.85,1.25,2.34,0.56,97.36
20170211,8.0,5.3734,2.5481,3.0034,0.5,24.89,27.54,22.72,89.48,1.34,2.09,0.58,97.49
20170212,3.21,5.9047,3.5412,3.1994,0.55,25.75,29.5,23.07,87.3,0.98,1.85,0.44,97.45
20170213,15.5,5.4218,3.0516,2.7528,0.51,25.04,27.18,23.09,89.66,1.06,1.97,0.48,97.52
20170214,16.34,6.0821,4.7818,2.2608,0.57,25.21,28.68,22.71,89.66,1.21,2.25,0.43,97.69
20170215,5.82,6.1272,4.1251,2.645,0.58,25.25,28.28,23.11,87.0,0.76,1.58,0.34,97.69
20170216,3.15,6.6614,5.8901,2.1067,0.63,24.84,28.37,22.38,88.67,1.18,2.13,0.46,97.59
20170217,9.56,5.6664,2.9827,2.7535,0.53,24.91,27.56,23.06,91.48,1.21,1.92,0.45,97.61
20170218,25.28,5.1989,2.5058,2.659,0.49,24.29,26.29,22.08,94.3,1.57,2.87,0.59,97.64
20170219,19.76,6.0583,4.9116,2.1257,0.57,24.48,26.67,21.83,88.57,1.04,1.85,0.49,97.48
20170220,14.44,5.1499,2.7362,2.4362,0.48,24.98,28.54,22.0,88.85,1.5,2.27,0.58,97.44
20170221,9.59,6.215,4.3459,2.6251,0.58,23.97,26.03,22.2,90.68,0.92,1.93,0.36,97.61
20170222,5.66,4.6368,1.3745,2.9486,0.44,24.41,27.67,21.88,90.6,1.14,2.34,0.47,97.62
20170223,2.75,5.5142,3.2906,2.2488,0.52,26.13,29.3,23.82,85.97,1.19,1.95,0.57,97.5
20170224,27.96,3.702,0.8928,2.4178,0.35,25.02,27.97,22.27,89.74,1.39,2.02,0.57,97.56
20170225,10.5,4.7273,1.2509,2.8829,0.44,24.13,26.2,22.74,93.6,1.14,1.75,0.52,97.54
20170226,3.76,5.3405,2.1178,2.9738,0.5,23.9,26.72,21.9,84.63,0.93,1.52,0.4,97.41
20170227,21.31,5.0357,2.2651,2.604,0.47,24.91,27.9,22.83,90.55,1.64,2.68,0.75,97.35
20170228,7.57,3.7884,0.1966,2.67,0.36,24.6,27.07,22.52,92.46,1.27,2.08,0.62,97.27
20170301,3.61,5.8848,3.0312,3.323,0.55,24.67,27.46,23.07,90.96,1.46,2.51,0.69,97.22
20170302,9.85,5.0614,1.2883,3.2827,0.48,25.54,28.66,22.84,89.08,1.27,2.45,0.56,97.01
20170303,16.67,4.0442,1.945,2.2754,0.38,26.1,28.92,24.09,88.35,0.91,1.96,0.44,96.87
20170304,4.54,5.0069,1.3128,3.3384,0.47,24.65,27.75,22.66,91.03,1.07,1.94,0.42,97.04
20170305,6.09,6.1579,3.6166,2.8586,0.58,25.22,28.67,23.45,88.99,1.12,1.86,0.49,97.24
20170306,2.63,5.7252,3.8549,2.4163,0.54,25.44,28.82,22.65,86.12,1.18,1.69,0.43,97.22
20170307,18.97,4.7885,1.6013,2.9933,0.45,23.83,25.63,22.46,95.21,1.27,2.24,0.51,97.28
20170308,10.21,5.0383,0.8762,3.5184,0.48,23.5,25.9,21.47,93.14,1.18,1.76,0.5,97.34
20170309,10.55,6.2071,5.513,2.3414,0.59,24.66,27.71,23.0,91.14,1.43,2.44,0.58,97.37
20170310,8.28,5.5078,2.6585,2.6724,0.52,24.2,26.78,22.22,91.7,1.29,2.06,0.51,97.46
20170311,11.28,4.0181,0.2923,2.8824,0.38,23.97,26.12,22.1,94.45,1.59,2.64,0.65,97.48
20170312,5.58,4.4362,0.8978,2.73,0.42,24.08,25.95,22.95,92.29,1.25,1.93,0.51,97.47
20170313,13.22,5.4943,3.822,2.1948,0.52,24.17,26.39,22.35,94.47,1.39,2.15,0.58,97.45
20170314,10.52,3.8335,0.4987,2.7281,0.36,23.8,26.39,22.51,94.03,1.42,2.58,0.66,97.56
20170315,20.34,4.5799,0.9334,3.0425,0.44,23.48,26.57,21.58,92.48,1.24,2.07,0.58,97.56
20170316,18.94,4.9872,1.1292,3.3276,0.47,23.55,26.96,20.45,87.45,1.07,1.73,0.42,97.53
20170317,28.68,5.9774,4.0762,2.3321,0.57,24.21,26.88,21.84,87.35,0.96,1.44,0.45,97.48
20170318,22.36,5.2985,1.8113,3.1195,0.51,24.74,27.48,22.84,88.62,0.94,1.6,0.46,97.53
20170319,10.71,6.6046,5.7274,1.9452,0.63,24.59,28.13,22.27,89.72,0.99,1.76,0.44,97.57
20170320,23.08,4.9949,2.5166,2.5618,0.48,23.11,25.21,21.09,93.01,0.59,1.12,0.22,97.59
20170321,26.06,6.5122,5.3489,2.1211,0.62,24.21,28.51,20.37,89.09,1.3,1.93,0.5,97.51
20170322,13.31,5.8826,4.3282,2.5068,0.56,24.47,28.28,21.4,88.19,1.25,1.88,0.49,97.52
20170323,23.39,5.3609,3.7226,2.1101,0.52,24.67,27.43,21.94,89.85,1.33,1.82,0.53,97.56
20170324,18.32,6.0607,4.1863,2.4254,0.58,24.48,26.47,23.16,92.7,1.05,1.87,0.49,97.58
20170325,13.41,6.0463,4.8977,2.0842,0.58,25.7,28.67,23.56,87.92,1.27,2.06,0.5,97.47
20170326,10.31,4.2578,1.0385,2.8409,0.41,24.68,26.55,21.93,92.48,1.25,1.83,0.55,97.65
20170327,21.13,2.718,0.0322,2.0316,0.26,24.44,27.71,21.8,85.72,1.18,1.73,0.42,97.66
20170328,6.07,5.0779,1.6488,3.1082,0.49,24.63,27.23,22.59,92.85,1.49,2.54,0.65,97.51
20170329,2.88,5.5586,2.3753,3.1829,0.54,25.6,29.4,22.68,86.11,1.48,2.82,0.63,97.37
20170330,5.66,4.5168,1.2662,2.5498,0.44,25.24,28.05,23.9,90.05,1.18,2.22,0.55,97.53
20170331,7.52,4.7947,1.5108,2.8219,0.47,25.18,28.3,23.03,90.87,0.99,1.62,0.48,97.49
20170401,13.94,4.7707,1.2526,3.0624,0.47,24.53,25.45,23.88,95.28,1.31,1.73,0.53,97.43
20170402,29.99,4.4323,0.8258,2.9813,0.43,24.77,26.16,23.56,95.69,1.09,1.55,0.5,97.42
20170403,33.15,4.4366,0.8988,3.0221,0.44,24.61,26.38,23.56,93.05,1.15,2.08,0.5,97.49
20170404,11.36,6.025,4.8967,2.2318,0.59,24.55,26.69,23.07,93.56,1.39,1.91,0.58,97.46
20170405,17.95,4.3092,0.6682,2.9758,0.42,25.36,27.93,23.65,91.42,1.07,2.25,0.52,97.25
20170406,71.05,4.3841,0.7397,3.035,0.43,25.88,28.71,24.29,88.96,1.16,2.35,0.52,97.13
20170407,34.1,4.3999,0.9473,2.9626,0.44,25.41,28.58,23.73,90.9,1.05,2.09,0.52,97.28
20170408,10.48,5.7209,3.4145,2.7226,0.57,25.79,28.53,24.31,88.67,1.04,2.14,0.44,97.27
20170409,14.94,5.5968,3.2465,3.2892,0.56,26.51,29.7,24.79,83.12,0.66,1.14,0.36,97.18
20170410,11.9,4.8151,1.8948,2.6597,0.48,25.77,27.94,24.45,86.97,0.5,1.09,0.3,97.22
20170411,19.15,5.0107,2.4084,2.628,0.5,25.26,27.95,23.85,90.57,0.9,1.78,0.51,97.35
20170412,7.59,3.4877,0.3283,2.513,0.35,24.54,26.84,22.94,91.44,0.62,1.07,0.29,97.53
20170413,0.78,5.6136,4.4261,2.0688,0.56,24.78,28.34,21.53,84.53,1.2,1.55,0.43,97.55
20170414,39.64,4.0061,1.1686,2.4497,0.4,24.12,25.16,22.95,95.79,1.39,2.28,0.55,97.58
20170415,7.69,5.0004,2.9129,2.5529,0.5,24.2,27.35,22.05,91.07,1.24,2.22,0.47,97.48
20170416,5.92,5.9645,4.1419,2.3911,0.6,24.95,29.39,22.42,88.93,1.24,2.59,0.55,97.49
20170417,10.6,5.1571,3.4884,2.3851,0.52,25.15,28.55,22.68,85.61,1.15,2.11,0.41,97.46
20170418,6.98,4.9243,1.6572,2.9827,0.5,24.83,27.78,22.08,88.11,1.18,1.71,0.47,97.48
20170419,47.6,4.2427,0.6802,2.9066,0.43,24.02,25.13,23.05,92.81,0.83,1.24,0.39,97.6
20170420,5.13,4.1522,1.5864,2.3398,0.42,24.59,26.64,23.19,89.68,1.29,2.08,0.53,97.63
20170421,21.76,5.4444,4.1561,2.3414,0.56,25.07,27.72,23.02,89.03,1.4,2.37,0.57,97.53
20170422,17.86,4.0692,1.6841,2.3928,0.42,24.38,27.01,22.46,91.42,1.06,1.91,0.46,97.54
20170423,0.56,4.8895,1.812,2.9995,0.5,24.83,28.31,22.19,87.61,1.43,2.53,0.54,97.44
20170424,38.81,5.0914,4.2451,1.921,0.52,25.73,28.41,23.89,90.31,0.83,1.86,0.41,97.34
20170425,27.44,5.6923,4.7446,1.9898,0.59,25.52,28.49,23.23,88.35,0.96,1.68,0.43,97.42
20170426,6.04,5.7636,3.905,2.5913,0.6,25.81,28.81,24.07,85.88,0.98,1.99,0.43,97.42
20170427,7.65,5.5932,3.6002,2.5344,0.58,24.86,26.64,23.54,93.22,1.1,1.94,0.46,97.5
20170428,7.63,4.3313,1.8295,2.4864,0.45,24.42,27.66,22.24,89.97,0.85,1.65,0.32,97.64
20170429,28.89,2.947,0.7666,2.0383,0.31,24.7,27.88,22.21,89.81,1.1,2.2,0.42,97.64
20170430,1.07,3.9636,0.9041,2.5735,0.41,24.93,27.75,23.02,87.96,1.05,1.93,0.46,97.7
20170501,23.96,5.4502,4.8286,1.8302,0.57,24.89,27.84,22.51,89.72,1.36,2.54,0.52,97.69
20170502,31.14,4.2914,1.3078,2.6321,0.45,24.61,27.78,23.07,89.81,0.76,1.15,0.37,97.69
20170503,1.21,6.5426,7.1544,1.3166,0.69,24.9,28.4,22.07,87.93,1.09,1.88,0.45,97.61
20170504,2.06,5.0222,4.1179,2.0825,0.53,24.78,27.91,22.47,90.32,1.12,1.65,0.52,97.64
20170505,15.39,5.209,4.5866,1.8912,0.55,23.98,25.63,23.07,94.25,0.96,1.63,0.42,97.63
20170506,20.49,5.1379,4.055,1.9382,0.55,24.39,26.99,22.61,91.63,1.26,1.94,0.55,97.61
20170507,6.97,5.1756,2.627,2.7643,0.55,24.39,27.16,21.96,91.13,1.14,1.48,0.51,97.58
20170508,15.18,5.0818,3.5035,2.3359,0.54,25.1,28.17,22.91,89.97,1.35,2.06,0.65,97.47
20170509,46.43,5.1763,3.6775,2.3544,0.55,24.97,26.68,23.93,95.99,1.44,1.92,0.57,97.49
20170510,56.93,4.9841,2.7017,2.6381,0.54,24.04,25.62,23.22,96.03,1.31,2.0,0.52,97.57
20170511,23.07,5.7202,5.1799,2.0395,0.62,24.63,26.53,23.16,94.05,1.07,1.77,0.45,97.54
20170512,5.72,5.2726,4.9586,1.8497,0.57,25.26,27.21,24.23,94.74,1.3,1.65,0.56,97.42
20170513,12.76,4.0483,1.2898,2.6318,0.44,24.84,26.24,24.01,96.57,1.25,1.75,0.51,97.4
20170514,9.55,3.9701,0.7157,2.8274,0.43,25.18,27.81,23.69,93.48,1.41,2.65,0.59,97.4
20170515,30.71,3.703,0.7766,2.471,0.4,25.24,27.55,24.09,93.87,1.22,2.22,0.5,97.43
20170516,30.06,4.3915,1.5703,2.545,0.48,24.65,26.08,23.0,95.94,1.42,2.94,0.55,97.35
20170517,3.22,5.2318,3.7087,2.4737,0.57,24.85,27.07,22.57,91.86,1.24,1.65,0.47,97.42
20170518,3.76,4.4251,2.6695,2.1924,0.48,25.41,27.18,24.16,95.49,1.6,2.61,0.64,97.51
20170519,8.08,4.6642,1.9745,2.6981,0.51,25.08,27.0,23.81,93.94,1.03,1.47,0.45,97.47
20170520,7.38,4.915,2.8104,2.4809,0.54,25.2,27.59,23.75,92.29,1.1,1.8,0.5,97.37
20170521,25.0,5.2253,4.1626,2.2546,0.58,24.33,26.14,23.08,94.59,1.1,1.67,0.46,97.35
20170522,19.99,4.5166,2.2178,2.4514,0.5,24.54,27.92,22.56,92.47,1.0,2.08,0.36,97.44
20170523,3.02,3.8508,0.9667,2.6011,0.43,24.84,27.26,22.73,90.75,0.99,1.59,0.36,97.46
20170524,12.13,4.5547,2.676,2.2841,0.51,24.58,25.84,23.7,96.01,0.89,1.27,0.38,97.5
20170525,15.84,5.2356,4.6783,1.9404,0.58,24.95,27.45,23.46,94.63,1.36,2.56,0.56,97.43
20170526,22.58,4.2638,2.5238,2.0724,0.48,24.61,26.45,23.63,95.18,0.96,1.48,0.38,97.47
20170527,31.94,4.5562,2.7595,2.3232,0.51,24.3,25.48,23.16,97.27,1.01,1.45,0.41,97.44
20170528,13.17,5.0998,4.535,1.8442,0.57,25.03,27.3,23.93,94.58,1.42,1.73,0.54,97.42
20170529,11.2,2.9083,0.7963,1.8814,0.33,24.59,25.59,24.13,96.52,1.32,1.88,0.5,97.48
20170530,17.71,4.0375,1.6514,2.4509,0.45,25.3,26.73,24.28,96.79,1.38,2.0,0.61,97.4
20170531,51.8,4.0387,1.3274,2.3141,0.45,24.65,25.57,23.66,96.58,1.67,2.31,0.65,97.55
20170601,7.5,3.6636,1.4954,2.1062,0.41,24.78,27.6,22.55,90.86,1.16,1.78,0.46,97.55
20170602,34.26,4.4726,2.7542,2.2745,0.5,23.88,25.03,22.67,95.64,0.96,1.37,0.36,97.56
20170603,27.3,4.3862,1.9843,2.5042,0.5,23.89,25.55,22.41,94.12,0.81,1.2,0.36,97.55
20170604,34.08,3.4762,0.3972,2.4958,0.39,23.61,24.89,22.47,96.58,1.15,1.82,0.46,97.49
20170605,18.44,3.6998,0.5599,2.6659,0.42,23.67,25.15,22.87,96.46,1.33,2.09,0.55,97.49
20170606,12.09,3.1253,0.6487,2.1953,0.35,23.42,24.58,22.89,95.64,1.41,2.07,0.59,97.67
20170607,24.16,2.7658,0.5534,1.8062,0.31,22.85,23.87,22.15,94.85,1.4,2.0,0.57,97.69
20170608,24.27,3.7464,1.1117,2.3028,0.43,23.12,24.54,22.2,95.89,1.26,2.15,0.55,97.67
20170609,10.64,4.477,3.3497,2.087,0.51,24.19,27.09,22.14,93.3,1.41,2.23,0.54,97.63
20170610,17.13,3.5189,1.8864,1.8221,0.4,23.66,26.22,22.69,93.14,1.4,2.02,0.51,97.72
20170611,13.66,3.9694,2.7214,1.9706,0.45,23.29,24.44,22.68,96.62,1.16,1.56,0.47,97.66
20170612,15.04,2.9374,0.7421,1.9008,0.34,23.65,24.83,22.74,96.26,1.48,2.39,0.57,97.67
20170613,27.61,3.9242,1.9433,2.028,0.45,24.2,26.28,22.91,95.74,0.83,1.48,0.29,97.61
20170614,27.93,3.0854,0.4015,2.2301,0.35,24.47,26.23,23.41,95.34,0.91,1.51,0.39,97.57
20170615,8.85,1.8715,0.2765,1.3495,0.21,24.03,25.96,22.87,95.35,0.78,1.17,0.29,97.55
20170616,10.69,4.2986,1.8185,2.5649,0.49,24.06,25.77,22.76,96.02,0.91,1.34,0.39,97.47
20170617,22.4,2.8963,0.8258,1.8886,0.33,24.02,25.04,23.11,97.45,1.47,2.03,0.55,97.5
20170618,53.72,4.3826,2.1041,2.2682,0.5,23.53,24.27,22.72,97.14,1.4,2.28,0.57,97.57
20170619,6.57,4.6529,3.4714,2.1362,0.53,23.54,25.11,22.46,96.51,1.23,2.07,0.52,97.5
20170620,4.55,4.6848,3.1646,2.2505,0.54,23.76,25.37,22.59,96.28,1.25,1.66,0.5,97.51
20170621,5.1,3.0775,0.673,2.047,0.35,23.9,25.87,22.06,95.52,1.43,2.21,0.61,97.55
20170622,6.77,4.451,3.1301,2.0774,0.51,25.04,28.18,23.17,91.0,1.11,2.13,0.51,97.47
20170623,11.88,3.5786,0.9893,2.124,0.41,23.6,24.77,22.28,96.27,1.22,2.13,0.51,97.57
20170624,31.24,4.6498,3.9838,1.8384,0.53,23.09,24.72,21.66,96.02,1.13,2.05,0.52,97.44
20170625,33.94,2.9856,0.9209,1.897,0.34,23.08,24.04,22.14,97.1,1.24,1.7,0.47,97.54
20170626,10.81,4.6699,3.4044,2.0683,0.54,23.07,24.86,21.72,95.68,1.09,1.8,0.45,97.67
20170627,1.99,4.3762,3.6982,1.8713,0.5,24.05,27.12,22.12,92.74,1.4,2.34,0.58,97.61
20170628,4.85,3.1786,0.5899,2.0654,0.36,23.3,24.78,22.38,93.4,0.94,1.53,0.44,97.66
20170629,0.96,3.8537,2.2361,1.9877,0.44,23.9,27.33,20.89,91.33,1.09,1.79,0.44,97.56
20170630,17.46,3.7358,3.1003,1.6658,0.43,24.02,25.42,22.93,95.32,1.35,2.02,0.49,97.47
20170701,18.18,3.1322,0.4399,2.2181,0.36,23.56,25.37,22.37,95.01,1.04,1.59,0.39,97.55
20170702,3.43,5.0693,3.8105,1.9973,0.58,23.73,25.78,22.04,93.4,1.25,2.34,0.5,97.59
20170703,3.02,5.028,4.9632,1.7549,0.57,24.23,27.09,22.49,92.27,1.18,1.8,0.45,97.58
20170704,12.7,4.1796,2.1204,2.3856,0.48,23.95,25.84,22.68,94.87,1.28,2.02,0.52,97.65
20170705,14.64,5.0443,3.5654,2.2452,0.58,24.16,27.31,21.94,91.08,1.18,1.8,0.5,97.66
20170706,17.73,2.9623,0.7502,1.8132,0.34,24.02,26.28,22.57,94.09,1.38,2.48,0.58,97.67
20170707,69.64,5.1238,4.9272,1.7201,0.58,23.94,27.11,21.85,92.43,1.32,2.32,0.55,97.57
20170708,37.36,4.231,2.0381,2.3426,0.48,23.65,26.03,22.53,92.89,1.25,1.83,0.51,97.64
20170709,58.67,4.5828,3.8707,1.8494,0.52,23.44,25.83,22.3,95.48,1.36,2.15,0.56,97.59
20170710,29.98,3.7954,1.6632,2.1638,0.43,23.52,25.7,22.3,93.49,1.14,1.7,0.5,97.68
20170711,2.61,4.3978,3.8374,1.746,0.5,24.28,27.15,21.98,92.93,1.19,1.94,0.47,97.63
20170712,23.45,3.1776,1.1705,1.9332,0.36,24.37,26.72,23.04,93.86,1.63,2.6,0.65,97.55
20170713,37.92,2.7377,0.2899,1.9862,0.31,23.02,24.96,22.11,93.71,1.31,2.08,0.56,97.65
20170714,17.57,3.5887,2.6098,1.7597,0.4,23.02,25.65,21.9,94.2,1.38,2.51,0.61,97.51
20170715,39.83,3.937,2.3388,1.9613,0.44,22.7,24.76,21.52,95.0,1.29,2.09,0.56,97.58
20170716,30.41,3.4013,0.7476,2.3035,0.38,23.14,24.7,21.86,96.46,1.36,2.07,0.55,97.51
20170717,20.56,3.839,2.119,2.0825,0.43,24.26,27.21,22.36,93.59,1.6,2.72,0.63,97.5
20170718,57.32,1.5864,0.2942,1.1352,0.18,23.71,24.77,22.9,97.38,1.27,1.71,0.48,97.53
20170719,12.27,3.8669,0.8726,2.6611,0.43,23.78,25.55,23.08,95.53,1.71,2.35,0.63,97.49
20170720,42.02,3.9293,1.074,2.79,0.44,23.57,24.73,22.67,96.63,1.51,2.44,0.57,97.38
20170721,70.91,3.4094,0.5278,2.2846,0.38,23.08,23.97,22.33,97.05,1.25,1.74,0.46,97.53
20170722,72.45,3.666,0.3125,2.7202,0.41,23.44,25.29,22.55,96.4,1.46,2.26,0.55,97.58
20170723,54.2,3.0624,0.0228,2.3866,0.34,23.6,25.7,22.27,95.03,0.76,1.58,0.43,97.5
20170724,39.53,4.4371,2.9772,2.1703,0.49,23.33,24.87,22.38,95.38,1.13,1.98,0.42,97.51
20170725,46.67,2.8682,0.0221,2.2222,0.32,23.26,25.36,22.36,94.76,0.94,1.61,0.32,97.56
20170726,5.77,3.8429,1.7244,2.1578,0.42,24.24,27.11,22.15,91.44,1.23,2.32,0.56,97.45
20170727,21.97,3.8592,3.0571,1.722,0.42,24.54,27.08,22.82,92.23,1.2,2.21,0.53,97.53
20170728,47.8,3.0504,0.6749,1.9738,0.33,23.1,24.44,22.24,95.65,1.37,1.8,0.57,97.66
20170729,28.94,3.6634,0.6278,2.3858,0.4,22.79,24.26,22.08,96.0,1.35,2.1,0.52,97.67
20170730,13.83,4.5706,2.4041,2.4312,0.5,23.11,24.66,22.12,96.45,1.37,2.74,0.55,97.57
20170731,29.94,4.157,2.3556,2.1353,0.45,23.39,25.56,22.1,95.1,1.4,2.65,0.54,97.63
20170801,28.53,4.032,2.1271,2.1314,0.44,22.81,23.92,21.9,95.12,1.0,1.62,0.42,97.68
20170802,24.11,5.1806,3.9583,2.1946,0.56,23.07,25.14,21.76,95.5,1.13,1.9,0.45,97.51
20170803,25.27,3.4049,0.6677,2.0914,0.37,23.11,25.17,21.84,95.37,1.34,2.17,0.52,97.59
20170804,12.42,4.9838,3.2844,2.3801,0.54,23.42,25.77,22.04,94.1,1.19,1.62,0.46,97.55
20170805,10.93,5.0494,3.2921,2.2886,0.54,24.01,27.07,22.25,93.27,0.93,1.27,0.41,97.58
20170806,8.99,4.1002,1.5888,2.3026,0.44,23.81,25.62,22.54,94.25,1.22,2.43,0.5,97.68
20170807,27.96,4.4309,2.2274,2.3314,0.48,24.32,26.9,22.78,92.65,0.97,1.87,0.42,97.63
20170808,24.08,3.0125,0.647,2.1202,0.32,24.02,26.17,22.65,93.71,1.1,1.89,0.47,97.66
20170809,9.48,4.1479,2.5085,2.0462,0.44,24.07,26.22,22.85,95.28,1.11,1.76,0.43,97.58
20170810,40.28,3.1752,0.6024,2.1442,0.34,23.41,24.8,22.48,95.55,0.86,1.23,0.3,97.56
20170811,39.96,4.1162,0.8184,2.6417,0.44,23.14,25.4,22.11,95.08,0.97,1.3,0.44,97.62
20170812,18.17,2.3206,0.1462,1.6846,0.25,23.31,25.2,22.24,96.08,1.32,1.68,0.55,97.62
20170813,25.64,2.0647,0.4574,1.3922,0.22,23.36,25.39,22.34,95.13,1.51,2.59,0.59,97.63
20170814,57.32,3.9043,1.3589,2.3306,0.41,23.26,25.49,21.96,94.86,1.41,2.26,0.59,97.56
20170815,47.14,3.9293,1.3073,2.2121,0.41,23.5,25.92,21.71,95.36,1.38,2.51,0.54,97.41
20170816,55.51,3.9948,0.6811,2.7346,0.42,23.09,24.29,22.02,96.9,1.2,1.61,0.45,97.45
20170817,7.25,4.0978,0.6418,2.545,0.43,23.08,24.3,21.93,96.79,1.16,2.43,0.46,97.5
20170818,27.16,4.2722,2.3328,2.179,0.45,23.36,25.57,21.67,93.86,1.24,2.19,0.5,97.52
20170819,63.45,3.5246,0.6166,2.3218,0.37,23.26,26.17,21.94,94.68,1.36,2.35,0.54,97.55
20170820,37.52,4.3457,1.5338,2.4571,0.45,23.0,25.04,21.85,94.67,1.35,2.16,0.57,97.53
20170821,26.64,3.7308,1.8341,1.9241,0.39,22.84,25.28,21.44,93.18,1.42,2.39,0.6,97.53
20170822,2.15,4.4729,3.4944,1.836,0.46,23.02,25.19,21.44,91.08,1.15,1.95,0.48,97.57
20170823,6.44,4.0486,3.4958,1.5518,0.42,22.83,24.88,21.51,93.43,1.3,2.09,0.55,97.64
20170824,5.47,3.653,2.2327,1.7438,0.38,23.08,26.2,21.52,91.49,1.31,2.32,0.52,97.57
20170825,7.59,3.5554,1.3541,1.9282,0.37,22.27,23.95,21.27,94.53,1.3,1.89,0.52,97.58
20170826,4.99,3.3019,1.4218,1.8127,0.34,22.66,25.85,21.02,91.49,1.38,2.43,0.58,97.58
20170827,8.18,3.5441,1.7371,1.8787,0.36,22.68,25.42,21.04,92.84,1.11,2.06,0.45,97.53
20170828,10.42,2.7516,1.0066,1.7165,0.28,22.83,25.37,21.37,93.16,1.51,2.65,0.69,97.49
20170829,47.76,2.7914,0.505,1.8737,0.28,22.58,25.67,20.91,93.03,1.2,2.32,0.48,97.55
20170830,16.11,3.8294,0.511,2.5356,0.39,23.02,25.05,21.74,93.69,0.72,1.3,0.37,97.6
20170831,19.17,3.8777,0.8035,2.4782,0.39,23.65,25.6,21.96,93.84,0.99,1.19,0.48,97.65
20170901,35.44,5.3962,4.0966,2.0578,0.55,24.27,27.18,22.6,93.33,1.66,2.62,0.61,97.55
20170902,38.25,4.9764,2.5493,2.4358,0.5,23.8,26.77,22.08,92.34,1.19,1.56,0.49,97.66
20170903,3.39,5.5884,4.2566,2.4233,0.56,22.97,25.95,20.71,91.32,0.86,1.45,0.36,97.65
20170904,19.36,4.3517,1.2214,2.6599,0.44,23.29,25.44,21.7,95.33,1.09,1.73,0.46,97.61
20170905,24.27,3.2383,1.2926,1.8353,0.32,23.25,25.2,22.23,95.15,1.45,2.61,0.58,97.56
20170906,30.48,6.025,4.549,2.1665,0.6,23.29,24.86,22.24,95.84,1.5,2.52,0.52,97.58
20170907,15.88,5.0232,3.2986,2.2147,0.5,23.92,26.73,22.03,94.59,1.32,2.2,0.52,97.61
20170908,46.77,4.4045,1.999,2.3549,0.44,23.56,24.96,22.7,95.3,1.29,1.75,0.55,97.59
20170909,2.3,3.8246,1.877,2.045,0.38,24.17,27.12,22.52,92.06,1.04,2.43,0.43,97.46
20170910,9.09,3.9614,1.9058,2.0136,0.39,24.11,27.09,22.34,93.23,1.37,2.49,0.52,97.45
20170911,30.56,5.389,4.4863,1.9126,0.53,23.97,26.15,22.43,94.36,1.29,2.19,0.47,97.44
20170912,18.7,4.645,2.6926,2.1864,0.46,24.29,27.22,22.27,93.09,1.3,2.06,0.5,97.47
20170913,12.34,4.2305,1.0162,2.7329,0.42,24.19,26.58,22.47,94.24,1.31,2.19,0.52,97.44
20170914,41.74,3.768,0.955,2.4449,0.37,23.47,24.62,21.94,96.36,1.25,2.46,0.49,97.54
20170915,14.85,4.0495,0.93,2.6587,0.4,22.93,25.97,21.18,92.78,1.03,1.73,0.45,97.59
20170916,12.05,4.5473,2.4874,2.4324,0.45,23.46,25.6,21.93,94.56,1.4,2.76,0.57,97.59
20170917,11.26,2.8654,0.1094,2.0702,0.28,23.42,25.12,22.33,94.8,1.27,2.05,0.55,97.67
20170918,17.78,4.8005,2.9741,2.1626,0.47,23.67,25.87,22.24,95.25,1.43,2.29,0.53,97.65
20170919,25.73,3.9562,0.8374,2.5361,0.39,23.73,26.22,22.07,94.63,1.45,2.55,0.53,97.61
20170920,7.37,5.839,3.5513,2.5836,0.57,24.16,27.97,21.9,91.17,1.14,2.21,0.47,97.51
20170921,21.57,3.8698,0.7644,2.7346,0.38,23.8,26.35,21.88,92.74,1.15,2.07,0.44,97.48
20170922,2.2,5.5918,3.7327,2.3374,0.54,24.6,27.74,22.46,89.32,1.21,2.18,0.48,97.56
20170923,7.67,4.475,1.5876,2.6357,0.43,24.37,27.15,22.49,92.62,1.37,2.38,0.52,97.52
20170924,6.06,4.9346,2.1158,2.8114,0.48,24.15,26.76,22.96,93.37,0.9,1.47,0.38,97.46
20170925,17.09,4.3637,1.3757,2.635,0.42,24.38,27.04,22.51,93.46,1.3,3.03,0.53,97.47
20170926,14.47,4.5814,1.3879,2.8572,0.44,23.78,25.28,22.14,95.68,1.68,3.24,0.71,97.51
20170927,7.09,4.7899,1.705,2.7763,0.46,23.39,25.99,21.75,89.02,1.03,1.83,0.44,97.55
20170928,16.98,4.8502,1.6262,3.0434,0.47,23.79,26.89,21.4,91.24,1.4,2.57,0.58,97.56
20170929,9.9,3.3293,0.1445,2.4072,0.32,23.55,25.72,22.14,93.89,1.07,2.04,0.37,97.68
20170930,2.86,5.5361,4.0529,2.2949,0.53,24.73,28.1,22.18,87.54,1.19,2.19,0.45,97.59
20171001,2.16,4.9253,1.223,3.0509,0.47,23.58,25.37,21.65,92.08,1.15,1.81,0.43,97.59
20171002,2.82,5.9405,4.1638,2.483,0.57,23.73,27.03,21.06,86.16,1.36,1.81,0.45,97.48
20171003,10.07,4.3567,1.385,2.5188,0.42,24.63,27.86,22.48,91.44,0.76,1.56,0.3,97.54
20171004,27.29,5.1326,2.7461,2.659,0.49,24.12,25.93,22.82,94.03,1.1,2.1,0.47,97.54
20171005,11.34,4.8377,1.5902,3.0437,0.46,24.29,27.14,22.45,90.3,1.44,2.62,0.62,97.54
20171006,10.61,4.891,0.8954,3.5292,0.47,23.84,26.37,22.26,92.68,1.18,1.78,0.45,97.44
20171007,29.21,4.2595,2.0909,2.1494,0.41,23.89,27.15,21.76,89.27,1.04,2.08,0.43,97.4
20171008,6.8,5.2562,2.153,2.8946,0.5,24.25,27.05,22.12,88.7,1.15,1.85,0.47,97.34
20171009,23.26,3.9283,0.6854,2.6136,0.38,24.1,25.66,22.93,96.69,1.14,1.71,0.5,97.29
20171010,8.06,5.9172,4.283,2.4708,0.57,24.77,28.25,22.85,92.19,1.57,2.65,0.63,97.21
20171011,16.36,3.9077,0.4277,2.7936,0.37,24.35,26.6,22.88,92.82,0.96,1.75,0.4,97.28
20171012,8.43,4.4755,1.6411,2.6818,0.43,24.52,27.26,22.83,91.13,1.2,1.81,0.48,97.33
20171013,6.11,2.5702,0.4063,1.8732,0.25,25.11,28.26,22.56,87.97,1.17,2.23,0.43,97.21
20171014,9.26,5.0851,2.305,2.8644,0.48,24.76,27.73,22.61,90.04,0.96,1.61,0.4,97.22
20171015,3.78,5.4425,3.9154,2.1238,0.52,25.38,28.82,23.36,90.36,1.38,2.58,0.58,97.17
20171016,13.61,4.3375,0.6996,3.125,0.41,25.05,28.19,22.69,89.8,1.09,1.41,0.48,97.31
20171017,2.39,5.3004,2.6189,2.9978,0.5,24.72,28.26,21.84,88.01,1.36,2.51,0.57,97.3
20171018,1.09,5.7252,4.1866,2.2814,0.54,24.77,28.53,21.74,87.89,1.43,2.5,0.58,97.36
20171019,3.62,5.4398,2.8685,2.7302,0.52,24.75,27.42,22.65,89.22,1.22,2.09,0.49,97.35
20171020,5.62,3.414,0.6077,2.3383,0.32,23.19,25.62,21.94,91.81,1.16,2.03,0.43,97.56
20171021,3.92,6.0096,5.4859,1.8271,0.57,24.27,27.63,21.54,88.22,1.32,2.06,0.52,97.52
20171022,7.38,6.0682,4.5408,2.5627,0.58,24.4,27.25,22.7,90.5,1.03,2.19,0.45,97.48
20171023,24.65,5.3225,3.8563,2.1278,0.51,25.29,28.24,22.81,88.02,1.36,2.34,0.61,97.51
20171024,14.66,6.3658,5.3304,2.3635,0.61,25.55,29.3,23.02,88.81,1.01,1.88,0.45,97.58
20171025,1.97,4.5706,0.6307,3.0773,0.43,25.1,28.74,22.73,85.5,0.96,1.58,0.41,97.61
20171026,14.51,4.9853,1.6546,2.9544,0.47,24.96,27.99,23.08,88.02,1.07,2.07,0.43,97.52
20171027,15.47,5.3734,2.9945,2.6546,0.51,24.05,27.11,22.53,90.6,1.09,1.85,0.41,97.51
20171028,1.56,6.2162,5.4259,2.6402,0.59,25.27,28.43,22.97,85.15,1.3,2.32,0.53,97.47
20171029,9.41,5.3563,3.8551,2.0458,0.51,25.31,28.32,23.2,88.45,1.14,2.12,0.54,97.51
20171030,3.24,5.5649,2.6628,2.9966,0.53,25.18,29.08,22.24,89.01,1.33,2.12,0.51,97.41
20171031,2.5,5.0038,2.171,2.5954,0.48,24.8,27.31,22.91,90.99,1.21,1.8,0.46,97.39
20171101,15.78,4.1674,0.7174,2.6681,0.4,24.59,27.18,23.24,89.25,0.97,1.78,0.38,97.35
20171102,4.26,4.8763,1.495,2.9222,0.46,24.37,26.89,22.83,88.77,0.77,1.39,0.33,97.3
20171103,3.48,6.1094,5.1343,2.1086,0.58,25.29,28.8,21.87,88.14,1.07,1.56,0.45,97.19
20171104,26.84,4.2526,0.3701,3.0444,0.4,25.53,27.47,23.76,94.05,1.17,1.81,0.46,97.17
20171105,24.26,4.7837,2.6062,2.4046,0.46,25.63,27.88,23.9,92.44,1.5,2.5,0.59,97.25
20171106,5.08,5.279,2.2507,2.9256,0.5,25.22,27.67,23.54,92.61,1.16,1.69,0.49,97.24
20171107,9.63,5.7485,5.2176,1.9649,0.55,25.44,28.62,23.36,90.33,1.46,2.28,0.64,97.23
20171108,32.91,1.6356,0.2962,1.1376,0.16,24.32,25.54,23.29,95.62,1.54,2.28,0.58,97.27
20171109,7.38,5.8543,3.4498,2.6921,0.56,24.5,27.59,22.43,87.56,1.07,2.0,0.46,97.31
20171110,10.18,4.9862,2.6412,2.6628,0.48,24.4,27.02,22.43,90.31,0.97,1.51,0.42,97.37
20171111,2.86,5.5553,2.359,3.2453,0.53,24.89,27.79,22.61,87.54,0.97,1.39,0.44,97.34
20171112,13.76,5.1259,1.7107,3.3319,0.49,25.07,27.55,23.32,91.18,1.09,1.81,0.45,97.31
20171113,16.04,5.441,2.8296,2.7314,0.52,24.37,25.85,23.42,93.81,1.32,1.85,0.5,97.38
20171114,7.82,5.6424,4.4122,2.2123,0.54,24.84,27.18,23.47,90.37,0.97,1.75,0.48,97.4
20171115,2.73,6.3379,5.3028,2.1499,0.61,24.85,28.42,22.22,87.1,1.02,1.32,0.39,97.41
20171116,8.65,4.483,2.1218,2.405,0.43,24.85,27.92,22.81,88.08,1.38,2.28,0.53,97.33
20171117,14.75,5.2121,2.7713,2.6323,0.5,24.64,27.77,22.32,89.26,1.27,2.13,0.51,97.3
20171118,5.91,3.4049,0.133,2.5104,0.33,24.76,28.37,21.96,87.88,1.13,2.01,0.5,97.34
20171119,29.25,5.6494,3.1814,2.8322,0.54,25.01,28.06,22.46,90.78,1.64,2.56,0.73,97.33
20171120,19.88,4.9255,1.5936,2.9393,0.47,25.15,28.16,23.62,90.87,1.24,1.96,0.51,97.42
20171121,10.45,5.6059,4.3968,2.2068,0.54,25.05,28.0,23.03,89.86,1.26,2.27,0.48,97.25
20171122,9.8,4.939,3.5484,2.0366,0.47,24.76,27.61,23.1,91.5,1.32,2.22,0.48,97.15
20171123,6.64,4.0265,0.2575,2.9897,0.39,24.55,26.77,23.0,90.99,0.98,1.79,0.4,97.25
20171124,17.04,6.307,5.4312,2.089,0.61,25.48,28.46,23.46,88.54,1.18,2.05,0.52,97.25
20171125,4.62,4.7218,1.1429,2.9998,0.45,25.47,28.45,23.59,89.06,1.3,2.1,0.53,97.32
20171126,9.53,4.8197,3.8131,2.0345,0.46,25.04,28.2,22.07,90.08,1.48,2.3,0.57,97.26
20171127,8.93,5.5752,4.0008,2.3861,0.54,24.9,28.1,22.96,90.2,0.85,1.41,0.34,97.15
20171128,6.19,4.517,1.2713,2.8421,0.43,25.32,28.65,22.52,88.27,1.53,2.64,0.61,97.24
20171129,19.26,5.1941,2.3515,2.8757,0.5,24.94,26.83,23.66,94.38,1.38,2.21,0.57,97.26
20171130,20.53,2.9292,0.2258,2.1053,0.28,24.57,25.76,23.72,96.56,1.1,1.46,0.48,97.24
20171201,15.65,5.0542,2.1218,3.0218,0.49,24.88,27.55,22.71,92.4,1.25,2.04,0.54,97.29
20171202,10.92,4.303,0.9893,2.9398,0.41,24.62,27.35,22.7,92.46,1.25,2.25,0.59,97.37
20171203,6.54,5.8118,3.953,2.6172,0.56,25.19,29.08,21.99,88.2,1.34,2.21,0.57,97.26
20171204,5.89,6.2359,5.6225,2.2846,0.6,25.65,29.56,22.56,88.55,1.21,2.03,0.52,97.16
20171205,4.26,6.0312,4.4782,2.5874,0.58,25.56,28.81,22.92,89.28,1.18,2.31,0.47,97.12
20171206,1.2,5.8123,3.7985,2.5939,0.56,26.0,29.57,23.17,88.62,1.24,2.15,0.51,97.17
20171207,1.03,5.2471,1.7098,3.3228,0.51,26.18,29.54,23.86,89.4,1.23,2.26,0.55,97.22
20171208,2.32,4.9735,2.7694,2.5858,0.48,25.6,27.85,24.22,93.06,1.11,1.85,0.47,97.35
20171209,1.28,5.6004,2.8363,2.8651,0.54,25.46,28.83,22.85,87.09,0.98,1.38,0.4,97.39
20171210,2.72,3.8971,0.5758,2.753,0.38,25.2,28.47,23.29,89.6,1.39,2.67,0.61,97.41
20171211,0.48,5.4007,2.7818,2.7058,0.52,24.87,28.19,22.56,83.98,1.08,1.51,0.41,97.44
20171212,0.74,4.8953,1.4208,2.7528,0.47,24.13,27.81,21.1,81.77,1.15,1.4,0.46,97.41
20171213,0.73,5.0102,1.8859,2.8884,0.48,24.55,26.48,22.69,88.36,0.98,1.39,0.48,97.33
20171214,1.72,5.6076,4.3742,2.1485,0.54,25.15,28.11,22.96,86.88,1.35,2.38,0.56,97.27
20171215,50.29,4.9817,3.2772,2.1833,0.48,24.48,26.75,22.6,92.9,1.33,2.25,0.52,97.29
20171216,17.28,4.8098,1.3661,3.1327,0.46,23.84,25.39,22.75,92.28,0.85,1.2,0.31,97.48
20171217,24.67,4.9231,2.2181,2.8582,0.48,24.28,27.68,22.04,88.91,1.14,1.71,0.5,97.38
20171218,5.91,4.6423,1.5626,2.7089,0.45,24.8,27.91,22.27,88.94,0.94,1.71,0.42,97.37
20171219,36.52,5.5255,3.9806,2.5246,0.53,24.87,27.95,22.45,89.01,1.23,2.06,0.41,97.37
20171220,17.67,5.9088,4.6476,2.2975,0.57,25.29,28.41,23.08,89.21,1.17,1.98,0.46,97.38
20171221,14.79,4.2583,2.3674,2.1552,0.41,24.76,26.58,23.1,94.75,1.56,2.23,0.63,97.36
20171222,5.64,5.5927,2.9215,2.9798,0.54,24.51,27.03,22.82,92.4,0.87,1.31,0.39,97.23
20171223,40.14,3.3427,0.2146,2.4766,0.32,24.87,26.34,23.69,93.65,1.1,1.87,0.56,97.15
20171224,8.45,6.5242,6.4315,1.7772,0.63,25.98,29.63,23.64,85.63,1.13,1.96,0.49,97.16
20171225,14.39,6.2664,5.3194,2.2577,0.6,25.59,28.2,24.23,90.76,1.01,1.45,0.48,97.26
20171226,4.06,6.3941,5.0438,2.6734,0.62,25.53,28.39,23.38,90.74,1.2,1.96,0.49,97.32
20171227,1.81,3.5266,0.287,2.4593,0.34,24.76,27.63,22.49,87.17,1.02,1.38,0.43,97.43
20171228,18.17,5.8238,4.044,2.473,0.56,24.06,27.49,21.59,87.0,1.21,1.62,0.46,97.41
20171229,13.88,3.4838,0.2755,2.3023,0.34,24.0,27.35,20.88,86.41,1.16,1.62,0.5,97.38
20171230,27.14,4.8444,1.0241,3.0223,0.47,23.17,25.19,21.49,91.58,1.13,1.62,0.49,97.38
20171231,10.41,5.7883,3.8033,2.6777,0.56,23.53,25.61,21.86,92.53,1.09,1.61,0.45,97.22
20180101,1.96,5.2022,3.1673,2.4389,0.5,24.75,26.3,23.6,92.01,1.15,2.09,0.51,97.16
20180102,8.91,4.2816,1.1004,2.8654,0.41,25.58,28.27,23.72,90.39,1.46,2.51,0.54,97.16
20180103,38.67,4.5134,2.2961,2.5056,0.43,24.5,26.36,23.43,94.0,1.2,1.81,0.47,97.34
20180104,12.81,5.0921,1.8857,3.3307,0.49,23.99,26.65,21.86,89.73,0.75,1.42,0.22,97.42
20180105,1.29,5.8519,4.0447,2.539,0.56,25.06,28.34,21.99,85.97,1.36,2.13,0.5,97.35
20180106,4.7,5.274,2.9885,2.8942,0.51,24.97,28.03,22.56,89.25,1.09,1.96,0.4,97.38
20180107,11.43,4.7738,3.1001,2.1655,0.46,25.13,28.46,22.71,89.96,1.4,2.54,0.55,97.39
20180108,9.96,5.8001,3.156,2.7816,0.56,24.5,27.37,22.18,90.43,1.26,1.59,0.54,97.43
20180109,1.9,5.4977,2.9148,2.9165,0.53,24.06,27.11,21.83,88.87,1.06,1.56,0.42,97.39
20180110,6.45,5.3287,2.4557,2.922,0.51,24.22,26.06,22.15,95.11,1.67,2.29,0.69,97.33
20180111,11.21,4.3474,1.1522,2.7305,0.42,24.13,25.57,22.58,97.02,1.53,2.76,0.64,97.39
20180112,14.64,5.8402,3.5393,2.6966,0.56,24.65,28.21,21.48,88.44,1.39,2.42,0.54,97.39
20180113,13.76,5.9554,4.5653,2.3554,0.57,24.9,28.02,22.83,88.57,1.34,2.44,0.57,97.35
20180114,18.78,3.1778,0.3526,2.2313,0.3,23.87,25.25,22.71,96.69,1.37,1.87,0.54,97.26
20180115,3.98,5.9995,4.9325,2.4482,0.57,24.51,26.96,22.5,92.64,1.46,2.21,0.56,97.13
20180116,33.65,4.8302,2.6947,2.3839,0.46,24.33,26.23,22.7,94.51,1.55,2.64,0.63,97.12
20180117,56.45,3.9408,1.0932,2.3878,0.38,25.05,27.47,23.41,92.54,1.32,2.51,0.59,97.15
20180118,24.04,4.8338,0.7097,3.3835,0.46,25.16,26.88,24.01,89.76,0.81,1.38,0.4,97.21
20180119,15.22,4.9558,1.4813,3.049,0.47,25.29,28.42,23.6,89.55,0.86,1.37,0.42,97.26
20180120,11.35,5.1166,1.9586,3.0919,0.49,24.72,27.68,22.26,90.9,1.09,1.95,0.35,97.19
20180121,15.61,5.3395,2.6662,2.7382,0.51,24.18,25.85,23.1,93.21,0.76,1.23,0.33,97.18
20180122,17.16,5.8776,3.9907,2.5562,0.56,24.15,26.24,22.29,91.25,1.09,1.76,0.37,97.17
20180123,20.29,5.1646,1.6332,3.0574,0.49,23.48,26.79,20.75,87.92,1.28,2.02,0.42,97.21
20180124,11.84,5.2176,2.5186,2.7571,0.5,24.34,27.59,21.43,86.07,1.14,1.6,0.38,97.08
20180125,23.56,5.9465,4.415,2.5018,0.56,25.06,28.08,22.12,89.17,1.4,2.02,0.53,96.99
20180126,5.44,5.0426,1.3711,3.2645,0.48,25.75,29.75,22.84,89.38,1.14,1.91,0.51,96.97
20180127,7.08,4.5974,0.5278,3.247,0.44,25.1,26.96,23.67,90.94,1.02,1.89,0.48,97.03
20180128,7.67,5.0321,1.4722,2.9957,0.48,24.33,26.55,22.68,91.69,1.03,2.02,0.45,97.11
20180129,6.64,5.5735,2.8618,3.4126,0.53,23.91,26.62,21.35,88.15,1.04,1.36,0.41,97.18
20180130,1.51,5.4406,1.4374,3.732,0.51,24.59,28.98,21.17,85.18,0.95,1.33,0.29,97.28
20180131,2.07,6.4205,6.0211,2.5306,0.61,23.93,26.94,21.17,84.38,1.1,1.62,0.4,97.48
20180201,2.57,5.2181,1.71,3.4836,0.49,23.89,28.39,20.09,82.58,1.18,1.99,0.34,97.43
20180202,6.09,4.5418,0.8155,2.9184,0.43,23.76,27.26,21.26,86.24,1.38,1.75,0.51,97.5
20180203,2.21,5.5663,2.0738,3.2052,0.52,24.57,29.33,20.79,84.54,1.52,2.07,0.56,97.4
20180204,2.51,6.0648,4.5391,2.407,0.57,25.69,29.87,22.1,84.18,1.58,2.31,0.63,97.28
20180205,1.24,6.7949,6.1284,2.0333,0.64,26.67,30.48,23.36,84.71,1.04,2.44,0.47,97.15
20180206,0.9,4.9181,0.6888,3.3898,0.46,26.28,29.87,23.28,85.35,0.99,2.04,0.37,97.14
20180207,5.12,5.7137,3.9775,2.4835,0.54,25.7,28.59,23.38,88.07,1.0,1.88,0.41,97.18
20180208,14.2,5.5814,3.0226,2.7173,0.53,25.33,27.06,24.14,92.78,0.79,1.31,0.37,97.3
20180209,10.12,5.4336,2.7799,2.6556,0.51,25.33,27.91,23.7,92.26,1.45,2.45,0.63,97.3
20180210,26.23,5.5145,2.7744,2.9498,0.52,24.53,26.75,22.8,93.16,1.14,2.01,0.47,97.33
20180211,27.3,5.5622,3.3041,2.7134,0.52,23.77,26.48,22.02,94.83,1.14,2.3,0.47,97.37
20180212,20.43,5.7355,3.1066,2.989,0.54,24.69,27.05,22.62,92.02,1.23,2.07,0.57,97.49
20180213,21.17,4.1083,0.5609,2.8574,0.39,25.23,28.78,22.71,87.7,1.19,2.44,0.51,97.53
20180214,27.82,3.9946,0.9775,2.6383,0.38,25.21,27.1,23.96,90.34,0.76,1.27,0.41,97.58
20180215,3.95,3.9768,0.2717,2.9407,0.37,24.74,26.81,23.02,90.51,0.87,1.31,0.42,97.66
20180216,2.38,5.0525,1.7297,3.0396,0.47,24.42,27.24,22.39,89.08,0.98,1.6,0.4,97.66
20180217,0.73,5.6808,2.2462,3.2923,0.53,24.85,28.62,21.32,82.72,1.24,1.91,0.5,97.52
20180218,0.92,6.4512,5.0186,2.357,0.61,25.13,28.77,22.27,85.15,1.08,1.58,0.46,97.53
20180219,5.6,5.598,3.1289,2.7574,0.53,25.43,29.11,22.6,83.53,1.28,1.97,0.5,97.51
20180220,5.3,5.9539,3.8472,2.5462,0.56,25.07,28.4,22.69,87.95,1.48,2.69,0.63,97.39
20180221,2.38,6.2724,4.3951,2.5536,0.59,24.02,27.38,21.32,86.24,1.0,1.81,0.41,97.35
20180222,3.82,6.3506,4.7321,2.389,0.6,24.98,29.17,21.4,85.24,1.51,2.4,0.61,97.26
20180223,4.43,6.6238,5.8111,2.2051,0.62,25.3,27.94,23.78,89.9,1.33,2.11,0.56,97.31
20180224,9.51,5.8644,4.1527,2.7929,0.55,25.35,28.08,23.26,90.58,1.26,1.89,0.5,97.34
20180225,21.72,3.9931,0.5683,2.5716,0.37,24.8,26.1,23.08,96.24,1.46,2.34,0.66,97.31
20180226,14.25,5.9506,4.325,2.3234,0.56,25.3,28.94,22.52,85.43,1.6,2.4,0.63,97.33
20180227,15.84,5.5145,2.9028,2.7194,0.52,24.25,26.59,23.0,93.71,1.26,2.0,0.55,97.42
20180228,18.8,3.6403,0.6353,2.315,0.34,24.36,27.02,22.1,89.93,1.21,2.05,0.51,97.4
20180301,9.26,5.4514,3.289,2.6194,0.51,25.16,27.58,23.01,87.65,1.34,2.0,0.57,97.33
20180302,16.99,4.2571,0.5676,2.9724,0.4,24.93,27.73,23.48,91.79,1.5,2.22,0.6,97.36
20180303,14.51,5.544,2.8505,2.7403,0.52,24.77,27.05,23.18,93.52,1.22,1.98,0.48,97.3
20180304,15.38,4.7702,1.4105,2.9436,0.45,24.08,25.03,23.09,95.82,1.11,1.57,0.42,97.41
20180305,4.46,6.227,3.9062,2.5975,0.59,24.34,26.29,22.48,92.43,1.12,1.97,0.46,97.34
20180306,1.28,2.975,0.1966,2.1046,0.28,24.74,26.97,23.04,92.48,1.23,2.59,0.52,97.22
20180307,2.56,5.6909,2.8097,3.0499,0.54,24.87,26.86,22.87,87.28,1.22,2.14,0.57,97.13
20180308,11.07,6.0216,4.6642,2.0273,0.57,24.98,28.66,21.94,86.46,1.45,2.5,0.6,97.08
20180309,5.65,6.0746,3.7522,2.7094,0.57,24.09,26.91,22.12,88.25,1.38,2.05,0.5,97.37
20180310,0.43,5.6208,2.4086,3.5203,0.53,24.59,28.4,21.08,83.52,1.46,2.12,0.56,97.41
20180311,2.21,6.4752,5.5639,2.2063,0.61,24.41,28.03,21.83,86.82,1.38,1.85,0.58,97.47
20180312,2.6,6.5503,4.9702,2.3976,0.62,24.7,28.51,21.32,82.8,1.21,1.75,0.45,97.33
20180313,14.52,5.2601,2.4977,2.7341,0.5,24.57,27.11,22.56,93.67,1.57,2.87,0.63,97.28
20180314,7.45,4.1664,0.4992,2.8567,0.4,24.82,27.35,23.75,95.51,1.26,2.08,0.65,97.28
20180315,28.06,3.1574,0.0941,2.3155,0.3,24.17,26.03,22.74,93.13,1.31,2.16,0.61,97.36
20180316,4.25,5.442,2.4648,2.9748,0.52,24.44,27.41,22.27,88.93,0.86,1.55,0.35,97.41
20180317,12.72,4.2434,0.996,2.6124,0.4,24.31,27.63,21.99,89.81,0.99,2.06,0.38,97.57
20180318,4.62,4.8672,1.1671,3.0934,0.46,23.04,26.93,20.46,85.36,1.16,1.91,0.37,97.65
20180319,1.27,6.5945,6.1217,1.7374,0.63,24.11,29.01,20.0,81.99,1.19,1.88,0.43,97.42
20180320,1.91,4.7297,1.1443,2.8217,0.45,24.67,28.14,22.14,88.03,1.46,2.5,0.6,97.19
20180321,5.6,5.9808,3.5786,2.7317,0.57,25.53,28.5,23.44,86.96,1.3,2.47,0.58,96.83
20180322,0.76,7.02,6.7675,1.699,0.67,25.82,30.11,22.62,81.46,1.68,2.56,0.7,96.76
20180323,1.53,5.6002,2.2102,3.7018,0.54,25.68,29.78,22.76,83.18,2.27,3.72,0.93,96.86
20180324,1.65,5.2543,1.7086,3.5426,0.51,25.88,30.4,22.93,82.77,1.67,2.71,0.74,97.09
20180325,2.85,5.7504,4.4906,2.1372,0.55,25.24,28.45,22.75,88.3,1.46,2.48,0.67,97.27
20180326,4.41,4.4969,1.4472,2.6119,0.43,24.91,28.32,22.44,89.46,1.21,2.13,0.52,97.31
20180327,2.22,6.2702,4.805,2.3479,0.61,25.0,28.75,22.25,87.57,1.2,1.83,0.51,97.25
20180328,0.3,7.0063,6.8906,1.529,0.68,25.57,29.32,21.95,84.91,1.25,2.07,0.56,97.19
20180329,8.28,5.8022,4.2722,2.2951,0.56,25.44,27.16,24.33,90.67,1.22,2.26,0.6,97.29
20180330,7.89,5.2632,2.8421,2.4506,0.51,24.49,26.16,23.19,93.63,1.41,2.01,0.68,97.39
20180331,1.89,6.403,5.1353,2.154,0.62,24.82,28.52,22.02,87.0,1.11,1.92,0.47,97.28
20180401,8.99,5.1751,2.4322,2.724,0.51,24.09,27.17,22.19,91.89,1.32,2.45,0.54,97.26
20180402,4.89,5.2694,2.7432,2.5978,0.52,23.68,26.07,21.57,92.57,1.13,1.38,0.45,97.33
20180403,23.86,2.5646,0.1502,1.8701,0.25,25.19,28.33,23.61,89.11,0.92,1.66,0.55,97.3
20180404,8.11,5.5853,3.8011,2.3813,0.55,24.82,27.02,23.36,88.18,1.04,2.12,0.55,97.3
20180405,4.75,5.1943,3.6494,2.1902,0.51,24.76,28.29,21.97,89.3,1.16,2.05,0.5,97.3
20180406,3.02,5.9021,3.7135,2.7134,0.58,24.95,28.45,22.37,89.13,1.09,1.87,0.44,97.38
20180407,2.5,4.5641,2.2694,2.2692,0.45,24.61,26.91,22.77,91.31,1.16,1.96,0.46,97.43
20180408,5.56,6.2484,5.4521,1.9214,0.62,24.28,26.35,22.76,89.76,1.18,1.87,0.47,97.6
20180409,2.28,4.6006,1.1554,3.0331,0.46,25.02,28.38,23.02,88.78,0.97,1.63,0.4,97.66
20180410,0.87,6.3226,6.1526,1.7928,0.63,25.04,27.89,22.77,89.97,1.29,1.95,0.53,97.58
20180411,4.88,5.9472,4.8581,2.2769,0.59,24.76,28.1,22.31,88.92,1.13,1.39,0.46,97.5
20180412,1.62,5.0882,2.461,2.6928,0.51,25.15,28.05,23.11,88.15,1.18,1.68,0.52,97.44
20180413,18.91,4.9409,1.5758,2.8675,0.5,25.09,27.68,22.99,90.73,1.1,1.55,0.41,97.46
20180414,7.17,5.7166,3.4433,2.604,0.57,25.46,28.35,23.33,89.02,1.03,1.75,0.4,97.35
20180415,1.13,3.0214,0.1176,2.25,0.3,24.22,25.49,22.86,91.67,0.84,1.1,0.4,97.3
20180416,12.7,4.6939,1.4021,3.0838,0.47,25.48,28.25,23.65,88.35,1.18,2.22,0.44,97.34
20180417,21.23,5.1017,3.1486,2.441,0.52,23.92,26.2,21.85,93.74,1.05,1.55,0.42,97.43
20180418,10.65,4.2691,0.3406,3.1308,0.43,24.19,27.85,21.42,88.28,1.25,1.53,0.49,97.49
20180419,0.54,5.9767,4.9104,2.1725,0.61,25.16,28.69,22.25,86.63,1.16,1.62,0.47,97.41
20180420,6.0,4.2444,0.6535,2.8632,0.43,25.1,27.92,22.73,90.11,1.26,2.4,0.52,97.43
20180421,7.63,4.5919,1.7045,2.6453,0.47,25.03,27.9,22.56,91.32,1.2,1.71,0.51,97.38
20180422,6.49,4.6166,1.8204,2.5279,0.47,25.07,27.15,23.85,94.8,1.58,2.22,0.71,97.31
20180423,8.21,4.4782,1.9044,2.569,0.46,24.95,27.12,23.7,94.17,1.75,2.68,0.83,97.29
20180424,1.39,4.7198,1.9438,2.946,0.49,25.38,28.22,23.83,91.62,1.59,2.75,0.7,97.23
20180425,19.88,4.729,3.6516,1.9438,0.49,25.46,27.52,24.45,93.29,1.48,1.88,0.6,97.21
20180426,32.53,2.0496,0.1318,1.501,0.21,24.32,25.57,22.99,96.68,1.37,2.87,0.57,97.43
20180427,9.1,4.6543,1.6363,2.8111,0.48,24.36,27.19,22.25,91.8,1.04,1.82,0.4,97.54
20180428,7.19,5.2951,3.5683,2.4497,0.55,24.31,26.8,22.89,93.3,1.4,2.59,0.57,97.48
20180429,6.08,4.7402,3.1526,2.2001,0.49,23.87,25.97,22.56,93.17,1.12,1.51,0.51,97.49
20180430,26.45,4.6255,3.0168,1.9757,0.48,24.07,27.2,21.31,90.5,1.04,1.59,0.42,97.51
20180501,4.0,2.73,0.7279,1.7486,0.29,24.12,26.45,22.89,92.95,1.06,1.71,0.5,97.62
20180502,6.63,6.1397,5.1545,2.208,0.65,24.91,28.29,22.07,91.42,1.54,2.51,0.65,97.51
20180503,6.47,5.3441,3.0115,2.6722,0.56,24.36,27.09,22.07,91.22,1.13,1.55,0.46,97.58
20180504,20.98,5.0962,3.3506,2.3417,0.54,24.29,26.9,22.38,93.37,1.5,2.14,0.63,97.63
20180505,9.82,4.8149,1.986,2.7259,0.51,24.02,26.68,22.26,90.3,1.07,1.86,0.55,97.8
20180506,7.57,5.3453,4.2684,2.0842,0.57,24.32,27.3,22.06,89.9,1.09,1.85,0.53,97.7
20180507,10.88,5.9458,5.4622,1.7952,0.63,24.18,27.31,22.26,91.83,1.41,1.98,0.65,97.57
20180508,18.07,4.9015,3.0,2.3004,0.52,23.27,25.13,21.64,95.05,1.29,1.84,0.55,97.57
20180509,39.32,3.9583,1.0632,2.4924,0.42,23.46,25.41,21.63,93.38,1.15,1.71,0.46,97.65
20180510,26.98,4.5696,1.867,2.6719,0.49,24.55,27.84,22.3,92.27,1.09,1.95,0.44,97.66
20180511,7.11,5.7497,5.6155,1.6512,0.62,24.95,27.7,23.8,93.75,0.9,1.33,0.37,97.53
20180512,18.06,2.8675,0.3199,2.0952,0.31,24.17,25.78,22.93,95.97,0.97,1.74,0.39,97.55
20180513,18.47,4.3978,3.3269,1.8367,0.48,24.42,27.32,22.76,90.46,1.01,1.89,0.42,97.62
20180514,16.93,5.4509,5.4494,1.801,0.59,24.53,27.65,21.85,90.46,1.13,1.71,0.4,97.51
20180515,43.55,5.3856,4.3166,2.1293,0.59,23.76,25.22,22.7,94.85,0.87,1.18,0.33,97.52
20180516,5.25,5.9189,5.8008,1.6932,0.65,24.6,27.98,21.49,90.69,1.26,1.98,0.52,97.39
20180517,17.66,2.5865,0.138,1.9711,0.28,24.34,24.96,23.6,96.2,1.29,2.79,0.53,97.33
20180518,15.82,4.4167,2.4187,2.2759,0.48,24.28,26.71,22.47,92.23,0.87,1.49,0.36,97.26
20180519,21.78,4.5379,1.6678,2.6333,0.5,24.22,25.16,23.43,97.14,1.15,2.16,0.42,97.3
20180520,4.87,5.6767,5.7634,1.5936,0.62,24.79,27.51,22.98,92.36,1.21,2.26,0.48,97.36
20180521,11.99,5.2572,4.8727,1.8845,0.58,24.28,26.77,22.49,93.89,1.24,2.06,0.48,97.42
20180522,30.41,4.7621,3.4111,2.2241,0.53,24.21,25.66,22.77,96.59,1.25,1.86,0.48,97.48
20180523,26.33,5.1036,3.7644,2.4715,0.57,24.77,26.84,23.51,95.3,1.31,1.88,0.57,97.41
20180524,6.93,2.9285,0.4819,2.1242,0.32,24.89,25.92,23.95,96.72,1.43,1.83,0.59,97.37
20180525,6.53,2.0707,0.1205,1.5806,0.23,24.63,25.89,23.47,97.21,1.04,1.34,0.42,97.38
20180526,28.38,3.8911,1.5991,2.3395,0.43,25.25,27.64,23.4,92.07,1.34,2.64,0.53,97.38
20180527,31.45,1.8667,0.1157,1.3896,0.21,24.45,25.1,23.7,96.98,1.47,2.1,0.53,97.46
20180528,8.52,4.5907,3.6151,2.0585,0.51,24.71,27.03,23.28,95.27,1.37,2.23,0.53,97.37
20180529,20.41,2.2966,0.3926,1.5998,0.26,24.08,24.87,23.19,96.73,1.43,2.43,0.57,97.36
20180530,14.1,2.8349,0.4476,2.0837,0.32,23.79,25.55,22.71,95.43,1.36,2.16,0.57,97.4
20180531,4.05,4.7683,3.8045,2.0633,0.54,24.39,27.48,22.6,91.98,1.43,2.41,0.6,97.44
20180601,0.77,4.2406,4.0908,1.6961,0.48,24.24,26.73,22.89,91.15,1.59,2.68,0.67,97.42
20180602,4.64,4.2864,4.1443,1.6169,0.48,23.16,24.74,22.19,94.19,1.33,2.08,0.56,97.49
20180603,18.61,2.6825,0.8278,1.705,0.3,23.25,25.13,22.2,94.88,1.51,2.49,0.62,97.46
20180604,26.03,3.2729,1.199,2.089,0.37,23.11,24.13,22.44,97.25,1.24,1.82,0.52,97.53
20180605,13.85,3.1051,1.3512,1.9001,0.35,23.1,24.97,22.04,93.81,1.24,2.27,0.53,97.6
20180606,2.12,4.4633,4.3975,1.8425,0.51,23.77,26.64,21.93,92.7,1.26,1.99,0.52,97.59
20180607,9.4,3.3703,0.7464,2.3458,0.38,23.05,24.61,22.04,95.57,1.33,2.21,0.5,97.66
20180608,10.34,4.4926,3.9355,1.7395,0.51,23.7,26.52,21.86,93.93,1.21,2.08,0.51,97.63
20180609,11.89,4.4926,3.7882,1.9433,0.51,24.6,27.15,23.13,93.67,1.35,2.39,0.62,97.58
20180610,27.3,4.0222,2.178,2.0681,0.46,24.18,26.14,23.11,94.07,1.44,2.12,0.6,97.68
20180611,6.63,5.1917,5.4881,1.6313,0.59,24.03,26.67,22.65,92.99,1.29,2.1,0.46,97.68
20180612,38.74,4.205,2.4142,2.1449,0.48,23.65,25.82,22.49,94.57,1.27,2.01,0.49,97.58
20180613,28.45,4.4856,1.9872,2.5579,0.51,23.84,26.34,22.35,94.51,1.23,1.88,0.47,97.56
20180614,25.31,3.3041,1.1645,1.9133,0.38,23.01,24.46,21.94,96.0,1.42,1.96,0.58,97.64
20180615,15.01,4.4489,3.6017,1.8276,0.51,23.08,25.83,21.27,93.19,1.5,2.49,0.62,97.72
20180616,22.1,4.589,4.1599,1.7918,0.53,23.15,24.91,21.92,94.74,1.26,2.33,0.52,97.68
20180617,42.15,4.8338,4.6997,1.8389,0.55,23.78,25.47,22.35,96.51,1.3,1.95,0.49,97.57
20180618,50.49,2.1439,0.2702,1.5833,0.25,23.7,24.77,22.9,97.41,1.4,1.9,0.51,97.58
20180619,15.38,2.7204,0.323,1.9714,0.31,23.51,25.0,22.48,97.53,1.31,2.25,0.53,97.72
20180620,7.1,5.5109,5.6086,1.6366,0.63,24.0,26.62,22.47,93.33,1.15,2.12,0.49,97.72
20180621,12.95,3.9228,3.0091,1.8014,0.45,23.57,25.7,22.53,95.76,1.3,1.72,0.49,97.65
20180622,16.35,4.2266,3.6746,1.7266,0.48,23.23,25.02,21.94,94.83,1.16,1.84,0.48,97.65
20180623,44.47,2.8915,0.2496,2.1713,0.33,23.45,25.51,22.44,95.52,1.31,1.86,0.5,97.64
20180624,10.35,4.5564,3.0163,2.1874,0.52,22.87,23.75,21.88,95.31,1.18,1.63,0.41,97.67
20180625,4.47,5.0652,4.878,1.8005,0.58,23.17,25.14,21.67,94.15,1.08,1.6,0.41,97.57
20180626,6.86,4.4114,3.804,1.842,0.51,23.11,24.9,21.89,95.88,1.38,2.42,0.52,97.62
20180627,8.87,4.254,2.6647,2.1322,0.49,23.31,25.8,21.7,94.36,1.16,1.86,0.46,97.57
20180628,23.77,3.0924,0.7766,1.9673,0.35,23.17,24.14,22.56,97.35,1.24,1.83,0.49,97.46
20180629,20.84,4.2329,2.741,2.1547,0.48,23.41,24.7,22.32,97.03,0.94,1.42,0.41,97.4
20180630,31.83,3.5304,1.5838,1.877,0.4,22.99,24.99,21.36,94.44,0.88,1.65,0.29,97.48
20180701,10.33,5.1734,4.2912,2.0822,0.59,23.25,25.73,21.71,93.28,0.96,1.54,0.38,97.57
20180702,16.99,4.5257,3.7678,1.9342,0.52,23.72,26.55,21.87,94.19,1.15,2.13,0.5,97.51
20180703,29.98,2.9988,0.1867,2.267,0.34,23.63,25.76,22.64,95.09,1.62,2.53,0.64,97.4
20180704,14.04,3.2364,1.6567,1.7352,0.37,22.69,23.27,21.97,96.7,1.33,2.27,0.51,97.4
20180705,17.23,4.3387,3.7548,1.8835,0.49,23.48,26.44,22.01,92.34,1.17,2.41,0.47,97.4
20180706,28.62,3.7082,0.5621,2.5548,0.42,23.29,25.61,22.2,95.44,1.21,2.32,0.47,97.43
20180707,21.84,3.5998,0.4519,2.4977,0.41,23.11,24.92,22.06,95.52,1.49,2.54,0.57,97.46
20180708,13.75,2.8925,0.9526,1.7909,0.33,22.46,24.36,21.22,94.59,1.31,2.21,0.55,97.44
20180709,13.4,3.2093,0.8124,2.1338,0.36,22.68,25.23,21.04,93.2,1.56,2.48,0.65,97.49
20180710,6.55,3.8304,3.3869,1.6817,0.43,23.29,25.41,21.73,93.01,1.31,2.54,0.54,97.42
20180711,4.31,3.5414,2.137,1.855,0.4,23.12,25.23,21.91,93.47,1.61,2.63,0.68,97.47
20180712,11.05,3.5122,1.7136,1.949,0.4,23.36,25.74,22.06,94.13,1.48,2.54,0.63,97.4
20180713,22.84,2.2822,0.3252,1.5679,0.26,22.98,24.55,21.75,95.85,1.13,1.96,0.44,97.44
20180714,24.59,2.6093,0.3526,1.8775,0.29,23.36,25.39,22.12,95.9,1.11,2.14,0.43,97.37
20180715,51.18,2.677,0.4466,1.9771,0.3,23.58,25.3,22.56,95.86,0.99,1.92,0.42,97.36
20180716,23.36,3.8592,1.4921,2.3393,0.43,23.67,25.69,22.64,94.83,1.53,2.18,0.57,97.45
20180717,8.3,3.5462,1.0802,2.267,0.4,23.48,24.94,22.38,96.6,1.34,2.24,0.52,97.46
20180718,16.51,3.7296,1.5893,1.9992,0.42,23.51,24.86,22.36,96.48,1.32,2.11,0.46,97.49
20180719,8.28,3.9305,1.3478,2.3002,0.44,23.48,25.05,22.12,95.63,1.19,2.09,0.42,97.61
20180720,4.2,3.5998,1.2701,2.2829,0.4,23.69,25.43,22.68,94.86,1.26,2.34,0.52,97.65
20180721,10.06,3.5609,1.9615,1.9603,0.4,23.86,26.6,21.94,93.08,1.31,2.33,0.56,97.58
20180722,10.84,3.0266,0.8191,1.9841,0.34,23.59,25.05,22.64,94.06,0.79,1.27,0.41,97.6
20180723,16.79,3.1255,0.883,1.9565,0.35,23.11,24.85,22.06,93.5,1.06,2.24,0.47,97.61
20180724,26.2,4.0229,1.4429,2.383,0.45,23.16,24.91,21.92,94.97,1.16,1.93,0.45,97.58
20180725,29.5,3.1018,0.7654,2.0429,0.34,23.33,25.76,22.02,92.97,0.94,1.45,0.39,97.67
20180726,0.79,4.8372,2.3198,2.5714,0.53,23.79,26.84,21.6,92.33,0.62,1.17,0.31,97.57
20180727,9.75,3.8537,3.3581,1.6486,0.42,24.13,26.46,22.21,92.53,0.86,1.32,0.38,97.58
20180728,9.19,3.3689,1.657,1.7892,0.37,23.1,24.86,21.9,95.56,1.03,1.54,0.41,97.58
20180729,13.08,5.0443,3.8525,2.1566,0.55,23.6,26.88,21.68,91.97,1.13,2.04,0.48,97.64
20180730,2.61,3.7906,2.6798,1.7501,0.41,23.11,25.6,21.85,93.66,1.49,2.68,0.63,97.67
20180731,7.23,4.176,1.6709,2.2704,0.46,22.67,25.17,21.3,93.03,1.36,2.19,0.56,97.64
20180801,1.85,4.3154,2.8301,2.0693,0.47,22.33,24.61,20.93,93.95,1.26,2.15,0.52,97.63
20180802,2.61,3.539,1.9553,1.8526,0.38,23.18,26.67,21.08,92.37,1.31,2.6,0.54,97.57
20180803,1.97,4.1316,0.6041,2.879,0.45,23.24,25.83,21.45,92.09,1.35,2.5,0.56,97.65
20180804,10.39,4.0997,0.9876,2.5416,0.44,23.03,25.06,21.91,95.4,1.56,2.78,0.61,97.57
20180805,2.82,3.6098,0.2006,2.6856,0.39,23.09,25.33,21.57,93.63,1.18,1.84,0.5,97.6
20180806,6.55,4.2077,2.0405,2.345,0.45,23.89,26.57,21.93,90.87,1.33,2.11,0.52,97.53
20180807,6.22,4.8538,2.749,2.3002,0.52,23.65,26.85,21.83,91.59,1.05,1.53,0.41,97.59
20180808,11.38,4.0296,1.3298,2.269,0.43,22.95,24.49,22.02,96.3,1.48,2.53,0.6,97.57
20180809,11.8,3.0953,0.6346,2.2226,0.33,23.46,26.54,22.17,93.16,1.14,2.13,0.52,97.61
20180810,23.94,4.4338,1.999,2.3278,0.47,23.05,25.0,21.66,94.5,1.28,2.05,0.46,97.63
20180811,5.25,4.6932,2.4826,2.4118,0.5,23.08,25.9,21.4,93.07,1.36,2.25,0.54,97.61
20180812,4.42,5.3436,3.9941,2.1833,0.57,23.15,25.43,21.69,92.94,1.58,2.35,0.64,97.62
20180813,6.28,2.5421,1.4832,1.355,0.27,22.24,24.22,21.07,93.31,1.4,2.19,0.59,97.7
20180814,1.36,4.7544,3.6346,1.9428,0.5,22.67,26.14,20.41,89.0,1.52,2.43,0.73,97.71
20180815,0.58,3.805,3.3394,1.6502,0.4,22.92,26.05,20.81,90.83,1.42,2.46,0.59,97.6
20180816,0.54,5.0242,3.6449,2.2164,0.53,23.41,26.44,21.61,90.66,1.29,2.5,0.52,97.44
20180817,0.55,4.1018,2.496,2.0369,0.43,23.58,26.55,21.62,90.47,1.04,2.14,0.48,97.44
20180818,17.57,3.2323,1.2348,1.8641,0.34,23.56,25.89,21.88,92.28,1.25,2.48,0.54,97.6
20180819,14.68,4.1258,2.742,1.9682,0.43,23.92,27.13,22.03,93.09,1.54,2.52,0.63,97.63
20180820,18.15,4.4201,1.2826,2.8049,0.46,22.89,25.99,20.72,90.65,1.43,2.73,0.59,97.66
20180821,28.68,3.4675,1.218,1.9807,0.36,22.46,24.99,20.73,93.46,1.11,2.29,0.43,97.59
20180822,56.45,4.0236,1.2886,2.3777,0.42,22.67,24.52,21.67,95.41,1.46,2.69,0.59,97.63
20180823,25.23,4.6872,1.3776,2.707,0.48,23.61,26.64,21.73,93.18,1.35,1.97,0.53,97.58
20180824,23.18,4.1928,1.5223,2.4293,0.43,22.97,24.53,21.86,95.86,1.29,2.22,0.51,97.58
20180825,13.13,4.5713,1.6766,2.5027,0.47,22.81,24.15,21.96,95.62,1.39,2.06,0.5,97.57
20180826,5.72,4.8065,2.8658,2.131,0.49,23.05,25.46,21.72,93.53,1.49,2.21,0.53,97.67
20180827,11.87,4.1765,0.9494,2.5322,0.43,22.29,23.99,20.93,95.71,1.13,1.87,0.53,97.74
20180828,23.91,3.7466,0.8148,2.4866,0.38,23.11,25.79,21.19,91.93,0.67,1.2,0.32,97.7
20180829,28.78,3.8074,1.4501,2.0525,0.39,23.13,25.44,21.34,91.56,1.11,2.01,0.47,97.58
20180830,7.99,3.8016,0.1759,2.8495,0.39,22.79,25.37,21.24,94.32,1.41,2.49,0.55,97.58
20180831,1.13,4.5413,1.1258,2.9863,0.46,22.79,25.75,20.86,92.39,1.39,2.63,0.58,97.68
20180901,8.64,4.7086,1.1954,2.8356,0.48,22.93,24.6,21.59,95.11,1.43,2.04,0.53,97.63
20180902,24.98,4.05,1.0553,2.3158,0.41,22.64,24.05,21.59,95.22,1.35,1.88,0.53,97.62
20180903,22.5,5.1415,2.1084,2.7118,0.52,22.96,24.81,21.42,95.19,1.16,1.65,0.46,97.55
20180904,24.78,4.8953,1.9147,2.6213,0.49,23.8,25.98,22.21,92.19,1.1,1.93,0.41,97.57
20180905,8.3,4.0757,0.99,2.3774,0.41,23.26,25.22,22.06,93.92,1.29,2.02,0.46,97.54
20180906,12.44,5.0081,1.8802,2.7924,0.5,22.42,25.31,20.92,91.85,1.11,1.98,0.47,97.6
20180907,17.34,4.943,1.7988,2.7456,0.49,22.65,25.25,20.96,94.18,1.23,2.26,0.5,97.61
20180908,4.02,4.5802,1.7369,2.5766,0.46,23.59,26.94,21.8,91.67,1.2,2.39,0.53,97.59
20180909,1.29,4.6807,1.7359,2.6762,0.47,22.87,24.66,21.69,93.04,1.38,2.14,0.58,97.64
20180910,8.6,1.7638,0.1397,1.3123,0.18,22.37,23.89,21.24,95.12,1.34,2.4,0.56,97.72
20180911,2.55,5.2834,3.2722,2.299,0.52,22.44,24.76,20.77,93.05,1.26,1.87,0.56,97.59
20180912,25.0,4.3195,2.021,2.189,0.43,22.99,25.42,21.42,94.52,1.34,2.18,0.54,97.39
20180913,48.94,4.5175,1.4318,2.5939,0.45,22.93,24.63,21.97,95.5,1.35,2.28,0.53,97.43
20180914,21.8,4.4357,1.146,2.8634,0.44,23.17,25.07,21.93,96.04,1.24,2.24,0.44,97.46
20180915,45.2,5.4036,2.8471,2.7646,0.53,23.41,25.32,22.42,95.14,1.63,2.65,0.63,97.54
20180916,19.61,4.5845,1.7866,2.6827,0.45,22.89,24.49,21.83,96.58,1.32,2.18,0.52,97.57
20180917,1.97,4.3699,1.231,2.7281,0.43,22.88,25.66,20.85,92.25,1.25,2.33,0.5,97.52
20180918,2.37,5.5382,4.3622,2.0134,0.54,23.46,26.9,20.8,88.34,1.15,2.36,0.46,97.48
20180919,1.12,3.8412,2.0681,1.9738,0.38,23.4,26.39,21.51,91.01,1.07,2.26,0.47,97.36
20180920,11.56,3.1771,0.5719,2.0594,0.31,22.77,25.02,21.66,94.64,1.31,2.43,0.53,97.43
20180921,10.38,4.5038,2.3894,2.2183,0.44,23.08,25.61,21.58,93.75,1.32,1.94,0.52,97.59
20180922,12.59,4.4484,1.0656,2.7295,0.43,23.07,25.08,21.68,94.93,1.32,2.38,0.55,97.76
20180923,9.62,4.9433,1.729,2.8145,0.48,23.6,27.12,21.19,91.23,1.5,2.37,0.55,97.63
20180924,15.6,4.0061,1.1004,2.4132,0.39,22.97,25.75,21.58,93.38,1.33,2.14,0.56,97.59
20180925,7.64,3.7778,2.0933,2.0268,0.37,22.91,25.05,21.23,93.16,1.23,2.34,0.52,97.47
20180926,14.0,5.1864,3.773,2.1593,0.5,24.02,27.29,22.33,89.04,1.23,2.57,0.55,97.4
20180927,27.06,4.9301,2.6278,2.3218,0.48,23.61,26.75,21.81,92.71,1.32,2.49,0.55,97.47
20180928,49.28,5.8994,4.6217,2.226,0.57,23.51,26.44,21.68,93.5,1.19,2.04,0.49,97.6
20180929,0.33,4.4892,3.2962,2.0285,0.43,24.06,27.34,22.15,91.03,1.57,2.75,0.65,97.54
20180930,0.21,5.2102,3.9034,2.1888,0.5,24.22,27.6,21.94,90.03,1.56,2.71,0.68,97.49
20181001,1.51,4.8302,3.5563,2.183,0.46,23.39,24.89,22.25,94.34,1.08,1.61,0.48,97.5
20181002,2.29,4.7899,3.0578,2.1946,0.46,24.2,27.2,22.24,91.78,1.43,2.66,0.6,97.49
20181003,24.17,4.4285,2.1643,2.358,0.43,23.49,25.14,22.34,95.14,1.43,2.17,0.53,97.58
20181004,58.58,4.8602,2.25,2.7151,0.47,23.28,25.06,21.84,95.1,0.92,1.26,0.3,97.65
20181005,6.65,4.7753,1.7904,2.8877,0.46,24.12,26.92,22.28,92.5,1.21,1.98,0.47,97.67
20181006,12.12,4.6445,2.8399,2.1293,0.44,24.04,26.64,22.22,92.85,0.92,1.69,0.42,97.58
20181007,11.83,5.0443,3.4846,2.1799,0.48,23.99,27.2,21.83,89.96,1.1,1.92,0.46,97.62
20181008,3.33,3.6646,1.6308,2.0928,0.35,23.36,25.48,22.2,93.16,0.86,1.3,0.35,97.54
20181009,0.73,4.8012,3.607,2.0609,0.46,24.31,27.9,21.66,89.03,1.43,2.37,0.54,97.47
20181010,2.69,4.9435,3.2813,2.0803,0.47,24.17,27.3,22.21,91.83,1.2,1.9,0.5,97.45
20181011,4.06,4.7378,1.8674,2.4516,0.45,23.74,25.9,22.14,93.12,0.98,1.23,0.41,97.56
20181012,2.48,4.8516,2.3086,2.5586,0.46,23.82,25.08,22.68,95.05,1.17,1.54,0.49,97.57
20181013,2.89,3.2765,0.4709,2.2018,0.31,24.74,28.13,22.85,91.14,0.98,1.78,0.48,97.55
20181014,13.36,4.7467,2.4137,2.4463,0.45,24.33,27.1,22.06,92.11,1.1,2.02,0.47,97.54
20181015,22.47,1.7935,0.3715,1.2814,0.17,24.34,27.01,22.69,92.25,0.97,1.69,0.45,97.63
20181016,3.72,5.4946,3.1003,2.6988,0.52,24.0,25.96,22.41,93.77,1.28,2.15,0.51,97.55
20181017,10.53,3.8002,0.3226,2.6594,0.36,23.28,25.72,20.53,93.78,1.21,1.78,0.46,97.6
20181018,1.28,5.388,3.1116,2.5303,0.51,23.8,27.76,20.32,87.24,1.44,2.11,0.53,97.56
20181019,10.28,3.8292,0.9626,2.3515,0.36,24.87,28.07,22.76,92.01,1.37,2.19,0.58,97.57
20181020,7.69,5.3184,3.1699,2.4269,0.51,24.81,27.28,23.22,92.26,1.34,1.88,0.49,97.57
20181021,14.88,3.8086,0.9158,2.3222,0.36,23.96,25.47,23.11,95.43,1.1,2.2,0.47,97.55
20181022,2.56,5.2644,1.4592,3.035,0.5,23.23,26.24,20.7,89.29,1.24,1.94,0.54,97.52
20181023,1.37,5.2591,2.4574,2.6422,0.5,24.09,27.68,21.14,87.05,1.37,2.27,0.56,97.54
20181024,0.59,5.5574,2.3671,2.9227,0.53,24.64,28.57,21.1,86.77,1.16,1.97,0.47,97.57
20181025,0.17,5.2651,2.9995,2.4372,0.5,25.14,29.07,21.73,87.01,1.27,2.2,0.49,97.54
20181026,1.03,5.1926,1.7911,2.9861,0.49,24.83,27.75,23.12,90.62,1.27,2.19,0.54,97.57
20181027,4.31,4.2919,2.9647,1.8866,0.41,23.94,26.32,22.54,92.09,1.32,2.24,0.55,97.4
20181028,0.57,5.5478,4.0817,2.2541,0.53,24.63,27.98,22.22,85.82,1.22,2.42,0.54,97.37
20181029,0.0,5.6062,4.5444,2.2586,0.53,25.0,28.53,22.26,84.1,1.24,2.27,0.52,97.38
20181030,0.79,6.342,6.1246,1.5643,0.6,25.42,28.9,22.96,86.51,1.42,2.71,0.58,97.43
20181031,15.44,4.6241,1.0634,2.7079,0.44,24.24,25.82,22.73,90.65,0.79,1.46,0.27,97.5
20181101,4.52,5.6628,3.4123,2.4986,0.54,25.47,29.43,22.56,88.37,0.97,1.42,0.41,97.52
20181102,10.49,2.4216,0.1397,1.8,0.23,25.22,27.84,23.55,92.08,1.09,1.81,0.51,97.57
20181103,11.87,4.0308,1.0824,2.4874,0.38,24.61,26.15,22.94,95.71,1.53,2.11,0.61,97.5
20181104,7.26,4.5936,1.2876,3.091,0.44,24.52,25.69,23.76,92.89,1.04,1.5,0.42,97.43
20181105,14.2,5.4946,4.032,2.3722,0.52,25.04,28.01,23.31,89.01,1.06,1.81,0.46,97.42
20181106,1.9,5.5735,3.0751,2.8834,0.53,24.91,27.14,23.26,90.67,0.99,1.52,0.43,97.4
20181107,8.62,4.685,2.5073,2.3462,0.45,25.17,27.05,23.97,92.9,1.81,3.09,0.68,97.34
20181108,3.6,5.3837,2.9695,2.6203,0.51,25.4,28.42,23.49,89.46,1.14,1.61,0.44,97.3
20181109,0.26,6.0458,5.4528,1.9078,0.58,25.67,28.74,23.39,88.79,1.55,2.96,0.68,97.27
20181110,3.58,5.1226,2.3366,3.0118,0.49,25.23,28.36,22.84,91.52,1.45,2.41,0.59,97.26
20181111,11.98,4.6318,2.7629,2.0383,0.44,25.71,28.73,23.8,91.45,1.0,1.56,0.42,97.3
20181112,3.25,5.2514,4.2125,2.2332,0.5,25.69,29.12,22.85,88.92,1.23,2.14,0.46,97.32
20181113,3.37,5.6758,3.001,3.2693,0.54,25.97,28.47,24.31,90.6,1.17,1.89,0.5,97.28
20181114,2.84,5.4439,2.5584,2.8387,0.52,25.35,27.14,24.14,94.25,1.11,1.49,0.42,97.38
20181115,7.99,5.1211,2.7067,2.4811,0.49,25.7,28.6,23.99,90.73,1.25,2.23,0.58,97.48
20181116,14.04,5.6674,3.5078,2.605,0.54,25.5,28.71,23.39,90.47,1.22,1.82,0.57,97.44
20181117,22.53,4.9483,1.7868,2.8327,0.47,25.07,27.86,23.14,90.86,1.05,2.07,0.49,97.45
20181118,1.41,4.9992,1.7546,2.8476,0.48,25.18,28.97,22.08,86.86,1.23,1.65,0.56,97.4
20181119,0.48,6.5275,5.6566,2.1727,0.62,24.81,28.2,22.49,86.61,1.18,1.87,0.53,97.44
20181120,2.25,5.1953,2.9321,2.5418,0.5,24.95,28.56,22.19,89.11,1.37,2.57,0.57,97.39
20181121,8.96,4.9673,1.8341,2.6798,0.48,25.36,28.24,23.65,91.73,1.23,2.38,0.51,97.41
20181122,1.51,5.6014,3.011,2.6983,0.54,25.33,29.2,21.9,86.22,1.48,2.72,0.61,97.45
20181123,8.39,4.387,0.6833,2.8848,0.42,25.2,28.11,23.65,90.96,1.36,2.19,0.55,97.56
20181124,12.99,2.5896,0.3542,1.7755,0.25,24.48,27.39,22.95,90.88,1.39,2.43,0.58,97.63
20181125,0.55,4.8586,1.0709,3.0934,0.47,25.42,28.97,22.93,85.06,1.07,1.74,0.47,97.63
20181126,1.19,6.0598,4.2842,2.7394,0.58,25.45,28.79,22.42,87.43,1.18,2.0,0.54,97.58
20181127,18.31,5.8522,3.7217,2.8039,0.56,25.24,27.91,23.56,91.22,1.02,1.92,0.45,97.62
20181128,12.73,3.197,0.1049,2.3621,0.31,24.11,26.36,22.47,92.59,1.13,1.54,0.5,97.6
20181129,26.44,5.903,4.1767,2.4031,0.57,24.61,27.98,22.14,89.42,1.38,2.29,0.56,97.58
20181130,8.85,5.5178,2.1137,3.3504,0.53,25.08,28.16,23.4,88.54,0.91,1.85,0.4,97.59
20181201,10.43,5.6299,4.3378,2.1612,0.54,25.46,28.8,23.02,87.52,1.42,2.32,0.53,97.45
20181202,7.38,4.4342,1.4566,2.5814,0.43,24.65,26.75,23.33,92.79,1.0,1.39,0.39,97.49
20181203,9.67,6.1286,4.6591,2.382,0.59,24.93,27.06,23.44,91.87,0.99,1.77,0.44,97.5
20181204,6.04,6.3458,5.6587,2.1619,0.61,25.61,29.47,23.04,88.09,1.05,1.71,0.46,97.45
20181205,2.94,5.922,3.8894,2.772,0.57,25.76,29.7,22.58,85.79,1.13,2.07,0.47,97.29
20181206,4.1,6.3991,6.0226,2.2176,0.62,26.16,29.95,22.97,88.88,1.45,2.12,0.65,97.17
20181207,19.54,5.0926,3.2232,2.4497,0.49,26.07,28.34,24.09,91.99,0.91,1.23,0.45,97.18
20181208,20.85,4.4808,1.475,2.6563,0.43,25.81,27.95,24.26,93.4,1.14,1.6,0.52,97.26
20181209,10.47,4.7426,1.9786,2.7221,0.46,25.77,27.6,24.67,92.87,1.15,1.9,0.54,97.25
20181210,6.81,5.2594,1.957,3.0871,0.51,25.95,28.67,24.35,91.26,0.99,1.68,0.51,97.24
20181211,5.08,5.7643,4.5197,2.4043,0.56,26.78,30.38,24.2,86.59,1.11,2.17,0.53,97.19
20181212,2.59,5.9141,4.4964,2.4643,0.57,26.7,30.48,23.18,86.6,1.07,2.04,0.52,97.17
20181213,13.25,5.5522,3.2299,3.0984,0.54,26.27,28.46,24.68,92.54,1.05,1.84,0.4,97.22
20181214,9.99,5.5613,3.5458,2.5034,0.54,26.21,29.01,24.62,91.89,1.17,2.09,0.54,97.27
20181215,1.84,5.2879,2.5925,2.8978,0.51,25.99,28.8,24.05,89.62,1.24,2.32,0.56,97.34
20181216,6.5,4.566,1.4002,3.0338,0.44,24.88,27.43,23.14,91.51,1.37,2.19,0.62,97.41
20181217,7.64,5.4216,3.3235,2.539,0.52,24.95,28.07,22.72,89.74,1.27,2.0,0.59,97.41
20181218,16.88,4.4453,1.3442,2.6897,0.43,24.41,27.13,22.44,93.86,1.37,2.54,0.59,97.4
20181219,2.76,5.0122,2.0959,2.8574,0.48,24.4,26.58,22.75,90.27,1.13,1.76,0.51,97.43
20181220,3.05,5.9947,5.0777,2.1341,0.58,25.44,29.16,22.73,88.37,1.55,2.48,0.7,97.29
20181221,7.36,4.6615,0.9874,2.976,0.45,25.35,28.08,23.54,91.91,1.31,1.93,0.58,97.28
20181222,21.48,4.5086,1.0937,3.0576,0.44,25.44,28.07,23.75,92.82,1.39,2.25,0.63,97.22
20181223,11.73,4.0795,0.2328,3.0365,0.39,25.26,27.47,23.55,91.12,1.02,1.73,0.48,97.23
20181224,0.64,5.6616,2.7905,2.9592,0.55,25.36,28.9,22.71,88.75,1.08,1.99,0.48,97.18
20181225,6.38,4.3133,1.2684,2.8106,0.42,24.51,27.43,22.54,89.4,1.34,2.16,0.55,97.22
20181226,17.86,4.4539,1.2043,2.9676,0.43,24.78,27.85,22.59,90.2,1.19,2.27,0.48,97.04
20181227,9.47,3.9139,0.7145,2.5685,0.38,25.24,27.94,23.19,90.07,1.17,2.16,0.51,97.04
20181228,19.55,4.9486,1.7542,3.1834,0.48,25.55,28.91,22.75,88.55,1.31,2.27,0.57,97.06
20181229,9.59,4.7866,1.0486,2.8668,0.46,25.37,27.6,23.38,92.66,0.94,2.02,0.55,97.21
20181230,1.99,5.6297,2.7559,3.2186,0.54,25.22,29.14,22.49,84.74,1.11,1.69,0.38,97.25
20181231,0.19,4.4429,0.6173,3.181,0.43,25.63,29.03,23.38,82.98,1.43,2.21,0.54,97.29
20190101,2.83,5.5286,3.8693,2.6294,0.53,25.43,29.28,23.1,85.44,1.53,1.93,0.58,97.3
20190102,1.01,5.5632,1.9699,3.7303,0.54,24.91,28.15,22.51,85.68,1.14,1.71,0.46,97.46
20190103,0.79,5.293,4.0109,2.1264,0.51,25.58,29.03,22.99,86.72,1.34,2.33,0.54,97.58
20190104,3.74,6.3696,5.4768,2.2262,0.61,25.59,29.06,22.73,84.8,1.22,1.79,0.5,97.68
20190105,14.06,5.8066,3.7003,2.5498,0.56,24.75,27.55,22.93,91.68,1.19,2.23,0.54,97.65
20190106,1.64,5.8819,4.7474,2.3369,0.56,25.34,29.01,22.32,85.7,1.57,2.47,0.67,97.44
20190107,1.45,6.1474,5.4067,2.0698,0.59,25.29,28.16,23.14,89.56,1.39,2.5,0.56,97.4
20190108,4.09,6.5071,6.1022,1.9303,0.62,25.63,29.19,22.81,86.25,1.31,2.36,0.48,97.41
20190109,4.14,6.3982,5.6386,2.1029,0.61,25.79,28.11,24.06,92.22,0.95,2.03,0.46,97.42
20190110,4.98,5.3172,3.1495,2.5615,0.51,25.26,27.08,23.74,92.61,0.67,1.24,0.31,97.43
20190111,6.86,6.2107,5.2462,2.4178,0.59,25.53,29.1,22.71,88.77,1.44,2.26,0.61,97.38
20190112,3.65,5.0856,3.0535,2.3153,0.49,24.81,26.3,23.68,94.07,1.23,1.75,0.46,97.42
20190113,14.04,4.1796,1.3814,2.4614,0.4,25.15,28.12,23.2,91.54,1.22,2.22,0.56,97.27
20190114,24.19,4.8137,3.2369,2.0383,0.46,24.87,27.09,23.49,93.2,1.31,2.04,0.58,97.24
20190115,8.5,5.2097,3.635,2.0942,0.5,25.1,28.24,22.5,89.86,1.22,2.0,0.48,97.3
20190116,5.03,4.5158,1.086,2.8445,0.43,24.86,27.16,22.63,90.53,0.95,1.43,0.46,97.31
20190117,2.44,3.6389,0.4066,2.5742,0.35,24.57,27.69,22.15,90.02,1.33,2.01,0.59,97.29
20190118,6.5,4.2566,0.6509,2.8855,0.41,24.35,26.21,23.03,94.83,1.32,2.2,0.63,97.33
20190119,6.71,5.2037,1.7911,3.3679,0.5,24.43,28.17,21.9,89.47,1.26,1.94,0.48,97.34
20190120,10.58,5.0482,3.0161,2.8303,0.48,25.16,28.19,22.18,89.11,1.23,1.81,0.48,97.18
20190121,13.95,4.83,0.8189,3.3943,0.46,25.98,27.89,24.48,90.91,0.88,1.67,0.44,97.14
20190122,3.86,4.8125,0.7841,3.2954,0.46,26.17,28.15,24.45,87.35,1.0,1.99,0.48,97.25
20190123,10.28,6.0881,4.6183,2.4163,0.58,25.21,27.48,23.63,92.91,1.02,1.64,0.42,97.33
20190124,15.16,2.0107,0.2023,1.4429,0.19,24.16,26.59,21.76,94.01,1.52,2.37,0.69,97.51
20190125,1.33,4.7662,1.4722,3.3074,0.45,24.63,29.41,20.71,83.52,1.41,1.83,0.52,97.48
20190126,1.39,5.4466,2.2682,3.7236,0.52,25.03,28.57,22.48,84.59,1.37,1.72,0.52,97.48
20190127,0.68,5.0066,1.1659,3.5947,0.47,25.08,28.92,22.13,84.18,1.39,2.19,0.59,97.38
20190128,11.92,4.9123,1.1302,3.3619,0.46,25.38,29.08,22.76,87.44,1.55,2.17,0.67,97.32
20190129,11.34,4.7767,2.3045,2.8601,0.45,24.53,28.06,21.72,90.52,1.56,2.44,0.66,97.38
20190130,4.09,5.6261,2.0177,3.5093,0.53,25.68,30.14,22.48,86.38,1.54,2.62,0.58,97.28
20190131,2.79,6.2842,4.5161,2.7662,0.59,25.71,30.25,22.37,84.9,1.66,2.72,0.7,97.24
20190201,1.9,6.2986,4.4777,2.7022,0.59,25.5,28.39,22.83,86.88,1.26,2.03,0.54,97.3
20190202,4.45,4.9128,3.8453,1.7921,0.46,26.08,29.46,23.63,85.42,1.54,2.49,0.61,97.32
20190203,1.72,6.0852,5.6453,2.045,0.57,26.1,29.76,23.45,80.14,1.14,2.06,0.42,97.34
20190204,8.63,5.2613,2.453,2.8872,0.5,26.27,29.76,23.99,85.14,0.92,1.55,0.32,97.23
20190205,5.95,5.5325,2.7401,2.7749,0.52,25.86,28.62,23.95,89.0,1.43,2.22,0.59,97.21
20190206,1.6,6.5422,5.4233,2.1958,0.62,25.16,27.86,23.3,89.76,1.72,2.6,0.74,97.36
20190207,0.57,6.8318,5.8862,2.1917,0.64,25.44,29.52,22.95,82.46,1.34,1.86,0.52,97.47
20190208,0.32,6.4886,5.4038,2.1754,0.61,25.58,29.32,22.91,83.3,1.34,1.97,0.53,97.43
20190209,2.95,5.8946,4.0956,2.3484,0.55,25.46,28.88,22.42,82.51,1.52,2.59,0.63,97.39
20190210,8.81,4.8955,1.602,2.904,0.46,25.97,29.0,23.94,86.5,1.51,2.67,0.62,97.6
20190211,27.75,4.6361,2.0801,2.5795,0.44,25.34,27.33,24.09,94.55,2.02,3.74,0.84,97.73
20190212,4.17,5.053,1.8394,2.9222,0.47,25.25,27.74,24.11,92.68,1.01,1.62,0.51,97.74
20190213,15.4,4.0766,1.0946,2.5879,0.38,24.45,25.85,23.02,95.44,1.06,1.6,0.48,97.75
20190214,9.17,4.8672,1.1758,3.1716,0.46,24.56,27.47,22.58,89.99,1.11,1.92,0.49,97.71
20190215,13.53,4.5907,0.8971,3.0353,0.43,24.8,27.95,22.16,89.27,1.27,2.5,0.57,97.75
20190216,3.84,4.3663,1.4719,2.861,0.41,25.51,29.41,22.43,86.53,1.35,2.34,0.56,97.63
20190217,0.88,5.0218,2.4262,2.5248,0.47,25.39,28.56,23.57,89.7,1.36,2.62,0.64,97.58
20190218,9.18,6.4054,5.1821,2.2992,0.6,24.29,26.55,22.52,92.41,1.11,1.76,0.52,97.68
20190219,20.83,3.8438,1.4808,2.3165,0.36,24.33,27.08,22.02,93.42,1.49,2.88,0.63,97.7
20190220,5.99,4.6694,0.8623,3.0336,0.44,24.38,26.15,22.96,95.11,1.29,1.84,0.62,97.74
20190221,3.77,5.9316,3.9199,2.8378,0.56,24.33,27.28,21.99,89.91,1.11,1.44,0.46,97.67
20190222,0.84,5.4468,2.8872,2.677,0.51,24.86,28.62,22.16,87.6,1.51,2.31,0.6,97.55
20190223,1.36,6.6763,5.2382,2.6885,0.63,25.03,28.51,22.11,86.1,1.23,1.96,0.5,97.42
20190224,16.7,6.5014,5.4454,2.226,0.61,25.39,29.11,22.66,88.62,1.39,2.33,0.57,97.45
20190225,6.54,5.219,2.3808,2.7682,0.49,25.4,28.77,23.68,89.26,1.34,2.36,0.6,97.6
20190226,3.22,5.543,2.2951,3.0031,0.52,24.73,27.55,22.81,91.88,1.28,2.19,0.52,97.58
20190227,7.62,6.2647,5.0988,2.2322,0.59,25.07,28.34,22.75,86.97,1.29,2.29,0.49,97.39
20190228,6.74,4.7429,0.937,3.1174,0.45,25.64,29.03,23.36,86.65,1.23,2.29,0.48,97.4
20190301,8.24,4.1758,1.9202,2.537,0.39,24.48,26.89,23.11,92.27,1.05,2.2,0.41,97.38
20190302,53.46,4.6834,2.3558,2.3894,0.44,24.79,26.62,23.16,93.92,1.69,2.46,0.71,97.42
20190303,8.88,6.269,4.5806,2.3383,0.59,25.16,27.98,23.17,90.2,1.22,2.09,0.5,97.39
20190304,33.45,5.5658,3.043,2.7031,0.52,24.47,26.61,23.24,92.83,1.14,2.02,0.5,97.45
20190305,13.82,3.7404,0.2635,2.6112,0.35,24.4,25.52,23.33,93.64,0.92,1.48,0.43,97.5
20190306,0.85,6.2688,4.2264,2.5001,0.59,25.18,28.03,22.74,87.47,1.17,2.02,0.46,97.49
20190307,10.34,6.3533,5.1084,2.389,0.6,25.09,28.34,22.72,89.28,1.2,1.95,0.47,97.5
20190308,24.06,1.8094,0.1044,1.3714,0.17,24.68,27.29,22.8,92.75,1.16,1.92,0.52,97.48
20190309,8.72,3.7622,0.2803,2.7413,0.36,23.46,26.73,21.14,90.87,1.39,2.43,0.52,97.6
20190310,13.63,5.3777,3.1188,2.5289,0.51,24.22,28.17,21.24,86.29,1.27,1.64,0.47,97.54
20190311,14.31,4.3478,0.6931,2.8632,0.41,24.55,28.05,22.31,91.34,0.78,1.48,0.35,97.61
20190312,4.07,6.1942,4.541,2.3954,0.59,24.65,28.35,22.05,87.21,1.04,1.98,0.4,97.61
20190313,11.51,5.1499,1.9898,2.8738,0.49,24.62,26.67,23.24,93.39,1.15,1.86,0.56,97.51
20190314,10.38,4.8674,0.9475,3.2134,0.46,24.5,26.62,22.74,91.75,1.0,2.46,0.49,97.54
20190315,7.68,1.848,0.1246,1.3673,0.18,24.25,27.9,21.85,90.55,0.91,1.51,0.33,97.5
20190316,10.21,5.3278,2.2493,2.9292,0.51,24.14,27.72,21.67,89.73,1.02,1.62,0.39,97.54
20190317,5.9,4.8233,2.3875,2.603,0.46,23.64,26.73,21.03,87.32,1.36,1.91,0.49,97.59
20190318,3.62,3.5369,0.3982,2.3738,0.34,23.23,26.36,20.22,86.93,1.54,2.35,0.6,97.56
20190319,2.4,4.518,0.5585,3.1507,0.43,23.19,26.13,20.96,88.47,1.46,2.22,0.57,97.48
20190320,0.38,6.8688,6.4802,1.9627,0.66,24.74,28.67,21.62,82.67,1.39,1.84,0.52,97.39
20190321,0.65,7.0932,6.9377,1.86,0.68,25.23,29.24,21.88,83.62,1.35,2.01,0.56,97.35
20190322,0.77,6.5858,5.7535,2.3926,0.63,25.66,29.4,22.43,86.41,1.51,2.55,0.64,97.31
20190323,1.37,6.1106,4.3651,2.6249,0.59,25.96,28.95,24.05,89.86,0.92,1.9,0.43,97.34
20190324,23.22,5.9542,4.4947,2.0923,0.57,25.21,28.41,23.38,90.85,1.17,1.91,0.41,97.53
20190325,6.33,6.1925,4.4239,2.599,0.6,25.3,29.35,21.81,81.95,1.19,1.79,0.44,97.57
20190326,3.54,5.6834,3.612,2.4982,0.55,25.04,28.42,23.15,86.19,1.02,1.7,0.36,97.65
20190327,10.26,5.5517,4.1261,2.1269,0.54,24.76,26.92,23.29,92.77,1.2,2.17,0.59,97.5
20190328,14.64,5.1048,2.5774,2.7158,0.49,25.16,27.87,23.39,89.99,1.1,1.98,0.44,97.4
20190329,20.49,5.6306,3.685,2.4014,0.55,24.74,27.52,22.55,90.99,1.11,2.07,0.48,97.4
20190330,15.02,3.9586,0.9312,2.5644,0.38,24.68,28.1,21.87,90.47,1.12,2.19,0.47,97.44
20190331,8.21,4.5878,1.5194,2.8325,0.45,24.63,27.25,22.62,91.96,1.23,2.09,0.61,97.49
20190401,10.61,5.3035,4.1626,1.9438,0.52,24.61,27.68,22.46,92.64,1.38,2.21,0.6,97.44
20190402,10.23,4.6694,1.687,2.7955,0.46,25.2,27.96,23.58,91.5,1.44,2.86,0.68,97.37
20190403,6.23,5.6995,2.929,2.7746,0.56,26.18,29.81,23.87,85.97,0.73,1.19,0.36,97.3
20190404,22.45,4.6745,1.446,3.0158,0.46,25.14,28.91,22.62,89.75,1.22,1.89,0.46,97.44
20190405,12.89,5.5138,3.4502,2.6501,0.54,25.29,29.11,23.0,89.41,1.06,1.83,0.39,97.53
20190406,5.47,6.1306,5.3486,1.9068,0.6,25.19,28.62,22.79,88.84,1.11,1.9,0.44,97.57
20190407,1.4,5.0866,1.7657,3.108,0.5,24.71,28.4,22.82,86.31,0.91,1.36,0.34,97.59
20190408,0.42,5.2354,1.9884,2.7588,0.52,25.46,29.17,22.76,84.34,1.07,1.3,0.44,97.54
20190409,2.24,5.0686,2.0318,2.8894,0.5,24.95,27.64,23.01,90.41,1.19,1.79,0.49,97.62
20190410,19.19,5.2963,3.7027,2.2776,0.53,24.49,26.83,22.92,93.05,1.09,1.79,0.41,97.56
20190411,8.47,5.2195,2.4826,2.7876,0.52,24.51,27.52,22.79,90.5,0.94,1.78,0.4,97.57
20190412,2.62,5.3976,3.5482,2.4538,0.54,25.42,29.09,23.07,87.09,1.16,2.23,0.5,97.49
20190413,5.96,5.1482,2.6318,3.1447,0.52,25.05,28.0,23.12,90.24,1.07,1.65,0.48,97.53
20190414,35.32,4.1112,0.7037,2.7974,0.41,24.29,26.73,22.47,91.03,0.89,1.26,0.3,97.52
20190415,4.57,3.8664,0.6958,2.4756,0.39,24.57,26.75,23.25,93.29,1.01,1.7,0.49,97.54
20190416,8.42,5.4864,2.5584,2.8025,0.55,24.56,27.43,22.6,90.61,0.87,1.19,0.37,97.57
20190417,3.99,5.8906,4.7741,2.1062,0.6,25.11,28.07,23.29,89.32,1.21,2.12,0.52,97.58
20190418,37.38,5.699,4.5029,2.1521,0.58,24.82,27.94,22.81,90.46,1.09,2.06,0.5,97.59
20190419,17.29,5.5704,4.943,1.7976,0.57,25.1,28.54,22.65,88.17,1.14,2.17,0.48,97.48
20190420,30.23,4.3092,1.0157,2.6688,0.44,25.51,28.49,23.69,91.12,1.48,2.38,0.7,97.33
20190421,16.2,3.2604,0.3252,2.37,0.33,25.28,28.17,23.57,92.71,1.06,1.38,0.47,97.38
20190422,29.34,4.4971,2.6318,2.1048,0.46,25.49,28.6,23.39,92.31,1.59,2.7,0.67,97.32
20190423,5.95,4.0898,1.9793,2.2171,0.42,25.44,28.53,23.59,91.62,1.4,2.12,0.61,97.39
20190424,10.54,5.0026,2.7101,2.5764,0.51,25.73,27.97,24.04,92.95,1.47,2.37,0.56,97.36
20190425,8.43,3.0946,0.8462,2.1974,0.32,25.52,26.8,24.83,95.91,1.53,2.04,0.64,97.28
20190426,7.07,3.7529,0.4915,2.6633,0.39,24.97,25.67,23.65,96.56,1.43,2.2,0.62,97.3
20190427,4.78,5.142,3.3065,2.4962,0.53,25.13,27.77,22.86,88.2,0.99,1.8,0.39,97.38
20190428,17.41,4.7794,3.4783,2.0266,0.5,25.15,27.71,23.56,93.28,1.15,2.04,0.47,97.38
20190429,14.47,4.4004,1.8931,2.525,0.46,25.38,28.0,23.31,92.41,1.37,2.51,0.57,97.33
20190430,54.78,3.4361,0.5011,2.3215,0.36,24.76,25.91,23.46,96.75,1.46,2.21,0.6,97.37
20190501,23.29,4.2096,0.6286,2.8284,0.44,24.66,26.55,23.12,93.8,1.13,1.92,0.56,97.43
20190502,5.77,3.4975,0.0924,2.6318,0.37,24.81,27.06,23.07,92.17,0.73,1.67,0.41,97.53
20190503,19.09,3.9252,0.8244,2.6129,0.41,24.53,27.27,22.45,91.7,1.24,2.37,0.48,97.54
20190504,24.01,4.2336,1.3488,2.4569,0.45,25.03,28.11,22.91,89.75,1.31,2.23,0.57,97.53
20190505,15.78,4.223,0.8222,2.8901,0.45,23.95,25.37,22.82,94.68,0.66,1.39,0.36,97.54
20190506,12.48,4.8929,3.0026,2.2538,0.52,24.55,28.18,21.59,89.24,0.95,1.69,0.33,97.47
20190507,10.22,5.0117,4.2382,1.8648,0.53,25.08,28.19,22.42,91.27,0.87,1.59,0.36,97.41
20190508,11.59,5.2214,5.0849,1.6574,0.56,25.18,27.42,23.06,93.26,0.86,1.37,0.36,97.32
20190509,6.51,4.8826,2.958,2.4694,0.52,25.21,27.02,23.56,94.36,0.76,1.39,0.32,97.44
20190510,13.18,5.5918,4.8499,1.8434,0.6,25.36,28.39,23.24,93.54,1.1,1.83,0.48,97.59
20190511,27.13,2.3599,0.4421,1.6145,0.25,24.76,26.82,23.24,94.59,1.31,1.77,0.65,97.68
20190512,3.35,5.989,6.0845,1.6668,0.65,24.41,27.16,22.19,90.95,0.92,1.44,0.38,97.64
20190513,1.52,5.5522,4.8046,2.2416,0.6,24.67,27.51,22.29,91.33,1.35,2.07,0.6,97.61
20190514,8.03,5.2829,4.3138,2.0534,0.57,24.74,26.55,23.8,95.9,1.47,1.92,0.67,97.6
20190515,11.61,4.133,1.0733,2.8022,0.45,24.44,25.46,23.61,97.89,1.28,2.0,0.52,97.57
20190516,6.03,4.8583,3.3298,2.2217,0.53,25.12,26.79,23.57,91.23,0.69,1.43,0.38,97.48
20190517,4.28,4.2874,1.6306,2.4538,0.47,25.3,27.65,22.72,89.19,0.98,1.3,0.48,97.49
20190518,5.32,4.0334,1.5346,2.4144,0.44,25.66,28.28,24.19,89.7,1.31,2.09,0.6,97.54
20190519,9.97,3.4054,0.9792,2.0887,0.37,24.07,25.89,22.53,93.77,1.08,1.63,0.44,97.62
20190520,16.46,4.1827,1.1789,2.597,0.46,23.83,26.64,21.76,92.93,0.85,1.55,0.47,97.6
20190521,1.67,4.8878,3.683,2.088,0.54,25.24,28.45,22.62,89.04,1.37,2.29,0.57,97.54
20190522,8.94,4.4266,3.4212,1.9807,0.49,24.74,26.7,23.79,95.15,1.06,1.72,0.49,97.63
20190523,18.14,3.7771,1.4599,2.0882,0.42,24.7,25.77,23.59,95.35,0.75,1.36,0.36,97.62
20190524,4.25,3.8059,1.422,2.2812,0.42,24.85,26.61,23.45,94.81,1.15,1.81,0.47,97.55
20190525,4.29,5.3201,4.4784,2.0458,0.59,24.59,26.48,23.27,93.65,0.97,1.27,0.41,97.56
20190526,4.18,4.405,2.7662,2.256,0.49,24.34,26.53,23.24,93.8,1.13,1.8,0.46,97.55
20190527,36.51,3.9847,1.7458,2.3938,0.44,24.24,26.54,22.6,94.42,1.24,2.16,0.53,97.57
20190528,37.01,2.9294,0.6629,1.9272,0.33,23.78,24.9,23.05,97.08,1.31,2.03,0.57,97.57
20190529,24.78,5.0098,3.8522,2.1569,0.56,24.65,27.31,23.08,93.24,1.34,2.47,0.57,97.45
20190530,5.88,5.0311,4.6594,1.8679,0.56,24.74,27.76,22.38,91.03,1.35,2.36,0.57,97.43
20190531,28.32,5.0842,4.3812,2.4458,0.57,24.43,25.26,23.68,97.63,1.37,2.02,0.56,97.45
20190601,28.02,3.3888,1.3608,2.1226,0.38,24.47,25.39,23.68,96.03,1.07,1.53,0.46,97.35
20190602,30.4,3.0773,0.2592,2.2694,0.35,24.45,25.93,23.52,96.7,1.65,2.14,0.62,97.35
20190603,28.67,3.3079,0.7776,2.3107,0.37,24.17,26.51,22.82,94.07,1.53,2.03,0.61,97.4
20190604,20.38,3.1462,1.1134,2.0194,0.36,24.12,26.38,22.73,93.69,1.01,1.63,0.46,97.4
20190605,23.82,4.6675,3.4034,2.2094,0.53,24.06,25.8,22.81,96.22,1.33,2.2,0.54,97.43
20190606,17.33,4.6956,4.1309,1.7842,0.53,24.12,25.82,22.87,95.43,1.3,2.03,0.51,97.56
20190607,13.32,3.51,2.2471,1.8427,0.4,24.49,26.18,23.51,96.05,1.4,2.11,0.57,97.57
20190608,19.33,3.9682,2.7986,1.8905,0.45,24.31,25.67,23.47,96.47,1.21,1.7,0.48,97.51
20190609,11.38,2.4317,0.5213,1.6478,0.28,24.39,25.65,23.35,96.92,1.27,1.85,0.49,97.47
20190610,6.92,4.0318,1.5946,2.5277,0.46,24.81,26.74,23.64,96.28,1.48,2.29,0.55,97.41
20190611,8.63,4.9951,4.6999,1.9157,0.57,24.48,26.11,23.14,95.64,1.39,2.18,0.55,97.6
20190612,15.66,4.2451,2.5174,2.1331,0.48,24.42,27.11,22.55,93.34,1.3,2.55,0.53,97.65
20190613,4.3,3.5671,0.3317,2.6105,0.41,24.51,27.28,22.85,92.98,1.06,1.78,0.45,97.53
20190614,31.71,3.4841,1.8425,1.9202,0.4,24.1,26.25,22.95,94.66,1.27,2.26,0.5,97.46
20190615,43.32,3.9298,1.7167,2.2853,0.45,23.45,24.72,22.68,96.42,1.12,1.57,0.45,97.5
20190616,28.43,3.2856,0.7858,2.0278,0.38,23.3,24.86,22.19,96.29,1.12,1.59,0.48,97.62
20190617,35.96,2.9136,0.719,1.8269,0.33,22.89,24.16,21.97,95.58,1.07,1.48,0.48,97.62
20190618,31.64,2.6381,0.3809,1.7986,0.3,23.24,25.93,21.83,93.48,1.52,2.48,0.64,97.62
20190619,2.42,4.4933,2.2097,2.4146,0.52,22.97,25.87,20.9,92.88,1.24,1.82,0.53,97.55
20190620,3.43,3.516,0.8438,2.2771,0.4,22.88,25.55,21.2,94.29,1.55,2.59,0.65,97.59
20190621,5.21,3.8705,2.5051,1.8746,0.44,23.15,25.35,21.8,94.28,1.29,2.07,0.57,97.53
20190622,10.93,2.737,0.6998,1.691,0.31,23.19,24.96,21.97,95.83,1.5,2.34,0.62,97.46
20190623,9.65,2.7254,0.7831,1.7873,0.31,22.74,23.73,22.01,97.23,1.13,1.73,0.5,97.56
20190624,15.96,3.017,1.2293,1.7611,0.35,23.43,24.85,22.39,95.31,1.06,1.89,0.5,97.69
20190625,17.61,2.2778,0.6355,1.4333,0.26,23.54,25.84,22.28,94.15,1.05,1.92,0.39,97.71
20190626,7.47,2.641,1.3248,1.645,0.3,23.42,26.11,22.01,94.14,1.34,2.06,0.56,97.64
20190627,5.75,3.2678,1.5418,1.8902,0.37,23.89,26.91,22.12,92.94,1.51,2.2,0.61,97.5
20190628,15.44,3.0151,0.6281,2.0566,0.35,23.07,24.29,22.19,96.49,1.44,2.23,0.56,97.58
20190629,7.81,3.2182,1.1734,1.9594,0.37,23.38,25.55,21.79,95.49,1.32,2.41,0.53,97.59
20190630,26.8,4.4321,3.1212,2.04,0.51,23.94,25.76,22.5,96.47,1.07,1.69,0.37,97.46
20190701,38.91,3.0785,1.0644,1.9697,0.35,23.16,25.32,21.61,93.3,1.09,2.3,0.41,97.56
20190702,2.94,3.6869,2.46,1.8286,0.42,23.07,26.53,21.06,92.47,1.21,2.24,0.5,97.57
20190703,3.55,3.0497,1.3282,1.6949,0.35,23.0,25.94,21.38,92.26,1.32,2.38,0.58,97.62
20190704,28.38,2.7305,0.5767,1.8041,0.31,22.4,23.98,21.5,95.55,1.29,2.04,0.54,97.71
20190705,41.72,2.7538,0.7877,1.8046,0.31,22.28,24.22,21.27,94.11,1.32,2.15,0.55,97.71
20190706,4.24,3.8926,1.151,2.2985,0.44,22.04,23.49,21.05,94.72,0.94,1.27,0.4,97.73
20190707,3.27,3.203,1.0054,2.004,0.36,22.47,24.75,20.99,93.1,1.24,1.89,0.56,97.83
20190708,2.64,4.1318,2.1362,2.2526,0.47,23.28,26.17,21.72,94.4,1.38,2.3,0.54,97.76
20190709,24.47,4.0886,2.1953,2.1562,0.46,22.97,24.32,22.09,96.54,1.3,1.62,0.52,97.66
20190710,53.45,3.1553,0.7224,1.9826,0.36,22.46,24.17,21.74,95.7,1.33,2.24,0.55,97.73
20190711,28.31,4.0505,1.5907,2.3429,0.46,22.7,25.29,21.31,92.24,1.37,2.55,0.57,97.83
20190712,0.35,4.1345,3.7198,1.7242,0.47,22.07,24.92,20.35,90.52,1.58,2.66,0.67,97.75
20190713,0.99,4.6685,4.463,1.6589,0.53,21.88,24.24,20.19,90.77,1.49,2.58,0.68,97.64
20190714,2.57,3.7908,2.9738,1.7902,0.43,22.16,25.24,20.38,92.66,1.36,2.43,0.56,97.53
20190715,8.25,4.0642,2.837,1.9649,0.46,23.06,25.44,21.39,94.78,1.45,2.68,0.6,97.46
20190716,4.72,3.3384,1.5262,1.9097,0.38,23.37,26.02,21.88,94.71,1.43,2.5,0.59,97.45
20190717,15.97,2.987,1.477,1.6555,0.34,23.45,25.82,21.96,94.05,1.19,2.27,0.48,97.45
20190718,15.89,2.227,0.5215,1.4419,0.25,23.52,26.21,22.15,93.25,1.24,2.54,0.45,97.5
20190719,20.86,3.127,1.0109,1.853,0.35,23.2,25.23,21.88,94.51,1.1,2.08,0.45,97.54
20190720,3.47,3.7246,3.0972,1.5895,0.42,23.27,26.08,21.83,93.8,1.42,2.26,0.64,97.53
20190721,10.46,3.1193,1.5233,1.7971,0.35,22.68,24.98,21.46,95.19,1.2,2.06,0.5,97.49
20190722,3.96,3.115,1.4278,1.7597,0.35,22.43,25.14,21.04,93.28,1.2,2.35,0.49,97.47
20190723,23.34,2.2289,0.3922,1.465,0.25,22.32,24.42,20.99,95.84,1.18,1.96,0.47,97.58
20190724,37.02,3.6209,0.714,2.2404,0.4,23.13,25.49,21.62,94.99,1.26,2.21,0.49,97.62
20190725,14.92,3.3348,1.6687,1.7825,0.37,22.57,24.37,21.4,94.62,1.11,1.53,0.42,97.71
20190726,10.58,4.2247,3.2359,1.8487,0.47,22.83,26.16,21.27,92.01,1.29,2.36,0.57,97.59
20190727,11.58,2.9537,0.4255,1.9896,0.33,22.38,24.41,21.3,94.94,1.37,2.73,0.55,97.66
20190728,7.95,3.7085,1.6049,2.0849,0.41,22.13,23.98,21.19,94.61,1.31,2.31,0.54,97.71
20190729,10.03,3.0662,0.2107,2.2135,0.34,22.41,24.99,20.99,94.93,1.03,1.49,0.46,97.66
20190730,20.77,3.3989,1.5677,1.891,0.37,22.42,25.11,21.1,93.47,1.41,2.41,0.57,97.61
20190731,29.26,4.0531,1.6186,2.2469,0.44,22.37,24.86,21.15,94.36,1.58,2.7,0.65,97.66
20190801,33.86,3.0833,0.4135,2.1235,0.34,22.04,23.87,21.05,95.07,1.55,2.65,0.64,97.7
20190802,17.23,3.5657,0.5772,2.381,0.39,21.79,24.34,20.49,93.29,1.53,2.92,0.65,97.69
20190803,7.24,3.5359,0.9538,2.3184,0.38,22.15,24.62,20.78,93.83,1.45,2.62,0.62,97.62
20190804,13.43,3.7651,1.5648,2.1204,0.41,22.62,24.66,21.26,94.74,1.47,2.76,0.6,97.54
20190805,56.95,3.0166,0.5791,2.0059,0.33,22.82,24.55,21.79,95.17,1.3,2.41,0.52,97.49
20190806,54.33,3.211,0.5141,2.268,0.35,22.33,23.86,21.62,95.5,1.16,1.79,0.5,97.45
20190807,30.2,2.8889,0.5748,2.0962,0.31,22.98,25.03,21.63,95.94,1.23,2.38,0.45,97.42
20190808,15.42,3.7776,1.7338,2.0357,0.4,23.42,25.54,21.94,94.89,1.26,2.24,0.49,97.5
20190809,8.53,4.7863,4.2046,1.7916,0.51,24.51,27.42,22.11,90.09,1.16,2.24,0.42,97.53
20190810,36.6,3.4798,0.9235,2.209,0.37,24.07,26.18,22.65,93.81,1.03,2.01,0.39,97.68
20190811,4.57,4.0169,2.3498,1.9795,0.43,24.17,27.15,22.22,92.26,1.05,2.01,0.41,97.68
20190812,5.66,3.0631,0.9418,1.9884,0.33,23.95,27.19,22.17,91.07,0.76,1.54,0.38,97.75
20190813,9.34,3.6372,3.2278,1.4434,0.39,23.57,26.76,21.89,91.88,1.27,2.21,0.53,97.75
20190814,16.58,3.3586,1.1916,1.9145,0.35,23.04,25.43,21.88,94.39,1.43,2.02,0.54,97.84
20190815,5.88,4.5516,2.1929,2.4576,0.48,23.17,26.25,21.47,93.9,1.38,2.18,0.54,97.81
20190816,22.0,4.9068,3.6528,2.2049,0.52,23.06,24.34,22.12,95.86,1.26,2.19,0.44,97.74
20190817,16.72,2.9909,0.575,1.9963,0.31,23.81,27.03,21.41,91.96,0.99,1.58,0.4,97.72
20190818,7.03,3.4186,1.1323,2.1727,0.36,23.28,25.47,21.36,93.96,1.27,2.3,0.51,97.65
20190819,12.27,3.3264,1.2833,1.9642,0.35,23.66,26.46,21.98,93.65,1.55,2.87,0.63,97.59
20190820,1.37,5.4624,4.5869,1.8132,0.57,22.51,25.53,20.44,86.63,1.6,2.61,0.67,97.7
20190821,1.16,3.6943,2.2159,1.8089,0.38,22.49,25.92,20.2,90.47,1.31,2.63,0.59,97.55
20190822,20.59,4.6418,3.6893,1.9255,0.48,22.9,25.38,21.34,93.54,1.39,2.49,0.56,97.65
20190823,37.67,3.468,1.0044,2.1722,0.36,22.42,24.04,21.25,95.66,1.06,1.98,0.46,97.75
20190824,14.21,4.7102,3.7392,1.8012,0.49,22.8,26.01,21.13,92.81,1.45,2.54,0.58,97.68
20190825,4.41,4.4482,3.955,1.5862,0.46,23.2,26.47,21.22,92.76,1.39,2.18,0.6,97.57
20190826,5.45,3.0418,0.8642,1.7964,0.31,22.66,26.55,21.12,92.69,1.36,2.44,0.58,97.58
20190827,8.81,3.5875,1.9534,1.7671,0.37,22.97,26.62,20.95,92.12,1.62,2.7,0.7,97.58
20190828,11.8,2.4689,0.457,1.7215,0.25,22.12,24.78,20.86,92.51,1.47,2.67,0.59,97.75
20190829,10.78,3.7661,1.861,1.9997,0.38,21.81,24.19,20.36,92.62,1.43,2.36,0.62,97.7
20190830,6.87,2.7281,0.3394,1.9397,0.28,22.28,25.93,20.14,91.97,1.32,2.37,0.59,97.56
20190831,6.72,4.5624,3.521,1.8547,0.46,23.31,27.04,20.84,91.36,1.29,2.11,0.55,97.47
20190901,8.58,3.8645,1.7374,2.1199,0.39,22.6,25.2,21.34,93.38,1.58,2.51,0.66,97.63
20190902,5.52,3.7248,1.4926,2.077,0.38,22.41,24.88,20.85,93.12,1.54,2.46,0.64,97.63
20190903,6.44,3.6209,0.9574,2.3126,0.37,21.8,23.93,20.56,94.17,1.52,2.62,0.61,97.65
20190904,6.09,4.1736,1.9039,2.2889,0.42,22.12,24.77,20.74,93.4,1.27,2.41,0.54,97.68
20190905,1.29,4.5955,1.6363,2.867,0.46,23.15,26.72,20.56,89.97,1.04,1.97,0.44,97.66
20190906,0.87,4.3015,1.8293,2.3198,0.43,22.67,25.31,21.05,93.34,1.36,2.35,0.56,97.68
20190907,1.52,3.3475,1.2624,1.9056,0.33,22.46,25.69,20.53,92.17,1.43,2.32,0.6,97.77
20190908,1.72,4.1256,1.2955,2.585,0.41,22.23,24.98,20.47,92.47,1.62,2.72,0.67,97.78
20190909,0.28,5.3714,4.3908,2.0268,0.53,22.41,26.07,20.09,90.23,1.57,2.9,0.63,97.65
20190910,2.53,5.0561,3.5486,2.0952,0.5,22.32,25.37,20.13,90.91,1.64,2.86,0.67,97.64
20190911,2.1,3.3679,2.0436,1.6867,0.33,21.54,24.34,19.81,91.14,1.55,2.66,0.63,97.77
20190912,0.93,4.1062,2.4859,1.9438,0.41,21.9,25.2,19.59,89.91,1.55,2.74,0.69,97.73
20190913,1.91,3.7826,2.4127,1.9265,0.37,22.54,25.61,20.3,90.6,1.48,2.78,0.64,97.68
20190914,2.39,3.3982,1.5924,1.8744,0.34,22.57,25.68,20.5,91.37,1.42,2.58,0.6,97.72
20190915,2.9,3.3787,1.26,1.8526,0.33,23.01,26.01,20.75,90.9,1.24,2.49,0.49,97.66
20190916,19.82,3.5621,1.0462,2.2106,0.35,22.89,24.91,21.5,94.21,1.03,1.49,0.38,97.71
20190917,26.56,3.6336,1.2053,2.2188,0.36,23.41,26.31,21.08,91.47,1.04,2.24,0.42,97.76
20190918,6.48,5.5927,4.0416,2.177,0.55,23.58,26.21,21.87,91.9,1.15,2.02,0.44,97.81
20190919,18.61,5.0712,3.2796,2.1586,0.5,23.54,26.22,21.88,94.1,1.26,1.9,0.42,97.69
20190920,26.79,2.8517,0.4306,1.9886,0.28,23.08,24.77,21.65,95.7,1.2,2.17,0.43,97.65
20190921,13.2,3.1339,0.7051,2.0995,0.31,22.41,25.66,20.04,89.98,0.82,1.51,0.35,97.76
20190922,14.62,5.4631,3.3391,2.5166,0.53,23.47,26.13,21.46,88.51,1.18,2.22,0.47,97.78
20190923,15.59,5.5049,3.1534,2.6614,0.54,23.58,25.92,22.13,94.19,1.09,2.21,0.42,97.83
20190924,1.06,4.9073,2.6258,2.5183,0.48,24.26,28.07,21.6,88.71,1.21,1.93,0.48,97.73
20190925,10.3,4.1537,2.3278,2.0426,0.4,23.64,26.36,22.41,93.62,1.26,1.88,0.52,97.69
20190926,47.59,5.1218,3.6619,2.1768,0.5,23.82,26.41,22.33,94.11,1.43,2.65,0.59,97.69
20190927,24.99,2.9141,0.9202,1.9063,0.28,23.58,25.7,22.15,93.48,1.08,1.8,0.39,97.71
20190928,6.49,4.8108,1.4328,2.8745,0.46,23.06,25.42,21.42,93.22,0.84,1.12,0.24,97.73
20190929,16.28,5.7182,4.4194,1.9697,0.55,23.58,25.59,22.07,94.5,1.0,1.71,0.39,97.72
20190930,11.48,4.6104,1.5065,2.4986,0.44,24.49,27.1,22.9,93.52,1.8,2.89,0.7,97.61
20191001,39.79,2.737,1.0788,1.7386,0.26,23.37,25.99,20.46,92.49,1.3,2.03,0.46,97.69
20191002,3.62,4.968,2.1278,2.7535,0.48,24.4,27.76,22.46,89.18,1.19,2.16,0.46,97.69
20191003,30.25,5.1506,3.5558,2.1821,0.49,23.9,26.57,21.86,92.24,1.34,2.27,0.54,97.57
20191004,14.46,3.5522,0.5998,2.3438,0.34,23.8,26.44,22.34,93.16,0.96,1.84,0.44,97.6
20191005,17.54,4.8641,2.479,2.3743,0.47,24.09,27.5,21.71,91.01,1.58,2.68,0.67,97.56
20191006,23.14,4.7858,1.9548,2.5171,0.46,23.41,24.85,22.42,96.56,1.3,2.35,0.56,97.62
20191007,2.67,4.02,0.4044,2.7545,0.38,24.01,27.56,21.99,92.21,1.06,1.64,0.48,97.54
20191008,3.06,4.806,2.2594,2.4521,0.46,24.33,27.18,22.09,90.37,1.06,1.85,0.4,97.49
20191009,14.87,4.1066,0.8938,2.5373,0.39,23.97,26.02,22.62,95.09,1.18,1.6,0.45,97.57
20191010,25.99,3.8597,0.5986,2.5466,0.37,23.73,25.38,22.47,94.19,1.23,2.13,0.45,97.64
20191011,12.74,4.3829,1.8365,2.2262,0.42,24.23,27.82,22.22,89.49,1.24,2.4,0.47,97.58
20191012,14.37,5.4154,4.134,2.19,0.52,24.08,27.35,21.64,89.68,1.32,2.22,0.51,97.53
20191013,14.34,5.7084,4.0222,2.2879,0.54,24.33,27.72,22.25,92.34,1.18,2.22,0.56,97.58
20191014,4.32,3.9305,0.8796,2.4751,0.37,24.16,26.6,22.49,93.85,1.37,2.15,0.53,97.64
20191015,19.96,5.045,2.9422,2.3695,0.48,23.88,25.89,22.67,93.22,1.16,1.83,0.47,97.55
20191016,10.13,5.8577,4.0135,2.2824,0.56,23.48,26.01,21.43,92.47,1.01,1.63,0.44,97.61
20191017,3.03,5.1799,3.1193,2.431,0.49,24.44,27.73,21.96,91.38,1.0,1.86,0.45,97.6
20191018,1.2,3.6379,0.763,2.4655,0.35,24.6,27.89,21.95,90.13,1.37,2.03,0.54,97.6
20191019,0.38,5.6669,4.4237,2.2452,0.54,24.94,28.21,23.27,90.12,1.62,2.28,0.65,97.64
20191020,0.31,6.899,6.1363,2.028,0.66,24.47,27.32,22.59,90.67,1.14,1.63,0.46,97.6
20191021,2.84,5.3311,2.7821,2.669,0.51,24.09,27.68,22.06,89.47,1.4,1.97,0.62,97.56
20191022,2.13,5.8649,4.1321,2.381,0.56,24.11,27.06,22.04,91.64,1.32,2.42,0.5,97.41
20191023,1.26,4.4688,2.2862,2.225,0.42,24.01,26.66,21.55,91.42,1.21,1.85,0.45,97.44
20191024,3.79,6.0521,4.6356,2.3858,0.58,24.04,26.6,22.32,92.4,1.03,1.67,0.42,97.53
20191025,1.05,4.8936,1.2122,3.0271,0.47,24.49,27.94,22.3,89.83,1.04,1.77,0.47,97.52
20191026,12.86,4.9831,3.0334,2.3501,0.47,24.26,27.33,22.08,91.4,1.37,2.44,0.54,97.41
20191027,9.9,3.8227,1.3855,2.2474,0.36,24.22,26.07,22.92,93.57,0.96,1.71,0.43,97.34
20191028,9.53,6.1363,4.6255,2.4941,0.58,23.47,24.59,21.96,95.26,1.27,1.77,0.54,97.42
20191029,3.01,3.889,0.889,2.5114,0.37,23.47,26.4,21.27,92.51,1.05,2.14,0.48,97.49
20191030,0.33,5.4271,2.3755,3.0197,0.52,23.02,26.25,20.25,84.63,1.1,1.8,0.4,97.44
20191031,1.35,4.3181,1.0618,2.6537,0.41,24.06,26.89,21.59,90.13,0.96,1.28,0.4,97.28
20191101,5.02,2.8277,0.5683,1.9298,0.27,24.44,27.0,22.63,92.9,1.54,2.93,0.6,97.27
20191102,2.0,5.8702,3.9134,2.7098,0.56,24.71,27.75,22.22,87.64,1.0,1.79,0.36,97.39
20191103,4.06,4.4513,1.3522,2.7946,0.42,24.32,26.48,22.93,94.5,1.46,2.3,0.57,97.48
20191104,0.33,3.6907,0.8736,2.3546,0.35,23.96,26.69,21.85,92.23,1.16,2.34,0.46,97.53
20191105,0.35,5.1542,1.2137,3.5587,0.49,24.42,27.68,21.67,88.11,1.38,2.35,0.57,97.39
20191106,0.23,4.417,1.2053,2.6138,0.42,24.21,26.31,22.65,90.72,1.04,2.0,0.44,97.21
20191107,1.66,5.509,3.1706,2.5577,0.52,24.56,26.79,22.7,90.47,0.96,1.64,0.41,97.34
20191108,2.51,4.224,0.8465,2.8188,0.4,24.19,26.52,21.59,87.74,1.12,2.28,0.47,97.55
20191109,0.52,4.7165,1.4088,2.9014,0.45,23.84,28.01,21.13,83.95,1.32,1.9,0.46,97.55
20191110,3.36,4.8722,1.0505,3.0082,0.46,24.28,27.87,21.48,87.9,1.13,2.08,0.43,97.54
20191111,3.56,4.8938,1.3474,2.8932,0.47,24.35,28.58,21.2,87.17,1.05,1.72,0.46,97.53
20191112,9.11,6.2743,4.3891,2.5414,0.6,23.6,25.32,21.7,93.59,1.03,1.64,0.53,97.58
20191113,3.93,2.8514,0.0113,2.1631,0.27,22.64,24.98,20.97,91.63,0.76,1.15,0.3,97.65
20191114,27.55,5.1118,3.0674,2.2646,0.49,23.52,25.12,21.9,90.99,1.08,1.43,0.42,97.47
20191115,7.5,6.1102,4.6224,2.3657,0.58,24.58,28.11,21.84,89.63,1.0,1.94,0.44,97.43
20191116,2.47,5.7845,3.4061,2.676,0.55,25.57,29.02,23.53,88.56,0.91,1.6,0.41,97.57
20191117,1.58,5.0201,1.8816,2.7211,0.48,25.35,28.68,22.48,89.37,0.86,1.55,0.38,97.56
20191118,0.37,5.8819,4.9222,2.3575,0.56,25.09,27.95,22.95,91.01,1.6,2.73,0.66,97.48
20191119,0.22,6.138,5.167,2.0412,0.59,25.22,28.28,22.56,89.37,1.06,1.55,0.49,97.42
20191120,1.02,5.789,4.0457,2.4062,0.55,25.13,28.2,23.09,90.27,1.34,1.95,0.61,97.4
20191121,0.98,5.7475,3.9571,2.4751,0.55,25.45,28.41,23.31,89.13,0.9,1.81,0.42,97.45
20191122,0.61,5.371,3.4102,2.6028,0.51,25.48,28.73,23.29,90.2,1.07,1.97,0.49,97.51
20191123,0.33,5.4996,3.3854,2.5135,0.53,25.41,28.2,23.61,90.26,1.06,2.23,0.48,97.46
20191124,2.91,5.5272,2.6393,2.9246,0.53,25.26,28.75,22.15,88.48,1.27,2.11,0.5,97.42
20191125,24.23,4.0433,0.9365,2.3558,0.39,25.02,28.31,22.66,89.89,1.28,2.45,0.56,97.41
20191126,2.16,6.1054,4.374,2.5574,0.59,25.45,28.66,23.62,87.5,1.21,2.32,0.58,97.38
20191127,0.1,6.4886,5.3758,2.3604,0.62,25.5,29.37,22.07,85.73,1.03,1.69,0.4,97.36
20191128,0.08,6.3996,5.1134,2.4161,0.61,25.35,29.33,21.45,87.75,1.32,2.09,0.54,97.34
20191129,0.08,6.0677,5.3693,2.0914,0.58,25.51,29.03,23.49,89.19,1.24,2.2,0.55,97.32
20191130,3.14,4.3846,1.0498,2.7756,0.42,24.95,27.07,23.49,91.93,1.3,2.19,0.5,97.28
20191201,7.87,4.3414,2.0434,2.2776,0.42,24.82,27.64,23.07,91.68,1.09,1.75,0.4,97.27
20191202,4.09,4.7386,1.553,2.6724,0.46,24.74,26.87,22.9,90.45,0.77,1.32,0.37,97.26
20191203,28.56,3.2897,0.5995,2.0899,0.32,24.97,27.23,23.5,91.31,1.12,1.94,0.44,97.37
20191204,7.16,3.9202,1.5206,2.3117,0.38,23.85,25.97,22.03,91.34,0.74,1.17,0.24,97.52
20191205,6.84,6.2518,4.7885,2.4437,0.6,25.12,28.64,22.24,88.09,1.11,1.82,0.41,97.5
20191206,3.63,4.6018,1.5,2.8865,0.44,25.32,28.93,23.14,89.31,1.02,1.92,0.47,97.51
20191207,6.74,5.7818,4.6814,2.2882,0.56,25.5,28.39,23.99,90.38,0.98,2.03,0.45,97.46
20191208,12.55,5.7298,4.8048,2.1763,0.55,25.6,28.88,22.96,89.04,1.07,1.74,0.41,97.46
20191209,5.29,4.5941,1.9284,2.6957,0.44,25.84,28.58,24.17,91.23,1.37,2.35,0.51,97.41
20191210,4.98,5.0486,3.5419,2.2654,0.49,24.17,25.94,22.71,89.69,1.12,1.64,0.47,97.38
20191211,13.06,4.7532,2.2865,2.5034,0.46,24.02,25.6,22.89,93.0,0.83,1.35,0.33,97.4
20191212,6.44,4.9063,1.4141,2.9009,0.47,25.07,27.25,22.85,87.37,0.64,1.24,0.29,97.38
20191213,7.15,5.129,2.8879,2.5066,0.49,25.63,28.76,23.71,90.02,1.24,2.01,0.57,97.51
20191214,4.64,6.444,5.4557,2.1336,0.62,25.66,29.29,22.63,86.54,1.13,1.72,0.53,97.51
20191215,1.4,6.029,3.9871,2.735,0.58,25.51,29.01,22.5,86.79,1.09,1.58,0.45,97.38
20191216,0.73,6.1358,5.2346,2.1653,0.59,25.93,29.15,23.72,88.23,1.06,1.96,0.46,97.27
20191217,0.35,6.1718,5.4295,2.161,0.6,25.76,29.5,23.02,86.64,1.17,1.72,0.52,97.27
20191218,17.64,4.3702,0.7608,2.8759,0.42,25.18,28.2,23.17,90.21,1.12,1.54,0.47,97.3
20191219,15.31,5.1883,3.0811,2.4643,0.5,24.93,27.55,23.17,90.33,1.32,2.17,0.56,97.36
20191220,5.12,5.6448,3.6994,2.543,0.54,25.12,28.21,23.36,90.46,1.32,2.39,0.59,97.36
20191221,6.23,6.1224,4.5358,2.6102,0.59,25.19,28.76,23.13,87.92,0.95,1.47,0.39,97.36
20191222,6.16,6.1882,5.0765,2.2483,0.6,25.44,29.11,22.26,84.66,1.1,1.76,0.45,97.3
20191223,4.52,3.8772,0.4126,2.8193,0.37,25.83,29.14,23.19,88.06,1.02,1.62,0.4,97.37
20191224,5.84,4.0915,0.9086,2.67,0.39,24.95,26.47,23.84,90.59,1.04,1.65,0.36,97.4
20191225,40.68,5.2087,4.2314,1.9486,0.5,26.28,29.76,23.53,82.35,1.2,2.13,0.47,97.38
20191226,15.37,6.3233,5.6064,2.0225,0.61,25.04,28.92,21.32,85.12,1.05,1.65,0.39,97.44
20191227,3.08,6.6473,6.3014,2.051,0.64,25.85,29.45,23.02,86.38,1.34,1.79,0.51,97.35
20191228,9.06,5.7749,3.7121,2.7509,0.56,25.7,28.83,23.61,90.18,1.21,2.37,0.44,97.44
20191229,10.29,5.183,2.9719,2.5423,0.5,25.48,28.79,23.11,88.99,1.28,2.31,0.57,97.53
20191230,3.53,5.8087,4.891,2.2966,0.56,26.01,29.43,23.69,88.66,1.14,2.19,0.49,97.5
20191231,8.61,6.3773,5.1619,2.3292,0.61,25.92,28.62,24.23,91.59,1.06,1.5,0.49,97.47
20200101,9.37,4.6138,2.1137,2.5313,0.44,25.84,28.24,24.23,92.61,1.13,1.71,0.43,97.53
20200102,8.92,5.6294,3.3564,2.6064,0.54,25.35,27.61,23.87,89.57,1.13,1.79,0.46,97.56
20200103,22.13,5.0402,2.7739,2.8877,0.48,25.31,28.02,23.02,90.09,1.38,2.36,0.54,97.39
20200104,58.16,5.4874,3.7673,2.5054,0.53,25.32,27.21,23.97,93.64,1.13,1.75,0.49,97.27
20200105,18.49,5.6947,3.6602,2.6028,0.55,25.37,28.19,23.77,91.65,0.96,1.86,0.41,97.31
20200106,3.05,5.1341,1.4155,3.5446,0.49,24.82,28.12,22.7,89.23,1.28,1.99,0.53,97.42
20200107,1.48,5.369,1.9145,3.0756,0.52,24.61,28.2,22.15,85.68,1.21,1.65,0.47,97.4
20200108,14.6,4.7707,1.1189,3.1637,0.46,24.39,27.32,22.62,88.44,1.19,2.09,0.49,97.38
20200109,4.76,5.3878,2.1835,3.2362,0.52,24.79,27.83,22.53,89.75,1.26,2.38,0.49,97.27
20200110,2.12,6.2508,4.8374,2.549,0.6,25.37,28.76,22.63,86.87,1.22,1.86,0.49,97.2
20200111,2.75,5.8982,3.9396,2.5627,0.56,25.61,29.0,22.92,88.72,1.22,2.11,0.51,97.18
20200112,4.09,4.4083,1.4047,2.495,0.42,25.4,28.14,22.87,90.51,1.0,1.68,0.45,97.18
20200113,11.97,4.6565,1.5374,2.7883,0.45,24.96,28.15,22.58,90.14,1.12,2.22,0.47,97.33
20200114,2.81,5.7329,3.685,2.6239,0.55,25.74,29.35,22.37,86.37,0.93,1.81,0.38,97.35
20200115,7.23,5.5409,4.4388,2.1883,0.53,26.62,29.47,24.12,85.35,1.23,2.04,0.51,97.28
20200116,12.17,4.4635,1.0884,2.7917,0.43,26.38,28.14,25.05,88.0,1.01,1.97,0.48,97.34
20200117,1.89,6.4589,5.6441,2.1593,0.62,26.45,29.24,24.45,87.28,0.91,1.81,0.45,97.38
20200118,0.56,5.868,3.756,2.8774,0.56,25.61,28.1,23.36,89.87,1.45,2.52,0.53,97.41
20200119,1.03,6.4154,5.1202,2.4331,0.61,25.4,29.56,21.73,80.1,1.27,1.85,0.43,97.47
20200120,4.26,6.239,4.6985,2.4924,0.59,25.71,28.74,23.28,88.12,1.28,2.09,0.44,97.55
20200121,3.71,6.1387,5.5589,1.9003,0.58,25.46,27.9,23.43,90.16,1.08,1.62,0.44,97.69
20200122,1.2,6.5436,5.7773,2.1986,0.62,25.57,28.29,23.88,90.55,1.41,2.32,0.55,97.69
20200123,2.79,6.5494,6.4848,1.675,0.62,26.04,29.56,23.24,87.88,1.46,2.49,0.63,97.51
20200124,4.05,4.7858,2.1307,2.5121,0.45,25.34,26.95,24.12,94.51,1.6,2.75,0.68,97.56
20200125,3.06,4.8334,2.6275,2.4674,0.46,25.02,27.58,23.44,90.17,1.05,1.64,0.4,97.53
20200126,20.15,4.926,1.4575,2.8404,0.47,25.62,28.91,23.29,85.69,0.86,1.48,0.34,97.48
20200127,4.97,6.2376,4.4112,2.5243,0.59,25.77,29.44,23.07,87.02,1.03,1.53,0.41,97.43
20200128,6.12,6.1946,5.1478,2.2334,0.59,26.25,29.68,23.7,88.34,1.23,1.9,0.52,97.35
20200129,13.6,6.1558,5.3114,1.931,0.58,27.4,30.88,24.48,86.16,1.16,2.23,0.48,97.2
20200130,11.23,6.7248,6.6917,1.7225,0.64,26.14,28.76,24.01,90.48,0.96,1.49,0.38,97.35
20200131,20.43,5.2507,3.3934,2.4886,0.5,25.81,28.89,23.43,91.61,1.31,2.09,0.55,97.47
20200201,6.63,4.0061,0.2717,3.0192,0.38,25.34,29.11,22.87,88.66,0.99,1.71,0.42,97.62
20200202,5.35,6.0386,3.7032,2.5958,0.57,25.73,29.06,23.0,87.2,1.32,2.13,0.52,97.52
20200203,4.28,4.7743,0.7327,3.1877,0.45,25.42,28.18,23.56,89.3,1.25,2.04,0.56,97.57
20200204,12.81,5.603,3.0012,2.779,0.53,25.26,28.11,22.67,88.25,1.23,2.0,0.49,97.51
20200205,2.15,4.4153,0.2422,3.2338,0.42,25.22,28.89,21.98,85.46,1.15,1.66,0.39,97.47
20200206,1.38,6.1462,4.7635,2.3021,0.58,26.24,30.24,23.42,84.39,1.1,1.97,0.41,97.42
20200207,9.6,3.8575,1.0493,2.3172,0.36,25.57,28.84,23.76,89.7,1.1,1.92,0.46,97.53
20200208,19.73,5.4358,2.8462,2.7012,0.51,24.92,26.14,23.92,96.39,1.26,1.81,0.56,97.42
20200209,3.82,6.0101,4.7462,2.5284,0.57,25.64,27.76,24.21,91.12,1.15,1.84,0.57,97.35
20200210,27.83,6.0386,3.7373,2.8306,0.57,25.38,27.61,23.83,91.72,1.25,1.97,0.63,97.43
20200211,11.46,4.7388,0.9305,3.1392,0.45,24.94,27.68,23.03,92.73,1.36,2.04,0.63,97.57
20200212,9.63,4.8775,0.8906,3.1757,0.46,24.64,27.48,21.89,88.54,1.34,2.06,0.57,97.6
20200213,3.54,5.7139,3.2407,2.9004,0.54,25.33,28.33,22.85,89.69,1.4,2.26,0.6,97.51
20200214,0.66,6.4826,5.9705,2.0198,0.61,26.34,29.43,24.2,88.38,1.25,2.33,0.59,97.44
20200215,0.93,6.2599,4.8379,2.4389,0.59,26.13,29.96,23.12,88.36,1.24,2.07,0.52,97.5
20200216,1.26,6.5119,5.3294,2.4552,0.61,26.15,29.56,23.71,89.22,1.33,2.39,0.62,97.48
20200217,3.14,6.0586,4.0968,2.4883,0.57,25.83,28.59,23.6,90.8,1.17,1.94,0.57,97.49
20200218,4.67,5.6962,3.8102,2.4206,0.53,26.05,29.62,23.46,87.75,1.39,2.52,0.62,97.34
20200219,4.07,6.0902,4.2814,2.399,0.57,25.49,28.35,23.3,85.06,1.28,2.75,0.61,97.33
20200220,6.08,5.4348,2.2826,3.1646,0.51,24.87,27.71,22.69,90.01,0.92,1.34,0.39,97.35
20200221,8.28,5.3791,3.0348,2.6213,0.5,25.16,27.94,23.0,87.89,1.36,2.29,0.49,97.44
20200222,2.27,5.886,2.9933,2.9582,0.55,26.09,30.29,23.22,83.2,1.73,2.96,0.69,97.35
20200223,3.63,6.3578,4.5802,2.7682,0.6,26.27,30.04,23.49,87.06,1.33,2.21,0.6,97.28
20200224,17.29,5.6558,3.8863,2.3292,0.53,26.27,30.23,23.76,85.94,1.03,1.84,0.45,97.4
20200225,6.76,5.9606,4.5158,2.3321,0.56,26.18,28.81,24.08,89.32,0.91,1.59,0.42,97.41
20200226,3.65,6.5645,5.4713,2.2834,0.62,26.21,29.75,24.04,88.0,1.05,1.74,0.43,97.37
20200227,5.51,5.6309,2.9014,2.9815,0.53,25.92,29.48,23.41,88.44,1.15,2.01,0.44,97.36
20200228,4.72,6.7526,5.3206,2.3525,0.63,25.87,29.49,23.41,88.17,1.19,1.94,0.47,97.36
20200229,15.1,6.4608,4.5302,2.6057,0.61,24.49,27.67,21.57,86.6,0.99,1.62,0.34,97.42
20200301,6.32,6.3254,3.9274,2.797,0.59,24.79,27.52,22.61,89.87,0.9,1.29,0.35,97.44
20200302,5.28,6.7392,6.1954,2.1775,0.63,25.01,28.11,22.78,91.84,0.86,1.14,0.35,97.43
20200303,31.23,5.4562,2.4264,2.749,0.51,24.27,25.7,22.41,92.68,0.62,1.0,0.27,97.44
20200304,31.74,5.2541,2.2306,2.778,0.49,24.69,28.14,22.19,88.88,0.92,1.6,0.34,97.4
20200305,31.94,4.8082,2.0789,2.6446,0.45,25.12,27.14,23.17,92.26,1.14,2.05,0.51,97.42
20200306,7.38,5.0534,1.3567,3.1558,0.48,25.23,27.41,23.66,94.08,0.98,1.45,0.41,97.51
20200307,47.57,3.9816,0.6216,2.7778,0.38,24.69,26.52,23.35,94.54,1.27,2.29,0.59,97.54
20200308,10.69,5.0686,1.8168,3.084,0.48,26.03,29.38,23.97,88.15,1.45,2.66,0.7,97.3
20200309,3.64,5.766,3.949,2.5601,0.55,25.95,29.2,23.63,87.44,1.35,2.25,0.63,97.25
20200310,11.26,6.3226,5.039,3.203,0.6,25.93,28.75,23.47,89.67,1.39,2.21,0.53,97.3
20200311,13.63,5.1295,1.729,2.8958,0.49,25.76,27.8,24.11,93.43,1.2,1.65,0.58,97.53
20200312,5.85,4.345,1.7153,2.4482,0.41,25.48,27.44,24.09,92.52,1.04,1.53,0.42,97.65
20200313,3.35,4.7218,1.1546,3.0312,0.45,25.81,28.28,24.11,89.42,0.93,1.29,0.43,97.55
20200314,9.14,4.8238,2.8781,2.2553,0.46,24.96,27.71,22.99,91.97,1.19,2.01,0.53,97.48
20200315,24.6,4.921,2.6244,2.4449,0.47,24.42,27.11,22.26,88.05,0.9,1.32,0.37,97.55
20200316,9.26,5.327,2.3026,2.8594,0.51,24.9,28.59,22.02,85.81,1.24,1.67,0.56,97.67
20200317,21.36,4.2125,1.1738,2.471,0.4,25.02,27.82,23.42,91.04,1.18,2.0,0.56,97.7
20200318,8.11,6.0211,5.4703,1.8482,0.57,24.37,26.88,23.16,92.45,0.95,1.67,0.49,97.64
20200319,5.33,5.7902,3.402,2.9069,0.55,24.61,27.81,22.41,90.04,1.08,2.02,0.42,97.6
20200320,6.17,5.0506,1.5955,2.9983,0.48,24.7,28.94,21.9,89.6,1.34,2.66,0.56,97.57
20200321,4.01,5.1979,3.0182,2.281,0.5,24.74,27.99,22.28,87.62,1.14,1.86,0.48,97.57
20200322,19.92,4.5031,1.211,2.6095,0.43,24.03,26.13,22.4,94.22,1.46,2.5,0.62,97.54
20200323,10.11,4.2142,0.2426,2.9714,0.41,23.09,25.93,20.68,90.38,1.3,2.06,0.52,97.53
20200324,2.25,5.6582,3.911,2.3023,0.55,23.56,27.31,19.8,85.82,1.45,1.99,0.51,97.37
20200325,16.55,5.3609,2.035,3.3365,0.52,24.81,27.44,23.07,92.79,1.61,2.48,0.66,97.35
20200326,2.04,5.2874,2.0856,2.8798,0.51,24.99,27.95,23.19,90.77,1.02,1.9,0.46,97.38
20200327,2.17,6.2035,5.369,2.0897,0.6,25.41,28.77,23.31,87.94,1.11,1.87,0.49,97.43
20200328,2.26,4.7494,1.3411,3.0432,0.46,25.26,28.05,22.94,88.85,1.17,1.56,0.52,97.4
20200329,8.47,6.383,5.6064,2.1192,0.62,25.73,28.94,23.0,90.42,1.51,2.16,0.66,97.31
20200330,14.39,4.7477,2.1766,2.6412,0.46,25.49,27.87,24.08,93.2,1.26,2.15,0.56,97.38
20200331,3.32,4.295,1.5636,2.4029,0.42,25.57,28.32,23.59,91.97,1.16,1.8,0.53,97.4
20200401,8.05,4.0421,0.5825,2.6194,0.39,25.67,27.86,24.47,92.63,1.01,1.75,0.45,97.42
20200402,33.82,5.7182,4.1194,2.203,0.56,24.92,26.9,23.55,93.96,1.08,1.87,0.44,97.48
20200403,10.4,5.3998,2.7218,2.6321,0.53,25.58,28.7,23.08,89.83,0.82,1.33,0.37,97.44
20200404,12.66,5.0868,3.0782,2.2843,0.5,25.12,28.07,23.15,91.33,1.12,2.13,0.47,97.49
20200405,13.69,3.7865,1.153,2.3518,0.37,25.52,29.21,23.14,87.37,1.2,2.27,0.51,97.47
20200406,9.94,6.1673,4.2984,2.7478,0.61,24.93,27.83,22.39,90.29,1.12,1.84,0.5,97.46
20200407,7.12,5.437,2.947,2.6981,0.54,25.44,28.6,23.85,90.42,1.14,1.94,0.5,97.42
20200408,13.71,4.3632,1.2252,2.7451,0.43,25.37,28.32,23.8,91.59,1.4,2.34,0.57,97.49
20200409,13.19,4.897,2.8133,2.3268,0.49,23.92,24.89,23.09,94.41,0.66,1.14,0.29,97.65
20200410,8.56,5.442,4.4609,2.0784,0.54,25.29,28.27,22.89,89.6,1.16,1.98,0.51,97.63
20200411,1.18,5.4094,2.8925,2.741,0.54,25.17,27.77,23.73,92.42,1.11,1.66,0.45,97.6
20200412,0.83,5.9278,4.7911,2.0741,0.59,25.75,29.43,22.86,87.19,1.19,2.06,0.48,97.54
20200413,1.2,3.9943,0.6084,2.7734,0.4,25.17,27.4,23.44,89.0,1.13,2.12,0.48,97.6
20200414,12.13,5.5037,3.7222,2.5013,0.55,25.56,28.13,23.96,87.0,0.99,2.01,0.4,97.6
20200415,18.5,3.6094,0.4462,2.6011,0.36,25.03,26.96,23.88,90.37,1.04,1.65,0.44,97.68
20200416,2.28,4.487,1.3222,2.8121,0.45,23.74,24.87,22.24,95.55,1.2,1.8,0.49,97.76
20200417,0.77,6.0802,4.5154,2.255,0.62,24.54,28.18,21.33,86.19,0.98,1.53,0.41,97.72
20200418,5.97,4.9606,3.5674,2.1348,0.5,24.68,26.85,22.86,91.83,1.07,1.45,0.41,97.59
20200419,8.34,4.8017,1.8096,3.0252,0.49,24.74,27.65,22.28,89.19,1.02,1.98,0.4,97.59
20200420,1.28,3.8491,1.2703,2.2399,0.39,24.86,26.92,23.12,91.89,1.06,1.55,0.41,97.63
20200421,0.35,6.3485,5.9062,1.9202,0.65,25.34,28.71,22.83,89.4,1.12,1.84,0.44,97.55
20200422,37.19,5.1802,2.941,2.7089,0.53,24.53,26.53,21.42,95.79,1.58,2.7,0.63,97.49
20200423,1.48,5.1127,2.4497,2.7535,0.53,24.48,27.97,21.17,86.55,1.23,1.92,0.44,97.53
20200424,1.81,5.3275,4.0423,2.1907,0.55,25.63,28.65,23.48,91.21,1.42,2.1,0.65,97.41
20200425,15.35,2.9743,0.2587,2.1602,0.31,24.9,25.87,23.85,96.84,1.42,2.23,0.56,97.38
20200426,16.51,5.226,3.84,2.3515,0.54,24.76,26.57,23.21,93.93,1.05,1.9,0.45,97.4
20200427,5.65,5.0875,3.1097,2.413,0.53,25.05,28.17,22.6,89.81,1.1,1.71,0.4,97.39
20200428,10.15,5.5049,3.8856,2.5423,0.57,25.07,26.42,23.76,96.59,1.44,1.97,0.56,97.35
20200429,15.94,3.3936,0.4286,2.293,0.35,24.96,26.9,23.25,96.57,1.35,2.68,0.53,97.32
20200430,17.62,4.681,1.2031,2.7312,0.49,24.62,27.21,22.7,91.87,1.16,2.01,0.45,97.4
20200501,19.0,4.4861,0.8405,3.011,0.47,24.95,27.27,23.04,94.47,1.5,2.71,0.62,97.28
20200502,8.52,4.788,1.8569,2.7362,0.5,26.16,30.03,24.1,90.03,1.29,1.97,0.53,97.17
20200503,15.3,5.1046,3.9122,2.099,0.54,25.25,26.78,24.24,95.56,1.7,2.93,0.68,97.37
20200504,57.24,4.9373,2.6083,2.5601,0.52,24.35,25.3,23.36,95.88,1.25,1.64,0.51,97.55
20200505,24.85,3.2107,0.1694,2.3887,0.34,24.52,27.21,22.81,91.49,0.85,1.48,0.4,97.65
20200506,0.28,6.1502,5.922,1.7688,0.65,25.44,28.88,22.45,87.49,1.05,1.67,0.43,97.49
20200507,4.62,3.7462,1.8341,2.0846,0.4,25.42,28.24,23.48,91.35,1.23,2.1,0.58,97.49
20200508,7.14,4.59,1.6608,2.6076,0.49,24.31,26.29,23.25,94.4,1.1,1.55,0.58,97.5
20200509,1.16,4.6229,3.6552,2.0263,0.5,25.04,27.6,23.59,91.2,1.31,2.3,0.61,97.45
20200510,12.93,3.8554,2.1919,1.9901,0.41,24.43,25.66,23.41,95.97,1.33,1.84,0.57,97.52
20200511,6.71,3.8678,0.7658,2.6582,0.42,24.0,27.22,21.83,88.43,0.99,1.97,0.38,97.53
20200512,20.78,6.1978,6.3106,1.6495,0.67,25.31,28.5,22.67,86.47,1.2,1.65,0.53,97.45
20200513,47.31,4.5074,3.2911,1.9339,0.49,24.07,25.17,22.88,95.13,1.13,1.63,0.46,97.61
20200514,22.44,4.7551,3.3233,1.9812,0.52,23.19,24.7,21.99,96.24,1.0,1.58,0.47,97.63
20200515,0.59,5.8426,5.556,1.8979,0.64,24.92,28.29,21.76,89.55,1.33,1.96,0.57,97.38
20200516,4.76,4.3922,3.9629,1.6776,0.48,25.34,27.2,23.96,93.3,1.28,1.86,0.56,97.37
20200517,9.39,4.512,3.983,1.8163,0.49,25.32,27.16,24.28,94.63,1.6,2.56,0.65,97.28
20200518,7.93,3.4111,1.1942,2.1305,0.37,25.79,28.61,23.94,93.85,0.94,1.82,0.43,97.23
20200519,5.75,4.6123,2.429,2.5402,0.51,26.02,27.99,24.78,94.78,1.19,1.5,0.52,97.15
20200520,14.24,5.137,4.1827,2.2896,0.57,25.34,26.34,24.62,95.22,1.23,1.57,0.48,97.28
20200521,2.71,5.3657,5.0083,1.9313,0.59,25.41,27.54,24.16,93.91,1.56,2.72,0.6,97.41
20200522,8.19,5.4814,5.8114,1.5974,0.61,25.12,27.57,23.72,93.76,1.37,2.3,0.55,97.42
20200523,3.26,4.1126,0.6667,2.9177,0.46,24.19,25.7,23.28,93.94,1.07,1.65,0.42,97.57
20200524,11.83,1.075,0.2741,0.7289,0.12,24.52,26.09,23.54,95.77,0.96,1.59,0.44,97.66
20200525,2.04,2.7187,0.6718,1.8653,0.3,24.37,26.12,23.51,93.24,1.3,2.11,0.52,97.77
20200526,18.65,5.5819,5.1982,1.8713,0.62,24.38,26.38,22.94,93.27,0.77,1.21,0.4,97.77
20200527,22.76,3.0461,1.5432,1.7371,0.34,24.61,26.28,23.09,96.14,1.04,1.78,0.39,97.7
20200528,44.73,2.4569,0.0305,1.9231,0.27,24.63,25.51,24.03,97.83,1.6,2.17,0.64,97.63
20200529,5.5,4.6433,3.6655,2.065,0.52,25.29,27.84,23.7,92.88,1.37,2.1,0.57,97.65
20200530,4.23,2.5546,0.3737,1.813,0.29,24.88,26.62,23.85,94.94,1.45,2.54,0.6,97.69
20200531,5.61,4.3258,2.6417,2.1401,0.49,24.52,26.55,23.38,95.67,0.92,1.51,0.42,97.74
20200601,3.68,4.8139,3.186,2.3143,0.54,24.27,26.78,22.48,93.23,0.98,1.53,0.33,97.7
20200602,0.71,5.5822,5.807,1.7098,0.63,24.59,27.34,22.32,90.39,1.72,2.67,0.75,97.65
20200603,3.03,3.4937,2.2522,1.895,0.39,23.24,25.85,21.87,89.4,1.39,2.05,0.57,97.73
20200604,14.44,4.1611,2.9506,1.9702,0.47,23.3,25.92,21.7,94.3,1.06,2.16,0.47,97.71
20200605,12.0,4.2178,2.7778,2.0796,0.48,24.2,25.8,22.97,96.01,1.44,2.18,0.56,97.57
20200606,12.06,5.0717,3.9886,2.1996,0.58,24.4,26.36,23.06,94.88,1.4,2.19,0.56,97.4
20200607,8.12,4.5943,3.1673,2.1768,0.52,23.59,25.38,22.19,95.65,1.04,1.78,0.41,97.4
20200608,14.21,4.7364,3.6862,2.1509,0.54,23.9,26.15,22.4,94.46,1.26,2.41,0.52,97.45
20200609,40.32,4.5074,2.0808,2.5133,0.51,23.9,25.57,23.05,96.52,1.4,2.31,0.57,97.59
20200610,16.87,4.4299,2.6515,2.2634,0.51,24.08,26.37,22.5,95.23,1.24,2.17,0.53,97.55
20200611,21.04,3.2534,0.5568,2.1602,0.37,24.1,25.29,23.25,97.84,1.19,1.71,0.43,97.42
20200612,10.44,3.2926,0.4802,2.3059,0.38,24.37,25.35,23.63,96.72,1.14,1.76,0.39,97.38
20200613,11.3,3.5462,1.3476,2.1586,0.41,24.41,25.59,23.0,95.73,1.08,1.68,0.4,97.49
20200614,15.46,5.0669,5.0179,1.9054,0.58,24.58,26.15,23.43,96.2,1.37,1.89,0.54,97.55
20200615,27.16,4.4698,3.257,2.159,0.51,24.94,26.75,23.44,95.4,1.26,1.84,0.58,97.51
20200616,72.17,3.5921,1.8787,1.9574,0.41,24.14,25.0,23.29,97.3,1.51,2.19,0.6,97.5
20200617,10.02,3.283,0.516,2.1794,0.38,23.51,24.18,22.83,96.41,1.37,2.05,0.58,97.65
20200618,6.85,4.633,4.343,1.813,0.53,24.45,27.4,22.56,92.82,1.5,2.49,0.67,97.58
20200619,23.6,2.8661,0.4644,1.9025,0.33,23.83,25.18,22.77,93.74,0.71,0.99,0.34,97.56
20200620,17.15,3.7543,2.5241,1.8593,0.43,23.81,24.98,22.41,94.86,1.23,1.81,0.52,97.45
20200621,14.22,2.7482,0.696,1.8682,0.32,23.99,25.93,22.71,95.35,1.49,2.09,0.65,97.38
20200622,27.88,3.8105,2.7821,1.7954,0.44,24.0,26.29,22.21,94.57,1.32,1.94,0.55,97.39
20200623,54.3,2.9335,0.9749,1.8307,0.34,24.01,25.29,22.75,95.52,0.97,1.6,0.37,97.43
20200624,61.27,4.7678,4.0068,1.943,0.55,24.02,26.17,22.76,94.67,1.38,2.44,0.59,97.45
20200625,72.14,2.4598,0.3979,1.6699,0.28,23.46,24.31,22.76,97.48,1.45,2.09,0.61,97.43
20200626,26.46,3.5954,1.0135,2.0983,0.41,23.91,26.8,22.58,94.29,0.84,1.29,0.33,97.39
20200627,23.67,3.7742,0.9799,2.4972,0.43,24.3,25.95,23.02,96.87,1.37,2.14,0.51,97.37
20200628,29.53,3.2873,1.5307,1.9219,0.38,24.05,26.14,23.01,95.74,1.51,2.19,0.63,97.45
20200629,16.76,2.5975,0.2561,1.9008,0.3,23.26,24.0,22.59,97.52,1.34,1.92,0.5,97.52
20200630,24.08,4.3651,3.7356,1.7465,0.5,23.35,24.86,22.71,96.62,1.51,2.28,0.57,97.47
20200701,43.71,1.2682,0.3694,0.9396,0.15,22.67,23.3,21.93,97.2,1.25,1.69,0.52,97.52
20200702,34.78,4.4381,3.2042,2.1161,0.51,22.78,24.89,21.19,94.78,1.12,1.95,0.49,97.54
20200703,14.43,4.7119,4.2912,1.7882,0.54,23.2,24.69,21.65,96.84,1.56,2.79,0.6,97.57
20200704,21.64,3.8371,2.0508,2.0352,0.44,23.14,25.43,21.94,94.43,1.5,2.31,0.61,97.62
20200705,14.53,3.4764,1.8439,1.8238,0.4,23.1,24.96,22.15,94.59,1.54,2.41,0.65,97.49
20200706,8.68,4.3526,2.9503,2.1442,0.5,23.23,24.54,21.99,96.98,0.96,1.31,0.39,97.56
20200707,19.36,3.5182,0.9389,2.257,0.4,23.69,26.05,22.62,95.21,1.25,2.18,0.51,97.54
20200708,31.3,3.5815,1.8506,1.9661,0.41,23.54,25.52,22.41,96.02,1.48,2.19,0.63,97.44
20200709,27.27,4.386,3.6238,1.9037,0.5,24.15,27.18,22.34,91.77,1.04,2.03,0.39,97.36
20200710,8.21,4.0776,2.5531,2.1384,0.46,24.74,27.39,23.03,93.46,1.03,2.1,0.42,97.32
20200711,21.12,4.7054,3.6569,1.998,0.53,24.42,26.33,23.17,95.17,1.52,2.65,0.63,97.24
20200712,22.25,4.5055,3.1178,2.1089,0.51,23.87,26.51,22.53,93.56,1.25,2.03,0.48,97.5
20200713,16.19,1.831,0.1786,1.3373,0.21,23.63,25.21,22.5,96.55,1.69,2.5,0.7,97.52
20200714,11.32,2.2709,0.39,1.5473,0.26,23.81,25.32,22.86,95.64,1.75,2.53,0.67,97.47
20200715,8.12,4.2338,2.4653,2.2015,0.48,23.76,25.18,22.82,96.72,1.15,1.92,0.45,97.33
20200716,27.8,3.45,1.6668,1.9006,0.39,23.65,24.76,22.9,97.62,1.63,2.61,0.66,97.38
20200717,25.47,3.6223,1.3692,2.1698,0.41,23.64,25.54,22.68,95.51,1.1,2.07,0.54,97.42
20200718,13.86,3.5952,1.1587,2.1749,0.4,22.84,23.89,22.03,96.33,0.97,1.7,0.42,97.47
20200719,14.16,4.1652,1.818,2.5423,0.47,23.68,26.02,22.11,92.02,0.81,1.37,0.36,97.44
20200720,10.85,3.5419,2.1365,1.812,0.4,24.19,27.19,22.69,93.07,1.18,2.33,0.51,97.37
20200721,28.5,3.8796,2.1929,2.1065,0.43,23.96,26.32,22.21,94.63,1.18,1.88,0.43,97.46
20200722,33.07,5.0263,4.3932,1.7446,0.56,23.6,25.66,22.6,95.53,1.36,2.33,0.47,97.46
20200723,10.62,4.5602,3.5292,1.9366,0.51,23.72,26.37,22.37,93.02,1.3,2.22,0.49,97.4
20200724,26.99,3.4334,1.5576,1.7813,0.38,23.34,25.53,22.01,94.17,1.36,2.62,0.52,97.41
20200725,61.79,2.8997,1.1177,1.7155,0.32,22.97,24.43,21.74,95.56,1.08,1.89,0.44,97.43
20200726,36.37,3.3931,1.0586,2.1595,0.37,23.84,26.03,22.55,94.78,1.25,1.95,0.49,97.47
20200727,40.52,3.3696,1.2394,1.9627,0.37,23.71,25.95,22.45,94.92,1.32,2.39,0.5,97.38
20200728,18.28,3.0427,0.5042,2.0232,0.33,23.61,25.33,22.66,95.83,1.52,2.46,0.58,97.36
20200729,18.59,1.9704,0.3842,1.302,0.22,23.35,24.46,22.75,96.23,1.51,2.77,0.57,97.37
20200730,22.11,3.9386,2.5459,1.9234,0.43,23.67,26.24,22.38,94.17,1.32,2.49,0.57,97.33
20200731,13.21,2.7989,0.8119,1.8427,0.31,22.77,24.6,21.56,94.11,1.01,1.57,0.42,97.49
20200801,3.49,3.1817,1.4484,1.7143,0.35,21.81,23.01,20.67,94.88,1.01,1.86,0.51,97.48
20200802,1.7,3.9331,1.4434,2.2514,0.43,22.47,25.16,20.63,91.35,1.11,2.1,0.51,97.46
20200803,4.05,2.9801,0.6041,1.9598,0.32,22.69,25.36,21.28,92.94,0.98,1.79,0.44,97.42
20200804,3.74,4.1138,1.4318,2.4007,0.44,22.92,25.18,21.47,94.97,1.17,1.73,0.47,97.37
20200805,3.99,4.3224,1.7796,2.4199,0.47,23.24,25.24,21.79,94.29,0.95,1.71,0.4,97.4
20200806,12.09,3.6898,0.7951,2.2229,0.4,23.39,25.01,22.26,96.5,1.5,2.66,0.58,97.48
20200807,1.2,4.4354,2.1677,2.317,0.48,23.74,26.96,21.97,90.44,1.2,2.06,0.51,97.6
20200808,6.09,3.2172,0.6497,2.2315,0.34,22.92,24.26,21.95,96.57,1.32,2.34,0.55,97.63
20200809,4.41,5.5397,4.5038,2.2502,0.59,23.96,26.91,21.99,93.17,1.28,1.77,0.53,97.65
20200810,12.75,3.8784,1.8034,2.0446,0.41,23.91,25.73,23.0,96.18,1.51,2.45,0.58,97.72
20200811,12.37,3.0288,0.3029,2.2498,0.32,23.35,24.77,21.92,93.91,0.95,1.44,0.39,97.81
20200812,0.72,6.0744,5.6882,1.7393,0.64,23.71,27.8,20.65,86.34,1.28,1.82,0.48,97.66
20200813,10.14,3.7022,0.8782,2.4907,0.39,23.45,25.76,21.99,95.1,0.79,1.04,0.36,97.58
20200814,5.33,3.9137,1.1306,2.3755,0.41,23.69,25.94,22.53,92.26,0.9,1.28,0.37,97.56
20200815,10.67,2.802,0.8374,1.855,0.29,23.52,26.1,21.91,93.59,1.16,1.82,0.51,97.56
20200816,20.53,4.8168,3.2302,2.1233,0.51,21.72,23.22,19.91,93.1,1.07,2.46,0.46,97.64
20200817,7.5,4.6889,2.2344,2.5836,0.49,22.22,25.38,19.76,91.26,1.04,1.84,0.47,97.55
20200818,4.27,4.0397,2.4115,2.0417,0.42,22.73,24.77,21.38,94.19,1.28,2.01,0.52,97.39
20200819,8.65,3.9566,1.8703,2.197,0.41,23.17,26.34,21.5,92.93,1.35,2.18,0.55,97.39
20200820,11.15,4.5912,3.1128,2.153,0.48,23.63,26.65,21.4,91.44,1.35,2.47,0.51,97.57
20200821,28.52,3.1644,1.1184,1.8518,0.33,23.53,26.08,22.04,92.68,1.3,2.43,0.49,97.71
20200822,13.71,4.2386,2.4199,2.0758,0.44,23.0,26.39,20.83,91.6,1.07,1.89,0.42,97.77
20200823,22.06,4.5564,2.2654,2.2781,0.47,22.62,25.1,20.62,93.15,1.06,1.83,0.46,97.69
20200824,9.14,2.7362,0.4558,1.9346,0.28,23.04,26.24,21.19,91.57,1.18,2.19,0.51,97.77
20200825,1.42,4.085,2.1886,2.135,0.42,22.99,25.7,20.55,90.7,1.53,2.64,0.64,97.72
20200826,7.19,5.0472,4.1827,1.9421,0.52,23.96,27.0,21.76,91.93,1.35,2.39,0.52,97.58
20200827,17.09,4.6123,3.5093,1.8965,0.47,23.79,25.89,22.73,95.19,1.66,2.71,0.65,97.34
20200828,23.56,3.9526,1.9985,1.9632,0.4,23.33,24.93,22.44,95.88,0.97,1.59,0.45,97.29
20200829,26.53,3.2263,0.1594,2.3002,0.33,23.36,25.43,22.43,95.36,1.63,2.68,0.66,97.37
20200830,40.92,3.0713,0.4937,2.0177,0.31,23.47,25.15,22.19,96.29,1.22,1.96,0.41,97.36
20200831,10.14,6.1742,5.815,1.6752,0.63,24.0,27.74,21.33,91.33,1.35,2.22,0.51,97.42
20200901,20.22,5.6976,4.1407,2.2169,0.58,24.01,26.77,22.38,94.93,1.41,1.8,0.51,97.36
20200902,57.5,3.2018,0.631,2.123,0.32,24.02,25.67,22.68,95.43,0.75,1.27,0.35,97.51
20200903,26.01,4.0169,1.115,2.5512,0.4,24.48,27.61,22.64,94.01,1.55,2.85,0.57,97.56
20200904,40.47,5.2248,3.0122,2.3858,0.52,23.98,25.68,22.82,96.42,1.62,2.41,0.64,97.42
20200905,2.41,3.6034,0.696,2.436,0.36,23.92,26.62,22.27,91.48,1.15,2.05,0.47,97.35
20200906,8.06,4.6771,3.6079,1.9186,0.47,24.29,27.19,22.3,92.02,1.57,2.98,0.67,97.37
20200907,50.68,3.2146,0.9518,2.1281,0.32,23.87,25.05,22.95,95.87,1.05,1.59,0.41,97.53
20200908,22.3,4.4729,1.9838,2.4874,0.45,24.32,27.47,22.44,93.5,1.28,2.48,0.54,97.53
20200909,33.9,4.147,1.549,2.2738,0.41,24.02,25.66,22.74,95.76,1.25,2.15,0.6,97.27
20200910,27.33,4.3889,1.4695,2.4247,0.44,23.45,25.58,22.14,93.37,1.01,1.7,0.42,97.34
20200911,25.08,4.7491,2.6981,2.2406,0.47,23.0,25.15,21.88,94.93,1.34,2.23,0.57,97.46
20200912,17.66,5.2968,3.9636,2.0681,0.52,23.59,26.83,21.44,92.8,1.37,2.57,0.56,97.49
20200913,11.67,4.0884,0.8177,2.7113,0.4,23.26,26.13,21.88,93.56,1.33,2.05,0.57,97.54
20200914,19.78,3.2995,0.3055,2.3059,0.33,22.53,24.29,21.49,95.14,1.42,2.36,0.59,97.5
20200915,12.65,3.7608,1.3102,2.2118,0.37,22.53,24.27,21.29,95.73,1.21,1.71,0.49,97.5
20200916,24.08,3.6934,1.0872,2.1778,0.36,23.73,26.39,21.76,94.62,1.23,2.27,0.47,97.47
20200917,44.57,3.9312,0.3677,2.8085,0.39,23.51,24.93,22.54,96.52,1.61,2.65,0.58,97.52
20200918,7.9,4.2874,0.5758,2.8562,0.42,23.7,25.53,22.37,95.53,1.28,1.95,0.48,97.63
20200919,7.89,5.5202,3.8784,2.531,0.54,24.19,27.36,22.42,92.74,1.07,1.81,0.44,97.54
20200920,6.32,4.0589,1.5478,2.3328,0.4,24.51,27.69,22.91,91.08,1.06,1.75,0.47,97.5
20200921,2.4,5.718,4.0733,2.1902,0.56,24.02,26.33,22.58,90.98,0.77,1.23,0.39,97.44
20200922,7.82,4.5338,1.4626,2.6486,0.44,23.45,25.0,22.29,93.47,0.88,1.35,0.38,97.49
20200923,8.33,4.6778,1.993,2.5174,0.45,23.37,25.14,22.06,96.27,1.4,2.6,0.59,97.56
20200924,18.72,5.3508,3.251,2.5447,0.52,24.11,26.77,22.12,91.81,1.3,2.51,0.51,97.54
20200925,6.75,5.3904,2.9422,2.6167,0.52,24.25,27.38,21.95,91.78,1.26,2.29,0.49,97.54
20200926,5.92,4.6718,2.1521,2.5085,0.45,24.06,26.12,22.86,94.77,1.21,1.83,0.49,97.56
20200927,15.06,2.3395,0.4375,1.597,0.23,24.02,25.73,23.01,94.32,1.56,2.33,0.58,97.57
20200928,21.2,5.2555,2.5987,2.6352,0.51,23.2,25.01,21.92,95.64,1.49,2.35,0.57,97.56
20200929,5.02,6.1385,4.8806,2.0899,0.59,23.61,25.77,21.65,94.22,0.74,1.29,0.36,97.48
20200930,5.13,5.1641,1.7618,2.9472,0.5,23.6,25.83,22.37,92.46,1.22,2.38,0.48,97.41
20201001,4.71,4.2264,1.0183,2.8034,0.41,23.93,26.92,22.32,92.35,1.22,2.3,0.55,97.52
20201002,2.23,5.3088,3.2434,2.6542,0.51,24.48,28.28,21.97,92.14,1.48,2.68,0.61,97.38
20201003,18.82,4.1458,2.2447,2.0918,0.4,24.39,27.33,22.86,92.92,1.29,1.99,0.52,97.4
20201004,40.43,3.6391,0.1903,2.6244,0.35,23.86,25.18,23.0,96.86,1.35,2.23,0.54,97.41
20201005,18.77,5.7979,3.9322,2.6618,0.56,24.13,26.83,22.51,93.67,1.09,1.71,0.44,97.34
20201006,7.3,5.543,3.527,2.6765,0.53,23.99,26.86,21.57,89.28,0.75,1.17,0.31,97.4
20201007,1.9,4.4299,0.2736,3.2976,0.42,24.44,28.09,21.81,88.54,1.15,2.12,0.45,97.4
20201008,4.54,4.9207,2.1984,2.9489,0.47,24.81,27.83,22.78,90.57,1.46,2.79,0.62,97.46
20201009,8.49,5.2735,3.2009,2.4324,0.5,24.26,26.94,22.53,92.4,1.51,3.0,0.61,97.39
20201010,7.0,5.2654,3.7488,2.1785,0.5,23.57,25.39,22.52,94.21,1.31,1.72,0.55,97.35
20201011,7.45,4.9666,3.9281,1.9855,0.47,24.52,27.07,22.87,93.45,1.17,1.72,0.47,97.32
20201012,34.05,2.814,0.2815,1.9666,0.27,24.67,27.28,23.28,94.57,1.82,2.82,0.75,97.3
20201013,28.84,4.9301,1.4705,2.928,0.47,24.17,26.43,22.46,94.28,1.29,2.37,0.5,97.37
20201014,24.89,5.4914,3.5686,2.6304,0.52,24.1,25.63,22.92,95.42,1.29,2.49,0.54,97.33
20201015,39.16,4.2089,1.3003,2.7403,0.4,24.08,26.16,22.36,95.1,1.21,1.82,0.55,97.3
20201016,16.98,2.2558,0.1879,1.6349,0.21,24.08,26.99,22.13,91.52,0.99,1.91,0.39,97.37
20201017,6.59,5.7802,3.8107,2.5666,0.55,24.47,28.17,21.74,86.57,1.21,2.09,0.48,97.32
20201018,18.58,3.2959,0.4766,2.3136,0.31,23.66,24.97,22.68,96.06,1.44,2.14,0.55,97.4
20201019,15.09,4.3277,0.8974,2.8102,0.41,23.79,26.58,22.13,93.11,1.32,2.26,0.51,97.4
20201020,4.4,3.5412,1.0663,2.2656,0.34,23.47,25.73,21.74,94.45,1.28,2.16,0.52,97.44
20201021,2.74,5.0064,1.9601,2.7372,0.48,24.84,28.73,21.85,88.81,1.2,1.93,0.51,97.44
20201022,10.75,4.7263,1.6111,2.6662,0.45,24.6,26.62,23.25,93.82,1.17,1.63,0.51,97.45
20201023,15.69,5.8963,4.2564,2.2747,0.56,24.43,26.26,23.29,94.49,1.4,2.24,0.6,97.46
20201024,57.09,3.0307,0.2978,2.0803,0.29,23.97,26.29,22.51,91.32,0.81,1.23,0.33,97.53
20201025,19.47,5.6983,3.2508,2.7178,0.54,23.98,27.77,20.44,87.33,1.12,1.94,0.36,97.53
20201026,7.81,3.972,0.4493,2.7146,0.38,24.56,26.8,22.73,90.17,1.06,1.85,0.47,97.44
20201027,9.01,5.1869,2.735,2.7286,0.49,24.51,25.82,23.3,94.67,1.3,1.96,0.53,97.45
20201028,15.51,2.7036,0.2119,1.9486,0.26,23.46,24.79,21.82,93.84,1.18,1.99,0.5,97.72
20201029,3.19,6.216,4.9903,2.5682,0.59,23.88,26.48,21.8,86.86,0.75,1.14,0.23,97.56
20201030,1.34,5.6398,4.1981,2.2577,0.54,24.8,28.33,21.69,88.63,1.08,2.04,0.4,97.42
20201031,0.95,4.8866,1.187,3.252,0.46,24.88,27.5,23.18,92.92,1.17,1.96,0.47,97.34
20201101,20.18,4.8593,2.0575,2.5673,0.46,25.55,27.79,24.01,94.26,1.78,2.8,0.66,97.34
20201102,53.08,4.3769,0.5796,3.0701,0.42,24.8,26.32,23.77,95.75,1.56,2.47,0.69,97.59
20201103,3.39,2.8548,0.1951,2.1746,0.27,24.59,26.07,23.54,93.91,1.51,2.79,0.7,97.67
20201104,0.95,4.2785,0.3374,3.101,0.41,24.82,27.97,22.46,87.31,1.06,1.93,0.45,97.65
20201105,0.23,6.0761,4.5744,3.2028,0.58,24.93,28.8,21.63,88.08,1.29,2.11,0.51,97.52
20201106,0.7,5.0611,1.0913,3.5256,0.48,24.96,27.94,23.46,90.84,1.02,1.55,0.4,97.55
20201107,3.1,4.7244,2.1062,2.5318,0.45,24.29,26.54,22.88,91.71,1.23,2.23,0.49,97.5
20201108,8.29,5.039,2.2085,2.6791,0.48,23.88,25.98,22.11,93.43,1.07,1.79,0.46,97.52
20201109,8.37,5.9352,5.1938,2.1216,0.57,25.08,28.25,23.03,90.13,1.3,2.68,0.48,97.49
20201110,3.04,6.703,6.4272,1.818,0.64,25.25,28.65,23.05,89.78,1.16,2.02,0.52,97.46
20201111,5.42,3.1622,0.3691,2.3167,0.3,25.31,28.44,23.54,90.45,1.17,2.58,0.51,97.56
20201112,3.52,5.521,2.5195,3.1531,0.53,25.3,28.51,22.83,88.16,1.2,2.53,0.57,97.56
20201113,4.92,5.9033,4.0805,2.3947,0.56,24.59,26.76,22.29,92.49,1.02,1.65,0.45,97.41
20201114,0.83,4.8756,2.6172,2.4722,0.47,25.18,26.85,23.78,92.84,0.96,1.36,0.52,97.42
20201115,3.43,3.8484,1.1755,2.2272,0.37,25.08,28.15,22.64,87.63,1.23,1.99,0.43,97.49
20201116,26.72,5.9366,3.8621,2.5114,0.57,25.13,27.05,23.92,92.79,0.97,1.7,0.42,97.46
20201117,9.35,3.5878,0.5278,2.4252,0.34,24.92,26.37,23.63,91.49,0.99,1.67,0.41,97.38
20201118,9.66,4.3342,1.409,2.5318,0.41,24.61,26.08,23.01,92.75,1.4,2.09,0.58,97.3
20201119,3.22,6.6118,5.8274,2.2538,0.63,24.55,26.22,23.32,94.0,1.18,1.82,0.46,97.26
20201120,11.6,5.7139,4.0745,2.4706,0.55,25.18,26.97,23.7,93.93,1.57,2.1,0.6,97.27
20201121,18.35,5.1348,1.9133,2.947,0.49,25.11,26.59,24.22,94.64,1.58,1.91,0.62,97.36
20201122,6.98,4.787,1.1369,2.9902,0.46,24.34,26.04,23.21,92.93,1.28,1.64,0.52,97.35
20201123,4.57,5.3486,3.0634,2.6299,0.51,23.5,25.77,21.71,91.11,0.76,1.16,0.26,97.32
20201124,8.5,5.2402,2.9196,2.568,0.5,24.9,28.78,22.0,88.44,1.05,1.67,0.37,97.18
20201125,9.89,2.7878,0.2174,2.0266,0.27,25.13,26.39,23.9,96.68,1.45,2.09,0.6,97.2
20201126,7.08,3.3142,0.4286,2.2711,0.32,25.44,27.04,24.09,94.97,1.67,2.7,0.73,97.26
20201127,18.43,4.9829,1.9692,2.8354,0.48,25.31,27.04,24.12,94.29,1.24,1.91,0.54,97.26
20201128,25.24,4.9195,2.8082,2.245,0.47,25.42,27.89,23.88,91.48,1.24,1.93,0.5,97.27
20201129,2.18,5.0897,2.519,2.7398,0.49,25.63,28.9,23.36,88.09,1.13,1.98,0.48,97.21
20201130,33.5,5.1658,3.2525,2.4948,0.5,25.32,27.27,24.18,93.21,1.46,2.38,0.61,97.27
20201201,21.3,3.5311,0.6163,2.4499,0.34,25.01,26.71,23.88,95.53,1.61,2.94,0.69,97.38
20201202,10.12,4.0435,0.7622,2.676,0.39,24.67,27.12,23.32,92.05,1.35,2.21,0.5,97.36
20201203,7.96,2.9621,0.1536,2.1986,0.29,24.19,26.5,22.74,93.41,1.4,2.49,0.56,97.3
20201204,30.97,5.4151,3.8474,2.3009,0.52,24.96,27.88,22.87,90.56,1.39,2.49,0.55,97.31
20201205,10.77,6.065,3.6223,2.8289,0.58,25.01,28.25,23.02,91.02,1.27,2.04,0.53,97.4
20201206,35.71,5.251,2.5334,2.9042,0.51,24.1,26.51,22.06,91.12,0.68,0.98,0.24,97.45
20201207,8.78,4.7398,1.7597,2.6563,0.46,25.35,28.74,22.74,88.76,1.06,1.41,0.4,97.52
20201208,4.91,3.9552,0.4118,2.7521,0.38,24.24,26.35,22.3,92.73,0.98,1.59,0.43,97.56
20201209,4.61,4.8782,2.4163,2.6095,0.47,24.44,27.72,21.49,86.96,1.14,1.84,0.39,97.44
20201210,7.28,4.6385,0.7193,3.18,0.45,23.37,24.94,21.85,91.11,0.87,1.41,0.3,97.53
20201211,0.48,5.8498,3.9557,2.79,0.56,25.0,29.05,21.72,80.5,1.11,1.71,0.4,97.41
20201212,15.76,4.6279,1.842,2.5337,0.45,23.96,26.11,21.64,89.83,0.76,1.62,0.32,97.4
20201213,22.69,6.3677,5.3777,2.2846,0.61,24.59,28.49,20.48,83.91,1.21,1.76,0.42,97.29
20201214,104.42,5.3722,3.481,2.6731,0.52,25.65,29.41,22.44,88.77,1.46,2.23,0.58,97.23
20201215,11.17,5.4115,3.4894,2.5975,0.52,25.43,27.9,23.94,91.89,1.24,1.66,0.57,97.24
20201216,11.7,4.914,0.9605,3.4454,0.47,25.11,27.63,23.51,93.27,1.31,1.97,0.63,97.14
20201217,5.41,5.6758,4.3613,2.6333,0.55,25.39,28.59,22.61,90.24,1.15,2.1,0.51,97.06
20201218,8.55,5.6868,4.109,2.4108,0.55,25.71,28.41,23.55,90.98,1.03,1.6,0.43,97.07
20201219,16.19,4.9966,2.1089,2.8567,0.48,24.48,25.85,22.68,93.63,0.77,1.42,0.36,97.35
20201220,15.37,5.5906,3.3456,2.7019,0.54,23.92,27.01,21.33,89.18,0.92,1.33,0.3,97.34
20201221,27.33,3.8177,0.1908,2.7756,0.37,24.13,26.3,22.9,91.29,1.08,2.0,0.47,97.36
20201222,15.51,4.4369,1.3118,2.8978,0.43,24.9,27.82,22.33,90.81,0.96,1.9,0.46,97.26
20201223,36.96,4.6949,2.532,2.3822,0.45,24.42,27.46,22.26,90.69,1.1,1.57,0.4,97.33
20201224,13.5,4.0718,1.4268,2.605,0.39,24.21,27.81,20.96,86.31,1.13,1.7,0.41,97.37
20201225,9.8,5.3904,3.4255,2.676,0.52,24.72,27.98,21.88,88.01,1.36,2.35,0.53,97.31
20201226,12.38,5.7682,2.6194,3.1529,0.56,24.49,27.16,22.54,92.96,1.3,2.25,0.5,97.23
20201227,35.6,5.0335,2.1838,3.1418,0.49,25.01,27.22,22.87,92.31,1.43,2.2,0.57,97.22
20201228,23.3,5.5157,3.1591,2.8006,0.53,25.02,27.19,23.19,93.14,1.28,1.93,0.48,97.28
20201229,69.78,4.8005,2.22,2.6088,0.46,25.15,28.09,22.64,88.99,1.64,2.55,0.68,97.26
20201230,53.51,5.6866,2.771,3.3002,0.55,24.8,27.59,22.55,90.57,0.98,1.44,0.4,97.29
20201231,64.56,5.3731,2.5906,3.0202,0.52,24.35,25.7,23.37,93.56,0.97,1.41,0.39,97.31
20210101,28.5,5.0558,3.1505,2.3119,0.49,24.54,26.68,23.33,93.58,1.43,2.61,0.55,97.33
20210102,6.1,4.8312,2.3539,2.4089,0.46,25.45,28.08,23.34,89.42,1.42,2.46,0.59,97.27
20210103,14.17,4.2893,2.358,2.2898,0.41,25.05,26.76,23.9,95.75,1.31,2.08,0.6,97.25
20210104,22.73,5.1055,2.0095,2.8042,0.49,24.83,27.06,23.17,91.55,1.3,1.99,0.53,97.26
20210105,13.48,4.4117,1.5192,2.6489,0.42,24.68,26.94,23.12,91.6,1.26,1.8,0.52,97.3
20210106,4.73,5.1106,1.9538,2.8586,0.49,24.41,27.05,22.11,91.56,1.25,1.72,0.55,97.2
20210107,31.1,5.3402,2.5212,2.797,0.51,25.04,26.76,23.59,96.12,1.63,2.45,0.64,97.12
20210108,11.22,4.0176,0.3934,2.7706,0.39,24.83,26.45,22.83,92.81,1.01,1.58,0.56,97.26
20210109,22.42,5.6719,4.0613,2.4881,0.54,24.59,28.59,21.97,85.01,1.35,1.99,0.43,97.2
20210110,21.6,5.0407,0.9096,3.2592,0.48,24.46,27.47,22.47,89.92,1.07,1.85,0.44,97.31
20210111,3.74,4.2312,1.1887,2.7562,0.4,25.41,28.46,23.25,88.0,1.23,2.43,0.5,97.26
20210112,18.03,5.6887,4.0534,2.3474,0.54,24.78,27.27,23.17,91.47,1.08,1.67,0.42,97.25
20210113,10.13,4.969,2.0138,2.718,0.47,25.11,27.78,22.9,90.24,1.0,1.63,0.36,97.26
20210114,7.45,4.1429,0.7339,2.7329,0.4,25.07,27.82,23.22,91.97,1.24,1.91,0.49,97.28
20210115,18.52,5.0806,2.7338,2.9698,0.48,24.91,27.84,22.51,91.02,1.31,2.48,0.53,97.1
20210116,18.05,5.7228,3.4306,2.6249,0.55,25.0,26.38,24.26,96.24,1.7,2.52,0.63,97.06
20210117,35.83,4.9973,2.1943,2.9129,0.48,25.09,26.43,23.8,96.18,1.27,2.06,0.49,97.09
20210118,40.69,4.0332,1.111,2.7866,0.38,24.72,26.12,23.51,94.21,1.17,2.05,0.48,97.21
20210119,65.58,5.0479,1.5641,3.0331,0.48,24.76,27.29,23.16,93.23,1.2,1.87,0.5,97.33
20210120,13.25,5.081,0.823,3.5304,0.48,24.57,26.78,23.54,92.43,1.4,2.49,0.58,97.48
20210121,2.68,5.7528,3.229,2.7732,0.55,24.71,28.33,21.88,88.87,1.17,1.97,0.5,97.44
20210122,9.57,6.2407,5.6698,1.8869,0.59,25.3,29.1,21.97,87.08,1.49,2.46,0.56,97.31
20210123,9.23,5.9177,5.0765,2.3885,0.56,24.63,26.76,23.45,92.44,1.56,2.3,0.59,97.41
20210124,31.85,5.8939,4.9058,2.0081,0.56,24.27,26.56,22.73,92.7,1.29,1.94,0.55,97.43
20210125,8.39,5.2793,1.9284,2.8937,0.5,24.71,28.23,21.89,90.05,1.38,2.34,0.57,97.3
20210126,46.38,5.1439,1.7071,3.3612,0.49,24.42,26.28,22.84,95.62,1.18,1.83,0.54,97.2
20210127,10.77,5.382,2.0249,3.2304,0.51,24.47,28.15,22.14,90.35,1.0,1.84,0.41,97.16
20210128,32.86,5.059,1.2461,3.5117,0.48,24.66,28.54,22.54,89.73,1.16,2.59,0.5,97.2
20210129,28.25,4.9342,1.8881,2.82,0.47,24.52,28.29,21.46,86.95,1.19,1.93,0.43,97.23
20210130,11.87,5.7569,2.4833,3.6586,0.54,24.72,27.71,23.02,89.79,0.93,1.62,0.43,97.32
20210131,6.78,4.7719,1.9656,2.5248,0.45,24.13,27.27,22.04,88.7,1.06,1.42,0.43,97.4
20210201,14.02,3.6019,0.3286,2.5663,0.34,23.71,26.49,21.53,89.51,0.85,1.52,0.31,97.43
20210202,11.07,4.7573,1.8838,2.9184,0.45,24.64,27.81,22.28,89.09,0.98,1.79,0.45,97.33
20210203,4.79,5.4641,3.0257,2.8769,0.52,25.49,28.96,23.14,88.55,1.57,2.49,0.68,97.19
20210204,7.42,5.0635,1.6879,3.2546,0.48,25.8,29.98,22.95,87.36,1.48,2.78,0.58,97.12
20210205,3.85,3.7582,0.7769,2.4607,0.35,24.99,28.26,22.66,89.13,1.18,2.03,0.55,97.18
20210206,1.73,4.6973,1.2185,2.959,0.44,25.17,28.98,22.54,86.73,1.7,2.7,0.71,97.18
20210207,1.23,4.1986,0.4805,3.0,0.4,25.25,28.8,22.36,85.23,1.19,1.81,0.47,97.2
20210208,0.9,6.667,6.3542,1.7755,0.63,25.99,29.54,23.56,86.11,1.35,2.18,0.56,97.07
20210209,1.75,4.614,0.8431,3.0074,0.43,25.72,28.59,23.69,89.58,1.05,2.03,0.44,97.19
20210210,5.0,6.1639,3.4258,2.7821,0.58,25.78,29.14,23.63,88.67,0.96,1.91,0.4,97.32
20210211,4.6,3.8078,0.3202,2.7218,0.36,24.84,27.77,22.99,89.53,1.09,1.92,0.47,97.42
20210212,3.4,5.5176,3.5237,2.2771,0.52,25.07,28.57,22.53,87.34,1.35,2.35,0.55,97.41
20210213,2.6,5.4564,2.0482,3.1082,0.51,24.64,27.83,22.4,87.98,1.16,1.89,0.48,97.46
20210214,16.02,5.275,2.0028,2.8181,0.5,24.78,27.96,21.9,89.65,1.5,2.7,0.68,97.36
20210215,30.52,5.3592,2.0208,3.4762,0.5,24.74,27.99,23.01,87.65,0.95,1.87,0.43,97.3
20210216,19.21,5.7346,3.7726,2.3518,0.54,24.09,26.36,22.72,90.59,0.83,1.43,0.4,97.33
20210217,1.88,5.8709,3.1829,3.6029,0.55,24.42,27.74,21.69,86.76,1.38,2.17,0.55,97.3
20210218,4.89,6.577,6.1884,2.2582,0.62,25.74,29.69,22.75,84.14,1.5,2.1,0.62,97.16
20210219,10.21,5.5963,3.331,2.9033,0.53,25.44,28.69,23.16,89.53,1.43,2.65,0.66,97.22
20210220,13.84,5.8546,4.1136,2.4528,0.55,25.33,29.15,22.28,88.87,1.27,2.14,0.58,97.28
20210221,12.53,5.3119,2.1377,2.831,0.5,25.66,27.83,23.76,88.12,1.14,1.97,0.55,97.28
20210222,18.83,4.3687,1.1878,2.7919,0.41,24.83,26.58,23.76,92.78,1.14,1.58,0.52,97.29
20210223,9.84,5.7514,2.9786,2.9722,0.54,24.73,27.44,22.38,92.11,1.01,1.54,0.44,97.26
20210224,5.62,4.8655,1.3956,3.0634,0.46,24.02,27.16,21.65,88.27,0.94,1.48,0.4,97.33
20210225,3.2,5.071,1.3034,3.2506,0.48,24.13,27.37,21.0,86.93,1.01,1.64,0.43,97.26
20210226,3.22,5.0645,2.543,2.7691,0.48,24.68,28.3,22.38,87.46,1.01,1.71,0.43,97.18
20210227,9.84,5.6218,4.3015,2.185,0.53,25.79,29.5,22.74,86.21,1.15,2.16,0.47,97.12
20210228,33.67,4.7674,2.8603,2.2068,0.45,25.81,27.47,24.61,85.78,0.98,1.95,0.51,97.31
20210301,17.27,3.7538,0.4342,2.6143,0.35,24.69,26.34,22.89,90.96,0.85,1.67,0.44,97.49
20210302,2.33,5.9923,3.5093,3.2114,0.56,23.85,27.16,20.97,87.01,1.29,1.97,0.6,97.59
20210303,2.68,5.3971,1.6805,3.192,0.51,23.67,28.06,20.29,85.06,1.23,1.76,0.47,97.58
20210304,2.6,4.9922,1.4059,3.3091,0.47,24.3,27.86,21.36,88.25,1.53,2.52,0.66,97.46
20210305,6.62,6.1613,4.5389,2.2879,0.58,25.16,29.11,21.95,86.74,1.28,2.65,0.6,97.33
20210306,9.59,4.77,2.3978,2.3818,0.45,24.71,27.5,22.89,88.62,1.44,2.65,0.71,97.45
20210307,7.0,5.0357,1.159,3.3538,0.48,24.36,27.99,22.25,89.16,1.18,1.87,0.53,97.5
20210308,27.29,5.3873,3.3223,2.4235,0.51,24.87,28.04,22.69,89.78,1.19,2.35,0.51,97.45
20210309,17.08,4.8444,1.3807,2.8675,0.46,24.41,26.52,23.22,91.69,1.13,1.87,0.46,97.51
20210310,13.48,3.1601,0.2909,2.1965,0.3,23.74,26.49,22.4,93.56,1.33,2.59,0.58,97.61
20210311,3.99,6.0331,4.6298,2.2356,0.57,24.64,27.9,22.2,88.4,1.36,2.38,0.52,97.53
20210312,19.29,5.8298,3.7531,2.5543,0.55,23.47,25.24,21.43,92.33,1.11,1.56,0.45,97.64
20210313,40.13,4.4974,1.0006,3.0202,0.43,23.43,25.9,21.28,91.01,1.37,2.13,0.53,97.55
20210314,24.79,5.1094,1.9277,3.0475,0.49,23.33,24.7,22.44,95.49,1.26,1.75,0.5,97.53
20210315,16.44,5.9765,4.0138,2.4283,0.57,24.39,26.83,21.95,91.09,1.42,2.18,0.54,97.51
20210316,8.01,5.9434,3.8455,2.5325,0.57,24.31,26.7,22.37,91.14,1.16,1.9,0.53,97.55
20210317,1.89,6.3158,4.2031,2.4576,0.6,24.3,28.19,20.67,83.87,1.04,1.65,0.38,97.44
20210318,7.85,6.1666,5.0114,2.1029,0.59,24.83,28.34,22.17,88.05,1.55,2.57,0.67,97.32
20210319,4.56,6.6192,5.442,2.2774,0.63,23.42,26.19,20.81,87.74,0.81,1.31,0.31,97.29
20210320,12.55,5.9268,3.8832,2.7168,0.57,24.5,27.81,21.84,86.17,1.18,1.98,0.43,97.24
20210321,13.68,4.8137,2.6748,2.3686,0.46,24.31,28.0,21.39,86.12,0.69,1.03,0.22,97.33
20210322,4.06,6.1567,3.6118,2.923,0.59,24.62,27.1,22.35,86.18,1.22,1.62,0.39,97.41
20210323,29.76,6.0365,4.6092,2.1482,0.58,24.45,26.34,23.28,93.48,1.4,1.64,0.55,97.4
20210324,26.22,6.2724,4.5643,2.4929,0.6,24.29,27.17,22.19,89.71,0.98,1.49,0.39,97.37
20210325,2.82,6.1534,4.7642,2.3141,0.59,25.06,28.07,22.43,89.03,1.24,2.21,0.48,97.26
20210326,28.91,4.8533,1.3541,2.9086,0.47,24.46,26.48,23.45,94.53,0.82,1.25,0.35,97.29
20210327,48.96,5.7377,4.3634,2.2517,0.56,24.54,27.54,23.04,93.36,1.31,2.27,0.53,97.16
20210328,53.78,4.6589,0.5712,3.2455,0.45,24.33,25.95,22.64,96.2,1.34,1.84,0.51,97.13
20210329,21.1,4.331,0.2959,3.0888,0.42,24.31,25.35,23.47,96.78,1.89,2.69,0.84,97.23
20210330,8.14,5.3945,2.0134,2.993,0.52,24.46,26.83,22.7,92.11,1.14,1.72,0.45,97.14
20210331,14.7,4.9651,3.1536,2.2046,0.48,24.22,26.17,22.67,94.27,1.38,2.33,0.52,97.12
20210401,35.75,6.1622,4.7494,2.2788,0.6,24.31,26.38,22.72,93.35,0.96,1.61,0.42,97.19
20210402,20.7,5.2188,2.5841,2.7041,0.51,24.81,26.99,22.63,92.32,1.01,1.44,0.47,97.2
20210403,11.47,1.5336,0.1577,1.121,0.15,24.38,26.35,23.02,93.75,1.32,1.67,0.64,97.25
20210404,0.23,6.4728,5.97,1.9992,0.64,25.49,28.62,22.59,87.6,1.32,1.7,0.57,97.22
20210405,0.65,6.5064,5.8582,2.0158,0.64,25.53,28.18,23.72,87.04,1.04,1.53,0.46,97.4
20210406,3.23,5.1605,3.1762,2.5426,0.51,24.88,27.6,22.91,85.72,0.98,1.33,0.38,97.52
20210407,3.39,2.875,0.4054,2.0299,0.28,24.19,27.33,22.04,89.98,1.29,2.17,0.56,97.49
20210408,4.71,6.0434,4.2806,2.5104,0.6,24.48,28.14,21.36,88.55,1.18,1.89,0.5,97.32
20210409,13.41,4.7484,2.7331,2.2603,0.47,24.89,28.07,22.93,91.76,1.34,2.49,0.63,97.38
20210410,6.06,4.3222,0.3768,3.1152,0.43,25.31,28.59,22.8,86.36,0.81,1.96,0.34,97.48
20210411,4.13,4.8115,1.9613,2.5207,0.48,24.67,28.34,21.55,86.84,1.24,2.48,0.48,97.54
20210412,5.12,5.4511,2.9513,2.7869,0.55,24.72,28.14,22.4,88.69,0.83,1.25,0.29,97.55
20210413,6.3,5.1403,2.382,2.7341,0.52,24.51,27.9,22.13,90.23,1.45,2.61,0.55,97.42
20210414,3.57,6.2347,5.2409,2.3822,0.63,24.66,27.66,22.29,89.35,0.64,1.07,0.26,97.37
20210415,9.9,5.0143,2.6796,2.5325,0.51,24.36,27.18,22.19,91.03,1.23,1.77,0.54,97.39
20210416,23.81,5.1919,3.4879,2.1919,0.52,24.44,26.84,22.38,91.09,1.34,1.93,0.56,97.46
20210417,25.24,4.927,2.0201,2.7432,0.5,23.46,25.4,21.9,95.13,1.0,1.39,0.42,97.5
20210418,18.0,4.2622,1.5912,2.3738,0.43,24.32,26.33,22.79,93.67,0.94,1.52,0.42,97.39
20210419,19.88,4.6063,3.0187,1.962,0.47,24.13,25.38,23.19,96.55,1.29,1.86,0.54,97.37
20210420,8.77,5.0347,3.047,2.2747,0.51,24.67,27.35,23.3,90.19,1.23,2.06,0.51,97.45
20210421,28.88,5.5942,3.6166,2.8272,0.57,24.69,27.12,23.15,89.31,1.05,1.89,0.5,97.54
20210422,1.81,5.5354,4.9774,1.8538,0.57,25.29,28.53,23.09,86.12,1.18,1.89,0.51,97.45
20210423,1.0,5.2627,2.7204,2.6002,0.54,25.08,28.27,22.38,87.62,1.18,1.71,0.45,97.43
20210424,7.41,5.118,4.0572,2.0057,0.53,25.01,26.96,23.48,93.94,1.44,1.96,0.52,97.47
20210425,9.09,4.8955,2.8553,2.2949,0.51,24.2,25.54,23.12,94.19,1.25,2.03,0.53,97.57
20210426,11.35,4.5787,2.8709,2.1826,0.47,24.8,27.74,22.92,89.91,1.39,2.54,0.54,97.58
20210427,14.26,6.3874,6.2498,1.7246,0.66,24.41,28.13,21.2,87.51,1.11,1.78,0.44,97.65
20210428,3.21,5.6537,4.8082,1.9853,0.59,24.49,27.45,22.41,88.2,1.1,1.7,0.41,97.63
20210429,12.15,6.0449,5.7022,2.0465,0.63,24.27,26.24,22.58,93.64,0.88,1.39,0.41,97.62
20210430,4.65,5.0458,2.9359,2.4199,0.53,24.5,28.14,21.72,88.85,1.18,2.01,0.48,97.63
20210501,5.73,5.9753,5.6849,1.8926,0.63,25.06,28.1,22.9,91.34,1.55,2.47,0.69,97.57
20210502,3.26,3.4841,1.423,2.0894,0.37,25.07,27.61,23.06,91.4,1.17,1.92,0.54,97.47
20210503,2.52,4.2331,0.8556,2.6846,0.45,24.73,26.45,23.47,94.37,1.29,1.74,0.58,97.32
20210504,4.92,5.2733,4.5122,2.0827,0.56,23.79,25.65,21.37,93.92,1.18,2.12,0.51,97.34
20210505,8.41,4.5754,1.2254,2.8658,0.49,24.45,25.29,23.77,96.22,1.0,1.81,0.44,97.33
20210506,6.52,3.3437,1.0265,2.3273,0.36,25.11,26.15,24.09,95.24,1.26,2.45,0.48,97.24
20210507,36.24,4.0793,1.8718,2.2342,0.43,24.88,26.55,23.64,93.25,1.16,2.45,0.43,97.27
20210508,26.3,3.744,1.4203,2.2313,0.4,24.67,26.89,23.45,94.34,1.61,2.46,0.64,97.36
20210509,6.94,4.2749,1.0394,2.8073,0.46,23.99,25.88,22.69,93.59,0.86,1.32,0.35,97.43
20210510,1.79,5.1602,4.3154,1.9591,0.55,24.81,27.13,22.45,90.29,1.24,1.81,0.51,97.41
20210511,3.25,5.0964,3.7322,2.1274,0.55,25.35,27.68,23.42,92.02,1.52,2.85,0.61,97.37
20210512,3.51,5.5906,5.3246,1.6589,0.6,25.87,28.7,24.0,91.83,1.34,2.07,0.57,97.3
20210513,18.74,4.7832,3.2112,2.3064,0.52,25.41,26.79,24.38,95.94,1.44,2.17,0.55,97.3
20210514,15.26,2.9038,0.3838,2.021,0.32,25.03,26.05,23.71,96.13,1.17,2.53,0.5,97.31
20210515,4.11,5.2747,3.457,2.3815,0.57,25.11,27.7,22.89,91.47,1.14,1.87,0.48,97.3
20210516,8.76,0.9874,0.185,0.7205,0.11,24.86,26.03,24.07,96.46,1.46,2.39,0.59,97.36
20210517,1.12,5.4996,4.9562,1.9368,0.6,25.65,28.3,23.66,90.96,1.3,2.12,0.57,97.38
20210518,5.68,3.5002,0.3566,2.3815,0.38,25.21,26.49,24.0,94.76,1.23,2.11,0.46,97.42
20210519,4.69,5.6412,5.3873,1.7546,0.62,25.33,28.21,23.59,91.85,1.27,2.13,0.52,97.4
20210520,13.19,2.1259,0.1087,1.6114,0.23,24.74,26.14,23.56,97.7,1.57,2.16,0.56,97.41
20210521,7.11,5.0731,3.3691,2.4994,0.56,23.79,25.65,22.24,94.01,0.82,1.78,0.31,97.36
20210522,17.48,2.6306,0.3115,1.8986,0.29,24.16,26.59,22.4,94.55,1.06,1.74,0.47,97.36
20210523,11.45,4.5838,3.7277,1.8991,0.51,24.32,27.23,21.49,91.26,1.32,1.94,0.51,97.38
20210524,12.1,3.3864,0.5249,2.465,0.38,24.24,25.16,23.58,96.9,1.46,2.1,0.55,97.51
20210525,2.46,4.4107,2.5049,2.2973,0.49,24.94,27.4,23.77,93.02,1.55,2.53,0.63,97.53
20210526,0.97,3.6672,0.5861,2.5615,0.41,24.42,26.53,23.17,92.16,1.53,2.45,0.62,97.6
20210527,2.17,4.3097,3.6473,1.8288,0.48,24.38,26.97,23.05,91.15,1.34,2.53,0.59,97.63
20210528,3.66,3.8815,3.1841,1.8072,0.43,24.63,27.47,22.87,90.19,1.21,2.19,0.54,97.55
20210529,5.14,3.8887,3.0269,2.0822,0.44,24.02,25.81,23.1,93.85,1.34,2.01,0.58,97.46
20210530,4.44,3.4898,0.6094,2.3731,0.39,24.04,27.03,22.67,92.56,1.14,1.88,0.48,97.35
20210531,5.73,4.4875,2.0443,2.8685,0.5,23.66,25.75,22.52,94.21,1.3,2.06,0.55,97.4
20210601,17.69,3.5866,0.9233,2.2378,0.4,24.14,25.8,22.8,95.57,1.45,2.27,0.58,97.48
20210602,5.45,4.6349,3.7994,2.0942,0.52,24.4,26.04,23.38,95.82,1.31,1.99,0.46,97.54
20210603,18.89,2.8745,0.8014,1.8617,0.32,24.37,26.14,23.25,95.13,1.24,2.43,0.47,97.6
20210604,8.54,4.4172,2.1062,2.4446,0.5,23.69,25.02,21.56,94.9,1.26,2.02,0.52,97.65
20210605,4.35,3.5998,1.8197,1.9762,0.41,22.72,25.83,20.64,91.41,1.05,1.61,0.4,97.57
20210606,0.7,5.2013,5.112,1.7292,0.59,24.18,26.57,21.68,92.07,1.42,2.16,0.59,97.48
20210607,44.84,3.6103,1.3085,2.1473,0.41,24.23,25.33,23.54,95.01,0.6,0.97,0.24,97.56
20210608,36.73,2.0342,0.1358,1.53,0.23,24.1,25.88,22.65,95.13,1.28,2.18,0.53,97.56
20210609,20.3,4.9898,4.7578,1.7969,0.57,24.17,25.68,23.07,95.97,1.31,2.23,0.5,97.49
20210610,24.38,5.1857,4.3709,2.1818,0.59,24.59,27.01,22.97,95.67,1.54,2.23,0.54,97.45
20210611,6.68,3.9614,1.5226,2.3496,0.45,24.37,25.49,23.4,96.88,1.42,1.8,0.55,97.51
20210612,46.65,3.8292,1.8242,2.1053,0.44,24.34,25.76,23.05,96.64,1.33,2.03,0.52,97.59
20210613,14.82,5.2246,5.3057,1.7136,0.6,25.4,28.41,23.43,92.82,1.33,2.12,0.55,97.46
20210614,13.56,3.8918,1.2288,2.437,0.44,24.59,25.67,23.67,97.04,1.94,2.55,0.75,97.45
20210615,9.41,4.7014,4.7897,1.6738,0.54,24.3,26.56,22.74,94.28,1.05,1.42,0.38,97.49
20210616,19.02,4.3114,2.6846,2.0122,0.49,23.95,24.94,22.99,96.71,1.25,2.19,0.48,97.64
20210617,20.95,4.8065,3.9497,2.1432,0.55,24.03,26.12,22.81,94.29,1.16,1.95,0.42,97.64
20210618,20.06,4.8298,4.4218,1.8362,0.55,23.48,25.7,22.35,94.37,1.17,2.1,0.61,97.7
20210619,14.44,4.9598,4.957,1.9006,0.57,23.21,25.49,21.19,92.91,1.11,1.72,0.43,97.65
20210620,4.27,3.9331,2.4466,2.0318,0.45,23.43,24.6,22.58,95.3,1.25,1.81,0.53,97.59
20210621,6.81,4.1983,2.7298,2.1972,0.48,23.79,25.43,22.83,94.32,0.94,1.37,0.39,97.6
20210622,2.98,2.9947,0.5496,2.185,0.34,23.99,25.21,22.97,96.8,1.34,2.28,0.52,97.65
20210623,18.47,4.6529,3.2611,2.245,0.53,24.22,25.56,23.14,96.47,1.19,1.99,0.48,97.67
20210624,2.12,4.3109,1.6591,2.6393,0.49,24.03,25.82,23.07,95.34,1.19,1.5,0.52,97.57
20210625,5.17,4.9138,4.3524,1.7947,0.56,24.78,27.56,22.91,90.6,1.27,1.94,0.48,97.6
20210626,10.54,2.8718,1.1556,1.7705,0.33,23.93,25.65,23.0,95.66,1.45,2.14,0.62,97.69
20210627,12.47,3.168,1.0913,2.0765,0.36,23.84,25.46,22.8,95.64,1.28,2.27,0.53,97.63
20210628,4.68,3.5314,1.8134,2.0902,0.4,24.6,27.71,22.72,91.72,1.19,2.26,0.5,97.47
20210629,7.45,4.1347,1.9402,2.2673,0.47,24.37,25.72,23.32,95.85,1.16,1.84,0.58,97.43
20210630,15.48,3.077,0.5407,2.1749,0.35,23.8,25.27,23.01,97.36,1.04,1.34,0.45,97.54
20210701,8.59,5.2219,4.92,1.7498,0.6,23.89,25.95,22.84,94.32,1.24,2.03,0.51,97.5
20210702,20.79,4.4366,3.0806,1.9766,0.51,23.9,25.96,22.51,95.34,1.3,2.16,0.5,97.41
20210703,37.14,2.1838,0.3962,1.4839,0.25,23.43,24.21,22.75,97.36,1.47,2.07,0.58,97.43
20210704,15.58,4.4366,3.3864,2.0213,0.51,24.04,26.58,22.5,94.12,1.45,2.41,0.57,97.38
20210705,31.68,3.2765,0.45,2.387,0.37,24.0,25.23,23.16,97.49,1.45,2.36,0.53,97.31
20210706,8.37,3.8746,1.2173,2.4874,0.44,23.93,25.41,22.74,96.86,1.1,2.28,0.47,97.36
20210707,3.18,4.7782,4.0198,2.1833,0.54,23.93,25.54,22.48,97.19,1.51,2.77,0.57,97.43
20210708,19.49,4.6776,4.3253,1.6541,0.53,23.85,25.1,23.03,97.43,1.14,2.2,0.38,97.41
20210709,9.93,5.0868,3.4584,2.2769,0.58,23.84,25.37,22.58,95.14,0.93,1.38,0.43,97.44
20210710,10.53,4.5216,3.0221,2.1158,0.51,24.45,27.5,22.05,88.96,1.39,1.84,0.57,97.42
20210711,13.71,4.165,1.1983,2.4691,0.47,24.56,25.63,23.82,97.61,1.64,2.57,0.62,97.44
20210712,6.38,4.7647,3.0775,2.3748,0.54,24.39,25.61,23.59,97.35,1.56,2.8,0.65,97.4
20210713,3.05,2.9825,0.4831,2.1494,0.34,24.68,26.48,23.56,95.19,1.3,2.36,0.53,97.28
20210714,27.46,3.1032,0.7442,2.0914,0.35,24.41,26.0,23.33,96.89,1.33,2.38,0.51,97.25
20210715,14.03,3.5294,0.2431,2.7202,0.4,24.49,25.58,23.57,98.07,1.42,2.08,0.53,97.26
20210716,4.22,4.2418,1.4969,2.8018,0.48,24.62,25.51,23.97,97.84,1.68,2.54,0.62,97.38
20210717,5.11,4.6248,3.3367,2.0789,0.52,24.9,26.43,24.02,96.01,2.01,2.88,0.75,97.31
20210718,17.46,2.4518,0.1781,1.8377,0.27,24.28,24.92,23.53,96.91,1.78,2.77,0.71,97.38
20210719,4.01,3.0466,0.6298,2.0558,0.34,24.63,26.89,23.21,95.42,1.42,2.57,0.54,97.46
20210720,1.26,4.3656,2.6342,2.1871,0.49,23.94,25.68,22.38,93.38,1.45,2.26,0.69,97.62
20210721,10.93,3.6732,2.0196,1.9421,0.41,23.65,24.96,22.81,96.92,1.47,2.64,0.57,97.6
20210722,36.79,4.2084,2.2358,2.1852,0.47,23.63,25.27,22.67,96.01,1.58,2.22,0.59,97.52
20210723,43.19,3.3228,0.6533,2.1586,0.37,23.6,25.08,22.82,96.6,1.49,2.21,0.59,97.56
20210724,25.07,3.4013,0.504,2.3986,0.38,23.29,24.93,21.74,96.64,1.7,2.53,0.65,97.7
20210725,4.05,2.6909,0.0972,2.0395,0.3,22.86,25.56,20.76,91.4,0.93,1.69,0.41,97.73
20210726,1.55,4.9291,4.5456,1.7806,0.54,23.77,26.47,22.29,91.26,1.19,2.3,0.6,97.59
20210727,1.11,4.242,1.7962,2.3863,0.47,23.97,25.91,22.63,93.15,0.82,1.37,0.39,97.58
20210728,8.71,4.4918,1.675,2.549,0.49,24.15,26.78,21.9,91.29,1.04,1.62,0.43,97.58
20210729,34.86,3.4651,1.6346,1.9039,0.38,24.26,25.89,23.21,95.92,1.32,2.68,0.49,97.57
20210730,13.73,4.4002,1.9776,2.5409,0.48,23.73,25.46,22.58,91.88,1.14,2.03,0.47,97.68
20210731,32.86,5.5841,4.4558,2.227,0.61,24.11,27.38,21.86,90.12,1.02,2.03,0.45,97.63
20210801,9.19,5.3542,4.2739,2.2534,0.58,24.21,26.41,22.42,92.24,0.91,1.43,0.4,97.47
20210802,6.84,5.076,4.3313,1.8718,0.55,24.07,25.99,22.74,92.64,0.76,1.33,0.36,97.55
20210803,9.3,4.7928,3.665,2.0273,0.52,23.9,25.9,22.86,93.67,0.8,1.35,0.4,97.69
20210804,57.74,3.9535,2.0035,2.0124,0.43,23.5,25.05,22.33,95.21,1.35,2.21,0.56,97.79
20210805,28.05,5.1082,3.217,2.2798,0.55,23.08,25.08,21.78,93.87,1.21,1.86,0.54,97.82
20210806,2.71,4.32,2.833,1.9529,0.46,22.94,25.67,21.28,91.89,1.37,2.11,0.63,97.81
20210807,0.88,4.4558,1.663,2.6537,0.48,23.77,27.05,21.63,91.28,1.39,2.07,0.64,97.72
20210808,10.75,4.7309,3.9475,2.0611,0.51,23.47,25.76,21.96,92.76,1.58,2.65,0.65,97.69
20210809,14.64,4.044,2.1067,2.1468,0.43,23.83,26.1,21.95,94.59,1.31,2.47,0.53,97.56
20210810,7.61,5.1127,3.9151,2.1382,0.54,24.62,27.76,23.08,90.69,1.28,2.52,0.54,97.6
20210811,8.57,3.9454,2.1218,2.2046,0.42,23.85,25.24,22.66,95.89,0.93,1.72,0.41,97.74
20210812,1.91,4.8475,3.0247,2.3251,0.51,23.98,26.08,22.56,95.27,0.91,1.37,0.42,97.69
20210813,1.04,5.4826,4.2101,2.2908,0.58,24.41,27.15,22.44,91.47,1.56,2.27,0.61,97.53
20210814,21.78,4.5026,3.4058,1.9874,0.47,23.99,26.21,22.52,94.13,1.65,2.23,0.69,97.53
20210815,14.3,4.0591,0.8333,2.6782,0.43,24.08,26.23,22.77,95.0,1.37,2.15,0.55,97.62
20210816,29.58,4.008,2.1187,2.1281,0.42,23.93,25.03,23.09,97.04,1.39,2.4,0.52,97.57
20210817,59.62,4.111,1.5062,2.3189,0.43,23.69,25.37,22.85,94.88,1.3,1.96,0.45,97.53
20210818,8.02,3.2352,1.2545,1.9416,0.34,23.65,25.39,22.44,96.29,1.29,2.47,0.53,97.44
20210819,7.7,5.561,4.8211,1.908,0.58,23.78,26.3,22.06,93.7,1.25,1.98,0.53,97.48
20210820,39.65,2.8735,0.48,1.9709,0.3,23.46,24.7,22.79,96.34,1.34,1.71,0.51,97.53
20210821,39.21,5.3515,3.8479,2.1434,0.55,23.85,26.18,22.68,94.34,0.86,1.49,0.43,97.48
20210822,4.71,4.9342,1.8737,2.832,0.51,23.89,25.56,22.4,96.86,1.37,2.1,0.54,97.51
20210823,25.43,4.0075,0.6986,2.6974,0.41,24.18,27.05,22.46,91.97,1.39,2.29,0.53,97.5
20210824,15.67,5.0162,1.3771,3.2136,0.52,23.74,27.36,21.81,90.85,1.25,2.41,0.54,97.52
20210825,34.53,5.2769,2.8433,2.5622,0.54,23.04,25.94,21.03,92.92,1.1,1.73,0.48,97.53
20210826,10.01,3.7145,0.8678,2.2841,0.38,23.3,24.46,22.27,96.49,1.27,1.89,0.52,97.48
20210827,15.85,5.2368,4.045,1.9066,0.54,23.67,24.78,22.86,96.94,1.57,2.55,0.63,97.41
20210828,14.58,4.6409,0.9182,3.0742,0.47,24.01,25.7,22.62,96.98,1.53,2.44,0.58,97.37
20210829,13.54,6.0641,5.5145,1.8554,0.62,24.25,26.39,22.73,95.21,1.38,1.98,0.54,97.34
20210830,28.11,4.0109,1.4849,2.3606,0.41,24.64,26.99,23.68,94.59,1.2,1.62,0.45,97.41
20210831,28.92,5.137,3.2381,2.4389,0.52,23.99,25.74,22.79,92.8,0.92,1.23,0.39,97.48
20210901,45.14,4.9812,2.5183,2.436,0.5,24.28,27.71,22.28,91.99,0.94,1.64,0.39,97.5
20210902,13.03,5.2738,2.8253,2.6654,0.53,24.24,25.75,23.14,94.95,0.98,1.56,0.43,97.43
20210903,13.51,1.7666,0.179,1.2948,0.18,24.66,27.35,22.26,92.23,0.66,1.19,0.25,97.38
20210904,7.16,5.5867,4.5175,2.0731,0.56,23.81,25.88,22.59,96.09,1.2,2.05,0.46,97.41
20210905,20.16,4.5331,1.4141,2.6203,0.45,23.47,24.45,22.76,96.39,1.45,1.87,0.55,97.55
20210906,14.8,5.1226,2.8781,2.3748,0.51,23.54,25.07,22.68,95.89,1.27,1.68,0.51,97.57
20210907,16.66,4.4095,2.2886,2.1751,0.44,23.34,25.89,21.92,94.08,1.6,2.65,0.67,97.54
20210908,24.32,4.1731,1.8862,2.2032,0.42,23.01,24.39,22.39,94.96,1.51,2.41,0.61,97.5
20210909,16.28,4.9032,3.7032,2.0453,0.49,24.17,27.6,22.09,91.93,1.42,2.59,0.6,97.52
20210910,30.44,3.2028,0.373,2.2651,0.32,24.2,26.4,23.16,94.99,1.69,2.64,0.69,97.51
20210911,22.57,4.4328,1.1594,2.7326,0.44,24.06,26.02,22.8,95.11,0.97,2.05,0.38,97.46
20210912,3.62,5.2495,2.9916,2.8294,0.52,24.56,28.14,22.31,89.48,1.28,2.12,0.48,97.42
20210913,5.94,4.3488,1.2989,2.6105,0.43,23.63,25.93,21.81,93.76,1.02,1.48,0.43,97.53
20210914,4.91,3.8515,0.8453,2.5325,0.38,24.02,26.9,21.32,90.19,1.15,1.66,0.42,97.6
20210915,4.78,5.7137,4.7897,1.9735,0.56,24.69,27.47,23.14,93.68,1.31,2.42,0.5,97.53
20210916,6.43,4.2379,1.0776,2.6899,0.42,24.49,27.07,23.21,93.7,1.48,2.59,0.64,97.46
20210917,6.08,4.3092,2.3801,2.1029,0.42,23.69,25.91,22.47,93.42,1.65,2.81,0.66,97.46
20210918,24.06,3.0648,0.4327,2.0758,0.3,23.76,26.28,22.41,94.13,1.45,2.59,0.65,97.52
20210919,27.04,3.517,0.4294,2.5234,0.34,23.24,25.15,22.3,95.34,1.04,1.81,0.37,97.59
20210920,15.15,5.9311,4.3039,2.4473,0.58,23.79,26.03,22.19,93.97,1.02,1.54,0.42,97.46
20210921,24.69,4.8802,1.9402,2.7816,0.48,23.01,24.46,21.89,95.7,1.24,2.17,0.52,97.53
20210922,33.19,4.7971,1.5494,2.7746,0.47,23.29,25.29,21.68,95.05,1.04,1.77,0.48,97.5
20210923,42.77,2.2373,0.0974,1.6366,0.22,23.5,25.15,22.7,94.38,1.28,2.02,0.51,97.51
20210924,19.86,3.9038,0.3156,2.7617,0.38,23.3,24.57,22.41,96.04,0.95,1.51,0.33,97.5
20210925,12.9,5.8303,4.0286,2.4418,0.56,23.93,26.64,22.21,95.11,1.16,1.9,0.45,97.43
20210926,9.19,5.2735,1.841,3.0492,0.51,24.32,26.76,22.95,94.07,1.38,1.88,0.51,97.41
20210927,2.5,4.4172,0.4054,3.2623,0.43,24.62,26.98,22.62,92.02,1.02,1.44,0.46,97.4
20210928,12.93,5.6558,4.5446,2.3784,0.55,24.88,27.4,22.96,91.82,1.24,2.45,0.51,97.39
20210929,5.26,4.9704,2.4862,2.509,0.48,24.61,26.45,23.02,95.33,1.29,2.11,0.46,97.47
20210930,9.78,4.7124,2.5841,2.2903,0.45,24.7,26.82,22.99,92.94,1.2,1.89,0.47,97.47
20211001,3.21,4.6898,1.9591,2.8538,0.45,24.18,26.05,23.07,94.19,1.07,1.65,0.4,97.45
20211002,12.67,5.2222,3.2472,2.4658,0.5,24.05,26.12,22.65,95.31,1.63,2.87,0.64,97.4
20211003,4.67,3.2114,0.2112,2.3052,0.31,23.4,25.65,20.99,93.05,1.35,2.14,0.49,97.39
20211004,0.51,6.4296,4.8943,2.2939,0.62,22.9,25.89,20.03,86.26,1.25,2.2,0.41,97.23
20211005,14.3,4.2398,1.3493,2.3866,0.41,24.12,25.95,22.53,93.88,1.43,2.33,0.54,97.29
20211006,25.95,4.5365,1.2857,2.6724,0.43,23.25,25.9,21.64,92.06,0.69,1.63,0.33,97.34
20211007,10.62,4.015,0.8988,2.5699,0.38,23.48,25.34,21.26,92.25,1.0,1.51,0.35,97.32
20211008,5.69,5.3268,2.586,2.7041,0.51,24.89,28.32,23.0,89.03,1.4,2.42,0.55,97.4
20211009,1.37,4.627,1.3298,3.1618,0.44,24.68,27.32,22.61,88.89,1.2,2.19,0.45,97.37
20211010,7.97,5.8349,4.2139,2.1912,0.56,25.27,28.2,23.17,89.59,1.34,2.23,0.55,97.3
20211011,9.52,4.4146,1.4191,2.6626,0.42,25.0,27.37,23.43,92.41,1.29,1.83,0.52,97.28
20211012,2.58,4.147,1.7645,2.5762,0.4,24.81,28.49,22.46,89.85,0.98,1.34,0.4,97.32
20211013,4.0,4.9258,1.7206,2.8092,0.47,24.51,26.6,22.85,91.73,0.9,1.52,0.35,97.33
20211014,15.46,4.5278,1.717,2.6518,0.43,24.26,26.82,22.0,93.13,0.88,1.33,0.39,97.46
20211015,1.29,5.8685,3.6317,2.8118,0.56,24.37,28.48,20.68,82.07,1.36,1.96,0.57,97.45
20211016,5.14,4.4249,1.7342,2.575,0.42,24.93,26.59,23.52,93.55,1.06,1.6,0.44,97.37
20211017,6.37,5.16,2.507,2.7048,0.49,23.56,26.76,21.6,90.76,1.25,1.78,0.47,97.61
20211018,3.63,5.7691,2.5793,3.143,0.55,25.43,28.95,22.5,85.13,1.22,2.14,0.49,97.6
20211019,7.46,4.6229,2.3378,2.4982,0.44,25.04,26.97,23.53,92.21,0.79,1.38,0.35,97.69
20211020,1.92,3.8777,0.5088,2.7478,0.37,24.98,27.26,23.13,92.49,1.13,1.77,0.49,97.64
20211021,2.72,5.9318,5.6945,1.801,0.56,25.38,28.07,23.27,92.28,1.62,2.66,0.62,97.52
20211022,10.4,3.5993,0.3926,2.6642,0.34,24.77,26.3,22.89,95.22,1.63,2.37,0.58,97.64
20211023,18.96,5.4314,2.7437,2.7811,0.52,24.75,27.21,22.63,89.97,1.26,2.13,0.49,97.64
20211024,17.97,4.9505,3.6578,2.0014,0.47,24.72,26.6,23.29,92.48,1.27,2.05,0.53,97.53
20211025,13.5,5.359,1.9138,3.3487,0.51,23.4,25.34,20.96,90.04,1.18,2.44,0.43,97.54
20211026,11.5,5.6866,3.7164,2.6148,0.54,25.68,28.86,23.29,85.57,1.29,2.03,0.53,97.5
20211027,3.61,5.7588,3.6977,2.6462,0.55,25.18,28.12,22.86,87.51,0.82,1.41,0.35,97.53
20211028,5.1,4.6596,2.0791,2.3431,0.44,25.71,28.34,23.62,90.22,1.19,2.01,0.54,97.53
20211029,7.08,4.8343,1.6159,2.7605,0.46,24.83,27.12,23.02,88.94,0.83,1.34,0.34,97.62
20211030,3.16,4.0186,0.5801,2.711,0.38,24.47,26.63,22.73,89.73,1.02,1.94,0.47,97.67
20211031,4.7,6.0286,4.8682,2.8517,0.57,24.8,28.28,22.38,89.68,1.31,2.03,0.51,97.53
20211101,24.32,2.4036,0.6065,1.7242,0.23,24.62,25.94,23.74,95.53,1.35,1.98,0.53,97.55
20211102,5.28,6.0331,4.7738,2.107,0.57,25.66,28.9,23.38,86.5,1.4,2.21,0.54,97.52
20211103,10.7,6.673,5.9138,1.9313,0.63,25.56,28.68,23.52,89.41,1.56,2.49,0.6,97.48
20211104,9.52,5.4461,1.8977,3.2182,0.52,24.96,27.11,22.61,91.56,0.84,1.62,0.32,97.4
20211105,31.41,5.431,1.8648,3.1085,0.52,25.22,27.82,23.46,91.96,1.18,2.16,0.43,97.29
20211106,52.86,5.4931,2.4199,3.0,0.52,24.48,27.78,21.77,87.2,1.04,1.55,0.42,97.19
20211107,13.35,5.2291,2.8908,2.6198,0.5,24.94,26.78,23.4,93.84,1.03,1.55,0.39,97.27
20211108,3.53,5.897,3.7764,2.6808,0.56,25.14,27.41,23.64,87.74,0.75,1.15,0.32,97.35
20211109,3.91,5.9863,5.1113,1.9207,0.57,25.45,28.3,23.36,88.91,1.17,1.79,0.5,97.28
20211110,8.17,5.5841,3.2832,2.8416,0.53,25.46,27.7,23.51,90.93,1.12,1.66,0.43,97.26
20211111,23.27,4.2634,0.575,2.9546,0.41,25.31,26.54,24.44,95.16,1.15,1.99,0.46,97.33
20211112,1.45,6.6703,6.3026,1.9594,0.64,25.34,28.18,22.98,88.57,1.16,1.62,0.44,97.33
20211113,4.07,5.4254,2.2738,3.0569,0.52,25.41,28.47,23.39,91.49,1.15,1.67,0.47,97.41
20211114,27.34,5.1674,2.1086,2.8006,0.49,25.08,27.18,23.67,92.62,1.38,2.22,0.54,97.4
20211115,63.24,4.4033,0.9166,2.8457,0.42,24.29,25.64,22.73,95.38,1.43,2.39,0.56,97.45
20211116,15.32,4.884,2.1065,2.6134,0.47,23.82,24.95,22.56,92.13,1.09,1.65,0.42,97.4
20211117,9.13,4.421,0.9845,2.6174,0.42,24.18,25.94,22.73,93.27,0.88,1.4,0.33,97.38
20211118,17.93,4.8305,1.3529,2.7818,0.46,24.36,25.89,23.12,95.83,1.08,1.31,0.43,97.3
20211119,5.36,5.5531,3.3216,2.6155,0.53,25.07,27.23,23.49,90.41,1.11,2.0,0.52,97.35
20211120,7.84,4.3519,0.4805,3.0394,0.42,24.52,27.02,22.63,89.95,1.17,1.89,0.49,97.33
20211121,10.63,4.4784,1.3325,2.7214,0.43,24.98,28.46,21.64,88.31,1.65,2.5,0.59,97.31
20211122,12.21,2.2903,0.1615,1.699,0.22,24.91,27.11,23.57,93.34,1.12,1.85,0.44,97.34
20211123,14.3,6.27,4.6922,2.4799,0.6,25.29,27.49,23.82,90.47,0.95,1.42,0.4,97.3
20211124,36.61,2.0333,0.1894,1.5324,0.2,24.74,25.41,24.19,93.22,0.97,1.8,0.42,97.32
20211125,11.6,6.085,5.2284,2.0316,0.58,24.75,26.36,23.45,87.03,0.78,1.39,0.33,97.25
20211126,6.88,4.4976,1.6999,2.4739,0.43,24.17,26.44,22.55,90.51,0.84,1.25,0.34,97.35
20211127,37.02,5.647,4.3882,2.1442,0.54,25.04,28.02,22.53,88.2,1.56,2.63,0.61,97.28
20211128,30.27,5.5961,3.151,2.8829,0.54,24.71,27.05,23.04,91.95,1.03,1.63,0.43,97.32
20211129,12.92,5.8003,4.1352,2.657,0.56,25.15,28.47,22.47,88.31,1.31,2.14,0.5,97.22
20211130,4.9,4.8984,1.4381,3.1817,0.47,24.73,26.83,23.15,94.19,1.05,1.51,0.45,97.24
20211201,34.88,5.1833,2.5975,2.6395,0.5,24.51,26.55,23.27,94.06,1.16,1.5,0.5,97.29
20211202,57.38,4.1098,0.1546,3.0895,0.4,24.56,26.0,23.35,96.39,1.58,2.85,0.65,97.33
20211203,26.05,5.3297,3.2424,2.7466,0.51,25.26,27.94,22.9,90.39,1.16,1.99,0.46,97.31
20211204,18.69,5.5517,3.2258,2.9426,0.53,25.74,28.88,23.48,90.29,1.36,2.5,0.53,97.32
20211205,18.72,2.125,0.2506,1.4767,0.2,24.93,27.21,22.92,91.52,1.21,1.95,0.43,97.25
20211206,1.12,5.5644,2.7943,2.9052,0.54,24.9,28.78,21.58,83.67,1.02,1.58,0.38,97.16
20211207,4.83,5.5565,3.6449,2.6899,0.54,24.54,26.85,23.0,90.63,1.24,2.18,0.48,97.26
20211208,24.28,4.4273,0.6127,3.1951,0.43,24.99,28.11,22.65,89.14,1.12,1.53,0.5,97.35
20211209,12.45,4.9778,2.2613,2.7756,0.48,25.51,28.38,23.47,92.43,0.59,1.31,0.31,97.32
20211210,4.94,4.8168,1.5398,3.0154,0.46,25.1,27.88,22.95,91.02,0.99,1.66,0.36,97.23
20211211,4.56,5.1806,2.4806,2.7062,0.5,25.33,27.87,23.34,89.92,1.01,1.77,0.46,97.25
20211212,5.8,4.218,1.4959,2.731,0.41,25.3,28.28,23.32,90.68,1.15,1.84,0.57,97.22
20211213,4.89,3.6048,0.115,2.6971,0.35,24.83,28.76,21.62,86.21,1.28,1.89,0.51,97.22
20211214,0.35,6.2659,5.5346,2.5301,0.6,24.77,28.44,22.05,81.48,0.96,1.59,0.32,97.23
20211215,0.54,5.3386,1.3553,3.5263,0.52,25.02,28.83,21.5,82.26,0.92,1.51,0.36,97.27
20211216,5.24,5.6647,4.4268,2.2034,0.55,25.05,28.35,22.46,86.65,1.22,2.1,0.49,97.24
20211217,31.92,2.9786,0.2534,2.1358,0.29,24.27,26.76,22.77,91.96,1.32,2.15,0.51,97.25
20211218,23.51,4.6282,1.3711,2.8944,0.45,25.03,27.65,22.76,88.88,0.96,1.89,0.46,97.37
20211219,15.47,5.9633,4.933,2.3198,0.58,25.61,28.26,23.21,88.03,0.85,1.47,0.43,97.46
20211220,4.1,5.8678,5.2394,2.7979,0.57,25.68,29.54,22.35,85.5,1.15,1.77,0.43,97.48
20211221,0.69,6.1044,4.6181,2.4816,0.59,25.4,28.57,22.81,88.4,1.18,2.21,0.5,97.44
20211222,30.9,5.3734,2.4538,3.0689,0.52,25.13,27.33,23.75,92.13,1.36,2.86,0.59,97.3
20211223,46.37,4.9027,2.8128,2.4134,0.47,25.45,28.21,23.47,87.26,0.84,1.5,0.38,97.2
20211224,18.02,5.4864,2.111,3.5285,0.53,25.61,28.41,23.14,87.14,0.86,1.54,0.36,97.18
20211225,9.94,5.7746,4.0942,2.629,0.56,25.86,29.72,22.45,84.87,1.03,2.13,0.39,97.16
20211226,34.78,5.6568,4.1194,3.1718,0.55,25.48,29.1,22.73,88.47,0.92,1.59,0.38,97.27
20211227,6.06,5.1972,2.4523,3.156,0.5,25.32,29.24,22.43,88.62,0.99,1.93,0.41,97.26
20211228,4.13,4.301,0.6055,2.9724,0.41,25.09,26.91,23.98,93.26,0.97,1.6,0.44,97.23
20211229,0.72,4.7546,1.0968,3.1822,0.46,25.67,28.69,23.85,87.01,1.27,2.5,0.57,97.28
20211230,1.99,5.2042,3.6458,2.9407,0.5,24.99,27.87,23.01,87.64,1.42,2.44,0.63,97.46
20211231,0.79,6.2047,5.0774,2.7838,0.6,24.94,28.51,22.15,86.66,1.41,2.26,0.55,97.47
20220101,1.57,6.0271,3.8172,2.8032,0.58,25.05,28.43,22.6,85.78,1.27,2.0,0.51,97.46
20220102,9.05,4.1484,0.8366,2.7319,0.4,25.02,27.96,22.61,89.32,1.14,2.15,0.53,97.43
20220103,9.83,4.8293,1.9961,2.8202,0.46,24.52,26.95,22.56,92.3,1.32,1.82,0.59,97.3
20220104,19.47,5.3117,2.963,2.761,0.51,24.95,27.6,23.23,93.15,1.35,1.87,0.64,97.27
20220105,6.43,4.2864,0.493,3.0274,0.41,24.46,26.85,23.11,93.33,1.44,2.48,0.68,97.34
20220106,3.67,3.5501,0.0991,2.6311,0.34,24.22,26.91,21.99,89.21,1.2,1.88,0.52,97.45
20220107,2.13,5.6064,2.1017,3.7181,0.54,24.58,27.39,22.63,86.99,1.26,1.64,0.52,97.52
20220108,1.61,6.319,4.865,2.436,0.61,24.37,27.5,22.12,86.68,1.16,1.55,0.45,97.53
20220109,3.54,3.4387,0.0082,2.6076,0.33,23.79,26.26,22.02,88.14,1.22,1.82,0.48,97.51
20220110,0.92,5.832,4.5847,2.3309,0.56,25.26,29.04,22.31,84.22,1.37,2.45,0.62,97.39
20220111,12.71,5.993,4.3361,2.4245,0.57,25.83,29.17,23.45,89.16,1.34,2.43,0.59,97.4
20220112,51.54,4.8331,2.7497,2.5334,0.46,25.86,28.38,24.12,93.12,1.3,2.22,0.58,97.25
20220113,8.67,3.8376,0.379,2.7341,0.37,24.8,26.14,23.25,95.62,1.37,1.84,0.54,97.38
20220114,28.47,5.9998,4.9382,2.1506,0.57,24.9,28.25,22.17,88.3,1.33,2.39,0.52,97.45
20220115,8.7,5.9179,3.8753,2.7648,0.56,24.92,28.28,22.58,86.8,1.15,1.86,0.42,97.46
20220116,6.64,5.6698,3.9341,2.3057,0.54,24.49,27.87,22.23,89.24,1.3,2.55,0.54,97.48
20220117,5.61,5.8486,3.4843,2.8234,0.56,23.78,27.2,21.49,90.64,1.77,3.48,0.7,97.37
20220118,8.03,3.6082,0.1416,2.6292,0.34,23.73,26.51,21.5,91.39,1.34,2.17,0.57,97.25
20220119,8.25,5.7137,3.2599,2.7989,0.54,24.92,28.0,22.39,89.53,1.46,2.44,0.64,97.06
20220120,2.41,5.1439,1.3956,3.1805,0.49,24.22,27.04,22.66,90.49,1.03,1.64,0.44,97.2
20220121,3.7,4.565,2.4684,2.2661,0.43,25.16,28.86,22.05,86.72,1.27,2.01,0.47,97.25
20220122,8.79,4.9829,1.1222,3.1001,0.47,25.06,28.53,22.88,88.95,1.24,2.15,0.51,97.31
20220123,6.42,5.7456,4.6339,2.004,0.55,25.13,28.9,21.95,85.86,1.46,2.13,0.56,97.21
20220124,5.27,5.8702,4.0214,2.5658,0.56,25.34,28.73,23.46,90.09,1.09,1.98,0.5,97.17
20220125,39.89,5.6246,4.9879,1.9526,0.53,26.08,29.41,23.88,88.0,1.35,2.43,0.5,97.17
20220126,26.42,5.8738,4.4782,2.3071,0.56,25.07,27.65,21.35,90.37,0.96,2.34,0.37,97.37
20220127,5.16,6.1342,4.0956,2.6945,0.58,24.26,29.56,20.34,82.87,1.46,2.34,0.44,97.36
20220128,27.82,5.2068,3.7915,2.0237,0.49,25.68,29.43,22.61,82.77,1.64,2.15,0.58,97.37
20220129,10.16,5.2656,2.2001,2.8846,0.5,24.77,28.4,22.12,87.93,1.4,2.32,0.55,97.43
20220130,18.61,3.6701,0.5066,2.5224,0.35,24.01,25.53,23.13,95.35,0.97,1.37,0.46,97.39
20220131,2.91,4.7926,2.3146,2.989,0.45,24.98,28.72,22.26,86.92,0.9,1.91,0.41,97.33
20220201,9.1,4.4897,1.3332,2.9575,0.42,23.51,27.03,20.83,87.89,1.09,1.67,0.39,97.48
20220202,1.23,5.4098,1.6385,3.4654,0.51,23.77,28.28,20.75,77.1,1.22,1.8,0.39,97.46
20220203,2.02,5.4425,2.5061,3.5186,0.51,24.46,28.3,21.57,78.11,1.3,1.83,0.46,97.3
20220204,37.47,6.186,5.0554,2.2166,0.58,26.11,29.71,23.24,85.24,1.22,2.5,0.55,97.15
20220205,14.65,5.6479,3.4992,2.8483,0.53,26.1,29.11,23.41,86.45,1.08,2.22,0.42,97.18
20220206,11.84,3.558,0.1116,2.639,0.33,24.95,27.43,23.01,91.69,0.76,1.25,0.25,97.33
20220207,0.34,5.7758,3.3533,2.826,0.54,25.82,29.08,23.57,87.18,1.08,2.18,0.4,97.38
20220208,11.57,6.0456,4.1971,2.5956,0.57,25.73,28.81,23.27,87.87,1.48,2.49,0.62,97.32
20220209,17.66,6.0545,4.279,2.4026,0.57,25.33,27.95,23.25,89.57,1.25,1.89,0.46,97.31
20220210,4.86,2.7072,0.0173,2.0448,0.25,24.54,26.83,22.75,91.26,1.12,1.84,0.49,97.37
20220211,4.41,4.5924,1.9099,2.501,0.43,24.77,27.68,22.98,89.66,0.97,1.66,0.37,97.3
20220212,25.47,6.2429,5.4427,1.9838,0.59,24.73,27.78,22.93,91.12,1.21,2.3,0.51,97.22
20220213,21.95,5.736,3.4783,2.5762,0.54,24.62,27.58,22.91,90.36,1.17,2.05,0.5,97.28
20220214,8.56,4.9351,1.6922,2.8361,0.46,24.27,27.17,22.66,90.99,1.18,2.04,0.5,97.4
20220215,1.89,5.3724,1.9692,3.0194,0.5,24.42,27.4,22.09,87.69,0.99,1.48,0.43,97.3
20220216,8.99,5.4379,3.0348,2.7046,0.51,24.77,27.69,22.66,91.15,1.69,2.84,0.72,97.15
20220217,15.04,5.0112,1.1537,3.1598,0.47,24.24,26.31,22.71,93.24,0.95,1.41,0.4,97.2
20220218,42.0,4.2682,0.4073,3.0564,0.4,23.88,25.55,22.91,93.62,0.93,1.55,0.36,97.28
20220219,26.21,5.099,1.1078,3.3312,0.48,24.79,28.29,21.81,88.87,1.48,2.36,0.66,97.26
20220220,30.91,4.9066,0.6722,3.2506,0.46,25.14,27.67,23.36,92.75,1.38,2.23,0.61,97.15
20220221,33.2,4.8422,2.0808,2.9902,0.45,25.13,27.62,23.77,93.39,1.43,2.53,0.65,97.08
20220222,33.41,2.945,0.3194,1.9567,0.28,23.71,24.9,22.25,94.03,0.97,1.58,0.5,97.4
20220223,6.73,5.8896,3.3132,3.2059,0.55,24.31,27.8,21.48,87.65,1.02,1.46,0.39,97.4
20220224,12.55,3.2251,0.2074,2.3582,0.3,24.26,26.87,22.12,90.28,1.04,1.35,0.46,97.46
20220225,3.5,5.4026,2.3993,2.9429,0.51,24.21,26.82,22.46,89.31,0.76,1.23,0.35,97.42
20220226,2.34,6.0773,3.9384,3.3029,0.57,23.71,27.49,21.01,86.04,0.8,1.23,0.31,97.4
20220227,2.62,3.0538,0.3382,2.1492,0.29,24.29,28.07,20.96,84.63,1.03,1.45,0.4,97.42
20220228,0.16,6.7932,5.9318,2.0657,0.64,25.3,29.09,22.49,83.28,1.01,1.49,0.39,97.4
20220301,0.37,6.2686,3.828,2.6198,0.59,25.49,29.24,22.49,81.77,1.2,1.71,0.44,97.38
20220302,0.4,6.7188,5.6496,2.3383,0.63,25.53,29.3,22.87,81.18,1.29,1.99,0.51,97.37
20220303,0.68,6.1385,3.7855,2.808,0.58,25.61,29.42,22.76,82.39,1.23,1.8,0.47,97.37
20220304,1.62,6.4642,5.1166,2.3282,0.61,24.83,27.36,22.66,88.61,0.97,1.49,0.45,97.38
20220305,5.15,5.2454,1.9272,3.155,0.49,24.3,26.9,21.57,88.77,1.3,1.73,0.47,97.23
20220306,16.52,4.5876,1.3555,2.7154,0.43,24.69,25.85,23.88,95.82,1.31,2.17,0.48,97.24
20220307,31.26,4.6433,1.6598,2.61,0.44,24.45,25.36,23.45,96.63,1.33,2.17,0.54,97.27
20220308,5.56,5.4379,3.0686,2.7072,0.51,24.52,28.05,22.51,89.85,0.96,1.73,0.4,97.37
20220309,7.71,5.4259,3.0766,2.525,0.51,23.93,26.43,21.68,89.18,0.94,1.35,0.32,97.37
20220310,5.36,5.7132,3.0235,2.7007,0.54,24.12,26.05,22.56,91.62,1.02,1.36,0.41,97.34
20220311,17.47,3.3238,0.1308,2.3902,0.31,23.52,25.1,22.51,94.01,1.05,1.4,0.43,97.36
20220312,6.76,6.0682,4.5089,2.2586,0.57,24.16,27.59,21.93,90.5,1.09,1.9,0.42,97.3
20220313,11.7,6.27,5.0246,2.2687,0.59,25.02,27.53,23.22,92.22,1.28,2.13,0.48,97.25
20220314,3.58,2.8416,0.1222,2.0558,0.27,24.71,26.6,23.37,91.4,1.13,1.99,0.45,97.35
20220315,4.24,5.5675,2.7691,3.5004,0.53,24.61,26.9,23.01,91.03,1.41,2.37,0.64,97.28
20220316,5.66,6.7745,5.9366,1.9438,0.64,25.73,29.29,22.9,87.3,1.39,2.21,0.58,97.22
20220317,7.14,3.4802,0.2782,2.4996,0.33,24.95,26.91,23.85,90.28,0.96,1.41,0.42,97.26
20220318,1.78,6.5681,5.9354,2.0047,0.63,25.99,28.75,24.26,83.97,1.22,2.33,0.49,97.13
20220319,12.99,6.3163,5.2382,2.1646,0.6,24.86,28.51,21.66,86.1,1.26,1.74,0.51,97.15
20220320,9.29,5.635,3.0058,2.8394,0.54,25.65,28.35,23.29,89.09,1.29,2.21,0.53,97.29
20220321,11.97,5.3995,2.7953,2.6729,0.52,25.92,28.81,23.93,90.6,1.53,2.51,0.64,97.36
20220322,30.06,3.6322,1.0018,2.1353,0.35,24.44,26.48,23.07,93.79,1.37,2.38,0.55,97.48
20220323,43.06,5.6909,2.905,2.7444,0.55,24.4,27.02,22.33,93.58,1.39,2.3,0.54,97.36
20220324,19.76,3.133,0.1733,2.274,0.3,24.84,26.83,23.6,93.93,1.43,2.28,0.64,97.32
20220325,16.01,5.909,4.5434,2.8764,0.57,25.24,27.52,23.75,90.92,1.25,2.08,0.58,97.29
20220326,7.18,5.4012,3.0026,3.121,0.52,25.39,27.85,24.11,89.78,1.3,2.39,0.55,97.28
20220327,37.7,5.8306,3.6862,2.5975,0.56,25.0,26.73,23.92,92.82,1.43,2.49,0.68,97.32
20220328,18.96,5.461,2.6364,2.856,0.53,24.99,27.03,23.51,92.85,0.8,1.18,0.4,97.3
20220329,25.47,4.848,1.5386,2.7583,0.47,24.31,26.37,22.79,91.37,1.27,2.29,0.49,97.38
20220330,10.6,5.2433,2.4614,2.6112,0.51,24.52,28.07,22.32,89.76,0.91,1.41,0.34,97.53
20220331,26.09,4.4923,0.2906,3.2266,0.44,23.83,26.58,22.06,91.6,1.1,1.89,0.53,97.52
20220401,3.19,5.9062,3.493,2.8183,0.58,24.39,28.25,21.11,87.51,1.21,1.7,0.52,97.4
20220402,0.54,5.9962,3.589,2.8922,0.59,24.56,27.91,22.19,87.14,1.2,1.86,0.54,97.41
20220403,0.02,5.9954,2.8522,3.181,0.59,23.94,26.45,21.26,85.12,1.03,1.47,0.44,97.44
20220404,0.57,6.0024,3.4759,3.024,0.59,24.65,28.01,22.48,84.58,1.17,2.6,0.52,97.46
20220405,0.54,6.4949,5.0868,2.3714,0.64,24.4,28.1,21.15,85.69,1.15,1.78,0.48,97.43
20220406,2.35,5.9849,5.093,2.2862,0.59,25.1,28.45,22.05,84.7,0.88,1.56,0.42,97.29
20220407,6.73,4.1791,0.7438,2.8654,0.41,24.97,28.19,22.49,89.15,1.22,2.09,0.52,97.22
20220408,19.36,5.3208,2.9695,2.5174,0.53,24.58,27.66,22.32,90.49,1.18,2.09,0.48,97.19
20220409,8.32,4.3901,0.6734,3.1358,0.44,23.46,25.11,22.23,93.41,1.27,1.89,0.53,97.28
20220410,34.9,3.725,0.9854,2.1461,0.37,24.37,27.43,22.29,92.06,1.4,2.66,0.59,97.22
20220411,26.13,4.715,2.2109,2.478,0.47,24.21,26.48,23.04,94.72,1.46,2.09,0.57,97.23
20220412,13.0,4.9982,0.9022,3.4404,0.5,25.06,27.19,23.13,91.15,1.07,1.72,0.42,97.18
20220413,5.1,4.7926,2.1821,2.6412,0.48,25.3,27.43,23.82,92.61,1.07,1.69,0.41,97.28
20220414,6.49,5.9858,5.2536,1.9022,0.6,25.23,28.2,23.02,92.78,1.66,2.91,0.64,97.32
20220415,13.45,5.0585,1.3157,3.3146,0.51,24.57,26.05,23.29,95.99,1.47,2.32,0.58,97.4
20220416,10.03,5.5274,4.4842,2.1782,0.56,24.41,26.72,22.68,93.37,1.17,1.79,0.43,97.38
20220417,6.65,4.728,1.471,2.7307,0.48,24.38,26.17,23.37,95.61,1.24,1.71,0.5,97.39
20220418,16.45,4.1088,1.331,2.4574,0.42,24.16,26.05,23.0,94.75,1.02,1.54,0.4,97.52
20220419,8.95,6.2254,5.6657,1.908,0.63,25.31,29.47,22.42,88.2,1.1,2.25,0.48,97.37
20220420,16.41,5.3474,4.5924,1.9934,0.54,25.61,28.46,23.26,90.06,1.28,1.93,0.54,97.33
20220421,31.17,4.2463,0.9353,2.9062,0.43,25.35,27.59,24.25,94.88,1.48,2.22,0.61,97.38
20220422,2.72,5.8514,4.6824,2.1274,0.6,25.64,28.6,23.34,88.72,1.37,2.4,0.61,97.38
20220423,9.85,5.7146,4.4827,2.1698,0.59,24.96,27.38,23.06,91.99,1.23,2.01,0.52,97.36
20220424,7.34,5.1228,3.9074,2.0844,0.53,25.46,28.28,23.66,90.56,1.48,2.37,0.59,97.26
20220425,11.93,5.0225,3.4176,2.34,0.52,24.52,26.07,23.53,93.86,0.91,1.28,0.39,97.26
20220426,4.65,4.1978,0.5294,3.0161,0.43,24.03,25.3,23.2,93.82,0.79,1.29,0.34,97.25
20220427,1.25,5.7221,4.8742,2.053,0.59,24.26,26.74,22.12,90.49,0.64,1.07,0.31,97.35
20220428,17.3,4.1033,0.7056,2.7946,0.43,25.3,28.12,22.73,89.23,1.34,2.21,0.49,97.37
20220429,12.64,4.7959,2.8433,2.2963,0.5,25.43,28.51,23.42,91.2,1.25,2.23,0.49,97.4
20220430,3.53,5.4749,3.6977,2.6918,0.57,24.88,27.5,22.68,92.1,1.31,1.87,0.54,97.37
20220501,2.83,4.3034,1.831,2.3724,0.45,25.46,28.44,23.3,90.77,1.26,2.32,0.49,97.3
20220502,27.94,4.3003,1.1916,2.8327,0.45,24.71,26.28,23.54,95.64,1.29,2.58,0.53,97.28
20220503,5.57,5.5442,4.6822,2.1029,0.58,24.79,28.35,21.77,86.29,1.24,1.84,0.42,97.32
20220504,6.23,3.3816,0.318,2.3729,0.36,24.69,26.7,23.49,94.29,0.93,1.49,0.36,97.36
20220505,9.5,5.4379,4.2761,2.063,0.58,25.16,28.08,23.3,88.74,1.22,2.07,0.56,97.38
20220506,1.62,5.7895,5.1154,1.9656,0.62,25.46,28.76,23.27,88.61,1.31,2.0,0.61,97.33
20220507,4.01,3.8597,0.5467,2.6429,0.41,25.33,28.23,23.32,92.67,1.35,2.2,0.59,97.34
20220508,2.93,5.1283,3.9046,2.1427,0.55,26.05,29.07,23.94,90.27,1.07,1.97,0.52,97.18
20220509,8.74,4.2036,1.1726,2.6215,0.45,25.38,26.65,24.26,95.22,1.08,1.5,0.45,97.18
20220510,3.33,4.8067,1.7688,2.9539,0.52,26.08,27.91,24.65,92.08,0.77,1.14,0.35,97.23
20220511,3.73,0.8294,0.2798,0.5482,0.09,25.38,27.25,23.54,95.23,0.9,1.63,0.39,97.33
20220512,16.12,4.3366,1.8742,2.6602,0.47,24.87,26.39,23.36,95.45,1.28,1.9,0.53,97.42
20220513,1.69,5.8944,5.2306,1.9366,0.64,26.0,29.19,23.78,89.27,1.38,2.16,0.62,97.43
20220514,9.88,2.6182,0.1762,1.9198,0.28,25.47,27.07,24.23,95.58,1.1,1.4,0.5,97.56
20220515,5.35,5.2805,4.4038,1.9013,0.57,25.39,27.06,24.27,92.15,1.64,3.14,0.72,97.59
20220516,30.28,5.0374,2.7766,2.5637,0.55,24.17,25.18,22.89,95.4,0.98,2.16,0.45,97.58
20220517,4.04,4.5077,3.4548,1.9992,0.49,24.58,27.53,22.13,90.23,1.07,2.03,0.45,97.57
20220518,29.92,4.183,2.3774,2.0981,0.46,24.79,26.92,23.08,94.02,1.48,2.4,0.57,97.61
20220519,24.52,4.0769,0.949,2.7413,0.45,25.25,27.66,23.78,93.08,1.6,2.49,0.62,97.61
20220520,21.87,4.4906,2.647,2.3354,0.49,24.84,26.86,23.71,93.61,1.54,2.25,0.62,97.51
20220521,31.64,4.4851,3.4258,1.8905,0.49,25.06,27.25,24.06,94.78,1.12,2.0,0.46,97.38
20220522,16.03,3.1411,0.709,2.2121,0.35,24.49,26.39,23.17,93.98,0.87,1.62,0.37,97.38
20220523,5.27,4.0498,1.2473,2.6004,0.45,24.68,25.93,23.69,96.15,0.99,1.37,0.37,97.49
20220524,5.6,4.7366,3.5928,2.1106,0.53,25.79,28.45,24.12,90.96,1.48,2.3,0.65,97.52
20220525,8.96,4.3483,2.1782,2.4521,0.48,24.91,25.54,24.12,95.51,1.48,2.53,0.67,97.52
20220526,6.48,5.1142,4.2348,2.0772,0.57,25.2,28.02,23.32,89.67,1.14,2.19,0.48,97.42
20220527,21.97,3.2088,1.4518,1.758,0.36,24.76,26.65,23.3,95.15,1.41,1.94,0.6,97.41
20220528,5.95,4.3346,2.651,2.2596,0.48,25.24,27.51,23.98,92.4,1.43,1.88,0.58,97.43
20220529,2.87,5.1902,4.655,1.8139,0.58,25.06,27.54,23.57,92.23,1.16,2.09,0.53,97.38
20220530,3.53,2.6741,0.4037,1.8487,0.3,24.17,26.7,22.57,91.74,1.3,2.08,0.56,97.5
20220531,3.85,3.2412,1.0231,2.2126,0.36,23.83,25.7,22.07,91.37,0.65,1.15,0.29,97.56
20220601,0.83,5.3263,4.3874,2.0938,0.6,25.21,28.27,21.8,87.58,1.07,2.16,0.42,97.5
20220602,9.35,4.3308,3.2054,2.0467,0.49,24.36,25.95,23.44,94.72,1.29,1.83,0.56,97.5
20220603,3.34,5.4883,5.527,1.6699,0.62,25.16,28.55,22.7,89.11,1.33,1.99,0.51,97.44
20220604,25.75,4.2326,1.7935,2.4415,0.48,24.49,25.85,23.21,96.2,1.37,1.8,0.62,97.53
20220605,7.53,3.8246,1.386,2.2865,0.43,23.27,24.6,22.38,93.59,0.96,1.36,0.37,97.52
20220606,0.13,5.5651,6.0065,1.3505,0.63,24.82,27.82,22.19,83.66,1.31,2.24,0.54,97.42
20220607,0.23,5.7238,6.2854,1.5526,0.65,24.38,27.2,22.69,87.96,0.94,1.28,0.39,97.4
20220608,3.62,2.9654,0.4874,2.0662,0.34,23.64,26.3,22.45,91.8,0.69,1.38,0.25,97.48
20220609,6.52,4.5418,2.3683,2.3059,0.52,23.93,26.37,22.19,89.97,1.24,1.87,0.54,97.51
20220610,10.3,4.968,3.5873,2.3278,0.57,23.35,25.79,21.64,92.65,0.94,1.95,0.43,97.51
20220611,0.71,5.2445,5.4746,1.6061,0.6,24.35,26.99,22.19,91.06,1.04,1.88,0.39,97.44
20220612,3.93,4.1964,2.9842,1.9709,0.48,24.29,26.36,22.59,91.89,1.01,1.58,0.43,97.5
20220613,4.97,3.8522,1.0344,2.5488,0.44,23.92,25.51,22.66,94.33,1.0,1.55,0.39,97.53
20220614,7.9,3.7459,0.9134,2.3789,0.43,24.37,26.19,22.66,95.58,1.15,1.79,0.46,97.5
20220615,5.64,3.3185,0.2662,2.441,0.38,25.22,27.81,23.77,93.4,1.3,2.21,0.55,97.46
20220616,1.14,2.8586,0.259,2.0273,0.33,24.73,26.99,22.89,92.98,1.09,1.64,0.45,97.43
20220617,2.13,3.4092,0.5333,2.3755,0.39,24.74,26.11,23.16,95.39,1.55,2.54,0.59,97.44
20220618,2.7,3.8484,1.4371,2.2963,0.44,24.04,26.66,22.22,91.65,1.22,1.81,0.51,97.43
20220619,33.6,4.0291,1.0615,2.5157,0.46,24.25,25.79,22.59,94.13,1.13,1.48,0.39,97.38
20220620,39.79,3.4018,0.7517,2.2644,0.39,23.73,25.61,22.58,96.18,1.5,2.01,0.65,97.41
20220621,1.33,4.8605,4.5571,1.7254,0.56,23.54,26.39,21.14,91.25,1.25,1.92,0.54,97.45
20220622,5.46,4.5252,2.8874,2.2152,0.52,24.48,27.67,22.02,89.63,1.19,2.19,0.5,97.5
20220623,5.22,2.8339,0.3754,2.0786,0.32,24.47,25.58,23.76,96.32,1.45,2.04,0.56,97.54
20220624,23.37,2.5066,0.2882,1.7962,0.29,24.09,25.3,23.11,97.36,1.32,1.94,0.56,97.39
20220625,9.78,2.4775,0.2549,1.753,0.28,24.22,25.75,23.01,94.34,0.76,1.46,0.35,97.34
20220626,15.89,4.6159,2.166,2.5354,0.53,23.52,24.82,22.31,95.23,1.08,1.92,0.46,97.38
20220627,9.81,3.0065,0.5378,2.009,0.34,23.65,26.59,21.7,93.22,1.2,1.97,0.49,97.43
20220628,4.66,5.4929,5.1886,1.8206,0.63,23.74,25.62,22.54,94.88,1.2,1.92,0.49,97.35
20220629,4.37,4.5173,2.3938,2.6256,0.52,23.97,26.22,22.67,93.46,1.03,1.53,0.42,97.34
20220630,2.18,5.43,5.694,1.5706,0.62,25.01,28.28,22.64,89.79,1.27,2.41,0.47,97.29
20220701,7.88,5.2145,5.065,1.639,0.6,24.51,27.15,22.35,92.44,1.24,1.96,0.45,97.41
20220702,15.85,3.4529,1.4117,2.0282,0.39,24.09,25.54,22.9,95.2,1.25,2.14,0.51,97.38
20220703,36.9,4.2955,1.7273,2.6978,0.49,24.23,25.88,22.65,96.47,1.38,2.42,0.53,97.29
20220704,37.73,3.5827,2.2438,1.6954,0.41,24.22,25.2,23.64,97.82,1.5,2.22,0.65,97.3
20220705,18.39,1.4918,0.2242,1.0474,0.17,23.84,24.76,23.13,97.3,1.33,2.59,0.53,97.35
20220706,17.59,1.8446,0.0516,1.398,0.21,23.44,24.28,22.8,97.35,1.59,2.4,0.63,97.5
20220707,12.32,2.9059,0.3338,2.0383,0.33,23.89,25.89,22.77,95.56,1.44,2.25,0.56,97.54
20220708,18.69,3.5978,1.2091,2.0578,0.41,24.0,25.34,22.67,97.45,1.06,1.99,0.37,97.4
20220709,23.67,4.3003,2.8884,2.0148,0.49,24.27,26.05,23.24,95.46,1.42,2.47,0.55,97.32
20220710,37.82,3.6019,1.6164,1.9802,0.41,23.57,24.51,22.76,97.1,1.22,1.55,0.49,97.53
20220711,9.4,3.0194,0.403,2.1547,0.34,23.99,25.61,22.97,96.14,1.55,2.69,0.61,97.47
20220712,13.81,2.7686,0.2794,1.9603,0.31,23.94,24.77,23.26,97.57,1.29,2.11,0.42,97.39
20220713,6.22,3.6542,1.7995,2.0064,0.41,24.01,25.32,22.96,96.61,1.22,2.18,0.46,97.36
20220714,13.38,2.521,0.7054,1.6418,0.28,23.48,24.92,22.6,95.01,1.26,1.9,0.53,97.48
20220715,13.3,2.8392,1.645,1.573,0.32,23.24,25.51,22.22,94.16,1.48,2.2,0.63,97.53
20220716,6.27,3.6653,2.2428,1.8602,0.41,23.07,25.29,21.82,93.4,1.39,2.16,0.62,97.55
20220717,9.0,2.7934,0.1961,2.1266,0.31,22.92,24.41,22.13,94.88,1.4,2.24,0.58,97.61
20220718,8.52,4.0037,2.9314,1.8514,0.45,23.83,26.37,22.2,92.62,1.24,2.42,0.47,97.5
20220719,19.6,2.7934,0.3538,1.9042,0.31,23.6,24.44,22.82,98.03,1.75,2.45,0.65,97.53
20220720,33.24,4.4947,2.4346,2.3954,0.5,23.66,26.41,22.13,94.18,1.38,2.55,0.54,97.66
20220721,16.89,3.7068,1.1064,2.3791,0.41,24.18,26.96,22.41,93.42,1.55,2.52,0.6,97.57
20220722,15.19,3.593,2.0558,1.8542,0.4,23.85,24.98,22.93,96.57,1.44,2.28,0.53,97.53
20220723,26.21,3.51,0.9278,2.1062,0.39,23.45,24.91,22.52,97.19,1.37,2.46,0.51,97.48
20220724,17.26,4.9764,4.2758,1.9351,0.55,23.77,25.7,22.36,95.84,1.11,1.46,0.45,97.44
20220725,30.83,2.7914,1.2252,1.5574,0.31,23.96,25.64,22.35,94.28,0.69,0.94,0.25,97.39
20220726,30.63,2.808,0.5314,1.9342,0.31,23.99,25.82,22.88,93.4,0.87,1.55,0.38,97.43
20220727,18.61,3.822,1.3615,2.3282,0.42,24.58,27.69,22.31,92.57,1.45,2.47,0.62,97.35
20220728,43.55,3.7094,1.5914,2.0755,0.41,24.58,26.9,23.04,93.27,1.46,2.52,0.6,97.37
20220729,39.11,3.0211,0.983,1.8024,0.33,24.29,26.26,23.23,95.88,1.0,1.58,0.4,97.38
20220730,75.02,3.2052,0.4726,2.1434,0.35,24.53,26.89,23.39,93.68,1.3,2.21,0.6,97.37
20220731,2.59,3.6374,1.681,2.0294,0.4,24.37,26.07,23.3,94.62,1.39,2.31,0.49,97.4
20220801,3.53,4.5655,3.5335,1.8497,0.5,24.78,26.98,23.5,93.06,1.67,2.34,0.61,97.35
20220802,7.88,1.2934,0.2294,0.9319,0.14,24.11,25.25,23.14,96.27,1.55,2.31,0.58,97.44
20220803,0.98,4.1537,1.3517,2.6004,0.45,24.13,25.8,22.79,95.63,1.09,2.0,0.42,97.39
20220804,4.5,3.552,0.2671,2.6102,0.38,24.36,26.28,22.82,92.36,1.2,1.99,0.49,97.42
20220805,9.4,5.1266,3.8765,2.1022,0.55,23.76,26.13,22.31,93.7,1.18,2.05,0.49,97.41
20220806,6.52,4.1518,1.3433,2.3239,0.45,23.76,26.21,22.21,93.15,1.36,2.38,0.6,97.41
20220807,7.85,5.0122,3.0389,2.417,0.54,24.63,28.0,22.02,89.71,1.25,1.74,0.52,97.35
20220808,17.35,4.4023,2.8697,1.993,0.47,24.38,26.26,22.94,95.27,1.31,1.98,0.55,97.33
20220809,94.39,2.5075,0.1694,1.853,0.27,23.46,24.53,22.68,97.08,1.0,1.5,0.44,97.43
20220810,39.13,3.8042,0.7735,2.4005,0.41,23.77,25.45,22.39,96.1,0.73,1.01,0.31,97.47
20220811,61.57,3.2743,1.0709,1.9238,0.35,23.85,25.89,22.54,95.18,1.49,2.51,0.58,97.52
20220812,20.47,4.5084,2.7953,2.2315,0.48,23.45,26.3,21.21,93.3,1.08,1.57,0.47,97.6
20220813,16.39,4.1254,0.6228,2.9474,0.44,23.86,26.42,22.62,93.89,1.25,1.82,0.56,97.55
20220814,5.72,4.8893,3.3271,2.1593,0.52,24.27,27.5,22.08,92.81,1.55,2.67,0.61,97.48
20220815,25.42,1.9721,0.2347,1.4232,0.21,23.72,25.13,22.97,95.75,1.5,2.71,0.59,97.5
20220816,61.83,3.3427,0.7894,2.142,0.35,23.51,24.87,22.71,96.01,1.11,2.06,0.42,97.6
20220817,25.15,3.3074,0.5114,2.3438,0.35,23.69,26.38,22.17,93.05,1.59,2.36,0.58,97.66
20220818,3.97,4.6039,1.7868,2.6266,0.48,23.22,25.21,22.04,94.08,1.46,2.45,0.59,97.61
20220819,5.92,3.667,1.8012,2.0712,0.38,23.11,24.98,22.08,94.91,1.46,2.48,0.58,97.56
20220820,7.75,3.3622,1.5583,1.8228,0.35,22.96,24.91,21.8,93.9,1.63,2.79,0.68,97.61
20220821,1.3,4.7026,3.5136,1.9848,0.49,23.52,26.17,21.72,91.9,1.63,2.59,0.7,97.51
20220822,1.34,4.8794,3.7704,2.0165,0.51,24.04,26.76,22.15,91.72,1.29,1.94,0.54,97.44
20220823,16.43,4.2979,2.712,2.0215,0.44,23.84,25.47,22.81,95.62,1.46,2.21,0.58,97.43
20220824,76.95,3.9425,0.6425,2.5286,0.41,23.73,25.48,22.82,96.31,1.27,1.87,0.47,97.49
20220825,39.81,4.075,1.6759,2.1852,0.42,23.86,25.35,22.63,95.06,1.76,2.86,0.69,97.42
20220826,7.51,4.5168,1.849,2.6342,0.46,23.92,25.41,23.08,95.06,1.22,1.74,0.52,97.35
20220827,9.88,4.194,1.1935,2.7019,0.43,23.66,25.5,22.65,94.25,1.19,2.55,0.46,97.42
20220828,8.3,4.4117,2.31,2.2126,0.45,23.9,25.49,22.08,94.86,1.14,1.92,0.44,97.38
20220829,13.73,5.3724,3.6557,2.1758,0.55,24.15,26.22,22.58,95.16,1.24,1.81,0.51,97.41
20220830,10.08,3.4142,0.6862,2.2925,0.35,24.37,27.22,23.23,94.82,1.25,2.28,0.51,97.37
20220831,7.38,5.7317,4.061,2.472,0.58,24.29,27.01,22.35,93.46,1.43,2.89,0.57,97.29
20220901,2.15,4.506,1.2614,2.863,0.46,24.1,25.89,22.71,93.29,1.04,1.64,0.43,97.47
20220902,4.41,4.8043,2.0172,2.5397,0.48,24.23,26.4,22.96,93.4,1.03,1.57,0.42,97.53
20220903,8.04,5.3724,4.0382,2.1026,0.54,24.64,27.81,22.58,90.84,1.46,2.51,0.56,97.39
20220904,12.54,2.7233,0.2006,1.9606,0.27,24.15,25.66,23.37,95.67,1.46,2.93,0.59,97.48
20220905,12.42,4.781,1.7902,2.7024,0.48,25.05,28.13,22.9,90.68,1.34,2.16,0.55,97.48
20220906,33.49,4.5948,0.6302,3.2011,0.46,24.35,26.38,23.31,96.2,1.28,2.17,0.53,97.51
20220907,17.98,4.1995,0.9466,2.837,0.42,24.28,25.84,23.06,94.97,1.25,2.13,0.48,97.59
20220908,3.69,3.1392,0.5719,2.2337,0.31,23.52,25.28,22.08,94.71,0.93,1.49,0.36,97.67
20220909,12.92,5.2982,3.4889,2.2102,0.53,23.62,26.58,21.53,93.66,0.89,1.21,0.37,97.63
20220910,23.87,4.5958,1.1146,2.8786,0.46,23.79,26.24,22.33,94.43,1.28,2.7,0.49,97.59
20220911,9.72,5.628,2.8685,2.7854,0.56,24.33,27.96,21.95,87.26,1.17,2.01,0.42,97.56
20220912,4.41,4.6778,1.7666,2.897,0.46,24.53,27.68,22.19,91.01,1.04,1.31,0.4,97.6
20220913,49.23,5.1564,3.1001,2.4425,0.51,23.93,26.02,22.66,93.59,1.15,1.81,0.51,97.66
20220914,23.21,5.8615,4.3889,2.3098,0.58,24.63,27.31,21.93,91.87,1.14,1.97,0.45,97.6
20220915,27.76,4.6944,2.0261,2.5978,0.46,25.23,28.31,23.43,90.6,1.4,2.29,0.49,97.48
20220916,4.55,5.3033,3.6847,2.25,0.52,24.56,27.66,22.99,89.86,0.77,1.21,0.32,97.41
20220917,21.6,2.5831,0.2904,1.7861,0.25,23.82,25.41,22.5,95.37,1.23,1.65,0.47,97.58
20220918,4.44,6.1392,4.9529,2.173,0.6,24.07,26.81,22.61,90.75,1.32,2.59,0.49,97.65
20220919,1.97,5.9026,4.2074,2.6794,0.58,24.71,28.39,22.05,88.66,1.14,2.08,0.5,97.53
20220920,4.03,4.6308,1.4969,2.8238,0.45,24.49,27.27,22.09,88.76,0.87,1.57,0.3,97.49
20220921,8.69,4.4472,0.9641,2.9561,0.43,24.66,27.33,22.59,91.29,1.28,2.29,0.44,97.51
20220922,27.31,4.0613,1.0709,2.5166,0.4,23.66,24.95,22.06,95.18,1.23,1.89,0.47,97.57
20220923,4.49,6.2621,5.4907,2.0242,0.61,24.22,28.84,21.14,86.88,1.47,2.34,0.51,97.4
20220924,16.34,5.6952,3.804,2.327,0.55,24.26,27.11,22.56,90.39,1.45,2.39,0.6,97.33
20220925,26.72,4.2991,1.6877,2.2145,0.42,24.21,25.81,23.06,95.14,1.29,2.13,0.51,97.34
20220926,14.12,5.9767,3.629,2.9527,0.58,24.75,27.29,22.73,92.44,1.41,2.4,0.54,97.28
20220927,8.34,5.9794,4.345,2.5651,0.58,24.11,26.53,22.03,92.84,1.35,2.04,0.55,97.38
20220928,6.25,4.895,1.3531,2.897,0.47,23.42,26.14,21.2,91.36,1.14,1.71,0.41,97.42
20220929,7.22,3.4296,0.5923,2.2802,0.33,24.06,26.03,22.43,91.49,0.95,1.28,0.35,97.52
20220930,6.39,6.2868,5.7067,1.8708,0.61,25.39,28.8,22.7,87.79,1.21,2.51,0.47,97.4
20221001,13.7,5.1708,2.9654,2.4094,0.5,23.88,25.54,22.34,93.64,1.08,1.44,0.46,97.44
20221002,3.67,4.3517,0.966,2.874,0.42,24.75,27.48,23.13,89.67,1.4,2.68,0.57,97.37
20221003,3.36,5.8006,4.5199,2.0695,0.56,25.13,28.62,22.31,87.9,1.45,2.33,0.57,97.3
20221004,2.51,2.9086,0.3996,1.9656,0.28,25.1,27.94,22.99,87.25,0.96,1.55,0.39,97.43
20221005,0.43,5.9086,3.1358,3.289,0.57,24.81,27.75,22.55,88.69,1.03,1.6,0.39,97.37
20221006,2.7,4.7455,2.4946,2.3858,0.45,24.65,27.5,22.57,88.66,1.09,1.47,0.42,97.43
20221007,4.55,4.2312,0.6898,2.8534,0.4,25.12,28.93,22.48,89.14,1.06,1.84,0.38,97.41
20221008,1.15,6.2218,5.1754,2.1696,0.59,25.09,28.37,23.11,90.5,1.25,2.26,0.53,97.42
20221009,6.76,4.7921,1.6145,2.9083,0.46,25.24,27.77,23.35,92.34,1.26,1.88,0.51,97.43
20221010,6.69,2.3018,0.1217,1.7328,0.22,25.21,27.46,23.82,92.45,1.16,1.53,0.47,97.45
20221011,2.96,5.9297,4.2672,2.2831,0.57,25.23,28.18,22.86,90.61,1.35,2.12,0.57,97.36
20221012,4.89,5.4919,3.0504,2.5786,0.52,24.76,26.73,23.74,94.35,1.41,2.23,0.56,97.37
20221013,4.46,5.418,2.2819,2.8918,0.52,24.4,26.16,22.96,92.4,1.08,2.13,0.4,97.37
20221014,17.28,4.5802,2.525,2.1845,0.44,24.6,27.32,22.08,88.25,1.18,1.95,0.41,97.31
20221015,13.23,5.2709,1.6058,3.3766,0.5,24.46,27.58,21.62,90.62,1.22,1.89,0.45,97.39
20221016,2.32,4.8122,2.0866,3.1061,0.46,24.89,28.06,22.73,91.38,1.58,3.01,0.62,97.53
20221017,1.59,5.3638,2.7151,2.9515,0.51,25.09,29.0,21.92,85.58,1.36,2.05,0.46,97.45
20221018,5.56,5.7245,3.8455,2.4379,0.54,24.9,27.45,23.15,91.05,1.19,1.94,0.48,97.41
20221019,8.37,2.279,0.0295,1.7146,0.22,24.33,25.79,23.22,95.0,1.06,1.67,0.41,97.56
20221020,5.24,5.3172,2.3107,2.9921,0.51,24.15,26.33,22.4,90.28,0.74,1.03,0.31,97.62
20221021,3.02,5.7754,3.409,2.5865,0.55,25.15,28.51,22.71,87.99,1.29,2.58,0.54,97.54
20221022,1.39,5.4422,2.8572,2.7924,0.52,25.34,28.82,22.91,87.56,0.74,1.15,0.32,97.48
20221023,1.05,6.6859,6.192,1.9495,0.64,25.47,28.85,22.86,86.26,1.12,1.81,0.43,97.34
20221024,1.7,5.9935,3.0266,3.6146,0.57,25.92,29.42,23.01,86.24,1.05,1.77,0.4,97.35
20221025,2.92,5.0472,3.2184,2.3501,0.48,25.02,27.51,23.44,89.61,1.19,1.57,0.5,97.41
20221026,3.22,5.4358,3.469,2.5315,0.52,24.31,26.48,22.13,90.52,0.98,1.35,0.37,97.35
20221027,15.06,4.0915,1.0836,2.556,0.39,24.79,26.65,23.29,91.63,1.15,1.84,0.45,97.3
20221028,9.85,5.9894,4.7441,2.3119,0.57,25.12,27.5,23.16,89.24,1.05,1.86,0.44,97.27
20221029,7.31,4.877,2.6232,2.4708,0.46,25.23,26.95,23.71,94.94,0.9,1.12,0.3,97.23
20221030,4.01,5.5214,2.8534,3.2165,0.52,25.2,27.09,23.8,87.87,0.9,1.81,0.36,97.3
20221031,10.99,5.4485,3.9626,2.1022,0.52,25.57,28.68,22.83,89.39,1.11,1.58,0.55,97.33
20221101,29.81,4.4935,1.3075,2.7526,0.43,25.27,26.96,23.78,92.39,0.84,1.35,0.43,97.42
20221102,7.11,4.5497,2.0731,2.465,0.43,24.67,26.9,22.16,92.25,0.87,1.91,0.36,97.5
20221103,37.88,4.2787,0.9125,3.0185,0.41,24.13,27.38,20.25,85.09,1.26,2.3,0.43,97.58
20221104,3.53,6.2796,5.3273,2.0702,0.6,25.4,28.42,22.23,89.61,1.38,2.15,0.59,97.59
20221105,6.98,5.4715,3.1961,2.6945,0.52,24.34,26.14,22.14,94.63,1.2,2.11,0.46,97.61
20221106,9.17,4.5814,1.3637,2.9189,0.44,23.95,26.45,22.02,90.37,1.09,1.7,0.43,97.62
20221107,0.91,6.0233,4.7882,2.2913,0.57,25.02,28.08,22.69,87.97,1.08,1.69,0.48,97.44
20221108,6.88,5.4701,2.9863,2.9074,0.52,25.65,28.87,22.85,85.34,0.93,1.5,0.39,97.43
20221109,2.85,5.1122,2.5361,2.927,0.49,25.45,29.09,22.48,87.59,1.17,2.01,0.42,97.4
20221110,15.7,5.2111,1.5454,3.4944,0.5,25.61,28.43,23.73,90.1,1.33,2.05,0.56,97.41
20221111,15.48,5.2992,3.1637,2.4454,0.51,24.99,26.77,23.71,92.36,1.2,1.71,0.48,97.4
20221112,7.73,6.1087,4.7102,2.2872,0.58,25.75,28.54,23.99,88.26,1.19,2.39,0.52,97.31
20221113,5.74,5.471,1.8722,3.5381,0.52,25.7,28.87,23.26,90.02,1.17,1.98,0.47,97.32
20221114,23.41,4.2451,0.4728,2.9119,0.41,24.56,25.91,23.51,94.74,0.99,1.5,0.44,97.31
20221115,14.72,4.9992,2.0458,2.7722,0.48,25.14,28.23,22.45,88.59,1.34,1.91,0.5,97.25
20221116,27.54,4.531,2.3426,2.3666,0.43,24.35,25.27,23.56,95.9,1.39,1.76,0.53,97.29
20221117,14.26,4.4947,0.787,2.9071,0.43,24.47,26.2,23.08,94.48,1.26,1.8,0.5,97.24
20221118,8.57,5.0194,1.5775,3.3674,0.48,25.54,29.37,23.05,89.38,1.17,2.15,0.45,97.29
20221119,26.98,5.79,4.6246,2.3393,0.55,25.47,27.59,24.04,90.97,1.32,1.96,0.55,97.29
20221120,23.76,2.7497,0.1594,1.9709,0.26,24.73,26.18,23.3,90.19,0.93,1.82,0.36,97.4
20221121,21.32,5.8066,3.631,2.4036,0.56,24.48,25.85,23.4,91.15,1.1,1.63,0.48,97.45
20221122,17.56,6.4042,5.0714,2.2915,0.61,24.99,28.21,22.04,89.24,1.15,1.8,0.5,97.47
20221123,17.25,4.6418,3.2726,1.9896,0.44,24.75,27.11,23.29,90.85,1.09,1.9,0.41,97.55
20221124,12.0,5.057,2.8697,2.3746,0.48,24.7,27.53,22.17,87.93,1.16,2.15,0.47,97.66
20221125,7.87,5.9734,4.7638,2.3256,0.57,23.79,27.25,20.5,86.34,1.59,2.51,0.57,97.6
20221126,23.64,4.5096,1.6157,2.4504,0.43,24.05,27.06,21.7,90.95,1.41,1.9,0.56,97.52
20221127,22.49,5.7211,3.5347,2.7586,0.55,24.36,26.65,22.33,91.35,1.15,1.73,0.43,97.36
20221128,24.44,5.2375,3.2501,2.4161,0.5,24.55,26.86,22.4,92.74,1.48,2.46,0.63,97.34
20221129,19.15,5.4245,2.9626,2.784,0.52,23.99,26.31,22.22,92.7,1.19,2.57,0.52,97.38
20221130,9.48,5.4427,2.5649,3.1447,0.52,25.01,28.69,22.1,88.53,1.21,2.23,0.47,97.16
20221201,17.65,4.8598,1.2982,3.1634,0.47,25.39,29.17,23.1,88.76,1.21,2.0,0.53,97.0
20221202,19.97,4.8744,3.0989,2.3318,0.47,25.06,27.05,23.78,90.47,1.49,2.44,0.69,97.1
20221203,42.9,5.0822,3.6953,2.0393,0.49,24.67,28.01,22.62,91.25,1.24,2.44,0.56,97.28
20221204,0.89,5.9976,3.7363,2.7377,0.58,25.17,28.59,22.16,83.33,1.0,1.41,0.43,97.3
20221205,0.59,6.0665,3.7378,3.2069,0.58,25.4,28.99,22.16,84.74,0.98,1.62,0.48,97.34
20221206,0.07,5.3731,2.0558,3.2633,0.52,24.91,28.35,22.24,85.8,1.29,2.31,0.61,97.3
20221207,0.8,6.1522,5.141,2.2814,0.59,24.93,28.19,22.62,87.8,1.18,1.91,0.55,97.22
20221208,4.1,5.1994,2.7122,2.7058,0.5,24.94,26.92,23.76,90.31,0.75,1.48,0.4,97.19
20221209,7.43,3.6442,0.4476,2.5253,0.35,24.42,26.86,21.66,90.63,0.8,1.88,0.34,97.23
20221210,9.63,4.3296,1.3783,2.5637,0.42,23.55,26.17,21.26,89.23,0.98,1.64,0.36,97.32
20221211,3.23,2.8625,0.2491,2.0086,0.28,24.52,27.08,22.54,89.38,1.1,1.74,0.44,97.37
20221212,19.61,4.7832,2.1912,2.5188,0.46,23.99,26.78,22.29,91.06,1.3,2.29,0.54,97.45
20221213,13.29,3.672,0.2035,2.6851,0.35,24.12,27.28,21.7,90.87,1.47,2.43,0.57,97.39
20221214,12.09,5.604,2.8265,2.8769,0.54,24.32,26.99,22.52,93.85,1.34,2.28,0.55,97.27
20221215,11.24,5.1989,2.8946,2.6916,0.5,23.96,25.78,22.69,95.22,1.19,1.67,0.47,97.11
20221216,8.59,5.2942,2.7674,2.6438,0.51,24.06,26.13,22.49,92.07,1.07,2.26,0.47,97.1
20221217,3.79,4.9891,1.7652,2.8642,0.48,25.29,28.69,22.36,87.19,1.2,1.72,0.5,97.05
20221218,5.73,4.1398,0.4896,2.8433,0.4,24.93,27.49,23.52,91.42,1.24,1.95,0.56,97.02
20221219,13.19,3.6929,0.2616,2.7259,0.36,24.49,26.09,23.4,95.05,1.28,1.88,0.52,97.0
20221220,13.7,5.4852,3.209,2.7142,0.53,24.65,27.4,23.26,93.3,1.21,1.83,0.53,96.94
20221221,9.16,3.7848,0.4495,2.803,0.37,25.53,27.99,24.2,90.99,0.79,1.52,0.43,96.85
20221222,2.46,5.4708,3.5246,2.9215,0.53,25.93,28.72,23.29,89.33,1.14,1.69,0.52,96.98
20221223,4.2,5.7494,4.507,2.3719,0.55,26.21,29.04,24.36,89.9,1.23,1.78,0.56,97.08
20221224,10.18,3.7171,0.1267,2.8313,0.36,24.98,27.42,23.79,91.23,1.0,2.03,0.41,97.26
20221225,14.35,5.5142,3.9055,2.3918,0.53,24.96,27.39,23.3,90.94,1.06,2.0,0.46,97.28
20221226,22.28,4.4311,0.7219,2.9741,0.43,24.45,26.09,23.1,94.32,1.19,1.93,0.58,97.47
20221227,15.35,5.1362,3.3938,2.4598,0.49,24.51,27.25,22.16,91.53,1.14,2.18,0.43,97.4
20221228,1.42,4.8941,1.4712,3.174,0.47,25.73,29.89,22.57,86.56,0.91,1.63,0.31,97.22
20221229,7.27,4.5542,1.5168,2.8334,0.44,24.98,28.34,22.73,86.42,1.05,1.62,0.31,97.37
20221230,22.17,5.2985,3.2633,2.6448,0.51,24.97,28.73,22.45,87.05,1.37,1.93,0.5,97.41
20221231,15.09,5.2402,2.5066,2.779,0.5,24.6,27.39,23.09,91.64,0.92,1.63,0.42,97.45
20230101,4.62,4.7738,1.6502,3.2198,0.46,24.5,28.86,21.78,86.35,1.03,1.71,0.35,97.38
20230102,0.14,5.58,1.8276,3.4834,0.54,24.75,29.01,21.46,80.68,1.3,1.82,0.42,97.38
20230103,0.6,5.1706,1.8677,2.9489,0.5,25.69,30.25,22.55,78.96,1.1,1.93,0.39,97.28
20230104,9.31,5.4538,3.294,2.6177,0.52,25.92,30.09,22.81,83.45,1.1,1.59,0.41,97.26
20230105,37.13,5.941,4.7107,2.1403,0.57,25.5,29.39,22.77,89.07,1.17,2.29,0.48,97.23
20230106,16.87,4.8674,2.832,2.3064,0.47,24.96,29.5,21.67,86.33,1.4,2.41,0.53,97.24
20230107,6.49,4.9476,0.8662,3.5299,0.47,24.59,28.38,22.16,89.53,1.11,2.16,0.41,97.35
20230108,4.96,5.5946,2.7041,3.4951,0.54,25.14,28.64,22.56,85.9,1.22,1.87,0.42,97.4
20230109,7.44,3.6586,0.3113,2.5942,0.35,24.24,25.35,23.44,94.95,1.31,1.95,0.5,97.57
20230110,14.52,4.7448,2.275,2.3676,0.45,23.79,25.34,22.18,93.98,1.12,1.74,0.43,97.5
20230111,10.26,4.7198,1.549,2.8754,0.45,23.79,26.2,21.49,92.39,1.19,1.96,0.48,97.4
20230112,12.78,4.747,0.5227,3.4418,0.45,24.43,26.83,23.29,94.36,0.91,1.27,0.4,97.41
20230113,7.04,5.9071,3.9574,2.6131,0.56,25.15,27.98,23.28,87.14,1.08,1.87,0.48,97.37
20230114,9.87,5.7259,4.0339,2.3138,0.55,25.47,27.78,23.52,90.35,0.98,1.39,0.44,97.19
20230115,29.06,3.329,0.205,2.5109,0.32,24.82,26.42,23.72,95.08,0.94,1.35,0.46,97.25
20230116,15.68,4.9565,2.2416,2.6378,0.47,25.04,27.75,23.45,89.4,1.01,2.13,0.45,97.45
20230117,2.13,6.1872,4.8456,2.3462,0.59,25.29,29.04,22.1,83.41,1.4,1.94,0.49,97.47
20230118,3.91,5.5063,2.6986,2.9095,0.52,24.98,27.74,22.77,86.52,0.91,1.42,0.41,97.43
20230119,6.3,5.2975,2.2106,3.3163,0.5,24.83,27.63,23.18,90.71,1.14,1.88,0.48,97.27
20230120,4.02,3.7402,0.2443,2.6122,0.36,24.36,26.41,22.71,93.38,1.27,2.06,0.56,97.2
20230121,5.18,5.31,1.3382,3.6113,0.5,24.53,27.63,22.2,91.17,1.25,2.06,0.59,97.19
20230122,16.04,5.4125,2.3266,3.3281,0.51,25.17,28.23,22.78,89.13,1.53,2.65,0.61,97.02
20230123,27.63,5.3174,2.2685,2.8195,0.5,25.48,28.82,23.35,90.13,1.24,2.43,0.52,96.9
20230124,12.55,4.2185,0.3876,3.0686,0.4,24.22,25.91,23.36,94.77,1.17,1.64,0.47,97.12
20230125,26.02,4.7954,2.749,2.148,0.45,24.26,26.39,22.61,92.58,1.19,1.99,0.48,97.25
20230126,11.67,6.0761,4.5574,2.4041,0.58,24.43,27.01,22.93,92.48,1.11,1.43,0.49,97.26
20230127,13.3,4.8742,1.4398,2.905,0.46,24.08,25.74,22.64,94.07,1.29,2.14,0.53,97.14
20230128,23.27,3.8246,0.4699,2.5476,0.36,24.33,26.12,22.89,96.07,1.27,2.08,0.49,97.05
20230129,11.08,5.0614,1.4431,3.4735,0.48,24.46,26.29,22.71,94.23,1.3,2.11,0.51,97.17
20230130,16.1,4.9483,1.2953,3.0343,0.47,25.27,27.71,23.51,91.1,1.38,2.26,0.57,97.3
20230131,5.34,5.7403,3.361,2.5332,0.54,24.74,26.7,23.6,93.53,1.08,1.61,0.39,97.33
20230201,9.52,4.9094,1.296,2.9933,0.46,25.57,28.21,24.02,90.4,1.28,2.53,0.54,97.22
20230202,3.73,5.5807,2.6875,2.7434,0.53,25.38,27.97,23.97,91.31,1.29,1.89,0.49,97.26
20230203,5.91,5.4569,2.9921,2.7605,0.51,24.55,25.87,23.69,94.78,1.51,2.23,0.6,97.22
20230204,21.44,3.9698,0.6523,2.7955,0.37,24.38,26.35,22.79,94.2,1.33,2.28,0.54,97.25
20230205,18.57,5.4382,1.7702,3.2167,0.51,24.45,27.29,22.72,91.6,1.37,2.57,0.6,97.28
20230206,10.41,5.0376,1.4227,3.1198,0.47,23.7,26.56,21.77,92.13,1.21,2.11,0.53,97.32
20230207,8.31,4.7834,0.823,3.4022,0.45,24.33,28.09,21.16,88.58,1.38,2.32,0.57,97.23
20230208,9.8,4.9128,1.5763,2.8387,0.46,24.53,27.77,22.19,91.18,1.39,2.64,0.62,97.15
20230209,5.46,5.5865,1.7597,3.3857,0.52,25.6,29.47,22.64,86.52,1.5,2.22,0.64,96.93
20230210,1.76,5.9047,4.3975,2.4091,0.55,25.74,29.41,22.88,84.52,1.2,2.03,0.48,96.95
20230211,5.18,5.8502,3.3446,3.1332,0.55,25.31,28.73,22.94,86.45,1.28,2.57,0.51,97.11
20230212,1.24,5.5166,1.9738,3.5954,0.52,25.55,29.39,22.54,85.81,1.31,2.17,0.5,97.15
20230213,2.46,5.9486,2.9232,3.499,0.56,25.9,30.17,22.95,85.33,1.25,2.51,0.53,96.95
20230214,10.97,6.4046,4.7832,2.4816,0.6,25.64,29.53,23.23,86.44,1.22,2.23,0.47,97.03
20230215,7.71,6.1793,4.4242,2.4989,0.58,25.24,29.3,22.05,86.12,1.24,2.08,0.5,97.18
20230216,14.26,3.5256,0.3048,2.5214,0.33,25.24,27.93,22.99,90.09,0.79,1.41,0.4,97.34
20230217,5.0,4.015,0.1769,2.9304,0.38,24.92,27.45,23.45,92.38,1.37,2.42,0.61,97.31
20230218,8.64,5.357,2.4648,3.0533,0.5,25.66,28.85,23.59,89.95,1.59,2.54,0.66,97.25
20230219,34.57,4.5562,1.1897,2.7785,0.43,24.61,26.13,23.53,95.07,1.2,1.74,0.53,97.34
20230220,28.84,5.7869,4.045,2.5195,0.54,24.69,26.13,23.68,93.11,0.78,1.11,0.43,97.36
20230221,14.0,5.7341,2.9434,2.778,0.54,24.53,27.75,22.09,90.61,1.07,1.79,0.42,97.47
20230222,6.93,4.5413,1.0661,2.6962,0.43,25.18,28.49,22.77,89.21,1.35,2.07,0.52,97.34
20230223,3.38,5.4816,2.7233,2.6443,0.51,25.26,27.7,23.93,91.53,1.39,2.08,0.54,97.3
20230224,10.26,6.6389,5.8498,2.076,0.62,24.9,27.45,23.04,91.5,1.22,2.23,0.49,97.41
20230225,14.75,6.2525,5.1917,2.616,0.59,24.81,27.4,22.48,88.56,1.36,1.73,0.5,97.42
20230226,43.81,6.1867,4.5067,2.4607,0.58,24.77,26.77,23.14,94.25,1.12,1.8,0.43,97.41
20230227,21.36,5.478,2.5159,2.8538,0.51,25.06,27.25,23.6,92.99,1.38,2.41,0.53,97.51
20230228,19.22,5.9578,3.8518,2.5303,0.56,24.26,26.58,22.7,92.19,1.0,1.49,0.4,97.52
20230301,10.15,5.0645,0.9586,3.2246,0.48,24.56,28.37,21.76,88.0,1.2,1.99,0.42,97.41
20230302,15.43,5.1691,2.8313,2.4288,0.49,24.89,27.83,22.82,91.17,1.6,2.96,0.67,97.45
20230303,16.74,2.9738,0.0014,2.2483,0.28,24.03,25.78,22.0,90.6,1.37,2.21,0.64,97.65
20230304,2.44,6.5333,5.1295,2.4794,0.61,24.63,29.2,20.66,82.41,1.4,2.37,0.53,97.49
20230305,4.14,5.5387,2.5666,3.0886,0.52,24.82,28.15,22.24,88.11,1.6,2.48,0.67,97.44
20230306,2.56,4.8305,1.7371,3.2148,0.45,25.43,29.28,22.57,87.31,1.15,2.14,0.56,97.43
20230307,1.67,6.3072,5.2704,2.0921,0.59,25.27,29.0,22.71,86.29,0.98,1.7,0.36,97.4
20230308,0.67,6.8772,5.9254,2.0098,0.65,25.52,29.39,22.13,84.28,1.23,2.01,0.51,97.5
20230309,0.54,6.5592,5.303,2.2848,0.62,25.66,29.53,22.59,84.59,1.13,1.75,0.43,97.49
20230310,0.65,6.108,4.3385,2.3954,0.58,25.7,29.47,22.67,85.97,1.39,2.14,0.55,97.41
20230311,0.8,6.1414,3.9912,2.7994,0.58,25.9,29.31,23.51,86.76,1.09,1.99,0.47,97.49
20230312,0.91,6.1284,4.8204,2.3213,0.58,25.5,28.8,23.45,88.39,1.02,1.9,0.48,97.46
20230313,2.04,6.4181,5.4835,2.099,0.61,25.62,28.97,22.95,87.9,1.49,2.44,0.63,97.36
20230314,11.28,5.2781,2.1833,2.9184,0.5,24.76,26.45,23.77,93.89,1.13,1.49,0.45,97.44
20230315,17.53,4.1532,1.3382,2.4979,0.39,23.97,25.27,22.57,94.64,1.07,1.61,0.38,97.58
20230316,15.74,4.775,1.7309,2.7641,0.45,22.98,24.73,21.72,93.66,1.13,1.69,0.5,97.73
20230317,1.63,6.1901,4.3512,2.5807,0.59,24.86,29.45,21.25,83.51,1.25,1.98,0.52,97.56
20230318,6.69,6.1003,4.8115,2.3842,0.58,24.64,28.15,21.84,84.25,1.13,1.78,0.41,97.55
20230319,9.23,5.6275,4.5406,2.0016,0.54,24.78,28.21,22.16,88.39,1.4,2.61,0.57,97.42
20230320,13.01,4.8677,1.9841,2.6011,0.47,24.98,26.86,23.8,94.46,1.53,2.14,0.61,97.32
20230321,19.57,6.5328,5.4252,2.1562,0.63,25.28,28.33,23.73,91.84,1.21,1.8,0.5,97.37
20230322,23.63,4.7938,1.5233,2.9587,0.46,24.81,27.17,22.81,92.24,1.11,1.99,0.46,97.34
20230323,7.29,6.2102,4.8895,2.1924,0.6,25.18,28.42,22.83,88.0,1.15,2.12,0.45,97.42
20230324,3.7,6.2962,5.0189,2.6059,0.61,25.39,28.94,22.8,87.72,1.25,2.23,0.5,97.45
20230325,7.68,5.6786,4.29,2.2562,0.55,25.13,27.23,23.31,91.3,0.84,1.29,0.42,97.36
20230326,14.93,5.5534,2.0525,3.582,0.54,25.21,27.84,22.85,91.86,1.12,1.98,0.45,97.25
20230327,25.79,5.2649,1.7496,3.0221,0.51,25.51,26.5,24.59,96.06,1.3,1.64,0.59,97.27
20230328,36.11,4.7496,1.0246,3.1135,0.46,25.41,26.99,24.45,94.05,1.47,1.84,0.6,97.4
20230329,25.55,4.0459,0.2237,2.9419,0.39,25.08,27.32,24.22,92.96,1.02,1.7,0.5,97.39
20230330,47.4,5.4024,3.173,2.4694,0.52,25.31,27.33,23.68,91.13,1.03,1.63,0.46,97.32
20230331,25.09,4.1506,1.5113,2.6518,0.4,24.69,26.1,23.03,93.82,1.08,2.02,0.4,97.4
20230401,11.58,6.007,4.7057,2.2102,0.59,25.03,27.49,23.08,87.84,1.05,1.83,0.43,97.37
20230402,11.5,4.9999,1.8665,3.3098,0.49,24.2,26.99,21.69,90.01,1.1,1.6,0.35,97.31
20230403,8.62,5.0045,2.6071,2.46,0.49,24.15,26.09,22.6,94.17,1.11,1.51,0.46,97.39
20230404,5.48,4.2905,1.7863,2.5308,0.42,23.76,26.1,21.82,89.22,1.21,1.59,0.48,97.41
20230405,17.53,4.4822,1.1954,2.6693,0.44,24.23,27.34,22.01,91.89,1.49,2.58,0.59,97.28
20230406,10.01,4.8737,1.4364,2.9645,0.48,25.08,26.8,23.32,92.7,0.95,1.82,0.49,97.12
20230407,3.65,4.7834,0.7162,3.4409,0.47,25.25,28.81,22.93,89.07,1.36,2.27,0.55,97.22
20230408,16.91,5.1298,2.7742,2.5142,0.51,23.95,25.36,21.87,95.14,1.28,2.54,0.52,97.5
20230409,3.88,4.7006,0.7757,3.2071,0.47,24.57,28.88,21.54,89.56,1.0,1.25,0.38,97.5
20230410,1.51,5.9434,3.8558,2.6654,0.59,25.53,29.41,22.81,87.76,1.03,1.71,0.38,97.48
20230411,5.43,4.2602,1.2106,2.5805,0.42,25.17,28.26,22.87,86.65,1.04,1.7,0.4,97.55
20230412,5.64,4.3668,1.157,2.8248,0.44,23.96,26.68,21.89,87.88,1.02,1.63,0.32,97.56
20230413,13.39,4.44,3.0888,1.8504,0.44,24.5,27.97,22.11,88.94,0.97,2.01,0.4,97.51
20230414,16.58,5.9945,5.0016,2.0566,0.6,25.46,28.7,23.34,89.2,1.23,2.18,0.51,97.4
20230415,7.14,4.3519,0.7054,2.945,0.44,24.92,27.36,23.21,92.85,1.06,2.35,0.56,97.49
20230416,0.9,5.9378,4.0452,2.5061,0.6,25.42,29.52,21.92,86.53,1.25,2.0,0.46,97.41
20230417,9.03,5.9815,5.4564,1.7962,0.6,25.76,29.08,23.27,88.57,1.48,2.3,0.59,97.55
20230418,8.37,4.7755,1.7398,2.8008,0.48,24.82,26.83,23.36,94.47,1.25,2.4,0.58,97.63
20230419,3.25,4.9042,2.4737,2.6498,0.5,25.04,28.24,22.78,88.31,1.03,1.55,0.4,97.41
20230420,1.39,6.3485,6.132,1.7597,0.65,25.26,28.75,22.63,88.94,1.08,1.71,0.45,97.26
20230421,4.6,5.7199,5.4926,1.644,0.58,25.4,28.52,22.7,89.56,1.43,2.49,0.65,97.34
20230422,4.04,5.8721,4.8749,2.5891,0.6,25.45,28.71,22.56,89.87,1.09,1.71,0.49,97.41
20230423,8.15,5.465,4.8108,1.9342,0.56,24.88,27.28,22.61,92.34,0.91,1.52,0.44,97.42
20230424,2.09,5.7962,5.0059,2.2594,0.6,25.99,29.02,23.81,86.22,1.12,1.83,0.48,97.35
20230425,1.32,5.2464,4.4602,2.0455,0.54,25.26,28.41,22.82,88.47,1.19,1.82,0.44,97.34
20230426,2.58,4.5859,1.847,2.5891,0.47,24.59,26.93,22.6,88.77,0.86,1.29,0.34,97.36
20230427,1.03,4.3438,0.9691,2.8435,0.45,26.03,29.49,23.89,87.08,1.02,2.01,0.46,97.39
20230428,13.51,3.6778,1.3186,2.2111,0.38,25.25,27.74,23.62,89.91,0.92,1.57,0.37,97.38
20230429,17.32,4.6848,2.6669,2.2805,0.49,25.42,28.51,23.61,91.57,1.16,2.11,0.48,97.22
20230430,3.82,3.9751,1.2288,2.5726,0.42,25.32,28.66,22.62,89.01,1.28,2.06,0.49,97.18
20230501,9.49,3.8362,0.5966,2.5085,0.4,25.29,27.69,23.45,94.52,1.18,2.09,0.56,97.31
20230502,7.15,4.127,0.4644,2.8339,0.43,24.77,25.99,23.55,96.52,1.57,2.86,0.66,97.5
20230503,7.46,5.1314,2.5807,2.6719,0.54,25.14,28.25,22.56,91.28,1.2,1.8,0.47,97.47
20230504,24.7,4.5415,2.5334,2.34,0.48,25.26,27.27,24.33,94.44,1.38,1.65,0.53,97.29
20230505,17.99,4.049,1.9411,2.2848,0.43,25.22,28.04,23.59,92.46,1.31,2.16,0.55,97.16
20230506,5.97,4.3841,1.0394,2.7617,0.47,24.57,27.07,22.65,92.03,0.93,1.44,0.4,97.27
20230507,16.5,4.1981,1.8113,2.3465,0.45,25.71,28.54,23.68,91.19,1.25,1.92,0.49,97.28
20230508,8.78,3.7903,0.3622,2.7216,0.4,24.88,26.66,23.49,94.48,1.22,1.78,0.47,97.39
20230509,7.65,5.0712,2.3371,2.8214,0.54,24.16,26.37,22.49,92.62,0.83,1.19,0.34,97.44
20230510,11.33,2.1235,0.1106,1.5602,0.23,24.05,25.61,22.98,96.25,1.07,1.43,0.44,97.54
20230511,15.64,4.099,0.8832,2.4703,0.44,24.26,25.33,22.95,97.06,1.11,1.39,0.46,97.64
20230512,8.9,3.9614,1.1045,2.5018,0.43,24.98,26.11,24.14,96.88,1.55,2.56,0.58,97.66
20230513,15.73,4.295,1.9939,2.3006,0.46,25.15,27.42,23.22,94.01,1.08,1.96,0.47,97.55
20230514,6.45,5.1137,3.4514,2.2786,0.55,25.08,27.76,23.09,92.57,0.93,1.67,0.41,97.53
20230515,11.62,4.5504,1.933,2.598,0.49,23.96,26.82,22.22,92.75,0.95,1.42,0.41,97.68
20230516,5.51,4.044,2.5786,2.0194,0.44,24.45,28.35,21.47,88.46,1.19,1.68,0.46,97.65
20230517,7.54,4.1076,1.4323,2.377,0.45,24.6,27.33,22.58,91.95,0.91,1.58,0.39,97.67
20230518,26.31,3.5662,1.1729,2.1139,0.39,24.12,26.05,23.23,94.24,1.11,1.75,0.54,97.67
20230519,59.43,1.4038,0.0749,1.073,0.15,24.43,26.02,23.09,95.5,1.06,2.04,0.42,97.61
20230520,8.83,4.441,2.3198,2.3508,0.49,24.65,26.12,23.76,96.1,1.62,2.57,0.58,97.58
20230521,20.83,3.9379,2.2865,2.045,0.43,24.84,27.67,23.35,93.27,1.25,2.27,0.56,97.63
20230522,4.05,4.3819,2.2658,2.2994,0.48,25.24,28.06,23.44,89.99,0.72,1.25,0.37,97.7
20230523,0.65,4.7347,4.637,1.668,0.52,24.88,27.69,22.57,90.45,1.56,2.55,0.72,97.67
20230524,0.55,3.9715,1.9793,2.1384,0.44,25.29,28.17,23.14,90.96,1.47,2.44,0.73,97.63
20230525,1.15,4.8379,3.9593,2.077,0.54,24.67,27.63,22.39,90.98,1.48,2.06,0.67,97.68
20230526,8.79,4.723,2.455,2.5985,0.53,24.61,27.57,22.84,91.88,1.47,2.1,0.67,97.61
20230527,7.04,3.2748,0.4522,2.2536,0.37,24.27,26.98,22.54,91.61,1.45,2.5,0.59,97.56
20230528,9.37,4.4597,2.2414,2.4446,0.5,23.82,25.54,22.72,96.4,1.33,2.12,0.53,97.53
20230529,3.74,4.5322,3.0593,2.106,0.51,24.18,25.96,22.82,94.52,1.2,1.83,0.5,97.62
20230530,2.53,4.5658,4.2259,1.7928,0.51,24.75,27.17,23.17,92.61,1.41,2.28,0.63,97.61
20230531,6.77,4.6308,3.8436,1.981,0.52,25.03,27.19,23.85,94.71,0.96,1.36,0.47,97.48
20230601,25.1,3.1279,0.7963,2.106,0.35,25.12,27.68,23.33,91.61,1.69,2.85,0.72,97.51
20230602,6.49,5.1204,3.5563,2.3398,0.58,24.67,27.01,23.53,93.49,1.04,1.31,0.44,97.63
20230603,6.14,3.9886,2.0513,2.1132,0.45,25.01,28.45,21.91,90.18,1.2,1.81,0.51,97.59
20230604,1.74,4.7102,2.0938,2.7024,0.53,25.28,28.34,22.85,91.23,1.2,1.95,0.53,97.5
20230605,0.68,5.3494,5.2162,1.8199,0.61,25.49,28.75,22.72,88.95,1.24,1.98,0.53,97.43
20230606,3.8,4.1686,2.113,2.3522,0.47,24.59,25.85,23.39,94.6,1.17,1.65,0.45,97.49
20230607,4.01,4.6985,3.6115,2.3035,0.53,24.38,27.41,22.63,91.04,1.06,2.21,0.43,97.57
20230608,4.0,3.5986,1.3798,2.3215,0.41,23.57,26.91,21.88,91.27,0.97,1.7,0.41,97.62
20230609,8.66,4.2773,2.0527,2.3858,0.49,23.59,25.84,21.65,94.71,0.98,1.27,0.39,97.52
20230610,1.88,4.3937,3.9535,1.6824,0.5,24.08,25.81,23.16,93.98,1.32,1.91,0.56,97.47
20230611,6.18,3.7663,2.0942,1.9658,0.43,24.39,27.22,22.95,93.91,1.38,2.14,0.57,97.5
20230612,17.77,4.4237,2.3239,2.3705,0.5,24.07,25.36,23.17,97.58,1.36,2.34,0.5,97.51
20230613,5.96,4.5842,3.132,2.1982,0.52,24.51,26.82,23.47,95.1,1.12,1.68,0.52,97.53
20230614,25.33,2.8709,0.8664,1.7393,0.33,24.09,25.68,22.76,96.33,1.46,2.64,0.56,97.57
20230615,11.85,3.7418,0.9338,2.3976,0.43,23.72,26.21,21.81,92.38,1.07,1.59,0.47,97.59
20230616,21.75,3.108,0.138,2.3076,0.36,24.08,26.67,22.53,93.02,1.14,1.92,0.52,97.57
20230617,4.01,4.8197,4.1386,1.8852,0.55,24.3,27.02,22.74,93.12,1.53,2.57,0.62,97.57
20230618,10.25,3.2856,1.5146,1.8182,0.38,23.75,25.52,22.87,95.38,1.47,2.24,0.59,97.57
20230619,4.13,3.7186,1.4196,2.2123,0.43,23.88,26.62,22.5,93.33,1.37,2.2,0.58,97.5
20230620,5.61,3.1836,1.265,1.7981,0.36,23.59,25.3,22.59,93.91,1.1,1.86,0.49,97.52
20230621,13.33,4.5842,3.3223,2.0426,0.53,23.31,24.64,22.39,96.55,1.26,2.14,0.5,97.57
20230622,17.99,4.458,2.9578,2.058,0.51,23.64,25.34,22.58,96.43,1.19,1.86,0.52,97.51
20230623,18.11,3.3374,1.4861,1.7813,0.38,23.98,25.66,22.74,95.63,1.08,1.85,0.4,97.5
20230624,4.5,5.0446,4.2686,1.9195,0.58,24.31,26.82,22.62,93.37,1.13,1.97,0.47,97.48
20230625,13.04,4.0025,2.9155,1.7638,0.46,24.55,27.63,22.63,93.73,1.45,2.35,0.53,97.38
20230626,15.1,4.1976,2.491,2.2118,0.48,24.15,25.95,22.67,95.19,1.2,1.71,0.39,97.49
20230627,11.02,5.0326,4.843,1.764,0.58,24.8,28.15,22.45,90.43,1.21,2.1,0.45,97.59
20230628,8.47,4.7006,3.7145,1.9846,0.54,24.38,26.37,23.17,94.33,1.38,2.33,0.62,97.66
20230629,13.8,4.3378,3.7752,1.7801,0.5,23.9,26.19,22.63,93.38,1.29,2.41,0.5,97.57
20230630,3.44,4.4316,4.302,1.5427,0.51,24.48,27.61,22.43,89.87,1.1,2.26,0.49,97.5
20230701,4.58,4.2185,3.9391,1.6934,0.48,24.4,26.6,22.95,91.81,1.15,2.25,0.46,97.6
20230702,1.52,3.8954,2.4646,1.937,0.45,24.78,27.27,22.88,92.93,1.33,2.11,0.49,97.62
20230703,7.96,4.3841,3.6158,1.8254,0.5,24.88,27.54,23.41,94.48,1.23,1.89,0.48,97.57
20230704,26.55,3.0146,0.5777,1.944,0.34,24.95,27.67,23.21,94.29,1.18,1.88,0.53,97.52
20230705,24.51,2.7593,0.2256,1.9138,0.31,24.51,25.61,23.83,97.38,1.78,3.0,0.69,97.55
20230706,5.71,3.3449,1.3488,1.9454,0.38,24.25,25.4,23.54,97.01,1.29,2.22,0.5,97.59
20230707,12.13,3.323,0.7202,2.19,0.38,23.99,25.16,23.11,97.16,1.46,2.27,0.62,97.63
20230708,11.16,4.752,2.6794,2.4511,0.54,24.31,26.8,23.09,94.47,1.74,3.01,0.67,97.58
20230709,11.85,4.0378,2.4254,2.052,0.46,23.88,25.08,23.07,95.39,1.38,2.46,0.52,97.49
20230710,27.34,3.4193,1.2175,2.1665,0.39,24.02,25.43,22.95,96.91,1.04,1.35,0.36,97.38
20230711,61.01,3.2208,0.3994,2.2656,0.36,24.23,25.94,23.29,96.26,1.27,1.94,0.4,97.44
20230712,22.09,3.3264,1.501,1.9001,0.38,24.32,25.59,23.32,96.16,1.46,2.33,0.56,97.51
20230713,13.62,3.479,1.3442,2.2128,0.39,24.25,26.56,23.07,95.26,1.54,2.47,0.65,97.44
20230714,16.51,3.8275,3.1728,1.6543,0.43,23.59,24.93,22.72,95.97,1.1,1.89,0.43,97.49
20230715,11.96,3.7051,1.6255,2.3443,0.42,23.84,26.47,22.51,92.72,1.38,2.05,0.55,97.46
20230716,23.97,3.1104,0.4354,2.1413,0.35,23.23,25.78,21.95,93.61,1.53,2.43,0.64,97.47
20230717,8.44,3.618,2.1209,1.9438,0.41,23.38,26.37,21.82,91.62,1.41,2.34,0.62,97.54
20230718,1.95,3.8539,3.6607,1.5019,0.43,23.97,27.36,22.18,92.15,1.23,2.25,0.56,97.43
20230719,2.21,4.195,3.0749,2.0162,0.47,24.35,27.46,22.49,91.94,1.3,2.15,0.55,97.41
20230720,1.99,4.1436,3.69,1.7558,0.46,24.36,27.77,22.46,91.49,1.41,2.39,0.58,97.44
20230721,9.94,3.2986,1.3126,1.8053,0.37,23.67,26.1,22.36,93.71,1.67,2.56,0.65,97.63
20230722,7.73,3.0758,0.8242,1.8907,0.34,23.27,26.01,21.76,92.36,1.47,2.55,0.6,97.72
20230723,2.03,1.9942,0.6674,1.3231,0.22,22.59,25.32,21.27,91.98,1.43,2.4,0.61,97.72
20230724,1.89,3.2398,2.341,1.5876,0.36,22.82,25.76,21.26,91.01,1.51,2.59,0.68,97.63
20230725,1.4,2.8056,1.8826,1.4405,0.31,22.68,25.35,21.13,91.52,1.47,2.35,0.61,97.71
20230726,4.8,3.5554,2.5032,1.657,0.39,23.03,25.38,21.72,91.87,1.35,2.32,0.57,97.72
20230727,4.67,3.3974,1.1407,2.0316,0.37,23.28,25.66,21.69,93.04,1.34,2.22,0.54,97.78
20230728,2.32,4.669,4.0795,1.7261,0.51,23.91,26.78,21.89,93.56,1.32,2.34,0.55,97.63
20230729,16.76,3.6588,1.6594,2.0515,0.4,23.65,25.14,22.74,96.07,1.57,2.51,0.61,97.65
20230730,17.29,3.3386,0.499,2.232,0.37,23.73,26.18,22.65,93.53,1.38,2.12,0.54,97.75
20230731,6.77,3.7483,1.1062,2.3405,0.41,23.5,24.83,22.5,95.44,1.17,2.22,0.43,97.72
20230801,4.53,4.9416,4.2206,1.8792,0.54,24.46,27.72,22.73,91.98,0.95,2.08,0.42,97.62
20230802,19.94,2.8334,1.1419,1.6906,0.31,23.81,25.05,22.88,96.33,1.32,2.52,0.58,97.71
20230803,2.78,4.5096,3.6295,1.9618,0.49,24.31,27.28,22.83,91.51,1.12,2.01,0.55,97.84
20230804,2.51,3.6127,0.6413,2.3539,0.39,23.82,26.56,22.42,92.91,1.45,2.21,0.63,97.97
20230805,2.82,2.5099,0.7656,1.531,0.27,22.88,25.28,21.6,92.0,1.75,2.9,0.74,97.93
20230806,1.03,5.2361,4.7976,1.885,0.56,23.14,26.51,20.93,90.27,1.22,1.94,0.56,97.77
20230807,0.7,4.3819,3.1114,2.1533,0.47,22.85,25.99,20.52,90.74,1.39,2.14,0.66,97.65
20230808,0.26,4.4086,3.337,1.9022,0.47,22.98,25.91,20.95,91.72,1.23,1.64,0.59,97.75
20230809,0.25,3.6269,2.3059,1.819,0.39,22.95,25.6,21.04,91.62,1.45,2.3,0.59,97.81
20230810,1.99,3.7452,1.7023,2.0251,0.4,23.42,26.21,21.87,90.62,1.46,2.42,0.67,97.73
20230811,4.28,3.6341,1.3668,2.2834,0.39,23.1,25.71,21.79,92.48,1.47,2.38,0.58,97.69
20230812,2.74,4.0747,1.1246,2.6117,0.43,23.23,26.07,21.65,92.66,0.92,1.63,0.44,97.71
20230813,1.18,3.5892,0.8078,2.2937,0.38,23.46,26.7,20.96,90.42,1.41,2.25,0.6,97.72
20230814,1.63,4.1854,2.6911,1.9927,0.44,23.31,25.88,21.9,92.14,1.44,2.47,0.6,97.68
20230815,2.28,3.2731,2.0837,1.6742,0.34,23.43,26.08,21.92,92.3,1.36,2.53,0.57,97.72
20230816,12.15,3.2251,1.3814,1.8122,0.34,23.11,24.98,22.14,95.75,1.42,2.18,0.54,97.7
20230817,36.35,3.1454,0.4104,2.2999,0.33,23.09,24.49,22.13,96.78,1.27,2.35,0.5,97.65
20230818,10.99,3.9797,0.2837,2.9599,0.42,23.06,25.07,21.76,94.5,1.43,2.31,0.57,97.7
20230819,7.16,3.9499,1.8456,2.0825,0.41,23.01,26.03,21.57,92.35,1.62,3.04,0.66,97.72
20230820,18.99,2.0832,0.563,1.3308,0.22,22.53,26.12,20.5,91.65,1.48,2.53,0.6,97.7
20230821,4.53,4.3925,2.8068,2.0772,0.46,22.7,25.8,20.9,92.5,1.42,2.33,0.61,97.66
20230822,2.5,4.3529,1.9111,2.2985,0.45,23.23,27.02,20.73,91.75,1.37,2.56,0.59,97.67
20230823,7.68,4.3776,3.1702,1.9747,0.45,23.63,26.86,22.06,93.32,1.38,2.26,0.56,97.64
20230824,12.7,3.5314,0.7949,2.2718,0.36,23.47,24.99,22.57,96.34,1.26,1.83,0.55,97.56
20230825,23.19,3.6046,0.6281,2.2778,0.37,23.56,25.18,22.68,95.43,1.2,2.16,0.51,97.49
20230826,14.36,3.3398,0.2746,2.2882,0.34,22.67,24.24,21.87,94.85,1.47,2.11,0.61,97.51
20230827,22.58,3.7445,1.6577,1.95,0.38,22.67,24.34,21.64,94.76,1.38,2.23,0.56,97.48
20230828,16.86,2.9246,0.1538,2.0861,0.3,22.98,25.44,21.8,93.26,1.36,2.21,0.57,97.57
20230829,1.79,4.0342,2.4274,1.925,0.41,23.53,26.78,21.74,92.01,1.52,2.58,0.67,97.52
20230830,1.99,3.9854,2.7514,1.8641,0.4,23.59,27.11,21.96,92.39,1.09,2.17,0.47,97.56
20230831,7.64,2.4468,1.6109,1.4976,0.25,22.57,24.71,21.55,93.46,1.3,2.31,0.57,97.72
20230901,1.03,3.6826,1.5278,1.9908,0.37,23.2,26.58,21.13,89.17,1.15,2.36,0.52,97.65
20230902,0.3,2.1413,0.9643,1.4136,0.22,22.9,25.57,21.31,90.05,1.38,2.34,0.62,97.56
20230903,3.4,3.0811,1.409,1.6685,0.31,23.16,26.13,21.57,90.45,1.4,2.27,0.58,97.62
20230904,4.24,3.8112,1.463,2.2181,0.38,23.26,26.73,21.14,92.11,1.28,2.05,0.52,97.65
20230905,26.89,3.7231,2.2174,1.7844,0.37,23.65,26.11,22.26,94.13,1.54,2.78,0.61,97.59
20230906,40.46,2.5589,0.3134,1.7206,0.26,23.39,24.75,22.32,96.69,1.15,1.67,0.47,97.6
20230907,20.16,4.6709,1.4251,2.7874,0.47,23.95,26.53,22.7,94.18,1.39,2.06,0.53,97.64
20230908,6.65,4.5278,1.8086,2.4672,0.45,24.07,26.6,21.8,93.12,1.0,1.57,0.41,97.63
20230909,12.06,2.2829,0.1075,1.6944,0.23,24.5,26.83,23.04,95.08,1.37,1.88,0.55,97.56
20230910,15.3,3.5186,0.9319,2.25,0.35,24.05,25.13,23.26,96.66,1.65,2.1,0.66,97.56
20230911,14.31,4.8425,2.587,2.2406,0.48,24.19,27.08,22.67,93.38,1.79,3.06,0.73,97.54
20230912,25.35,3.9259,1.2979,2.3232,0.39,22.83,24.13,21.4,94.66,1.65,2.22,0.68,97.62
20230913,10.26,4.0262,0.9866,2.6707,0.4,22.42,24.41,21.41,94.16,1.26,2.15,0.52,97.72
20230914,13.92,3.7963,0.6451,2.4593,0.37,22.81,25.26,21.18,94.49,1.39,2.45,0.6,97.76
20230915,5.97,2.8802,0.5083,1.9075,0.28,23.44,26.77,21.94,92.48,1.41,2.51,0.63,97.75
20230916,3.34,4.1532,1.9488,2.2517,0.41,23.34,26.52,21.76,91.03,1.67,2.93,0.73,97.66
20230917,0.16,5.0316,3.3067,2.4641,0.49,23.76,27.62,20.95,89.8,1.47,2.45,0.65,97.59
20230918,0.26,5.0933,4.3874,1.8158,0.5,23.63,27.01,21.7,88.9,1.07,2.43,0.51,97.55
20230919,5.77,2.9998,0.7272,1.7822,0.29,23.12,25.53,21.19,92.89,1.3,2.38,0.56,97.55
20230920,12.6,4.3306,2.0621,2.2454,0.42,23.56,27.15,21.37,92.71,1.52,2.72,0.59,97.58
20230921,14.32,4.9769,3.3422,2.1499,0.48,23.72,26.17,22.03,95.17,1.48,2.33,0.59,97.6
20230922,12.59,4.0997,1.8775,2.3158,0.4,23.46,25.26,22.07,94.11,1.17,1.81,0.49,97.56
20230923,3.26,4.5274,3.1154,2.0393,0.44,23.85,27.45,21.29,91.11,1.47,2.53,0.6,97.46
20230924,5.99,3.217,0.4126,2.2884,0.31,22.8,24.87,20.94,93.51,1.1,1.73,0.47,97.47
20230925,6.94,3.2114,0.8119,2.0234,0.31,23.45,25.6,22.14,93.9,1.53,2.6,0.64,97.55
20230926,6.03,4.8634,2.5786,2.3969,0.47,23.97,26.96,22.28,93.14,1.72,2.91,0.66,97.5
20230927,6.51,4.0865,0.4831,2.8351,0.39,23.8,26.58,22.24,93.53,1.08,1.95,0.45,97.57
20230928,18.24,4.4155,2.2274,2.3402,0.43,24.09,26.91,22.25,93.94,1.64,2.46,0.64,97.57
20230929,27.95,4.8926,1.806,2.7446,0.47,23.82,25.45,22.84,95.23,1.38,2.28,0.51,97.6
20230930,9.44,3.2618,0.4428,2.3498,0.31,23.57,26.04,22.22,94.62,1.37,2.59,0.56,97.64
20231001,4.59,3.9554,1.5533,2.3537,0.38,23.76,25.64,22.23,95.24,0.99,1.41,0.4,97.6
20231002,8.68,3.2023,0.8568,2.0225,0.31,24.36,26.64,22.73,94.59,1.34,2.25,0.5,97.68
20231003,8.05,4.836,1.7429,2.7247,0.46,24.22,26.64,22.38,93.85,0.94,1.25,0.39,97.81
20231004,3.2,4.2118,0.9362,2.598,0.4,24.73,28.66,22.05,87.57,1.09,1.74,0.39,97.79
20231005,1.41,5.0688,2.0678,2.7322,0.49,24.53,27.93,21.53,87.5,1.31,2.25,0.48,97.68
20231006,1.28,3.8755,1.0766,2.2589,0.37,24.39,27.5,22.63,91.45,1.66,2.99,0.68,97.62
20231007,1.72,5.0467,2.4502,2.556,0.48,24.61,27.99,22.36,91.09,1.25,2.34,0.52,97.56
20231008,3.81,4.5665,3.2712,1.9471,0.44,24.81,28.2,22.82,91.36,1.71,2.65,0.7,97.58
20231009,2.63,4.6817,3.1606,2.0182,0.45,24.39,27.92,22.02,89.93,1.59,2.54,0.68,97.63
20231010,0.25,4.5259,3.2707,2.003,0.43,24.34,28.11,21.79,89.57,1.23,2.45,0.54,97.51
20231011,4.17,4.4954,2.3899,2.1703,0.43,24.43,26.76,22.85,93.52,1.27,2.2,0.54,97.58
20231012,3.88,3.0034,0.1166,2.2274,0.29,24.83,26.68,23.41,92.25,0.79,1.51,0.43,97.76
20231013,2.6,6.0554,3.9274,2.4859,0.58,24.46,26.24,22.59,86.37,0.81,1.33,0.37,97.72
20231014,7.65,3.8981,0.8395,2.7485,0.37,25.5,28.96,22.48,86.72,1.14,1.68,0.4,97.64
20231015,2.19,6.0694,4.8271,2.0669,0.58,25.31,28.97,22.75,89.04,1.2,1.86,0.52,97.64
20231016,10.83,4.8778,3.6814,1.9999,0.46,25.39,28.06,23.82,90.44,1.23,2.36,0.48,97.64
20231017,5.76,6.5575,6.1618,1.8235,0.62,25.14,29.03,22.77,87.65,1.14,1.77,0.49,97.75
20231018,4.17,5.8817,4.2389,2.3702,0.56,24.5,27.96,21.55,88.51,1.26,2.06,0.48,97.74
20231019,8.43,5.9376,4.2775,2.4163,0.56,24.9,27.17,23.26,93.57,0.77,1.22,0.4,97.61
20231020,9.56,4.4542,1.9613,2.484,0.42,25.15,28.34,22.73,91.11,0.85,1.43,0.38,97.61
20231021,7.0,4.8571,1.6169,2.789,0.46,24.94,27.58,23.29,91.35,1.38,2.68,0.58,97.68
20231022,0.95,6.3389,4.7594,2.4581,0.6,25.18,28.48,23.31,90.22,1.17,2.14,0.5,97.72
20231023,0.22,5.0335,3.8878,1.9874,0.48,25.03,28.33,22.82,89.48,1.69,3.19,0.64,97.67
20231024,0.02,6.3389,4.6226,2.555,0.6,25.17,28.89,21.78,87.83,1.3,2.12,0.53,97.6
20231025,0.0,6.3382,5.2596,2.1686,0.6,25.33,28.82,22.56,89.41,1.42,2.49,0.54,97.58
20231026,0.01,5.6237,2.3875,2.9071,0.53,24.94,28.59,22.66,88.72,1.05,1.6,0.42,97.63
20231027,0.41,4.8434,2.239,2.4403,0.46,23.93,26.19,21.9,90.22,1.18,1.84,0.46,97.62
20231028,6.82,4.4006,1.7153,2.3227,0.42,24.54,26.8,22.75,91.23,0.85,1.28,0.4,97.62
20231029,4.9,5.5253,2.6734,2.7521,0.52,24.24,27.64,22.07,89.09,0.94,1.84,0.43,97.59
20231030,9.95,5.1163,3.4126,2.2397,0.49,24.01,26.89,21.72,92.49,1.05,2.01,0.42,97.54
20231031,21.38,5.3354,2.9885,2.5289,0.51,24.67,27.1,22.94,92.5,1.31,2.28,0.5,97.6
20231101,8.61,5.2279,2.1914,2.7149,0.5,24.45,27.57,22.4,91.11,1.25,2.02,0.5,97.6
20231102,6.19,5.0016,2.6167,2.5039,0.48,24.57,27.87,22.85,92.32,1.18,1.98,0.46,97.45
20231103,8.11,3.3758,0.9439,2.1031,0.32,24.69,27.24,23.24,93.16,1.13,1.73,0.44,97.41
20231104,5.01,3.275,0.1068,2.417,0.31,24.97,27.37,22.81,92.83,1.3,2.15,0.56,97.45
20231105,1.18,2.7439,0.241,2.004,0.26,25.21,28.05,23.68,92.17,1.43,2.9,0.69,97.52
20231106,2.32,4.7669,2.094,2.5478,0.45,25.56,28.53,23.82,91.02,1.35,2.73,0.54,97.46
20231107,0.78,2.9424,0.2954,2.0772,0.28,25.66,29.38,23.78,89.42,0.92,1.72,0.44,97.47
20231108,0.5,5.4787,4.5415,2.005,0.52,25.55,28.6,23.47,90.45,1.5,2.55,0.63,97.38
20231109,6.02,3.8395,1.3745,2.191,0.37,24.93,27.19,23.57,93.35,1.15,1.75,0.53,97.47
20231110,3.62,5.4972,3.943,2.2102,0.52,25.71,29.11,23.72,88.57,0.94,1.97,0.45,97.55
20231111,0.74,6.3478,4.4551,2.7118,0.6,25.84,29.76,22.71,86.62,1.03,1.94,0.42,97.59
20231112,3.79,5.5126,3.4378,2.4799,0.53,25.83,29.69,22.1,88.62,1.03,1.47,0.4,97.56
20231113,1.54,4.4827,1.7398,2.4502,0.43,25.69,29.39,22.6,88.99,1.14,2.17,0.47,97.48
20231114,0.19,5.0798,1.7383,2.7449,0.48,25.72,29.16,22.41,85.97,1.06,1.82,0.51,97.54
20231115,0.15,6.1798,3.3199,3.1831,0.59,25.48,29.23,22.75,86.95,1.19,2.07,0.53,97.56
20231116,0.03,6.1699,4.0154,2.5862,0.59,25.53,29.32,22.89,87.29,1.12,1.88,0.52,97.52
20231117,0.44,5.226,2.142,2.719,0.5,25.27,28.5,23.04,90.37,1.24,1.84,0.51,97.48
20231118,1.84,3.6036,0.6888,2.267,0.34,24.86,27.25,23.9,91.75,1.12,1.75,0.45,97.51
20231119,2.87,4.7794,2.8651,2.1355,0.46,25.13,26.9,24.05,91.04,0.76,1.69,0.3,97.5
20231120,3.26,5.0774,3.2359,2.3647,0.49,26.11,29.3,23.65,89.67,1.19,2.06,0.49,97.49
20231121,2.77,4.4585,0.99,2.8673,0.43,24.95,26.82,22.58,94.17,1.19,1.87,0.46,97.54
20231122,4.88,3.8078,0.6223,2.7996,0.36,24.8,28.16,21.77,87.63,0.84,1.6,0.27,97.43
20231123,2.4,6.107,5.2044,2.2099,0.59,25.33,28.72,22.52,88.27,1.24,1.98,0.49,97.29
20231124,10.13,4.0958,1.7582,2.233,0.39,25.23,27.41,23.85,91.11,0.92,1.36,0.37,97.32
20231125,3.98,5.0712,2.7797,2.5121,0.49,24.4,26.23,23.08,90.56,0.82,1.3,0.32,97.34
20231126,14.77,4.6934,1.7604,2.6275,0.45,25.14,27.58,23.38,88.59,1.09,1.81,0.42,97.3
20231127,1.79,5.7418,3.1003,2.9198,0.55,25.3,28.24,23.4,90.68,1.17,1.81,0.55,97.36
20231128,13.64,2.6878,0.4891,1.8602,0.26,24.7,26.54,23.4,93.93,1.02,1.58,0.4,97.42
20231129,7.38,5.3479,3.0449,2.7151,0.51,24.85,27.21,23.28,91.31,0.94,1.54,0.37,97.44
20231130,1.84,4.3649,1.7966,2.3702,0.42,25.58,28.52,22.99,86.54,1.19,1.9,0.42,97.39
20231201,4.77,5.5951,3.7781,2.3935,0.54,26.07,28.94,23.87,89.27,1.38,2.39,0.56,97.36
20231202,14.28,4.0255,0.5474,2.7979,0.39,25.42,27.82,23.86,90.81,0.8,1.33,0.36,97.4
20231203,21.94,5.5387,2.9002,2.9345,0.53,24.71,26.35,23.35,93.06,1.07,1.65,0.47,97.47
20231204,39.72,5.3095,2.838,2.6304,0.51,24.75,27.09,22.34,88.32,0.92,1.34,0.38,97.38
20231205,25.55,1.5264,0.1212,1.165,0.15,25.0,27.78,23.1,90.13,0.98,1.9,0.35,97.39
20231206,11.21,6.5767,5.4696,2.3484,0.63,25.81,29.07,23.54,88.1,1.08,2.09,0.48,97.36
20231207,7.1,5.6986,4.7827,2.1113,0.55,25.72,28.99,23.31,88.06,1.1,2.13,0.5,97.4
20231208,23.54,5.5505,3.8614,2.3306,0.53,25.83,29.43,23.0,88.15,1.12,2.09,0.47,97.39
20231209,6.79,5.9582,3.9514,2.6076,0.57,25.68,29.06,23.52,88.99,1.25,2.08,0.46,97.36
20231210,19.83,3.6703,0.6132,2.5102,0.35,25.27,27.34,23.74,89.93,0.9,1.65,0.47,97.27
20231211,6.25,5.7314,3.9907,2.4926,0.55,25.4,28.81,22.65,89.31,1.16,1.9,0.53,97.2
20231212,11.13,4.9783,3.2052,2.1403,0.48,25.52,27.4,24.19,93.66,1.11,1.99,0.53,97.34
20231213,10.35,5.6909,4.3368,2.2978,0.55,25.93,29.34,23.06,88.77,1.09,2.09,0.44,97.39
20231214,4.32,4.801,1.7501,2.8999,0.46,25.66,28.45,23.39,90.39,1.06,1.88,0.47,97.35
20231215,3.85,5.7504,3.8227,2.6986,0.55,26.19,29.51,24.09,90.35,1.0,1.98,0.45,97.26
20231216,18.31,5.7634,5.0635,2.0206,0.56,26.15,27.87,24.72,94.17,1.01,1.48,0.53,97.21
20231217,5.47,5.8061,3.9379,2.5054,0.56,25.96,29.97,22.89,88.0,1.15,1.96,0.43,97.28
20231218,5.72,4.9397,1.9262,2.7449,0.48,26.61,30.36,24.44,89.79,1.09,1.94,0.48,97.32
20231219,3.17,5.5637,4.2643,2.3002,0.54,26.43,29.02,24.97,92.1,0.88,1.39,0.44,97.33
20231220,9.44,4.1842,0.5885,2.8946,0.4,25.76,27.02,23.97,91.34,0.69,1.22,0.26,97.35
20231221,6.99,5.095,3.1474,2.4665,0.49,25.72,29.66,22.63,87.09,1.38,2.38,0.5,97.32
20231222,9.8,5.6484,3.9694,2.4372,0.54,25.66,28.96,23.0,87.45,1.13,1.89,0.46,97.5
20231223,7.94,6.0816,4.3711,2.6426,0.59,26.55,31.11,23.13,85.63,1.24,2.22,0.47,97.45
20231224,7.42,5.461,2.9674,2.8476,0.53,26.15,29.18,23.82,90.55,0.86,1.76,0.42,97.46
20231225,6.32,5.424,4.3344,2.2831,0.52,25.97,28.88,23.71,89.63,1.08,1.68,0.44,97.45
20231226,10.96,2.599,0.5731,1.7549,0.25,25.81,28.17,24.22,92.7,1.11,2.06,0.53,97.6
20231227,8.18,5.3851,3.799,2.3467,0.52,26.83,30.1,24.75,87.76,0.99,1.7,0.5,97.65
20231228,0.78,6.2318,5.2798,2.2853,0.6,26.12,29.26,23.8,89.45,1.13,2.07,0.46,97.64
20231229,0.3,3.877,0.1291,2.9129,0.37,26.27,29.07,24.3,87.18,0.73,1.57,0.35,97.52
20231230,3.44,5.765,4.9356,1.9946,0.55,25.98,28.48,23.9,89.68,1.13,2.01,0.46,97.45
20231231,1.93,4.122,1.937,2.2078,0.4,25.54,27.84,23.9,92.32,1.06,1.69,0.42,97.5
20240101,16.76,2.7787,0.4094,1.8754,0.27,24.96,26.53,23.94,93.05,0.94,1.4,0.37,97.5
20240102,13.78,5.2214,2.7415,2.7547,0.5,24.94,27.27,23.43,91.22,0.52,1.18,0.26,97.42
20240103,5.57,4.6188,0.6427,3.2006,0.44,24.5,25.93,22.97,94.28,1.04,1.59,0.41,97.5
20240104,27.28,4.2566,0.4586,2.9873,0.41,24.26,25.72,22.59,95.13,0.94,1.47,0.37,97.59
20240105,4.4,6.5962,6.125,2.0122,0.63,25.29,28.0,22.62,87.06,1.34,2.02,0.44,97.42
20240106,8.11,5.6484,4.2192,2.2817,0.54,25.42,27.63,23.5,91.69,1.25,1.83,0.47,97.52
20240107,4.27,5.712,3.7483,2.5111,0.55,25.74,28.67,23.92,90.7,1.29,2.42,0.55,97.53
20240108,3.15,5.7173,3.3398,2.7163,0.55,25.5,28.14,23.9,89.9,1.04,1.81,0.43,97.45
20240109,6.4,3.991,1.5396,2.3477,0.38,24.61,26.1,23.54,94.02,1.06,1.45,0.35,97.38
20240110,10.02,4.6214,0.6742,3.0362,0.44,24.7,25.86,23.92,96.38,1.1,1.75,0.42,97.38
20240111,9.06,5.7194,3.403,2.6527,0.55,25.37,28.17,23.65,89.16,1.11,1.94,0.51,97.35
20240112,13.77,5.166,1.7484,2.9191,0.49,25.05,28.15,22.8,91.31,1.18,1.5,0.42,97.26
20240113,47.95,5.3234,1.675,3.1495,0.51,25.25,27.72,23.55,90.73,1.18,2.1,0.5,97.29
20240114,8.83,5.4874,2.0268,3.1272,0.52,26.07,29.14,23.32,88.66,1.38,2.27,0.53,97.24
20240115,13.33,5.2476,2.7665,2.6978,0.5,24.84,26.7,23.24,92.97,0.8,1.71,0.34,97.32
20240116,4.76,4.0954,0.8429,2.8872,0.39,25.49,29.14,22.57,87.67,0.94,1.29,0.39,97.22
20240117,4.31,6.1906,4.9373,2.3297,0.59,25.58,29.15,23.49,88.71,0.99,1.64,0.39,97.2
20240118,3.14,5.0842,1.8842,3.0955,0.48,25.66,29.73,22.89,87.29,0.92,1.4,0.28,97.18
20240119,4.62,6.4207,5.9897,1.836,0.61,26.2,29.99,23.15,89.43,1.01,1.83,0.43,97.12
20240120,11.79,5.7386,4.0939,2.3959,0.55,26.35,29.88,24.35,90.91,1.01,1.71,0.43,97.19
20240121,11.83,5.9834,3.8734,2.7113,0.57,25.69,28.57,24.01,92.57,1.19,2.18,0.52,97.27
20240122,14.59,3.9012,0.5158,2.6362,0.37,25.36,28.34,23.54,92.13,1.16,2.98,0.52,97.46
20240123,0.94,3.1243,0.1318,2.3395,0.3,24.93,28.11,22.73,88.01,1.14,2.0,0.45,97.57
20240124,18.24,5.2538,1.3037,3.5784,0.5,24.56,28.84,21.32,84.82,1.16,1.85,0.42,97.57
20240125,8.38,4.9678,2.0609,2.8716,0.47,25.23,28.42,22.69,89.12,1.13,2.29,0.5,97.61
20240126,2.45,6.0823,3.2534,2.9006,0.58,24.66,27.8,22.04,87.97,1.02,1.6,0.41,97.72
20240127,1.09,6.5105,5.3054,2.5414,0.62,25.2,28.23,22.63,87.05,1.1,1.57,0.49,97.69
20240128,0.22,5.0686,3.0883,2.8819,0.48,25.54,29.65,21.45,80.16,1.26,1.89,0.52,97.61
20240129,0.7,6.4622,5.3057,2.1511,0.61,26.18,29.79,23.57,86.69,1.19,2.02,0.51,97.56
20240130,31.15,5.6376,3.5482,2.388,0.53,26.53,30.38,24.44,91.71,1.02,1.85,0.49,97.48
20240131,12.53,4.7314,2.0105,2.5922,0.45,26.21,28.34,24.99,92.04,0.96,1.73,0.46,97.5
20240201,13.57,5.7598,4.2871,2.1118,0.54,26.45,29.55,23.88,89.42,1.02,2.14,0.51,97.44
20240202,5.64,6.2347,5.2339,2.1166,0.59,26.76,30.44,24.22,87.52,0.92,2.01,0.36,97.37
20240203,5.88,5.6364,4.2802,2.0153,0.53,26.91,30.23,24.47,87.3,1.16,1.85,0.42,97.46
20240204,2.56,5.5106,2.7379,2.8236,0.52,26.36,28.69,24.98,91.56,0.93,1.47,0.38,97.61
20240205,0.72,5.6822,2.7936,2.8226,0.53,26.1,29.83,23.83,86.61,1.44,2.89,0.56,97.64
20240206,3.02,4.3042,1.3426,2.7036,0.41,25.37,29.11,22.48,87.71,1.62,2.8,0.67,97.61
20240207,3.22,3.5995,0.2381,2.6047,0.34,25.58,28.47,23.87,91.06,1.21,1.77,0.6,97.55
20240208,9.01,4.8574,2.2046,2.6273,0.46,24.51,26.83,23.0,89.63,1.11,1.61,0.47,97.55
20240209,3.75,5.8339,2.3635,3.235,0.55,25.86,30.15,22.77,88.27,1.12,2.25,0.47,97.57
20240210,22.53,4.7614,2.3146,2.3854,0.45,26.21,28.76,24.32,92.54,1.01,1.77,0.42,97.58
20240211,24.8,4.0493,0.3662,2.8574,0.38,25.66,27.38,24.17,95.48,1.32,2.01,0.65,97.63
20240212,4.65,5.7096,3.9785,2.3575,0.54,26.19,29.8,23.41,88.5,1.48,2.25,0.56,97.58
20240213,15.39,5.4074,2.9258,2.4991,0.51,25.26,26.68,24.33,93.36,1.23,2.07,0.51,97.69
20240214,10.29,6.1008,4.1635,2.3794,0.57,25.49,27.65,23.93,92.92,0.87,1.43,0.4,97.58
20240215,6.46,6.4234,5.4782,2.1967,0.6,26.36,28.88,24.31,89.07,1.08,1.92,0.49,97.42
20240216,2.81,4.2137,0.2918,2.9618,0.4,26.48,29.34,23.79,89.26,0.96,1.55,0.42,97.32
20240217,6.48,5.2015,3.0137,2.4485,0.49,26.76,29.15,24.95,88.61,1.16,2.14,0.5,97.41
20240218,15.26,4.4309,2.0078,2.4554,0.42,25.95,28.8,24.18,90.94,1.18,2.46,0.44,97.53
20240219,28.23,5.0052,1.9973,2.8958,0.47,24.91,27.73,22.98,90.39,0.9,1.58,0.38,97.64
20240220,6.83,5.6386,2.629,3.0864,0.53,25.63,29.58,22.77,88.89,1.13,1.36,0.45,97.58
20240221,1.43,4.8154,1.601,2.8814,0.45,24.8,28.7,21.61,82.38,1.18,1.81,0.32,97.62
20240222,2.57,4.0553,1.2998,2.4002,0.38,25.97,29.88,22.72,81.5,1.42,2.14,0.55,97.59
20240223,3.02,4.921,1.5917,2.6712,0.46,26.21,29.78,23.57,87.12,1.05,2.0,0.46,97.62
20240224,3.43,5.9954,3.5918,2.6002,0.56,26.35,29.58,23.78,88.47,1.23,1.99,0.53,97.44
20240225,25.96,6.2726,4.722,2.328,0.59,26.46,29.32,24.91,91.31,0.98,1.89,0.48,97.28
20240226,13.12,5.4048,2.3311,3.0086,0.51,25.69,27.7,24.53,89.16,0.85,1.23,0.36,97.4
20240227,9.18,5.3366,2.0297,3.0156,0.5,25.29,28.16,23.23,90.77,0.92,1.39,0.33,97.49
20240228,5.56,6.1502,4.1906,2.5207,0.58,25.91,29.85,22.64,81.24,1.25,1.64,0.44,97.48
20240229,16.08,4.6795,1.0462,2.8555,0.44,25.46,27.0,24.38,93.11,1.32,1.97,0.48,97.51
20240301,7.42,5.7607,3.179,2.7643,0.54,25.18,27.68,22.94,89.86,0.98,1.68,0.4,97.45
20240302,13.09,5.4442,3.3794,2.4595,0.51,25.49,28.49,23.64,90.77,1.45,2.25,0.64,97.47
20240303,8.52,5.7871,3.0017,2.7562,0.54,25.31,28.28,23.55,93.48,1.5,2.5,0.59,97.5
20240304,20.32,5.0004,1.6591,2.8534,0.47,25.48,27.63,23.98,94.27,1.16,1.83,0.48,97.44
20240305,12.09,5.7917,3.3763,2.6237,0.55,25.11,26.55,23.91,93.13,0.86,1.32,0.33,97.39
20240306,5.37,2.4902,0.283,1.7534,0.23,25.45,27.89,23.67,92.61,1.13,2.29,0.47,97.33
20240307,9.95,5.2915,3.0427,2.3928,0.5,26.01,28.94,24.13,91.7,1.46,2.45,0.61,97.26
20240308,9.86,5.1866,1.4532,3.4882,0.49,25.55,27.33,24.32,92.83,1.04,1.61,0.47,97.28
20240309,5.97,4.3692,0.576,3.0233,0.41,25.37,26.81,24.35,93.94,1.16,1.67,0.49,97.26
20240310,24.62,4.3555,1.045,3.0646,0.41,25.15,26.46,23.75,95.03,1.11,2.38,0.5,97.43
20240311,33.16,4.5271,1.8943,2.6405,0.43,25.73,29.2,24.11,91.13,1.3,2.17,0.51,97.38
20240312,5.19,4.6022,0.6098,3.3022,0.44,25.06,27.46,22.81,90.62,0.84,1.12,0.35,97.45
20240313,10.71,5.3374,2.0974,3.0254,0.51,26.6,30.39,23.71,84.7,1.01,1.58,0.35,97.21
20240314,13.34,3.8011,0.2333,2.7617,0.36,26.67,30.04,24.53,87.17,1.14,1.86,0.44,97.26
20240315,3.95,4.3738,0.9425,2.7038,0.42,26.61,30.29,23.75,84.97,1.31,2.0,0.55,97.34
20240316,1.67,6.1802,4.6438,2.3453,0.59,26.05,29.56,23.37,84.1,1.45,2.0,0.63,97.42
20240317,2.09,4.2509,0.5258,3.0144,0.4,25.73,29.49,23.08,85.51,1.52,2.27,0.67,97.37
20240318,1.31,5.4482,2.136,3.289,0.52,25.95,29.74,23.34,88.23,1.32,2.39,0.6,97.34
20240319,0.6,6.401,4.7426,2.3844,0.61,26.17,29.75,23.13,82.27,1.16,1.84,0.43,97.44
20240320,5.06,4.397,0.8052,3.059,0.42,26.22,29.81,24.15,88.52,1.1,2.06,0.48,97.47
20240321,4.08,5.6338,2.76,2.839,0.54,26.18,29.59,23.47,87.18,1.09,1.73,0.41,97.45
20240322,6.41,5.2291,2.0938,2.8452,0.5,24.55,26.89,22.61,91.57,0.9,1.43,0.37,97.55
20240323,23.76,5.7941,3.2818,2.7262,0.56,24.4,27.67,22.25,90.87,0.87,1.58,0.41,97.59
20240324,9.67,5.815,3.4678,2.629,0.56,24.52,27.18,22.32,91.05,0.66,1.28,0.32,97.68
20240325,22.73,5.5212,3.6763,2.4418,0.53,25.37,27.97,23.55,93.34,1.19,2.01,0.52,97.68
20240326,5.09,5.0213,2.2025,2.5783,0.49,24.98,28.05,21.88,89.15,1.19,1.5,0.39,97.73
20240327,10.06,6.1152,4.9574,2.0868,0.59,25.46,28.53,23.63,91.83,1.14,1.51,0.49,97.69
20240328,6.13,5.3623,3.126,2.6993,0.52,25.18,28.17,22.75,93.25,1.23,1.9,0.54,97.6
20240329,36.33,5.1348,2.4012,3.0948,0.5,24.99,27.92,22.34,89.49,1.2,1.51,0.36,97.6
20240330,44.33,4.1318,1.705,2.2867,0.4,25.04,26.48,23.91,95.48,1.48,2.08,0.56,97.76
20240331,7.35,5.7506,4.5622,2.0616,0.56,25.73,29.05,23.83,90.38,1.46,2.31,0.59,97.64
20240401,6.61,4.8182,2.388,2.6479,0.47,25.15,26.98,24.01,93.18,1.04,1.4,0.42,97.55
20240402,10.28,5.9585,4.3147,2.3782,0.58,25.54,28.51,23.29,90.28,1.26,1.92,0.54,97.44
20240403,10.85,3.9931,0.7037,2.8231,0.39,25.48,28.24,23.85,92.55,1.42,2.2,0.55,97.47
20240404,17.67,5.4146,3.6646,2.1948,0.53,25.24,27.83,23.52,93.15,1.49,2.32,0.62,97.43
20240405,13.69,5.3899,2.8054,2.5862,0.53,25.61,28.56,23.85,91.73,1.24,2.28,0.55,97.34
20240406,15.69,5.2231,2.749,2.718,0.52,25.79,28.36,24.36,92.01,0.92,1.76,0.44,97.36
20240407,8.37,4.3922,0.6005,3.0492,0.43,26.12,29.26,23.38,91.54,1.29,1.98,0.51,97.25
20240408,11.34,2.2174,0.4313,1.5113,0.22,26.21,28.47,24.73,92.66,1.12,1.44,0.42,97.33
20240409,9.48,3.9122,0.3026,2.9057,0.39,25.51,27.88,23.89,90.62,0.64,1.32,0.27,97.4
20240410,4.28,3.8575,0.4303,2.7694,0.38,25.66,28.73,23.43,90.17,1.37,2.66,0.59,97.42
20240411,7.12,4.8142,1.6361,2.7883,0.48,25.11,27.56,23.8,93.95,1.56,2.61,0.62,97.44
20240412,22.74,3.221,0.5623,2.0765,0.32,24.97,27.46,23.4,93.06,1.55,2.52,0.63,97.47
20240413,11.9,4.5905,1.5691,2.5865,0.46,24.69,27.41,22.56,89.85,1.18,1.98,0.52,97.55
20240414,10.13,5.3966,3.7555,2.4458,0.54,25.17,27.61,23.03,90.62,0.87,1.14,0.43,97.57
20240415,40.49,5.273,3.6374,2.2274,0.53,24.85,26.98,23.34,91.87,0.8,1.57,0.3,97.59
20240416,27.93,5.6501,3.7663,2.5565,0.57,25.21,28.46,23.04,88.79,0.96,1.29,0.36,97.47
20240417,31.72,4.5972,2.0496,2.3503,0.47,24.74,26.79,23.2,93.81,1.17,1.54,0.48,97.42
20240418,26.4,4.5523,2.0054,2.616,0.46,24.59,26.5,23.42,94.7,1.18,1.62,0.51,97.31
20240419,30.71,3.8868,1.5725,2.1792,0.4,25.41,27.72,23.06,92.31,1.36,2.1,0.58,97.28
20240420,9.9,5.0352,3.271,2.329,0.51,25.56,27.6,24.22,94.31,1.26,2.02,0.55,97.37
20240421,10.58,4.7777,3.1889,2.1761,0.49,26.68,29.32,24.68,90.83,1.01,1.63,0.44,97.27
20240422,28.13,1.9968,0.0626,1.4837,0.2,26.15,27.37,25.08,95.43,1.25,1.81,0.46,97.4
20240423,3.55,6.079,5.9796,1.8067,0.62,26.46,29.64,24.07,88.44,1.28,1.92,0.5,97.37
20240424,4.49,5.8637,5.2546,1.8559,0.6,26.17,28.3,24.7,93.34,1.45,2.18,0.59,97.39
20240425,6.94,5.5459,3.8294,2.46,0.57,25.86,27.24,24.81,95.32,1.45,2.17,0.61,97.42
20240426,28.79,5.2603,4.3973,2.4394,0.54,25.6,27.96,24.06,92.28,1.06,1.68,0.42,97.41
20240427,24.73,5.6477,4.044,2.2673,0.59,25.19,26.81,23.54,95.7,1.44,2.34,0.57,97.43
20240428,3.2,4.4134,0.708,3.067,0.46,25.53,27.66,24.25,92.35,1.21,1.51,0.49,97.47
20240429,8.2,1.7194,0.1522,1.2754,0.18,24.9,26.73,23.67,94.13,1.1,1.65,0.44,97.43
20240430,3.15,4.9956,2.2889,2.8226,0.52,25.06,27.46,23.26,91.75,0.84,1.77,0.35,97.31
20240501,1.37,3.1411,0.5316,2.0921,0.33,25.3,27.73,23.66,91.39,0.83,1.52,0.34,97.33
20240502,12.5,4.6906,1.7086,3.0516,0.49,25.31,28.01,23.32,92.46,0.86,1.82,0.33,97.35
20240503,6.33,5.3866,3.8779,2.2894,0.57,24.39,26.83,22.45,91.98,0.84,1.37,0.37,97.31
20240504,2.27,5.4262,4.457,2.0398,0.57,25.35,27.85,23.53,91.3,1.24,2.23,0.55,97.2
20240505,5.66,2.8027,0.2614,2.0609,0.3,24.7,25.43,23.7,96.46,1.12,1.74,0.49,97.3
20240506,3.26,4.7539,2.0863,2.5978,0.51,25.09,28.38,23.13,90.31,0.81,1.56,0.31,97.43
20240507,15.47,3.4442,0.3338,2.3647,0.37,24.78,26.61,23.44,95.16,1.1,2.08,0.44,97.38
20240508,11.56,2.7634,0.0425,2.1307,0.3,24.01,25.39,22.66,95.65,0.71,1.45,0.3,97.45
20240509,6.59,5.2402,3.4318,2.5236,0.56,24.47,27.37,21.93,90.75,0.98,1.53,0.4,97.47
20240510,8.35,4.1232,0.5083,2.8798,0.44,24.34,25.87,22.9,94.92,0.76,1.7,0.3,97.55
20240511,8.74,3.379,0.6502,2.1814,0.36,25.39,28.2,23.15,93.21,1.04,1.9,0.49,97.5
20240512,4.12,4.5106,3.468,1.7546,0.49,25.59,28.3,24.01,93.09,0.89,2.02,0.43,97.48
20240513,4.91,3.2911,0.2362,2.4089,0.36,25.42,27.06,24.3,94.38,0.91,1.53,0.43,97.43
20240514,1.58,3.9197,1.0646,2.412,0.43,25.14,27.28,23.31,92.02,1.02,1.51,0.44,97.49
20240515,17.15,4.7695,3.5666,2.0839,0.52,25.25,26.96,24.11,94.37,1.43,2.14,0.6,97.52
20240516,14.29,4.122,0.817,2.6645,0.45,24.41,25.5,23.0,93.31,1.07,1.94,0.41,97.56
20240517,2.95,4.1491,3.1349,1.8091,0.45,25.08,27.63,22.78,91.74,1.33,2.46,0.56,97.38
20240518,4.49,2.4418,0.1651,1.7993,0.27,25.25,26.07,24.7,97.67,1.43,2.17,0.65,97.33
20240519,4.66,4.4873,2.4566,2.3712,0.49,25.49,27.33,24.21,94.11,1.19,1.73,0.56,97.27
20240520,15.49,4.2158,3.2842,1.895,0.46,25.22,27.29,24.05,94.09,1.52,2.46,0.63,97.34
20240521,5.35,2.923,0.4433,2.1367,0.32,25.32,28.06,23.66,92.75,1.41,1.93,0.62,97.42
20240522,1.52,4.0512,2.5308,2.119,0.45,25.83,28.5,23.86,92.8,1.53,2.32,0.61,97.3
20240523,4.39,3.9595,1.3752,2.3436,0.44,25.63,26.62,24.62,95.82,0.95,1.4,0.37,97.35
20240524,8.82,3.2717,0.51,2.1067,0.36,26.45,29.18,25.01,91.4,1.4,2.55,0.56,97.35
20240525,8.61,4.6294,3.4411,2.0875,0.51,25.67,26.3,25.21,97.32,1.73,2.42,0.74,97.42
20240526,13.15,4.1304,2.0678,2.1996,0.46,25.59,27.11,24.47,96.8,1.14,1.43,0.47,97.42
20240527,2.97,4.374,2.7017,2.1422,0.49,24.95,26.99,23.19,93.68,1.35,2.19,0.52,97.49
20240528,5.1,5.5824,5.3268,1.7335,0.62,25.26,28.65,22.7,91.66,1.08,1.55,0.45,97.47
20240529,15.92,4.3418,3.1056,2.0162,0.49,25.68,27.98,24.12,94.46,1.49,2.34,0.59,97.47
20240530,6.43,4.0063,2.3482,2.101,0.45,25.32,27.11,24.32,95.84,0.93,1.61,0.41,97.59
20240531,6.72,2.2258,0.2354,1.6618,0.25,24.87,25.78,24.03,97.03,1.03,1.21,0.36,97.66
20240601,9.67,3.469,0.8782,2.2006,0.39,24.65,25.93,23.04,95.82,1.06,1.78,0.49,97.6
20240602,4.09,4.8362,4.3301,1.8338,0.55,25.6,28.24,24.32,92.83,1.24,1.75,0.52,97.51
20240603,40.27,3.1555,1.1952,1.8504,0.36,24.85,26.43,23.94,95.32,1.11,1.69,0.44,97.43
20240604,17.72,3.6888,1.2739,2.2982,0.42,24.69,26.25,23.75,95.04,1.27,2.58,0.52,97.66
20240605,5.25,3.7517,1.1712,2.3825,0.42,24.58,27.05,23.02,93.02,1.36,2.08,0.57,97.78
20240606,3.06,4.5365,3.223,1.9754,0.51,24.1,26.6,22.3,94.01,1.06,2.09,0.47,97.73
20240607,21.87,4.8252,4.559,1.7616,0.55,24.53,27.21,22.81,92.96,1.62,2.71,0.67,97.55
20240608,16.82,3.3607,1.0442,2.1094,0.38,24.55,27.16,23.22,92.43,1.57,2.42,0.62,97.59
20240609,3.64,2.868,1.2156,1.812,0.33,24.62,26.41,23.12,94.42,1.45,2.53,0.59,97.63
20240610,41.5,2.8008,0.6264,1.7866,0.32,24.61,25.83,23.65,97.1,1.06,1.69,0.46,97.66
20240611,59.98,3.4198,0.5966,2.2913,0.39,24.3,26.3,22.83,95.26,0.51,0.92,0.18,97.71
20240612,19.82,1.7028,0.1987,1.1866,0.19,24.31,25.63,23.42,96.83,1.3,2.65,0.46,97.68
20240613,26.31,3.2515,1.277,2.0237,0.37,23.79,24.52,23.33,97.8,1.27,2.06,0.47,97.63
20240614,8.48,3.8942,1.242,2.3014,0.44,24.43,26.6,23.05,95.2,1.34,2.48,0.57,97.46
20240615,13.25,4.1609,3.2335,1.9538,0.48,24.11,26.42,22.73,95.78,1.38,1.74,0.54,97.53
20240616,11.72,3.5462,1.8238,1.9534,0.41,23.18,24.72,22.22,94.94,1.25,2.14,0.52,97.67
20240617,7.22,4.1568,2.7283,2.0196,0.48,23.26,25.42,22.32,93.8,1.22,1.93,0.5,97.63
20240618,1.48,3.4382,2.2846,1.7227,0.39,23.87,26.23,22.41,90.21,0.99,1.87,0.43,97.56
20240619,3.2,3.6696,2.5774,1.8554,0.42,23.27,25.49,22.16,91.75,1.41,2.26,0.58,97.51
20240620,5.26,3.8959,3.2582,1.6942,0.45,22.96,24.7,22.06,95.13,1.21,1.91,0.51,97.44
20240621,11.01,3.7747,2.7437,1.7659,0.43,23.42,25.4,22.06,94.87,1.52,2.72,0.67,97.55
20240622,14.4,3.421,1.9627,1.8509,0.39,23.32,24.57,22.6,96.56,1.19,1.9,0.46,97.63
20240623,4.79,4.1592,3.6007,1.71,0.48,24.26,26.3,22.67,93.59,1.1,1.87,0.49,97.47
20240624,28.22,2.4442,0.391,1.615,0.28,24.09,25.47,22.99,96.91,1.2,1.97,0.46,97.37
20240625,35.06,3.641,0.9096,2.3556,0.42,23.96,25.55,22.93,96.92,1.23,1.97,0.5,97.47
20240626,3.42,4.6056,3.624,1.8691,0.53,24.63,27.53,22.49,92.96,1.37,2.04,0.52,97.51
20240627,12.28,3.6991,0.4181,2.7182,0.42,25.03,26.97,23.56,94.79,1.17,1.6,0.41,97.5
20240628,28.33,3.325,0.3475,2.279,0.38,24.27,25.76,22.9,95.15,1.2,1.73,0.46,97.62
20240629,13.54,5.106,4.0526,2.1278,0.58,24.04,25.77,22.76,95.89,1.08,1.47,0.47,97.52
20240630,51.43,3.301,0.7745,2.0234,0.38,24.1,25.52,23.05,97.38,1.09,1.44,0.38,97.43
20240701,12.43,2.7022,0.3912,1.8187,0.31,23.96,25.7,22.93,95.56,1.01,1.39,0.32,97.47
20240702,7.48,3.8801,1.0685,2.58,0.44,23.89,25.73,22.92,96.5,1.4,2.45,0.56,97.6
20240703,9.22,4.4071,2.6635,2.2274,0.5,23.86,25.01,22.96,96.33,1.36,2.34,0.55,97.61
20240704,11.52,3.0866,0.7488,1.8478,0.35,23.81,24.72,23.19,97.78,1.5,2.3,0.6,97.52
20240705,39.11,3.8194,0.6062,2.6966,0.43,23.89,25.37,23.02,96.72,1.42,2.24,0.57,97.43
20240706,57.28,3.8282,1.0913,2.2318,0.44,23.75,24.99,22.56,96.63,1.16,1.87,0.48,97.46
20240707,25.5,3.251,0.1951,2.3875,0.37,23.5,25.37,22.0,97.07,0.96,1.58,0.41,97.5
20240708,12.11,3.5431,1.8569,1.9822,0.4,24.33,27.06,22.72,93.51,1.28,2.18,0.49,97.43
20240709,7.76,2.8049,1.7743,1.517,0.32,23.99,26.75,22.6,94.45,1.55,2.82,0.65,97.49
20240710,11.52,2.7571,2.2166,1.5732,0.31,23.37,25.08,22.37,95.69,1.23,2.24,0.52,97.6
20240711,12.21,2.4338,0.5198,1.6954,0.28,23.16,25.43,21.93,94.37,1.21,2.3,0.52,97.5
20240712,19.13,3.4298,0.3763,2.515,0.39,22.42,23.65,21.55,96.49,1.13,1.46,0.47,97.36
20240713,31.44,2.3009,0.4099,1.7153,0.26,22.62,24.29,21.74,95.46,1.4,2.35,0.59,97.39
20240714,20.57,2.795,0.3084,1.9692,0.31,22.2,24.01,21.03,93.2,1.22,2.3,0.54,97.58
20240715,12.86,4.7263,2.3374,2.5848,0.53,23.1,26.45,20.76,92.16,1.04,2.29,0.41,97.48
20240716,42.8,1.5353,0.1786,1.0639,0.17,22.9,24.34,21.91,96.23,1.55,2.8,0.63,97.64
20240717,3.4,1.9591,0.9247,1.1813,0.22,22.34,24.51,20.68,93.09,1.61,2.91,0.68,97.7
20240718,5.0,2.4046,1.4767,1.5492,0.27,21.01,22.47,19.99,94.08,1.43,2.18,0.64,97.81
20240719,0.91,4.1762,2.9611,1.9608,0.47,22.31,24.89,20.27,92.48,1.28,2.4,0.59,97.7
20240720,5.1,2.7958,1.4146,1.6824,0.31,22.59,23.98,21.77,95.15,1.13,1.79,0.47,97.71
20240721,9.68,2.5018,0.2861,1.7347,0.28,22.33,23.54,21.42,95.71,1.34,2.04,0.55,97.78
20240722,10.44,3.581,1.6181,1.9714,0.4,23.11,25.96,21.25,93.82,1.42,2.62,0.59,97.71
20240723,22.27,2.8879,0.2441,2.1554,0.32,22.69,23.7,22.04,96.11,1.18,1.94,0.47,97.65
20240724,27.1,2.4499,0.2419,1.7314,0.27,23.2,24.81,21.92,96.38,1.12,1.74,0.43,97.52
20240725,53.31,2.1317,0.325,1.4551,0.24,23.34,24.93,22.22,97.14,1.53,2.91,0.6,97.54
20240726,5.78,3.3989,0.6804,2.3688,0.37,24.02,27.57,21.7,90.36,0.84,1.18,0.33,97.65
20240727,4.94,5.0316,2.8166,2.5591,0.55,24.79,27.9,22.23,88.77,0.88,1.45,0.37,97.62
20240728,7.28,3.1668,0.942,1.8264,0.35,24.59,28.02,22.77,92.32,1.23,2.23,0.51,97.6
20240729,6.2,4.4731,2.6069,2.2051,0.49,23.81,26.2,22.31,93.19,1.42,2.14,0.6,97.57
20240730,2.35,3.9869,2.7732,1.8276,0.44,23.58,26.2,22.29,93.99,1.39,2.41,0.57,97.66
20240731,3.83,3.4831,1.5425,1.8948,0.38,23.84,25.4,22.38,92.9,1.21,2.57,0.49,97.76
20240801,24.39,3.3934,1.1556,1.9721,0.37,23.58,25.07,22.53,95.27,1.06,1.69,0.48,97.76
20240802,20.02,4.5293,2.189,2.407,0.49,23.41,24.91,22.19,95.05,0.91,1.74,0.37,97.66
20240803,10.57,4.1263,2.9501,1.8559,0.45,23.81,26.13,22.47,93.92,1.06,1.78,0.43,97.61
20240804,32.39,2.7269,0.1481,1.9116,0.29,23.32,25.12,22.25,95.24,1.25,1.93,0.52,97.69
20240805,39.5,3.6446,1.4042,2.0066,0.39,23.26,25.11,22.05,96.75,1.36,2.45,0.54,97.66
20240806,62.39,4.0025,2.2999,1.8264,0.43,23.83,26.28,22.42,95.09,1.25,2.05,0.46,97.63
20240807,54.14,2.1408,0.4152,1.4928,0.23,24.06,26.5,22.82,94.31,1.46,2.74,0.59,97.61
20240808,34.62,2.3712,0.3319,1.6639,0.25,23.45,24.75,22.46,95.87,1.5,2.28,0.6,97.68
20240809,12.37,3.643,1.3656,2.0573,0.39,23.49,25.78,22.16,94.8,1.43,2.13,0.56,97.6
20240810,44.52,3.361,1.7162,1.8415,0.36,23.27,24.98,22.01,96.18,1.29,2.14,0.52,97.51
20240811,22.45,3.3077,1.1381,2.0434,0.35,23.35,25.43,22.25,95.41,1.22,1.85,0.51,97.53
20240812,11.13,4.2674,2.6861,2.0599,0.45,23.93,26.85,21.98,93.39,1.59,2.55,0.65,97.45
20240813,22.11,2.1274,0.4615,1.3524,0.22,23.68,25.48,22.62,94.76,1.2,2.01,0.47,97.53
20240814,39.2,3.4824,1.0543,2.0815,0.37,23.31,24.69,22.28,96.4,1.43,2.59,0.6,97.6
20240815,11.87,4.1383,2.2774,2.0822,0.43,23.51,25.39,22.25,95.48,0.95,1.51,0.38,97.58
20240816,12.2,4.6711,3.7618,1.9442,0.49,23.92,26.04,22.49,95.24,1.34,1.84,0.58,97.46
20240817,47.93,1.5312,0.2162,1.0877,0.16,24.29,26.82,22.87,94.74,1.62,2.44,0.61,97.56
20240818,14.01,4.6637,2.8982,2.1833,0.49,23.77,25.08,22.73,96.78,1.39,2.43,0.53,97.6
20240819,12.09,4.8247,2.9419,2.2608,0.5,23.64,25.4,22.61,95.26,1.29,1.83,0.47,97.65
20240820,12.48,4.9606,2.819,2.4516,0.52,24.44,26.88,22.57,94.43,1.1,1.61,0.44,97.66
20240821,9.62,3.3732,0.7963,2.1418,0.35,24.22,25.74,23.06,97.34,1.59,2.86,0.62,97.56
20240822,35.4,3.3043,0.8587,2.131,0.34,23.84,25.05,22.88,96.3,1.15,1.58,0.44,97.54
20240823,37.05,3.9629,1.7988,2.0563,0.41,24.19,26.15,22.84,96.87,1.53,2.29,0.6,97.52
20240824,14.47,4.4748,1.7626,2.7432,0.46,24.51,26.64,23.45,94.56,1.51,2.04,0.52,97.53
20240825,12.37,4.6217,2.6806,2.2543,0.47,24.45,27.11,23.02,94.64,1.55,1.97,0.6,97.51
20240826,27.25,3.4332,0.239,2.4826,0.35,23.52,25.56,21.63,94.81,1.2,1.83,0.5,97.58
20240827,25.31,4.3042,2.4871,2.0818,0.44,24.45,27.6,22.43,91.05,1.19,2.08,0.44,97.54
20240828,31.28,4.0687,2.9278,1.7621,0.41,23.74,26.43,22.56,94.06,1.37,2.4,0.56,97.55
20240829,45.97,5.1055,2.5714,2.604,0.52,23.59,26.09,22.3,94.68,1.36,2.17,0.53,97.52
20240830,7.32,3.4531,1.1417,1.9644,0.35,23.85,25.99,22.25,94.31,1.27,2.46,0.51,97.51
20240831,10.77,3.6914,0.2234,2.6088,0.37,23.94,26.27,22.6,94.77,1.37,2.1,0.54,97.56
20240901,16.21,5.0086,3.5398,1.9872,0.51,24.05,26.34,22.68,95.03,1.59,2.75,0.58,97.52
20240902,41.42,3.1428,0.2222,2.2903,0.32,24.03,25.54,22.88,96.39,1.8,2.74,0.66,97.57
20240903,18.51,3.8033,0.5558,2.538,0.38,24.58,28.1,23.18,93.7,1.18,1.9,0.44,97.63
20240904,17.97,4.211,1.338,2.5193,0.42,23.61,25.35,22.62,95.3,1.44,2.46,0.6,97.55
20240905,10.38,3.5009,0.5858,2.4835,0.35,24.0,26.02,22.51,93.34,1.12,1.95,0.48,97.49
20240906,21.67,4.5178,2.4746,2.2339,0.45,24.13,26.22,22.71,95.13,1.27,2.32,0.5,97.7
20240907,30.74,4.5158,2.111,2.256,0.45,24.08,26.02,22.89,95.89,1.47,2.54,0.58,97.74
20240908,14.45,3.6922,0.9994,2.1074,0.37,23.81,25.69,22.43,93.78,1.4,2.41,0.55,97.63
20240909,3.23,4.7201,2.9921,2.2274,0.47,23.84,27.12,21.3,91.2,1.13,2.12,0.49,97.38
20240910,6.22,4.6769,3.2957,2.0232,0.46,23.61,26.47,22.02,92.47,1.58,2.73,0.65,97.39
20240911,4.07,3.8882,2.2459,1.8674,0.38,24.16,27.6,22.39,89.99,1.38,2.65,0.59,97.54
20240912,5.81,4.1678,2.4732,2.0813,0.41,23.74,26.17,22.16,93.37,1.48,2.56,0.62,97.42
20240913,18.7,4.1311,1.0531,2.711,0.41,24.02,26.37,22.51,94.12,1.45,2.44,0.57,97.33
20240914,17.82,4.9745,2.8255,2.2171,0.49,24.53,27.65,22.86,92.63,1.59,2.52,0.63,97.24
20240915,2.81,4.6334,2.3993,2.2022,0.46,25.1,28.61,22.99,91.63,1.3,2.08,0.53,97.25
20240916,1.72,5.1569,1.9138,2.9405,0.51,25.44,29.7,22.79,87.68,0.87,1.32,0.34,97.3
20240917,0.55,5.2212,3.461,2.5642,0.51,25.67,29.41,22.26,87.07,1.13,1.84,0.44,97.27
20240918,30.92,5.1137,3.317,2.2824,0.5,25.49,27.88,23.82,93.22,1.2,2.19,0.44,97.32
20240919,13.74,3.7613,1.1698,2.3179,0.37,25.05,27.58,23.57,93.22,1.29,2.39,0.47,97.49
20240920,31.06,5.7902,3.4118,2.5747,0.56,24.24,27.71,21.64,89.01,1.3,2.22,0.5,97.53
20240921,13.69,5.2898,3.3305,2.3522,0.51,24.16,26.83,21.73,91.03,1.11,1.43,0.41,97.55
20240922,4.87,5.5745,3.6965,2.4931,0.54,24.51,26.11,23.52,94.54,1.05,1.46,0.5,97.56
20240923,28.73,4.7626,2.3191,2.3918,0.46,24.69,26.9,23.34,92.82,0.74,1.06,0.37,97.58
20240924,51.99,2.898,0.2592,2.0266,0.28,24.59,26.53,23.26,93.62,1.28,2.3,0.56,97.57
20240925,11.13,5.1638,2.5493,2.5198,0.5,24.15,26.43,22.53,92.6,0.81,1.24,0.34,97.55
20240926,9.89,5.443,3.7668,2.2351,0.53,25.07,28.22,22.8,90.09,1.03,1.99,0.36,97.6
20240927,28.31,4.3997,0.563,2.971,0.42,23.91,25.42,22.22,94.17,1.34,2.19,0.5,97.68
20240928,2.76,5.8186,4.6954,2.0954,0.56,24.48,27.28,22.06,90.11,1.04,1.77,0.43,97.64
20240929,3.45,4.9358,2.5082,2.3926,0.48,25.26,28.56,23.04,91.59,1.16,1.85,0.49,97.54
20240930,8.79,4.445,1.9817,2.4614,0.43,24.98,26.08,23.97,96.68,1.49,2.08,0.58,97.47
20241001,6.44,5.7482,4.2125,2.0674,0.55,24.55,27.27,21.8,90.63,1.08,1.39,0.39,97.41
20241002,22.43,4.0961,1.5302,2.3945,0.39,24.51,26.13,23.35,94.85,1.15,1.52,0.56,97.53
20241003,21.47,5.1283,2.4742,2.551,0.49,24.5,27.23,22.39,92.89,1.32,2.51,0.56,97.58
20241004,14.62,4.6615,2.1859,2.3482,0.45,24.42,26.27,23.23,94.83,1.74,2.75,0.72,97.47
20241005,19.29,3.2705,0.3206,2.323,0.31,24.9,28.23,22.96,91.04,1.37,2.27,0.6,97.44
20241006,13.74,5.1358,3.1567,2.3069,0.49,24.56,26.92,22.76,92.7,1.33,2.73,0.55,97.54
20241007,20.22,4.2574,1.8787,2.2193,0.41,24.86,26.43,23.68,94.73,1.16,1.61,0.46,97.62
20241008,14.41,4.799,1.8458,2.7175,0.46,24.52,26.38,23.26,92.65,1.18,1.67,0.53,97.64
20241009,1.99,5.4142,3.9619,2.1578,0.52,25.66,28.87,23.26,86.49,1.39,2.48,0.53,97.47
20241010,5.75,5.4322,3.5242,2.3798,0.52,25.33,27.39,23.88,93.71,1.1,1.27,0.46,97.48
20241011,8.82,3.6806,0.4068,2.6275,0.35,25.48,27.98,23.59,92.29,1.2,2.0,0.45,97.47
20241012,2.51,5.6242,3.0701,2.7689,0.54,25.42,27.63,24.06,91.95,1.3,1.65,0.5,97.47
20241013,5.42,3.199,0.4944,2.015,0.3,25.1,28.26,22.63,90.4,1.08,1.9,0.44,97.42
20241014,2.22,6.1188,4.3997,2.4266,0.58,25.71,29.2,23.05,88.81,1.46,2.52,0.62,97.42
20241015,5.2,5.3842,4.5482,1.9025,0.51,25.24,28.33,23.49,91.53,1.24,2.08,0.51,97.48
20241016,17.16,4.4227,2.1552,2.2421,0.42,24.73,25.92,23.75,96.25,1.47,2.79,0.54,97.55
20241017,17.97,4.8804,2.9347,2.2814,0.46,24.18,25.43,22.77,96.51,1.52,2.71,0.6,97.53
20241018,6.33,5.2046,2.7545,2.7866,0.49,23.62,26.03,21.99,91.54,1.04,1.98,0.47,97.57
20241019,0.12,5.8992,4.4556,2.2274,0.56,24.3,27.03,22.12,88.08,1.08,1.59,0.41,97.47
20241020,1.83,5.3386,4.1803,2.0659,0.51,25.57,28.71,23.83,91.19,1.6,2.59,0.63,97.43
20241021,0.88,5.0539,2.7953,2.3832,0.48,25.41,28.75,23.48,89.19,1.56,2.25,0.66,97.38
20241022,3.67,3.6576,0.2885,2.6858,0.35,24.75,27.22,23.25,92.13,1.59,2.57,0.63,97.34
20241023,12.67,2.6066,0.6156,1.855,0.25,24.34,25.68,23.34,94.82,1.61,2.53,0.58,97.43
20241024,12.6,3.6593,0.5114,2.6083,0.35,24.05,26.13,22.94,91.14,1.3,2.1,0.51,97.49
20241025,0.98,5.5562,2.3182,2.9765,0.53,25.17,28.51,22.48,88.36,1.18,2.16,0.5,97.35
20241026,2.54,5.1706,3.2702,2.3957,0.49,25.1,28.01,22.83,91.67,1.63,2.53,0.66,97.35
20241027,15.47,4.835,2.9854,2.2726,0.46,25.36,27.31,23.6,91.06,0.89,1.83,0.33,97.35
20241028,6.11,4.2401,0.8275,2.616,0.4,25.18,28.05,23.23,89.68,1.31,2.41,0.51,97.49
20241029,4.62,6.2054,5.0741,2.003,0.59,25.74,29.69,23.4,89.14,1.08,2.53,0.43,97.51
20241030,2.16,6.553,5.9174,2.0477,0.62,25.97,29.23,23.31,87.23,1.26,2.24,0.45,97.51
20241031,2.34,4.4215,0.9559,2.826,0.42,24.19,26.75,22.08,86.41,0.72,1.75,0.23,97.7
20241101,0.17,6.7445,6.5158,1.6601,0.64,24.9,29.67,21.04,80.11,1.55,2.23,0.53,97.57
20241102,0.22,5.7912,3.0466,2.9304,0.55,24.34,27.51,22.33,88.92,1.0,1.94,0.4,97.63
20241103,2.84,3.9065,0.6905,2.6707,0.37,24.76,28.24,22.22,86.28,1.44,2.32,0.6,97.48
20241104,6.12,4.3267,2.0244,2.231,0.41,24.26,26.04,22.99,93.85,1.3,1.79,0.52,97.4
20241105,10.45,4.7369,1.733,2.826,0.45,24.74,26.98,22.62,95.12,1.05,2.15,0.41,97.37
20241106,2.38,5.6813,4.2108,2.3866,0.54,25.12,27.27,23.75,91.7,1.23,2.07,0.52,97.51
20241107,10.84,4.727,1.7186,2.905,0.45,25.13,27.45,23.91,92.4,0.82,1.06,0.36,97.53
20241108,3.76,5.8339,3.5054,2.7067,0.56,25.19,27.49,23.5,93.4,1.58,2.45,0.6,97.54
20241109,4.57,4.3032,1.1434,2.5488,0.41,25.52,27.0,23.85,90.27,0.84,1.34,0.4,97.49
20241110,25.41,5.3102,2.2519,2.9748,0.51,25.51,27.77,23.88,90.04,1.09,2.14,0.49,97.53
20241111,23.82,5.3064,3.5237,2.2668,0.51,24.18,25.96,23.08,94.79,1.42,2.2,0.59,97.49
20241112,33.26,5.58,3.1018,2.4972,0.53,24.39,25.73,22.96,94.18,0.97,1.68,0.42,97.45
20241113,11.37,5.1043,1.2514,3.3413,0.49,24.76,26.82,23.16,91.09,1.09,1.95,0.43,97.5
20241114,14.44,6.4464,5.495,2.2181,0.62,25.5,29.48,22.67,88.09,1.19,1.9,0.45,97.47
20241115,14.7,5.1072,2.5716,2.4754,0.49,25.44,28.25,23.65,89.93,1.18,2.32,0.48,97.43
20241116,3.16,6.1498,5.4017,1.8912,0.59,25.1,28.04,23.15,88.93,1.03,2.19,0.44,97.35
20241117,9.4,5.6846,5.4319,1.8823,0.54,25.99,29.09,23.72,88.4,1.44,2.85,0.62,97.33
20241118,3.18,5.675,3.9278,2.5553,0.54,25.66,27.16,24.28,95.2,1.54,2.23,0.65,97.36
20241119,2.49,4.3651,1.0598,2.6652,0.42,25.67,27.41,24.53,93.57,1.33,1.71,0.59,97.32
20241120,14.55,5.9899,4.6517,2.2661,0.57,26.07,28.09,24.7,90.57,1.05,1.65,0.52,97.2
20241121,19.88,3.5818,0.1699,2.6604,0.34,26.17,28.48,24.28,89.67,0.78,1.3,0.41,97.24
20241122,7.77,5.5752,3.8846,2.3777,0.53,25.49,27.05,24.4,93.89,1.26,2.0,0.55,97.29
20241123,13.54,5.6971,3.8611,2.466,0.55,26.2,29.12,24.27,88.77,1.17,1.84,0.5,97.26
20241124,35.02,4.3154,0.6629,3.0593,0.41,25.82,28.37,24.31,92.11,1.13,1.56,0.5,97.3
20241125,1.16,5.7614,4.1071,2.5378,0.55,26.38,29.83,24.11,88.44,1.21,2.01,0.52,97.18
20241126,1.28,5.556,2.695,3.0845,0.53,26.16,28.82,23.88,91.51,1.34,2.18,0.6,97.17
20241127,6.69,5.6086,4.117,2.4374,0.54,26.37,29.6,24.22,91.2,1.59,2.48,0.68,97.14
20241128,18.27,5.0626,2.7362,2.5018,0.49,25.46,26.88,24.26,92.92,1.22,2.0,0.49,97.24
20241129,7.87,5.6052,4.1928,2.3266,0.54,25.53,27.44,23.6,93.83,1.51,2.33,0.59,97.21
20241130,26.28,4.3435,1.4129,2.3942,0.42,25.2,27.35,23.91,93.37,1.12,1.95,0.4,97.25
20241201,23.15,5.6981,3.7831,2.4274,0.55,26.0,28.71,23.46,90.04,1.54,2.5,0.62,97.17
20241202,31.59,4.0507,0.3986,2.8898,0.39,25.53,27.5,24.09,91.48,0.87,1.28,0.42,97.27
20241203,1.33,5.8236,3.6437,2.6177,0.56,26.07,29.07,23.56,88.33,1.56,2.3,0.67,97.19
20241204,7.61,4.8341,1.6476,2.8253,0.47,25.04,26.42,23.63,93.08,1.36,2.21,0.53,97.28
20241205,6.37,5.9309,4.4112,2.5236,0.57,26.08,30.1,23.31,88.63,1.34,2.59,0.55,97.13
20241206,11.41,2.629,0.1687,1.8773,0.25,24.77,26.07,23.4,94.57,0.98,1.74,0.42,97.27
20241207,6.24,5.3424,1.6567,3.5964,0.51,24.9,27.25,22.87,92.48,1.23,1.84,0.42,97.22
20241208,26.82,2.8565,0.1138,2.1367,0.28,25.08,26.59,23.91,96.55,1.6,2.75,0.64,97.25
20241209,20.93,5.8361,4.3574,2.3554,0.56,25.59,27.47,23.81,93.54,1.41,1.97,0.64,97.14
20241210,14.42,4.3128,1.1544,2.7542,0.42,25.43,27.74,24.03,93.27,1.56,2.4,0.63,97.26
20241211,45.78,5.0606,2.916,2.4643,0.49,25.26,27.75,23.6,90.51,1.3,2.31,0.53,97.2
20241212,20.44,5.4286,2.7403,2.7864,0.52,25.68,28.95,23.3,90.87,1.46,2.26,0.63,97.14
20241213,14.84,4.3476,0.9103,2.7955,0.42,25.81,28.45,24.17,91.4,1.0,1.5,0.45,97.23
20241214,6.72,6.0127,4.1254,2.556,0.58,25.93,29.45,23.31,89.03,1.4,2.56,0.63,97.21
20241215,6.49,4.801,1.5226,2.9753,0.46,25.44,27.74,23.77,92.57,1.36,2.33,0.65,97.31
20241216,15.46,4.9022,2.1348,3.0686,0.47,24.59,26.82,22.86,94.01,1.68,3.18,0.76,97.22
20241217,8.33,5.3328,2.0741,3.1488,0.51,24.81,28.3,21.69,90.68,1.74,2.53,0.72,97.15
20241218,3.58,5.3916,2.0515,3.4975,0.52,25.48,28.57,22.65,89.26,1.56,2.74,0.66,96.97
20241219,4.16,5.897,4.2758,2.5229,0.57,26.91,30.82,23.35,85.11,1.27,2.49,0.5,96.87
20241220,16.29,5.5169,3.9142,2.3472,0.53,27.1,29.27,24.58,87.19,1.02,1.61,0.45,96.95
20241221,51.66,4.6238,1.1338,2.9438,0.45,26.84,28.78,25.86,90.07,0.99,1.69,0.49,97.06
20241222,41.6,4.3718,1.1926,2.7826,0.42,26.69,28.22,25.65,90.25,0.83,1.46,0.42,97.2
20241223,29.43,4.7674,3.1951,2.4038,0.46,26.2,28.14,24.92,92.27,1.53,2.3,0.63,97.22
20241224,6.52,5.6174,2.3602,3.2959,0.54,25.32,27.89,23.56,89.26,1.06,2.11,0.41,97.47
20241225,1.54,5.5697,3.4315,2.8898,0.54,25.57,28.76,23.42,82.97,1.06,1.47,0.38,97.51
20241226,30.52,5.5445,3.3106,2.6326,0.53,25.42,28.85,23.01,89.13,1.45,2.27,0.54,97.5
20241227,31.3,4.5706,1.9121,2.4055,0.44,24.82,26.58,23.5,95.71,1.38,2.03,0.53,97.44
20241228,15.03,2.9614,0.0554,2.2313,0.29,24.32,25.53,23.27,96.6,1.35,2.23,0.57,97.5
20241229,9.2,4.5139,0.8371,3.0907,0.43,24.63,27.66,22.4,90.8,0.99,1.66,0.38,97.54
20241230,13.02,3.6907,0.2455,2.7055,0.36,24.46,25.72,23.28,95.41,1.23,2.12,0.55,97.61
20241231,10.27,5.5886,3.4296,2.6784,0.54,24.95,27.82,22.95,90.67,1.36,2.19,0.5,97.39
20250101,44.98,4.5425,2.1982,2.418,0.44,24.97,26.3,23.61,95.78,1.31,2.0,0.56,97.34
20250102,19.93,4.0294,0.7596,2.5169,0.39,25.91,28.74,23.95,90.15,1.44,2.54,0.6,97.33
20250103,14.6,5.0462,2.4694,2.8704,0.48,25.15,27.44,23.82,91.85,1.42,2.39,0.55,97.36
20250104,18.61,5.9479,4.2187,2.6105,0.57,24.99,27.47,23.5,91.38,0.86,1.36,0.43,97.35
20250105,15.23,4.9594,2.058,2.9086,0.48,25.02,27.2,23.61,91.51,1.09,2.03,0.44,97.43
20250106,21.18,3.3751,0.3533,2.4478,0.32,24.47,25.92,23.39,92.67,1.04,1.67,0.44,97.5
20250107,29.08,5.8836,3.947,2.5085,0.56,24.84,27.09,23.45,92.16,1.18,1.87,0.49,97.4
20250108,20.38,5.7847,4.3577,2.2841,0.55,24.59,27.54,22.49,91.21,0.83,1.38,0.34,97.39
20250109,16.64,3.1241,0.3384,2.2567,0.3,24.71,27.33,22.73,89.88,1.06,1.78,0.41,97.46
20250110,22.14,5.1737,2.7588,2.6052,0.49,24.98,27.64,23.0,88.55,1.35,2.35,0.52,97.56
20250111,41.98,5.0916,2.0609,2.8154,0.49,24.4,26.31,22.67,91.7,1.04,1.73,0.4,97.58
20250112,14.93,6.4459,5.9558,1.9207,0.62,25.7,28.32,24.0,88.85,1.17,2.26,0.52,97.4
20250113,12.84,6.0151,3.6756,2.7859,0.57,25.27,27.81,23.57,92.45,1.21,1.96,0.48,97.39
20250114,15.42,3.6583,1.4695,2.239,0.35,25.03,26.45,23.65,95.24,1.36,1.95,0.52,97.37
20250115,15.37,5.5961,3.1966,2.9064,0.53,23.94,25.72,22.62,93.52,0.97,1.57,0.38,97.41
20250116,18.67,5.4854,2.2457,3.2938,0.52,24.67,27.03,22.42,93.3,1.14,2.05,0.52,97.29
20250117,14.47,3.9038,0.1284,2.9122,0.37,24.61,26.11,23.4,94.2,1.14,1.67,0.48,97.34
20250118,5.28,4.9056,2.8476,2.3489,0.47,24.26,26.05,23.11,93.04,1.13,1.55,0.48,97.33
20250119,10.29,4.5605,1.3548,2.8486,0.43,24.31,27.92,21.23,88.94,1.14,1.89,0.4,97.27
20250120,4.62,5.0515,2.8294,2.5512,0.48,24.91,28.31,22.24,89.63,1.26,2.14,0.49,97.15
20250121,20.57,4.9032,2.6191,2.5248,0.47,24.99,26.51,23.68,95.58,1.54,2.37,0.53,97.29
20250122,15.4,5.7017,3.5798,2.4821,0.54,25.17,27.72,23.34,91.85,1.53,2.7,0.58,97.36
20250123,41.12,1.9615,0.0866,1.4957,0.19,24.48,25.69,23.56,95.79,1.55,2.57,0.68,97.32
20250124,3.11,4.891,1.3714,3.1279,0.46,24.33,26.08,22.83,91.7,1.23,1.68,0.46,97.26
20250125,9.27,4.2367,0.7332,2.8234,0.4,24.61,26.66,23.36,93.97,1.09,1.64,0.48,97.24
20250126,37.62,5.2526,2.4005,2.6393,0.5,24.51,25.69,23.02,95.27,1.34,2.16,0.52,97.22
20250127,10.46,6.1668,4.5012,2.3854,0.58,24.87,28.12,21.93,85.89,1.16,1.51,0.42,97.13
20250128,18.87,4.4818,0.6199,2.8752,0.42,25.37,28.02,23.3,92.93,1.55,2.46,0.68,97.35
20250129,15.0,5.0722,1.3822,3.1898,0.48,25.7,27.9,24.1,90.96,1.19,1.91,0.48,97.24
20250130,31.16,5.5061,2.4446,3.0041,0.52,25.23,26.97,23.85,91.68,1.1,1.91,0.51,97.16
20250131,8.57,5.0146,0.6806,3.462,0.47,25.11,27.58,22.61,92.18,1.19,2.09,0.47,97.05
20250201,10.72,4.0649,0.3689,2.9923,0.38,25.15,26.97,23.47,95.68,1.53,2.39,0.68,97.11
20250202,9.33,5.1953,2.2044,2.9177,0.49,25.83,29.84,22.61,87.15,1.41,2.34,0.58,96.96
20250203,6.08,5.2522,2.5222,2.8087,0.5,25.97,29.52,23.97,88.86,1.58,2.85,0.66,96.9
20250204,2.24,4.0039,0.5542,2.8697,0.38,26.19,29.33,24.03,85.6,1.27,2.4,0.66,96.99
20250205,3.03,4.9862,0.7294,3.667,0.47,25.96,29.07,23.38,88.02,0.92,1.79,0.36,96.96
20250206,4.58,5.3146,2.9124,2.6933,0.5,26.36,29.93,23.94,87.64,1.08,2.4,0.45,97.04
20250207,23.5,5.9131,3.5347,2.6522,0.56,26.17,28.88,24.55,89.67,0.94,2.23,0.41,97.01
20250208,9.91,4.8192,1.1798,3.0072,0.45,25.71,28.33,23.64,88.59,0.79,1.2,0.34,97.03
20250209,27.86,5.2267,3.0737,2.4456,0.49,25.92,29.51,23.16,86.05,0.95,1.57,0.37,97.1
20250210,4.66,4.5175,1.5718,3.0614,0.42,25.98,28.75,24.14,88.16,1.33,2.45,0.51,97.35
20250211,7.83,5.9825,2.8886,3.3031,0.56,24.73,28.59,21.92,86.03,1.08,1.76,0.28,97.52
20250212,49.52,4.8806,2.2354,2.6287,0.46,25.4,28.99,22.73,87.67,1.47,2.27,0.52,97.61
20250213,15.02,5.7622,3.515,2.5586,0.54,25.19,28.33,22.82,88.26,1.26,2.03,0.48,97.61
20250214,6.15,5.2543,2.4211,2.9198,0.49,24.63,27.33,22.68,88.49,0.99,1.72,0.4,97.61
20250215,0.71,5.0556,1.5934,3.2928,0.47,24.97,29.27,21.22,82.25,1.23,1.86,0.45,97.53
20250216,2.61,6.4478,4.6925,2.5771,0.6,24.82,27.55,22.63,88.72,0.92,1.24,0.35,97.53
20250217,13.95,6.2671,4.3164,2.6664,0.59,25.41,29.27,22.66,87.11,1.12,1.58,0.41,97.54
20250218,9.04,4.8523,1.4184,2.8697,0.45,24.71,28.02,21.98,86.83,1.26,1.9,0.43,97.51
20250219,9.92,2.435,0.1586,1.8005,0.23,24.31,27.03,22.1,89.98,1.11,1.6,0.45,97.5
20250220,19.44,4.681,1.9538,2.651,0.44,24.65,26.89,22.95,92.58,1.11,1.74,0.46,97.52
20250221,12.9,4.6985,1.0008,3.2172,0.44,25.15,27.52,23.69,90.27,0.95,1.96,0.4,97.53
20250222,50.17,3.5719,0.6252,2.267,0.34,24.72,26.07,23.91,93.59,1.02,2.19,0.47,97.57
20250223,15.7,6.2278,5.1758,2.267,0.58,24.22,26.04,22.13,90.78,0.96,1.32,0.36,97.64
20250224,24.67,5.1281,1.6474,3.325,0.48,24.82,27.47,23.26,91.79,1.23,2.28,0.57,97.63
20250225,35.62,2.8471,0.192,2.0854,0.27,24.8,26.44,23.39,93.74,1.27,2.01,0.64,97.63
20250226,10.68,4.8125,1.7616,2.9256,0.45,24.95,27.17,23.65,90.71,1.09,2.08,0.53,97.56
20250227,15.48,4.7825,0.6838,3.3223,0.45,25.04,27.69,23.12,90.6,1.26,2.57,0.56,97.44
20250228,11.39,4.3651,0.8578,3.0468,0.41,24.58,27.47,22.99,91.29,0.96,1.98,0.39,97.55
20250301,3.32,5.4722,2.0342,3.1327,0.51,25.12,28.47,22.45,89.89,1.4,2.3,0.63,97.36
20250302,9.16,4.6186,0.8585,3.0696,0.43,25.17,28.1,23.68,92.68,1.5,2.56,0.68,97.32
20250303,8.45,4.9538,1.8396,2.8392,0.47,24.85,27.89,22.99,91.44,1.29,2.47,0.54,97.33
20250304,22.64,5.7168,4.6495,1.7964,0.54,25.45,29.01,22.94,88.55,1.21,2.24,0.51,97.33
20250305,15.81,3.2352,0.2892,2.2817,0.3,25.54,28.13,23.67,89.3,0.85,1.26,0.35,97.4
20250306,5.91,5.563,2.4871,3.0358,0.52,25.56,28.38,23.6,87.98,1.06,1.94,0.44,97.36
20250307,3.92,6.0977,3.683,2.7394,0.57,25.21,28.63,22.74,89.45,1.11,1.93,0.41,97.32
20250308,8.65,6.09,4.9159,2.0544,0.57,25.73,28.44,23.73,88.34,1.37,2.37,0.53,97.4
20250309,12.71,3.0094,0.083,2.2238,0.28,23.82,25.07,22.29,93.96,1.24,1.91,0.54,97.59
20250310,11.28,5.5882,3.0674,3.1109,0.53,24.2,27.74,21.93,89.21,1.27,2.2,0.47,97.61
20250311,21.48,5.0098,1.9147,2.8987,0.47,24.49,27.14,22.58,92.98,1.35,2.72,0.56,97.53
20250312,20.59,5.0035,1.9399,2.6434,0.47,24.34,26.8,22.79,92.45,1.26,2.35,0.52,97.49
20250313,15.99,5.6482,3.2503,2.5471,0.54,24.96,27.29,23.23,93.44,1.29,2.27,0.57,97.37
20250314,11.89,4.127,0.847,2.4934,0.39,24.37,25.93,23.11,93.0,1.05,1.56,0.35,97.52
20250315,8.5,5.9311,4.2226,2.4588,0.56,24.36,26.56,22.67,90.47,0.91,1.46,0.39,97.46
20250316,6.45,5.5382,2.5673,2.9208,0.53,24.22,26.72,22.61,92.26,1.29,1.68,0.49,97.4
20250317,14.69,5.8159,3.9158,2.3227,0.55,25.17,28.78,22.39,83.68,1.45,2.26,0.56,97.21
20250318,17.92,5.2464,1.435,3.1711,0.5,24.83,25.82,24.07,96.16,1.28,1.76,0.56,97.37
20250319,17.22,4.4585,1.1856,2.7557,0.43,24.78,26.95,23.35,93.27,1.12,1.74,0.43,97.58
20250320,3.91,5.1562,2.039,2.8644,0.49,25.03,28.1,22.2,89.35,1.05,1.88,0.43,97.61
20250321,2.7,5.6825,4.3126,2.3242,0.54,25.39,28.5,22.7,88.64,1.5,2.36,0.62,97.54
20250322,3.22,2.6474,0.0605,1.991,0.25,24.56,26.01,23.7,92.08,1.09,1.52,0.47,97.52
20250323,10.73,5.6009,3.4356,2.4641,0.54,24.83,26.34,23.3,92.86,1.31,1.88,0.53,97.44
20250324,32.7,3.7212,0.3036,2.5342,0.36,24.77,27.35,23.46,93.72,1.67,2.84,0.66,97.4
20250325,16.66,5.4403,3.3038,2.5219,0.52,24.22,27.05,21.69,91.92,1.25,1.66,0.47,97.29
20250326,29.35,5.0558,1.764,2.8894,0.49,25.19,27.81,22.95,92.66,1.29,2.2,0.55,97.13
20250327,17.32,3.9151,0.1306,2.9064,0.38,25.38,26.88,24.49,89.8,0.79,1.65,0.39,97.2
20250328,3.42,5.5282,2.7283,3.1207,0.54,26.61,30.11,24.35,85.02,1.03,2.03,0.48,97.21
20250329,26.64,6.0636,4.5038,2.3054,0.59,25.91,28.66,24.32,92.07,1.05,1.38,0.49,97.35
20250330,28.62,4.4772,1.0644,2.9976,0.44,25.48,27.93,23.77,90.21,1.05,1.43,0.44,97.48
20250331,1.39,5.2896,1.8581,3.2158,0.52,24.63,26.85,23.02,87.57,0.99,1.68,0.38,97.43
20250401,20.93,5.0141,1.5302,3.0346,0.49,23.75,25.49,22.2,91.56,0.92,1.32,0.42,97.41
20250402,37.68,4.6481,2.2879,2.6167,0.45,24.54,26.62,22.93,91.65,1.0,1.65,0.38,97.46
20250403,21.28,3.9991,0.3552,2.947,0.39,23.97,25.92,22.23,92.94,1.01,1.48,0.43,97.6
20250404,4.63,5.9966,4.1978,2.4802,0.59,23.87,27.49,20.76,86.68,1.3,1.85,0.44,97.55
20250405,27.17,3.0955,0.3115,2.2133,0.3,23.92,25.43,22.7,95.21,1.47,2.12,0.6,97.59
20250406,64.72,5.5958,4.1146,2.2714,0.55,23.93,26.22,22.17,92.16,1.12,2.1,0.45,97.61
20250407,24.83,5.6376,3.4366,2.8094,0.56,25.19,29.1,22.51,90.26,1.41,2.56,0.55,97.6
20250408,6.67,5.3827,1.9097,3.0823,0.53,24.84,26.52,23.74,94.61,1.42,1.84,0.56,97.6
20250409,3.67,5.7806,3.9331,2.3729,0.57,24.88,26.57,23.51,93.43,1.11,1.73,0.43,97.42
20250410,36.01,4.2986,1.1494,2.7559,0.43,24.86,26.16,23.91,96.52,1.23,1.85,0.51,97.28
20250411,41.49,4.015,0.8254,2.6441,0.4,25.27,28.04,23.48,91.41,1.41,2.62,0.54,97.36
20250412,15.9,5.6846,3.3756,2.6323,0.57,24.36,25.66,23.6,95.97,1.61,2.34,0.74,97.6
20250413,9.25,4.7518,2.6926,2.3412,0.48,24.15,26.0,22.87,95.12,1.13,1.84,0.62,97.6
20250414,11.2,5.1574,2.9549,2.5354,0.52,25.06,28.02,22.79,90.01,1.1,1.66,0.5,97.42
20250415,44.49,5.6911,4.7078,2.0534,0.57,24.52,26.59,23.21,93.77,1.22,2.41,0.52,97.43
20250416,52.07,5.7103,5.1257,1.9975,0.58,25.38,27.92,23.56,92.73,1.13,1.94,0.52,97.32
20250417,30.54,4.1645,0.7241,2.6818,0.42,26.02,28.82,24.21,88.49,0.78,1.72,0.39,97.3
20250418,5.53,5.9983,5.22,1.9622,0.61,25.5,29.46,23.45,88.35,1.06,1.75,0.39,97.33
20250419,4.74,5.9071,4.2475,2.3966,0.6,25.25,28.28,23.05,88.48,1.03,1.56,0.48,97.5
20250420,2.41,5.3251,1.9694,2.947,0.54,24.79,27.3,22.56,90.97,1.09,1.38,0.43,97.46
20250421,2.24,5.5824,3.4063,2.5399,0.57,25.31,27.47,23.88,93.13,1.33,1.66,0.59,97.47
20250422,5.97,4.5442,2.0182,2.478,0.47,25.31,27.9,23.62,93.39,1.71,2.73,0.68,97.45
20250423,13.0,4.8274,1.7482,2.6774,0.5,24.7,27.31,22.91,90.2,1.16,2.14,0.48,97.39
20250424,50.53,5.5872,4.2766,2.4058,0.58,25.61,28.88,23.53,88.74,1.04,2.21,0.43,97.32
20250425,66.54,3.5962,0.497,2.5783,0.37,25.34,26.74,24.54,91.25,0.67,1.32,0.34,97.38
20250426,34.39,5.5109,4.3265,2.1526,0.57,24.5,26.59,22.98,92.59,0.89,1.65,0.37,97.43
20250427,2.84,5.3904,2.22,3.2035,0.56,24.92,27.92,23.4,88.32,0.88,1.29,0.42,97.46
20250428,0.1,5.1847,2.6942,2.6851,0.54,24.69,28.14,21.53,84.09,1.2,1.7,0.44,97.38
20250429,6.48,4.6985,2.5044,2.4389,0.49,24.4,27.41,22.01,89.06,1.11,1.77,0.44,97.45
20250430,11.79,5.0664,3.2748,2.3412,0.53,23.81,27.42,20.76,88.73,1.13,1.85,0.46,97.51
20250501,19.3,4.6284,2.6856,2.2495,0.49,24.15,26.63,22.53,91.81,1.18,2.24,0.5,97.44
20250502,6.62,5.1038,2.5255,2.6801,0.54,24.65,26.22,23.48,92.61,1.17,1.87,0.55,97.44
20250503,9.69,5.0738,3.3216,2.6153,0.54,25.14,27.44,23.39,91.77,1.32,2.01,0.57,97.44
20250504,5.84,4.0651,0.827,2.7662,0.43,24.66,26.43,23.11,93.95,1.29,1.76,0.5,97.43
20250505,2.25,2.4307,0.0888,1.7894,0.26,24.15,26.16,22.48,93.44,1.1,1.77,0.51,97.54
20250506,0.86,5.4302,3.7742,2.441,0.58,24.62,28.33,21.84,86.39,1.12,1.89,0.47,97.47
20250507,5.76,4.9992,3.4682,2.0974,0.53,24.63,28.06,22.13,86.4,1.45,2.33,0.59,97.41
20250508,24.5,4.2953,1.8492,2.4754,0.46,24.54,27.55,22.41,92.79,1.46,2.66,0.6,97.37
20250509,13.95,4.9634,3.8126,2.1334,0.53,25.93,29.95,23.34,88.37,1.04,2.03,0.45,97.13
20250510,5.31,5.0323,4.1009,1.8382,0.54,26.48,29.62,24.35,84.42,0.95,1.78,0.44,97.11
20250511,5.99,5.2133,3.7721,2.2606,0.56,25.63,27.87,24.08,87.83,0.97,1.91,0.41,97.18
20250512,3.65,5.723,6.1807,1.5934,0.62,26.08,29.51,22.63,88.16,1.58,2.59,0.55,97.22
20250513,17.83,4.2211,3.0643,1.8612,0.46,25.81,28.39,24.39,93.69,1.84,2.59,0.81,97.39
20250514,13.5,5.0875,2.7982,2.7038,0.55,26.01,28.79,24.29,89.84,1.0,1.99,0.44,97.45
20250515,14.33,4.8674,2.4883,2.5423,0.53,25.58,28.22,23.55,91.78,1.05,1.61,0.44,97.4
20250516,9.7,3.4354,1.5682,1.9018,0.37,25.46,27.73,24.08,94.16,1.45,2.32,0.59,97.43
20250517,14.53,4.1206,1.8485,2.3066,0.45,25.11,26.69,24.11,94.9,1.25,1.53,0.53,97.46
20250518,4.27,4.7114,2.6642,2.3683,0.52,24.69,26.13,23.88,95.36,1.44,2.04,0.58,97.49
20250519,14.1,4.8775,4.3466,1.8122,0.54,25.01,26.72,23.57,94.85,1.13,1.5,0.49,97.39
20250520,10.23,4.1863,1.4033,2.5174,0.46,25.02,26.65,23.52,95.29,1.36,2.06,0.6,97.4
20250521,7.19,3.9816,0.6758,2.5754,0.44,25.11,25.74,24.7,97.2,1.83,2.09,0.73,97.31
20250522,9.02,4.5401,3.0482,2.0184,0.5,24.16,25.12,23.43,94.97,1.33,1.97,0.52,97.3
20250523,10.38,5.1701,5.0071,1.7172,0.57,24.46,26.7,22.98,94.08,1.22,1.83,0.5,97.33
20250524,34.01,5.2594,4.4731,2.0875,0.58,24.54,25.66,23.56,96.25,0.99,1.38,0.44,97.4
20250525,27.4,3.3713,0.517,2.4442,0.37,25.08,27.92,23.35,93.17,1.32,2.25,0.53,97.48
20250526,2.15,5.273,3.9065,2.4785,0.59,24.71,27.42,23.0,91.02,1.02,1.88,0.41,97.58
20250527,1.67,5.4173,5.1994,1.705,0.6,25.46,28.27,23.23,90.31,1.25,2.06,0.49,97.5
20250528,20.13,3.091,0.5921,2.0455,0.35,24.77,26.32,22.99,95.9,1.44,1.99,0.58,97.57
20250529,4.09,5.2987,4.7842,1.879,0.59,24.77,27.37,22.89,88.66,0.98,1.6,0.41,97.56
20250530,12.85,3.9917,0.9178,2.6278,0.45,24.5,26.21,23.56,94.46,1.03,1.81,0.51,97.66
20250531,6.9,3.3617,0.2966,2.4091,0.38,24.66,26.01,23.77,96.38,1.5,2.14,0.6,97.62
20250601,20.96,3.264,0.5186,2.2063,0.37,24.55,25.85,23.21,96.72,1.12,1.42,0.41,97.61
20250602,37.02,4.1143,0.953,2.8805,0.46,23.87,24.96,23.01,94.64,0.97,1.47,0.37,97.5
20250603,25.42,3.4181,0.3245,2.4682,0.39,24.33,26.2,22.67,91.97,0.95,1.59,0.4,97.52
20250604,7.17,5.0947,4.2034,2.0069,0.58,24.66,27.46,22.29,88.9,1.22,1.93,0.49,97.57
20250605,10.55,3.18,0.6511,2.023,0.36,24.49,26.13,23.19,95.68,1.47,2.04,0.62,97.6
20250606,24.2,4.7635,2.6962,2.37,0.54,24.57,26.44,22.16,93.01,1.44,1.94,0.56,97.49
20250607,49.56,3.9578,2.4869,1.9152,0.45,24.62,26.39,23.5,94.8,1.27,2.33,0.54,97.44
20250608,56.15,3.7548,2.3206,1.9133,0.43,24.57,26.99,23.16,92.18,1.41,2.51,0.58,97.42
20250609,24.11,4.6625,4.5434,1.5878,0.53,24.71,26.48,23.51,94.59,1.04,1.89,0.46,97.32
20250610,43.71,3.8918,1.9378,2.1043,0.44,24.76,26.85,23.5,91.83,0.99,1.91,0.44,97.36
20250611,27.12,5.0609,4.128,1.9111,0.58,24.5,25.87,23.28,95.91,0.97,1.6,0.44,97.45
20250612,26.98,3.3802,1.1443,2.039,0.39,24.66,26.03,23.6,95.99,1.48,2.63,0.61,97.63
20250613,57.45,3.1865,0.9317,1.9862,0.36,25.07,27.17,23.45,94.45,1.67,2.95,0.63,97.6
20250614,116.32,3.6122,1.1194,2.2694,0.41,24.88,26.08,24.32,97.59,2.02,2.64,0.75,97.46
20250615,42.2,1.757,0.2549,1.213,0.2,24.41,25.25,23.7,97.4,1.73,2.37,0.66,97.51
20250616,9.1,4.8766,4.7302,1.6207,0.56,24.41,26.58,23.16,94.65,1.61,2.43,0.66,97.61
20250617,1.27,3.8316,1.5811,2.225,0.44,24.59,26.38,23.58,94.56,1.13,1.88,0.43,97.61
20250618,6.19,4.0025,1.5612,2.3038,0.46,24.69,25.56,23.68,96.68,1.24,2.41,0.53,97.52
20250619,12.43,3.7603,1.565,2.1991,0.43,24.41,25.01,23.54,98.11,1.74,2.46,0.69,97.43
20250620,9.63,4.1551,2.0762,2.2433,0.48,24.31,25.04,23.02,97.04,1.69,2.37,0.65,97.44
20250621,21.49,2.2075,0.2136,1.6442,0.25,23.97,25.88,22.36,95.17,0.84,1.27,0.28,97.4
20250622,18.03,3.3739,0.3898,2.2714,0.39,24.35,26.39,22.72,94.85,1.25,2.27,0.46,97.46
20250623,16.55,2.6182,0.4402,1.751,0.3,24.85,26.63,23.87,96.6,1.38,2.13,0.47,97.43
20250624,11.34,4.7803,4.0567,1.9764,0.55,24.07,26.05,22.48,92.6,1.36,2.14,0.55,97.58
20250625,6.71,4.9404,3.037,2.455,0.57,23.68,25.43,22.75,94.12,0.9,1.55,0.41,97.69
20250626,1.55,5.423,5.6777,1.7304,0.62,24.67,27.28,22.8,91.83,1.24,2.35,0.51,97.59
20250627,75.27,3.5796,1.8439,1.9034,0.41,24.48,26.19,23.67,95.91,1.48,2.23,0.54,97.53
20250628,54.66,3.2954,0.7522,2.0993,0.38,23.47,24.22,22.3,97.35,1.22,1.64,0.49,97.53
20250629,7.24,4.8096,2.5872,2.6623,0.55,23.5,26.78,21.42,93.57,0.99,1.86,0.36,97.46
20250630,12.72,4.3543,1.8804,2.4173,0.5,24.07,25.65,22.59,96.44,0.97,1.44,0.42,97.45
20250701,10.11,2.9942,0.9509,1.8814,0.34,24.25,26.3,22.57,95.11,1.09,1.75,0.39,97.41
20250702,12.76,3.8086,1.5048,2.3974,0.43,25.14,27.97,23.54,93.32,1.32,2.35,0.6,97.41
20250703,35.1,2.4103,0.1094,1.8362,0.27,23.75,25.19,21.38,97.08,1.47,2.27,0.63,97.61
20250704,27.79,5.1038,4.2943,2.202,0.58,23.27,26.12,20.86,92.63,1.01,1.59,0.37,97.63
20250705,18.19,1.9003,0.1116,1.452,0.22,23.9,26.38,22.52,95.14,1.42,2.48,0.62,97.72
20250706,18.13,4.458,2.5975,2.136,0.51,24.49,27.57,22.32,91.73,1.01,1.8,0.39,97.6
20250707,0.44,5.509,6.162,1.4465,0.63,25.08,27.43,23.43,92.21,1.16,1.96,0.43,97.49
20250708,4.17,3.6905,1.0272,2.3304,0.42,24.45,25.32,23.08,96.2,1.66,2.38,0.65,97.48
20250709,14.96,4.0318,1.949,2.1991,0.46,23.79,25.94,22.37,94.59,1.42,2.28,0.57,97.37
20250710,25.63,3.4589,0.2964,2.5178,0.39,23.45,25.03,22.52,96.12,1.41,2.25,0.55,97.38
20250711,10.29,3.0379,0.3228,2.2886,0.34,23.91,26.7,22.04,93.4,1.25,2.47,0.5,97.52
20250712,14.64,5.3376,4.6231,2.0359,0.6,24.17,25.54,22.9,97.36,1.31,2.22,0.49,97.56
20250713,10.26,2.6278,0.2906,1.9082,0.3,24.33,26.15,23.1,93.31,1.75,2.48,0.7,97.58
20250714,18.85,3.7373,1.217,2.334,0.42,23.86,25.9,23.05,95.27,1.35,1.99,0.54,97.51
20250715,17.17,3.7562,2.9522,1.7911,0.42,23.92,26.49,22.71,93.57,1.45,2.39,0.58,97.44
20250716,45.63,2.7451,0.3922,1.8355,0.31,23.47,24.6,22.58,97.05,1.25,2.29,0.49,97.37
20250717,32.3,3.4375,0.7265,2.2538,0.39,23.73,24.71,22.78,97.42,1.29,2.15,0.49,97.35
20250718,26.8,2.7936,0.4406,1.8578,0.31,24.09,25.19,23.04,97.27,1.09,1.65,0.39,97.26
20250719,60.52,3.3142,0.2798,2.4847,0.37,24.05,25.45,23.09,96.31,1.26,1.83,0.48,97.26
20250720,38.0,3.7394,0.6744,2.551,0.42,23.6,25.04,22.4,96.24,1.19,2.07,0.46,97.5
20250721,34.23,5.0371,4.8192,1.5881,0.56,24.37,26.57,23.01,94.61,1.19,2.11,0.55,97.46
20250722,12.8,2.2327,0.575,1.5115,0.25,24.54,26.54,23.31,95.2,0.69,1.11,0.35,97.46
20250723,3.11,4.7887,3.1546,2.2159,0.53,24.8,28.02,22.58,90.73,1.18,1.63,0.48,97.51
20250724,0.66,4.9865,3.4778,2.3304,0.55,25.13,27.96,22.84,89.45,0.98,1.85,0.41,97.44
20250725,10.03,4.8895,3.2021,2.4638,0.54,25.64,28.51,23.66,89.5,1.44,2.3,0.55,97.43
20250726,26.84,3.3533,1.8554,1.7765,0.37,24.6,26.32,23.06,94.54,1.64,2.32,0.64,97.6
20250727,18.23,2.7756,0.9571,1.8797,0.31,23.28,24.8,22.23,93.3,1.01,1.49,0.37,97.68
20250728,4.87,4.7232,2.4804,2.4962,0.52,23.21,24.88,22.09,94.44,1.13,1.72,0.44,97.69
20250729,0.24,5.6587,5.6702,1.6709,0.62,24.77,28.13,21.95,88.67,1.25,2.13,0.49,97.63
20250730,0.42,4.0289,1.3666,2.5104,0.44,24.18,27.13,21.4,86.99,0.94,1.79,0.4,97.7
20250731,0.98,3.9439,0.9144,2.647,0.43,24.92,27.83,22.62,89.95,1.05,2.04,0.44,97.62
20250801,9.63,4.2612,1.5233,2.4763,0.46,24.23,25.78,22.96,94.88,1.27,2.1,0.52,97.7
20250802,7.04,3.653,1.4074,2.0088,0.4,24.31,26.11,23.4,95.25,1.73,2.4,0.67,97.7
20250803,36.81,4.2398,2.9402,2.0645,0.46,24.66,27.39,23.18,93.3,1.65,2.74,0.63,97.62
20250804,67.04,4.1374,1.6572,2.3448,0.45,24.36,26.37,23.36,94.85,1.58,2.29,0.56,97.52
20250805,8.21,5.1583,4.2422,2.1962,0.56,23.92,24.89,23.16,95.76,1.4,1.93,0.55,97.47
20250806,30.54,4.0054,2.4658,1.7846,0.43,24.02,25.53,22.93,95.9,1.19,2.12,0.56,97.39
20250807,62.48,3.8779,1.0056,2.3352,0.42,23.69,24.93,22.88,97.17,1.47,2.44,0.55,97.51
20250808,51.92,3.6175,1.0704,2.101,0.39,23.44,24.82,22.58,95.94,1.06,1.65,0.36,97.57
20250809,35.62,3.2263,0.2198,2.3114,0.34,23.18,23.99,22.57,96.33,1.27,2.0,0.54,97.67
20250810,13.28,4.4506,2.0734,2.3815,0.47,23.16,24.93,22.28,95.48,1.34,2.02,0.61,97.65
20250811,4.4,3.6293,1.2031,2.1564,0.39,23.83,26.81,22.06,92.08,1.55,2.68,0.64,97.46
20250812,14.05,3.9816,1.4429,2.2918,0.42,23.29,24.81,22.35,96.31,1.35,1.83,0.55,97.45
20250813,18.55,3.5614,1.0675,2.153,0.38,22.44,23.43,21.6,94.75,1.4,1.99,0.54,97.65
20250814,16.7,3.9394,1.5497,2.3417,0.42,23.07,25.28,21.38,95.1,1.3,2.39,0.51,97.57
20250815,48.22,3.9941,1.8782,2.1607,0.42,23.05,24.41,22.08,96.14,1.4,1.81,0.57,97.45
20250816,20.24,3.8921,2.1708,1.9963,0.41,23.14,25.52,21.91,94.75,1.36,2.19,0.58,97.54
20250817,68.04,2.953,1.1489,1.8197,0.31,23.82,26.43,22.27,93.24,1.34,2.54,0.58,97.61
20250818,146.99,3.8477,1.2211,2.2018,0.4,23.27,25.04,22.33,95.16,1.52,2.55,0.65,97.61
20250819,49.46,3.4548,0.419,2.3818,0.36,23.23,25.61,21.98,94.87,1.21,1.8,0.52,97.67
20250820,25.5,2.9546,0.5376,1.9819,0.31,23.57,25.37,22.48,96.28,1.5,2.63,0.61,97.5
20250821,36.97,4.6824,2.3791,2.3407,0.49,23.66,24.63,22.93,97.57,1.5,2.34,0.56,97.53
20250822,40.37,3.6922,0.371,2.5838,0.38,23.84,25.53,22.89,96.54,1.31,2.35,0.53,97.36
20250823,45.65,5.1703,2.6839,2.6594,0.53,24.63,27.2,22.9,92.87,0.97,2.22,0.45,97.3
20250824,34.33,3.8441,1.3147,2.3081,0.4,25.22,27.73,23.92,90.98,1.09,1.99,0.51,97.29
20250825,49.75,4.6906,1.6894,2.8006,0.48,24.77,26.82,23.53,95.52,1.48,2.19,0.64,97.21
20250826,16.75,2.5394,0.3574,1.7611,0.26,23.55,24.88,22.49,95.93,1.78,3.19,0.7,97.47
20250827,9.12,4.4501,1.6198,2.6789,0.45,23.61,26.84,21.27,92.53,1.36,2.27,0.55,97.43
20250828,67.63,3.5726,0.7162,2.3906,0.36,23.37,24.88,22.32,96.29,1.44,2.51,0.53,97.47
20250829,46.76,4.0075,0.713,2.771,0.41,22.89,24.95,21.11,94.46,1.37,2.41,0.6,97.68
20250830,2.42,5.0532,2.9678,2.3798,0.51,23.66,27.35,20.41,90.83,1.33,2.29,0.53,97.66
20250831,3.73,4.1268,2.1106,2.0724,0.42,23.74,26.52,22.05,92.67,1.63,2.91,0.65,97.62
20250901,2.28,3.7654,1.1098,2.1338,0.38,22.92,25.74,21.55,91.93,1.6,3.1,0.67,97.69
20250902,3.33,4.6534,2.8289,2.2294,0.47,23.44,26.45,21.89,92.28,1.46,2.62,0.61,97.65
20250903,29.44,3.3466,1.4666,1.8355,0.34,23.38,25.72,21.68,94.3,1.4,2.19,0.57,97.61
20250904,35.15,3.0818,0.541,2.029,0.31,23.52,25.75,21.82,93.96,1.09,2.19,0.45,97.53
20250905,2.4,4.6138,1.7033,2.7266,0.46,24.88,27.79,22.56,90.62,1.18,2.06,0.43,97.54
20250906,12.54,5.105,3.834,2.2294,0.51,24.76,27.95,22.28,91.71,1.32,2.27,0.48,97.52
20250907,32.86,5.1694,2.8795,2.6388,0.52,24.19,26.19,22.47,94.62,1.46,2.16,0.63,97.58
20250908,4.78,4.6378,0.906,3.0643,0.46,23.63,25.87,21.65,91.8,1.28,2.14,0.46,97.62
20250909,15.53,4.699,3.3154,2.035,0.47,24.05,26.55,22.17,92.99,1.22,2.24,0.48,97.53
20250910,27.12,3.9679,1.3411,2.418,0.39,23.97,26.24,22.68,92.48,1.41,2.16,0.61,97.55
20250911,5.75,5.3561,4.1064,2.1461,0.53,24.31,27.84,21.87,91.45,1.56,2.39,0.62,97.43
20250912,18.21,3.2642,1.2888,1.9704,0.32,23.99,25.71,23.01,94.89,1.34,2.45,0.51,97.55
20250913,24.64,2.2147,0.3194,1.4388,0.22,23.68,24.76,22.91,96.8,1.59,2.92,0.61,97.61
20250914,53.42,4.0265,1.1254,2.5481,0.4,24.36,27.01,23.04,93.31,1.62,2.45,0.61,97.6
20250915,23.28,3.8311,1.4242,2.2706,0.38,24.59,27.39,23.22,92.37,1.79,2.92,0.69,97.55
20250916,17.36,5.2058,4.1318,2.0321,0.51,23.72,25.23,22.41,94.93,1.53,2.27,0.56,97.51
20250917,18.59,5.778,3.9149,2.5678,0.57,23.83,25.89,22.14,94.26,1.51,2.43,0.59,97.6
20250918,8.32,4.8062,2.0503,2.7614,0.47,24.07,26.32,22.34,93.61,1.2,2.11,0.58,97.65
20250919,31.66,3.0214,0.5902,2.0174,0.3,23.55,25.58,21.59,92.9,1.57,2.45,0.59,97.58
20250920,45.31,4.29,1.7078,2.4581,0.42,22.9,24.36,21.39,93.84,0.97,1.66,0.44,97.53
20250921,13.54,4.9958,2.6141,2.508,0.49,23.34,26.62,20.8,91.7,1.24,1.99,0.5,97.56
20250922,6.96,4.8461,1.5696,2.9213,0.47,23.63,26.4,21.72,92.66,1.28,1.8,0.58,97.55
20250923,21.54,5.3011,3.6955,2.2433,0.51,24.13,27.13,21.82,92.88,1.6,2.57,0.62,97.42
20250924,54.63,3.745,0.9871,2.2622,0.36,23.73,25.26,22.73,95.81,1.72,2.61,0.66,97.43
20250925,23.25,5.0347,2.1742,2.7682,0.49,23.73,26.13,22.26,94.0,1.5,2.64,0.6,97.58
20250926,16.18,4.5838,2.6501,2.2394,0.44,24.35,27.09,22.36,92.78,1.47,2.52,0.6,97.6
20250927,18.43,2.951,0.2854,2.081,0.28,24.11,26.27,22.79,93.77,0.97,1.52,0.35,97.74
20250928,0.92,6.2282,4.6958,2.1926,0.6,24.44,27.42,22.06,90.75,1.26,2.24,0.53,97.76
20250929,0.94,6.3278,5.7161,1.9795,0.61,25.07,28.29,22.83,89.41,1.17,1.84,0.49,97.58
20250930,1.1,5.6959,4.7966,1.9985,0.55,24.98,27.45,23.2,92.39,1.08,1.68,0.52,97.45
20251001,4.37,4.3459,2.0066,2.483,0.42,25.11,28.36,23.35,91.24,1.13,2.08,0.47,97.51
20251002,6.26,2.3734,0.3938,1.6668,0.23,23.61,24.86,22.34,93.79,1.08,1.95,0.4,97.72
20251003,1.25,5.7125,3.5369,2.6426,0.55,24.07,27.37,21.75,88.43,0.91,1.44,0.39,97.71
20251004,16.81,5.6321,3.5969,2.6837,0.54,24.34,26.61,22.15,93.08,1.03,1.37,0.45,97.63
20251005,9.85,6.1435,4.3956,2.3047,0.59,25.03,28.24,22.64,90.09,1.59,2.54,0.61,97.6
20251006,14.89,5.586,3.4478,2.5428,0.53,24.38,26.26,23.25,94.09,1.13,1.63,0.56,97.61
20251007,12.2,5.3028,3.3156,2.2442,0.51,24.54,27.28,22.72,91.98,1.42,2.08,0.6,97.55
20251008,29.86,3.246,0.3667,2.2987,0.31,23.83,25.22,22.65,93.89,1.23,1.89,0.46,97.58
20251009,27.92,4.901,0.69,3.4733,0.47,24.56,27.88,22.25,90.07,1.41,2.51,0.54,97.67
20251010,7.13,4.8156,1.0642,3.0346,0.46,24.79,27.49,23.32,92.07,1.52,2.36,0.59,97.64
20251011,3.14,4.451,1.1508,2.7012,0.42,24.09,26.38,22.6,91.69,0.91,1.15,0.35,97.64
20251012,38.16,1.481,0.0192,1.1268,0.14,24.21,26.98,22.46,93.0,1.41,2.33,0.64,97.61
20251013,17.24,6.4046,5.5145,1.9435,0.61,25.14,28.51,22.69,88.1,1.11,2.08,0.48,97.47
20251014,9.34,6.1622,5.989,1.7998,0.59,25.3,28.52,23.45,89.72,1.13,2.24,0.53,97.33
20251015,8.0,5.441,3.7138,2.166,0.52,24.5,26.43,23.33,94.84,1.22,1.66,0.49,97.35
20251016,7.74,5.6129,4.8024,1.921,0.53,25.1,28.12,23.54,90.63,1.08,2.41,0.44,97.3
20251017,1.35,5.2553,3.8902,2.7288,0.5,25.96,29.37,23.12,89.8,1.37,2.56,0.52,97.22
20251018,2.28,4.7621,3.0305,2.0954,0.45,25.83,27.91,24.55,93.17,1.67,2.17,0.66,97.15
20251019,15.09,5.5786,4.2353,2.3988,0.53,25.19,26.5,24.22,94.71,1.24,1.99,0.45,97.14
20251020,28.55,4.1501,0.9401,2.6539,0.39,25.53,28.39,23.93,91.43,1.27,2.38,0.57,97.19
20251021,19.02,5.8498,4.4698,2.371,0.56,25.38,27.5,23.74,94.62,1.35,2.05,0.54,97.22
20251022,16.69,4.2809,0.493,3.079,0.41,25.31,26.53,23.87,94.94,0.99,2.06,0.42,97.25
20251023,37.5,4.9414,2.3441,2.5834,0.47,24.12,27.43,21.36,90.59,1.28,1.91,0.45,97.36
20251024,30.77,4.9999,2.1607,2.7852,0.47,24.24,26.92,21.61,89.82,1.05,1.46,0.48,97.43
20251025,34.39,3.5683,1.0109,2.159,0.34,24.58,26.44,23.2,93.31,1.33,2.37,0.59,97.45
20251026,1.49,4.5312,2.3496,2.551,0.43,25.37,28.07,23.0,89.79,1.6,2.53,0.65,97.45
20251027,3.14,5.9971,4.6726,2.2514,0.57,25.04,27.0,23.76,92.28,1.27,1.59,0.56,97.49
20251028,6.12,4.6896,1.4119,2.8246,0.45,24.93,27.23,23.34,91.61,1.0,1.3,0.39,97.57
20251029,9.68,5.3861,3.372,2.4007,0.51,25.08,28.47,22.22,89.5,1.63,2.46,0.6,97.55
20251030,20.61,3.3787,0.3725,2.4238,0.32,24.45,25.56,23.17,96.65,1.57,2.57,0.63,97.64
20251031,6.62,5.5682,3.7579,2.6618,0.53,24.72,27.11,22.93,90.38,0.95,1.64,0.43,97.69
20251101,49.13,4.0826,0.4558,2.7974,0.39,24.7,27.49,22.98,90.84,0.74,1.53,0.31,97.65
20251102,4.72,5.0306,1.2905,3.018,0.48,24.52,26.63,22.97,90.87,0.99,1.77,0.43,97.53
20251103,1.15,5.394,2.3503,2.8438,0.51,24.98,27.39,23.19,87.89,1.27,2.0,0.56,97.43
20251104,29.78,5.6098,3.4711,2.4545,0.53,24.7,27.64,22.64,90.27,1.29,1.82,0.49,97.35
20251105,44.95,2.1838,0.1819,1.6193,0.21,24.1,25.53,22.88,95.41,1.15,1.73,0.38,97.32
20251106,1.97,6.2784,5.04,2.1902,0.6,24.87,27.53,22.57,90.19,1.02,1.66,0.38,97.3
20251107,4.56,3.5242,0.877,2.3105,0.34,25.58,28.75,23.56,88.69,1.27,2.26,0.58,97.45
20251108,4.98,5.5306,3.1337,2.67,0.53,25.61,29.67,22.59,85.74,1.27,1.89,0.48,97.4
20251109,14.17,4.8283,0.8004,3.2784,0.46,25.13,27.14,23.79,93.54,1.53,2.27,0.56,97.3
20251110,57.14,4.8864,3.4529,1.9896,0.47,25.58,28.48,23.79,92.18,1.3,2.24,0.5,97.26
20251111,54.47,3.649,0.4956,2.6412,0.35,24.32,25.95,22.21,90.04,1.13,2.3,0.51,97.49
20251112,0.99,6.5474,6.0494,2.3359,0.62,23.86,27.31,21.07,84.06,1.26,1.83,0.45,97.56
20251113,12.41,5.6338,2.8154,2.8243,0.54,25.17,29.23,21.65,81.51,1.11,1.84,0.4,97.44
20251114,15.38,4.6462,1.9471,2.5754,0.44,25.28,28.05,22.97,90.34,1.38,1.93,0.53,97.4
20251115,32.26,4.2854,1.1393,2.6244,0.41,25.05,26.95,23.53,94.14,1.05,1.66,0.42,97.46
20251116,51.95,5.4161,2.9755,2.694,0.52,24.82,26.38,23.79,94.15,1.15,2.05,0.49,97.46
20251117,1.8,5.7958,3.6569,2.9263,0.55,25.12,27.81,23.18,90.51,1.32,2.61,0.49,97.41
20251118,17.28,4.9337,2.3342,3.1853,0.47,25.34,28.09,23.36,90.73,1.53,2.92,0.65,97.28
20251119,11.39,6.0965,4.8283,2.3251,0.58,25.87,29.39,22.86,89.28,1.06,2.16,0.48,97.13
20251120,13.95,4.9598,2.1331,2.6743,0.47,26.0,29.49,23.86,89.34,0.94,1.95,0.43,97.12
20251121,32.45,5.0784,2.6242,2.5344,0.49,25.91,29.76,23.18,86.8,1.4,2.2,0.56,97.22
20251122,26.4,2.9268,0.1284,2.171,0.28,24.88,27.15,23.42,93.09,1.07,1.83,0.53,97.35
20251123,3.85,5.7151,4.968,2.3119,0.55,25.02,28.32,22.29,87.67,0.98,1.62,0.3,97.29
20251124,1.14,6.0382,3.9461,3.1366,0.58,25.51,28.93,22.76,85.71,1.05,1.64,0.44,97.23
20251125,0.69,5.7545,4.0186,2.6285,0.55,26.01,29.54,23.31,86.8,1.28,2.32,0.61,97.16
20251126,40.55,4.9159,3.113,2.2733,0.47,26.02,28.62,24.08,89.79,1.0,1.76,0.47,97.3
20251127,9.53,4.8014,1.1762,3.0766,0.46,26.1,28.93,23.96,86.93,1.07,1.76,0.45,97.42
20251128,0.2,6.1908,4.6373,2.6182,0.59,26.04,29.72,22.77,86.01,1.03,1.55,0.44,97.35
20251129,3.47,5.5272,2.9678,2.9131,0.53,26.02,29.73,23.1,86.41,1.11,1.76,0.41,97.36
20251130,3.79,3.5832,2.0165,1.7914,0.34,25.4,27.71,24.05,91.01,1.03,1.85,0.43,97.46
20251201,1.74,5.5512,3.2148,2.681,0.53,25.17,27.79,22.86,89.48,0.85,1.32,0.37,97.45
20251202,1.13,5.1269,3.4586,2.3196,0.49,25.62,28.8,22.73,88.03,1.45,2.41,0.61,97.33
20251203,9.2,5.3426,3.0228,2.6304,0.51,24.75,26.32,23.7,93.12,1.09,1.69,0.43,97.39
20251204,7.38,5.0849,1.7527,3.1682,0.49,24.98,27.55,23.37,91.17,1.33,2.26,0.52,97.41
20251205,28.63,4.4465,0.6031,3.0156,0.43,24.6,27.29,22.95,93.08,1.32,1.86,0.49,97.41
20251206,28.68,4.6634,0.5765,3.3098,0.45,24.75,27.27,23.03,94.08,1.61,2.6,0.64,97.32
20251207,16.12,4.681,1.0068,3.1157,0.45,24.78,26.37,23.35,92.71,0.87,1.68,0.41,97.33
20251208,6.69,3.6197,0.3014,2.634,0.35,25.14,27.11,23.43,89.3,0.88,1.84,0.4,97.23
20251209,1.74,5.1358,1.949,2.9371,0.5,25.51,28.83,22.56,88.46,1.22,1.98,0.53,97.27
20251210,10.63,4.6843,2.1965,2.6026,0.45,24.87,26.73,22.86,93.95,1.06,1.49,0.48,97.42
20251211,0.57,3.708,0.1596,2.7811,0.36,24.6,28.54,21.59,85.3,1.28,1.97,0.48,97.31
20251212,3.89,4.1894,0.9223,2.8013,0.4,24.98,27.13,22.79,88.97,0.97,1.8,0.46,97.14
20251213,5.75,5.6947,5.0546,1.9954,0.55,25.38,28.14,23.25,88.35,1.28,2.38,0.51,97.08
20251214,7.26,5.6851,4.0805,2.4394,0.55,25.51,28.3,24.16,90.23,1.15,2.22,0.55,97.15
20251215,22.33,5.73,3.9852,2.5548,0.55,25.39,27.35,24.24,92.2,1.17,1.85,0.52,97.22
20251216,10.44,5.7926,4.1671,2.6681,0.56,25.02,27.62,23.17,90.9,1.01,1.72,0.39,97.27
20251217,1.68,4.2682,0.3103,3.1106,0.41,25.2,28.54,22.87,88.99,0.86,1.61,0.3,97.28
20251218,29.75,5.7504,4.8588,2.1552,0.55,25.5,28.92,22.53,88.16,1.32,2.33,0.52,97.15
20251219,48.78,4.5852,0.7858,3.1702,0.44,24.72,25.83,23.68,94.89,1.29,2.28,0.52,97.22
20251220,10.66,5.3969,3.4411,2.491,0.52,25.75,28.67,23.77,88.97,1.28,2.1,0.51,97.18
20251221,1.19,6.0362,4.5209,2.5721,0.58,25.87,27.63,24.53,92.66,0.95,1.38,0.42,97.24
20251222,2.12,4.41,1.5708,2.8224,0.43,25.87,28.93,23.29,86.75,1.06,1.62,0.43,97.23
20251223,2.05,3.0967,0.7202,2.0904,0.3,25.49,27.77,23.94,90.21,1.17,1.92,0.5,97.26
20251224,23.54,5.2889,2.8949,2.9402,0.51,25.4,28.56,23.13,89.32,1.63,2.66,0.66,97.25
20251225,26.01,4.2031,1.0582,2.791,0.41,23.98,26.11,21.97,90.54,0.91,1.38,0.37,97.37
20251226,1.43,5.1574,1.7225,3.2436,0.5,24.56,26.79,22.5,89.55,1.18,2.05,0.47,97.37
20251227,11.21,5.0042,2.3496,2.6249,0.48,25.27,28.32,23.23,87.52,0.94,1.93,0.41,97.37
20251228,15.99,6.0547,4.5943,2.3014,0.58,24.71,27.34,23.03,90.72,0.96,1.79,0.39,97.44
20251229,14.51,5.5685,3.4721,2.9364,0.54,24.49,26.66,22.94,93.48,0.98,1.55,0.41,97.36
20251230,53.48,4.7791,1.7208,2.7934,0.46,25.09,27.76,22.99,90.65,1.46,2.44,0.55,97.29
20251231,3.75,3.9386,0.7488,2.4967,0.38,25.03,27.66,23.18,91.14,1.32,2.49,0.53,97.27
20260101,7.72,6.0979,4.765,2.3146,0.59,25.68,29.18,23.3,89.81,1.36,2.24,0.52,97.23
20260102,7.56,5.3882,2.8874,2.8865,0.52,24.72,26.34,23.53,92.81,1.03,1.65,0.39,97.44
20260103,25.08,5.5944,3.145,3.0182,0.54,24.64,27.46,22.76,91.83,1.33,1.95,0.5,97.4
20260104,14.3,5.8207,3.6403,2.6438,0.56,24.55,26.91,22.84,92.18,1.29,2.36,0.52,97.47
20260105,67.28,5.7134,3.1781,2.957,0.55,25.47,28.49,22.86,89.88,1.29,2.21,0.54,97.35
20260106,84.25,5.4202,3.1075,2.5922,0.52,25.57,27.82,24.22,92.35,1.09,2.0,0.51,97.25
20260107,57.29,4.5996,0.6386,3.1637,0.44,25.25,28.64,22.63,91.89,0.83,1.87,0.4,97.27
20260108,23.74,4.2223,0.1999,3.1399,0.4,25.24,27.87,23.81,90.55,0.99,2.1,0.43,97.25
20260109,12.15,2.5572,0.1298,1.8408,0.24,24.68,27.3,23.32,90.43,0.99,1.69,0.47,97.32
20260110,0.15,5.3616,1.9402,3.4963,0.51,25.34,28.91,22.75,87.15,1.65,2.99,0.73,97.23
20260111,0.22,5.5068,1.9462,3.3715,0.53,24.93,28.19,22.07,83.62,1.62,3.0,0.65,97.31
20260112,1.41,6.1246,4.1184,2.6542,0.59,24.68,28.41,21.63,85.76,1.6,2.57,0.66,97.41
20260113,1.6,5.717,3.2294,3.0286,0.55,24.93,28.78,21.63,86.1,1.69,2.14,0.65,97.39
20260114,1.89,5.3981,3.0586,2.7902,0.52,24.48,27.96,21.39,84.74,1.56,2.04,0.62,97.31
20260115,1.5,4.9759,2.6484,2.4881,0.47,24.89,28.85,21.49,83.4,1.77,2.59,0.68,97.17
20260116,1.39,5.7953,4.1609,2.3837,0.55,25.32,28.98,21.87,85.87,1.75,2.82,0.72,97.07
20260117,0.68,6.2278,5.1667,2.2675,0.59,26.09,30.26,22.71,81.23,1.4,2.58,0.56,96.95
20260118,0.35,6.8258,6.0634,2.0808,0.65,26.46,30.76,23.27,80.57,1.19,1.78,0.42,96.87
20260119,0.79,6.3293,5.3239,2.2606,0.6,26.24,29.85,23.33,83.28,0.97,1.54,0.35,96.88
20260120,1.32,5.2478,2.6796,2.7106,0.5,25.17,28.54,22.28,85.52,1.2,2.04,0.49,97.0
20260121,0.71,5.5058,2.3551,2.8378,0.52,25.82,29.42,22.9,83.06,1.41,2.5,0.57,97.03
20260122,10.34,5.6448,2.3945,3.0182,0.54,25.58,28.28,23.2,85.88,0.98,1.51,0.42,97.2
20260123,21.11,5.3326,1.369,3.756,0.51,24.58,26.76,22.93,87.54,0.84,1.41,0.36,97.63
20260124,6.1,6.2419,3.6924,3.0965,0.59,25.37,29.42,22.31,82.89,1.25,2.09,0.44,97.61
20260125,1.4,5.6016,2.6849,2.934,0.53,24.89,27.77,22.78,86.67,1.39,2.26,0.55,97.57
20260126,2.34,4.5943,1.5919,2.6911,0.43,25.63,29.18,23.2,86.89,1.17,2.33,0.49,97.54
20260127,15.61,6.2551,5.3146,2.2169,0.59,26.08,29.77,23.33,85.63,1.19,2.18,0.51,97.45
20260128,31.29,5.5402,3.0883,2.6366,0.52,26.04,29.35,23.89,88.31,0.93,1.72,0.42,97.46
20260129,50.71,4.6973,1.2398,3.0216,0.44,25.6,27.32,24.05,88.76,1.1,1.87,0.52,97.48
20260130,42.94,6.0043,4.7026,2.2985,0.57,25.54,28.19,23.81,90.53,1.09,2.21,0.53,97.44
20260131,27.96,5.7739,4.0987,2.3438,0.54,25.57,29.06,23.03,88.51,1.18,2.22,0.45,97.27
